Set,Bonafide Or Spoof,Language,Singer,Title,Model,Url
Training,bonafide,Mandarin,Bella_Yao,Bella_Yao_mock_track_001,N/A,https://example.invalid/mock/training/bonafide/001
Training,bonafide,Mandarin,Zhou_Shen,Zhou_Shen_mock_track_002,N/A,https://example.invalid/mock/training/bonafide/002
Training,bonafide,Mandarin,Li_Jian,Li_Jian_mock_track_003,N/A,https://example.invalid/mock/training/bonafide/003
Training,bonafide,Mandarin,Na_Ying,Na_Ying_mock_track_004,N/A,https://example.invalid/mock/training/bonafide/004
Training,bonafide,Mandarin,GEM,GEM_mock_track_005,N/A,https://example.invalid/mock/training/bonafide/005
Training,bonafide,Mandarin,Bella_Yao,Bella_Yao_mock_track_006,N/A,https://example.invalid/mock/training/bonafide/006
Training,bonafide,Mandarin,Zhou_Shen,Zhou_Shen_mock_track_007,N/A,https://example.invalid/mock/training/bonafide/007
Training,bonafide,Mandarin,Li_Jian,Li_Jian_mock_track_008,N/A,https://example.invalid/mock/training/bonafide/008
Training,bonafide,Mandarin,Na_Ying,Na_Ying_mock_track_009,N/A,https://example.invalid/mock/training/bonafide/009
Training,bonafide,Mandarin,GEM,GEM_mock_track_010,N/A,https://example.invalid/mock/training/bonafide/010
Training,bonafide,Mandarin,Bella_Yao,Bella_Yao_mock_track_011,N/A,https://example.invalid/mock/training/bonafide/011
Training,bonafide,Mandarin,Zhou_Shen,Zhou_Shen_mock_track_012,N/A,https://example.invalid/mock/training/bonafide/012
Training,bonafide,Mandarin,Li_Jian,Li_Jian_mock_track_013,N/A,https://example.invalid/mock/training/bonafide/013
Training,bonafide,Mandarin,Na_Ying,Na_Ying_mock_track_014,N/A,https://example.invalid/mock/training/bonafide/014
Training,bonafide,Mandarin,GEM,GEM_mock_track_015,N/A,https://example.invalid/mock/training/bonafide/015
Training,bonafide,Mandarin,Bella_Yao,Bella_Yao_mock_track_016,N/A,https://example.invalid/mock/training/bonafide/016
Training,bonafide,Mandarin,Zhou_Shen,Zhou_Shen_mock_track_017,N/A,https://example.invalid/mock/training/bonafide/017
Training,bonafide,Mandarin,Li_Jian,Li_Jian_mock_track_018,N/A,https://example.invalid/mock/training/bonafide/018
Training,bonafide,Mandarin,Na_Ying,Na_Ying_mock_track_019,N/A,https://example.invalid/mock/training/bonafide/019
Training,bonafide,Mandarin,GEM,GEM_mock_track_020,N/A,https://example.invalid/mock/training/bonafide/020
Training,bonafide,Mandarin,Bella_Yao,Bella_Yao_mock_track_021,N/A,https://example.invalid/mock/training/bonafide/021
Training,bonafide,Mandarin,Zhou_Shen,Zhou_Shen_mock_track_022,N/A,https://example.invalid/mock/training/bonafide/022
Training,bonafide,Mandarin,Li_Jian,Li_Jian_mock_track_023,N/A,https://example.invalid/mock/training/bonafide/023
Training,bonafide,Mandarin,Na_Ying,Na_Ying_mock_track_024,N/A,https://example.invalid/mock/training/bonafide/024
Training,bonafide,Mandarin,GEM,GEM_mock_track_025,N/A,https://example.invalid/mock/training/bonafide/025
Training,bonafide,Mandarin,Bella_Yao,Bella_Yao_mock_track_026,N/A,https://example.invalid/mock/training/bonafide/026
Training,bonafide,Mandarin,Zhou_Shen,Zhou_Shen_mock_track_027,N/A,https://example.invalid/mock/training/bonafide/027
Training,bonafide,Mandarin,Li_Jian,Li_Jian_mock_track_028,N/A,https://example.invalid/mock/training/bonafide/028
Training,bonafide,Mandarin,Na_Ying,Na_Ying_mock_track_029,N/A,https://example.invalid/mock/training/bonafide/029
Training,bonafide,Mandarin,GEM,GEM_mock_track_030,N/A,https://example.invalid/mock/training/bonafide/030
Training,bonafide,Mandarin,Bella_Yao,Bella_Yao_mock_track_031,N/A,https://example.invalid/mock/training/bonafide/031
Training,bonafide,Mandarin,Zhou_Shen,Zhou_Shen_mock_track_032,N/A,https://example.invalid/mock/training/bonafide/032
Training,bonafide,Mandarin,Li_Jian,Li_Jian_mock_track_033,N/A,https://example.invalid/mock/training/bonafide/033
Training,bonafide,Mandarin,Na_Ying,Na_Ying_mock_track_034,N/A,https://example.invalid/mock/training/bonafide/034
Training,bonafide,Mandarin,GEM,GEM_mock_track_035,N/A,https://example.invalid/mock/training/bonafide/035
Training,bonafide,Mandarin,Bella_Yao,Bella_Yao_mock_track_036,N/A,https://example.invalid/mock/training/bonafide/036
Training,bonafide,Mandarin,Zhou_Shen,Zhou_Shen_mock_track_037,N/A,https://example.invalid/mock/training/bonafide/037
Training,bonafide,Mandarin,Li_Jian,Li_Jian_mock_track_038,N/A,https://example.invalid/mock/training/bonafide/038
Training,bonafide,Mandarin,Na_Ying,Na_Ying_mock_track_039,N/A,https://example.invalid/mock/training/bonafide/039
Training,bonafide,Mandarin,GEM,GEM_mock_track_040,N/A,https://example.invalid/mock/training/bonafide/040
Training,bonafide,Mandarin,Bella_Yao,Bella_Yao_mock_track_041,N/A,https://example.invalid/mock/training/bonafide/041
Training,bonafide,Mandarin,Zhou_Shen,Zhou_Shen_mock_track_042,N/A,https://example.invalid/mock/training/bonafide/042
Training,bonafide,Mandarin,Li_Jian,Li_Jian_mock_track_043,N/A,https://example.invalid/mock/training/bonafide/043
Training,bonafide,Mandarin,Na_Ying,Na_Ying_mock_track_044,N/A,https://example.invalid/mock/training/bonafide/044
Training,bonafide,Mandarin,GEM,GEM_mock_track_045,N/A,https://example.invalid/mock/training/bonafide/045
Training,bonafide,Mandarin,Bella_Yao,Bella_Yao_mock_track_046,N/A,https://example.invalid/mock/training/bonafide/046
Training,bonafide,Mandarin,Zhou_Shen,Zhou_Shen_mock_track_047,N/A,https://example.invalid/mock/training/bonafide/047
Training,bonafide,Mandarin,Li_Jian,Li_Jian_mock_track_048,N/A,https://example.invalid/mock/training/bonafide/048
Training,bonafide,Mandarin,Na_Ying,Na_Ying_mock_track_049,N/A,https://example.invalid/mock/training/bonafide/049
Training,bonafide,Mandarin,GEM,GEM_mock_track_050,N/A,https://example.invalid/mock/training/bonafide/050
Training,bonafide,Mandarin,Bella_Yao,Bella_Yao_mock_track_051,N/A,https://example.invalid/mock/training/bonafide/051
Training,bonafide,Mandarin,Zhou_Shen,Zhou_Shen_mock_track_052,N/A,https://example.invalid/mock/training/bonafide/052
Training,bonafide,Mandarin,Li_Jian,Li_Jian_mock_track_053,N/A,https://example.invalid/mock/training/bonafide/053
Training,bonafide,Mandarin,Na_Ying,Na_Ying_mock_track_054,N/A,https://example.invalid/mock/training/bonafide/054
Training,bonafide,Mandarin,GEM,GEM_mock_track_055,N/A,https://example.invalid/mock/training/bonafide/055
Training,bonafide,Mandarin,Bella_Yao,Bella_Yao_mock_track_056,N/A,https://example.invalid/mock/training/bonafide/056
Training,bonafide,Mandarin,Zhou_Shen,Zhou_Shen_mock_track_057,N/A,https://example.invalid/mock/training/bonafide/057
Training,bonafide,Mandarin,Li_Jian,Li_Jian_mock_track_058,N/A,https://example.invalid/mock/training/bonafide/058
Training,bonafide,Mandarin,Na_Ying,Na_Ying_mock_track_059,N/A,https://example.invalid/mock/training/bonafide/059
Training,bonafide,Mandarin,GEM,GEM_mock_track_060,N/A,https://example.invalid/mock/training/bonafide/060
Training,bonafide,Mandarin,Bella_Yao,Bella_Yao_mock_track_061,N/A,https://example.invalid/mock/training/bonafide/061
Training,bonafide,Mandarin,Zhou_Shen,Zhou_Shen_mock_track_062,N/A,https://example.invalid/mock/training/bonafide/062
Training,bonafide,Mandarin,Li_Jian,Li_Jian_mock_track_063,N/A,https://example.invalid/mock/training/bonafide/063
Training,bonafide,Mandarin,Na_Ying,Na_Ying_mock_track_064,N/A,https://example.invalid/mock/training/bonafide/064
Training,bonafide,Mandarin,GEM,GEM_mock_track_065,N/A,https://example.invalid/mock/training/bonafide/065
Training,bonafide,Mandarin,Bella_Yao,Bella_Yao_mock_track_066,N/A,https://example.invalid/mock/training/bonafide/066
Training,bonafide,Mandarin,Zhou_Shen,Zhou_Shen_mock_track_067,N/A,https://example.invalid/mock/training/bonafide/067
Training,bonafide,Mandarin,Li_Jian,Li_Jian_mock_track_068,N/A,https://example.invalid/mock/training/bonafide/068
Training,bonafide,Mandarin,Na_Ying,Na_Ying_mock_track_069,N/A,https://example.invalid/mock/training/bonafide/069
Training,bonafide,Mandarin,GEM,GEM_mock_track_070,N/A,https://example.invalid/mock/training/bonafide/070
Training,bonafide,Mandarin,Bella_Yao,Bella_Yao_mock_track_071,N/A,https://example.invalid/mock/training/bonafide/071
Training,bonafide,Mandarin,Zhou_Shen,Zhou_Shen_mock_track_072,N/A,https://example.invalid/mock/training/bonafide/072
Training,bonafide,Mandarin,Li_Jian,Li_Jian_mock_track_073,N/A,https://example.invalid/mock/training/bonafide/073
Training,bonafide,Mandarin,Na_Ying,Na_Ying_mock_track_074,N/A,https://example.invalid/mock/training/bonafide/074
Training,bonafide,Mandarin,GEM,GEM_mock_track_075,N/A,https://example.invalid/mock/training/bonafide/075
Training,bonafide,Mandarin,Bella_Yao,Bella_Yao_mock_track_076,N/A,https://example.invalid/mock/training/bonafide/076
Training,bonafide,Mandarin,Zhou_Shen,Zhou_Shen_mock_track_077,N/A,https://example.invalid/mock/training/bonafide/077
Training,bonafide,Mandarin,Li_Jian,Li_Jian_mock_track_078,N/A,https://example.invalid/mock/training/bonafide/078
Training,bonafide,Mandarin,Na_Ying,Na_Ying_mock_track_079,N/A,https://example.invalid/mock/training/bonafide/079
Training,bonafide,Mandarin,GEM,GEM_mock_track_080,N/A,https://example.invalid/mock/training/bonafide/080
Training,bonafide,Mandarin,Bella_Yao,Bella_Yao_mock_track_081,N/A,https://example.invalid/mock/training/bonafide/081
Training,bonafide,Mandarin,Zhou_Shen,Zhou_Shen_mock_track_082,N/A,https://example.invalid/mock/training/bonafide/082
Training,bonafide,Mandarin,Li_Jian,Li_Jian_mock_track_083,N/A,https://example.invalid/mock/training/bonafide/083
Training,bonafide,Mandarin,Na_Ying,Na_Ying_mock_track_084,N/A,https://example.invalid/mock/training/bonafide/084
Training,bonafide,Mandarin,GEM,GEM_mock_track_085,N/A,https://example.invalid/mock/training/bonafide/085
Training,bonafide,Mandarin,Bella_Yao,Bella_Yao_mock_track_086,N/A,https://example.invalid/mock/training/bonafide/086
Training,bonafide,Mandarin,Zhou_Shen,Zhou_Shen_mock_track_087,N/A,https://example.invalid/mock/training/bonafide/087
Training,bonafide,Mandarin,Li_Jian,Li_Jian_mock_track_088,N/A,https://example.invalid/mock/training/bonafide/088
Training,bonafide,Mandarin,Na_Ying,Na_Ying_mock_track_089,N/A,https://example.invalid/mock/training/bonafide/089
Training,bonafide,Mandarin,GEM,GEM_mock_track_090,N/A,https://example.invalid/mock/training/bonafide/090
Training,bonafide,Mandarin,Bella_Yao,Bella_Yao_mock_track_091,N/A,https://example.invalid/mock/training/bonafide/091
Training,bonafide,Mandarin,Zhou_Shen,Zhou_Shen_mock_track_092,N/A,https://example.invalid/mock/training/bonafide/092
Training,bonafide,Mandarin,Li_Jian,Li_Jian_mock_track_093,N/A,https://example.invalid/mock/training/bonafide/093
Training,bonafide,Mandarin,Na_Ying,Na_Ying_mock_track_094,N/A,https://example.invalid/mock/training/bonafide/094
Training,bonafide,Mandarin,GEM,GEM_mock_track_095,N/A,https://example.invalid/mock/training/bonafide/095
Training,bonafide,Mandarin,Bella_Yao,Bella_Yao_mock_track_096,N/A,https://example.invalid/mock/training/bonafide/096
Training,bonafide,Mandarin,Zhou_Shen,Zhou_Shen_mock_track_097,N/A,https://example.invalid/mock/training/bonafide/097
Training,bonafide,Mandarin,Li_Jian,Li_Jian_mock_track_098,N/A,https://example.invalid/mock/training/bonafide/098
Training,bonafide,Mandarin,Na_Ying,Na_Ying_mock_track_099,N/A,https://example.invalid/mock/training/bonafide/099
Training,bonafide,Mandarin,GEM,GEM_mock_track_100,N/A,https://example.invalid/mock/training/bonafide/100
Training,bonafide,Mandarin,Bella_Yao,Bella_Yao_mock_track_101,N/A,https://example.invalid/mock/training/bonafide/101
Training,bonafide,Mandarin,Zhou_Shen,Zhou_Shen_mock_track_102,N/A,https://example.invalid/mock/training/bonafide/102
Training,bonafide,Mandarin,Li_Jian,Li_Jian_mock_track_103,N/A,https://example.invalid/mock/training/bonafide/103
Training,bonafide,Mandarin,Na_Ying,Na_Ying_mock_track_104,N/A,https://example.invalid/mock/training/bonafide/104
Training,spoof,English,GEM,GEM_mock_track_001,Sovits4.0,https://example.invalid/mock/training/spoof/001
Training,spoof,English,Bella_Yao,Bella_Yao_mock_track_002,DiffSinger,https://example.invalid/mock/training/spoof/002
Training,spoof,English,Zhou_Shen,Zhou_Shen_mock_track_003,DiffSinger,https://example.invalid/mock/training/spoof/003
Training,spoof,English,Li_Jian,Li_Jian_mock_track_004,RVC,https://example.invalid/mock/training/spoof/004
Training,spoof,English,Na_Ying,Na_Ying_mock_track_005,so-vits-svc,https://example.invalid/mock/training/spoof/005
Training,spoof,English,GEM,GEM_mock_track_006,Sovits4.0,https://example.invalid/mock/training/spoof/006
Training,spoof,English,Bella_Yao,Bella_Yao_mock_track_007,DiffSinger,https://example.invalid/mock/training/spoof/007
Training,spoof,English,Zhou_Shen,Zhou_Shen_mock_track_008,DiffSinger,https://example.invalid/mock/training/spoof/008
Training,spoof,English,Li_Jian,Li_Jian_mock_track_009,RVC,https://example.invalid/mock/training/spoof/009
Training,spoof,English,Na_Ying,Na_Ying_mock_track_010,so-vits-svc,https://example.invalid/mock/training/spoof/010
Training,spoof,English,GEM,GEM_mock_track_011,Sovits4.0,https://example.invalid/mock/training/spoof/011
Training,spoof,English,Bella_Yao,Bella_Yao_mock_track_012,DiffSinger,https://example.invalid/mock/training/spoof/012
Training,spoof,English,Zhou_Shen,Zhou_Shen_mock_track_013,DiffSinger,https://example.invalid/mock/training/spoof/013
Training,spoof,English,Li_Jian,Li_Jian_mock_track_014,RVC,https://example.invalid/mock/training/spoof/014
Training,spoof,English,Na_Ying,Na_Ying_mock_track_015,so-vits-svc,https://example.invalid/mock/training/spoof/015
Training,spoof,English,GEM,GEM_mock_track_016,Sovits4.0,https://example.invalid/mock/training/spoof/016
Training,spoof,English,Bella_Yao,Bella_Yao_mock_track_017,DiffSinger,https://example.invalid/mock/training/spoof/017
Training,spoof,English,Zhou_Shen,Zhou_Shen_mock_track_018,DiffSinger,https://example.invalid/mock/training/spoof/018
Training,spoof,English,Li_Jian,Li_Jian_mock_track_019,RVC,https://example.invalid/mock/training/spoof/019
Training,spoof,English,Na_Ying,Na_Ying_mock_track_020,so-vits-svc,https://example.invalid/mock/training/spoof/020
Training,spoof,English,GEM,GEM_mock_track_021,Sovits4.0,https://example.invalid/mock/training/spoof/021
Training,spoof,English,Bella_Yao,Bella_Yao_mock_track_022,DiffSinger,https://example.invalid/mock/training/spoof/022
Training,spoof,English,Zhou_Shen,Zhou_Shen_mock_track_023,DiffSinger,https://example.invalid/mock/training/spoof/023
Training,spoof,English,Li_Jian,Li_Jian_mock_track_024,RVC,https://example.invalid/mock/training/spoof/024
Training,spoof,English,Na_Ying,Na_Ying_mock_track_025,so-vits-svc,https://example.invalid/mock/training/spoof/025
Training,spoof,English,GEM,GEM_mock_track_026,Sovits4.0,https://example.invalid/mock/training/spoof/026
Training,spoof,English,Bella_Yao,Bella_Yao_mock_track_027,DiffSinger,https://example.invalid/mock/training/spoof/027
Training,spoof,English,Zhou_Shen,Zhou_Shen_mock_track_028,DiffSinger,https://example.invalid/mock/training/spoof/028
Training,spoof,English,Li_Jian,Li_Jian_mock_track_029,RVC,https://example.invalid/mock/training/spoof/029
Training,spoof,English,Na_Ying,Na_Ying_mock_track_030,so-vits-svc,https://example.invalid/mock/training/spoof/030
Training,spoof,English,GEM,GEM_mock_track_031,Sovits4.0,https://example.invalid/mock/training/spoof/031
Training,spoof,English,Bella_Yao,Bella_Yao_mock_track_032,DiffSinger,https://example.invalid/mock/training/spoof/032
Training,spoof,English,Zhou_Shen,Zhou_Shen_mock_track_033,DiffSinger,https://example.invalid/mock/training/spoof/033
Training,spoof,English,Li_Jian,Li_Jian_mock_track_034,RVC,https://example.invalid/mock/training/spoof/034
Training,spoof,English,Na_Ying,Na_Ying_mock_track_035,so-vits-svc,https://example.invalid/mock/training/spoof/035
Training,spoof,English,GEM,GEM_mock_track_036,Sovits4.0,https://example.invalid/mock/training/spoof/036
Training,spoof,English,Bella_Yao,Bella_Yao_mock_track_037,DiffSinger,https://example.invalid/mock/training/spoof/037
Training,spoof,English,Zhou_Shen,Zhou_Shen_mock_track_038,DiffSinger,https://example.invalid/mock/training/spoof/038
Training,spoof,English,Li_Jian,Li_Jian_mock_track_039,RVC,https://example.invalid/mock/training/spoof/039
Training,spoof,English,Na_Ying,Na_Ying_mock_track_040,so-vits-svc,https://example.invalid/mock/training/spoof/040
Training,spoof,English,GEM,GEM_mock_track_041,Sovits4.0,https://example.invalid/mock/training/spoof/041
Training,spoof,English,Bella_Yao,Bella_Yao_mock_track_042,DiffSinger,https://example.invalid/mock/training/spoof/042
Training,spoof,English,Zhou_Shen,Zhou_Shen_mock_track_043,DiffSinger,https://example.invalid/mock/training/spoof/043
Training,spoof,English,Li_Jian,Li_Jian_mock_track_044,RVC,https://example.invalid/mock/training/spoof/044
Training,spoof,English,Na_Ying,Na_Ying_mock_track_045,so-vits-svc,https://example.invalid/mock/training/spoof/045
Training,spoof,English,GEM,GEM_mock_track_046,Sovits4.0,https://example.invalid/mock/training/spoof/046
Training,spoof,English,Bella_Yao,Bella_Yao_mock_track_047,DiffSinger,https://example.invalid/mock/training/spoof/047
Training,spoof,English,Zhou_Shen,Zhou_Shen_mock_track_048,DiffSinger,https://example.invalid/mock/training/spoof/048
Training,spoof,English,Li_Jian,Li_Jian_mock_track_049,RVC,https://example.invalid/mock/training/spoof/049
Training,spoof,English,Na_Ying,Na_Ying_mock_track_050,so-vits-svc,https://example.invalid/mock/training/spoof/050
Training,spoof,English,GEM,GEM_mock_track_051,Sovits4.0,https://example.invalid/mock/training/spoof/051
Training,spoof,English,Bella_Yao,Bella_Yao_mock_track_052,DiffSinger,https://example.invalid/mock/training/spoof/052
Training,spoof,English,Zhou_Shen,Zhou_Shen_mock_track_053,DiffSinger,https://example.invalid/mock/training/spoof/053
Training,spoof,English,Li_Jian,Li_Jian_mock_track_054,RVC,https://example.invalid/mock/training/spoof/054
Training,spoof,English,Na_Ying,Na_Ying_mock_track_055,so-vits-svc,https://example.invalid/mock/training/spoof/055
Training,spoof,English,GEM,GEM_mock_track_056,Sovits4.0,https://example.invalid/mock/training/spoof/056
Training,spoof,English,Bella_Yao,Bella_Yao_mock_track_057,DiffSinger,https://example.invalid/mock/training/spoof/057
Training,spoof,English,Zhou_Shen,Zhou_Shen_mock_track_058,DiffSinger,https://example.invalid/mock/training/spoof/058
Training,spoof,English,Li_Jian,Li_Jian_mock_track_059,RVC,https://example.invalid/mock/training/spoof/059
Training,spoof,English,Na_Ying,Na_Ying_mock_track_060,so-vits-svc,https://example.invalid/mock/training/spoof/060
Training,spoof,English,GEM,GEM_mock_track_061,Sovits4.0,https://example.invalid/mock/training/spoof/061
Training,spoof,English,Bella_Yao,Bella_Yao_mock_track_062,DiffSinger,https://example.invalid/mock/training/spoof/062
Training,spoof,English,Zhou_Shen,Zhou_Shen_mock_track_063,DiffSinger,https://example.invalid/mock/training/spoof/063
Training,spoof,English,Li_Jian,Li_Jian_mock_track_064,RVC,https://example.invalid/mock/training/spoof/064
Training,spoof,English,Na_Ying,Na_Ying_mock_track_065,so-vits-svc,https://example.invalid/mock/training/spoof/065
Training,spoof,English,GEM,GEM_mock_track_066,Sovits4.0,https://example.invalid/mock/training/spoof/066
Training,spoof,English,Bella_Yao,Bella_Yao_mock_track_067,DiffSinger,https://example.invalid/mock/training/spoof/067
Training,spoof,English,Zhou_Shen,Zhou_Shen_mock_track_068,DiffSinger,https://example.invalid/mock/training/spoof/068
Training,spoof,English,Li_Jian,Li_Jian_mock_track_069,RVC,https://example.invalid/mock/training/spoof/069
Training,spoof,English,Na_Ying,Na_Ying_mock_track_070,so-vits-svc,https://example.invalid/mock/training/spoof/070
Training,spoof,English,GEM,GEM_mock_track_071,Sovits4.0,https://example.invalid/mock/training/spoof/071
Training,spoof,English,Bella_Yao,Bella_Yao_mock_track_072,DiffSinger,https://example.invalid/mock/training/spoof/072
Training,spoof,English,Zhou_Shen,Zhou_Shen_mock_track_073,DiffSinger,https://example.invalid/mock/training/spoof/073
Training,spoof,English,Li_Jian,Li_Jian_mock_track_074,RVC,https://example.invalid/mock/training/spoof/074
Training,spoof,English,Na_Ying,Na_Ying_mock_track_075,so-vits-svc,https://example.invalid/mock/training/spoof/075
Training,spoof,English,GEM,GEM_mock_track_076,Sovits4.0,https://example.invalid/mock/training/spoof/076
Training,spoof,English,Bella_Yao,Bella_Yao_mock_track_077,DiffSinger,https://example.invalid/mock/training/spoof/077
Training,spoof,English,Zhou_Shen,Zhou_Shen_mock_track_078,DiffSinger,https://example.invalid/mock/training/spoof/078
Training,spoof,English,Li_Jian,Li_Jian_mock_track_079,RVC,https://example.invalid/mock/training/spoof/079
Training,spoof,English,Na_Ying,Na_Ying_mock_track_080,so-vits-svc,https://example.invalid/mock/training/spoof/080
Training,spoof,English,GEM,GEM_mock_track_081,Sovits4.0,https://example.invalid/mock/training/spoof/081
Training,spoof,English,Bella_Yao,Bella_Yao_mock_track_082,DiffSinger,https://example.invalid/mock/training/spoof/082
Training,spoof,English,Zhou_Shen,Zhou_Shen_mock_track_083,DiffSinger,https://example.invalid/mock/training/spoof/083
Training,spoof,English,Li_Jian,Li_Jian_mock_track_084,RVC,https://example.invalid/mock/training/spoof/084
Training,spoof,English,Na_Ying,Na_Ying_mock_track_085,so-vits-svc,https://example.invalid/mock/training/spoof/085
Training,spoof,English,GEM,GEM_mock_track_086,Sovits4.0,https://example.invalid/mock/training/spoof/086
Training,spoof,English,Bella_Yao,Bella_Yao_mock_track_087,DiffSinger,https://example.invalid/mock/training/spoof/087
Training,spoof,English,Zhou_Shen,Zhou_Shen_mock_track_088,DiffSinger,https://example.invalid/mock/training/spoof/088
Training,spoof,English,Li_Jian,Li_Jian_mock_track_089,RVC,https://example.invalid/mock/training/spoof/089
Training,spoof,English,Na_Ying,Na_Ying_mock_track_090,so-vits-svc,https://example.invalid/mock/training/spoof/090
Training,spoof,English,GEM,GEM_mock_track_091,Sovits4.0,https://example.invalid/mock/training/spoof/091
Training,spoof,English,Bella_Yao,Bella_Yao_mock_track_092,DiffSinger,https://example.invalid/mock/training/spoof/092
Training,spoof,English,Zhou_Shen,Zhou_Shen_mock_track_093,DiffSinger,https://example.invalid/mock/training/spoof/093
Training,spoof,English,Li_Jian,Li_Jian_mock_track_094,RVC,https://example.invalid/mock/training/spoof/094
Training,spoof,English,Na_Ying,Na_Ying_mock_track_095,so-vits-svc,https://example.invalid/mock/training/spoof/095
Training,spoof,English,GEM,GEM_mock_track_096,Sovits4.0,https://example.invalid/mock/training/spoof/096
Training,spoof,English,Bella_Yao,Bella_Yao_mock_track_097,DiffSinger,https://example.invalid/mock/training/spoof/097
Training,spoof,English,Zhou_Shen,Zhou_Shen_mock_track_098,DiffSinger,https://example.invalid/mock/training/spoof/098
Training,spoof,English,Li_Jian,Li_Jian_mock_track_099,RVC,https://example.invalid/mock/training/spoof/099
Training,spoof,English,Na_Ying,Na_Ying_mock_track_100,so-vits-svc,https://example.invalid/mock/training/spoof/100
Training,spoof,English,GEM,GEM_mock_track_101,Sovits4.0,https://example.invalid/mock/training/spoof/101
Training,spoof,English,Bella_Yao,Bella_Yao_mock_track_102,DiffSinger,https://example.invalid/mock/training/spoof/102
Training,spoof,English,Zhou_Shen,Zhou_Shen_mock_track_103,DiffSinger,https://example.invalid/mock/training/spoof/103
Training,spoof,English,Li_Jian,Li_Jian_mock_track_104,RVC,https://example.invalid/mock/training/spoof/104
Training,spoof,English,Na_Ying,Na_Ying_mock_track_105,so-vits-svc,https://example.invalid/mock/training/spoof/105
Training,spoof,English,GEM,GEM_mock_track_106,Sovits4.0,https://example.invalid/mock/training/spoof/106
Training,spoof,English,Bella_Yao,Bella_Yao_mock_track_107,DiffSinger,https://example.invalid/mock/training/spoof/107
Training,spoof,English,Zhou_Shen,Zhou_Shen_mock_track_108,DiffSinger,https://example.invalid/mock/training/spoof/108
Training,spoof,English,Li_Jian,Li_Jian_mock_track_109,RVC,https://example.invalid/mock/training/spoof/109
Training,spoof,English,Na_Ying,Na_Ying_mock_track_110,so-vits-svc,https://example.invalid/mock/training/spoof/110
Training,spoof,English,GEM,GEM_mock_track_111,Sovits4.0,https://example.invalid/mock/training/spoof/111
Training,spoof,English,Bella_Yao,Bella_Yao_mock_track_112,DiffSinger,https://example.invalid/mock/training/spoof/112
Validation,bonafide,Mandarin,Zhou_Shen,Zhou_Shen_mock_track_001,N/A,https://example.invalid/mock/validation/bonafide/001
Validation,bonafide,Mandarin,Li_Jian,Li_Jian_mock_track_002,N/A,https://example.invalid/mock/validation/bonafide/002
Validation,bonafide,Mandarin,Na_Ying,Na_Ying_mock_track_003,N/A,https://example.invalid/mock/validation/bonafide/003
Validation,bonafide,Mandarin,GEM,GEM_mock_track_004,N/A,https://example.invalid/mock/validation/bonafide/004
Validation,bonafide,Mandarin,Bella_Yao,Bella_Yao_mock_track_005,N/A,https://example.invalid/mock/validation/bonafide/005
Validation,bonafide,Mandarin,Zhou_Shen,Zhou_Shen_mock_track_006,N/A,https://example.invalid/mock/validation/bonafide/006
Validation,bonafide,Mandarin,Li_Jian,Li_Jian_mock_track_007,N/A,https://example.invalid/mock/validation/bonafide/007
Validation,bonafide,Mandarin,Na_Ying,Na_Ying_mock_track_008,N/A,https://example.invalid/mock/validation/bonafide/008
Validation,bonafide,Mandarin,GEM,GEM_mock_track_009,N/A,https://example.invalid/mock/validation/bonafide/009
Validation,bonafide,Mandarin,Bella_Yao,Bella_Yao_mock_track_010,N/A,https://example.invalid/mock/validation/bonafide/010
Validation,bonafide,Mandarin,Zhou_Shen,Zhou_Shen_mock_track_011,N/A,https://example.invalid/mock/validation/bonafide/011
Validation,bonafide,Mandarin,Li_Jian,Li_Jian_mock_track_012,N/A,https://example.invalid/mock/validation/bonafide/012
Validation,bonafide,Mandarin,Na_Ying,Na_Ying_mock_track_013,N/A,https://example.invalid/mock/validation/bonafide/013
Validation,bonafide,Mandarin,GEM,GEM_mock_track_014,N/A,https://example.invalid/mock/validation/bonafide/014
Validation,bonafide,Mandarin,Bella_Yao,Bella_Yao_mock_track_015,N/A,https://example.invalid/mock/validation/bonafide/015
Validation,bonafide,Mandarin,Zhou_Shen,Zhou_Shen_mock_track_016,N/A,https://example.invalid/mock/validation/bonafide/016
Validation,bonafide,Mandarin,Li_Jian,Li_Jian_mock_track_017,N/A,https://example.invalid/mock/validation/bonafide/017
Validation,bonafide,Mandarin,Na_Ying,Na_Ying_mock_track_018,N/A,https://example.invalid/mock/validation/bonafide/018
Validation,bonafide,Mandarin,GEM,GEM_mock_track_019,N/A,https://example.invalid/mock/validation/bonafide/019
Validation,bonafide,Mandarin,Bella_Yao,Bella_Yao_mock_track_020,N/A,https://example.invalid/mock/validation/bonafide/020
Validation,bonafide,Mandarin,Zhou_Shen,Zhou_Shen_mock_track_021,N/A,https://example.invalid/mock/validation/bonafide/021
Validation,bonafide,Mandarin,Li_Jian,Li_Jian_mock_track_022,N/A,https://example.invalid/mock/validation/bonafide/022
Validation,bonafide,Mandarin,Na_Ying,Na_Ying_mock_track_023,N/A,https://example.invalid/mock/validation/bonafide/023
Validation,bonafide,Mandarin,GEM,GEM_mock_track_024,N/A,https://example.invalid/mock/validation/bonafide/024
Validation,bonafide,Mandarin,Bella_Yao,Bella_Yao_mock_track_025,N/A,https://example.invalid/mock/validation/bonafide/025
Validation,spoof,Mandarin,Zhou_Shen,Zhou_Shen_mock_track_001,Sovits4.0,https://example.invalid/mock/validation/spoof/001
Validation,spoof,Mandarin,Li_Jian,Li_Jian_mock_track_002,DiffSinger,https://example.invalid/mock/validation/spoof/002
Validation,spoof,Mandarin,Na_Ying,Na_Ying_mock_track_003,DiffSinger,https://example.invalid/mock/validation/spoof/003
Validation,spoof,Mandarin,GEM,GEM_mock_track_004,RVC,https://example.invalid/mock/validation/spoof/004
Validation,spoof,Mandarin,Bella_Yao,Bella_Yao_mock_track_005,so-vits-svc,https://example.invalid/mock/validation/spoof/005
Validation,spoof,Mandarin,Zhou_Shen,Zhou_Shen_mock_track_006,Sovits4.0,https://example.invalid/mock/validation/spoof/006
Validation,spoof,Mandarin,Li_Jian,Li_Jian_mock_track_007,DiffSinger,https://example.invalid/mock/validation/spoof/007
Validation,spoof,Mandarin,Na_Ying,Na_Ying_mock_track_008,DiffSinger,https://example.invalid/mock/validation/spoof/008
Validation,spoof,Mandarin,GEM,GEM_mock_track_009,RVC,https://example.invalid/mock/validation/spoof/009
Validation,spoof,Mandarin,Bella_Yao,Bella_Yao_mock_track_010,so-vits-svc,https://example.invalid/mock/validation/spoof/010
Validation,spoof,Mandarin,Zhou_Shen,Zhou_Shen_mock_track_011,Sovits4.0,https://example.invalid/mock/validation/spoof/011
Validation,spoof,Mandarin,Li_Jian,Li_Jian_mock_track_012,DiffSinger,https://example.invalid/mock/validation/spoof/012
Validation,spoof,Mandarin,Na_Ying,Na_Ying_mock_track_013,DiffSinger,https://example.invalid/mock/validation/spoof/013
Validation,spoof,Mandarin,GEM,GEM_mock_track_014,RVC,https://example.invalid/mock/validation/spoof/014
Validation,spoof,Mandarin,Bella_Yao,Bella_Yao_mock_track_015,so-vits-svc,https://example.invalid/mock/validation/spoof/015
Validation,spoof,Mandarin,Zhou_Shen,Zhou_Shen_mock_track_016,Sovits4.0,https://example.invalid/mock/validation/spoof/016
Validation,spoof,Mandarin,Li_Jian,Li_Jian_mock_track_017,DiffSinger,https://example.invalid/mock/validation/spoof/017
Validation,spoof,Mandarin,Na_Ying,Na_Ying_mock_track_018,DiffSinger,https://example.invalid/mock/validation/spoof/018
Validation,spoof,Mandarin,GEM,GEM_mock_track_019,RVC,https://example.invalid/mock/validation/spoof/019
Validation,spoof,Mandarin,Bella_Yao,Bella_Yao_mock_track_020,so-vits-svc,https://example.invalid/mock/validation/spoof/020
T01,bonafide,Mandarin,Zhou_Shen,Zhou_Shen_mock_track_001,N/A,https://example.invalid/mock/t01/bonafide/001
T01,bonafide,Mandarin,Li_Jian,Li_Jian_mock_track_002,N/A,https://example.invalid/mock/t01/bonafide/002
T01,bonafide,Mandarin,Na_Ying,Na_Ying_mock_track_003,N/A,https://example.invalid/mock/t01/bonafide/003
T01,bonafide,Mandarin,GEM,GEM_mock_track_004,N/A,https://example.invalid/mock/t01/bonafide/004
T01,bonafide,Mandarin,Bella_Yao,Bella_Yao_mock_track_005,N/A,https://example.invalid/mock/t01/bonafide/005
T01,bonafide,Mandarin,Zhou_Shen,Zhou_Shen_mock_track_006,N/A,https://example.invalid/mock/t01/bonafide/006
T01,bonafide,Mandarin,Li_Jian,Li_Jian_mock_track_007,N/A,https://example.invalid/mock/t01/bonafide/007
T01,bonafide,Mandarin,Na_Ying,Na_Ying_mock_track_008,N/A,https://example.invalid/mock/t01/bonafide/008
T01,bonafide,Mandarin,GEM,GEM_mock_track_009,N/A,https://example.invalid/mock/t01/bonafide/009
T01,bonafide,Mandarin,Bella_Yao,Bella_Yao_mock_track_010,N/A,https://example.invalid/mock/t01/bonafide/010
T01,bonafide,Mandarin,Zhou_Shen,Zhou_Shen_mock_track_011,N/A,https://example.invalid/mock/t01/bonafide/011
T01,bonafide,Mandarin,Li_Jian,Li_Jian_mock_track_012,N/A,https://example.invalid/mock/t01/bonafide/012
T01,bonafide,Mandarin,Na_Ying,Na_Ying_mock_track_013,N/A,https://example.invalid/mock/t01/bonafide/013
T01,bonafide,Mandarin,GEM,GEM_mock_track_014,N/A,https://example.invalid/mock/t01/bonafide/014
T01,bonafide,Mandarin,Bella_Yao,Bella_Yao_mock_track_015,N/A,https://example.invalid/mock/t01/bonafide/015
T01,bonafide,Mandarin,Zhou_Shen,Zhou_Shen_mock_track_016,N/A,https://example.invalid/mock/t01/bonafide/016
T01,bonafide,Mandarin,Li_Jian,Li_Jian_mock_track_017,N/A,https://example.invalid/mock/t01/bonafide/017
T01,bonafide,Mandarin,Na_Ying,Na_Ying_mock_track_018,N/A,https://example.invalid/mock/t01/bonafide/018
T01,bonafide,Mandarin,GEM,GEM_mock_track_019,N/A,https://example.invalid/mock/t01/bonafide/019
T01,bonafide,Mandarin,Bella_Yao,Bella_Yao_mock_track_020,N/A,https://example.invalid/mock/t01/bonafide/020
T01,bonafide,Mandarin,Zhou_Shen,Zhou_Shen_mock_track_021,N/A,https://example.invalid/mock/t01/bonafide/021
T01,bonafide,Mandarin,Li_Jian,Li_Jian_mock_track_022,N/A,https://example.invalid/mock/t01/bonafide/022
T01,bonafide,Mandarin,Na_Ying,Na_Ying_mock_track_023,N/A,https://example.invalid/mock/t01/bonafide/023
T01,bonafide,Mandarin,GEM,GEM_mock_track_024,N/A,https://example.invalid/mock/t01/bonafide/024
T01,bonafide,Mandarin,Bella_Yao,Bella_Yao_mock_track_025,N/A,https://example.invalid/mock/t01/bonafide/025
T01,bonafide,Mandarin,Zhou_Shen,Zhou_Shen_mock_track_026,N/A,https://example.invalid/mock/t01/bonafide/026
T01,bonafide,Mandarin,Li_Jian,Li_Jian_mock_track_027,N/A,https://example.invalid/mock/t01/bonafide/027
T01,bonafide,Mandarin,Na_Ying,Na_Ying_mock_track_028,N/A,https://example.invalid/mock/t01/bonafide/028
T01,bonafide,Mandarin,GEM,GEM_mock_track_029,N/A,https://example.invalid/mock/t01/bonafide/029
T01,bonafide,Mandarin,Bella_Yao,Bella_Yao_mock_track_030,N/A,https://example.invalid/mock/t01/bonafide/030
T01,bonafide,Mandarin,Zhou_Shen,Zhou_Shen_mock_track_031,N/A,https://example.invalid/mock/t01/bonafide/031
T01,bonafide,Mandarin,Li_Jian,Li_Jian_mock_track_032,N/A,https://example.invalid/mock/t01/bonafide/032
T01,bonafide,Mandarin,Na_Ying,Na_Ying_mock_track_033,N/A,https://example.invalid/mock/t01/bonafide/033
T01,bonafide,Mandarin,GEM,GEM_mock_track_034,N/A,https://example.invalid/mock/t01/bonafide/034
T01,bonafide,Mandarin,Bella_Yao,Bella_Yao_mock_track_035,N/A,https://example.invalid/mock/t01/bonafide/035
T01,bonafide,Mandarin,Zhou_Shen,Zhou_Shen_mock_track_036,N/A,https://example.invalid/mock/t01/bonafide/036
T01,bonafide,Mandarin,Li_Jian,Li_Jian_mock_track_037,N/A,https://example.invalid/mock/t01/bonafide/037
T01,bonafide,Mandarin,Na_Ying,Na_Ying_mock_track_038,N/A,https://example.invalid/mock/t01/bonafide/038
T01,bonafide,Mandarin,GEM,GEM_mock_track_039,N/A,https://example.invalid/mock/t01/bonafide/039
T01,bonafide,Mandarin,Bella_Yao,Bella_Yao_mock_track_040,N/A,https://example.invalid/mock/t01/bonafide/040
T01,bonafide,Mandarin,Zhou_Shen,Zhou_Shen_mock_track_041,N/A,https://example.invalid/mock/t01/bonafide/041
T01,bonafide,Mandarin,Li_Jian,Li_Jian_mock_track_042,N/A,https://example.invalid/mock/t01/bonafide/042
T01,bonafide,Mandarin,Na_Ying,Na_Ying_mock_track_043,N/A,https://example.invalid/mock/t01/bonafide/043
T01,bonafide,Mandarin,GEM,GEM_mock_track_044,N/A,https://example.invalid/mock/t01/bonafide/044
T01,bonafide,Mandarin,Bella_Yao,Bella_Yao_mock_track_045,N/A,https://example.invalid/mock/t01/bonafide/045
T01,bonafide,Mandarin,Zhou_Shen,Zhou_Shen_mock_track_046,N/A,https://example.invalid/mock/t01/bonafide/046
T01,bonafide,Mandarin,Li_Jian,Li_Jian_mock_track_047,N/A,https://example.invalid/mock/t01/bonafide/047
T01,bonafide,Mandarin,Na_Ying,Na_Ying_mock_track_048,N/A,https://example.invalid/mock/t01/bonafide/048
T01,bonafide,Mandarin,GEM,GEM_mock_track_049,N/A,https://example.invalid/mock/t01/bonafide/049
T01,bonafide,Mandarin,Bella_Yao,Bella_Yao_mock_track_050,N/A,https://example.invalid/mock/t01/bonafide/050
T01,bonafide,Mandarin,Zhou_Shen,Zhou_Shen_mock_track_051,N/A,https://example.invalid/mock/t01/bonafide/051
T01,bonafide,Mandarin,Li_Jian,Li_Jian_mock_track_052,N/A,https://example.invalid/mock/t01/bonafide/052
T01,bonafide,Mandarin,Na_Ying,Na_Ying_mock_track_053,N/A,https://example.invalid/mock/t01/bonafide/053
T01,bonafide,Mandarin,GEM,GEM_mock_track_054,N/A,https://example.invalid/mock/t01/bonafide/054
T01,bonafide,Mandarin,Bella_Yao,Bella_Yao_mock_track_055,N/A,https://example.invalid/mock/t01/bonafide/055
T01,bonafide,Mandarin,Zhou_Shen,Zhou_Shen_mock_track_056,N/A,https://example.invalid/mock/t01/bonafide/056
T01,bonafide,Mandarin,Li_Jian,Li_Jian_mock_track_057,N/A,https://example.invalid/mock/t01/bonafide/057
T01,bonafide,Mandarin,Na_Ying,Na_Ying_mock_track_058,N/A,https://example.invalid/mock/t01/bonafide/058
T01,bonafide,Mandarin,GEM,GEM_mock_track_059,N/A,https://example.invalid/mock/t01/bonafide/059
T01,bonafide,Mandarin,Bella_Yao,Bella_Yao_mock_track_060,N/A,https://example.invalid/mock/t01/bonafide/060
T01,bonafide,Mandarin,Zhou_Shen,Zhou_Shen_mock_track_061,N/A,https://example.invalid/mock/t01/bonafide/061
T01,bonafide,Mandarin,Li_Jian,Li_Jian_mock_track_062,N/A,https://example.invalid/mock/t01/bonafide/062
T01,bonafide,Mandarin,Na_Ying,Na_Ying_mock_track_063,N/A,https://example.invalid/mock/t01/bonafide/063
T01,bonafide,Mandarin,GEM,GEM_mock_track_064,N/A,https://example.invalid/mock/t01/bonafide/064
T01,bonafide,Mandarin,Bella_Yao,Bella_Yao_mock_track_065,N/A,https://example.invalid/mock/t01/bonafide/065
T01,bonafide,Mandarin,Zhou_Shen,Zhou_Shen_mock_track_066,N/A,https://example.invalid/mock/t01/bonafide/066
T01,bonafide,Mandarin,Li_Jian,Li_Jian_mock_track_067,N/A,https://example.invalid/mock/t01/bonafide/067
T01,bonafide,Mandarin,Na_Ying,Na_Ying_mock_track_068,N/A,https://example.invalid/mock/t01/bonafide/068
T01,bonafide,Mandarin,GEM,GEM_mock_track_069,N/A,https://example.invalid/mock/t01/bonafide/069
T01,bonafide,Mandarin,Bella_Yao,Bella_Yao_mock_track_070,N/A,https://example.invalid/mock/t01/bonafide/070
T01,bonafide,Mandarin,Zhou_Shen,Zhou_Shen_mock_track_071,N/A,https://example.invalid/mock/t01/bonafide/071
T01,bonafide,Mandarin,Li_Jian,Li_Jian_mock_track_072,N/A,https://example.invalid/mock/t01/bonafide/072
T01,bonafide,Mandarin,Na_Ying,Na_Ying_mock_track_073,N/A,https://example.invalid/mock/t01/bonafide/073
T01,bonafide,Mandarin,GEM,GEM_mock_track_074,N/A,https://example.invalid/mock/t01/bonafide/074
T01,bonafide,Mandarin,Bella_Yao,Bella_Yao_mock_track_075,N/A,https://example.invalid/mock/t01/bonafide/075
T01,bonafide,Mandarin,Zhou_Shen,Zhou_Shen_mock_track_076,N/A,https://example.invalid/mock/t01/bonafide/076
T01,bonafide,Mandarin,Li_Jian,Li_Jian_mock_track_077,N/A,https://example.invalid/mock/t01/bonafide/077
T01,bonafide,Mandarin,Na_Ying,Na_Ying_mock_track_078,N/A,https://example.invalid/mock/t01/bonafide/078
T01,bonafide,Mandarin,GEM,GEM_mock_track_079,N/A,https://example.invalid/mock/t01/bonafide/079
T01,bonafide,Mandarin,Bella_Yao,Bella_Yao_mock_track_080,N/A,https://example.invalid/mock/t01/bonafide/080
T01,bonafide,Mandarin,Zhou_Shen,Zhou_Shen_mock_track_081,N/A,https://example.invalid/mock/t01/bonafide/081
T01,bonafide,Mandarin,Li_Jian,Li_Jian_mock_track_082,N/A,https://example.invalid/mock/t01/bonafide/082
T01,bonafide,Mandarin,Na_Ying,Na_Ying_mock_track_083,N/A,https://example.invalid/mock/t01/bonafide/083
T01,bonafide,Mandarin,GEM,GEM_mock_track_084,N/A,https://example.invalid/mock/t01/bonafide/084
T01,bonafide,Mandarin,Bella_Yao,Bella_Yao_mock_track_085,N/A,https://example.invalid/mock/t01/bonafide/085
T01,bonafide,Mandarin,Zhou_Shen,Zhou_Shen_mock_track_086,N/A,https://example.invalid/mock/t01/bonafide/086
T01,bonafide,Mandarin,Li_Jian,Li_Jian_mock_track_087,N/A,https://example.invalid/mock/t01/bonafide/087
T01,bonafide,Mandarin,Na_Ying,Na_Ying_mock_track_088,N/A,https://example.invalid/mock/t01/bonafide/088
T01,bonafide,Mandarin,GEM,GEM_mock_track_089,N/A,https://example.invalid/mock/t01/bonafide/089
T01,bonafide,Mandarin,Bella_Yao,Bella_Yao_mock_track_090,N/A,https://example.invalid/mock/t01/bonafide/090
T01,bonafide,Mandarin,Zhou_Shen,Zhou_Shen_mock_track_091,N/A,https://example.invalid/mock/t01/bonafide/091
T01,bonafide,Mandarin,Li_Jian,Li_Jian_mock_track_092,N/A,https://example.invalid/mock/t01/bonafide/092
T01,bonafide,Mandarin,Na_Ying,Na_Ying_mock_track_093,N/A,https://example.invalid/mock/t01/bonafide/093
T01,bonafide,Mandarin,GEM,GEM_mock_track_094,N/A,https://example.invalid/mock/t01/bonafide/094
T01,bonafide,Mandarin,Bella_Yao,Bella_Yao_mock_track_095,N/A,https://example.invalid/mock/t01/bonafide/095
T01,bonafide,Mandarin,Zhou_Shen,Zhou_Shen_mock_track_096,N/A,https://example.invalid/mock/t01/bonafide/096
T01,bonafide,Mandarin,Li_Jian,Li_Jian_mock_track_097,N/A,https://example.invalid/mock/t01/bonafide/097
T01,bonafide,Mandarin,Na_Ying,Na_Ying_mock_track_098,N/A,https://example.invalid/mock/t01/bonafide/098
T01,bonafide,Mandarin,GEM,GEM_mock_track_099,N/A,https://example.invalid/mock/t01/bonafide/099
T01,bonafide,Mandarin,Bella_Yao,Bella_Yao_mock_track_100,N/A,https://example.invalid/mock/t01/bonafide/100
T01,bonafide,Mandarin,Zhou_Shen,Zhou_Shen_mock_track_101,N/A,https://example.invalid/mock/t01/bonafide/101
T01,bonafide,Mandarin,Li_Jian,Li_Jian_mock_track_102,N/A,https://example.invalid/mock/t01/bonafide/102
T01,bonafide,Mandarin,Na_Ying,Na_Ying_mock_track_103,N/A,https://example.invalid/mock/t01/bonafide/103
T01,bonafide,Mandarin,GEM,GEM_mock_track_104,N/A,https://example.invalid/mock/t01/bonafide/104
T01,bonafide,Mandarin,Bella_Yao,Bella_Yao_mock_track_105,N/A,https://example.invalid/mock/t01/bonafide/105
T01,bonafide,Mandarin,Zhou_Shen,Zhou_Shen_mock_track_106,N/A,https://example.invalid/mock/t01/bonafide/106
T01,bonafide,Mandarin,Li_Jian,Li_Jian_mock_track_107,N/A,https://example.invalid/mock/t01/bonafide/107
T01,bonafide,Mandarin,Na_Ying,Na_Ying_mock_track_108,N/A,https://example.invalid/mock/t01/bonafide/108
T01,bonafide,Mandarin,GEM,GEM_mock_track_109,N/A,https://example.invalid/mock/t01/bonafide/109
T01,bonafide,Mandarin,Bella_Yao,Bella_Yao_mock_track_110,N/A,https://example.invalid/mock/t01/bonafide/110
T01,bonafide,Mandarin,Zhou_Shen,Zhou_Shen_mock_track_111,N/A,https://example.invalid/mock/t01/bonafide/111
T01,bonafide,Mandarin,Li_Jian,Li_Jian_mock_track_112,N/A,https://example.invalid/mock/t01/bonafide/112
T01,bonafide,Mandarin,Na_Ying,Na_Ying_mock_track_113,N/A,https://example.invalid/mock/t01/bonafide/113
T01,bonafide,Mandarin,GEM,GEM_mock_track_114,N/A,https://example.invalid/mock/t01/bonafide/114
T01,bonafide,Mandarin,Bella_Yao,Bella_Yao_mock_track_115,N/A,https://example.invalid/mock/t01/bonafide/115
T01,bonafide,Mandarin,Zhou_Shen,Zhou_Shen_mock_track_116,N/A,https://example.invalid/mock/t01/bonafide/116
T01,bonafide,Mandarin,Li_Jian,Li_Jian_mock_track_117,N/A,https://example.invalid/mock/t01/bonafide/117
T01,bonafide,Mandarin,Na_Ying,Na_Ying_mock_track_118,N/A,https://example.invalid/mock/t01/bonafide/118
T01,bonafide,Mandarin,GEM,GEM_mock_track_119,N/A,https://example.invalid/mock/t01/bonafide/119
T01,bonafide,Mandarin,Bella_Yao,Bella_Yao_mock_track_120,N/A,https://example.invalid/mock/t01/bonafide/120
T01,bonafide,Mandarin,Zhou_Shen,Zhou_Shen_mock_track_121,N/A,https://example.invalid/mock/t01/bonafide/121
T01,bonafide,Mandarin,Li_Jian,Li_Jian_mock_track_122,N/A,https://example.invalid/mock/t01/bonafide/122
T01,bonafide,Mandarin,Na_Ying,Na_Ying_mock_track_123,N/A,https://example.invalid/mock/t01/bonafide/123
T01,bonafide,Mandarin,GEM,GEM_mock_track_124,N/A,https://example.invalid/mock/t01/bonafide/124
T01,bonafide,Mandarin,Bella_Yao,Bella_Yao_mock_track_125,N/A,https://example.invalid/mock/t01/bonafide/125
T01,bonafide,Mandarin,Zhou_Shen,Zhou_Shen_mock_track_126,N/A,https://example.invalid/mock/t01/bonafide/126
T01,bonafide,Mandarin,Li_Jian,Li_Jian_mock_track_127,N/A,https://example.invalid/mock/t01/bonafide/127
T01,bonafide,Mandarin,Na_Ying,Na_Ying_mock_track_128,N/A,https://example.invalid/mock/t01/bonafide/128
T01,bonafide,Mandarin,GEM,GEM_mock_track_129,N/A,https://example.invalid/mock/t01/bonafide/129
T01,bonafide,Mandarin,Bella_Yao,Bella_Yao_mock_track_130,N/A,https://example.invalid/mock/t01/bonafide/130
T01,bonafide,Mandarin,Zhou_Shen,Zhou_Shen_mock_track_131,N/A,https://example.invalid/mock/t01/bonafide/131
T01,bonafide,Mandarin,Li_Jian,Li_Jian_mock_track_132,N/A,https://example.invalid/mock/t01/bonafide/132
T01,bonafide,Mandarin,Na_Ying,Na_Ying_mock_track_133,N/A,https://example.invalid/mock/t01/bonafide/133
T01,bonafide,Mandarin,GEM,GEM_mock_track_134,N/A,https://example.invalid/mock/t01/bonafide/134
T01,bonafide,Mandarin,Bella_Yao,Bella_Yao_mock_track_135,N/A,https://example.invalid/mock/t01/bonafide/135
T01,bonafide,Mandarin,Zhou_Shen,Zhou_Shen_mock_track_136,N/A,https://example.invalid/mock/t01/bonafide/136
T01,bonafide,Mandarin,Li_Jian,Li_Jian_mock_track_137,N/A,https://example.invalid/mock/t01/bonafide/137
T01,bonafide,Mandarin,Na_Ying,Na_Ying_mock_track_138,N/A,https://example.invalid/mock/t01/bonafide/138
T01,bonafide,Mandarin,GEM,GEM_mock_track_139,N/A,https://example.invalid/mock/t01/bonafide/139
T01,bonafide,Mandarin,Bella_Yao,Bella_Yao_mock_track_140,N/A,https://example.invalid/mock/t01/bonafide/140
T01,bonafide,Mandarin,Zhou_Shen,Zhou_Shen_mock_track_141,N/A,https://example.invalid/mock/t01/bonafide/141
T01,bonafide,Mandarin,Li_Jian,Li_Jian_mock_track_142,N/A,https://example.invalid/mock/t01/bonafide/142
T01,bonafide,Mandarin,Na_Ying,Na_Ying_mock_track_143,N/A,https://example.invalid/mock/t01/bonafide/143
T01,bonafide,Mandarin,GEM,GEM_mock_track_144,N/A,https://example.invalid/mock/t01/bonafide/144
T01,bonafide,Mandarin,Bella_Yao,Bella_Yao_mock_track_145,N/A,https://example.invalid/mock/t01/bonafide/145
T01,bonafide,Mandarin,Zhou_Shen,Zhou_Shen_mock_track_146,N/A,https://example.invalid/mock/t01/bonafide/146
T01,bonafide,Mandarin,Li_Jian,Li_Jian_mock_track_147,N/A,https://example.invalid/mock/t01/bonafide/147
T01,bonafide,Mandarin,Na_Ying,Na_Ying_mock_track_148,N/A,https://example.invalid/mock/t01/bonafide/148
T01,bonafide,Mandarin,GEM,GEM_mock_track_149,N/A,https://example.invalid/mock/t01/bonafide/149
T01,bonafide,Mandarin,Bella_Yao,Bella_Yao_mock_track_150,N/A,https://example.invalid/mock/t01/bonafide/150
T01,spoof,Cantonese,Zhou_Shen,Zhou_Shen_mock_track_001,Sovits4.0,https://example.invalid/mock/t01/spoof/001
T01,spoof,Cantonese,Li_Jian,Li_Jian_mock_track_002,DiffSinger,https://example.invalid/mock/t01/spoof/002
T01,spoof,Cantonese,Na_Ying,Na_Ying_mock_track_003,DiffSinger,https://example.invalid/mock/t01/spoof/003
T01,spoof,Cantonese,GEM,GEM_mock_track_004,RVC,https://example.invalid/mock/t01/spoof/004
T01,spoof,Cantonese,Bella_Yao,Bella_Yao_mock_track_005,so-vits-svc,https://example.invalid/mock/t01/spoof/005
T01,spoof,Cantonese,Zhou_Shen,Zhou_Shen_mock_track_006,Sovits4.0,https://example.invalid/mock/t01/spoof/006
T01,spoof,Cantonese,Li_Jian,Li_Jian_mock_track_007,DiffSinger,https://example.invalid/mock/t01/spoof/007
T01,spoof,Cantonese,Na_Ying,Na_Ying_mock_track_008,DiffSinger,https://example.invalid/mock/t01/spoof/008
T01,spoof,Cantonese,GEM,GEM_mock_track_009,RVC,https://example.invalid/mock/t01/spoof/009
T01,spoof,Cantonese,Bella_Yao,Bella_Yao_mock_track_010,so-vits-svc,https://example.invalid/mock/t01/spoof/010
T01,spoof,Cantonese,Zhou_Shen,Zhou_Shen_mock_track_011,Sovits4.0,https://example.invalid/mock/t01/spoof/011
T01,spoof,Cantonese,Li_Jian,Li_Jian_mock_track_012,DiffSinger,https://example.invalid/mock/t01/spoof/012
T01,spoof,Cantonese,Na_Ying,Na_Ying_mock_track_013,DiffSinger,https://example.invalid/mock/t01/spoof/013
T01,spoof,Cantonese,GEM,GEM_mock_track_014,RVC,https://example.invalid/mock/t01/spoof/014
T01,spoof,Cantonese,Bella_Yao,Bella_Yao_mock_track_015,so-vits-svc,https://example.invalid/mock/t01/spoof/015
T01,spoof,Cantonese,Zhou_Shen,Zhou_Shen_mock_track_016,Sovits4.0,https://example.invalid/mock/t01/spoof/016
T01,spoof,Cantonese,Li_Jian,Li_Jian_mock_track_017,DiffSinger,https://example.invalid/mock/t01/spoof/017
T01,spoof,Cantonese,Na_Ying,Na_Ying_mock_track_018,DiffSinger,https://example.invalid/mock/t01/spoof/018
T01,spoof,Cantonese,GEM,GEM_mock_track_019,RVC,https://example.invalid/mock/t01/spoof/019
T01,spoof,Cantonese,Bella_Yao,Bella_Yao_mock_track_020,so-vits-svc,https://example.invalid/mock/t01/spoof/020
T01,spoof,Cantonese,Zhou_Shen,Zhou_Shen_mock_track_021,Sovits4.0,https://example.invalid/mock/t01/spoof/021
T01,spoof,Cantonese,Li_Jian,Li_Jian_mock_track_022,DiffSinger,https://example.invalid/mock/t01/spoof/022
T01,spoof,Cantonese,Na_Ying,Na_Ying_mock_track_023,DiffSinger,https://example.invalid/mock/t01/spoof/023
T01,spoof,Cantonese,GEM,GEM_mock_track_024,RVC,https://example.invalid/mock/t01/spoof/024
T01,spoof,Cantonese,Bella_Yao,Bella_Yao_mock_track_025,so-vits-svc,https://example.invalid/mock/t01/spoof/025
T01,spoof,Cantonese,Zhou_Shen,Zhou_Shen_mock_track_026,Sovits4.0,https://example.invalid/mock/t01/spoof/026
T01,spoof,Cantonese,Li_Jian,Li_Jian_mock_track_027,DiffSinger,https://example.invalid/mock/t01/spoof/027
T01,spoof,Cantonese,Na_Ying,Na_Ying_mock_track_028,DiffSinger,https://example.invalid/mock/t01/spoof/028
T01,spoof,Cantonese,GEM,GEM_mock_track_029,RVC,https://example.invalid/mock/t01/spoof/029
T01,spoof,Cantonese,Bella_Yao,Bella_Yao_mock_track_030,so-vits-svc,https://example.invalid/mock/t01/spoof/030
T01,spoof,Cantonese,Zhou_Shen,Zhou_Shen_mock_track_031,Sovits4.0,https://example.invalid/mock/t01/spoof/031
T01,spoof,Cantonese,Li_Jian,Li_Jian_mock_track_032,DiffSinger,https://example.invalid/mock/t01/spoof/032
T01,spoof,Cantonese,Na_Ying,Na_Ying_mock_track_033,DiffSinger,https://example.invalid/mock/t01/spoof/033
T01,spoof,Cantonese,GEM,GEM_mock_track_034,RVC,https://example.invalid/mock/t01/spoof/034
T01,spoof,Cantonese,Bella_Yao,Bella_Yao_mock_track_035,so-vits-svc,https://example.invalid/mock/t01/spoof/035
T01,spoof,Cantonese,Zhou_Shen,Zhou_Shen_mock_track_036,Sovits4.0,https://example.invalid/mock/t01/spoof/036
T01,spoof,Cantonese,Li_Jian,Li_Jian_mock_track_037,DiffSinger,https://example.invalid/mock/t01/spoof/037
T01,spoof,Cantonese,Na_Ying,Na_Ying_mock_track_038,DiffSinger,https://example.invalid/mock/t01/spoof/038
T01,spoof,Cantonese,GEM,GEM_mock_track_039,RVC,https://example.invalid/mock/t01/spoof/039
T01,spoof,Cantonese,Bella_Yao,Bella_Yao_mock_track_040,so-vits-svc,https://example.invalid/mock/t01/spoof/040
T01,spoof,Cantonese,Zhou_Shen,Zhou_Shen_mock_track_041,Sovits4.0,https://example.invalid/mock/t01/spoof/041
T01,spoof,Cantonese,Li_Jian,Li_Jian_mock_track_042,DiffSinger,https://example.invalid/mock/t01/spoof/042
T01,spoof,Cantonese,Na_Ying,Na_Ying_mock_track_043,DiffSinger,https://example.invalid/mock/t01/spoof/043
T01,spoof,Cantonese,GEM,GEM_mock_track_044,RVC,https://example.invalid/mock/t01/spoof/044
T01,spoof,Cantonese,Bella_Yao,Bella_Yao_mock_track_045,so-vits-svc,https://example.invalid/mock/t01/spoof/045
T01,spoof,Cantonese,Zhou_Shen,Zhou_Shen_mock_track_046,Sovits4.0,https://example.invalid/mock/t01/spoof/046
T01,spoof,Cantonese,Li_Jian,Li_Jian_mock_track_047,DiffSinger,https://example.invalid/mock/t01/spoof/047
T01,spoof,Cantonese,Na_Ying,Na_Ying_mock_track_048,DiffSinger,https://example.invalid/mock/t01/spoof/048
T01,spoof,Cantonese,GEM,GEM_mock_track_049,RVC,https://example.invalid/mock/t01/spoof/049
T01,spoof,Cantonese,Bella_Yao,Bella_Yao_mock_track_050,so-vits-svc,https://example.invalid/mock/t01/spoof/050
T01,spoof,Cantonese,Zhou_Shen,Zhou_Shen_mock_track_051,Sovits4.0,https://example.invalid/mock/t01/spoof/051
T01,spoof,Cantonese,Li_Jian,Li_Jian_mock_track_052,DiffSinger,https://example.invalid/mock/t01/spoof/052
T01,spoof,Cantonese,Na_Ying,Na_Ying_mock_track_053,DiffSinger,https://example.invalid/mock/t01/spoof/053
T01,spoof,Cantonese,GEM,GEM_mock_track_054,RVC,https://example.invalid/mock/t01/spoof/054
T01,spoof,Cantonese,Bella_Yao,Bella_Yao_mock_track_055,so-vits-svc,https://example.invalid/mock/t01/spoof/055
T01,spoof,Cantonese,Zhou_Shen,Zhou_Shen_mock_track_056,Sovits4.0,https://example.invalid/mock/t01/spoof/056
T01,spoof,Cantonese,Li_Jian,Li_Jian_mock_track_057,DiffSinger,https://example.invalid/mock/t01/spoof/057
T01,spoof,Cantonese,Na_Ying,Na_Ying_mock_track_058,DiffSinger,https://example.invalid/mock/t01/spoof/058
T01,spoof,Cantonese,GEM,GEM_mock_track_059,RVC,https://example.invalid/mock/t01/spoof/059
T01,spoof,Cantonese,Bella_Yao,Bella_Yao_mock_track_060,so-vits-svc,https://example.invalid/mock/t01/spoof/060
T01,spoof,Cantonese,Zhou_Shen,Zhou_Shen_mock_track_061,Sovits4.0,https://example.invalid/mock/t01/spoof/061
T01,spoof,Cantonese,Li_Jian,Li_Jian_mock_track_062,DiffSinger,https://example.invalid/mock/t01/spoof/062
T01,spoof,Cantonese,Na_Ying,Na_Ying_mock_track_063,DiffSinger,https://example.invalid/mock/t01/spoof/063
T01,spoof,Cantonese,GEM,GEM_mock_track_064,RVC,https://example.invalid/mock/t01/spoof/064
T01,spoof,Cantonese,Bella_Yao,Bella_Yao_mock_track_065,so-vits-svc,https://example.invalid/mock/t01/spoof/065
T01,spoof,Cantonese,Zhou_Shen,Zhou_Shen_mock_track_066,Sovits4.0,https://example.invalid/mock/t01/spoof/066
T01,spoof,Cantonese,Li_Jian,Li_Jian_mock_track_067,DiffSinger,https://example.invalid/mock/t01/spoof/067
T01,spoof,Cantonese,Na_Ying,Na_Ying_mock_track_068,DiffSinger,https://example.invalid/mock/t01/spoof/068
T01,spoof,Cantonese,GEM,GEM_mock_track_069,RVC,https://example.invalid/mock/t01/spoof/069
T01,spoof,Cantonese,Bella_Yao,Bella_Yao_mock_track_070,so-vits-svc,https://example.invalid/mock/t01/spoof/070
T01,spoof,Cantonese,Zhou_Shen,Zhou_Shen_mock_track_071,Sovits4.0,https://example.invalid/mock/t01/spoof/071
T01,spoof,Cantonese,Li_Jian,Li_Jian_mock_track_072,DiffSinger,https://example.invalid/mock/t01/spoof/072
T01,spoof,Cantonese,Na_Ying,Na_Ying_mock_track_073,DiffSinger,https://example.invalid/mock/t01/spoof/073
T01,spoof,Cantonese,GEM,GEM_mock_track_074,RVC,https://example.invalid/mock/t01/spoof/074
T01,spoof,Cantonese,Bella_Yao,Bella_Yao_mock_track_075,so-vits-svc,https://example.invalid/mock/t01/spoof/075
T01,spoof,Cantonese,Zhou_Shen,Zhou_Shen_mock_track_076,Sovits4.0,https://example.invalid/mock/t01/spoof/076
T01,spoof,Cantonese,Li_Jian,Li_Jian_mock_track_077,DiffSinger,https://example.invalid/mock/t01/spoof/077
T01,spoof,Cantonese,Na_Ying,Na_Ying_mock_track_078,DiffSinger,https://example.invalid/mock/t01/spoof/078
T01,spoof,Cantonese,GEM,GEM_mock_track_079,RVC,https://example.invalid/mock/t01/spoof/079
T01,spoof,Cantonese,Bella_Yao,Bella_Yao_mock_track_080,so-vits-svc,https://example.invalid/mock/t01/spoof/080
T01,spoof,Cantonese,Zhou_Shen,Zhou_Shen_mock_track_081,Sovits4.0,https://example.invalid/mock/t01/spoof/081
T01,spoof,Cantonese,Li_Jian,Li_Jian_mock_track_082,DiffSinger,https://example.invalid/mock/t01/spoof/082
T01,spoof,Cantonese,Na_Ying,Na_Ying_mock_track_083,DiffSinger,https://example.invalid/mock/t01/spoof/083
T01,spoof,Cantonese,GEM,GEM_mock_track_084,RVC,https://example.invalid/mock/t01/spoof/084
T01,spoof,Cantonese,Bella_Yao,Bella_Yao_mock_track_085,so-vits-svc,https://example.invalid/mock/t01/spoof/085
T01,spoof,Cantonese,Zhou_Shen,Zhou_Shen_mock_track_086,Sovits4.0,https://example.invalid/mock/t01/spoof/086
T01,spoof,Cantonese,Li_Jian,Li_Jian_mock_track_087,DiffSinger,https://example.invalid/mock/t01/spoof/087
T01,spoof,Cantonese,Na_Ying,Na_Ying_mock_track_088,DiffSinger,https://example.invalid/mock/t01/spoof/088
T01,spoof,Cantonese,GEM,GEM_mock_track_089,RVC,https://example.invalid/mock/t01/spoof/089
T01,spoof,Cantonese,Bella_Yao,Bella_Yao_mock_track_090,so-vits-svc,https://example.invalid/mock/t01/spoof/090
T01,spoof,Cantonese,Zhou_Shen,Zhou_Shen_mock_track_091,Sovits4.0,https://example.invalid/mock/t01/spoof/091
T01,spoof,Cantonese,Li_Jian,Li_Jian_mock_track_092,DiffSinger,https://example.invalid/mock/t01/spoof/092
T01,spoof,Cantonese,Na_Ying,Na_Ying_mock_track_093,DiffSinger,https://example.invalid/mock/t01/spoof/093
T01,spoof,Cantonese,GEM,GEM_mock_track_094,RVC,https://example.invalid/mock/t01/spoof/094
T01,spoof,Cantonese,Bella_Yao,Bella_Yao_mock_track_095,so-vits-svc,https://example.invalid/mock/t01/spoof/095
T01,spoof,Cantonese,Zhou_Shen,Zhou_Shen_mock_track_096,Sovits4.0,https://example.invalid/mock/t01/spoof/096
T01,spoof,Cantonese,Li_Jian,Li_Jian_mock_track_097,DiffSinger,https://example.invalid/mock/t01/spoof/097
T01,spoof,Cantonese,Na_Ying,Na_Ying_mock_track_098,DiffSinger,https://example.invalid/mock/t01/spoof/098
T01,spoof,Cantonese,GEM,GEM_mock_track_099,RVC,https://example.invalid/mock/t01/spoof/099
T01,spoof,Cantonese,Bella_Yao,Bella_Yao_mock_track_100,so-vits-svc,https://example.invalid/mock/t01/spoof/100
T01,spoof,Cantonese,Zhou_Shen,Zhou_Shen_mock_track_101,Sovits4.0,https://example.invalid/mock/t01/spoof/101
T01,spoof,Cantonese,Li_Jian,Li_Jian_mock_track_102,DiffSinger,https://example.invalid/mock/t01/spoof/102
T01,spoof,Cantonese,Na_Ying,Na_Ying_mock_track_103,DiffSinger,https://example.invalid/mock/t01/spoof/103
T01,spoof,Cantonese,GEM,GEM_mock_track_104,RVC,https://example.invalid/mock/t01/spoof/104
T01,spoof,Cantonese,Bella_Yao,Bella_Yao_mock_track_105,so-vits-svc,https://example.invalid/mock/t01/spoof/105
T01,spoof,Cantonese,Zhou_Shen,Zhou_Shen_mock_track_106,Sovits4.0,https://example.invalid/mock/t01/spoof/106
T01,spoof,Cantonese,Li_Jian,Li_Jian_mock_track_107,DiffSinger,https://example.invalid/mock/t01/spoof/107
T01,spoof,Cantonese,Na_Ying,Na_Ying_mock_track_108,DiffSinger,https://example.invalid/mock/t01/spoof/108
T01,spoof,Cantonese,GEM,GEM_mock_track_109,RVC,https://example.invalid/mock/t01/spoof/109
T01,spoof,Cantonese,Bella_Yao,Bella_Yao_mock_track_110,so-vits-svc,https://example.invalid/mock/t01/spoof/110
T01,spoof,Cantonese,Zhou_Shen,Zhou_Shen_mock_track_111,Sovits4.0,https://example.invalid/mock/t01/spoof/111
T01,spoof,Cantonese,Li_Jian,Li_Jian_mock_track_112,DiffSinger,https://example.invalid/mock/t01/spoof/112
T01,spoof,Cantonese,Na_Ying,Na_Ying_mock_track_113,DiffSinger,https://example.invalid/mock/t01/spoof/113
T01,spoof,Cantonese,GEM,GEM_mock_track_114,RVC,https://example.invalid/mock/t01/spoof/114
T01,spoof,Cantonese,Bella_Yao,Bella_Yao_mock_track_115,so-vits-svc,https://example.invalid/mock/t01/spoof/115
T01,spoof,Cantonese,Zhou_Shen,Zhou_Shen_mock_track_116,Sovits4.0,https://example.invalid/mock/t01/spoof/116
T01,spoof,Cantonese,Li_Jian,Li_Jian_mock_track_117,DiffSinger,https://example.invalid/mock/t01/spoof/117
T01,spoof,Cantonese,Na_Ying,Na_Ying_mock_track_118,DiffSinger,https://example.invalid/mock/t01/spoof/118
T01,spoof,Cantonese,GEM,GEM_mock_track_119,RVC,https://example.invalid/mock/t01/spoof/119
T01,spoof,Cantonese,Bella_Yao,Bella_Yao_mock_track_120,so-vits-svc,https://example.invalid/mock/t01/spoof/120
T01,spoof,Cantonese,Zhou_Shen,Zhou_Shen_mock_track_121,Sovits4.0,https://example.invalid/mock/t01/spoof/121
T01,spoof,Cantonese,Li_Jian,Li_Jian_mock_track_122,DiffSinger,https://example.invalid/mock/t01/spoof/122
T01,spoof,Cantonese,Na_Ying,Na_Ying_mock_track_123,DiffSinger,https://example.invalid/mock/t01/spoof/123
T01,spoof,Cantonese,GEM,GEM_mock_track_124,RVC,https://example.invalid/mock/t01/spoof/124
T01,spoof,Cantonese,Bella_Yao,Bella_Yao_mock_track_125,so-vits-svc,https://example.invalid/mock/t01/spoof/125
T01,spoof,Cantonese,Zhou_Shen,Zhou_Shen_mock_track_126,Sovits4.0,https://example.invalid/mock/t01/spoof/126
T01,spoof,Cantonese,Li_Jian,Li_Jian_mock_track_127,DiffSinger,https://example.invalid/mock/t01/spoof/127
T01,spoof,Cantonese,Na_Ying,Na_Ying_mock_track_128,DiffSinger,https://example.invalid/mock/t01/spoof/128
T01,spoof,Cantonese,GEM,GEM_mock_track_129,RVC,https://example.invalid/mock/t01/spoof/129
T01,spoof,Cantonese,Bella_Yao,Bella_Yao_mock_track_130,so-vits-svc,https://example.invalid/mock/t01/spoof/130
T01,spoof,Cantonese,Zhou_Shen,Zhou_Shen_mock_track_131,Sovits4.0,https://example.invalid/mock/t01/spoof/131
T01,spoof,Cantonese,Li_Jian,Li_Jian_mock_track_132,DiffSinger,https://example.invalid/mock/t01/spoof/132
T01,spoof,Cantonese,Na_Ying,Na_Ying_mock_track_133,DiffSinger,https://example.invalid/mock/t01/spoof/133
T01,spoof,Cantonese,GEM,GEM_mock_track_134,RVC,https://example.invalid/mock/t01/spoof/134
T01,spoof,Cantonese,Bella_Yao,Bella_Yao_mock_track_135,so-vits-svc,https://example.invalid/mock/t01/spoof/135
T01,spoof,Cantonese,Zhou_Shen,Zhou_Shen_mock_track_136,Sovits4.0,https://example.invalid/mock/t01/spoof/136
T01,spoof,Cantonese,Li_Jian,Li_Jian_mock_track_137,DiffSinger,https://example.invalid/mock/t01/spoof/137
T01,spoof,Cantonese,Na_Ying,Na_Ying_mock_track_138,DiffSinger,https://example.invalid/mock/t01/spoof/138
T01,spoof,Cantonese,GEM,GEM_mock_track_139,RVC,https://example.invalid/mock/t01/spoof/139
T01,spoof,Cantonese,Bella_Yao,Bella_Yao_mock_track_140,so-vits-svc,https://example.invalid/mock/t01/spoof/140
T01,spoof,Cantonese,Zhou_Shen,Zhou_Shen_mock_track_141,Sovits4.0,https://example.invalid/mock/t01/spoof/141
T01,spoof,Cantonese,Li_Jian,Li_Jian_mock_track_142,DiffSinger,https://example.invalid/mock/t01/spoof/142
T01,spoof,Cantonese,Na_Ying,Na_Ying_mock_track_143,DiffSinger,https://example.invalid/mock/t01/spoof/143
T01,spoof,Cantonese,GEM,GEM_mock_track_144,RVC,https://example.invalid/mock/t01/spoof/144
T01,spoof,Cantonese,Bella_Yao,Bella_Yao_mock_track_145,so-vits-svc,https://example.invalid/mock/t01/spoof/145
T01,spoof,Cantonese,Zhou_Shen,Zhou_Shen_mock_track_146,Sovits4.0,https://example.invalid/mock/t01/spoof/146
T01,spoof,Cantonese,Li_Jian,Li_Jian_mock_track_147,DiffSinger,https://example.invalid/mock/t01/spoof/147
T01,spoof,Cantonese,Na_Ying,Na_Ying_mock_track_148,DiffSinger,https://example.invalid/mock/t01/spoof/148
T01,spoof,Cantonese,GEM,GEM_mock_track_149,RVC,https://example.invalid/mock/t01/spoof/149
T01,spoof,Cantonese,Bella_Yao,Bella_Yao_mock_track_150,so-vits-svc,https://example.invalid/mock/t01/spoof/150
T02,bonafide,Mandarin,Zhou_Shen,Zhou_Shen_mock_track_001,N/A,https://example.invalid/mock/t02/bonafide/001
T02,bonafide,Mandarin,Li_Jian,Li_Jian_mock_track_002,N/A,https://example.invalid/mock/t02/bonafide/002
T02,bonafide,Mandarin,Na_Ying,Na_Ying_mock_track_003,N/A,https://example.invalid/mock/t02/bonafide/003
T02,bonafide,Mandarin,GEM,GEM_mock_track_004,N/A,https://example.invalid/mock/t02/bonafide/004
T02,bonafide,Mandarin,Bella_Yao,Bella_Yao_mock_track_005,N/A,https://example.invalid/mock/t02/bonafide/005
T02,bonafide,Mandarin,Zhou_Shen,Zhou_Shen_mock_track_006,N/A,https://example.invalid/mock/t02/bonafide/006
T02,bonafide,Mandarin,Li_Jian,Li_Jian_mock_track_007,N/A,https://example.invalid/mock/t02/bonafide/007
T02,bonafide,Mandarin,Na_Ying,Na_Ying_mock_track_008,N/A,https://example.invalid/mock/t02/bonafide/008
T02,bonafide,Mandarin,GEM,GEM_mock_track_009,N/A,https://example.invalid/mock/t02/bonafide/009
T02,bonafide,Mandarin,Bella_Yao,Bella_Yao_mock_track_010,N/A,https://example.invalid/mock/t02/bonafide/010
T02,bonafide,Mandarin,Zhou_Shen,Zhou_Shen_mock_track_011,N/A,https://example.invalid/mock/t02/bonafide/011
T02,bonafide,Mandarin,Li_Jian,Li_Jian_mock_track_012,N/A,https://example.invalid/mock/t02/bonafide/012
T02,bonafide,Mandarin,Na_Ying,Na_Ying_mock_track_013,N/A,https://example.invalid/mock/t02/bonafide/013
T02,bonafide,Mandarin,GEM,GEM_mock_track_014,N/A,https://example.invalid/mock/t02/bonafide/014
T02,bonafide,Mandarin,Bella_Yao,Bella_Yao_mock_track_015,N/A,https://example.invalid/mock/t02/bonafide/015
T02,bonafide,Mandarin,Zhou_Shen,Zhou_Shen_mock_track_016,N/A,https://example.invalid/mock/t02/bonafide/016
T02,bonafide,Mandarin,Li_Jian,Li_Jian_mock_track_017,N/A,https://example.invalid/mock/t02/bonafide/017
T02,bonafide,Mandarin,Na_Ying,Na_Ying_mock_track_018,N/A,https://example.invalid/mock/t02/bonafide/018
T02,bonafide,Mandarin,GEM,GEM_mock_track_019,N/A,https://example.invalid/mock/t02/bonafide/019
T02,bonafide,Mandarin,Bella_Yao,Bella_Yao_mock_track_020,N/A,https://example.invalid/mock/t02/bonafide/020
T02,bonafide,Mandarin,Zhou_Shen,Zhou_Shen_mock_track_021,N/A,https://example.invalid/mock/t02/bonafide/021
T02,bonafide,Mandarin,Li_Jian,Li_Jian_mock_track_022,N/A,https://example.invalid/mock/t02/bonafide/022
T02,bonafide,Mandarin,Na_Ying,Na_Ying_mock_track_023,N/A,https://example.invalid/mock/t02/bonafide/023
T02,bonafide,Mandarin,GEM,GEM_mock_track_024,N/A,https://example.invalid/mock/t02/bonafide/024
T02,bonafide,Mandarin,Bella_Yao,Bella_Yao_mock_track_025,N/A,https://example.invalid/mock/t02/bonafide/025
T02,bonafide,Mandarin,Zhou_Shen,Zhou_Shen_mock_track_026,N/A,https://example.invalid/mock/t02/bonafide/026
T02,bonafide,Mandarin,Li_Jian,Li_Jian_mock_track_027,N/A,https://example.invalid/mock/t02/bonafide/027
T02,bonafide,Mandarin,Na_Ying,Na_Ying_mock_track_028,N/A,https://example.invalid/mock/t02/bonafide/028
T02,bonafide,Mandarin,GEM,GEM_mock_track_029,N/A,https://example.invalid/mock/t02/bonafide/029
T02,bonafide,Mandarin,Bella_Yao,Bella_Yao_mock_track_030,N/A,https://example.invalid/mock/t02/bonafide/030
T02,bonafide,Mandarin,Zhou_Shen,Zhou_Shen_mock_track_031,N/A,https://example.invalid/mock/t02/bonafide/031
T02,bonafide,Mandarin,Li_Jian,Li_Jian_mock_track_032,N/A,https://example.invalid/mock/t02/bonafide/032
T02,bonafide,Mandarin,Na_Ying,Na_Ying_mock_track_033,N/A,https://example.invalid/mock/t02/bonafide/033
T02,bonafide,Mandarin,GEM,GEM_mock_track_034,N/A,https://example.invalid/mock/t02/bonafide/034
T02,bonafide,Mandarin,Bella_Yao,Bella_Yao_mock_track_035,N/A,https://example.invalid/mock/t02/bonafide/035
T02,bonafide,Mandarin,Zhou_Shen,Zhou_Shen_mock_track_036,N/A,https://example.invalid/mock/t02/bonafide/036
T02,bonafide,Mandarin,Li_Jian,Li_Jian_mock_track_037,N/A,https://example.invalid/mock/t02/bonafide/037
T02,bonafide,Mandarin,Na_Ying,Na_Ying_mock_track_038,N/A,https://example.invalid/mock/t02/bonafide/038
T02,bonafide,Mandarin,GEM,GEM_mock_track_039,N/A,https://example.invalid/mock/t02/bonafide/039
T02,bonafide,Mandarin,Bella_Yao,Bella_Yao_mock_track_040,N/A,https://example.invalid/mock/t02/bonafide/040
T02,bonafide,Mandarin,Zhou_Shen,Zhou_Shen_mock_track_041,N/A,https://example.invalid/mock/t02/bonafide/041
T02,bonafide,Mandarin,Li_Jian,Li_Jian_mock_track_042,N/A,https://example.invalid/mock/t02/bonafide/042
T02,bonafide,Mandarin,Na_Ying,Na_Ying_mock_track_043,N/A,https://example.invalid/mock/t02/bonafide/043
T02,bonafide,Mandarin,GEM,GEM_mock_track_044,N/A,https://example.invalid/mock/t02/bonafide/044
T02,bonafide,Mandarin,Bella_Yao,Bella_Yao_mock_track_045,N/A,https://example.invalid/mock/t02/bonafide/045
T02,bonafide,Mandarin,Zhou_Shen,Zhou_Shen_mock_track_046,N/A,https://example.invalid/mock/t02/bonafide/046
T02,bonafide,Mandarin,Li_Jian,Li_Jian_mock_track_047,N/A,https://example.invalid/mock/t02/bonafide/047
T02,bonafide,Mandarin,Na_Ying,Na_Ying_mock_track_048,N/A,https://example.invalid/mock/t02/bonafide/048
T02,bonafide,Mandarin,GEM,GEM_mock_track_049,N/A,https://example.invalid/mock/t02/bonafide/049
T02,bonafide,Mandarin,Bella_Yao,Bella_Yao_mock_track_050,N/A,https://example.invalid/mock/t02/bonafide/050
T02,bonafide,Mandarin,Zhou_Shen,Zhou_Shen_mock_track_051,N/A,https://example.invalid/mock/t02/bonafide/051
T02,bonafide,Mandarin,Li_Jian,Li_Jian_mock_track_052,N/A,https://example.invalid/mock/t02/bonafide/052
T02,bonafide,Mandarin,Na_Ying,Na_Ying_mock_track_053,N/A,https://example.invalid/mock/t02/bonafide/053
T02,bonafide,Mandarin,GEM,GEM_mock_track_054,N/A,https://example.invalid/mock/t02/bonafide/054
T02,bonafide,Mandarin,Bella_Yao,Bella_Yao_mock_track_055,N/A,https://example.invalid/mock/t02/bonafide/055
T02,bonafide,Mandarin,Zhou_Shen,Zhou_Shen_mock_track_056,N/A,https://example.invalid/mock/t02/bonafide/056
T02,bonafide,Mandarin,Li_Jian,Li_Jian_mock_track_057,N/A,https://example.invalid/mock/t02/bonafide/057
T02,bonafide,Mandarin,Na_Ying,Na_Ying_mock_track_058,N/A,https://example.invalid/mock/t02/bonafide/058
T02,bonafide,Mandarin,GEM,GEM_mock_track_059,N/A,https://example.invalid/mock/t02/bonafide/059
T02,bonafide,Mandarin,Bella_Yao,Bella_Yao_mock_track_060,N/A,https://example.invalid/mock/t02/bonafide/060
T02,bonafide,Mandarin,Zhou_Shen,Zhou_Shen_mock_track_061,N/A,https://example.invalid/mock/t02/bonafide/061
T02,bonafide,Mandarin,Li_Jian,Li_Jian_mock_track_062,N/A,https://example.invalid/mock/t02/bonafide/062
T02,bonafide,Mandarin,Na_Ying,Na_Ying_mock_track_063,N/A,https://example.invalid/mock/t02/bonafide/063
T02,bonafide,Mandarin,GEM,GEM_mock_track_064,N/A,https://example.invalid/mock/t02/bonafide/064
T02,bonafide,Mandarin,Bella_Yao,Bella_Yao_mock_track_065,N/A,https://example.invalid/mock/t02/bonafide/065
T02,bonafide,Mandarin,Zhou_Shen,Zhou_Shen_mock_track_066,N/A,https://example.invalid/mock/t02/bonafide/066
T02,bonafide,Mandarin,Li_Jian,Li_Jian_mock_track_067,N/A,https://example.invalid/mock/t02/bonafide/067
T02,bonafide,Mandarin,Na_Ying,Na_Ying_mock_track_068,N/A,https://example.invalid/mock/t02/bonafide/068
T02,bonafide,Mandarin,GEM,GEM_mock_track_069,N/A,https://example.invalid/mock/t02/bonafide/069
T02,bonafide,Mandarin,Bella_Yao,Bella_Yao_mock_track_070,N/A,https://example.invalid/mock/t02/bonafide/070
T02,bonafide,Mandarin,Zhou_Shen,Zhou_Shen_mock_track_071,N/A,https://example.invalid/mock/t02/bonafide/071
T02,bonafide,Mandarin,Li_Jian,Li_Jian_mock_track_072,N/A,https://example.invalid/mock/t02/bonafide/072
T02,bonafide,Mandarin,Na_Ying,Na_Ying_mock_track_073,N/A,https://example.invalid/mock/t02/bonafide/073
T02,bonafide,Mandarin,GEM,GEM_mock_track_074,N/A,https://example.invalid/mock/t02/bonafide/074
T02,bonafide,Mandarin,Bella_Yao,Bella_Yao_mock_track_075,N/A,https://example.invalid/mock/t02/bonafide/075
T02,bonafide,Mandarin,Zhou_Shen,Zhou_Shen_mock_track_076,N/A,https://example.invalid/mock/t02/bonafide/076
T02,bonafide,Mandarin,Li_Jian,Li_Jian_mock_track_077,N/A,https://example.invalid/mock/t02/bonafide/077
T02,bonafide,Mandarin,Na_Ying,Na_Ying_mock_track_078,N/A,https://example.invalid/mock/t02/bonafide/078
T02,bonafide,Mandarin,GEM,GEM_mock_track_079,N/A,https://example.invalid/mock/t02/bonafide/079
T02,bonafide,Mandarin,Bella_Yao,Bella_Yao_mock_track_080,N/A,https://example.invalid/mock/t02/bonafide/080
T02,bonafide,Mandarin,Zhou_Shen,Zhou_Shen_mock_track_081,N/A,https://example.invalid/mock/t02/bonafide/081
T02,bonafide,Mandarin,Li_Jian,Li_Jian_mock_track_082,N/A,https://example.invalid/mock/t02/bonafide/082
T02,bonafide,Mandarin,Na_Ying,Na_Ying_mock_track_083,N/A,https://example.invalid/mock/t02/bonafide/083
T02,bonafide,Mandarin,GEM,GEM_mock_track_084,N/A,https://example.invalid/mock/t02/bonafide/084
T02,bonafide,Mandarin,Bella_Yao,Bella_Yao_mock_track_085,N/A,https://example.invalid/mock/t02/bonafide/085
T02,bonafide,Mandarin,Zhou_Shen,Zhou_Shen_mock_track_086,N/A,https://example.invalid/mock/t02/bonafide/086
T02,bonafide,Mandarin,Li_Jian,Li_Jian_mock_track_087,N/A,https://example.invalid/mock/t02/bonafide/087
T02,bonafide,Mandarin,Na_Ying,Na_Ying_mock_track_088,N/A,https://example.invalid/mock/t02/bonafide/088
T02,bonafide,Mandarin,GEM,GEM_mock_track_089,N/A,https://example.invalid/mock/t02/bonafide/089
T02,bonafide,Mandarin,Bella_Yao,Bella_Yao_mock_track_090,N/A,https://example.invalid/mock/t02/bonafide/090
T02,bonafide,Mandarin,Zhou_Shen,Zhou_Shen_mock_track_091,N/A,https://example.invalid/mock/t02/bonafide/091
T02,bonafide,Mandarin,Li_Jian,Li_Jian_mock_track_092,N/A,https://example.invalid/mock/t02/bonafide/092
T02,bonafide,Mandarin,Na_Ying,Na_Ying_mock_track_093,N/A,https://example.invalid/mock/t02/bonafide/093
T02,bonafide,Mandarin,GEM,GEM_mock_track_094,N/A,https://example.invalid/mock/t02/bonafide/094
T02,bonafide,Mandarin,Bella_Yao,Bella_Yao_mock_track_095,N/A,https://example.invalid/mock/t02/bonafide/095
T02,bonafide,Mandarin,Zhou_Shen,Zhou_Shen_mock_track_096,N/A,https://example.invalid/mock/t02/bonafide/096
T02,bonafide,Mandarin,Li_Jian,Li_Jian_mock_track_097,N/A,https://example.invalid/mock/t02/bonafide/097
T02,bonafide,Mandarin,Na_Ying,Na_Ying_mock_track_098,N/A,https://example.invalid/mock/t02/bonafide/098
T02,bonafide,Mandarin,GEM,GEM_mock_track_099,N/A,https://example.invalid/mock/t02/bonafide/099
T02,bonafide,Mandarin,Bella_Yao,Bella_Yao_mock_track_100,N/A,https://example.invalid/mock/t02/bonafide/100
T02,bonafide,Mandarin,Zhou_Shen,Zhou_Shen_mock_track_101,N/A,https://example.invalid/mock/t02/bonafide/101
T02,bonafide,Mandarin,Li_Jian,Li_Jian_mock_track_102,N/A,https://example.invalid/mock/t02/bonafide/102
T02,bonafide,Mandarin,Na_Ying,Na_Ying_mock_track_103,N/A,https://example.invalid/mock/t02/bonafide/103
T02,bonafide,Mandarin,GEM,GEM_mock_track_104,N/A,https://example.invalid/mock/t02/bonafide/104
T02,bonafide,Mandarin,Bella_Yao,Bella_Yao_mock_track_105,N/A,https://example.invalid/mock/t02/bonafide/105
T02,bonafide,Mandarin,Zhou_Shen,Zhou_Shen_mock_track_106,N/A,https://example.invalid/mock/t02/bonafide/106
T02,bonafide,Mandarin,Li_Jian,Li_Jian_mock_track_107,N/A,https://example.invalid/mock/t02/bonafide/107
T02,bonafide,Mandarin,Na_Ying,Na_Ying_mock_track_108,N/A,https://example.invalid/mock/t02/bonafide/108
T02,bonafide,Mandarin,GEM,GEM_mock_track_109,N/A,https://example.invalid/mock/t02/bonafide/109
T02,bonafide,Mandarin,Bella_Yao,Bella_Yao_mock_track_110,N/A,https://example.invalid/mock/t02/bonafide/110
T02,bonafide,Mandarin,Zhou_Shen,Zhou_Shen_mock_track_111,N/A,https://example.invalid/mock/t02/bonafide/111
T02,bonafide,Mandarin,Li_Jian,Li_Jian_mock_track_112,N/A,https://example.invalid/mock/t02/bonafide/112
T02,bonafide,Mandarin,Na_Ying,Na_Ying_mock_track_113,N/A,https://example.invalid/mock/t02/bonafide/113
T02,bonafide,Mandarin,GEM,GEM_mock_track_114,N/A,https://example.invalid/mock/t02/bonafide/114
T02,bonafide,Mandarin,Bella_Yao,Bella_Yao_mock_track_115,N/A,https://example.invalid/mock/t02/bonafide/115
T02,bonafide,Mandarin,Zhou_Shen,Zhou_Shen_mock_track_116,N/A,https://example.invalid/mock/t02/bonafide/116
T02,bonafide,Mandarin,Li_Jian,Li_Jian_mock_track_117,N/A,https://example.invalid/mock/t02/bonafide/117
T02,bonafide,Mandarin,Na_Ying,Na_Ying_mock_track_118,N/A,https://example.invalid/mock/t02/bonafide/118
T02,bonafide,Mandarin,GEM,GEM_mock_track_119,N/A,https://example.invalid/mock/t02/bonafide/119
T02,bonafide,Mandarin,Bella_Yao,Bella_Yao_mock_track_120,N/A,https://example.invalid/mock/t02/bonafide/120
T02,bonafide,Mandarin,Zhou_Shen,Zhou_Shen_mock_track_121,N/A,https://example.invalid/mock/t02/bonafide/121
T02,bonafide,Mandarin,Li_Jian,Li_Jian_mock_track_122,N/A,https://example.invalid/mock/t02/bonafide/122
T02,bonafide,Mandarin,Na_Ying,Na_Ying_mock_track_123,N/A,https://example.invalid/mock/t02/bonafide/123
T02,bonafide,Mandarin,GEM,GEM_mock_track_124,N/A,https://example.invalid/mock/t02/bonafide/124
T02,bonafide,Mandarin,Bella_Yao,Bella_Yao_mock_track_125,N/A,https://example.invalid/mock/t02/bonafide/125
T02,bonafide,Mandarin,Zhou_Shen,Zhou_Shen_mock_track_126,N/A,https://example.invalid/mock/t02/bonafide/126
T02,bonafide,Mandarin,Li_Jian,Li_Jian_mock_track_127,N/A,https://example.invalid/mock/t02/bonafide/127
T02,bonafide,Mandarin,Na_Ying,Na_Ying_mock_track_128,N/A,https://example.invalid/mock/t02/bonafide/128
T02,bonafide,Mandarin,GEM,GEM_mock_track_129,N/A,https://example.invalid/mock/t02/bonafide/129
T02,bonafide,Mandarin,Bella_Yao,Bella_Yao_mock_track_130,N/A,https://example.invalid/mock/t02/bonafide/130
T02,bonafide,Mandarin,Zhou_Shen,Zhou_Shen_mock_track_131,N/A,https://example.invalid/mock/t02/bonafide/131
T02,bonafide,Mandarin,Li_Jian,Li_Jian_mock_track_132,N/A,https://example.invalid/mock/t02/bonafide/132
T02,bonafide,Mandarin,Na_Ying,Na_Ying_mock_track_133,N/A,https://example.invalid/mock/t02/bonafide/133
T02,bonafide,Mandarin,GEM,GEM_mock_track_134,N/A,https://example.invalid/mock/t02/bonafide/134
T02,bonafide,Mandarin,Bella_Yao,Bella_Yao_mock_track_135,N/A,https://example.invalid/mock/t02/bonafide/135
T02,bonafide,Mandarin,Zhou_Shen,Zhou_Shen_mock_track_136,N/A,https://example.invalid/mock/t02/bonafide/136
T02,bonafide,Mandarin,Li_Jian,Li_Jian_mock_track_137,N/A,https://example.invalid/mock/t02/bonafide/137
T02,bonafide,Mandarin,Na_Ying,Na_Ying_mock_track_138,N/A,https://example.invalid/mock/t02/bonafide/138
T02,bonafide,Mandarin,GEM,GEM_mock_track_139,N/A,https://example.invalid/mock/t02/bonafide/139
T02,bonafide,Mandarin,Bella_Yao,Bella_Yao_mock_track_140,N/A,https://example.invalid/mock/t02/bonafide/140
T02,bonafide,Mandarin,Zhou_Shen,Zhou_Shen_mock_track_141,N/A,https://example.invalid/mock/t02/bonafide/141
T02,bonafide,Mandarin,Li_Jian,Li_Jian_mock_track_142,N/A,https://example.invalid/mock/t02/bonafide/142
T02,bonafide,Mandarin,Na_Ying,Na_Ying_mock_track_143,N/A,https://example.invalid/mock/t02/bonafide/143
T02,bonafide,Mandarin,GEM,GEM_mock_track_144,N/A,https://example.invalid/mock/t02/bonafide/144
T02,bonafide,Mandarin,Bella_Yao,Bella_Yao_mock_track_145,N/A,https://example.invalid/mock/t02/bonafide/145
T02,bonafide,Mandarin,Zhou_Shen,Zhou_Shen_mock_track_146,N/A,https://example.invalid/mock/t02/bonafide/146
T02,bonafide,Mandarin,Li_Jian,Li_Jian_mock_track_147,N/A,https://example.invalid/mock/t02/bonafide/147
T02,bonafide,Mandarin,Na_Ying,Na_Ying_mock_track_148,N/A,https://example.invalid/mock/t02/bonafide/148
T02,bonafide,Mandarin,GEM,GEM_mock_track_149,N/A,https://example.invalid/mock/t02/bonafide/149
T02,bonafide,Mandarin,Bella_Yao,Bella_Yao_mock_track_150,N/A,https://example.invalid/mock/t02/bonafide/150
T02,spoof,Cantonese,Zhou_Shen,Zhou_Shen_mock_track_001,Sovits4.0,https://example.invalid/mock/t02/spoof/001
T02,spoof,Cantonese,Li_Jian,Li_Jian_mock_track_002,DiffSinger,https://example.invalid/mock/t02/spoof/002
T02,spoof,Cantonese,Na_Ying,Na_Ying_mock_track_003,DiffSinger,https://example.invalid/mock/t02/spoof/003
T02,spoof,Cantonese,GEM,GEM_mock_track_004,RVC,https://example.invalid/mock/t02/spoof/004
T02,spoof,Cantonese,Bella_Yao,Bella_Yao_mock_track_005,so-vits-svc,https://example.invalid/mock/t02/spoof/005
T02,spoof,Cantonese,Zhou_Shen,Zhou_Shen_mock_track_006,Sovits4.0,https://example.invalid/mock/t02/spoof/006
T02,spoof,Cantonese,Li_Jian,Li_Jian_mock_track_007,DiffSinger,https://example.invalid/mock/t02/spoof/007
T02,spoof,Cantonese,Na_Ying,Na_Ying_mock_track_008,DiffSinger,https://example.invalid/mock/t02/spoof/008
T02,spoof,Cantonese,GEM,GEM_mock_track_009,RVC,https://example.invalid/mock/t02/spoof/009
T02,spoof,Cantonese,Bella_Yao,Bella_Yao_mock_track_010,so-vits-svc,https://example.invalid/mock/t02/spoof/010
T02,spoof,Cantonese,Zhou_Shen,Zhou_Shen_mock_track_011,Sovits4.0,https://example.invalid/mock/t02/spoof/011
T02,spoof,Cantonese,Li_Jian,Li_Jian_mock_track_012,DiffSinger,https://example.invalid/mock/t02/spoof/012
T02,spoof,Cantonese,Na_Ying,Na_Ying_mock_track_013,DiffSinger,https://example.invalid/mock/t02/spoof/013
T02,spoof,Cantonese,GEM,GEM_mock_track_014,RVC,https://example.invalid/mock/t02/spoof/014
T02,spoof,Cantonese,Bella_Yao,Bella_Yao_mock_track_015,so-vits-svc,https://example.invalid/mock/t02/spoof/015
T02,spoof,Cantonese,Zhou_Shen,Zhou_Shen_mock_track_016,Sovits4.0,https://example.invalid/mock/t02/spoof/016
T02,spoof,Cantonese,Li_Jian,Li_Jian_mock_track_017,DiffSinger,https://example.invalid/mock/t02/spoof/017
T02,spoof,Cantonese,Na_Ying,Na_Ying_mock_track_018,DiffSinger,https://example.invalid/mock/t02/spoof/018
T02,spoof,Cantonese,GEM,GEM_mock_track_019,RVC,https://example.invalid/mock/t02/spoof/019
T02,spoof,Cantonese,Bella_Yao,Bella_Yao_mock_track_020,so-vits-svc,https://example.invalid/mock/t02/spoof/020
T02,spoof,Cantonese,Zhou_Shen,Zhou_Shen_mock_track_021,Sovits4.0,https://example.invalid/mock/t02/spoof/021
T02,spoof,Cantonese,Li_Jian,Li_Jian_mock_track_022,DiffSinger,https://example.invalid/mock/t02/spoof/022
T02,spoof,Cantonese,Na_Ying,Na_Ying_mock_track_023,DiffSinger,https://example.invalid/mock/t02/spoof/023
T02,spoof,Cantonese,GEM,GEM_mock_track_024,RVC,https://example.invalid/mock/t02/spoof/024
T02,spoof,Cantonese,Bella_Yao,Bella_Yao_mock_track_025,so-vits-svc,https://example.invalid/mock/t02/spoof/025
T02,spoof,Cantonese,Zhou_Shen,Zhou_Shen_mock_track_026,Sovits4.0,https://example.invalid/mock/t02/spoof/026
T02,spoof,Cantonese,Li_Jian,Li_Jian_mock_track_027,DiffSinger,https://example.invalid/mock/t02/spoof/027
T02,spoof,Cantonese,Na_Ying,Na_Ying_mock_track_028,DiffSinger,https://example.invalid/mock/t02/spoof/028
T02,spoof,Cantonese,GEM,GEM_mock_track_029,RVC,https://example.invalid/mock/t02/spoof/029
T02,spoof,Cantonese,Bella_Yao,Bella_Yao_mock_track_030,so-vits-svc,https://example.invalid/mock/t02/spoof/030
T02,spoof,Cantonese,Zhou_Shen,Zhou_Shen_mock_track_031,Sovits4.0,https://example.invalid/mock/t02/spoof/031
T02,spoof,Cantonese,Li_Jian,Li_Jian_mock_track_032,DiffSinger,https://example.invalid/mock/t02/spoof/032
T02,spoof,Cantonese,Na_Ying,Na_Ying_mock_track_033,DiffSinger,https://example.invalid/mock/t02/spoof/033
T02,spoof,Cantonese,GEM,GEM_mock_track_034,RVC,https://example.invalid/mock/t02/spoof/034
T02,spoof,Cantonese,Bella_Yao,Bella_Yao_mock_track_035,so-vits-svc,https://example.invalid/mock/t02/spoof/035
T02,spoof,Cantonese,Zhou_Shen,Zhou_Shen_mock_track_036,Sovits4.0,https://example.invalid/mock/t02/spoof/036
T02,spoof,Cantonese,Li_Jian,Li_Jian_mock_track_037,DiffSinger,https://example.invalid/mock/t02/spoof/037
T02,spoof,Cantonese,Na_Ying,Na_Ying_mock_track_038,DiffSinger,https://example.invalid/mock/t02/spoof/038
T02,spoof,Cantonese,GEM,GEM_mock_track_039,RVC,https://example.invalid/mock/t02/spoof/039
T02,spoof,Cantonese,Bella_Yao,Bella_Yao_mock_track_040,so-vits-svc,https://example.invalid/mock/t02/spoof/040
T02,spoof,Cantonese,Zhou_Shen,Zhou_Shen_mock_track_041,Sovits4.0,https://example.invalid/mock/t02/spoof/041
T02,spoof,Cantonese,Li_Jian,Li_Jian_mock_track_042,DiffSinger,https://example.invalid/mock/t02/spoof/042
T02,spoof,Cantonese,Na_Ying,Na_Ying_mock_track_043,DiffSinger,https://example.invalid/mock/t02/spoof/043
T02,spoof,Cantonese,GEM,GEM_mock_track_044,RVC,https://example.invalid/mock/t02/spoof/044
T02,spoof,Cantonese,Bella_Yao,Bella_Yao_mock_track_045,so-vits-svc,https://example.invalid/mock/t02/spoof/045
T02,spoof,Cantonese,Zhou_Shen,Zhou_Shen_mock_track_046,Sovits4.0,https://example.invalid/mock/t02/spoof/046
T02,spoof,Cantonese,Li_Jian,Li_Jian_mock_track_047,DiffSinger,https://example.invalid/mock/t02/spoof/047
T02,spoof,Cantonese,Na_Ying,Na_Ying_mock_track_048,DiffSinger,https://example.invalid/mock/t02/spoof/048
T02,spoof,Cantonese,GEM,GEM_mock_track_049,RVC,https://example.invalid/mock/t02/spoof/049
T02,spoof,Cantonese,Bella_Yao,Bella_Yao_mock_track_050,so-vits-svc,https://example.invalid/mock/t02/spoof/050
T02,spoof,Cantonese,Zhou_Shen,Zhou_Shen_mock_track_051,Sovits4.0,https://example.invalid/mock/t02/spoof/051
T02,spoof,Cantonese,Li_Jian,Li_Jian_mock_track_052,DiffSinger,https://example.invalid/mock/t02/spoof/052
T02,spoof,Cantonese,Na_Ying,Na_Ying_mock_track_053,DiffSinger,https://example.invalid/mock/t02/spoof/053
T02,spoof,Cantonese,GEM,GEM_mock_track_054,RVC,https://example.invalid/mock/t02/spoof/054
T02,spoof,Cantonese,Bella_Yao,Bella_Yao_mock_track_055,so-vits-svc,https://example.invalid/mock/t02/spoof/055
T02,spoof,Cantonese,Zhou_Shen,Zhou_Shen_mock_track_056,Sovits4.0,https://example.invalid/mock/t02/spoof/056
T02,spoof,Cantonese,Li_Jian,Li_Jian_mock_track_057,DiffSinger,https://example.invalid/mock/t02/spoof/057
T02,spoof,Cantonese,Na_Ying,Na_Ying_mock_track_058,DiffSinger,https://example.invalid/mock/t02/spoof/058
T02,spoof,Cantonese,GEM,GEM_mock_track_059,RVC,https://example.invalid/mock/t02/spoof/059
T02,spoof,Cantonese,Bella_Yao,Bella_Yao_mock_track_060,so-vits-svc,https://example.invalid/mock/t02/spoof/060
T02,spoof,Cantonese,Zhou_Shen,Zhou_Shen_mock_track_061,Sovits4.0,https://example.invalid/mock/t02/spoof/061
T02,spoof,Cantonese,Li_Jian,Li_Jian_mock_track_062,DiffSinger,https://example.invalid/mock/t02/spoof/062
T02,spoof,Cantonese,Na_Ying,Na_Ying_mock_track_063,DiffSinger,https://example.invalid/mock/t02/spoof/063
T02,spoof,Cantonese,GEM,GEM_mock_track_064,RVC,https://example.invalid/mock/t02/spoof/064
T02,spoof,Cantonese,Bella_Yao,Bella_Yao_mock_track_065,so-vits-svc,https://example.invalid/mock/t02/spoof/065
T02,spoof,Cantonese,Zhou_Shen,Zhou_Shen_mock_track_066,Sovits4.0,https://example.invalid/mock/t02/spoof/066
T02,spoof,Cantonese,Li_Jian,Li_Jian_mock_track_067,DiffSinger,https://example.invalid/mock/t02/spoof/067
T02,spoof,Cantonese,Na_Ying,Na_Ying_mock_track_068,DiffSinger,https://example.invalid/mock/t02/spoof/068
T02,spoof,Cantonese,GEM,GEM_mock_track_069,RVC,https://example.invalid/mock/t02/spoof/069
T02,spoof,Cantonese,Bella_Yao,Bella_Yao_mock_track_070,so-vits-svc,https://example.invalid/mock/t02/spoof/070
T02,spoof,Cantonese,Zhou_Shen,Zhou_Shen_mock_track_071,Sovits4.0,https://example.invalid/mock/t02/spoof/071
T02,spoof,Cantonese,Li_Jian,Li_Jian_mock_track_072,DiffSinger,https://example.invalid/mock/t02/spoof/072
T02,spoof,Cantonese,Na_Ying,Na_Ying_mock_track_073,DiffSinger,https://example.invalid/mock/t02/spoof/073
T02,spoof,Cantonese,GEM,GEM_mock_track_074,RVC,https://example.invalid/mock/t02/spoof/074
T02,spoof,Cantonese,Bella_Yao,Bella_Yao_mock_track_075,so-vits-svc,https://example.invalid/mock/t02/spoof/075
T02,spoof,Cantonese,Zhou_Shen,Zhou_Shen_mock_track_076,Sovits4.0,https://example.invalid/mock/t02/spoof/076
T02,spoof,Cantonese,Li_Jian,Li_Jian_mock_track_077,DiffSinger,https://example.invalid/mock/t02/spoof/077
T02,spoof,Cantonese,Na_Ying,Na_Ying_mock_track_078,DiffSinger,https://example.invalid/mock/t02/spoof/078
T02,spoof,Cantonese,GEM,GEM_mock_track_079,RVC,https://example.invalid/mock/t02/spoof/079
T02,spoof,Cantonese,Bella_Yao,Bella_Yao_mock_track_080,so-vits-svc,https://example.invalid/mock/t02/spoof/080
T02,spoof,Cantonese,Zhou_Shen,Zhou_Shen_mock_track_081,Sovits4.0,https://example.invalid/mock/t02/spoof/081
T02,spoof,Cantonese,Li_Jian,Li_Jian_mock_track_082,DiffSinger,https://example.invalid/mock/t02/spoof/082
T02,spoof,Cantonese,Na_Ying,Na_Ying_mock_track_083,DiffSinger,https://example.invalid/mock/t02/spoof/083
T02,spoof,Cantonese,GEM,GEM_mock_track_084,RVC,https://example.invalid/mock/t02/spoof/084
T02,spoof,Cantonese,Bella_Yao,Bella_Yao_mock_track_085,so-vits-svc,https://example.invalid/mock/t02/spoof/085
T02,spoof,Cantonese,Zhou_Shen,Zhou_Shen_mock_track_086,Sovits4.0,https://example.invalid/mock/t02/spoof/086
T02,spoof,Cantonese,Li_Jian,Li_Jian_mock_track_087,DiffSinger,https://example.invalid/mock/t02/spoof/087
T02,spoof,Cantonese,Na_Ying,Na_Ying_mock_track_088,DiffSinger,https://example.invalid/mock/t02/spoof/088
T02,spoof,Cantonese,GEM,GEM_mock_track_089,RVC,https://example.invalid/mock/t02/spoof/089
T02,spoof,Cantonese,Bella_Yao,Bella_Yao_mock_track_090,so-vits-svc,https://example.invalid/mock/t02/spoof/090
T02,spoof,Cantonese,Zhou_Shen,Zhou_Shen_mock_track_091,Sovits4.0,https://example.invalid/mock/t02/spoof/091
T02,spoof,Cantonese,Li_Jian,Li_Jian_mock_track_092,DiffSinger,https://example.invalid/mock/t02/spoof/092
T02,spoof,Cantonese,Na_Ying,Na_Ying_mock_track_093,DiffSinger,https://example.invalid/mock/t02/spoof/093
T02,spoof,Cantonese,GEM,GEM_mock_track_094,RVC,https://example.invalid/mock/t02/spoof/094
T02,spoof,Cantonese,Bella_Yao,Bella_Yao_mock_track_095,so-vits-svc,https://example.invalid/mock/t02/spoof/095
T02,spoof,Cantonese,Zhou_Shen,Zhou_Shen_mock_track_096,Sovits4.0,https://example.invalid/mock/t02/spoof/096
T02,spoof,Cantonese,Li_Jian,Li_Jian_mock_track_097,DiffSinger,https://example.invalid/mock/t02/spoof/097
T02,spoof,Cantonese,Na_Ying,Na_Ying_mock_track_098,DiffSinger,https://example.invalid/mock/t02/spoof/098
T02,spoof,Cantonese,GEM,GEM_mock_track_099,RVC,https://example.invalid/mock/t02/spoof/099
T02,spoof,Cantonese,Bella_Yao,Bella_Yao_mock_track_100,so-vits-svc,https://example.invalid/mock/t02/spoof/100
T02,spoof,Cantonese,Zhou_Shen,Zhou_Shen_mock_track_101,Sovits4.0,https://example.invalid/mock/t02/spoof/101
T02,spoof,Cantonese,Li_Jian,Li_Jian_mock_track_102,DiffSinger,https://example.invalid/mock/t02/spoof/102
T02,spoof,Cantonese,Na_Ying,Na_Ying_mock_track_103,DiffSinger,https://example.invalid/mock/t02/spoof/103
T02,spoof,Cantonese,GEM,GEM_mock_track_104,RVC,https://example.invalid/mock/t02/spoof/104
T02,spoof,Cantonese,Bella_Yao,Bella_Yao_mock_track_105,so-vits-svc,https://example.invalid/mock/t02/spoof/105
T02,spoof,Cantonese,Zhou_Shen,Zhou_Shen_mock_track_106,Sovits4.0,https://example.invalid/mock/t02/spoof/106
T02,spoof,Cantonese,Li_Jian,Li_Jian_mock_track_107,DiffSinger,https://example.invalid/mock/t02/spoof/107
T02,spoof,Cantonese,Na_Ying,Na_Ying_mock_track_108,DiffSinger,https://example.invalid/mock/t02/spoof/108
T02,spoof,Cantonese,GEM,GEM_mock_track_109,RVC,https://example.invalid/mock/t02/spoof/109
T02,spoof,Cantonese,Bella_Yao,Bella_Yao_mock_track_110,so-vits-svc,https://example.invalid/mock/t02/spoof/110
T02,spoof,Cantonese,Zhou_Shen,Zhou_Shen_mock_track_111,Sovits4.0,https://example.invalid/mock/t02/spoof/111
T02,spoof,Cantonese,Li_Jian,Li_Jian_mock_track_112,DiffSinger,https://example.invalid/mock/t02/spoof/112
T02,spoof,Cantonese,Na_Ying,Na_Ying_mock_track_113,DiffSinger,https://example.invalid/mock/t02/spoof/113
T02,spoof,Cantonese,GEM,GEM_mock_track_114,RVC,https://example.invalid/mock/t02/spoof/114
T02,spoof,Cantonese,Bella_Yao,Bella_Yao_mock_track_115,so-vits-svc,https://example.invalid/mock/t02/spoof/115
T02,spoof,Cantonese,Zhou_Shen,Zhou_Shen_mock_track_116,Sovits4.0,https://example.invalid/mock/t02/spoof/116
T02,spoof,Cantonese,Li_Jian,Li_Jian_mock_track_117,DiffSinger,https://example.invalid/mock/t02/spoof/117
T02,spoof,Cantonese,Na_Ying,Na_Ying_mock_track_118,DiffSinger,https://example.invalid/mock/t02/spoof/118
T02,spoof,Cantonese,GEM,GEM_mock_track_119,RVC,https://example.invalid/mock/t02/spoof/119
T02,spoof,Cantonese,Bella_Yao,Bella_Yao_mock_track_120,so-vits-svc,https://example.invalid/mock/t02/spoof/120
T02,spoof,Cantonese,Zhou_Shen,Zhou_Shen_mock_track_121,Sovits4.0,https://example.invalid/mock/t02/spoof/121
T02,spoof,Cantonese,Li_Jian,Li_Jian_mock_track_122,DiffSinger,https://example.invalid/mock/t02/spoof/122
T02,spoof,Cantonese,Na_Ying,Na_Ying_mock_track_123,DiffSinger,https://example.invalid/mock/t02/spoof/123
T02,spoof,Cantonese,GEM,GEM_mock_track_124,RVC,https://example.invalid/mock/t02/spoof/124
T02,spoof,Cantonese,Bella_Yao,Bella_Yao_mock_track_125,so-vits-svc,https://example.invalid/mock/t02/spoof/125
T02,spoof,Cantonese,Zhou_Shen,Zhou_Shen_mock_track_126,Sovits4.0,https://example.invalid/mock/t02/spoof/126
T02,spoof,Cantonese,Li_Jian,Li_Jian_mock_track_127,DiffSinger,https://example.invalid/mock/t02/spoof/127
T02,spoof,Cantonese,Na_Ying,Na_Ying_mock_track_128,DiffSinger,https://example.invalid/mock/t02/spoof/128
T02,spoof,Cantonese,GEM,GEM_mock_track_129,RVC,https://example.invalid/mock/t02/spoof/129
T02,spoof,Cantonese,Bella_Yao,Bella_Yao_mock_track_130,so-vits-svc,https://example.invalid/mock/t02/spoof/130
T02,spoof,Cantonese,Zhou_Shen,Zhou_Shen_mock_track_131,Sovits4.0,https://example.invalid/mock/t02/spoof/131
T02,spoof,Cantonese,Li_Jian,Li_Jian_mock_track_132,DiffSinger,https://example.invalid/mock/t02/spoof/132
T02,spoof,Cantonese,Na_Ying,Na_Ying_mock_track_133,DiffSinger,https://example.invalid/mock/t02/spoof/133
T02,spoof,Cantonese,GEM,GEM_mock_track_134,RVC,https://example.invalid/mock/t02/spoof/134
T02,spoof,Cantonese,Bella_Yao,Bella_Yao_mock_track_135,so-vits-svc,https://example.invalid/mock/t02/spoof/135
T02,spoof,Cantonese,Zhou_Shen,Zhou_Shen_mock_track_136,Sovits4.0,https://example.invalid/mock/t02/spoof/136
T02,spoof,Cantonese,Li_Jian,Li_Jian_mock_track_137,DiffSinger,https://example.invalid/mock/t02/spoof/137
T02,spoof,Cantonese,Na_Ying,Na_Ying_mock_track_138,DiffSinger,https://example.invalid/mock/t02/spoof/138
T02,spoof,Cantonese,GEM,GEM_mock_track_139,RVC,https://example.invalid/mock/t02/spoof/139
T02,spoof,Cantonese,Bella_Yao,Bella_Yao_mock_track_140,so-vits-svc,https://example.invalid/mock/t02/spoof/140
T02,spoof,Cantonese,Zhou_Shen,Zhou_Shen_mock_track_141,Sovits4.0,https://example.invalid/mock/t02/spoof/141
T02,spoof,Cantonese,Li_Jian,Li_Jian_mock_track_142,DiffSinger,https://example.invalid/mock/t02/spoof/142
T02,spoof,Cantonese,Na_Ying,Na_Ying_mock_track_143,DiffSinger,https://example.invalid/mock/t02/spoof/143
T02,spoof,Cantonese,GEM,GEM_mock_track_144,RVC,https://example.invalid/mock/t02/spoof/144
T02,spoof,Cantonese,Bella_Yao,Bella_Yao_mock_track_145,so-vits-svc,https://example.invalid/mock/t02/spoof/145
T02,spoof,Cantonese,Zhou_Shen,Zhou_Shen_mock_track_146,Sovits4.0,https://example.invalid/mock/t02/spoof/146
T02,spoof,Cantonese,Li_Jian,Li_Jian_mock_track_147,DiffSinger,https://example.invalid/mock/t02/spoof/147
T02,spoof,Cantonese,Na_Ying,Na_Ying_mock_track_148,DiffSinger,https://example.invalid/mock/t02/spoof/148
T02,spoof,Cantonese,GEM,GEM_mock_track_149,RVC,https://example.invalid/mock/t02/spoof/149
T02,spoof,Cantonese,Bella_Yao,Bella_Yao_mock_track_150,so-vits-svc,https://example.invalid/mock/t02/spoof/150
T03,bonafide,Cantonese,Zhou_Shen,Zhou_Shen_mock_track_001,N/A,https://example.invalid/mock/t03/bonafide/001
T03,bonafide,Cantonese,Li_Jian,Li_Jian_mock_track_002,N/A,https://example.invalid/mock/t03/bonafide/002
T03,bonafide,Cantonese,Na_Ying,Na_Ying_mock_track_003,N/A,https://example.invalid/mock/t03/bonafide/003
T03,bonafide,Cantonese,GEM,GEM_mock_track_004,N/A,https://example.invalid/mock/t03/bonafide/004
T03,bonafide,Cantonese,Bella_Yao,Bella_Yao_mock_track_005,N/A,https://example.invalid/mock/t03/bonafide/005
T03,bonafide,Cantonese,Zhou_Shen,Zhou_Shen_mock_track_006,N/A,https://example.invalid/mock/t03/bonafide/006
T03,bonafide,Cantonese,Li_Jian,Li_Jian_mock_track_007,N/A,https://example.invalid/mock/t03/bonafide/007
T03,bonafide,Cantonese,Na_Ying,Na_Ying_mock_track_008,N/A,https://example.invalid/mock/t03/bonafide/008
T03,bonafide,Cantonese,GEM,GEM_mock_track_009,N/A,https://example.invalid/mock/t03/bonafide/009
T03,bonafide,Cantonese,Bella_Yao,Bella_Yao_mock_track_010,N/A,https://example.invalid/mock/t03/bonafide/010
T03,bonafide,Cantonese,Zhou_Shen,Zhou_Shen_mock_track_011,N/A,https://example.invalid/mock/t03/bonafide/011
T03,bonafide,Cantonese,Li_Jian,Li_Jian_mock_track_012,N/A,https://example.invalid/mock/t03/bonafide/012
T03,bonafide,Cantonese,Na_Ying,Na_Ying_mock_track_013,N/A,https://example.invalid/mock/t03/bonafide/013
T03,bonafide,Cantonese,GEM,GEM_mock_track_014,N/A,https://example.invalid/mock/t03/bonafide/014
T03,bonafide,Cantonese,Bella_Yao,Bella_Yao_mock_track_015,N/A,https://example.invalid/mock/t03/bonafide/015
T03,bonafide,Cantonese,Zhou_Shen,Zhou_Shen_mock_track_016,N/A,https://example.invalid/mock/t03/bonafide/016
T03,bonafide,Cantonese,Li_Jian,Li_Jian_mock_track_017,N/A,https://example.invalid/mock/t03/bonafide/017
T03,bonafide,Cantonese,Na_Ying,Na_Ying_mock_track_018,N/A,https://example.invalid/mock/t03/bonafide/018
T03,bonafide,Cantonese,GEM,GEM_mock_track_019,N/A,https://example.invalid/mock/t03/bonafide/019
T03,bonafide,Cantonese,Bella_Yao,Bella_Yao_mock_track_020,N/A,https://example.invalid/mock/t03/bonafide/020
T03,bonafide,Cantonese,Zhou_Shen,Zhou_Shen_mock_track_021,N/A,https://example.invalid/mock/t03/bonafide/021
T03,bonafide,Cantonese,Li_Jian,Li_Jian_mock_track_022,N/A,https://example.invalid/mock/t03/bonafide/022
T03,bonafide,Cantonese,Na_Ying,Na_Ying_mock_track_023,N/A,https://example.invalid/mock/t03/bonafide/023
T03,bonafide,Cantonese,GEM,GEM_mock_track_024,N/A,https://example.invalid/mock/t03/bonafide/024
T03,bonafide,Cantonese,Bella_Yao,Bella_Yao_mock_track_025,N/A,https://example.invalid/mock/t03/bonafide/025
T03,bonafide,Cantonese,Zhou_Shen,Zhou_Shen_mock_track_026,N/A,https://example.invalid/mock/t03/bonafide/026
T03,bonafide,Cantonese,Li_Jian,Li_Jian_mock_track_027,N/A,https://example.invalid/mock/t03/bonafide/027
T03,bonafide,Cantonese,Na_Ying,Na_Ying_mock_track_028,N/A,https://example.invalid/mock/t03/bonafide/028
T03,bonafide,Cantonese,GEM,GEM_mock_track_029,N/A,https://example.invalid/mock/t03/bonafide/029
T03,bonafide,Cantonese,Bella_Yao,Bella_Yao_mock_track_030,N/A,https://example.invalid/mock/t03/bonafide/030
T03,bonafide,Cantonese,Zhou_Shen,Zhou_Shen_mock_track_031,N/A,https://example.invalid/mock/t03/bonafide/031
T03,bonafide,Cantonese,Li_Jian,Li_Jian_mock_track_032,N/A,https://example.invalid/mock/t03/bonafide/032
T03,bonafide,Cantonese,Na_Ying,Na_Ying_mock_track_033,N/A,https://example.invalid/mock/t03/bonafide/033
T03,bonafide,Cantonese,GEM,GEM_mock_track_034,N/A,https://example.invalid/mock/t03/bonafide/034
T03,bonafide,Cantonese,Bella_Yao,Bella_Yao_mock_track_035,N/A,https://example.invalid/mock/t03/bonafide/035
T03,bonafide,Cantonese,Zhou_Shen,Zhou_Shen_mock_track_036,N/A,https://example.invalid/mock/t03/bonafide/036
T03,bonafide,Cantonese,Li_Jian,Li_Jian_mock_track_037,N/A,https://example.invalid/mock/t03/bonafide/037
T03,bonafide,Cantonese,Na_Ying,Na_Ying_mock_track_038,N/A,https://example.invalid/mock/t03/bonafide/038
T03,bonafide,Cantonese,GEM,GEM_mock_track_039,N/A,https://example.invalid/mock/t03/bonafide/039
T03,bonafide,Cantonese,Bella_Yao,Bella_Yao_mock_track_040,N/A,https://example.invalid/mock/t03/bonafide/040
T03,bonafide,Cantonese,Zhou_Shen,Zhou_Shen_mock_track_041,N/A,https://example.invalid/mock/t03/bonafide/041
T03,bonafide,Cantonese,Li_Jian,Li_Jian_mock_track_042,N/A,https://example.invalid/mock/t03/bonafide/042
T03,bonafide,Cantonese,Na_Ying,Na_Ying_mock_track_043,N/A,https://example.invalid/mock/t03/bonafide/043
T03,bonafide,Cantonese,GEM,GEM_mock_track_044,N/A,https://example.invalid/mock/t03/bonafide/044
T03,bonafide,Cantonese,Bella_Yao,Bella_Yao_mock_track_045,N/A,https://example.invalid/mock/t03/bonafide/045
T03,bonafide,Cantonese,Zhou_Shen,Zhou_Shen_mock_track_046,N/A,https://example.invalid/mock/t03/bonafide/046
T03,bonafide,Cantonese,Li_Jian,Li_Jian_mock_track_047,N/A,https://example.invalid/mock/t03/bonafide/047
T03,bonafide,Cantonese,Na_Ying,Na_Ying_mock_track_048,N/A,https://example.invalid/mock/t03/bonafide/048
T03,bonafide,Cantonese,GEM,GEM_mock_track_049,N/A,https://example.invalid/mock/t03/bonafide/049
T03,bonafide,Cantonese,Bella_Yao,Bella_Yao_mock_track_050,N/A,https://example.invalid/mock/t03/bonafide/050
T03,bonafide,Cantonese,Zhou_Shen,Zhou_Shen_mock_track_051,N/A,https://example.invalid/mock/t03/bonafide/051
T03,bonafide,Cantonese,Li_Jian,Li_Jian_mock_track_052,N/A,https://example.invalid/mock/t03/bonafide/052
T03,bonafide,Cantonese,Na_Ying,Na_Ying_mock_track_053,N/A,https://example.invalid/mock/t03/bonafide/053
T03,bonafide,Cantonese,GEM,GEM_mock_track_054,N/A,https://example.invalid/mock/t03/bonafide/054
T03,bonafide,Cantonese,Bella_Yao,Bella_Yao_mock_track_055,N/A,https://example.invalid/mock/t03/bonafide/055
T03,bonafide,Cantonese,Zhou_Shen,Zhou_Shen_mock_track_056,N/A,https://example.invalid/mock/t03/bonafide/056
T03,bonafide,Cantonese,Li_Jian,Li_Jian_mock_track_057,N/A,https://example.invalid/mock/t03/bonafide/057
T03,bonafide,Cantonese,Na_Ying,Na_Ying_mock_track_058,N/A,https://example.invalid/mock/t03/bonafide/058
T03,bonafide,Cantonese,GEM,GEM_mock_track_059,N/A,https://example.invalid/mock/t03/bonafide/059
T03,bonafide,Cantonese,Bella_Yao,Bella_Yao_mock_track_060,N/A,https://example.invalid/mock/t03/bonafide/060
T03,bonafide,Cantonese,Zhou_Shen,Zhou_Shen_mock_track_061,N/A,https://example.invalid/mock/t03/bonafide/061
T03,bonafide,Cantonese,Li_Jian,Li_Jian_mock_track_062,N/A,https://example.invalid/mock/t03/bonafide/062
T03,bonafide,Cantonese,Na_Ying,Na_Ying_mock_track_063,N/A,https://example.invalid/mock/t03/bonafide/063
T03,bonafide,Cantonese,GEM,GEM_mock_track_064,N/A,https://example.invalid/mock/t03/bonafide/064
T03,bonafide,Cantonese,Bella_Yao,Bella_Yao_mock_track_065,N/A,https://example.invalid/mock/t03/bonafide/065
T03,bonafide,Cantonese,Zhou_Shen,Zhou_Shen_mock_track_066,N/A,https://example.invalid/mock/t03/bonafide/066
T03,bonafide,Cantonese,Li_Jian,Li_Jian_mock_track_067,N/A,https://example.invalid/mock/t03/bonafide/067
T03,bonafide,Cantonese,Na_Ying,Na_Ying_mock_track_068,N/A,https://example.invalid/mock/t03/bonafide/068
T03,bonafide,Cantonese,GEM,GEM_mock_track_069,N/A,https://example.invalid/mock/t03/bonafide/069
T03,bonafide,Cantonese,Bella_Yao,Bella_Yao_mock_track_070,N/A,https://example.invalid/mock/t03/bonafide/070
T03,bonafide,Cantonese,Zhou_Shen,Zhou_Shen_mock_track_071,N/A,https://example.invalid/mock/t03/bonafide/071
T03,bonafide,Cantonese,Li_Jian,Li_Jian_mock_track_072,N/A,https://example.invalid/mock/t03/bonafide/072
T03,bonafide,Cantonese,Na_Ying,Na_Ying_mock_track_073,N/A,https://example.invalid/mock/t03/bonafide/073
T03,bonafide,Cantonese,GEM,GEM_mock_track_074,N/A,https://example.invalid/mock/t03/bonafide/074
T03,bonafide,Cantonese,Bella_Yao,Bella_Yao_mock_track_075,N/A,https://example.invalid/mock/t03/bonafide/075
T03,bonafide,Cantonese,Zhou_Shen,Zhou_Shen_mock_track_076,N/A,https://example.invalid/mock/t03/bonafide/076
T03,bonafide,Cantonese,Li_Jian,Li_Jian_mock_track_077,N/A,https://example.invalid/mock/t03/bonafide/077
T03,bonafide,Cantonese,Na_Ying,Na_Ying_mock_track_078,N/A,https://example.invalid/mock/t03/bonafide/078
T03,bonafide,Cantonese,GEM,GEM_mock_track_079,N/A,https://example.invalid/mock/t03/bonafide/079
T03,bonafide,Cantonese,Bella_Yao,Bella_Yao_mock_track_080,N/A,https://example.invalid/mock/t03/bonafide/080
T03,bonafide,Cantonese,Zhou_Shen,Zhou_Shen_mock_track_081,N/A,https://example.invalid/mock/t03/bonafide/081
T03,bonafide,Cantonese,Li_Jian,Li_Jian_mock_track_082,N/A,https://example.invalid/mock/t03/bonafide/082
T03,bonafide,Cantonese,Na_Ying,Na_Ying_mock_track_083,N/A,https://example.invalid/mock/t03/bonafide/083
T03,bonafide,Cantonese,GEM,GEM_mock_track_084,N/A,https://example.invalid/mock/t03/bonafide/084
T03,bonafide,Cantonese,Bella_Yao,Bella_Yao_mock_track_085,N/A,https://example.invalid/mock/t03/bonafide/085
T03,bonafide,Cantonese,Zhou_Shen,Zhou_Shen_mock_track_086,N/A,https://example.invalid/mock/t03/bonafide/086
T03,bonafide,Cantonese,Li_Jian,Li_Jian_mock_track_087,N/A,https://example.invalid/mock/t03/bonafide/087
T03,bonafide,Cantonese,Na_Ying,Na_Ying_mock_track_088,N/A,https://example.invalid/mock/t03/bonafide/088
T03,bonafide,Cantonese,GEM,GEM_mock_track_089,N/A,https://example.invalid/mock/t03/bonafide/089
T03,bonafide,Cantonese,Bella_Yao,Bella_Yao_mock_track_090,N/A,https://example.invalid/mock/t03/bonafide/090
T03,bonafide,Cantonese,Zhou_Shen,Zhou_Shen_mock_track_091,N/A,https://example.invalid/mock/t03/bonafide/091
T03,bonafide,Cantonese,Li_Jian,Li_Jian_mock_track_092,N/A,https://example.invalid/mock/t03/bonafide/092
T03,bonafide,Cantonese,Na_Ying,Na_Ying_mock_track_093,N/A,https://example.invalid/mock/t03/bonafide/093
T03,bonafide,Cantonese,GEM,GEM_mock_track_094,N/A,https://example.invalid/mock/t03/bonafide/094
T03,bonafide,Cantonese,Bella_Yao,Bella_Yao_mock_track_095,N/A,https://example.invalid/mock/t03/bonafide/095
T03,bonafide,Cantonese,Zhou_Shen,Zhou_Shen_mock_track_096,N/A,https://example.invalid/mock/t03/bonafide/096
T03,bonafide,Cantonese,Li_Jian,Li_Jian_mock_track_097,N/A,https://example.invalid/mock/t03/bonafide/097
T03,bonafide,Cantonese,Na_Ying,Na_Ying_mock_track_098,N/A,https://example.invalid/mock/t03/bonafide/098
T03,bonafide,Cantonese,GEM,GEM_mock_track_099,N/A,https://example.invalid/mock/t03/bonafide/099
T03,bonafide,Cantonese,Bella_Yao,Bella_Yao_mock_track_100,N/A,https://example.invalid/mock/t03/bonafide/100
T03,bonafide,Cantonese,Zhou_Shen,Zhou_Shen_mock_track_101,N/A,https://example.invalid/mock/t03/bonafide/101
T03,bonafide,Cantonese,Li_Jian,Li_Jian_mock_track_102,N/A,https://example.invalid/mock/t03/bonafide/102
T03,bonafide,Cantonese,Na_Ying,Na_Ying_mock_track_103,N/A,https://example.invalid/mock/t03/bonafide/103
T03,bonafide,Cantonese,GEM,GEM_mock_track_104,N/A,https://example.invalid/mock/t03/bonafide/104
T03,bonafide,Cantonese,Bella_Yao,Bella_Yao_mock_track_105,N/A,https://example.invalid/mock/t03/bonafide/105
T03,bonafide,Cantonese,Zhou_Shen,Zhou_Shen_mock_track_106,N/A,https://example.invalid/mock/t03/bonafide/106
T03,bonafide,Cantonese,Li_Jian,Li_Jian_mock_track_107,N/A,https://example.invalid/mock/t03/bonafide/107
T03,bonafide,Cantonese,Na_Ying,Na_Ying_mock_track_108,N/A,https://example.invalid/mock/t03/bonafide/108
T03,bonafide,Cantonese,GEM,GEM_mock_track_109,N/A,https://example.invalid/mock/t03/bonafide/109
T03,bonafide,Cantonese,Bella_Yao,Bella_Yao_mock_track_110,N/A,https://example.invalid/mock/t03/bonafide/110
T03,bonafide,Cantonese,Zhou_Shen,Zhou_Shen_mock_track_111,N/A,https://example.invalid/mock/t03/bonafide/111
T03,bonafide,Cantonese,Li_Jian,Li_Jian_mock_track_112,N/A,https://example.invalid/mock/t03/bonafide/112
T03,bonafide,Cantonese,Na_Ying,Na_Ying_mock_track_113,N/A,https://example.invalid/mock/t03/bonafide/113
T03,bonafide,Cantonese,GEM,GEM_mock_track_114,N/A,https://example.invalid/mock/t03/bonafide/114
T03,bonafide,Cantonese,Bella_Yao,Bella_Yao_mock_track_115,N/A,https://example.invalid/mock/t03/bonafide/115
T03,bonafide,Cantonese,Zhou_Shen,Zhou_Shen_mock_track_116,N/A,https://example.invalid/mock/t03/bonafide/116
T03,bonafide,Cantonese,Li_Jian,Li_Jian_mock_track_117,N/A,https://example.invalid/mock/t03/bonafide/117
T03,bonafide,Cantonese,Na_Ying,Na_Ying_mock_track_118,N/A,https://example.invalid/mock/t03/bonafide/118
T03,bonafide,Cantonese,GEM,GEM_mock_track_119,N/A,https://example.invalid/mock/t03/bonafide/119
T03,bonafide,Cantonese,Bella_Yao,Bella_Yao_mock_track_120,N/A,https://example.invalid/mock/t03/bonafide/120
T03,bonafide,Cantonese,Zhou_Shen,Zhou_Shen_mock_track_121,N/A,https://example.invalid/mock/t03/bonafide/121
T03,bonafide,Cantonese,Li_Jian,Li_Jian_mock_track_122,N/A,https://example.invalid/mock/t03/bonafide/122
T03,bonafide,Cantonese,Na_Ying,Na_Ying_mock_track_123,N/A,https://example.invalid/mock/t03/bonafide/123
T03,bonafide,Cantonese,GEM,GEM_mock_track_124,N/A,https://example.invalid/mock/t03/bonafide/124
T03,bonafide,Cantonese,Bella_Yao,Bella_Yao_mock_track_125,N/A,https://example.invalid/mock/t03/bonafide/125
T03,bonafide,Cantonese,Zhou_Shen,Zhou_Shen_mock_track_126,N/A,https://example.invalid/mock/t03/bonafide/126
T03,bonafide,Cantonese,Li_Jian,Li_Jian_mock_track_127,N/A,https://example.invalid/mock/t03/bonafide/127
T03,bonafide,Cantonese,Na_Ying,Na_Ying_mock_track_128,N/A,https://example.invalid/mock/t03/bonafide/128
T03,bonafide,Cantonese,GEM,GEM_mock_track_129,N/A,https://example.invalid/mock/t03/bonafide/129
T03,bonafide,Cantonese,Bella_Yao,Bella_Yao_mock_track_130,N/A,https://example.invalid/mock/t03/bonafide/130
T03,bonafide,Cantonese,Zhou_Shen,Zhou_Shen_mock_track_131,N/A,https://example.invalid/mock/t03/bonafide/131
T03,bonafide,Cantonese,Li_Jian,Li_Jian_mock_track_132,N/A,https://example.invalid/mock/t03/bonafide/132
T03,bonafide,Cantonese,Na_Ying,Na_Ying_mock_track_133,N/A,https://example.invalid/mock/t03/bonafide/133
T03,bonafide,Cantonese,GEM,GEM_mock_track_134,N/A,https://example.invalid/mock/t03/bonafide/134
T03,bonafide,Cantonese,Bella_Yao,Bella_Yao_mock_track_135,N/A,https://example.invalid/mock/t03/bonafide/135
T03,bonafide,Cantonese,Zhou_Shen,Zhou_Shen_mock_track_136,N/A,https://example.invalid/mock/t03/bonafide/136
T03,bonafide,Cantonese,Li_Jian,Li_Jian_mock_track_137,N/A,https://example.invalid/mock/t03/bonafide/137
T03,bonafide,Cantonese,Na_Ying,Na_Ying_mock_track_138,N/A,https://example.invalid/mock/t03/bonafide/138
T03,bonafide,Cantonese,GEM,GEM_mock_track_139,N/A,https://example.invalid/mock/t03/bonafide/139
T03,bonafide,Cantonese,Bella_Yao,Bella_Yao_mock_track_140,N/A,https://example.invalid/mock/t03/bonafide/140
T03,bonafide,Cantonese,Zhou_Shen,Zhou_Shen_mock_track_141,N/A,https://example.invalid/mock/t03/bonafide/141
T03,bonafide,Cantonese,Li_Jian,Li_Jian_mock_track_142,N/A,https://example.invalid/mock/t03/bonafide/142
T03,bonafide,Cantonese,Na_Ying,Na_Ying_mock_track_143,N/A,https://example.invalid/mock/t03/bonafide/143
T03,bonafide,Cantonese,GEM,GEM_mock_track_144,N/A,https://example.invalid/mock/t03/bonafide/144
T03,bonafide,Cantonese,Bella_Yao,Bella_Yao_mock_track_145,N/A,https://example.invalid/mock/t03/bonafide/145
T03,bonafide,Cantonese,Zhou_Shen,Zhou_Shen_mock_track_146,N/A,https://example.invalid/mock/t03/bonafide/146
T03,bonafide,Cantonese,Li_Jian,Li_Jian_mock_track_147,N/A,https://example.invalid/mock/t03/bonafide/147
T03,bonafide,Cantonese,Na_Ying,Na_Ying_mock_track_148,N/A,https://example.invalid/mock/t03/bonafide/148
T03,bonafide,Cantonese,GEM,GEM_mock_track_149,N/A,https://example.invalid/mock/t03/bonafide/149
T03,bonafide,Cantonese,Bella_Yao,Bella_Yao_mock_track_150,N/A,https://example.invalid/mock/t03/bonafide/150
T03,spoof,Mandarin,Zhou_Shen,Zhou_Shen_mock_track_001,Sovits4.0,https://example.invalid/mock/t03/spoof/001
T03,spoof,Mandarin,Li_Jian,Li_Jian_mock_track_002,DiffSinger,https://example.invalid/mock/t03/spoof/002
T03,spoof,Mandarin,Na_Ying,Na_Ying_mock_track_003,DiffSinger,https://example.invalid/mock/t03/spoof/003
T03,spoof,Mandarin,GEM,GEM_mock_track_004,RVC,https://example.invalid/mock/t03/spoof/004
T03,spoof,Mandarin,Bella_Yao,Bella_Yao_mock_track_005,so-vits-svc,https://example.invalid/mock/t03/spoof/005
T03,spoof,Mandarin,Zhou_Shen,Zhou_Shen_mock_track_006,Sovits4.0,https://example.invalid/mock/t03/spoof/006
T03,spoof,Mandarin,Li_Jian,Li_Jian_mock_track_007,DiffSinger,https://example.invalid/mock/t03/spoof/007
T03,spoof,Mandarin,Na_Ying,Na_Ying_mock_track_008,DiffSinger,https://example.invalid/mock/t03/spoof/008
T03,spoof,Mandarin,GEM,GEM_mock_track_009,RVC,https://example.invalid/mock/t03/spoof/009
T03,spoof,Mandarin,Bella_Yao,Bella_Yao_mock_track_010,so-vits-svc,https://example.invalid/mock/t03/spoof/010
T03,spoof,Mandarin,Zhou_Shen,Zhou_Shen_mock_track_011,Sovits4.0,https://example.invalid/mock/t03/spoof/011
T03,spoof,Mandarin,Li_Jian,Li_Jian_mock_track_012,DiffSinger,https://example.invalid/mock/t03/spoof/012
T03,spoof,Mandarin,Na_Ying,Na_Ying_mock_track_013,DiffSinger,https://example.invalid/mock/t03/spoof/013
T03,spoof,Mandarin,GEM,GEM_mock_track_014,RVC,https://example.invalid/mock/t03/spoof/014
T03,spoof,Mandarin,Bella_Yao,Bella_Yao_mock_track_015,so-vits-svc,https://example.invalid/mock/t03/spoof/015
T03,spoof,Mandarin,Zhou_Shen,Zhou_Shen_mock_track_016,Sovits4.0,https://example.invalid/mock/t03/spoof/016
T03,spoof,Mandarin,Li_Jian,Li_Jian_mock_track_017,DiffSinger,https://example.invalid/mock/t03/spoof/017
T03,spoof,Mandarin,Na_Ying,Na_Ying_mock_track_018,DiffSinger,https://example.invalid/mock/t03/spoof/018
T03,spoof,Mandarin,GEM,GEM_mock_track_019,RVC,https://example.invalid/mock/t03/spoof/019
T03,spoof,Mandarin,Bella_Yao,Bella_Yao_mock_track_020,so-vits-svc,https://example.invalid/mock/t03/spoof/020
T03,spoof,Mandarin,Zhou_Shen,Zhou_Shen_mock_track_021,Sovits4.0,https://example.invalid/mock/t03/spoof/021
T03,spoof,Mandarin,Li_Jian,Li_Jian_mock_track_022,DiffSinger,https://example.invalid/mock/t03/spoof/022
T03,spoof,Mandarin,Na_Ying,Na_Ying_mock_track_023,DiffSinger,https://example.invalid/mock/t03/spoof/023
T03,spoof,Mandarin,GEM,GEM_mock_track_024,RVC,https://example.invalid/mock/t03/spoof/024
T03,spoof,Mandarin,Bella_Yao,Bella_Yao_mock_track_025,so-vits-svc,https://example.invalid/mock/t03/spoof/025
T03,spoof,Mandarin,Zhou_Shen,Zhou_Shen_mock_track_026,Sovits4.0,https://example.invalid/mock/t03/spoof/026
T03,spoof,Mandarin,Li_Jian,Li_Jian_mock_track_027,DiffSinger,https://example.invalid/mock/t03/spoof/027
T03,spoof,Mandarin,Na_Ying,Na_Ying_mock_track_028,DiffSinger,https://example.invalid/mock/t03/spoof/028
T03,spoof,Mandarin,GEM,GEM_mock_track_029,RVC,https://example.invalid/mock/t03/spoof/029
T03,spoof,Mandarin,Bella_Yao,Bella_Yao_mock_track_030,so-vits-svc,https://example.invalid/mock/t03/spoof/030
T03,spoof,Mandarin,Zhou_Shen,Zhou_Shen_mock_track_031,Sovits4.0,https://example.invalid/mock/t03/spoof/031
T03,spoof,Mandarin,Li_Jian,Li_Jian_mock_track_032,DiffSinger,https://example.invalid/mock/t03/spoof/032
T03,spoof,Mandarin,Na_Ying,Na_Ying_mock_track_033,DiffSinger,https://example.invalid/mock/t03/spoof/033
T03,spoof,Mandarin,GEM,GEM_mock_track_034,RVC,https://example.invalid/mock/t03/spoof/034
T03,spoof,Mandarin,Bella_Yao,Bella_Yao_mock_track_035,so-vits-svc,https://example.invalid/mock/t03/spoof/035
T03,spoof,Mandarin,Zhou_Shen,Zhou_Shen_mock_track_036,Sovits4.0,https://example.invalid/mock/t03/spoof/036
T03,spoof,Mandarin,Li_Jian,Li_Jian_mock_track_037,DiffSinger,https://example.invalid/mock/t03/spoof/037
T03,spoof,Mandarin,Na_Ying,Na_Ying_mock_track_038,DiffSinger,https://example.invalid/mock/t03/spoof/038
T03,spoof,Mandarin,GEM,GEM_mock_track_039,RVC,https://example.invalid/mock/t03/spoof/039
T03,spoof,Mandarin,Bella_Yao,Bella_Yao_mock_track_040,so-vits-svc,https://example.invalid/mock/t03/spoof/040
T03,spoof,Mandarin,Zhou_Shen,Zhou_Shen_mock_track_041,Sovits4.0,https://example.invalid/mock/t03/spoof/041
T03,spoof,Mandarin,Li_Jian,Li_Jian_mock_track_042,DiffSinger,https://example.invalid/mock/t03/spoof/042
T03,spoof,Mandarin,Na_Ying,Na_Ying_mock_track_043,DiffSinger,https://example.invalid/mock/t03/spoof/043
T03,spoof,Mandarin,GEM,GEM_mock_track_044,RVC,https://example.invalid/mock/t03/spoof/044
T03,spoof,Mandarin,Bella_Yao,Bella_Yao_mock_track_045,so-vits-svc,https://example.invalid/mock/t03/spoof/045
T03,spoof,Mandarin,Zhou_Shen,Zhou_Shen_mock_track_046,Sovits4.0,https://example.invalid/mock/t03/spoof/046
T03,spoof,Mandarin,Li_Jian,Li_Jian_mock_track_047,DiffSinger,https://example.invalid/mock/t03/spoof/047
T03,spoof,Mandarin,Na_Ying,Na_Ying_mock_track_048,DiffSinger,https://example.invalid/mock/t03/spoof/048
T03,spoof,Mandarin,GEM,GEM_mock_track_049,RVC,https://example.invalid/mock/t03/spoof/049
T03,spoof,Mandarin,Bella_Yao,Bella_Yao_mock_track_050,so-vits-svc,https://example.invalid/mock/t03/spoof/050
T03,spoof,Mandarin,Zhou_Shen,Zhou_Shen_mock_track_051,Sovits4.0,https://example.invalid/mock/t03/spoof/051
T03,spoof,Mandarin,Li_Jian,Li_Jian_mock_track_052,DiffSinger,https://example.invalid/mock/t03/spoof/052
T03,spoof,Mandarin,Na_Ying,Na_Ying_mock_track_053,DiffSinger,https://example.invalid/mock/t03/spoof/053
T03,spoof,Mandarin,GEM,GEM_mock_track_054,RVC,https://example.invalid/mock/t03/spoof/054
T03,spoof,Mandarin,Bella_Yao,Bella_Yao_mock_track_055,so-vits-svc,https://example.invalid/mock/t03/spoof/055
T03,spoof,Mandarin,Zhou_Shen,Zhou_Shen_mock_track_056,Sovits4.0,https://example.invalid/mock/t03/spoof/056
T03,spoof,Mandarin,Li_Jian,Li_Jian_mock_track_057,DiffSinger,https://example.invalid/mock/t03/spoof/057
T03,spoof,Mandarin,Na_Ying,Na_Ying_mock_track_058,DiffSinger,https://example.invalid/mock/t03/spoof/058
T03,spoof,Mandarin,GEM,GEM_mock_track_059,RVC,https://example.invalid/mock/t03/spoof/059
T03,spoof,Mandarin,Bella_Yao,Bella_Yao_mock_track_060,so-vits-svc,https://example.invalid/mock/t03/spoof/060
T03,spoof,Mandarin,Zhou_Shen,Zhou_Shen_mock_track_061,Sovits4.0,https://example.invalid/mock/t03/spoof/061
T03,spoof,Mandarin,Li_Jian,Li_Jian_mock_track_062,DiffSinger,https://example.invalid/mock/t03/spoof/062
T03,spoof,Mandarin,Na_Ying,Na_Ying_mock_track_063,DiffSinger,https://example.invalid/mock/t03/spoof/063
T03,spoof,Mandarin,GEM,GEM_mock_track_064,RVC,https://example.invalid/mock/t03/spoof/064
T03,spoof,Mandarin,Bella_Yao,Bella_Yao_mock_track_065,so-vits-svc,https://example.invalid/mock/t03/spoof/065
T03,spoof,Mandarin,Zhou_Shen,Zhou_Shen_mock_track_066,Sovits4.0,https://example.invalid/mock/t03/spoof/066
T03,spoof,Mandarin,Li_Jian,Li_Jian_mock_track_067,DiffSinger,https://example.invalid/mock/t03/spoof/067
T03,spoof,Mandarin,Na_Ying,Na_Ying_mock_track_068,DiffSinger,https://example.invalid/mock/t03/spoof/068
T03,spoof,Mandarin,GEM,GEM_mock_track_069,RVC,https://example.invalid/mock/t03/spoof/069
T03,spoof,Mandarin,Bella_Yao,Bella_Yao_mock_track_070,so-vits-svc,https://example.invalid/mock/t03/spoof/070
T03,spoof,Mandarin,Zhou_Shen,Zhou_Shen_mock_track_071,Sovits4.0,https://example.invalid/mock/t03/spoof/071
T03,spoof,Mandarin,Li_Jian,Li_Jian_mock_track_072,DiffSinger,https://example.invalid/mock/t03/spoof/072
T03,spoof,Mandarin,Na_Ying,Na_Ying_mock_track_073,DiffSinger,https://example.invalid/mock/t03/spoof/073
T03,spoof,Mandarin,GEM,GEM_mock_track_074,RVC,https://example.invalid/mock/t03/spoof/074
T03,spoof,Mandarin,Bella_Yao,Bella_Yao_mock_track_075,so-vits-svc,https://example.invalid/mock/t03/spoof/075
T03,spoof,Mandarin,Zhou_Shen,Zhou_Shen_mock_track_076,Sovits4.0,https://example.invalid/mock/t03/spoof/076
T03,spoof,Mandarin,Li_Jian,Li_Jian_mock_track_077,DiffSinger,https://example.invalid/mock/t03/spoof/077
T03,spoof,Mandarin,Na_Ying,Na_Ying_mock_track_078,DiffSinger,https://example.invalid/mock/t03/spoof/078
T03,spoof,Mandarin,GEM,GEM_mock_track_079,RVC,https://example.invalid/mock/t03/spoof/079
T03,spoof,Mandarin,Bella_Yao,Bella_Yao_mock_track_080,so-vits-svc,https://example.invalid/mock/t03/spoof/080
T03,spoof,Mandarin,Zhou_Shen,Zhou_Shen_mock_track_081,Sovits4.0,https://example.invalid/mock/t03/spoof/081
T03,spoof,Mandarin,Li_Jian,Li_Jian_mock_track_082,DiffSinger,https://example.invalid/mock/t03/spoof/082
T03,spoof,Mandarin,Na_Ying,Na_Ying_mock_track_083,DiffSinger,https://example.invalid/mock/t03/spoof/083
T03,spoof,Mandarin,GEM,GEM_mock_track_084,RVC,https://example.invalid/mock/t03/spoof/084
T03,spoof,Mandarin,Bella_Yao,Bella_Yao_mock_track_085,so-vits-svc,https://example.invalid/mock/t03/spoof/085
T03,spoof,Mandarin,Zhou_Shen,Zhou_Shen_mock_track_086,Sovits4.0,https://example.invalid/mock/t03/spoof/086
T03,spoof,Mandarin,Li_Jian,Li_Jian_mock_track_087,DiffSinger,https://example.invalid/mock/t03/spoof/087
T03,spoof,Mandarin,Na_Ying,Na_Ying_mock_track_088,DiffSinger,https://example.invalid/mock/t03/spoof/088
T03,spoof,Mandarin,GEM,GEM_mock_track_089,RVC,https://example.invalid/mock/t03/spoof/089
T03,spoof,Mandarin,Bella_Yao,Bella_Yao_mock_track_090,so-vits-svc,https://example.invalid/mock/t03/spoof/090
T03,spoof,Mandarin,Zhou_Shen,Zhou_Shen_mock_track_091,Sovits4.0,https://example.invalid/mock/t03/spoof/091
T03,spoof,Mandarin,Li_Jian,Li_Jian_mock_track_092,DiffSinger,https://example.invalid/mock/t03/spoof/092
T03,spoof,Mandarin,Na_Ying,Na_Ying_mock_track_093,DiffSinger,https://example.invalid/mock/t03/spoof/093
T03,spoof,Mandarin,GEM,GEM_mock_track_094,RVC,https://example.invalid/mock/t03/spoof/094
T03,spoof,Mandarin,Bella_Yao,Bella_Yao_mock_track_095,so-vits-svc,https://example.invalid/mock/t03/spoof/095
T03,spoof,Mandarin,Zhou_Shen,Zhou_Shen_mock_track_096,Sovits4.0,https://example.invalid/mock/t03/spoof/096
T03,spoof,Mandarin,Li_Jian,Li_Jian_mock_track_097,DiffSinger,https://example.invalid/mock/t03/spoof/097
T03,spoof,Mandarin,Na_Ying,Na_Ying_mock_track_098,DiffSinger,https://example.invalid/mock/t03/spoof/098
T03,spoof,Mandarin,GEM,GEM_mock_track_099,RVC,https://example.invalid/mock/t03/spoof/099
T03,spoof,Mandarin,Bella_Yao,Bella_Yao_mock_track_100,so-vits-svc,https://example.invalid/mock/t03/spoof/100
T03,spoof,Mandarin,Zhou_Shen,Zhou_Shen_mock_track_101,Sovits4.0,https://example.invalid/mock/t03/spoof/101
T03,spoof,Mandarin,Li_Jian,Li_Jian_mock_track_102,DiffSinger,https://example.invalid/mock/t03/spoof/102
T03,spoof,Mandarin,Na_Ying,Na_Ying_mock_track_103,DiffSinger,https://example.invalid/mock/t03/spoof/103
T03,spoof,Mandarin,GEM,GEM_mock_track_104,RVC,https://example.invalid/mock/t03/spoof/104
T03,spoof,Mandarin,Bella_Yao,Bella_Yao_mock_track_105,so-vits-svc,https://example.invalid/mock/t03/spoof/105
T03,spoof,Mandarin,Zhou_Shen,Zhou_Shen_mock_track_106,Sovits4.0,https://example.invalid/mock/t03/spoof/106
T03,spoof,Mandarin,Li_Jian,Li_Jian_mock_track_107,DiffSinger,https://example.invalid/mock/t03/spoof/107
T03,spoof,Mandarin,Na_Ying,Na_Ying_mock_track_108,DiffSinger,https://example.invalid/mock/t03/spoof/108
T03,spoof,Mandarin,GEM,GEM_mock_track_109,RVC,https://example.invalid/mock/t03/spoof/109
T03,spoof,Mandarin,Bella_Yao,Bella_Yao_mock_track_110,so-vits-svc,https://example.invalid/mock/t03/spoof/110
T03,spoof,Mandarin,Zhou_Shen,Zhou_Shen_mock_track_111,Sovits4.0,https://example.invalid/mock/t03/spoof/111
T03,spoof,Mandarin,Li_Jian,Li_Jian_mock_track_112,DiffSinger,https://example.invalid/mock/t03/spoof/112
T03,spoof,Mandarin,Na_Ying,Na_Ying_mock_track_113,DiffSinger,https://example.invalid/mock/t03/spoof/113
T03,spoof,Mandarin,GEM,GEM_mock_track_114,RVC,https://example.invalid/mock/t03/spoof/114
T03,spoof,Mandarin,Bella_Yao,Bella_Yao_mock_track_115,so-vits-svc,https://example.invalid/mock/t03/spoof/115
T03,spoof,Mandarin,Zhou_Shen,Zhou_Shen_mock_track_116,Sovits4.0,https://example.invalid/mock/t03/spoof/116
T03,spoof,Mandarin,Li_Jian,Li_Jian_mock_track_117,DiffSinger,https://example.invalid/mock/t03/spoof/117
T03,spoof,Mandarin,Na_Ying,Na_Ying_mock_track_118,DiffSinger,https://example.invalid/mock/t03/spoof/118
T03,spoof,Mandarin,GEM,GEM_mock_track_119,RVC,https://example.invalid/mock/t03/spoof/119
T03,spoof,Mandarin,Bella_Yao,Bella_Yao_mock_track_120,so-vits-svc,https://example.invalid/mock/t03/spoof/120
T03,spoof,Mandarin,Zhou_Shen,Zhou_Shen_mock_track_121,Sovits4.0,https://example.invalid/mock/t03/spoof/121
T03,spoof,Mandarin,Li_Jian,Li_Jian_mock_track_122,DiffSinger,https://example.invalid/mock/t03/spoof/122
T03,spoof,Mandarin,Na_Ying,Na_Ying_mock_track_123,DiffSinger,https://example.invalid/mock/t03/spoof/123
T03,spoof,Mandarin,GEM,GEM_mock_track_124,RVC,https://example.invalid/mock/t03/spoof/124
T03,spoof,Mandarin,Bella_Yao,Bella_Yao_mock_track_125,so-vits-svc,https://example.invalid/mock/t03/spoof/125
T03,spoof,Mandarin,Zhou_Shen,Zhou_Shen_mock_track_126,Sovits4.0,https://example.invalid/mock/t03/spoof/126
T03,spoof,Mandarin,Li_Jian,Li_Jian_mock_track_127,DiffSinger,https://example.invalid/mock/t03/spoof/127
T03,spoof,Mandarin,Na_Ying,Na_Ying_mock_track_128,DiffSinger,https://example.invalid/mock/t03/spoof/128
T03,spoof,Mandarin,GEM,GEM_mock_track_129,RVC,https://example.invalid/mock/t03/spoof/129
T03,spoof,Mandarin,Bella_Yao,Bella_Yao_mock_track_130,so-vits-svc,https://example.invalid/mock/t03/spoof/130
T03,spoof,Mandarin,Zhou_Shen,Zhou_Shen_mock_track_131,Sovits4.0,https://example.invalid/mock/t03/spoof/131
T03,spoof,Mandarin,Li_Jian,Li_Jian_mock_track_132,DiffSinger,https://example.invalid/mock/t03/spoof/132
T03,spoof,Mandarin,Na_Ying,Na_Ying_mock_track_133,DiffSinger,https://example.invalid/mock/t03/spoof/133
T03,spoof,Mandarin,GEM,GEM_mock_track_134,RVC,https://example.invalid/mock/t03/spoof/134
T03,spoof,Mandarin,Bella_Yao,Bella_Yao_mock_track_135,so-vits-svc,https://example.invalid/mock/t03/spoof/135
T03,spoof,Mandarin,Zhou_Shen,Zhou_Shen_mock_track_136,Sovits4.0,https://example.invalid/mock/t03/spoof/136
T03,spoof,Mandarin,Li_Jian,Li_Jian_mock_track_137,DiffSinger,https://example.invalid/mock/t03/spoof/137
T03,spoof,Mandarin,Na_Ying,Na_Ying_mock_track_138,DiffSinger,https://example.invalid/mock/t03/spoof/138
T03,spoof,Mandarin,GEM,GEM_mock_track_139,RVC,https://example.invalid/mock/t03/spoof/139
T03,spoof,Mandarin,Bella_Yao,Bella_Yao_mock_track_140,so-vits-svc,https://example.invalid/mock/t03/spoof/140
T03,spoof,Mandarin,Zhou_Shen,Zhou_Shen_mock_track_141,Sovits4.0,https://example.invalid/mock/t03/spoof/141
T03,spoof,Mandarin,Li_Jian,Li_Jian_mock_track_142,DiffSinger,https://example.invalid/mock/t03/spoof/142
T03,spoof,Mandarin,Na_Ying,Na_Ying_mock_track_143,DiffSinger,https://example.invalid/mock/t03/spoof/143
T03,spoof,Mandarin,GEM,GEM_mock_track_144,RVC,https://example.invalid/mock/t03/spoof/144
T03,spoof,Mandarin,Bella_Yao,Bella_Yao_mock_track_145,so-vits-svc,https://example.invalid/mock/t03/spoof/145
T03,spoof,Mandarin,Zhou_Shen,Zhou_Shen_mock_track_146,Sovits4.0,https://example.invalid/mock/t03/spoof/146
T03,spoof,Mandarin,Li_Jian,Li_Jian_mock_track_147,DiffSinger,https://example.invalid/mock/t03/spoof/147
T03,spoof,Mandarin,Na_Ying,Na_Ying_mock_track_148,DiffSinger,https://example.invalid/mock/t03/spoof/148
T03,spoof,Mandarin,GEM,GEM_mock_track_149,RVC,https://example.invalid/mock/t03/spoof/149
T03,spoof,Mandarin,Bella_Yao,Bella_Yao_mock_track_150,so-vits-svc,https://example.invalid/mock/t03/spoof/150
T04,bonafide,Mandarin,Zhou_Shen,Zhou_Shen_mock_track_001,N/A,https://example.invalid/mock/t04/bonafide/001
T04,bonafide,Mandarin,Li_Jian,Li_Jian_mock_track_002,N/A,https://example.invalid/mock/t04/bonafide/002
T04,bonafide,Mandarin,Na_Ying,Na_Ying_mock_track_003,N/A,https://example.invalid/mock/t04/bonafide/003
T04,bonafide,Mandarin,GEM,GEM_mock_track_004,N/A,https://example.invalid/mock/t04/bonafide/004
T04,bonafide,Mandarin,Bella_Yao,Bella_Yao_mock_track_005,N/A,https://example.invalid/mock/t04/bonafide/005
T04,bonafide,Mandarin,Zhou_Shen,Zhou_Shen_mock_track_006,N/A,https://example.invalid/mock/t04/bonafide/006
T04,bonafide,Mandarin,Li_Jian,Li_Jian_mock_track_007,N/A,https://example.invalid/mock/t04/bonafide/007
T04,bonafide,Mandarin,Na_Ying,Na_Ying_mock_track_008,N/A,https://example.invalid/mock/t04/bonafide/008
T04,spoof,Mandarin,GEM,GEM_mock_track_001,Sovits4.0,https://example.invalid/mock/t04/spoof/001
T04,spoof,Mandarin,Bella_Yao,Bella_Yao_mock_track_002,DiffSinger,https://example.invalid/mock/t04/spoof/002
T04,spoof,Mandarin,Zhou_Shen,Zhou_Shen_mock_track_003,DiffSinger,https://example.invalid/mock/t04/spoof/003
T04,spoof,Mandarin,Li_Jian,Li_Jian_mock_track_004,RVC,https://example.invalid/mock/t04/spoof/004
T04,spoof,Mandarin,Na_Ying,Na_Ying_mock_track_005,so-vits-svc,https://example.invalid/mock/t04/spoof/005
T04,spoof,Mandarin,GEM,GEM_mock_track_006,Sovits4.0,https://example.invalid/mock/t04/spoof/006
T04,spoof,Mandarin,Bella_Yao,Bella_Yao_mock_track_007,DiffSinger,https://example.invalid/mock/t04/spoof/007
