filename,score
CtrSVDD_0000_E_0000000,-3.0363276496
CtrSVDD_0001_E_0000001,-1.2078095279
CtrSVDD_0002_E_0000002,-3.8811331791
CtrSVDD_0003_E_0000003,-2.5306869051
CtrSVDD_0004_E_0000004,-4.5024450809
CtrSVDD_0005_E_0000005,-3.7394130112
CtrSVDD_0006_E_0000006,-4.0561613370
CtrSVDD_0007_E_0000007,-2.7523652260
CtrSVDD_0008_E_0000008,-3.1922373086
CtrSVDD_0009_E_0000009,2.1202823753
CtrSVDD_0010_E_0000010,-4.1938524266
CtrSVDD_0011_E_0000011,-4.7645354722
CtrSVDD_0012_E_0000012,-3.0520677482
CtrSVDD_0013_E_0000013,1.0158311043
CtrSVDD_0014_E_0000014,-3.9431203568
CtrSVDD_0015_E_0000015,-2.1622459321
CtrSVDD_0016_E_0000016,-1.8221047652
CtrSVDD_0017_E_0000017,-5.3710692412
CtrSVDD_0018_E_0000018,-3.5924634719
CtrSVDD_0019_E_0000019,-2.4835092224
CtrSVDD_0020_E_0000020,-4.9942240439
CtrSVDD_0021_E_0000021,-4.1125820058
CtrSVDD_0022_E_0000022,-2.7610744443
CtrSVDD_0023_E_0000023,-2.1253778943
CtrSVDD_0024_E_0000024,-4.4275285764
CtrSVDD_0025_E_0000025,-0.6894924976
CtrSVDD_0026_E_0000026,-3.3732214616
CtrSVDD_0027_E_0000027,-2.9395032808
CtrSVDD_0028_E_0000028,-3.7290269788
CtrSVDD_0029_E_0000029,1.0252493761
CtrSVDD_0030_E_0000030,-2.8880913469
CtrSVDD_0031_E_0000031,-3.8945351088
CtrSVDD_0032_E_0000032,-3.9086210350
CtrSVDD_0033_E_0000033,-3.3689235555
CtrSVDD_0034_E_0000034,-2.0737021043
CtrSVDD_0035_E_0000035,-3.5365207079
CtrSVDD_0036_E_0000036,-3.9008466945
CtrSVDD_0037_E_0000037,-1.9707729432
CtrSVDD_0038_E_0000038,1.0863057363
CtrSVDD_0039_E_0000039,-3.5694415873
CtrSVDD_0040_E_0000040,-0.5504201225
CtrSVDD_0041_E_0000041,-4.4132530088
CtrSVDD_0042_E_0000042,-1.3331649506
CtrSVDD_0043_E_0000043,-4.6389269451
CtrSVDD_0044_E_0000044,-2.0127029158
CtrSVDD_0045_E_0000045,-1.3706055147
CtrSVDD_0046_E_0000046,-4.3334390337
CtrSVDD_0047_E_0000047,-3.8776625147
CtrSVDD_0000_E_0000048,-1.3860337204
CtrSVDD_0001_E_0000049,-3.7925092159
CtrSVDD_0002_E_0000050,-3.2268402955
CtrSVDD_0003_E_0000051,-3.1599504038
CtrSVDD_0004_E_0000052,-3.7539976050
CtrSVDD_0005_E_0000053,-4.4942693077
CtrSVDD_0006_E_0000054,1.3216605747
CtrSVDD_0007_E_0000055,-1.0710719512
CtrSVDD_0008_E_0000056,-3.7936654668
CtrSVDD_0009_E_0000057,-3.4370096656
CtrSVDD_0010_E_0000058,-4.9227664211
CtrSVDD_0011_E_0000059,-4.5337267507
CtrSVDD_0012_E_0000060,-2.5968069632
CtrSVDD_0013_E_0000061,-0.4982580650
CtrSVDD_0014_E_0000062,-2.9116544990
CtrSVDD_0015_E_0000063,0.6788469523
CtrSVDD_0016_E_0000064,-6.7174544347
CtrSVDD_0017_E_0000065,-4.2757868181
CtrSVDD_0018_E_0000066,-3.5322058836
CtrSVDD_0019_E_0000067,-5.0107021219
CtrSVDD_0020_E_0000068,-4.6983759941
CtrSVDD_0021_E_0000069,-1.6333132250
CtrSVDD_0022_E_0000070,-4.1577715986
CtrSVDD_0023_E_0000071,-5.7611199353
CtrSVDD_0024_E_0000072,-4.7966859476
CtrSVDD_0025_E_0000073,-5.7599844321
CtrSVDD_0026_E_0000074,-5.5856683152
CtrSVDD_0027_E_0000075,-2.4379614104
CtrSVDD_0028_E_0000076,0.0845131791
CtrSVDD_0029_E_0000077,-0.3608762425
CtrSVDD_0030_E_0000078,-3.5010846472
CtrSVDD_0031_E_0000079,-3.7038043823
CtrSVDD_0032_E_0000080,-1.4654919073
CtrSVDD_0033_E_0000081,-3.3732465158
CtrSVDD_0034_E_0000082,-3.6732102762
CtrSVDD_0035_E_0000083,-2.8518715486
CtrSVDD_0036_E_0000084,-3.8511784702
CtrSVDD_0037_E_0000085,-1.8435052461
CtrSVDD_0038_E_0000086,-3.8759280689
CtrSVDD_0039_E_0000087,-3.5668285005
CtrSVDD_0040_E_0000088,-3.4668975078
CtrSVDD_0041_E_0000089,-4.0091857231
CtrSVDD_0042_E_0000090,-3.6497966019
CtrSVDD_0043_E_0000091,-3.6363653002
CtrSVDD_0044_E_0000092,-2.8491313504
CtrSVDD_0045_E_0000093,1.6035332955
CtrSVDD_0046_E_0000094,-3.3868024579
CtrSVDD_0047_E_0000095,-4.5280684395
CtrSVDD_0000_E_0000096,-1.6339697026
CtrSVDD_0001_E_0000097,-3.4081191058
CtrSVDD_0002_E_0000098,-2.3646343216
CtrSVDD_0003_E_0000099,-5.3032155204
CtrSVDD_0004_E_0000100,-2.5925329894
CtrSVDD_0005_E_0000101,-4.2518597796
CtrSVDD_0006_E_0000102,-0.5729061432
CtrSVDD_0007_E_0000103,-0.0188847618
CtrSVDD_0008_E_0000104,-5.1760636183
CtrSVDD_0009_E_0000105,-4.9210433650
CtrSVDD_0010_E_0000106,-0.0589616118
CtrSVDD_0011_E_0000107,-4.5520802316
CtrSVDD_0012_E_0000108,-3.9208819162
CtrSVDD_0013_E_0000109,-0.6269500708
CtrSVDD_0014_E_0000110,0.2923917436
CtrSVDD_0015_E_0000111,-3.1215057219
CtrSVDD_0016_E_0000112,-3.1862899197
CtrSVDD_0017_E_0000113,-0.0160867570
CtrSVDD_0018_E_0000114,-5.4138243410
CtrSVDD_0019_E_0000115,-4.5396248715
CtrSVDD_0020_E_0000116,-2.8082443657
CtrSVDD_0021_E_0000117,-1.2403559942
CtrSVDD_0022_E_0000118,-0.5781561783
CtrSVDD_0023_E_0000119,-2.9916249881
CtrSVDD_0024_E_0000120,-6.0834769991
CtrSVDD_0025_E_0000121,-3.1322493858
CtrSVDD_0026_E_0000122,-3.6176949401
CtrSVDD_0027_E_0000123,-5.8557614015
CtrSVDD_0028_E_0000124,-3.3515958116
CtrSVDD_0029_E_0000125,-1.3472142095
CtrSVDD_0030_E_0000126,-1.2393528524
CtrSVDD_0031_E_0000127,-0.4563573093
CtrSVDD_0032_E_0000128,-2.9199685480
CtrSVDD_0033_E_0000129,-0.0258804687
CtrSVDD_0034_E_0000130,-6.0283349610
CtrSVDD_0035_E_0000131,-3.1214432399
CtrSVDD_0036_E_0000132,1.1302508567
CtrSVDD_0037_E_0000133,-2.6015900970
CtrSVDD_0038_E_0000134,-4.5110643624
CtrSVDD_0039_E_0000135,-1.7195133413
CtrSVDD_0040_E_0000136,-3.7946218683
CtrSVDD_0041_E_0000137,-0.7811575769
CtrSVDD_0042_E_0000138,-2.3725710107
CtrSVDD_0043_E_0000139,0.0187347586
CtrSVDD_0044_E_0000140,-5.5042250338
CtrSVDD_0045_E_0000141,-2.4398027719
CtrSVDD_0046_E_0000142,1.8696725349
CtrSVDD_0047_E_0000143,-2.7182235095
CtrSVDD_0000_E_0000144,-2.3657553821
CtrSVDD_0001_E_0000145,-5.0622376300
CtrSVDD_0002_E_0000146,-1.1620759695
CtrSVDD_0003_E_0000147,-3.1613351561
CtrSVDD_0004_E_0000148,-3.2750382457
CtrSVDD_0005_E_0000149,-3.9292922549
CtrSVDD_0006_E_0000150,-4.1387552787
CtrSVDD_0007_E_0000151,-0.3445020561
CtrSVDD_0008_E_0000152,-0.6701060655
CtrSVDD_0009_E_0000153,-0.0608848778
CtrSVDD_0010_E_0000154,0.1410444574
CtrSVDD_0011_E_0000155,-0.7930414438
CtrSVDD_0012_E_0000156,-0.1566026223
CtrSVDD_0013_E_0000157,-5.4463976679
CtrSVDD_0014_E_0000158,-3.4329531889
CtrSVDD_0015_E_0000159,-0.8537426961
CtrSVDD_0016_E_0000160,-3.4842705393
CtrSVDD_0017_E_0000161,-2.1463273324
CtrSVDD_0018_E_0000162,-4.4784750131
CtrSVDD_0019_E_0000163,-3.8528944177
CtrSVDD_0020_E_0000164,-4.0940525088
CtrSVDD_0021_E_0000165,-1.5409625827
CtrSVDD_0022_E_0000166,0.2523361478
CtrSVDD_0023_E_0000167,-1.2235967810
CtrSVDD_0024_E_0000168,-2.7473782468
CtrSVDD_0025_E_0000169,-3.6503249213
CtrSVDD_0026_E_0000170,-6.3180562393
CtrSVDD_0027_E_0000171,-2.4015381342
CtrSVDD_0028_E_0000172,-0.7849588792
CtrSVDD_0029_E_0000173,-2.2708149107
CtrSVDD_0030_E_0000174,-3.1436214330
CtrSVDD_0031_E_0000175,-4.7164733480
CtrSVDD_0032_E_0000176,-3.4737743106
CtrSVDD_0033_E_0000177,-1.2376976058
CtrSVDD_0034_E_0000178,-4.2009932982
CtrSVDD_0035_E_0000179,-4.9751998364
CtrSVDD_0036_E_0000180,-2.6176819665
CtrSVDD_0037_E_0000181,-3.8304501712
CtrSVDD_0038_E_0000182,-3.6657067030
CtrSVDD_0039_E_0000183,-0.4911421764
CtrSVDD_0040_E_0000184,-1.4982643795
CtrSVDD_0041_E_0000185,-2.6155403046
CtrSVDD_0042_E_0000186,-4.0921624159
CtrSVDD_0043_E_0000187,-3.2634810884
CtrSVDD_0044_E_0000188,-4.4150096822
CtrSVDD_0045_E_0000189,-3.3213406359
CtrSVDD_0046_E_0000190,-0.3033791703
CtrSVDD_0047_E_0000191,-2.5797592870
CtrSVDD_0000_E_0000192,-4.2927259087
CtrSVDD_0001_E_0000193,-3.9229793800
CtrSVDD_0002_E_0000194,-3.4400104185
CtrSVDD_0003_E_0000195,-3.2037806510
CtrSVDD_0004_E_0000196,-5.1981133833
CtrSVDD_0005_E_0000197,-2.1915748131
CtrSVDD_0006_E_0000198,-5.1987340861
CtrSVDD_0007_E_0000199,-2.4019157159
CtrSVDD_0008_E_0000200,-4.7880405194
CtrSVDD_0009_E_0000201,-5.2856189600
CtrSVDD_0010_E_0000202,-3.1808482813
CtrSVDD_0011_E_0000203,-1.1066893674
CtrSVDD_0012_E_0000204,-4.0858121832
CtrSVDD_0013_E_0000205,-3.7796689558
CtrSVDD_0014_E_0000206,-3.1941961605
CtrSVDD_0015_E_0000207,-2.3971398316
CtrSVDD_0016_E_0000208,-3.5642301504
CtrSVDD_0017_E_0000209,1.5453153401
CtrSVDD_0018_E_0000210,-3.4708120541
CtrSVDD_0019_E_0000211,1.7495814869
CtrSVDD_0020_E_0000212,-4.4410411666
CtrSVDD_0021_E_0000213,-4.9281679457
CtrSVDD_0022_E_0000214,-3.4187563497
CtrSVDD_0023_E_0000215,-3.4588653012
CtrSVDD_0024_E_0000216,0.8946425472
CtrSVDD_0025_E_0000217,-3.3042388168
CtrSVDD_0026_E_0000218,-2.8944659300
CtrSVDD_0027_E_0000219,-2.4602239387
CtrSVDD_0028_E_0000220,-4.9186447696
CtrSVDD_0029_E_0000221,-4.3667266657
CtrSVDD_0030_E_0000222,-4.2817087822
CtrSVDD_0031_E_0000223,-4.4656905377
CtrSVDD_0032_E_0000224,-0.4360272509
CtrSVDD_0033_E_0000225,-2.7928161950
CtrSVDD_0034_E_0000226,-1.5916739774
CtrSVDD_0035_E_0000227,-3.0302555918
CtrSVDD_0036_E_0000228,-3.2033789410
CtrSVDD_0037_E_0000229,-5.0190711428
CtrSVDD_0038_E_0000230,-3.4312442220
CtrSVDD_0039_E_0000231,-3.7891255348
CtrSVDD_0040_E_0000232,-1.6962225050
CtrSVDD_0041_E_0000233,-0.5447297983
CtrSVDD_0042_E_0000234,-0.0356766635
CtrSVDD_0043_E_0000235,-3.2520956774
CtrSVDD_0044_E_0000236,-2.4527918042
CtrSVDD_0045_E_0000237,-3.3356788212
CtrSVDD_0046_E_0000238,-3.1335157377
CtrSVDD_0047_E_0000239,-1.9977060857
CtrSVDD_0000_E_0000240,-2.2238878997
CtrSVDD_0001_E_0000241,-5.9826916625
CtrSVDD_0002_E_0000242,-5.3604318188
CtrSVDD_0003_E_0000243,-1.0341626049
CtrSVDD_0004_E_0000244,-3.6132439181
CtrSVDD_0005_E_0000245,-2.5245064448
CtrSVDD_0006_E_0000246,-3.3311642096
CtrSVDD_0007_E_0000247,-0.5149544913
CtrSVDD_0008_E_0000248,-4.3016525685
CtrSVDD_0009_E_0000249,1.0065020892
CtrSVDD_0010_E_0000250,-2.9552017943
CtrSVDD_0011_E_0000251,-4.2439497525
CtrSVDD_0012_E_0000252,-3.7037373698
CtrSVDD_0013_E_0000253,-4.1984183083
CtrSVDD_0014_E_0000254,1.0762666132
CtrSVDD_0015_E_0000255,-1.6281350492
CtrSVDD_0016_E_0000256,-3.2786360367
CtrSVDD_0017_E_0000257,-3.8484920694
CtrSVDD_0018_E_0000258,-6.1110148601
CtrSVDD_0019_E_0000259,-2.1062767992
CtrSVDD_0020_E_0000260,-1.4257765632
CtrSVDD_0021_E_0000261,-0.8390286078
CtrSVDD_0022_E_0000262,-0.7847913785
CtrSVDD_0023_E_0000263,1.4721607661
CtrSVDD_0024_E_0000264,-4.6896088885
CtrSVDD_0025_E_0000265,-0.9674434192
CtrSVDD_0026_E_0000266,-3.0150554302
CtrSVDD_0027_E_0000267,-2.2065752165
CtrSVDD_0028_E_0000268,-3.4354291624
CtrSVDD_0029_E_0000269,-2.5916678876
CtrSVDD_0030_E_0000270,-2.0974667556
CtrSVDD_0031_E_0000271,-1.8813559425
CtrSVDD_0032_E_0000272,-1.8191460033
CtrSVDD_0033_E_0000273,-3.3702314736
CtrSVDD_0034_E_0000274,-3.8384255613
CtrSVDD_0035_E_0000275,-1.7747763448
CtrSVDD_0036_E_0000276,-3.3990007081
CtrSVDD_0037_E_0000277,-3.6689948910
CtrSVDD_0038_E_0000278,-4.1933801332
CtrSVDD_0039_E_0000279,-3.1333815448
CtrSVDD_0040_E_0000280,-3.4017456131
CtrSVDD_0041_E_0000281,-3.1629753137
CtrSVDD_0042_E_0000282,-1.0645206267
CtrSVDD_0043_E_0000283,-3.2965648332
CtrSVDD_0044_E_0000284,-4.4392609071
CtrSVDD_0045_E_0000285,-3.7841520654
CtrSVDD_0046_E_0000286,-5.7526862337
CtrSVDD_0047_E_0000287,-1.0626382496
CtrSVDD_0000_E_0000288,-2.2330714190
CtrSVDD_0001_E_0000289,-3.9979796445
CtrSVDD_0002_E_0000290,-4.7312936949
CtrSVDD_0003_E_0000291,-4.4019583179
CtrSVDD_0004_E_0000292,-2.7067249484
CtrSVDD_0005_E_0000293,-1.6885090696
CtrSVDD_0006_E_0000294,-4.4360369341
CtrSVDD_0007_E_0000295,-2.3944989800
CtrSVDD_0008_E_0000296,-4.9502444909
CtrSVDD_0009_E_0000297,-0.3583694200
CtrSVDD_0010_E_0000298,0.9751880606
CtrSVDD_0011_E_0000299,-1.6688699219
CtrSVDD_0012_E_0000300,-3.6147369270
CtrSVDD_0013_E_0000301,-4.1664842884
CtrSVDD_0014_E_0000302,-2.7949833618
CtrSVDD_0015_E_0000303,-4.1353339614
CtrSVDD_0016_E_0000304,0.0580823470
CtrSVDD_0017_E_0000305,-0.1198829224
CtrSVDD_0018_E_0000306,0.5456168333
CtrSVDD_0019_E_0000307,-3.2569152480
CtrSVDD_0020_E_0000308,-3.8745709590
CtrSVDD_0021_E_0000309,-5.2276660208
CtrSVDD_0022_E_0000310,-2.3270520084
CtrSVDD_0023_E_0000311,-3.1537298708
CtrSVDD_0024_E_0000312,-4.6755634262
CtrSVDD_0025_E_0000313,-5.2730105691
CtrSVDD_0026_E_0000314,1.6601712470
CtrSVDD_0027_E_0000315,0.7792611537
CtrSVDD_0028_E_0000316,-2.9674790058
CtrSVDD_0029_E_0000317,-6.4981065936
CtrSVDD_0030_E_0000318,1.5390871702
CtrSVDD_0031_E_0000319,0.7593309665
CtrSVDD_0032_E_0000320,1.6949617785
CtrSVDD_0033_E_0000321,-1.2559360985
CtrSVDD_0034_E_0000322,-2.4247852564
CtrSVDD_0035_E_0000323,-0.1488734770
CtrSVDD_0036_E_0000324,-3.3098483759
CtrSVDD_0037_E_0000325,-1.5360507566
CtrSVDD_0038_E_0000326,-1.9272069023
CtrSVDD_0039_E_0000327,-3.0777859266
CtrSVDD_0040_E_0000328,-3.5988942553
CtrSVDD_0041_E_0000329,-4.4081015616
CtrSVDD_0042_E_0000330,-2.9443649335
CtrSVDD_0043_E_0000331,-0.1015865932
CtrSVDD_0044_E_0000332,0.6631188104
CtrSVDD_0045_E_0000333,-3.7355226908
CtrSVDD_0046_E_0000334,-2.8651490697
CtrSVDD_0047_E_0000335,-2.7441206100
CtrSVDD_0000_E_0000336,0.0383500604
CtrSVDD_0001_E_0000337,-0.6042591123
CtrSVDD_0002_E_0000338,-4.9930277602
CtrSVDD_0003_E_0000339,0.1888997380
CtrSVDD_0004_E_0000340,-3.2456836907
CtrSVDD_0005_E_0000341,1.0392537032
CtrSVDD_0006_E_0000342,-0.1227011540
CtrSVDD_0007_E_0000343,-3.7980393833
CtrSVDD_0008_E_0000344,-2.0900745260
CtrSVDD_0009_E_0000345,-4.2011679976
CtrSVDD_0010_E_0000346,-1.0303732118
CtrSVDD_0011_E_0000347,-2.7913366830
CtrSVDD_0012_E_0000348,-4.4697422428
CtrSVDD_0013_E_0000349,-3.6058242016
CtrSVDD_0014_E_0000350,-2.9028645224
CtrSVDD_0015_E_0000351,1.4510591404
CtrSVDD_0016_E_0000352,-2.7651101950
CtrSVDD_0017_E_0000353,-3.5580993132
CtrSVDD_0018_E_0000354,-1.4964711946
CtrSVDD_0019_E_0000355,-2.8028611401
CtrSVDD_0020_E_0000356,1.7327094646
CtrSVDD_0021_E_0000357,-2.7886666161
CtrSVDD_0022_E_0000358,-4.4995641330
CtrSVDD_0023_E_0000359,-2.1546030506
CtrSVDD_0024_E_0000360,0.2973713219
CtrSVDD_0025_E_0000361,-3.5776081838
CtrSVDD_0026_E_0000362,-3.7767468142
CtrSVDD_0027_E_0000363,-2.0381056131
CtrSVDD_0028_E_0000364,-1.1626348657
CtrSVDD_0029_E_0000365,-4.7125869467
CtrSVDD_0030_E_0000366,-1.6674542859
CtrSVDD_0031_E_0000367,-0.3549110233
CtrSVDD_0032_E_0000368,-2.3285142226
CtrSVDD_0033_E_0000369,-4.4751158029
CtrSVDD_0034_E_0000370,-3.7826574402
CtrSVDD_0035_E_0000371,-4.8588621493
CtrSVDD_0036_E_0000372,-3.3999999230
CtrSVDD_0037_E_0000373,-0.6863252345
CtrSVDD_0038_E_0000374,-3.3943961438
CtrSVDD_0039_E_0000375,-3.5864392162
CtrSVDD_0040_E_0000376,-3.4655720462
CtrSVDD_0041_E_0000377,-3.7190900158
CtrSVDD_0042_E_0000378,-5.1129850165
CtrSVDD_0043_E_0000379,0.2566090194
CtrSVDD_0044_E_0000380,-3.9715904147
CtrSVDD_0045_E_0000381,-4.6044177068
CtrSVDD_0046_E_0000382,-3.2476362139
CtrSVDD_0047_E_0000383,-5.7511555927
CtrSVDD_0000_E_0000384,-3.9598666536
CtrSVDD_0001_E_0000385,0.2668034008
CtrSVDD_0002_E_0000386,1.6730978450
CtrSVDD_0003_E_0000387,-3.2762379652
CtrSVDD_0004_E_0000388,-2.7312376321
CtrSVDD_0005_E_0000389,-1.1323641064
CtrSVDD_0006_E_0000390,-4.6433359751
CtrSVDD_0007_E_0000391,0.6418710428
CtrSVDD_0008_E_0000392,-3.1415645407
CtrSVDD_0009_E_0000393,1.3970837332
CtrSVDD_0010_E_0000394,-2.7774614547
CtrSVDD_0011_E_0000395,-2.3455896981
CtrSVDD_0012_E_0000396,-0.5500361078
CtrSVDD_0013_E_0000397,3.2373150989
CtrSVDD_0014_E_0000398,-0.2508923729
CtrSVDD_0015_E_0000399,-3.9658264679
CtrSVDD_0016_E_0000400,-2.0481468539
CtrSVDD_0017_E_0000401,-1.8827742827
CtrSVDD_0018_E_0000402,-1.4109216504
CtrSVDD_0019_E_0000403,-0.2792544743
CtrSVDD_0020_E_0000404,-5.0737444166
CtrSVDD_0021_E_0000405,-4.2877662214
CtrSVDD_0022_E_0000406,-5.0630507410
CtrSVDD_0023_E_0000407,-3.4583837495
CtrSVDD_0024_E_0000408,-3.5707998309
CtrSVDD_0025_E_0000409,-3.4938331579
CtrSVDD_0026_E_0000410,0.4567100527
CtrSVDD_0027_E_0000411,1.0395498058
CtrSVDD_0028_E_0000412,-0.8255838870
CtrSVDD_0029_E_0000413,-1.8605019822
CtrSVDD_0030_E_0000414,-5.2530014054
CtrSVDD_0031_E_0000415,-2.5430415905
CtrSVDD_0032_E_0000416,-3.7052316629
CtrSVDD_0033_E_0000417,1.3880734414
CtrSVDD_0034_E_0000418,-4.0879051895
CtrSVDD_0035_E_0000419,-3.5745406387
CtrSVDD_0036_E_0000420,-3.7527984396
CtrSVDD_0037_E_0000421,-4.1222246979
CtrSVDD_0038_E_0000422,-2.8024002575
CtrSVDD_0039_E_0000423,0.3766293726
CtrSVDD_0040_E_0000424,-0.7792611537
CtrSVDD_0041_E_0000425,-2.2853450303
CtrSVDD_0042_E_0000426,-2.5954550219
CtrSVDD_0043_E_0000427,-3.4645260690
CtrSVDD_0044_E_0000428,-2.9417617106
CtrSVDD_0045_E_0000429,-3.0590349570
CtrSVDD_0046_E_0000430,-3.3124332361
CtrSVDD_0047_E_0000431,-4.9327286621
CtrSVDD_0000_E_0000432,-4.1579477082
CtrSVDD_0001_E_0000433,-2.2244170732
CtrSVDD_0002_E_0000434,-2.7606527136
CtrSVDD_0003_E_0000435,-3.5784991261
CtrSVDD_0004_E_0000436,-4.8467060976
CtrSVDD_0005_E_0000437,-3.3762835675
CtrSVDD_0006_E_0000438,-3.2534517352
CtrSVDD_0007_E_0000439,-3.3918667635
CtrSVDD_0008_E_0000440,-4.3568376903
CtrSVDD_0009_E_0000441,-6.5113019071
CtrSVDD_0010_E_0000442,1.1606040904
CtrSVDD_0011_E_0000443,-3.8069491604
CtrSVDD_0012_E_0000444,-4.5219834133
CtrSVDD_0013_E_0000445,-3.2261238168
CtrSVDD_0014_E_0000446,-3.2046089749
CtrSVDD_0015_E_0000447,-2.8801974458
CtrSVDD_0016_E_0000448,-0.9593506191
CtrSVDD_0017_E_0000449,-0.3683508953
CtrSVDD_0018_E_0000450,-2.2209592006
CtrSVDD_0019_E_0000451,-0.4274043749
CtrSVDD_0020_E_0000452,-4.6597770781
CtrSVDD_0021_E_0000453,-4.5754113968
CtrSVDD_0022_E_0000454,-1.6506152237
CtrSVDD_0023_E_0000455,-4.8303177475
CtrSVDD_0024_E_0000456,-2.8858693635
CtrSVDD_0025_E_0000457,-1.9354748758
CtrSVDD_0026_E_0000458,0.7127435471
CtrSVDD_0027_E_0000459,-3.9724748222
CtrSVDD_0028_E_0000460,-3.5422494312
CtrSVDD_0029_E_0000461,-0.8259236461
CtrSVDD_0030_E_0000462,-0.2751987307
CtrSVDD_0031_E_0000463,-2.5498810048
CtrSVDD_0032_E_0000464,1.9137459226
CtrSVDD_0033_E_0000465,-2.6290487111
CtrSVDD_0034_E_0000466,-1.3823877397
CtrSVDD_0035_E_0000467,-0.7781821116
CtrSVDD_0036_E_0000468,-3.1486577918
CtrSVDD_0037_E_0000469,-3.8692543818
CtrSVDD_0038_E_0000470,-3.4202727728
CtrSVDD_0039_E_0000471,-1.8473090542
CtrSVDD_0040_E_0000472,-4.4333844551
CtrSVDD_0041_E_0000473,0.3833626499
CtrSVDD_0042_E_0000474,-2.6003708860
CtrSVDD_0043_E_0000475,1.2934064059
CtrSVDD_0044_E_0000476,-1.9261534173
CtrSVDD_0045_E_0000477,-3.0456616285
CtrSVDD_0046_E_0000478,-3.4218347454
CtrSVDD_0047_E_0000479,-1.1637104945
CtrSVDD_0000_E_0000480,-1.4863303851
CtrSVDD_0001_E_0000481,0.2288793099
CtrSVDD_0002_E_0000482,-3.6805397178
CtrSVDD_0003_E_0000483,-3.5444754228
CtrSVDD_0004_E_0000484,-0.1348636027
CtrSVDD_0005_E_0000485,-3.3079807220
CtrSVDD_0006_E_0000486,-4.0511984474
CtrSVDD_0007_E_0000487,-3.7781750909
CtrSVDD_0008_E_0000488,-2.1351628715
CtrSVDD_0009_E_0000489,-0.1326271178
CtrSVDD_0010_E_0000490,-1.5126591515
CtrSVDD_0011_E_0000491,-0.3928499403
CtrSVDD_0012_E_0000492,-3.3823377510
CtrSVDD_0013_E_0000493,0.3193336326
CtrSVDD_0014_E_0000494,-5.4232470183
CtrSVDD_0015_E_0000495,-3.3175163599
CtrSVDD_0016_E_0000496,-1.8399771263
CtrSVDD_0017_E_0000497,-2.0636837248
CtrSVDD_0018_E_0000498,-3.7903297245
CtrSVDD_0019_E_0000499,-2.5422880400
CtrSVDD_0020_E_0000500,-5.7056645380
CtrSVDD_0021_E_0000501,0.8370354147
CtrSVDD_0022_E_0000502,-4.9825372932
CtrSVDD_0023_E_0000503,-1.7012796053
CtrSVDD_0024_E_0000504,-0.9884758913
CtrSVDD_0025_E_0000505,-2.4645199364
CtrSVDD_0026_E_0000506,0.1829735816
CtrSVDD_0027_E_0000507,-0.0917491809
CtrSVDD_0028_E_0000508,-3.2045796887
CtrSVDD_0029_E_0000509,-5.0430445174
CtrSVDD_0030_E_0000510,1.3412758765
CtrSVDD_0031_E_0000511,-1.6973725450
CtrSVDD_0032_E_0000512,-3.4457388113
CtrSVDD_0033_E_0000513,-1.6744423548
CtrSVDD_0034_E_0000514,-2.9689225755
CtrSVDD_0035_E_0000515,-1.5773719950
CtrSVDD_0036_E_0000516,-2.4289469893
CtrSVDD_0037_E_0000517,-3.5197702085
CtrSVDD_0038_E_0000518,-3.7007676581
CtrSVDD_0039_E_0000519,-2.5701009497
CtrSVDD_0040_E_0000520,1.1078332881
CtrSVDD_0041_E_0000521,-1.8560895674
CtrSVDD_0042_E_0000522,-3.0104687793
CtrSVDD_0043_E_0000523,-1.5152896671
CtrSVDD_0044_E_0000524,-3.5217313400
CtrSVDD_0045_E_0000525,-1.3832252967
CtrSVDD_0046_E_0000526,-3.0695998420
CtrSVDD_0047_E_0000527,-3.7408674739
CtrSVDD_0000_E_0000528,-0.0280628062
CtrSVDD_0001_E_0000529,-4.8763263544
CtrSVDD_0002_E_0000530,-2.6773914066
CtrSVDD_0003_E_0000531,-3.5240080935
CtrSVDD_0004_E_0000532,-1.6504707112
CtrSVDD_0005_E_0000533,-0.4508322214
CtrSVDD_0006_E_0000534,-1.5295644221
CtrSVDD_0007_E_0000535,-4.9785646146
CtrSVDD_0008_E_0000536,-3.1547632939
CtrSVDD_0009_E_0000537,-1.1213188323
CtrSVDD_0010_E_0000538,0.8696593245
CtrSVDD_0011_E_0000539,0.3564011362
CtrSVDD_0012_E_0000540,-6.2735701738
CtrSVDD_0013_E_0000541,-3.6871210156
CtrSVDD_0014_E_0000542,-3.9588114258
CtrSVDD_0015_E_0000543,-3.0051521735
CtrSVDD_0016_E_0000544,-0.8062161450
CtrSVDD_0017_E_0000545,-5.1893320310
CtrSVDD_0018_E_0000546,-4.1601545085
CtrSVDD_0019_E_0000547,-4.2074110744
CtrSVDD_0020_E_0000548,-5.1588020232
CtrSVDD_0021_E_0000549,-2.9296026193
CtrSVDD_0022_E_0000550,-0.1303869022
CtrSVDD_0023_E_0000551,-1.0565070817
CtrSVDD_0024_E_0000552,-3.5898367850
CtrSVDD_0025_E_0000553,-4.2704435568
CtrSVDD_0026_E_0000554,-5.0140440472
CtrSVDD_0027_E_0000555,-4.9213691547
CtrSVDD_0028_E_0000556,-3.5162883064
CtrSVDD_0029_E_0000557,-4.3286949093
CtrSVDD_0030_E_0000558,-1.5972999001
CtrSVDD_0031_E_0000559,-1.9091196071
CtrSVDD_0032_E_0000560,-0.7474381782
CtrSVDD_0033_E_0000561,1.3917811376
CtrSVDD_0034_E_0000562,-5.0843940768
CtrSVDD_0035_E_0000563,-3.7414910144
CtrSVDD_0036_E_0000564,0.3613562048
CtrSVDD_0037_E_0000565,-3.4186702854
CtrSVDD_0038_E_0000566,-4.6243636499
CtrSVDD_0039_E_0000567,-2.2612733508
CtrSVDD_0040_E_0000568,-0.6648625781
CtrSVDD_0041_E_0000569,-4.0719877124
CtrSVDD_0042_E_0000570,-2.6954464755
CtrSVDD_0043_E_0000571,-5.3845504800
CtrSVDD_0044_E_0000572,-1.5033192659
CtrSVDD_0045_E_0000573,-4.1460490312
CtrSVDD_0046_E_0000574,-3.4565402453
CtrSVDD_0047_E_0000575,-2.0295933490
CtrSVDD_0000_E_0000576,-2.4389178164
CtrSVDD_0001_E_0000577,-3.1511861930
CtrSVDD_0002_E_0000578,-4.0241342329
CtrSVDD_0003_E_0000579,-0.5099813770
CtrSVDD_0004_E_0000580,-0.7350029913
CtrSVDD_0005_E_0000581,-4.5853775362
CtrSVDD_0006_E_0000582,0.8080100070
CtrSVDD_0007_E_0000583,-2.3984611554
CtrSVDD_0008_E_0000584,-5.1484930819
CtrSVDD_0009_E_0000585,-4.1212755520
CtrSVDD_0010_E_0000586,0.0020981837
CtrSVDD_0011_E_0000587,-1.7296386890
CtrSVDD_0012_E_0000588,-5.1558144520
CtrSVDD_0013_E_0000589,-4.8006637584
CtrSVDD_0014_E_0000590,1.1382351104
CtrSVDD_0015_E_0000591,-2.5288678244
CtrSVDD_0016_E_0000592,2.7328835547
CtrSVDD_0017_E_0000593,-4.4802233684
CtrSVDD_0018_E_0000594,-3.2293644204
CtrSVDD_0019_E_0000595,0.2915282760
CtrSVDD_0020_E_0000596,-2.5554403060
CtrSVDD_0021_E_0000597,-2.7360838762
CtrSVDD_0022_E_0000598,-3.4157221503
CtrSVDD_0023_E_0000599,1.2078095279
CtrSVDD_0024_E_0000600,-4.2932594507
CtrSVDD_0025_E_0000601,-3.6164679763
CtrSVDD_0026_E_0000602,-4.0504650250
CtrSVDD_0027_E_0000603,-2.3690797697
CtrSVDD_0028_E_0000604,-3.8947854360
CtrSVDD_0029_E_0000605,-4.0604933014
CtrSVDD_0030_E_0000606,0.6423478973
CtrSVDD_0031_E_0000607,-3.6458759204
CtrSVDD_0032_E_0000608,-2.6520806712
CtrSVDD_0033_E_0000609,-4.1481123233
CtrSVDD_0034_E_0000610,0.9218921745
CtrSVDD_0035_E_0000611,-3.0620554746
CtrSVDD_0036_E_0000612,-2.7782814916
CtrSVDD_0037_E_0000613,-1.4839023761
CtrSVDD_0038_E_0000614,-4.9508043616
CtrSVDD_0039_E_0000615,-4.8810427275
CtrSVDD_0040_E_0000616,-3.2427170227
CtrSVDD_0041_E_0000617,-3.3909760362
CtrSVDD_0042_E_0000618,-4.9651471168
CtrSVDD_0043_E_0000619,0.9668103579
CtrSVDD_0044_E_0000620,-4.8312355914
CtrSVDD_0045_E_0000621,-4.0617551522
CtrSVDD_0046_E_0000622,-4.7805587487
CtrSVDD_0047_E_0000623,-3.2530997033
CtrSVDD_0000_E_0000624,-4.8971657711
CtrSVDD_0001_E_0000625,-3.5567878305
CtrSVDD_0002_E_0000626,-2.4309202243
CtrSVDD_0003_E_0000627,0.1918762779
CtrSVDD_0004_E_0000628,-3.2990776877
CtrSVDD_0005_E_0000629,-4.3451880649
CtrSVDD_0006_E_0000630,-4.3350725944
CtrSVDD_0007_E_0000631,-4.4645457259
CtrSVDD_0008_E_0000632,-3.6211579058
CtrSVDD_0009_E_0000633,-2.6097784870
CtrSVDD_0010_E_0000634,-3.3226885901
CtrSVDD_0011_E_0000635,-4.3935078816
CtrSVDD_0012_E_0000636,-2.5828248994
CtrSVDD_0013_E_0000637,-0.2973713219
CtrSVDD_0014_E_0000638,-3.3081618221
CtrSVDD_0015_E_0000639,-2.0685348208
CtrSVDD_0016_E_0000640,-2.0418355962
CtrSVDD_0017_E_0000641,1.0997121107
CtrSVDD_0018_E_0000642,-2.0879462873
CtrSVDD_0019_E_0000643,-1.6595022862
CtrSVDD_0020_E_0000644,-0.9009785478
CtrSVDD_0021_E_0000645,-4.5946673546
CtrSVDD_0022_E_0000646,0.2078072593
CtrSVDD_0023_E_0000647,-3.2674260185
CtrSVDD_0024_E_0000648,-2.8263783815
CtrSVDD_0025_E_0000649,-3.0382135535
CtrSVDD_0026_E_0000650,-5.0647725251
CtrSVDD_0027_E_0000651,-1.0638682391
CtrSVDD_0028_E_0000652,-4.1055088415
CtrSVDD_0029_E_0000653,-6.0962128922
CtrSVDD_0030_E_0000654,-4.3635342462
CtrSVDD_0031_E_0000655,-4.0343901588
CtrSVDD_0032_E_0000656,-3.3596905401
CtrSVDD_0033_E_0000657,-3.6086659190
CtrSVDD_0034_E_0000658,-0.9036717875
CtrSVDD_0035_E_0000659,-2.1341492964
CtrSVDD_0036_E_0000660,-1.5900083951
CtrSVDD_0037_E_0000661,-1.2925843562
CtrSVDD_0038_E_0000662,-1.2943085970
CtrSVDD_0039_E_0000663,-4.3796068137
CtrSVDD_0040_E_0000664,0.2769636266
CtrSVDD_0041_E_0000665,-4.1419319905
CtrSVDD_0042_E_0000666,0.7363864709
CtrSVDD_0043_E_0000667,-1.0548044136
CtrSVDD_0044_E_0000668,-0.8422739781
CtrSVDD_0045_E_0000669,-4.2218871572
CtrSVDD_0046_E_0000670,-2.3572880561
CtrSVDD_0047_E_0000671,-2.4985225722
CtrSVDD_0000_E_0000672,-2.4694223779
CtrSVDD_0001_E_0000673,-4.9798730375
CtrSVDD_0002_E_0000674,-2.6698729907
CtrSVDD_0003_E_0000675,-1.9481842558
CtrSVDD_0004_E_0000676,-4.0271359420
CtrSVDD_0005_E_0000677,-3.6287876207
CtrSVDD_0006_E_0000678,-2.4664706843
CtrSVDD_0007_E_0000679,-3.0165658596
CtrSVDD_0008_E_0000680,-2.4845500573
CtrSVDD_0009_E_0000681,-2.2945974148
CtrSVDD_0010_E_0000682,-3.9050894552
CtrSVDD_0011_E_0000683,-2.8309758542
CtrSVDD_0012_E_0000684,-2.8376269558
CtrSVDD_0013_E_0000685,-2.6952094838
CtrSVDD_0014_E_0000686,-3.4358570609
CtrSVDD_0015_E_0000687,0.3193752661
CtrSVDD_0016_E_0000688,-1.6257904957
CtrSVDD_0017_E_0000689,-2.5995030901
CtrSVDD_0018_E_0000690,-2.3542817036
CtrSVDD_0019_E_0000691,-4.4934509787
CtrSVDD_0020_E_0000692,-3.1755779724
CtrSVDD_0021_E_0000693,-1.8075180573
CtrSVDD_0022_E_0000694,-3.0118619606
CtrSVDD_0023_E_0000695,-4.5894758933
CtrSVDD_0024_E_0000696,-2.5255807948
CtrSVDD_0025_E_0000697,-3.8562540576
CtrSVDD_0026_E_0000698,-0.6129077805
CtrSVDD_0027_E_0000699,-0.3871470974
CtrSVDD_0028_E_0000700,1.3733655850
CtrSVDD_0029_E_0000701,-6.3502360204
CtrSVDD_0030_E_0000702,-3.7727708834
CtrSVDD_0031_E_0000703,-1.9738051288
CtrSVDD_0032_E_0000704,-0.4801251684
CtrSVDD_0033_E_0000705,-4.0039285414
CtrSVDD_0034_E_0000706,-3.4584671781
CtrSVDD_0035_E_0000707,-4.3970878793
CtrSVDD_0036_E_0000708,-0.2748271071
CtrSVDD_0037_E_0000709,-4.1529823745
CtrSVDD_0038_E_0000710,-3.9762641108
CtrSVDD_0039_E_0000711,-0.1191290853
CtrSVDD_0040_E_0000712,-5.1769488352
CtrSVDD_0041_E_0000713,-1.8761997253
CtrSVDD_0042_E_0000714,-4.5352333224
CtrSVDD_0043_E_0000715,-1.7120852369
CtrSVDD_0044_E_0000716,-0.0764652898
CtrSVDD_0045_E_0000717,-4.3328603021
CtrSVDD_0046_E_0000718,0.0735025060
CtrSVDD_0047_E_0000719,-2.3302508492
CtrSVDD_0000_E_0000720,1.4120878115
CtrSVDD_0001_E_0000721,-2.7390419755
CtrSVDD_0002_E_0000722,-2.9479772727
CtrSVDD_0003_E_0000723,-3.3506693555
CtrSVDD_0004_E_0000724,-3.1386075410
CtrSVDD_0005_E_0000725,-2.6677015996
CtrSVDD_0006_E_0000726,0.0121397515
CtrSVDD_0007_E_0000727,-5.3326588089
CtrSVDD_0008_E_0000728,-3.7716904367
CtrSVDD_0009_E_0000729,-4.6627537064
CtrSVDD_0010_E_0000730,-2.8095343610
CtrSVDD_0011_E_0000731,-0.5133580378
CtrSVDD_0012_E_0000732,-1.8364106430
CtrSVDD_0013_E_0000733,-4.9470505635
CtrSVDD_0014_E_0000734,-5.3917485644
CtrSVDD_0015_E_0000735,-2.6840231120
CtrSVDD_0016_E_0000736,-1.8038297077
CtrSVDD_0017_E_0000737,-2.0034482846
CtrSVDD_0018_E_0000738,-1.0997528684
CtrSVDD_0019_E_0000739,1.2393164969
CtrSVDD_0020_E_0000740,-2.8512833627
CtrSVDD_0021_E_0000741,-0.3001606119
CtrSVDD_0022_E_0000742,-3.9806175067
CtrSVDD_0023_E_0000743,-2.3453984602
CtrSVDD_0024_E_0000744,-0.4381572148
CtrSVDD_0025_E_0000745,-1.8608314417
CtrSVDD_0026_E_0000746,-3.6192619446
CtrSVDD_0027_E_0000747,-1.1818853060
CtrSVDD_0028_E_0000748,-1.8281814675
CtrSVDD_0029_E_0000749,0.9581933928
CtrSVDD_0030_E_0000750,-3.0434204642
CtrSVDD_0031_E_0000751,-3.5178113279
CtrSVDD_0032_E_0000752,-2.8627880180
CtrSVDD_0033_E_0000753,-1.8008658438
CtrSVDD_0034_E_0000754,-4.0283706002
CtrSVDD_0035_E_0000755,-3.7175946037
CtrSVDD_0036_E_0000756,-3.6325283919
CtrSVDD_0037_E_0000757,-2.9706292685
CtrSVDD_0038_E_0000758,-3.3469193148
CtrSVDD_0039_E_0000759,-4.3106804116
CtrSVDD_0040_E_0000760,-1.7122988780
CtrSVDD_0041_E_0000761,-3.5820660366
CtrSVDD_0042_E_0000762,-3.7220800472
CtrSVDD_0043_E_0000763,0.6842922672
CtrSVDD_0044_E_0000764,-4.1892461290
CtrSVDD_0045_E_0000765,-3.9487516710
CtrSVDD_0046_E_0000766,-3.0574137824
CtrSVDD_0047_E_0000767,0.2682531520
CtrSVDD_0000_E_0000768,-2.2487678892
CtrSVDD_0001_E_0000769,-5.0593741947
CtrSVDD_0002_E_0000770,-6.0411747372
CtrSVDD_0003_E_0000771,-2.7856330265
CtrSVDD_0004_E_0000772,-3.6102762475
CtrSVDD_0005_E_0000773,-2.8898617687
CtrSVDD_0006_E_0000774,-3.1221636487
CtrSVDD_0007_E_0000775,-3.9461280710
CtrSVDD_0008_E_0000776,-3.2872102247
CtrSVDD_0009_E_0000777,-0.0328774424
CtrSVDD_0010_E_0000778,-4.4075697070
CtrSVDD_0011_E_0000779,0.3356097395
CtrSVDD_0012_E_0000780,-2.6176396771
CtrSVDD_0013_E_0000781,-1.5413546481
CtrSVDD_0014_E_0000782,-3.2910008005
CtrSVDD_0015_E_0000783,-0.8472067220
CtrSVDD_0016_E_0000784,-0.6828619257
CtrSVDD_0017_E_0000785,-1.5228742124
CtrSVDD_0018_E_0000786,-2.7536811600
CtrSVDD_0019_E_0000787,-1.6396941425
CtrSVDD_0020_E_0000788,-4.3055105276
CtrSVDD_0021_E_0000789,-3.8855663739
CtrSVDD_0022_E_0000790,-2.4166538190
CtrSVDD_0023_E_0000791,0.7345532687
CtrSVDD_0024_E_0000792,-3.5374245246
CtrSVDD_0025_E_0000793,-2.6705160028
CtrSVDD_0026_E_0000794,-5.0648785291
CtrSVDD_0027_E_0000795,-1.9197854399
CtrSVDD_0028_E_0000796,-3.0515536974
CtrSVDD_0029_E_0000797,-1.4768334827
CtrSVDD_0030_E_0000798,-4.9034800549
CtrSVDD_0031_E_0000799,0.2038739997
CtrSVDD_0032_E_0000800,-5.7220862284
CtrSVDD_0033_E_0000801,-0.1723336519
CtrSVDD_0034_E_0000802,-4.9565159727
CtrSVDD_0035_E_0000803,-2.4274544003
CtrSVDD_0036_E_0000804,-4.4266520680
CtrSVDD_0037_E_0000805,-2.3510087567
CtrSVDD_0038_E_0000806,-4.1087537633
CtrSVDD_0039_E_0000807,-4.2246402929
CtrSVDD_0040_E_0000808,-3.9340933710
CtrSVDD_0041_E_0000809,-4.3054288758
CtrSVDD_0042_E_0000810,-4.8992877242
CtrSVDD_0043_E_0000811,-3.3416603052
CtrSVDD_0044_E_0000812,-4.2401162821
CtrSVDD_0045_E_0000813,0.1255654386
CtrSVDD_0046_E_0000814,-4.6165948298
CtrSVDD_0047_E_0000815,-4.3204745583
CtrSVDD_0000_E_0000816,-4.0331432832
CtrSVDD_0001_E_0000817,-1.7454005008
CtrSVDD_0002_E_0000818,-2.7116658348
CtrSVDD_0003_E_0000819,-2.6736787600
CtrSVDD_0004_E_0000820,-2.8277559930
CtrSVDD_0005_E_0000821,-1.1338172930
CtrSVDD_0006_E_0000822,0.9790263415
CtrSVDD_0007_E_0000823,-4.7947028446
CtrSVDD_0008_E_0000824,-4.5581326426
CtrSVDD_0009_E_0000825,-6.2926278923
CtrSVDD_0010_E_0000826,-0.5323049782
CtrSVDD_0011_E_0000827,-3.1561921579
CtrSVDD_0012_E_0000828,-4.4369824927
CtrSVDD_0013_E_0000829,-2.9907460385
CtrSVDD_0014_E_0000830,-3.0981843436
CtrSVDD_0015_E_0000831,-1.8917881312
CtrSVDD_0016_E_0000832,-3.7222248303
CtrSVDD_0017_E_0000833,-4.0622379057
CtrSVDD_0018_E_0000834,-2.9584327475
CtrSVDD_0019_E_0000835,-4.1270703405
CtrSVDD_0020_E_0000836,-4.0813000396
CtrSVDD_0021_E_0000837,-2.3332919192
CtrSVDD_0022_E_0000838,0.4807449777
CtrSVDD_0023_E_0000839,-6.4197710774
CtrSVDD_0024_E_0000840,-1.1276053953
CtrSVDD_0025_E_0000841,-3.0930628510
CtrSVDD_0026_E_0000842,-3.2768769736
CtrSVDD_0027_E_0000843,-4.1794562693
CtrSVDD_0028_E_0000844,-5.0710579718
CtrSVDD_0029_E_0000845,-4.5601169654
CtrSVDD_0030_E_0000846,-4.3418536255
CtrSVDD_0031_E_0000847,-2.9721686578
CtrSVDD_0032_E_0000848,-5.6005723797
CtrSVDD_0033_E_0000849,-3.7720705474
CtrSVDD_0034_E_0000850,-2.6257561525
CtrSVDD_0035_E_0000851,-3.0295038386
CtrSVDD_0036_E_0000852,-2.8369768325
CtrSVDD_0037_E_0000853,-1.9295446123
CtrSVDD_0038_E_0000854,-1.6161701071
CtrSVDD_0039_E_0000855,-3.3957696465
CtrSVDD_0040_E_0000856,-3.9585416710
CtrSVDD_0041_E_0000857,-3.5931144019
CtrSVDD_0042_E_0000858,-2.8659360877
CtrSVDD_0043_E_0000859,-1.1212359120
CtrSVDD_0044_E_0000860,-0.2494491207
CtrSVDD_0045_E_0000861,-3.8010097314
CtrSVDD_0046_E_0000862,-2.4057874619
CtrSVDD_0047_E_0000863,-1.2526148697
CtrSVDD_0000_E_0000864,-3.7230517059
CtrSVDD_0001_E_0000865,-4.2423390495
CtrSVDD_0002_E_0000866,2.0228419014
CtrSVDD_0003_E_0000867,-1.2373428625
CtrSVDD_0004_E_0000868,-1.7659731844
CtrSVDD_0005_E_0000869,-2.4922496909
CtrSVDD_0006_E_0000870,-0.8881836646
CtrSVDD_0007_E_0000871,-4.0855583017
CtrSVDD_0008_E_0000872,-3.9833488622
CtrSVDD_0009_E_0000873,-3.8006107075
CtrSVDD_0010_E_0000874,2.3143720728
CtrSVDD_0011_E_0000875,-1.9924932571
CtrSVDD_0012_E_0000876,-2.4931040447
CtrSVDD_0013_E_0000877,-3.5025975971
CtrSVDD_0014_E_0000878,-2.9817518003
CtrSVDD_0015_E_0000879,-3.4496728391
CtrSVDD_0016_E_0000880,-3.8636471613
CtrSVDD_0017_E_0000881,-2.7855033100
CtrSVDD_0018_E_0000882,-2.7189052778
CtrSVDD_0019_E_0000883,-2.7077059127
CtrSVDD_0020_E_0000884,-2.7050945466
CtrSVDD_0021_E_0000885,-1.2675792025
CtrSVDD_0022_E_0000886,-1.5000589173
CtrSVDD_0023_E_0000887,-3.7574067622
CtrSVDD_0024_E_0000888,2.0963070420
CtrSVDD_0025_E_0000889,-3.7630911169
CtrSVDD_0026_E_0000890,-3.7890237511
CtrSVDD_0027_E_0000891,-4.7692642575
CtrSVDD_0028_E_0000892,-3.2202308304
CtrSVDD_0029_E_0000893,-0.2798717615
CtrSVDD_0030_E_0000894,-3.3182613270
CtrSVDD_0031_E_0000895,-2.3371158111
CtrSVDD_0032_E_0000896,-5.2273065789
CtrSVDD_0033_E_0000897,0.8580985090
CtrSVDD_0034_E_0000898,-2.5157700023
CtrSVDD_0035_E_0000899,-4.0700770249
CtrSVDD_0036_E_0000900,-2.4898203183
CtrSVDD_0037_E_0000901,-3.4657506704
CtrSVDD_0038_E_0000902,-2.2515387657
CtrSVDD_0039_E_0000903,0.5017704486
CtrSVDD_0040_E_0000904,0.2171386145
CtrSVDD_0041_E_0000905,-1.9783068934
CtrSVDD_0042_E_0000906,-1.4588386509
CtrSVDD_0043_E_0000907,-4.0877340746
CtrSVDD_0044_E_0000908,-3.6545082314
CtrSVDD_0045_E_0000909,1.0888326775
CtrSVDD_0046_E_0000910,-4.2101217388
CtrSVDD_0047_E_0000911,-4.3712951627
CtrSVDD_0000_E_0000912,0.3267438821
CtrSVDD_0001_E_0000913,0.9435021675
CtrSVDD_0002_E_0000914,-2.7561070091
CtrSVDD_0003_E_0000915,-2.9508616249
CtrSVDD_0004_E_0000916,-3.7858618612
CtrSVDD_0005_E_0000917,-3.4473725127
CtrSVDD_0006_E_0000918,-2.5779614528
CtrSVDD_0007_E_0000919,-4.4084325850
CtrSVDD_0008_E_0000920,-2.5275925868
CtrSVDD_0009_E_0000921,-5.0955593969
CtrSVDD_0010_E_0000922,-2.4509735661
CtrSVDD_0011_E_0000923,-3.2822297525
CtrSVDD_0012_E_0000924,-4.7874324108
CtrSVDD_0013_E_0000925,-4.1584772000
CtrSVDD_0014_E_0000926,-4.2441330934
CtrSVDD_0015_E_0000927,-3.1535307382
CtrSVDD_0016_E_0000928,-5.9071634955
CtrSVDD_0017_E_0000929,-2.4840349320
CtrSVDD_0018_E_0000930,-0.0398537174
CtrSVDD_0019_E_0000931,-3.2255155182
CtrSVDD_0020_E_0000932,-4.1175460429
CtrSVDD_0021_E_0000933,-4.1462856512
CtrSVDD_0022_E_0000934,-2.3607848134
CtrSVDD_0023_E_0000935,-3.9822333489
CtrSVDD_0024_E_0000936,-5.2332218812
CtrSVDD_0025_E_0000937,-3.4345546014
CtrSVDD_0026_E_0000938,-4.3177341364
CtrSVDD_0027_E_0000939,-1.8523097165
CtrSVDD_0028_E_0000940,-2.8874226776
CtrSVDD_0029_E_0000941,0.5546974285
CtrSVDD_0030_E_0000942,-0.6301308734
CtrSVDD_0031_E_0000943,-4.0237299678
CtrSVDD_0032_E_0000944,-6.0419177677
CtrSVDD_0033_E_0000945,0.3090881616
CtrSVDD_0034_E_0000946,-1.8731470413
CtrSVDD_0035_E_0000947,-2.6346816044
CtrSVDD_0036_E_0000948,1.3644275699
CtrSVDD_0037_E_0000949,-4.2666970031
CtrSVDD_0038_E_0000950,-2.0349820557
CtrSVDD_0039_E_0000951,-3.6257534213
CtrSVDD_0040_E_0000952,-3.9139812090
CtrSVDD_0041_E_0000953,-3.3493917163
CtrSVDD_0042_E_0000954,-1.7138359215
CtrSVDD_0043_E_0000955,-5.1897884823
CtrSVDD_0044_E_0000956,-0.9508714611
CtrSVDD_0045_E_0000957,-4.1710239374
CtrSVDD_0046_E_0000958,-0.1693601163
CtrSVDD_0047_E_0000959,-4.8489582161
CtrSVDD_0000_E_0000960,-5.0199688365
CtrSVDD_0001_E_0000961,-3.2551842629
CtrSVDD_0002_E_0000962,-1.7383401793
CtrSVDD_0003_E_0000963,-2.1492809216
CtrSVDD_0004_E_0000964,0.8574738954
CtrSVDD_0005_E_0000965,-4.6615122528
CtrSVDD_0006_E_0000966,0.9503178414
CtrSVDD_0007_E_0000967,1.3058602568
CtrSVDD_0008_E_0000968,-4.1168842818
CtrSVDD_0009_E_0000969,-4.0780987935
CtrSVDD_0010_E_0000970,-2.2278205823
CtrSVDD_0011_E_0000971,-3.5592339646
CtrSVDD_0012_E_0000972,-3.3592321159
CtrSVDD_0013_E_0000973,-4.4593481357
CtrSVDD_0014_E_0000974,-1.7095350133
CtrSVDD_0015_E_0000975,-2.0903403971
CtrSVDD_0016_E_0000976,0.6894924976
CtrSVDD_0017_E_0000977,0.3969473992
CtrSVDD_0018_E_0000978,0.2595629833
CtrSVDD_0019_E_0000979,-1.6622876091
CtrSVDD_0020_E_0000980,1.0134905810
CtrSVDD_0021_E_0000981,-2.2879901061
CtrSVDD_0022_E_0000982,-4.4757875993
CtrSVDD_0023_E_0000983,-1.2542751914
CtrSVDD_0024_E_0000984,-3.0270907301
CtrSVDD_0025_E_0000985,-1.1653889030
CtrSVDD_0026_E_0000986,-2.4246503334
CtrSVDD_0027_E_0000987,-4.3912951118
CtrSVDD_0028_E_0000988,-2.9128327169
CtrSVDD_0029_E_0000989,0.5342161970
CtrSVDD_0030_E_0000990,-3.5493441993
CtrSVDD_0031_E_0000991,-2.9947889203
CtrSVDD_0032_E_0000992,0.5321971110
CtrSVDD_0033_E_0000993,-3.8167012413
CtrSVDD_0034_E_0000994,-2.2689700704
CtrSVDD_0035_E_0000995,-4.3144490414
CtrSVDD_0036_E_0000996,-3.5093507248
CtrSVDD_0037_E_0000997,-2.4360086965
CtrSVDD_0038_E_0000998,-3.0575253451
CtrSVDD_0039_E_0000999,-4.6330705947
CtrSVDD_0040_E_0001000,-3.2412336211
CtrSVDD_0041_E_0001001,1.2579652968
CtrSVDD_0042_E_0001002,-6.4215948078
CtrSVDD_0043_E_0001003,-4.0964134749
CtrSVDD_0044_E_0001004,1.4577681199
CtrSVDD_0045_E_0001005,-2.2676131396
CtrSVDD_0046_E_0001006,-3.4110720602
CtrSVDD_0047_E_0001007,-5.7124666578
CtrSVDD_0000_E_0001008,-3.1898101949
CtrSVDD_0001_E_0001009,-4.4600049757
CtrSVDD_0002_E_0001010,0.2120971412
CtrSVDD_0003_E_0001011,-3.5796422228
CtrSVDD_0004_E_0001012,-5.1924531181
CtrSVDD_0005_E_0001013,-1.6019975020
CtrSVDD_0006_E_0001014,-2.9633405396
CtrSVDD_0007_E_0001015,-0.3415349575
CtrSVDD_0008_E_0001016,-1.9780530621
CtrSVDD_0009_E_0001017,-2.8896676983
CtrSVDD_0010_E_0001018,-2.7807174260
CtrSVDD_0011_E_0001019,-1.4354217880
CtrSVDD_0012_E_0001020,-4.9981782731
CtrSVDD_0013_E_0001021,-4.3613608964
CtrSVDD_0014_E_0001022,0.8688545674
CtrSVDD_0015_E_0001023,0.1199982584
CtrSVDD_0016_E_0001024,0.1466978246
CtrSVDD_0017_E_0001025,-2.4950632756
CtrSVDD_0018_E_0001026,-4.3944066960
CtrSVDD_0019_E_0001027,-4.3914462937
CtrSVDD_0020_E_0001028,-4.4788199703
CtrSVDD_0021_E_0001029,-3.9972528760
CtrSVDD_0022_E_0001030,-4.0942861751
CtrSVDD_0023_E_0001031,-4.0632648110
CtrSVDD_0024_E_0001032,-1.0863057363
CtrSVDD_0025_E_0001033,-2.9563958726
CtrSVDD_0026_E_0001034,-2.7385352816
CtrSVDD_0027_E_0001035,0.4489609573
CtrSVDD_0028_E_0001036,-0.9172162363
CtrSVDD_0029_E_0001037,-3.6525993283
CtrSVDD_0030_E_0001038,-3.6206619979
CtrSVDD_0031_E_0001039,-4.0114696536
CtrSVDD_0032_E_0001040,-2.7149489513
CtrSVDD_0033_E_0001041,0.1654051155
CtrSVDD_0034_E_0001042,-4.2653068607
CtrSVDD_0035_E_0001043,-2.0281115625
CtrSVDD_0036_E_0001044,-1.4821735904
CtrSVDD_0037_E_0001045,-4.6903823270
CtrSVDD_0038_E_0001046,-4.8520912010
CtrSVDD_0039_E_0001047,-2.2331501007
CtrSVDD_0040_E_0001048,-0.3699342649
CtrSVDD_0041_E_0001049,-5.9371444122
CtrSVDD_0042_E_0001050,-3.3064967076
CtrSVDD_0043_E_0001051,-4.5393239933
CtrSVDD_0044_E_0001052,-3.0066535139
CtrSVDD_0045_E_0001053,-3.9464680575
CtrSVDD_0046_E_0001054,-2.1580754324
CtrSVDD_0047_E_0001055,-2.7230992683
CtrSVDD_0000_E_0001056,-0.7963379927
CtrSVDD_0001_E_0001057,-2.7934053982
CtrSVDD_0002_E_0001058,-4.7158250042
CtrSVDD_0003_E_0001059,-2.5709778074
CtrSVDD_0004_E_0001060,-5.4255292245
CtrSVDD_0005_E_0001061,-3.8653254374
CtrSVDD_0006_E_0001062,-0.7925957377
CtrSVDD_0007_E_0001063,-2.5200839167
CtrSVDD_0008_E_0001064,-1.7582116915
CtrSVDD_0009_E_0001065,-5.7437457277
CtrSVDD_0010_E_0001066,-5.8488687772
CtrSVDD_0011_E_0001067,-1.7499952159
CtrSVDD_0012_E_0001068,-2.3927207868
CtrSVDD_0013_E_0001069,-0.0485973836
CtrSVDD_0014_E_0001070,-3.3959099344
CtrSVDD_0015_E_0001071,1.1928634345
CtrSVDD_0016_E_0001072,-3.0089432438
CtrSVDD_0017_E_0001073,2.0814974982
CtrSVDD_0018_E_0001074,-2.2304896352
CtrSVDD_0019_E_0001075,-2.9675041273
CtrSVDD_0020_E_0001076,-3.9822357585
CtrSVDD_0021_E_0001077,-2.8514185802
CtrSVDD_0022_E_0001078,-0.1213882890
CtrSVDD_0023_E_0001079,-3.5259935233
CtrSVDD_0024_E_0001080,-2.9813313595
CtrSVDD_0025_E_0001081,-2.9644656778
CtrSVDD_0026_E_0001082,-2.6475547160
CtrSVDD_0027_E_0001083,-3.3206827091
CtrSVDD_0028_E_0001084,-3.7927045246
CtrSVDD_0029_E_0001085,-1.3751504013
CtrSVDD_0030_E_0001086,-0.2419726189
CtrSVDD_0031_E_0001087,-2.2442775581
CtrSVDD_0032_E_0001088,-0.6404190448
CtrSVDD_0033_E_0001089,1.5467608899
CtrSVDD_0034_E_0001090,-2.6061768268
CtrSVDD_0035_E_0001091,-3.0876679680
CtrSVDD_0036_E_0001092,-2.7876682478
CtrSVDD_0037_E_0001093,-4.8438694636
CtrSVDD_0038_E_0001094,0.5783052720
CtrSVDD_0039_E_0001095,-2.7279965729
CtrSVDD_0040_E_0001096,-3.7172080971
CtrSVDD_0041_E_0001097,-2.5384710878
CtrSVDD_0042_E_0001098,-1.5804692464
CtrSVDD_0043_E_0001099,-0.0300784789
CtrSVDD_0044_E_0001100,-4.1400086838
CtrSVDD_0045_E_0001101,-2.1283663672
CtrSVDD_0046_E_0001102,-2.7442650772
CtrSVDD_0047_E_0001103,-1.7021829158
CtrSVDD_0000_E_0001104,-5.4231373697
CtrSVDD_0001_E_0001105,-3.3168865155
CtrSVDD_0002_E_0001106,-3.1161759473
CtrSVDD_0003_E_0001107,1.8587820645
CtrSVDD_0004_E_0001108,-3.7506746558
CtrSVDD_0005_E_0001109,-4.9536742176
CtrSVDD_0006_E_0001110,-4.7848444936
CtrSVDD_0007_E_0001111,1.3538593641
CtrSVDD_0008_E_0001112,-0.3149624314
CtrSVDD_0009_E_0001113,-4.2966165999
CtrSVDD_0010_E_0001114,-4.4889896530
CtrSVDD_0011_E_0001115,-4.9451417297
CtrSVDD_0012_E_0001116,-5.2408945579
CtrSVDD_0013_E_0001117,-3.8455945118
CtrSVDD_0014_E_0001118,-2.4124448749
CtrSVDD_0015_E_0001119,-2.9122454287
CtrSVDD_0016_E_0001120,-3.4335511283
CtrSVDD_0017_E_0001121,-3.0726684321
CtrSVDD_0018_E_0001122,-0.7753546961
CtrSVDD_0019_E_0001123,-3.2149309005
CtrSVDD_0020_E_0001124,-2.6159748974
CtrSVDD_0021_E_0001125,-2.3821286498
CtrSVDD_0022_E_0001126,2.1827248162
CtrSVDD_0023_E_0001127,-1.9632789402
CtrSVDD_0024_E_0001128,-0.4801372852
CtrSVDD_0025_E_0001129,-3.0757937570
CtrSVDD_0026_E_0001130,-0.8357547276
CtrSVDD_0027_E_0001131,-4.4487817785
CtrSVDD_0028_E_0001132,-1.0116207156
CtrSVDD_0029_E_0001133,-3.0813682589
CtrSVDD_0030_E_0001134,2.0938614812
CtrSVDD_0031_E_0001135,-3.7289990948
CtrSVDD_0032_E_0001136,-3.3466269125
CtrSVDD_0033_E_0001137,-0.1939147285
CtrSVDD_0034_E_0001138,-3.9569937373
CtrSVDD_0035_E_0001139,0.5638891167
CtrSVDD_0036_E_0001140,-2.0094619027
CtrSVDD_0037_E_0001141,-4.8288887824
CtrSVDD_0038_E_0001142,-1.1424884017
CtrSVDD_0039_E_0001143,-1.3945570012
CtrSVDD_0040_E_0001144,-0.9528745454
CtrSVDD_0041_E_0001145,2.3499176557
CtrSVDD_0042_E_0001146,-0.9480162679
CtrSVDD_0043_E_0001147,-1.3653664783
CtrSVDD_0044_E_0001148,-4.8077568945
CtrSVDD_0045_E_0001149,0.5926382516
CtrSVDD_0046_E_0001150,-0.6007924951
CtrSVDD_0047_E_0001151,-2.5211213420
CtrSVDD_0000_E_0001152,-4.2094165250
CtrSVDD_0001_E_0001153,-3.4127525574
CtrSVDD_0002_E_0001154,-4.7960370082
CtrSVDD_0003_E_0001155,-3.8170902053
CtrSVDD_0004_E_0001156,-2.9598365488
CtrSVDD_0005_E_0001157,-5.8039974875
CtrSVDD_0006_E_0001158,-3.7736949700
CtrSVDD_0007_E_0001159,-4.2830778089
CtrSVDD_0008_E_0001160,-2.6230340959
CtrSVDD_0009_E_0001161,-5.5414855738
CtrSVDD_0010_E_0001162,0.6932263160
CtrSVDD_0011_E_0001163,-2.3493727232
CtrSVDD_0012_E_0001164,-1.3852193062
CtrSVDD_0013_E_0001165,-3.3376591707
CtrSVDD_0014_E_0001166,-1.1343681146
CtrSVDD_0015_E_0001167,-3.6454442315
CtrSVDD_0016_E_0001168,-2.0065112079
CtrSVDD_0017_E_0001169,-0.1368073982
CtrSVDD_0018_E_0001170,-2.0027728472
CtrSVDD_0019_E_0001171,-4.0442492012
CtrSVDD_0020_E_0001172,-0.9500715601
CtrSVDD_0021_E_0001173,-3.1858230662
CtrSVDD_0022_E_0001174,-4.8602837683
CtrSVDD_0023_E_0001175,-5.3524918815
CtrSVDD_0024_E_0001176,-2.7660188927
CtrSVDD_0025_E_0001177,-2.3066327364
CtrSVDD_0026_E_0001178,-3.3662087004
CtrSVDD_0027_E_0001179,0.1764594083
CtrSVDD_0028_E_0001180,-5.6553162240
CtrSVDD_0029_E_0001181,-1.7408757971
CtrSVDD_0030_E_0001182,-4.7248710821
CtrSVDD_0031_E_0001183,-5.8156326658
CtrSVDD_0032_E_0001184,-0.9025973816
CtrSVDD_0033_E_0001185,-1.8737708176
CtrSVDD_0034_E_0001186,-1.5669870325
CtrSVDD_0035_E_0001187,-3.9740262290
CtrSVDD_0036_E_0001188,-5.1831279941
CtrSVDD_0037_E_0001189,-4.2445659346
CtrSVDD_0038_E_0001190,-1.6627202147
CtrSVDD_0039_E_0001191,-0.6284129036
CtrSVDD_0040_E_0001192,-4.7228053701
CtrSVDD_0041_E_0001193,-3.2030961870
CtrSVDD_0042_E_0001194,-2.5310322762
CtrSVDD_0043_E_0001195,-3.6444416250
CtrSVDD_0044_E_0001196,-1.8293007574
CtrSVDD_0045_E_0001197,-3.2412802400
CtrSVDD_0046_E_0001198,-0.8177197896
CtrSVDD_0047_E_0001199,0.2624574964
CtrSVDD_0000_E_0001200,-2.8582534757
CtrSVDD_0001_E_0001201,0.8871440750
CtrSVDD_0002_E_0001202,-3.6785059016
CtrSVDD_0003_E_0001203,0.4613726783
CtrSVDD_0004_E_0001204,1.0786936743
CtrSVDD_0005_E_0001205,-3.0443410620
CtrSVDD_0006_E_0001206,-2.9466852766
CtrSVDD_0007_E_0001207,-1.8729538234
CtrSVDD_0008_E_0001208,-4.6212363194
CtrSVDD_0009_E_0001209,0.7065127722
CtrSVDD_0010_E_0001210,-2.5640321264
CtrSVDD_0011_E_0001211,-3.9078296136
CtrSVDD_0012_E_0001212,-2.9057280244
CtrSVDD_0013_E_0001213,-4.2772018318
CtrSVDD_0014_E_0001214,1.3087199986
CtrSVDD_0015_E_0001215,1.0018702764
CtrSVDD_0016_E_0001216,-3.7148867132
CtrSVDD_0017_E_0001217,-1.5336174856
CtrSVDD_0018_E_0001218,-4.7402132199
CtrSVDD_0019_E_0001219,-3.1149370009
CtrSVDD_0020_E_0001220,-2.4484119197
CtrSVDD_0021_E_0001221,-3.6652659744
CtrSVDD_0022_E_0001222,-3.1437686702
CtrSVDD_0023_E_0001223,-1.9519556047
CtrSVDD_0024_E_0001224,-2.3249606624
CtrSVDD_0025_E_0001225,-3.4995668643
CtrSVDD_0026_E_0001226,-5.3247527109
CtrSVDD_0027_E_0001227,-3.6607828712
CtrSVDD_0028_E_0001228,-1.1112915271
CtrSVDD_0029_E_0001229,-4.3692132765
CtrSVDD_0030_E_0001230,-4.5455609985
CtrSVDD_0031_E_0001231,-2.3189565550
CtrSVDD_0032_E_0001232,-1.9034160498
CtrSVDD_0033_E_0001233,-0.7001766943
CtrSVDD_0034_E_0001234,-2.1089084912
CtrSVDD_0035_E_0001235,-4.4391032674
CtrSVDD_0036_E_0001236,-5.6479054938
CtrSVDD_0037_E_0001237,-3.3844568293
CtrSVDD_0038_E_0001238,-0.9283296332
CtrSVDD_0039_E_0001239,-2.5324569728
CtrSVDD_0040_E_0001240,-4.1525794086
CtrSVDD_0041_E_0001241,-4.1946985123
CtrSVDD_0042_E_0001242,-4.6099751871
CtrSVDD_0043_E_0001243,-3.7437762939
CtrSVDD_0044_E_0001244,-3.0036505052
CtrSVDD_0045_E_0001245,-0.7602717402
CtrSVDD_0046_E_0001246,-1.3398263292
CtrSVDD_0047_E_0001247,-3.5876633096
CtrSVDD_0000_E_0001248,-3.5705753196
CtrSVDD_0001_E_0001249,-5.7515168448
CtrSVDD_0002_E_0001250,-3.7803520646
CtrSVDD_0003_E_0001251,-1.7261867209
CtrSVDD_0004_E_0001252,-5.1649850264
CtrSVDD_0005_E_0001253,-4.1337482072
CtrSVDD_0006_E_0001254,-6.0036164855
CtrSVDD_0007_E_0001255,-4.7556785998
CtrSVDD_0008_E_0001256,-2.7855730058
CtrSVDD_0009_E_0001257,-2.9661006247
CtrSVDD_0010_E_0001258,-5.1217348348
CtrSVDD_0011_E_0001259,-2.1167628146
CtrSVDD_0012_E_0001260,0.9255865202
CtrSVDD_0013_E_0001261,-0.5165522584
CtrSVDD_0014_E_0001262,-2.2673103776
CtrSVDD_0015_E_0001263,0.4505086063
CtrSVDD_0016_E_0001264,0.4911560677
CtrSVDD_0017_E_0001265,-3.0560128185
CtrSVDD_0018_E_0001266,-1.4812740572
CtrSVDD_0019_E_0001267,-4.6263278510
CtrSVDD_0020_E_0001268,-0.7679408591
CtrSVDD_0021_E_0001269,-3.0529890337
CtrSVDD_0022_E_0001270,1.3064303511
CtrSVDD_0023_E_0001271,-2.8528341039
CtrSVDD_0024_E_0001272,-2.4894821802
CtrSVDD_0025_E_0001273,-4.2403840577
CtrSVDD_0026_E_0001274,-4.3383938769
CtrSVDD_0027_E_0001275,-3.3536750363
CtrSVDD_0028_E_0001276,-3.5909691788
CtrSVDD_0029_E_0001277,-1.2283701829
CtrSVDD_0030_E_0001278,0.2480063880
CtrSVDD_0031_E_0001279,-4.7411219177
CtrSVDD_0032_E_0001280,-4.0067663138
CtrSVDD_0033_E_0001281,-4.3208807883
CtrSVDD_0034_E_0001282,-3.3603556976
CtrSVDD_0035_E_0001283,0.0426759874
CtrSVDD_0036_E_0001284,1.3948847544
CtrSVDD_0037_E_0001285,-2.3962296085
CtrSVDD_0038_E_0001286,-4.1441521731
CtrSVDD_0039_E_0001287,-3.7165025769
CtrSVDD_0040_E_0001288,-3.9276532544
CtrSVDD_0041_E_0001289,-3.1482230820
CtrSVDD_0042_E_0001290,-0.6372182001
CtrSVDD_0043_E_0001291,-5.9814842068
CtrSVDD_0044_E_0001292,-5.4582881231
CtrSVDD_0045_E_0001293,-2.2664581363
CtrSVDD_0046_E_0001294,-2.4115254659
CtrSVDD_0047_E_0001295,-3.7273155233
CtrSVDD_0000_E_0001296,-2.6888924993
CtrSVDD_0001_E_0001297,-3.8837287433
CtrSVDD_0002_E_0001298,-1.4573496448
CtrSVDD_0003_E_0001299,0.4754214521
CtrSVDD_0004_E_0001300,-1.7873188819
CtrSVDD_0005_E_0001301,-3.2798343924
CtrSVDD_0006_E_0001302,-4.6846682631
CtrSVDD_0007_E_0001303,-5.4355526386
CtrSVDD_0008_E_0001304,-3.5399305840
CtrSVDD_0009_E_0001305,-4.7684040031
CtrSVDD_0010_E_0001306,-0.6859485777
CtrSVDD_0011_E_0001307,-0.9564821953
CtrSVDD_0012_E_0001308,-4.1296559881
CtrSVDD_0013_E_0001309,-3.3064739326
CtrSVDD_0014_E_0001310,-5.2983018839
CtrSVDD_0015_E_0001311,-2.4000680622
CtrSVDD_0016_E_0001312,-4.6171356369
CtrSVDD_0017_E_0001313,-1.3147166349
CtrSVDD_0018_E_0001314,-4.7651685654
CtrSVDD_0019_E_0001315,-4.0086584218
CtrSVDD_0020_E_0001316,-1.3088958515
CtrSVDD_0021_E_0001317,-2.4416699871
CtrSVDD_0022_E_0001318,-1.2343409229
CtrSVDD_0023_E_0001319,-4.1054301982
CtrSVDD_0024_E_0001320,-4.0718106083
CtrSVDD_0025_E_0001321,-2.6225572277
CtrSVDD_0026_E_0001322,-1.5643068011
CtrSVDD_0027_E_0001323,-3.7853353938
CtrSVDD_0028_E_0001324,-3.1749252897
CtrSVDD_0029_E_0001325,-2.4548695589
CtrSVDD_0030_E_0001326,0.6985152330
CtrSVDD_0031_E_0001327,-3.6166397614
CtrSVDD_0032_E_0001328,-4.7431916358
CtrSVDD_0033_E_0001329,-3.0226550021
CtrSVDD_0034_E_0001330,-4.4429816095
CtrSVDD_0035_E_0001331,-4.3879403042
CtrSVDD_0036_E_0001332,-2.6678057176
CtrSVDD_0037_E_0001333,-5.5146995314
CtrSVDD_0038_E_0001334,-3.0017608698
CtrSVDD_0039_E_0001335,-5.4541879492
CtrSVDD_0040_E_0001336,-3.2499820232
CtrSVDD_0041_E_0001337,-1.9552379320
CtrSVDD_0042_E_0001338,-3.0321290444
CtrSVDD_0043_E_0001339,-4.3134179869
CtrSVDD_0044_E_0001340,0.2008606762
CtrSVDD_0045_E_0001341,-2.1647792766
CtrSVDD_0046_E_0001342,-2.9373759810
CtrSVDD_0047_E_0001343,-4.1148515063
CtrSVDD_0000_E_0001344,-2.7486120537
CtrSVDD_0001_E_0001345,-4.1485370227
CtrSVDD_0002_E_0001346,-1.3896982195
CtrSVDD_0003_E_0001347,-3.8649566196
CtrSVDD_0004_E_0001348,-5.7394363234
CtrSVDD_0005_E_0001349,0.0684555493
CtrSVDD_0006_E_0001350,-5.3634491203
CtrSVDD_0007_E_0001351,-3.5165318858
CtrSVDD_0008_E_0001352,-1.0276181900
CtrSVDD_0009_E_0001353,-4.6713978800
CtrSVDD_0010_E_0001354,-1.5453830162
CtrSVDD_0011_E_0001355,-1.7728326767
CtrSVDD_0012_E_0001356,-2.2580034919
CtrSVDD_0013_E_0001357,-4.4386964472
CtrSVDD_0014_E_0001358,-0.7283234366
CtrSVDD_0015_E_0001359,-5.3723841918
CtrSVDD_0016_E_0001360,-1.3787600432
CtrSVDD_0017_E_0001361,-3.4552903298
CtrSVDD_0018_E_0001362,-4.0103813998
CtrSVDD_0019_E_0001363,-3.3837191187
CtrSVDD_0020_E_0001364,-3.9880194732
CtrSVDD_0021_E_0001365,-2.5667707704
CtrSVDD_0022_E_0001366,-3.8201358391
CtrSVDD_0023_E_0001367,-2.9538913725
CtrSVDD_0024_E_0001368,0.4533285651
CtrSVDD_0025_E_0001369,-4.7328750886
CtrSVDD_0026_E_0001370,-3.9152536522
CtrSVDD_0027_E_0001371,-3.4254726225
CtrSVDD_0028_E_0001372,-1.7175469898
CtrSVDD_0029_E_0001373,-1.9633752239
CtrSVDD_0030_E_0001374,-2.3451941425
CtrSVDD_0031_E_0001375,-4.6525307867
CtrSVDD_0032_E_0001376,-3.8869229642
CtrSVDD_0033_E_0001377,-4.1918246525
CtrSVDD_0034_E_0001378,-1.1489950162
CtrSVDD_0035_E_0001379,-2.9931293895
CtrSVDD_0036_E_0001380,-2.3009143673
CtrSVDD_0037_E_0001381,-5.0376608275
CtrSVDD_0038_E_0001382,-1.8494989746
CtrSVDD_0039_E_0001383,-2.6749645223
CtrSVDD_0040_E_0001384,-1.1698357887
CtrSVDD_0041_E_0001385,-2.8497319559
CtrSVDD_0042_E_0001386,-0.5181513452
CtrSVDD_0043_E_0001387,-0.8758006938
CtrSVDD_0044_E_0001388,-2.7795089837
CtrSVDD_0045_E_0001389,-2.4586519834
CtrSVDD_0046_E_0001390,-0.6788864349
CtrSVDD_0047_E_0001391,-3.7638184654
CtrSVDD_0000_E_0001392,-3.6821936442
CtrSVDD_0001_E_0001393,-3.3959541691
CtrSVDD_0002_E_0001394,-2.9452898712
CtrSVDD_0003_E_0001395,-3.3332229780
CtrSVDD_0004_E_0001396,0.1396318267
CtrSVDD_0005_E_0001397,-2.4839121625
CtrSVDD_0006_E_0001398,1.5622636368
CtrSVDD_0007_E_0001399,-2.4631369845
CtrSVDD_0008_E_0001400,0.1730152138
CtrSVDD_0009_E_0001401,-4.0835863005
CtrSVDD_0010_E_0001402,-5.3429483678
CtrSVDD_0011_E_0001403,-2.4973383704
CtrSVDD_0012_E_0001404,-2.5882345202
CtrSVDD_0013_E_0001405,-1.8780876373
CtrSVDD_0014_E_0001406,-0.5293824378
CtrSVDD_0015_E_0001407,-3.7403711292
CtrSVDD_0016_E_0001408,-4.4904840864
CtrSVDD_0017_E_0001409,-5.7182096950
CtrSVDD_0018_E_0001410,-4.6767127118
CtrSVDD_0019_E_0001411,-3.1906920002
CtrSVDD_0020_E_0001412,-2.0452265687
CtrSVDD_0021_E_0001413,-5.1226275379
CtrSVDD_0022_E_0001414,-3.9017706896
CtrSVDD_0023_E_0001415,-2.8763394488
CtrSVDD_0024_E_0001416,-2.4995148940
CtrSVDD_0025_E_0001417,0.3683508953
CtrSVDD_0026_E_0001418,-2.2622677696
CtrSVDD_0027_E_0001419,-0.5799039536
CtrSVDD_0028_E_0001420,-1.2470706845
CtrSVDD_0029_E_0001421,-4.6210281092
CtrSVDD_0030_E_0001422,-3.8880817359
CtrSVDD_0031_E_0001423,-2.0947477486
CtrSVDD_0032_E_0001424,-3.1955517011
CtrSVDD_0033_E_0001425,-3.3532497381
CtrSVDD_0034_E_0001426,0.5233802254
CtrSVDD_0035_E_0001427,-4.6165672987
CtrSVDD_0036_E_0001428,-2.0956807403
CtrSVDD_0037_E_0001429,-1.5093880913
CtrSVDD_0038_E_0001430,-0.2264254499
CtrSVDD_0039_E_0001431,-2.0783036298
CtrSVDD_0040_E_0001432,0.1622693499
CtrSVDD_0041_E_0001433,-0.0664913965
CtrSVDD_0042_E_0001434,-3.7786051930
CtrSVDD_0043_E_0001435,-3.2639941298
CtrSVDD_0044_E_0001436,-4.4684310966
CtrSVDD_0045_E_0001437,-4.2535151504
CtrSVDD_0046_E_0001438,-2.9272695414
CtrSVDD_0047_E_0001439,-3.3461633546
CtrSVDD_0000_E_0001440,-3.1334474938
CtrSVDD_0001_E_0001441,-1.8773044638
CtrSVDD_0002_E_0001442,-1.8163239022
CtrSVDD_0003_E_0001443,-3.3720534766
CtrSVDD_0004_E_0001444,-3.7067075001
CtrSVDD_0005_E_0001445,-3.8730386224
CtrSVDD_0006_E_0001446,-1.9533237077
CtrSVDD_0007_E_0001447,-2.4275068984
CtrSVDD_0008_E_0001448,0.4660453558
CtrSVDD_0009_E_0001449,-0.6557900463
CtrSVDD_0010_E_0001450,-1.1261998931
CtrSVDD_0011_E_0001451,-2.0356111828
CtrSVDD_0012_E_0001452,-1.0418555066
CtrSVDD_0013_E_0001453,-2.2173456126
CtrSVDD_0014_E_0001454,-3.0572378920
CtrSVDD_0015_E_0001455,-3.9002466726
CtrSVDD_0016_E_0001456,-3.9400433632
CtrSVDD_0017_E_0001457,-4.1745772939
CtrSVDD_0018_E_0001458,-0.0202838183
CtrSVDD_0019_E_0001459,-3.4783549246
CtrSVDD_0020_E_0001460,-3.2237556360
CtrSVDD_0021_E_0001461,-4.7895118978
CtrSVDD_0022_E_0001462,-2.1803140902
CtrSVDD_0023_E_0001463,-4.3086970614
CtrSVDD_0024_E_0001464,-3.3371601255
CtrSVDD_0025_E_0001465,-4.5624848341
CtrSVDD_0026_E_0001466,-2.1111712382
CtrSVDD_0027_E_0001467,1.9628364706
CtrSVDD_0028_E_0001468,-2.2656255424
CtrSVDD_0029_E_0001469,-3.1382531335
CtrSVDD_0030_E_0001470,-3.0137243650
CtrSVDD_0031_E_0001471,-0.5464997918
CtrSVDD_0032_E_0001472,-5.1532036225
CtrSVDD_0033_E_0001473,-2.8762881284
CtrSVDD_0034_E_0001474,-2.5181500004
CtrSVDD_0035_E_0001475,-1.5823671131
CtrSVDD_0036_E_0001476,-3.7630810080
CtrSVDD_0037_E_0001477,-0.2024572036
CtrSVDD_0038_E_0001478,-3.3580121494
CtrSVDD_0039_E_0001479,-3.0083352919
CtrSVDD_0040_E_0001480,-2.6089450052
CtrSVDD_0041_E_0001481,-4.0796503983
CtrSVDD_0042_E_0001482,-3.5637479190
CtrSVDD_0043_E_0001483,-3.3659448153
CtrSVDD_0044_E_0001484,-0.1283405650
CtrSVDD_0045_E_0001485,-2.9257112685
CtrSVDD_0046_E_0001486,-3.2229219179
CtrSVDD_0047_E_0001487,-1.5248380149
CtrSVDD_0000_E_0001488,-3.5738709871
CtrSVDD_0001_E_0001489,-1.6453949376
CtrSVDD_0002_E_0001490,-2.2208889534
CtrSVDD_0003_E_0001491,0.5366440540
CtrSVDD_0004_E_0001492,-5.2397739764
CtrSVDD_0005_E_0001493,-3.8476780532
CtrSVDD_0006_E_0001494,1.0589544258
CtrSVDD_0007_E_0001495,-2.7521078401
CtrSVDD_0008_E_0001496,-3.9852193719
CtrSVDD_0009_E_0001497,0.2407912341
CtrSVDD_0010_E_0001498,-2.3943323999
CtrSVDD_0011_E_0001499,-3.9570088236
CtrSVDD_0012_E_0001500,-3.1082300560
CtrSVDD_0013_E_0001501,-3.0177366570
CtrSVDD_0014_E_0001502,-1.5627971331
CtrSVDD_0015_E_0001503,-3.6215242595
CtrSVDD_0016_E_0001504,-0.6455507383
CtrSVDD_0017_E_0001505,-1.9238337040
CtrSVDD_0018_E_0001506,-1.4135649087
CtrSVDD_0019_E_0001507,-5.6054356619
CtrSVDD_0020_E_0001508,-3.2084667670
CtrSVDD_0021_E_0001509,-3.3704132131
CtrSVDD_0022_E_0001510,-2.5794449032
CtrSVDD_0023_E_0001511,-0.3174049680
CtrSVDD_0024_E_0001512,-1.8667109463
CtrSVDD_0025_E_0001513,-0.5251771085
CtrSVDD_0026_E_0001514,-3.4452058659
CtrSVDD_0027_E_0001515,-4.8466023648
CtrSVDD_0028_E_0001516,-3.8959558652
CtrSVDD_0029_E_0001517,-2.8918478433
CtrSVDD_0030_E_0001518,-3.0402502341
CtrSVDD_0031_E_0001519,-0.0552802723
CtrSVDD_0032_E_0001520,0.9304840170
CtrSVDD_0033_E_0001521,-3.1981824367
CtrSVDD_0034_E_0001522,-1.6012594475
CtrSVDD_0035_E_0001523,-1.0629009486
CtrSVDD_0036_E_0001524,-1.1709236590
CtrSVDD_0037_E_0001525,-1.8335857652
CtrSVDD_0038_E_0001526,-4.3000244393
CtrSVDD_0039_E_0001527,-3.4308525526
CtrSVDD_0040_E_0001528,-3.9246931731
CtrSVDD_0041_E_0001529,-2.7117553566
CtrSVDD_0042_E_0001530,1.5409625827
CtrSVDD_0043_E_0001531,-3.1146783071
CtrSVDD_0044_E_0001532,-3.5119752863
CtrSVDD_0045_E_0001533,-4.1200317605
CtrSVDD_0046_E_0001534,-2.6839652981
CtrSVDD_0047_E_0001535,-3.1332770531
CtrSVDD_0000_E_0001536,-2.1531097819
CtrSVDD_0001_E_0001537,-1.9628364706
CtrSVDD_0002_E_0001538,-0.0538793990
CtrSVDD_0003_E_0001539,-3.2878675043
CtrSVDD_0004_E_0001540,-1.9323449096
CtrSVDD_0005_E_0001541,-3.4217169820
CtrSVDD_0006_E_0001542,-0.4613726783
CtrSVDD_0007_E_0001543,-4.2029362435
CtrSVDD_0008_E_0001544,0.8850301257
CtrSVDD_0009_E_0001545,-2.1253319225
CtrSVDD_0010_E_0001546,-1.6719888111
CtrSVDD_0011_E_0001547,-1.3636577147
CtrSVDD_0012_E_0001548,-5.2354172020
CtrSVDD_0013_E_0001549,-2.1388505023
CtrSVDD_0014_E_0001550,-2.9308207158
CtrSVDD_0015_E_0001551,-2.3904054999
CtrSVDD_0016_E_0001552,-1.7583790479
CtrSVDD_0017_E_0001553,-6.3106850128
CtrSVDD_0018_E_0001554,-4.2262111317
CtrSVDD_0019_E_0001555,-2.3143720728
CtrSVDD_0020_E_0001556,0.0370763774
CtrSVDD_0021_E_0001557,-3.4953819243
CtrSVDD_0022_E_0001558,-1.1735253568
CtrSVDD_0023_E_0001559,-3.1935743916
CtrSVDD_0024_E_0001560,-3.0211334490
CtrSVDD_0025_E_0001561,0.6648625781
CtrSVDD_0026_E_0001562,2.2572007159
CtrSVDD_0027_E_0001563,1.3860337204
CtrSVDD_0028_E_0001564,-0.4030085097
CtrSVDD_0029_E_0001565,-2.4051958985
CtrSVDD_0030_E_0001566,-5.0406889051
CtrSVDD_0031_E_0001567,-2.1574631015
CtrSVDD_0032_E_0001568,-3.7543049445
CtrSVDD_0033_E_0001569,-4.8264775132
CtrSVDD_0034_E_0001570,-2.9956642975
CtrSVDD_0035_E_0001571,-3.3020450965
CtrSVDD_0036_E_0001572,-5.0900506638
CtrSVDD_0037_E_0001573,0.0090922479
CtrSVDD_0038_E_0001574,-3.3097389375
CtrSVDD_0039_E_0001575,-5.2142100513
CtrSVDD_0040_E_0001576,-4.6260735612
CtrSVDD_0041_E_0001577,-3.5308351038
CtrSVDD_0042_E_0001578,-0.3528154914
CtrSVDD_0043_E_0001579,-3.7021346371
CtrSVDD_0044_E_0001580,-2.0407616957
CtrSVDD_0045_E_0001581,0.0872011414
CtrSVDD_0046_E_0001582,-3.2100666334
CtrSVDD_0047_E_0001583,-3.5171761456
CtrSVDD_0000_E_0001584,-1.9853317898
CtrSVDD_0001_E_0001585,-2.7775803834
CtrSVDD_0002_E_0001586,-4.0814127386
CtrSVDD_0003_E_0001587,-2.8112964856
CtrSVDD_0004_E_0001588,-4.1862921162
CtrSVDD_0005_E_0001589,-4.7426825906
CtrSVDD_0006_E_0001590,-5.3593471011
CtrSVDD_0007_E_0001591,-3.5562325567
CtrSVDD_0008_E_0001592,-5.4489432201
CtrSVDD_0009_E_0001593,-2.2260325614
CtrSVDD_0010_E_0001594,-4.6908719414
CtrSVDD_0011_E_0001595,-0.7345532687
CtrSVDD_0012_E_0001596,-4.0805470560
CtrSVDD_0013_E_0001597,-3.4706777001
CtrSVDD_0014_E_0001598,-2.4781211155
CtrSVDD_0015_E_0001599,-4.4398902330
CtrSVDD_0016_E_0001600,-4.2475874150
CtrSVDD_0017_E_0001601,-3.0932718684
CtrSVDD_0018_E_0001602,-2.8786162074
CtrSVDD_0019_E_0001603,-0.4285848188
CtrSVDD_0020_E_0001604,-2.0181232435
CtrSVDD_0021_E_0001605,-4.5290241504
CtrSVDD_0022_E_0001606,-2.8559796153
CtrSVDD_0023_E_0001607,-3.0692496199
CtrSVDD_0024_E_0001608,-4.2691101116
CtrSVDD_0025_E_0001609,-2.8972279131
CtrSVDD_0026_E_0001610,-3.6000261839
CtrSVDD_0027_E_0001611,-2.9584920116
CtrSVDD_0028_E_0001612,-2.7440474630
CtrSVDD_0029_E_0001613,-2.5117470299
CtrSVDD_0030_E_0001614,-4.2124650258
CtrSVDD_0031_E_0001615,-3.9755783054
CtrSVDD_0032_E_0001616,-4.9175298028
CtrSVDD_0033_E_0001617,0.0193703739
CtrSVDD_0034_E_0001618,-0.5700579520
CtrSVDD_0035_E_0001619,-0.0959640721
CtrSVDD_0036_E_0001620,-3.5880506446
CtrSVDD_0037_E_0001621,-3.4019694359
CtrSVDD_0038_E_0001622,-1.6730978450
CtrSVDD_0039_E_0001623,-5.4175843865
CtrSVDD_0040_E_0001624,-0.3232196598
CtrSVDD_0041_E_0001625,-0.0945589226
CtrSVDD_0042_E_0001626,-4.1755359802
CtrSVDD_0043_E_0001627,-4.0239418011
CtrSVDD_0044_E_0001628,-0.6841798459
CtrSVDD_0045_E_0001629,-0.9369732433
CtrSVDD_0046_E_0001630,-1.2194953228
CtrSVDD_0047_E_0001631,0.4060446121
CtrSVDD_0000_E_0001632,-5.2030662387
CtrSVDD_0001_E_0001633,-1.8985890302
CtrSVDD_0002_E_0001634,-3.4537829850
CtrSVDD_0003_E_0001635,-0.7416722676
CtrSVDD_0004_E_0001636,-0.7316645166
CtrSVDD_0005_E_0001637,-4.8371889031
CtrSVDD_0006_E_0001638,-2.9899557576
CtrSVDD_0007_E_0001639,-0.2953768624
CtrSVDD_0008_E_0001640,-3.9771310551
CtrSVDD_0009_E_0001641,-2.9252705126
CtrSVDD_0010_E_0001642,-1.8111895442
CtrSVDD_0011_E_0001643,-3.0640569433
CtrSVDD_0012_E_0001644,-1.1164401252
CtrSVDD_0013_E_0001645,-3.0787035362
CtrSVDD_0014_E_0001646,-4.3630136455
CtrSVDD_0015_E_0001647,-2.2739293638
CtrSVDD_0016_E_0001648,-5.3927847919
CtrSVDD_0017_E_0001649,-4.9605852947
CtrSVDD_0018_E_0001650,-3.2367831130
CtrSVDD_0019_E_0001651,-2.4089345673
CtrSVDD_0020_E_0001652,-4.8373301795
CtrSVDD_0021_E_0001653,-2.1226200607
CtrSVDD_0022_E_0001654,-4.0208970448
CtrSVDD_0023_E_0001655,-4.7166596369
CtrSVDD_0024_E_0001656,-3.5637716071
CtrSVDD_0025_E_0001657,-3.8736026279
CtrSVDD_0026_E_0001658,-0.9399165191
CtrSVDD_0027_E_0001659,-3.2738621326
CtrSVDD_0028_E_0001660,-0.7729187151
CtrSVDD_0029_E_0001661,-5.1885715228
CtrSVDD_0030_E_0001662,-2.3634721796
CtrSVDD_0031_E_0001663,-3.1423606401
CtrSVDD_0032_E_0001664,-2.3786179128
CtrSVDD_0033_E_0001665,-6.1210128064
CtrSVDD_0034_E_0001666,-1.2859375011
CtrSVDD_0035_E_0001667,-1.9616147970
CtrSVDD_0036_E_0001668,-3.4430672159
CtrSVDD_0037_E_0001669,-4.2637857106
CtrSVDD_0038_E_0001670,-4.6241675901
CtrSVDD_0039_E_0001671,-0.2588719166
CtrSVDD_0040_E_0001672,-3.1704672468
CtrSVDD_0041_E_0001673,-4.8122850796
CtrSVDD_0042_E_0001674,-2.8725107190
CtrSVDD_0043_E_0001675,-4.2959624096
CtrSVDD_0044_E_0001676,-0.3369725359
CtrSVDD_0045_E_0001677,-3.2655472842
CtrSVDD_0046_E_0001678,-2.8012871759
CtrSVDD_0047_E_0001679,-3.4772100591
CtrSVDD_0000_E_0001680,-2.4341879360
CtrSVDD_0001_E_0001681,-2.3947728058
CtrSVDD_0002_E_0001682,-4.8196082743
CtrSVDD_0003_E_0001683,-3.4617623033
CtrSVDD_0004_E_0001684,-2.3592600573
CtrSVDD_0005_E_0001685,-4.7986729117
CtrSVDD_0006_E_0001686,-3.5584917851
CtrSVDD_0007_E_0001687,-1.0127366719
CtrSVDD_0008_E_0001688,-2.5250017700
CtrSVDD_0009_E_0001689,-2.8943919698
CtrSVDD_0010_E_0001690,-4.4413630479
CtrSVDD_0011_E_0001691,-0.9304840170
CtrSVDD_0012_E_0001692,-2.5299267668
CtrSVDD_0013_E_0001693,-2.2485766721
CtrSVDD_0014_E_0001694,-0.2465641713
CtrSVDD_0015_E_0001695,-0.6198086983
CtrSVDD_0016_E_0001696,0.6753680420
CtrSVDD_0017_E_0001697,-3.0408769219
CtrSVDD_0018_E_0001698,0.0552802723
CtrSVDD_0019_E_0001699,-3.6265955178
CtrSVDD_0020_E_0001700,-3.9443237856
CtrSVDD_0021_E_0001701,-0.7149323423
CtrSVDD_0022_E_0001702,0.9456874299
CtrSVDD_0023_E_0001703,-0.8494205515
CtrSVDD_0024_E_0001704,-4.2784641846
CtrSVDD_0025_E_0001705,-3.8012510299
CtrSVDD_0026_E_0001706,-5.3084685178
CtrSVDD_0027_E_0001707,-3.3697165409
CtrSVDD_0028_E_0001708,-3.7665202929
CtrSVDD_0029_E_0001709,-3.6226553729
CtrSVDD_0030_E_0001710,-4.0707671213
CtrSVDD_0031_E_0001711,-4.3996820248
CtrSVDD_0032_E_0001712,-3.1304131217
CtrSVDD_0033_E_0001713,-3.4806440877
CtrSVDD_0034_E_0001714,1.6845475769
CtrSVDD_0035_E_0001715,-3.0397619839
CtrSVDD_0036_E_0001716,-3.8246146826
CtrSVDD_0037_E_0001717,-1.9858336633
CtrSVDD_0038_E_0001718,-4.0627906656
CtrSVDD_0039_E_0001719,-5.6220010197
CtrSVDD_0040_E_0001720,-4.4585982967
CtrSVDD_0041_E_0001721,-4.6538570886
CtrSVDD_0042_E_0001722,-2.0585896195
CtrSVDD_0043_E_0001723,-4.2649518726
CtrSVDD_0044_E_0001724,-2.3519694697
CtrSVDD_0045_E_0001725,-4.3861872712
CtrSVDD_0046_E_0001726,-3.2714359927
CtrSVDD_0047_E_0001727,-3.9330829769
CtrSVDD_0000_E_0001728,-0.5932506910
CtrSVDD_0001_E_0001729,-4.3399798161
CtrSVDD_0002_E_0001730,-2.3686927181
CtrSVDD_0003_E_0001731,-2.9171305813
CtrSVDD_0004_E_0001732,-3.7803377207
CtrSVDD_0005_E_0001733,-4.8751200227
CtrSVDD_0006_E_0001734,-0.0006993941
CtrSVDD_0007_E_0001735,-3.5140192474
CtrSVDD_0008_E_0001736,1.0812725529
CtrSVDD_0009_E_0001737,-2.6872512238
CtrSVDD_0010_E_0001738,-5.9067425096
CtrSVDD_0011_E_0001739,-2.7839204088
CtrSVDD_0012_E_0001740,1.1194524894
CtrSVDD_0013_E_0001741,-3.9818031011
CtrSVDD_0014_E_0001742,-3.6071076461
CtrSVDD_0015_E_0001743,-5.2888865001
CtrSVDD_0016_E_0001744,-3.3272809022
CtrSVDD_0017_E_0001745,-3.6028557785
CtrSVDD_0018_E_0001746,-3.6814731878
CtrSVDD_0019_E_0001747,-2.7648590137
CtrSVDD_0020_E_0001748,-5.1739153729
CtrSVDD_0021_E_0001749,-3.9881663300
CtrSVDD_0022_E_0001750,-2.8985594649
CtrSVDD_0023_E_0001751,-4.2913012122
CtrSVDD_0024_E_0001752,-0.5623753366
CtrSVDD_0025_E_0001753,-4.1846147396
CtrSVDD_0026_E_0001754,-2.2377537546
CtrSVDD_0027_E_0001755,-5.4902308222
CtrSVDD_0028_E_0001756,-4.0138993685
CtrSVDD_0029_E_0001757,-3.8471972670
CtrSVDD_0030_E_0001758,-2.2532307072
CtrSVDD_0031_E_0001759,1.1487662800
CtrSVDD_0032_E_0001760,-2.2741056555
CtrSVDD_0033_E_0001761,-3.2800209809
CtrSVDD_0034_E_0001762,0.9858255004
CtrSVDD_0035_E_0001763,-3.6816174300
CtrSVDD_0036_E_0001764,-3.8241739432
CtrSVDD_0037_E_0001765,-4.8644336690
CtrSVDD_0038_E_0001766,-5.0787777123
CtrSVDD_0039_E_0001767,1.2224429156
CtrSVDD_0040_E_0001768,-5.0041013186
CtrSVDD_0041_E_0001769,-0.9218921745
CtrSVDD_0042_E_0001770,0.9613044018
CtrSVDD_0043_E_0001771,-2.5555281466
CtrSVDD_0044_E_0001772,-3.6740989158
CtrSVDD_0045_E_0001773,-4.8112357909
CtrSVDD_0046_E_0001774,-3.9841754926
CtrSVDD_0047_E_0001775,-4.0523928770
CtrSVDD_0000_E_0001776,-3.6575058884
CtrSVDD_0001_E_0001777,-4.7331726214
CtrSVDD_0002_E_0001778,-2.7034201051
CtrSVDD_0003_E_0001779,0.5340621387
CtrSVDD_0004_E_0001780,-4.1412627485
CtrSVDD_0005_E_0001781,-3.1686969150
CtrSVDD_0006_E_0001782,-4.0446963009
CtrSVDD_0007_E_0001783,-1.0612813991
CtrSVDD_0008_E_0001784,-4.3216326689
CtrSVDD_0009_E_0001785,-2.8942425238
CtrSVDD_0010_E_0001786,-1.0402372973
CtrSVDD_0011_E_0001787,1.2283701829
CtrSVDD_0012_E_0001788,-4.1779284890
CtrSVDD_0013_E_0001789,-3.6611047831
CtrSVDD_0014_E_0001790,-2.3965496276
CtrSVDD_0015_E_0001791,-0.3526684449
CtrSVDD_0016_E_0001792,-0.7907762051
CtrSVDD_0017_E_0001793,-3.4241935640
CtrSVDD_0018_E_0001794,-4.1731268662
CtrSVDD_0019_E_0001795,-0.1077746130
CtrSVDD_0020_E_0001796,-2.4765925674
CtrSVDD_0021_E_0001797,1.2165582875
CtrSVDD_0022_E_0001798,1.8776101210
CtrSVDD_0023_E_0001799,-0.6998139397
CtrSVDD_0024_E_0001800,1.7518528889
CtrSVDD_0025_E_0001801,-6.9030250599
CtrSVDD_0026_E_0001802,-5.0899206215
CtrSVDD_0027_E_0001803,-0.1339840606
CtrSVDD_0028_E_0001804,-0.4243412441
CtrSVDD_0029_E_0001805,-3.3615018201
CtrSVDD_0030_E_0001806,-4.4114786823
CtrSVDD_0031_E_0001807,-5.5514446525
CtrSVDD_0032_E_0001808,-3.4425478628
CtrSVDD_0033_E_0001809,-4.8794282021
CtrSVDD_0034_E_0001810,0.9838717037
CtrSVDD_0035_E_0001811,-3.1838143371
CtrSVDD_0036_E_0001812,-5.5567700879
CtrSVDD_0037_E_0001813,-3.7562702577
CtrSVDD_0038_E_0001814,-4.9264728256
CtrSVDD_0039_E_0001815,0.7779944432
CtrSVDD_0040_E_0001816,-0.5326035623
CtrSVDD_0041_E_0001817,-2.6817199446
CtrSVDD_0042_E_0001818,-2.2090689175
CtrSVDD_0043_E_0001819,-5.2963462902
CtrSVDD_0044_E_0001820,-2.8718051352
CtrSVDD_0045_E_0001821,0.1114338467
CtrSVDD_0046_E_0001822,-3.3299850736
CtrSVDD_0047_E_0001823,-4.3054548032
CtrSVDD_0000_E_0001824,-2.2392431628
CtrSVDD_0001_E_0001825,-5.1011058588
CtrSVDD_0002_E_0001826,-3.3680827529
CtrSVDD_0003_E_0001827,-3.2956951523
CtrSVDD_0004_E_0001828,-0.2480063880
CtrSVDD_0005_E_0001829,-3.4632260166
CtrSVDD_0006_E_0001830,1.1020453733
CtrSVDD_0007_E_0001831,-3.9264843007
CtrSVDD_0008_E_0001832,-4.1485854525
CtrSVDD_0009_E_0001833,1.5163632225
CtrSVDD_0010_E_0001834,-0.4943008145
CtrSVDD_0011_E_0001835,-3.0297547999
CtrSVDD_0012_E_0001836,-4.3709303291
CtrSVDD_0013_E_0001837,-3.8070589586
CtrSVDD_0014_E_0001838,-5.4798672266
CtrSVDD_0015_E_0001839,-5.6745470680
CtrSVDD_0016_E_0001840,-0.9070179191
CtrSVDD_0017_E_0001841,-3.6378795215
CtrSVDD_0018_E_0001842,-3.5600323775
CtrSVDD_0019_E_0001843,-2.9303839795
CtrSVDD_0020_E_0001844,-4.7543372883
CtrSVDD_0021_E_0001845,0.0440760921
CtrSVDD_0022_E_0001846,-4.4558907646
CtrSVDD_0023_E_0001847,-4.2651154105
CtrSVDD_0024_E_0001848,0.7983538465
CtrSVDD_0025_E_0001849,-2.9174124141
CtrSVDD_0026_E_0001850,-1.1359694825
CtrSVDD_0027_E_0001851,-4.2121010039
CtrSVDD_0028_E_0001852,-2.3379701478
CtrSVDD_0029_E_0001853,-2.8896648139
CtrSVDD_0030_E_0001854,-2.8984554945
CtrSVDD_0031_E_0001855,0.8454144771
CtrSVDD_0032_E_0001856,-1.1861075198
CtrSVDD_0033_E_0001857,-3.3811907892
CtrSVDD_0034_E_0001858,1.5184291412
CtrSVDD_0035_E_0001859,-5.5631536017
CtrSVDD_0036_E_0001860,-0.4644866708
CtrSVDD_0037_E_0001861,-1.3245919820
CtrSVDD_0038_E_0001862,-5.5988282967
CtrSVDD_0039_E_0001863,-1.0158311043
CtrSVDD_0040_E_0001864,-2.6504916633
CtrSVDD_0041_E_0001865,-3.4096482468
CtrSVDD_0042_E_0001866,0.1212919178
CtrSVDD_0043_E_0001867,-4.6279819151
CtrSVDD_0044_E_0001868,-1.3279718303
CtrSVDD_0045_E_0001869,-4.4250415951
CtrSVDD_0046_E_0001870,-5.0357357672
CtrSVDD_0047_E_0001871,-2.9798567328
CtrSVDD_0000_E_0001872,1.6432135432
CtrSVDD_0001_E_0001873,-4.0587370188
CtrSVDD_0002_E_0001874,-2.4495984768
CtrSVDD_0003_E_0001875,-0.4892157518
CtrSVDD_0004_E_0001876,-0.9348057945
CtrSVDD_0005_E_0001877,-0.6596373073
CtrSVDD_0006_E_0001878,-0.0977574847
CtrSVDD_0007_E_0001879,-4.4236901227
CtrSVDD_0008_E_0001880,0.1523558843
CtrSVDD_0009_E_0001881,-1.4198581649
CtrSVDD_0010_E_0001882,-2.5164635551
CtrSVDD_0011_E_0001883,-2.7763823180
CtrSVDD_0012_E_0001884,-3.7381015285
CtrSVDD_0013_E_0001885,-0.1570280054
CtrSVDD_0014_E_0001886,-2.8500079375
CtrSVDD_0015_E_0001887,-3.8638030441
CtrSVDD_0016_E_0001888,-1.1245726051
CtrSVDD_0017_E_0001889,-0.5851406533
CtrSVDD_0018_E_0001890,-3.7778856833
CtrSVDD_0019_E_0001891,-4.8041177764
CtrSVDD_0020_E_0001892,-2.5494843353
CtrSVDD_0021_E_0001893,-3.7063640567
CtrSVDD_0022_E_0001894,-1.4135954923
CtrSVDD_0023_E_0001895,-5.6616561058
CtrSVDD_0024_E_0001896,-3.6871625434
CtrSVDD_0025_E_0001897,-2.4059159603
CtrSVDD_0026_E_0001898,-4.4664701288
CtrSVDD_0027_E_0001899,-2.8038420704
CtrSVDD_0028_E_0001900,-2.9271226845
CtrSVDD_0029_E_0001901,-0.5684131487
CtrSVDD_0030_E_0001902,0.6389131017
CtrSVDD_0031_E_0001903,-4.4850387113
CtrSVDD_0032_E_0001904,-3.2060632448
CtrSVDD_0033_E_0001905,-2.0379071587
CtrSVDD_0034_E_0001906,-1.6572901760
CtrSVDD_0035_E_0001907,-1.4688537976
CtrSVDD_0036_E_0001908,-5.2439643430
CtrSVDD_0037_E_0001909,-3.5516031080
CtrSVDD_0038_E_0001910,-3.1318973744
CtrSVDD_0039_E_0001911,-2.9799586540
CtrSVDD_0040_E_0001912,-3.0468839770
CtrSVDD_0041_E_0001913,-5.2114550052
CtrSVDD_0042_E_0001914,-2.1551548675
CtrSVDD_0043_E_0001915,-4.6803772480
CtrSVDD_0044_E_0001916,-1.1112398178
CtrSVDD_0045_E_0001917,-1.3311997810
CtrSVDD_0046_E_0001918,-5.4385388787
CtrSVDD_0047_E_0001919,-4.8771834015
CtrSVDD_0000_E_0001920,-2.5030562956
CtrSVDD_0001_E_0001921,-1.0564234853
CtrSVDD_0002_E_0001922,-1.9222664752
CtrSVDD_0003_E_0001923,-2.9204629755
CtrSVDD_0004_E_0001924,-1.7894194985
CtrSVDD_0005_E_0001925,0.4641671859
CtrSVDD_0006_E_0001926,-3.5137582328
CtrSVDD_0007_E_0001927,-2.2864486477
CtrSVDD_0008_E_0001928,-4.4047407448
CtrSVDD_0009_E_0001929,-2.8867894591
CtrSVDD_0010_E_0001930,-2.2463570451
CtrSVDD_0011_E_0001931,-2.4621448648
CtrSVDD_0012_E_0001932,-4.9067956012
CtrSVDD_0013_E_0001933,-2.7584771078
CtrSVDD_0014_E_0001934,-1.4325426387
CtrSVDD_0015_E_0001935,-4.0607177081
CtrSVDD_0016_E_0001936,-3.7275120258
CtrSVDD_0017_E_0001937,-3.2619980765
CtrSVDD_0018_E_0001938,-1.5572853665
CtrSVDD_0019_E_0001939,-3.8273060533
CtrSVDD_0020_E_0001940,-5.2331430325
CtrSVDD_0021_E_0001941,-0.1540397149
CtrSVDD_0022_E_0001942,-3.3928827807
CtrSVDD_0023_E_0001943,-4.0240457648
CtrSVDD_0024_E_0001944,-2.6707230800
CtrSVDD_0025_E_0001945,0.0953057426
CtrSVDD_0026_E_0001946,-3.3942292843
CtrSVDD_0027_E_0001947,-2.0465425732
CtrSVDD_0028_E_0001948,0.2264254499
CtrSVDD_0029_E_0001949,-2.0884667405
CtrSVDD_0030_E_0001950,-3.7245970144
CtrSVDD_0031_E_0001951,-2.9085044139
CtrSVDD_0032_E_0001952,1.7992027972
CtrSVDD_0033_E_0001953,-3.8312855520
CtrSVDD_0034_E_0001954,0.5072823611
CtrSVDD_0035_E_0001955,-2.4723074051
CtrSVDD_0036_E_0001956,-3.0873213984
CtrSVDD_0037_E_0001957,-3.7131067468
CtrSVDD_0038_E_0001958,-4.3580589082
CtrSVDD_0039_E_0001959,-4.4833807878
CtrSVDD_0040_E_0001960,-3.8865525949
CtrSVDD_0041_E_0001961,-3.3048984316
CtrSVDD_0042_E_0001962,-0.9026033143
CtrSVDD_0043_E_0001963,-2.6441678783
CtrSVDD_0044_E_0001964,-3.8770754611
CtrSVDD_0045_E_0001965,-4.1234077627
CtrSVDD_0046_E_0001966,-4.0817720162
CtrSVDD_0047_E_0001967,1.2869759279
CtrSVDD_0000_E_0001968,-3.9231612583
CtrSVDD_0001_E_0001969,-3.8956776048
CtrSVDD_0002_E_0001970,-3.9311620775
CtrSVDD_0003_E_0001971,-2.5761707699
CtrSVDD_0004_E_0001972,-4.8249486175
CtrSVDD_0005_E_0001973,-0.2336068896
CtrSVDD_0006_E_0001974,-3.3167685309
CtrSVDD_0007_E_0001975,-4.3109017545
CtrSVDD_0008_E_0001976,0.0763079424
CtrSVDD_0009_E_0001977,-1.7479477980
CtrSVDD_0010_E_0001978,-0.5536781855
CtrSVDD_0011_E_0001979,-4.4160422902
CtrSVDD_0012_E_0001980,-3.2189751882
CtrSVDD_0013_E_0001981,-3.4557367186
CtrSVDD_0014_E_0001982,-1.3449190424
CtrSVDD_0015_E_0001983,-2.4976746417
CtrSVDD_0016_E_0001984,-0.3852423391
CtrSVDD_0017_E_0001985,0.5607376411
CtrSVDD_0018_E_0001986,-0.2151780716
CtrSVDD_0019_E_0001987,-2.4774410542
CtrSVDD_0020_E_0001988,-3.9206443679
CtrSVDD_0021_E_0001989,-4.4369382416
CtrSVDD_0022_E_0001990,-4.2183646084
CtrSVDD_0023_E_0001991,-4.8434090374
CtrSVDD_0024_E_0001992,-0.0228841696
CtrSVDD_0025_E_0001993,-4.2490321572
CtrSVDD_0026_E_0001994,-2.4228979282
CtrSVDD_0027_E_0001995,-3.0377246835
CtrSVDD_0028_E_0001996,-4.0067956886
CtrSVDD_0029_E_0001997,-3.7587763170
CtrSVDD_0030_E_0001998,0.9949625801
CtrSVDD_0031_E_0001999,-3.1556361332
CtrSVDD_0032_E_0002000,-3.3745709477
CtrSVDD_0033_E_0002001,-4.1879707856
CtrSVDD_0034_E_0002002,-3.5254339437
CtrSVDD_0035_E_0002003,-3.4519722701
CtrSVDD_0036_E_0002004,-3.3309604011
CtrSVDD_0037_E_0002005,-2.6993582757
CtrSVDD_0038_E_0002006,-4.1522485377
CtrSVDD_0039_E_0002007,-3.7369668770
CtrSVDD_0040_E_0002008,-4.0351304631
CtrSVDD_0041_E_0002009,-4.4046417949
CtrSVDD_0042_E_0002010,-3.3521473015
CtrSVDD_0043_E_0002011,-3.8546118377
CtrSVDD_0044_E_0002012,-4.1014333796
CtrSVDD_0045_E_0002013,-0.4735221645
CtrSVDD_0046_E_0002014,-3.2630155443
CtrSVDD_0047_E_0002015,-3.8402150643
CtrSVDD_0000_E_0002016,0.8035216335
CtrSVDD_0001_E_0002017,-2.3794800326
CtrSVDD_0002_E_0002018,-2.8783098698
CtrSVDD_0003_E_0002019,-2.7632087621
CtrSVDD_0004_E_0002020,-3.3730395834
CtrSVDD_0005_E_0002021,-4.2851774022
CtrSVDD_0006_E_0002022,-3.9508233368
CtrSVDD_0007_E_0002023,-3.6317033836
CtrSVDD_0008_E_0002024,-3.5785091355
CtrSVDD_0009_E_0002025,-4.0008282130
CtrSVDD_0010_E_0002026,-5.0788552291
CtrSVDD_0011_E_0002027,-1.1541217111
CtrSVDD_0012_E_0002028,-2.5810130099
CtrSVDD_0013_E_0002029,-4.1986346193
CtrSVDD_0014_E_0002030,-3.0650743964
CtrSVDD_0015_E_0002031,-5.7814717216
CtrSVDD_0016_E_0002032,-3.7205851626
CtrSVDD_0017_E_0002033,-3.2078402439
CtrSVDD_0018_E_0002034,0.2566706433
CtrSVDD_0019_E_0002035,-2.8283398146
CtrSVDD_0020_E_0002036,-3.8420063846
CtrSVDD_0021_E_0002037,-4.2286627925
CtrSVDD_0022_E_0002038,-1.4805687782
CtrSVDD_0023_E_0002039,-4.1134583250
CtrSVDD_0024_E_0002040,-3.6950427816
CtrSVDD_0025_E_0002041,-0.4060911143
CtrSVDD_0026_E_0002042,-4.7492492535
CtrSVDD_0027_E_0002043,-6.2227229040
CtrSVDD_0028_E_0002044,-4.5425014043
CtrSVDD_0029_E_0002045,-4.1551016807
CtrSVDD_0030_E_0002046,-4.1006491406
CtrSVDD_0031_E_0002047,-2.4954276217
CtrSVDD_0032_E_0002048,-5.2577720482
CtrSVDD_0033_E_0002049,-3.2096155127
CtrSVDD_0034_E_0002050,-5.8979718812
CtrSVDD_0035_E_0002051,-0.4106058040
CtrSVDD_0036_E_0002052,-3.8021086395
CtrSVDD_0037_E_0002053,-1.8516923535
CtrSVDD_0038_E_0002054,-2.2822863747
CtrSVDD_0039_E_0002055,-5.4053287886
CtrSVDD_0040_E_0002056,0.2278607921
CtrSVDD_0041_E_0002057,-5.2211392634
CtrSVDD_0042_E_0002058,-5.5279487294
CtrSVDD_0043_E_0002059,-1.8972853593
CtrSVDD_0044_E_0002060,-4.4660191542
CtrSVDD_0045_E_0002061,-2.9833882950
CtrSVDD_0046_E_0002062,-0.9308847144
CtrSVDD_0047_E_0002063,-4.2719420764
CtrSVDD_0000_E_0002064,-2.9647603025
CtrSVDD_0001_E_0002065,-3.6963138264
CtrSVDD_0002_E_0002066,-2.3356155469
CtrSVDD_0003_E_0002067,-4.6691551343
CtrSVDD_0004_E_0002068,-2.1921013713
CtrSVDD_0005_E_0002069,-3.8216096790
CtrSVDD_0006_E_0002070,-0.6066475734
CtrSVDD_0007_E_0002071,-5.0524933470
CtrSVDD_0008_E_0002072,-3.4005232368
CtrSVDD_0009_E_0002073,-3.3215053620
CtrSVDD_0010_E_0002074,1.7921891094
CtrSVDD_0011_E_0002075,-0.9690617099
CtrSVDD_0012_E_0002076,-2.9702324651
CtrSVDD_0013_E_0002077,-5.3477983421
CtrSVDD_0014_E_0002078,-2.9280805801
CtrSVDD_0015_E_0002079,-0.8965151763
CtrSVDD_0016_E_0002080,-1.6218672726
CtrSVDD_0017_E_0002081,-3.4263340292
CtrSVDD_0018_E_0002082,-3.6399852177
CtrSVDD_0019_E_0002083,-3.5838158721
CtrSVDD_0020_E_0002084,-4.0854502374
CtrSVDD_0021_E_0002085,-3.5962192280
CtrSVDD_0022_E_0002086,-4.0159020663
CtrSVDD_0023_E_0002087,-0.3326515560
CtrSVDD_0024_E_0002088,-1.5819057446
CtrSVDD_0025_E_0002089,-2.6607745596
CtrSVDD_0026_E_0002090,-2.7490417937
CtrSVDD_0027_E_0002091,-3.3842828015
CtrSVDD_0028_E_0002092,-2.7019829016
CtrSVDD_0029_E_0002093,0.6297458358
CtrSVDD_0030_E_0002094,-2.1847415348
CtrSVDD_0031_E_0002095,-4.5076383191
CtrSVDD_0032_E_0002096,-3.2397501709
CtrSVDD_0033_E_0002097,-2.5647482269
CtrSVDD_0034_E_0002098,-4.7539128017
CtrSVDD_0035_E_0002099,-1.6137354486
CtrSVDD_0036_E_0002100,-4.6146730659
CtrSVDD_0037_E_0002101,-4.7907481351
CtrSVDD_0038_E_0002102,-0.4248533777
CtrSVDD_0039_E_0002103,-2.6608343963
CtrSVDD_0040_E_0002104,-3.4323775786
CtrSVDD_0041_E_0002105,-3.3499407023
CtrSVDD_0042_E_0002106,-3.4625404194
CtrSVDD_0043_E_0002107,-3.3203217437
CtrSVDD_0044_E_0002108,-2.3722772030
CtrSVDD_0045_E_0002109,-3.7460469275
CtrSVDD_0046_E_0002110,-1.7693924629
CtrSVDD_0047_E_0002111,-3.4676007064
CtrSVDD_0000_E_0002112,-3.2164498923
CtrSVDD_0001_E_0002113,-2.5085278130
CtrSVDD_0002_E_0002114,-5.1470369023
CtrSVDD_0003_E_0002115,0.3432308474
CtrSVDD_0004_E_0002116,-1.4083070176
CtrSVDD_0005_E_0002117,-1.7520452999
CtrSVDD_0006_E_0002118,-1.4450270006
CtrSVDD_0007_E_0002119,-4.0295735659
CtrSVDD_0008_E_0002120,-4.1997054132
CtrSVDD_0009_E_0002121,-2.5011526955
CtrSVDD_0010_E_0002122,-3.9735122515
CtrSVDD_0011_E_0002123,-2.7273182289
CtrSVDD_0012_E_0002124,-3.3540370988
CtrSVDD_0013_E_0002125,-1.4893118450
CtrSVDD_0014_E_0002126,-1.1792936900
CtrSVDD_0015_E_0002127,0.7673723835
CtrSVDD_0016_E_0002128,-6.6328608658
CtrSVDD_0017_E_0002129,-3.8132683393
CtrSVDD_0018_E_0002130,-0.5018650724
CtrSVDD_0019_E_0002131,-5.0555060726
CtrSVDD_0020_E_0002132,-0.6266939838
CtrSVDD_0021_E_0002133,-5.2574642234
CtrSVDD_0022_E_0002134,-2.9997791420
CtrSVDD_0023_E_0002135,-2.2567192875
CtrSVDD_0024_E_0002136,-1.5380693619
CtrSVDD_0025_E_0002137,-3.7613635880
CtrSVDD_0026_E_0002138,-2.9825910085
CtrSVDD_0027_E_0002139,-0.0692954288
CtrSVDD_0028_E_0002140,-3.1007064790
CtrSVDD_0029_E_0002141,-4.3690781571
CtrSVDD_0030_E_0002142,-4.2435424264
CtrSVDD_0031_E_0002143,2.0349820557
CtrSVDD_0032_E_0002144,-5.8607790537
CtrSVDD_0033_E_0002145,2.7784602291
CtrSVDD_0034_E_0002146,-1.8847137153
CtrSVDD_0035_E_0002147,-1.4337857253
CtrSVDD_0036_E_0002148,-1.0192063277
CtrSVDD_0037_E_0002149,-3.3730065847
CtrSVDD_0038_E_0002150,-3.2989479657
CtrSVDD_0039_E_0002151,-2.0954303956
CtrSVDD_0040_E_0002152,0.1089522401
CtrSVDD_0041_E_0002153,-0.7400058965
CtrSVDD_0042_E_0002154,-4.1741079038
CtrSVDD_0043_E_0002155,-0.3267438821
CtrSVDD_0044_E_0002156,-5.4451157652
CtrSVDD_0045_E_0002157,-3.9895777461
CtrSVDD_0046_E_0002158,-0.4182268725
CtrSVDD_0047_E_0002159,-2.5510431733
CtrSVDD_0000_E_0002160,-0.8118936149
CtrSVDD_0001_E_0002161,-4.3470136158
CtrSVDD_0002_E_0002162,-0.9577317644
CtrSVDD_0003_E_0002163,-3.4680441419
CtrSVDD_0004_E_0002164,-3.4542708167
CtrSVDD_0005_E_0002165,-0.6574935365
CtrSVDD_0006_E_0002166,-0.1821452351
CtrSVDD_0007_E_0002167,-3.6151191705
CtrSVDD_0008_E_0002168,-3.0013078056
CtrSVDD_0009_E_0002169,-1.9578076466
CtrSVDD_0010_E_0002170,-4.0319315628
CtrSVDD_0011_E_0002171,-4.9660323473
CtrSVDD_0012_E_0002172,0.3134928526
CtrSVDD_0013_E_0002173,-2.7410635472
CtrSVDD_0014_E_0002174,-4.0181346171
CtrSVDD_0015_E_0002175,-3.1615688736
CtrSVDD_0016_E_0002176,-3.0535096772
CtrSVDD_0017_E_0002177,-4.4440367904
CtrSVDD_0018_E_0002178,-2.7710813531
CtrSVDD_0019_E_0002179,-2.6233823509
CtrSVDD_0020_E_0002180,-3.9109254680
CtrSVDD_0021_E_0002181,-3.5315412482
CtrSVDD_0022_E_0002182,-0.7236053830
CtrSVDD_0023_E_0002183,-3.1086847979
CtrSVDD_0024_E_0002184,-4.0909569095
CtrSVDD_0025_E_0002185,-0.3356097395
CtrSVDD_0026_E_0002186,-1.1278274540
CtrSVDD_0027_E_0002187,-2.7589976042
CtrSVDD_0028_E_0002188,-3.6706406911
CtrSVDD_0029_E_0002189,-1.1093038909
CtrSVDD_0030_E_0002190,2.1665662910
CtrSVDD_0031_E_0002191,-3.0336249957
CtrSVDD_0032_E_0002192,-3.0896776228
CtrSVDD_0033_E_0002193,-0.0801116439
CtrSVDD_0034_E_0002194,-2.7263729479
CtrSVDD_0035_E_0002195,-3.6056850640
CtrSVDD_0036_E_0002196,-4.5126060886
CtrSVDD_0037_E_0002197,-3.1825719146
CtrSVDD_0038_E_0002198,-3.1110270148
CtrSVDD_0039_E_0002199,-2.9743544565
CtrSVDD_0040_E_0002200,-3.7310910013
CtrSVDD_0041_E_0002201,-4.6195439190
CtrSVDD_0042_E_0002202,-2.5289151119
CtrSVDD_0043_E_0002203,-2.0315669640
CtrSVDD_0044_E_0002204,-2.9886151160
CtrSVDD_0045_E_0002205,-2.3768880067
CtrSVDD_0046_E_0002206,-3.3767235040
CtrSVDD_0047_E_0002207,0.0104911032
CtrSVDD_0000_E_0002208,-4.3547615635
CtrSVDD_0001_E_0002209,-3.0831558178
CtrSVDD_0002_E_0002210,-4.1195100795
CtrSVDD_0003_E_0002211,0.2020933456
CtrSVDD_0004_E_0002212,-0.0398760261
CtrSVDD_0005_E_0002213,-3.1385741342
CtrSVDD_0006_E_0002214,-2.6573017264
CtrSVDD_0007_E_0002215,-1.6180672762
CtrSVDD_0008_E_0002216,-1.6859911138
CtrSVDD_0009_E_0002217,-3.6260485512
CtrSVDD_0010_E_0002218,0.2336068896
CtrSVDD_0011_E_0002219,-3.3228255427
CtrSVDD_0012_E_0002220,-0.0870835125
CtrSVDD_0013_E_0002221,-0.8406649755
CtrSVDD_0014_E_0002222,-2.1643656810
CtrSVDD_0015_E_0002223,-1.6778629829
CtrSVDD_0016_E_0002224,-2.8078561186
CtrSVDD_0017_E_0002225,-2.7609675193
CtrSVDD_0018_E_0002226,-5.1042448436
CtrSVDD_0019_E_0002227,0.5233638584
CtrSVDD_0020_E_0002228,-3.9955877660
CtrSVDD_0021_E_0002229,-3.2997088937
CtrSVDD_0022_E_0002230,-3.7494536890
CtrSVDD_0023_E_0002231,-3.3159622524
CtrSVDD_0024_E_0002232,-4.1381493597
CtrSVDD_0025_E_0002233,-3.9107989291
CtrSVDD_0026_E_0002234,-3.4632696343
CtrSVDD_0027_E_0002235,-3.8442285716
CtrSVDD_0028_E_0002236,-2.4527601835
CtrSVDD_0029_E_0002237,-1.1780280544
CtrSVDD_0030_E_0002238,-5.6069167726
CtrSVDD_0031_E_0002239,-3.4384828112
CtrSVDD_0032_E_0002240,-2.9331106794
CtrSVDD_0033_E_0002241,-3.4768388702
CtrSVDD_0034_E_0002242,-3.9335029433
CtrSVDD_0035_E_0002243,-1.9240112893
CtrSVDD_0036_E_0002244,-4.3037282087
CtrSVDD_0037_E_0002245,-2.4338902640
CtrSVDD_0038_E_0002246,-1.9582838221
CtrSVDD_0039_E_0002247,-5.1973137389
CtrSVDD_0040_E_0002248,-2.8474190631
CtrSVDD_0041_E_0002249,-2.5827321430
CtrSVDD_0042_E_0002250,-1.0596619745
CtrSVDD_0043_E_0002251,-0.2639055764
CtrSVDD_0044_E_0002252,-2.5556209690
CtrSVDD_0045_E_0002253,-4.7231876433
CtrSVDD_0046_E_0002254,-3.0545011334
CtrSVDD_0047_E_0002255,-0.0875359191
CtrSVDD_0000_E_0002256,-2.6087833901
CtrSVDD_0001_E_0002257,-3.2052439322
CtrSVDD_0002_E_0002258,-1.8260538852
CtrSVDD_0003_E_0002259,-0.1029927185
CtrSVDD_0004_E_0002260,-2.1705342503
CtrSVDD_0005_E_0002261,-2.8710124857
CtrSVDD_0006_E_0002262,-2.7689106274
CtrSVDD_0007_E_0002263,-4.5772593638
CtrSVDD_0008_E_0002264,-4.0361489640
CtrSVDD_0009_E_0002265,-5.2515626598
CtrSVDD_0010_E_0002266,-2.2334298328
CtrSVDD_0011_E_0002267,-3.9228163817
CtrSVDD_0012_E_0002268,-5.0292149951
CtrSVDD_0013_E_0002269,-3.1841980133
CtrSVDD_0014_E_0002270,-0.4655342004
CtrSVDD_0015_E_0002271,-1.4920419963
CtrSVDD_0016_E_0002272,-1.5949745437
CtrSVDD_0017_E_0002273,-2.9866623931
CtrSVDD_0018_E_0002274,-3.0555160132
CtrSVDD_0019_E_0002275,-4.7568552441
CtrSVDD_0020_E_0002276,-2.5238427209
CtrSVDD_0021_E_0002277,-4.2202926928
CtrSVDD_0022_E_0002278,-4.2007835892
CtrSVDD_0023_E_0002279,-0.5022191229
CtrSVDD_0024_E_0002280,-5.0488464095
CtrSVDD_0025_E_0002281,-2.2754413992
CtrSVDD_0026_E_0002282,-4.5662026710
CtrSVDD_0027_E_0002283,-2.6674667745
CtrSVDD_0028_E_0002284,-2.8194904743
CtrSVDD_0029_E_0002285,-4.4510573129
CtrSVDD_0030_E_0002286,0.8615214857
CtrSVDD_0031_E_0002287,-2.9219874953
CtrSVDD_0032_E_0002288,0.7716566154
CtrSVDD_0033_E_0002289,-2.4684188363
CtrSVDD_0034_E_0002290,-3.0399507522
CtrSVDD_0035_E_0002291,-2.4631359721
CtrSVDD_0036_E_0002292,-0.3525592754
CtrSVDD_0037_E_0002293,-3.8171584635
CtrSVDD_0038_E_0002294,-4.5498362400
CtrSVDD_0039_E_0002295,-2.7015334870
CtrSVDD_0040_E_0002296,-4.5865308641
CtrSVDD_0041_E_0002297,-3.3807908833
CtrSVDD_0042_E_0002298,-0.4910270772
CtrSVDD_0043_E_0002299,-1.0362091760
CtrSVDD_0044_E_0002300,0.0678933459
CtrSVDD_0045_E_0002301,-2.2034004864
CtrSVDD_0046_E_0002302,-4.4749831436
CtrSVDD_0047_E_0002303,-3.2021483329
CtrSVDD_0000_E_0002304,2.1065540882
CtrSVDD_0001_E_0002305,-2.3815622639
CtrSVDD_0002_E_0002306,-2.9889062119
CtrSVDD_0003_E_0002307,-2.1632837448
CtrSVDD_0004_E_0002308,-4.2801748843
CtrSVDD_0005_E_0002309,-0.8944770914
CtrSVDD_0006_E_0002310,-0.1086192847
CtrSVDD_0007_E_0002311,-1.9716669839
CtrSVDD_0008_E_0002312,0.0412759663
CtrSVDD_0009_E_0002313,-3.2130365516
CtrSVDD_0010_E_0002314,-3.0135183250
CtrSVDD_0011_E_0002315,-2.9194710614
CtrSVDD_0012_E_0002316,-3.4039640894
CtrSVDD_0013_E_0002317,-3.2618106829
CtrSVDD_0014_E_0002318,-2.7393045777
CtrSVDD_0015_E_0002319,-0.7199591023
CtrSVDD_0016_E_0002320,-3.1675011911
CtrSVDD_0017_E_0002321,0.9261795494
CtrSVDD_0018_E_0002322,-0.2135279657
CtrSVDD_0019_E_0002323,-0.0446587271
CtrSVDD_0020_E_0002324,-3.3139175738
CtrSVDD_0021_E_0002325,-3.3976776114
CtrSVDD_0022_E_0002326,-0.9722980510
CtrSVDD_0023_E_0002327,-4.8355090326
CtrSVDD_0024_E_0002328,-0.3939223175
CtrSVDD_0025_E_0002329,-1.6189001435
CtrSVDD_0026_E_0002330,-4.7425435374
CtrSVDD_0027_E_0002331,2.1055201391
CtrSVDD_0028_E_0002332,-3.3027454442
CtrSVDD_0029_E_0002333,-4.2584761582
CtrSVDD_0030_E_0002334,1.1665482432
CtrSVDD_0031_E_0002335,-1.7220921079
CtrSVDD_0032_E_0002336,-3.6725719919
CtrSVDD_0033_E_0002337,-2.9256295360
CtrSVDD_0034_E_0002338,-2.8000329381
CtrSVDD_0035_E_0002339,-3.3317372796
CtrSVDD_0036_E_0002340,-2.9505613154
CtrSVDD_0037_E_0002341,1.2648776829
CtrSVDD_0038_E_0002342,-2.1982804233
CtrSVDD_0039_E_0002343,-3.4715861591
CtrSVDD_0040_E_0002344,-2.3363689219
CtrSVDD_0041_E_0002345,-0.3564011362
CtrSVDD_0042_E_0002346,-2.7952200186
CtrSVDD_0043_E_0002347,-4.3349131771
CtrSVDD_0044_E_0002348,-0.4387619842
CtrSVDD_0045_E_0002349,-5.2104456562
CtrSVDD_0046_E_0002350,0.4598173600
CtrSVDD_0047_E_0002351,-2.7400557963
CtrSVDD_0000_E_0002352,-2.4394661427
CtrSVDD_0001_E_0002353,-2.5719245208
CtrSVDD_0002_E_0002354,-2.3314409440
CtrSVDD_0003_E_0002355,-2.5182476573
CtrSVDD_0004_E_0002356,-4.6161662186
CtrSVDD_0005_E_0002357,-4.6321833719
CtrSVDD_0006_E_0002358,-2.2620754344
CtrSVDD_0007_E_0002359,-3.3094648130
CtrSVDD_0008_E_0002360,-3.9569871003
CtrSVDD_0009_E_0002361,-3.6509273914
CtrSVDD_0010_E_0002362,-2.1799975702
CtrSVDD_0011_E_0002363,0.6578995520
CtrSVDD_0012_E_0002364,-0.8746060338
CtrSVDD_0013_E_0002365,1.3347095063
CtrSVDD_0014_E_0002366,-4.7127994377
CtrSVDD_0015_E_0002367,-4.3136315255
CtrSVDD_0016_E_0002368,-2.3372797661
CtrSVDD_0017_E_0002369,-0.8060727672
CtrSVDD_0018_E_0002370,-3.2784493669
CtrSVDD_0019_E_0002371,-2.7773461887
CtrSVDD_0020_E_0002372,-0.7048598863
CtrSVDD_0021_E_0002373,-2.0983402534
CtrSVDD_0022_E_0002374,-0.0847637993
CtrSVDD_0023_E_0002375,-2.1977635948
CtrSVDD_0024_E_0002376,1.3812948212
CtrSVDD_0025_E_0002377,-0.9655620099
CtrSVDD_0026_E_0002378,-1.2185777759
CtrSVDD_0027_E_0002379,1.6293610596
CtrSVDD_0028_E_0002380,-3.9867127446
CtrSVDD_0029_E_0002381,-2.6834029277
CtrSVDD_0030_E_0002382,0.5969859277
CtrSVDD_0031_E_0002383,-1.1457497104
CtrSVDD_0032_E_0002384,-5.1791801042
CtrSVDD_0033_E_0002385,-4.3714268069
CtrSVDD_0034_E_0002386,-2.0927491349
CtrSVDD_0035_E_0002387,-4.0392144090
CtrSVDD_0036_E_0002388,-2.6862256545
CtrSVDD_0037_E_0002389,-1.6892840691
CtrSVDD_0038_E_0002390,-2.0027801363
CtrSVDD_0039_E_0002391,-4.2983918687
CtrSVDD_0040_E_0002392,-2.6115608058
CtrSVDD_0041_E_0002393,-1.5140138711
CtrSVDD_0042_E_0002394,-2.4167726396
CtrSVDD_0043_E_0002395,-3.4088177087
CtrSVDD_0044_E_0002396,-0.3252687518
CtrSVDD_0045_E_0002397,-4.2853832563
CtrSVDD_0046_E_0002398,-4.0301389507
CtrSVDD_0047_E_0002399,-2.9812028436
CtrSVDD_0000_E_0002400,-0.7091416044
CtrSVDD_0001_E_0002401,-1.5472152727
CtrSVDD_0002_E_0002402,0.7842169847
CtrSVDD_0003_E_0002403,2.0629994447
CtrSVDD_0004_E_0002404,-3.2863336603
CtrSVDD_0005_E_0002405,-5.4813067171
CtrSVDD_0006_E_0002406,1.7141807469
CtrSVDD_0007_E_0002407,-4.2784806768
CtrSVDD_0008_E_0002408,-1.8320748063
CtrSVDD_0009_E_0002409,-2.0020070789
CtrSVDD_0010_E_0002410,-5.0296395452
CtrSVDD_0011_E_0002411,-0.6912677074
CtrSVDD_0012_E_0002412,-3.0509349693
CtrSVDD_0013_E_0002413,0.0398760261
CtrSVDD_0014_E_0002414,-1.6585501765
CtrSVDD_0015_E_0002415,-5.3035887397
CtrSVDD_0016_E_0002416,-5.4156465491
CtrSVDD_0017_E_0002417,-3.6620506512
CtrSVDD_0018_E_0002418,-3.2593995225
CtrSVDD_0019_E_0002419,-3.8672805961
CtrSVDD_0020_E_0002420,-4.1103777755
CtrSVDD_0021_E_0002421,-3.1316159452
CtrSVDD_0022_E_0002422,1.0663348048
CtrSVDD_0023_E_0002423,-2.9444916013
CtrSVDD_0024_E_0002424,0.6083298156
CtrSVDD_0025_E_0002425,-4.6108915276
CtrSVDD_0026_E_0002426,-4.6463189442
CtrSVDD_0027_E_0002427,-4.0588991712
CtrSVDD_0028_E_0002428,-2.8060067101
CtrSVDD_0029_E_0002429,-3.1592184969
CtrSVDD_0030_E_0002430,-3.8178459170
CtrSVDD_0031_E_0002431,-5.0137869281
CtrSVDD_0032_E_0002432,0.3320158604
CtrSVDD_0033_E_0002433,2.0359854633
CtrSVDD_0034_E_0002434,-2.3184464486
CtrSVDD_0035_E_0002435,-3.9960021919
CtrSVDD_0036_E_0002436,0.4551580530
CtrSVDD_0037_E_0002437,1.8667109463
CtrSVDD_0038_E_0002438,-2.1838861823
CtrSVDD_0039_E_0002439,1.4506319509
CtrSVDD_0040_E_0002440,-3.1947525045
CtrSVDD_0041_E_0002441,-4.5747112579
CtrSVDD_0042_E_0002442,-3.7327170999
CtrSVDD_0043_E_0002443,-3.1026864274
CtrSVDD_0044_E_0002444,-3.0172424596
CtrSVDD_0045_E_0002445,-4.6745293986
CtrSVDD_0046_E_0002446,-5.1265501744
CtrSVDD_0047_E_0002447,-0.7098993119
CtrSVDD_0000_E_0002448,-2.3449970419
CtrSVDD_0001_E_0002449,-1.3773605170
CtrSVDD_0002_E_0002450,0.1721987889
CtrSVDD_0003_E_0002451,-0.9881020363
CtrSVDD_0004_E_0002452,-0.2853190639
CtrSVDD_0005_E_0002453,0.4208094234
CtrSVDD_0006_E_0002454,-2.5778859176
CtrSVDD_0007_E_0002455,0.0749051505
CtrSVDD_0008_E_0002456,-3.9861556399
CtrSVDD_0009_E_0002457,-1.8700839673
CtrSVDD_0010_E_0002458,-3.5342468443
CtrSVDD_0011_E_0002459,-4.5066478709
CtrSVDD_0012_E_0002460,-3.7019952788
CtrSVDD_0013_E_0002461,-0.3803534882
CtrSVDD_0014_E_0002462,-1.6563238653
CtrSVDD_0015_E_0002463,-2.8107192307
CtrSVDD_0016_E_0002464,-4.0925697978
CtrSVDD_0017_E_0002465,-3.8618333480
CtrSVDD_0018_E_0002466,0.9369732433
CtrSVDD_0019_E_0002467,-2.6252809562
CtrSVDD_0020_E_0002468,-2.7133804094
CtrSVDD_0021_E_0002469,0.1509968202
CtrSVDD_0022_E_0002470,-1.7054884051
CtrSVDD_0023_E_0002471,-4.8330132464
CtrSVDD_0024_E_0002472,-2.0328217923
CtrSVDD_0025_E_0002473,-3.4648105976
CtrSVDD_0026_E_0002474,-3.8121027840
CtrSVDD_0027_E_0002475,-4.9979583504
CtrSVDD_0028_E_0002476,-0.3120239506
CtrSVDD_0029_E_0002477,-4.1299997140
CtrSVDD_0030_E_0002478,-3.7278930728
CtrSVDD_0031_E_0002479,-3.8396605964
CtrSVDD_0032_E_0002480,-7.2673052512
CtrSVDD_0033_E_0002481,-3.7215652190
CtrSVDD_0034_E_0002482,-3.4602553493
CtrSVDD_0035_E_0002483,-1.4430885239
CtrSVDD_0036_E_0002484,-2.0795729048
CtrSVDD_0037_E_0002485,-1.5841972590
CtrSVDD_0038_E_0002486,-3.6120765471
CtrSVDD_0039_E_0002487,-3.9033262096
CtrSVDD_0040_E_0002488,0.3208475899
CtrSVDD_0041_E_0002489,-2.5748063333
CtrSVDD_0042_E_0002490,-2.0226206189
CtrSVDD_0043_E_0002491,-3.1549380931
CtrSVDD_0044_E_0002492,1.1653889030
CtrSVDD_0045_E_0002493,-3.7687786432
CtrSVDD_0046_E_0002494,-0.2307328886
CtrSVDD_0047_E_0002495,-4.4124116179
CtrSVDD_0000_E_0002496,-4.6838379560
CtrSVDD_0001_E_0002497,-4.0286372824
CtrSVDD_0002_E_0002498,0.5684131487
CtrSVDD_0003_E_0002499,-4.6765013997
CtrSVDD_0004_E_0002500,-4.5415397650
CtrSVDD_0005_E_0002501,-6.4528084783
CtrSVDD_0006_E_0002502,0.9944747133
CtrSVDD_0007_E_0002503,-4.1276207668
CtrSVDD_0008_E_0002504,-2.4309468231
CtrSVDD_0009_E_0002505,-4.9676866191
CtrSVDD_0010_E_0002506,-2.6391000794
CtrSVDD_0011_E_0002507,-3.2901768092
CtrSVDD_0012_E_0002508,0.4890875880
CtrSVDD_0013_E_0002509,-3.5077959326
CtrSVDD_0014_E_0002510,-3.4600543112
CtrSVDD_0015_E_0002511,-3.5853639876
CtrSVDD_0016_E_0002512,-4.4843421914
CtrSVDD_0017_E_0002513,0.5439214382
CtrSVDD_0018_E_0002514,-3.9227624411
CtrSVDD_0019_E_0002515,-0.8439365859
CtrSVDD_0020_E_0002516,-2.6436700550
CtrSVDD_0021_E_0002517,-1.3195280235
CtrSVDD_0022_E_0002518,-0.5374456446
CtrSVDD_0023_E_0002519,-3.2113890397
CtrSVDD_0024_E_0002520,-4.9893389904
CtrSVDD_0025_E_0002521,-0.1415508921
CtrSVDD_0026_E_0002522,-2.5002793324
CtrSVDD_0027_E_0002523,-2.3749398547
CtrSVDD_0028_E_0002524,0.2890801541
CtrSVDD_0029_E_0002525,-3.0495950815
CtrSVDD_0030_E_0002526,-4.1114469442
CtrSVDD_0031_E_0002527,-2.4987978299
CtrSVDD_0032_E_0002528,-1.0299927843
CtrSVDD_0033_E_0002529,-3.1465227935
CtrSVDD_0034_E_0002530,-2.4992467244
CtrSVDD_0035_E_0002531,-2.1219655696
CtrSVDD_0036_E_0002532,-3.3495744895
CtrSVDD_0037_E_0002533,0.0496774027
CtrSVDD_0038_E_0002534,-0.9748162482
CtrSVDD_0039_E_0002535,-3.2342900363
CtrSVDD_0040_E_0002536,-5.5357387052
CtrSVDD_0041_E_0002537,-3.4461261463
CtrSVDD_0042_E_0002538,-6.0140804678
CtrSVDD_0043_E_0002539,-0.4691661305
CtrSVDD_0044_E_0002540,-2.2655033449
CtrSVDD_0045_E_0002541,-2.9810840545
CtrSVDD_0046_E_0002542,-4.7895777174
CtrSVDD_0047_E_0002543,-0.1790765351
CtrSVDD_0000_E_0002544,-3.5968337289
CtrSVDD_0001_E_0002545,-3.4919847329
CtrSVDD_0002_E_0002546,-5.5409298473
CtrSVDD_0003_E_0002547,-0.7660637131
CtrSVDD_0004_E_0002548,-0.2668034008
CtrSVDD_0005_E_0002549,-3.8698668125
CtrSVDD_0006_E_0002550,-3.2115516448
CtrSVDD_0007_E_0002551,0.7294787252
CtrSVDD_0008_E_0002552,-4.0218380479
CtrSVDD_0009_E_0002553,-3.8144124538
CtrSVDD_0010_E_0002554,-2.6823206372
CtrSVDD_0011_E_0002555,-3.3081813684
CtrSVDD_0012_E_0002556,-2.0533018323
CtrSVDD_0013_E_0002557,-3.8502146182
CtrSVDD_0014_E_0002558,1.0712874999
CtrSVDD_0015_E_0002559,-3.9940274720
CtrSVDD_0016_E_0002560,2.1992855108
CtrSVDD_0017_E_0002561,-3.9971733679
CtrSVDD_0018_E_0002562,-3.2025039039
CtrSVDD_0019_E_0002563,-2.6729499651
CtrSVDD_0020_E_0002564,-4.3252356127
CtrSVDD_0021_E_0002565,-3.1809964999
CtrSVDD_0022_E_0002566,-1.1445444739
CtrSVDD_0023_E_0002567,-4.2312659026
CtrSVDD_0024_E_0002568,-3.5264997241
CtrSVDD_0025_E_0002569,-4.0307770028
CtrSVDD_0026_E_0002570,-4.5568962639
CtrSVDD_0027_E_0002571,0.1117028442
CtrSVDD_0028_E_0002572,-1.8148941246
CtrSVDD_0029_E_0002573,-2.8821766212
CtrSVDD_0030_E_0002574,-2.0821914323
CtrSVDD_0031_E_0002575,-4.3962050438
CtrSVDD_0032_E_0002576,-2.3547169559
CtrSVDD_0033_E_0002577,-4.1286000740
CtrSVDD_0034_E_0002578,-1.3970837332
CtrSVDD_0035_E_0002579,-3.8989238200
CtrSVDD_0036_E_0002580,0.8234191519
CtrSVDD_0037_E_0002581,-2.8636709646
CtrSVDD_0038_E_0002582,-1.1626027808
CtrSVDD_0039_E_0002583,-4.1825060931
CtrSVDD_0040_E_0002584,-5.1339549096
CtrSVDD_0041_E_0002585,-3.3143977405
CtrSVDD_0042_E_0002586,-4.5316639399
CtrSVDD_0043_E_0002587,-6.0040843736
CtrSVDD_0044_E_0002588,-4.1265789568
CtrSVDD_0045_E_0002589,-3.4909362147
CtrSVDD_0046_E_0002590,-2.1763223320
CtrSVDD_0047_E_0002591,-3.0338296118
CtrSVDD_0000_E_0002592,-2.3403185684
CtrSVDD_0001_E_0002593,-4.1614194557
CtrSVDD_0002_E_0002594,-2.6843611288
CtrSVDD_0003_E_0002595,-2.3200521691
CtrSVDD_0004_E_0002596,-2.7328012754
CtrSVDD_0005_E_0002597,-1.7115343786
CtrSVDD_0006_E_0002598,0.6734439123
CtrSVDD_0007_E_0002599,-0.5899181344
CtrSVDD_0008_E_0002600,0.8799133538
CtrSVDD_0009_E_0002601,-3.1274443585
CtrSVDD_0010_E_0002602,-2.6159310957
CtrSVDD_0011_E_0002603,-0.3504453938
CtrSVDD_0012_E_0002604,-4.4091799947
CtrSVDD_0013_E_0002605,-0.4304715213
CtrSVDD_0014_E_0002606,-1.6995739102
CtrSVDD_0015_E_0002607,-4.2632083434
CtrSVDD_0016_E_0002608,-2.4814905711
CtrSVDD_0017_E_0002609,-1.2129316780
CtrSVDD_0018_E_0002610,-4.9700663836
CtrSVDD_0019_E_0002611,-1.7889036520
CtrSVDD_0020_E_0002612,-3.2001293351
CtrSVDD_0021_E_0002613,-3.0718890218
CtrSVDD_0022_E_0002614,0.1241106340
CtrSVDD_0023_E_0002615,1.9082291381
CtrSVDD_0024_E_0002616,-5.0243275532
CtrSVDD_0025_E_0002617,-3.5453138147
CtrSVDD_0026_E_0002618,-4.2413201495
CtrSVDD_0027_E_0002619,-1.7302594111
CtrSVDD_0028_E_0002620,-5.1014445463
CtrSVDD_0029_E_0002621,-2.9022500604
CtrSVDD_0030_E_0002622,-2.7062301890
CtrSVDD_0031_E_0002623,-4.6725601021
CtrSVDD_0032_E_0002624,-0.9909626465
CtrSVDD_0033_E_0002625,-1.2530578755
CtrSVDD_0034_E_0002626,-1.4103727422
CtrSVDD_0035_E_0002627,-4.2739017054
CtrSVDD_0036_E_0002628,-4.1063906468
CtrSVDD_0037_E_0002629,-0.7266519084
CtrSVDD_0038_E_0002630,-1.1343405010
CtrSVDD_0039_E_0002631,-4.5370711690
CtrSVDD_0040_E_0002632,0.7327225318
CtrSVDD_0041_E_0002633,-2.2922227033
CtrSVDD_0042_E_0002634,-2.7174299887
CtrSVDD_0043_E_0002635,-1.8649263874
CtrSVDD_0044_E_0002636,-5.3804707153
CtrSVDD_0045_E_0002637,-0.9771520162
CtrSVDD_0046_E_0002638,-2.6985770978
CtrSVDD_0047_E_0002639,-4.7810182630
CtrSVDD_0000_E_0002640,-1.6223050918
CtrSVDD_0001_E_0002641,-4.4894850409
CtrSVDD_0002_E_0002642,-4.2424082074
CtrSVDD_0003_E_0002643,-4.7985262000
CtrSVDD_0004_E_0002644,-3.7310440117
CtrSVDD_0005_E_0002645,-5.4941374855
CtrSVDD_0006_E_0002646,-4.7457993498
CtrSVDD_0007_E_0002647,-2.5169615800
CtrSVDD_0008_E_0002648,-0.3310917781
CtrSVDD_0009_E_0002649,-3.7876394548
CtrSVDD_0010_E_0002650,-5.0676424281
CtrSVDD_0011_E_0002651,-6.2500647419
CtrSVDD_0012_E_0002652,-3.2465060541
CtrSVDD_0013_E_0002653,-3.9647252423
CtrSVDD_0014_E_0002654,-3.6788869687
CtrSVDD_0015_E_0002655,-4.2807165944
CtrSVDD_0016_E_0002656,-3.5046371548
CtrSVDD_0017_E_0002657,-4.0844433636
CtrSVDD_0018_E_0002658,-5.2342506907
CtrSVDD_0019_E_0002659,-1.0228863013
CtrSVDD_0020_E_0002660,-5.0815817793
CtrSVDD_0021_E_0002661,-1.4591230250
CtrSVDD_0022_E_0002662,-3.2844069577
CtrSVDD_0023_E_0002663,-4.1332255280
CtrSVDD_0024_E_0002664,-4.3448969566
CtrSVDD_0025_E_0002665,-1.9614723299
CtrSVDD_0026_E_0002666,-0.2163909299
CtrSVDD_0027_E_0002667,1.4591230250
CtrSVDD_0028_E_0002668,0.2099289202
CtrSVDD_0029_E_0002669,-2.1162596531
CtrSVDD_0030_E_0002670,-4.4630070995
CtrSVDD_0031_E_0002671,1.1015730699
CtrSVDD_0032_E_0002672,-2.4435350218
CtrSVDD_0033_E_0002673,0.5832725752
CtrSVDD_0034_E_0002674,-3.5816794466
CtrSVDD_0035_E_0002675,-4.1747589701
CtrSVDD_0036_E_0002676,-2.6222177348
CtrSVDD_0037_E_0002677,-5.3141307413
CtrSVDD_0038_E_0002678,-1.4313017591
CtrSVDD_0039_E_0002679,-4.4956161578
CtrSVDD_0040_E_0002680,-1.2825937799
CtrSVDD_0041_E_0002681,-4.0866774316
CtrSVDD_0042_E_0002682,-3.0069883098
CtrSVDD_0043_E_0002683,-3.4852201793
CtrSVDD_0044_E_0002684,0.3831616164
CtrSVDD_0045_E_0002685,-0.3459867419
CtrSVDD_0046_E_0002686,-4.4421959210
CtrSVDD_0047_E_0002687,-3.7528148932
CtrSVDD_0000_E_0002688,-3.8987231550
CtrSVDD_0001_E_0002689,1.0565070817
CtrSVDD_0002_E_0002690,-2.1198694567
CtrSVDD_0003_E_0002691,-2.6223107736
CtrSVDD_0004_E_0002692,-3.8037029125
CtrSVDD_0005_E_0002693,-3.0769015426
CtrSVDD_0006_E_0002694,-2.9905958415
CtrSVDD_0007_E_0002695,-3.4837611036
CtrSVDD_0008_E_0002696,-1.8318846927
CtrSVDD_0009_E_0002697,-3.0705857786
CtrSVDD_0010_E_0002698,-3.0141554026
CtrSVDD_0011_E_0002699,-2.7998163838
CtrSVDD_0012_E_0002700,-3.8407810798
CtrSVDD_0013_E_0002701,-3.1099087254
CtrSVDD_0014_E_0002702,-2.8237983408
CtrSVDD_0015_E_0002703,1.3556135760
CtrSVDD_0016_E_0002704,1.7589986111
CtrSVDD_0017_E_0002705,-3.3497989382
CtrSVDD_0018_E_0002706,0.2866984235
CtrSVDD_0019_E_0002707,-2.4858375342
CtrSVDD_0020_E_0002708,-5.1885958856
CtrSVDD_0021_E_0002709,-3.4989313473
CtrSVDD_0022_E_0002710,-1.8746001094
CtrSVDD_0023_E_0002711,-5.6109119346
CtrSVDD_0024_E_0002712,-2.7757827191
CtrSVDD_0025_E_0002713,-2.3239245381
CtrSVDD_0026_E_0002714,2.2700960885
CtrSVDD_0027_E_0002715,-3.8173395636
CtrSVDD_0028_E_0002716,-3.4985851256
CtrSVDD_0029_E_0002717,-5.1637054886
CtrSVDD_0030_E_0002718,-2.8399370292
CtrSVDD_0031_E_0002719,-3.9428798812
CtrSVDD_0032_E_0002720,-1.6821603939
CtrSVDD_0033_E_0002721,-3.4829006715
CtrSVDD_0034_E_0002722,0.0258804687
CtrSVDD_0035_E_0002723,-2.9536556089
CtrSVDD_0036_E_0002724,-4.4148611954
CtrSVDD_0037_E_0002725,-2.7206635847
CtrSVDD_0038_E_0002726,-5.0603987921
CtrSVDD_0039_E_0002727,-2.4585253458
CtrSVDD_0040_E_0002728,-5.4004440670
CtrSVDD_0041_E_0002729,-2.9197012485
CtrSVDD_0042_E_0002730,-1.9590666815
CtrSVDD_0043_E_0002731,0.4965367502
CtrSVDD_0044_E_0002732,-3.8573901921
CtrSVDD_0045_E_0002733,-4.5779773321
CtrSVDD_0046_E_0002734,-2.2831056427
CtrSVDD_0047_E_0002735,-3.8857644659
CtrSVDD_0000_E_0002736,-4.0161760522
CtrSVDD_0001_E_0002737,-1.1018171152
CtrSVDD_0002_E_0002738,-0.4489581325
CtrSVDD_0003_E_0002739,-3.8143713021
CtrSVDD_0004_E_0002740,-2.5767767614
CtrSVDD_0005_E_0002741,-3.5437372040
CtrSVDD_0006_E_0002742,-1.7796709371
CtrSVDD_0007_E_0002743,-1.4362599374
CtrSVDD_0008_E_0002744,-3.3778644899
CtrSVDD_0009_E_0002745,-1.3773532316
CtrSVDD_0010_E_0002746,-2.2966978481
CtrSVDD_0011_E_0002747,-2.6018710277
CtrSVDD_0012_E_0002748,-0.2364828216
CtrSVDD_0013_E_0002749,-2.7504792611
CtrSVDD_0014_E_0002750,-1.4626486571
CtrSVDD_0015_E_0002751,-0.9154926949
CtrSVDD_0016_E_0002752,0.6116994783
CtrSVDD_0017_E_0002753,-5.0241279703
CtrSVDD_0018_E_0002754,-4.2243118199
CtrSVDD_0019_E_0002755,-4.5774011398
CtrSVDD_0020_E_0002756,-3.7653307317
CtrSVDD_0021_E_0002757,2.2099212748
CtrSVDD_0022_E_0002758,-3.0048996295
CtrSVDD_0023_E_0002759,-4.0488863647
CtrSVDD_0024_E_0002760,-4.0036345155
CtrSVDD_0025_E_0002761,-1.9646778710
CtrSVDD_0026_E_0002762,-2.5074243557
CtrSVDD_0027_E_0002763,-5.9968440214
CtrSVDD_0028_E_0002764,-2.2410806777
CtrSVDD_0029_E_0002765,-1.1940776868
CtrSVDD_0030_E_0002766,-3.3684421738
CtrSVDD_0031_E_0002767,-2.3293880329
CtrSVDD_0032_E_0002768,-5.6826270757
CtrSVDD_0033_E_0002769,-2.0810755943
CtrSVDD_0034_E_0002770,-3.0801459457
CtrSVDD_0035_E_0002771,-3.6938045642
CtrSVDD_0036_E_0002772,0.9070179191
CtrSVDD_0037_E_0002773,0.6930450984
CtrSVDD_0038_E_0002774,-4.2562500894
CtrSVDD_0039_E_0002775,-2.9447968199
CtrSVDD_0040_E_0002776,-4.5698278938
CtrSVDD_0041_E_0002777,-2.4161884779
CtrSVDD_0042_E_0002778,-3.8351430689
CtrSVDD_0043_E_0002779,0.9416692119
CtrSVDD_0044_E_0002780,-0.8594959304
CtrSVDD_0045_E_0002781,0.0062945880
CtrSVDD_0046_E_0002782,-1.6139575754
CtrSVDD_0047_E_0002783,-4.7753185231
CtrSVDD_0000_E_0002784,-0.9949457637
CtrSVDD_0001_E_0002785,-5.1891022937
CtrSVDD_0002_E_0002786,-4.3139191929
CtrSVDD_0003_E_0002787,-4.2126198252
CtrSVDD_0004_E_0002788,-5.1114593069
CtrSVDD_0005_E_0002789,-1.8243078917
CtrSVDD_0006_E_0002790,0.3474721907
CtrSVDD_0007_E_0002791,-0.5000622699
CtrSVDD_0008_E_0002792,-4.1689244130
CtrSVDD_0009_E_0002793,-0.3776039915
CtrSVDD_0010_E_0002794,0.2740578323
CtrSVDD_0011_E_0002795,-1.8451935703
CtrSVDD_0012_E_0002796,-0.5036664797
CtrSVDD_0013_E_0002797,-3.2149658780
CtrSVDD_0014_E_0002798,-5.3104822514
CtrSVDD_0015_E_0002799,-2.0886477262
CtrSVDD_0016_E_0002800,-3.8684050376
CtrSVDD_0017_E_0002801,1.0299927843
CtrSVDD_0018_E_0002802,1.5200715737
CtrSVDD_0019_E_0002803,-0.9926705409
CtrSVDD_0020_E_0002804,-4.6593925039
CtrSVDD_0021_E_0002805,-4.0723312519
CtrSVDD_0022_E_0002806,-3.3401599305
CtrSVDD_0023_E_0002807,1.8176371191
CtrSVDD_0024_E_0002808,-0.9677938789
CtrSVDD_0025_E_0002809,-3.8366378670
CtrSVDD_0026_E_0002810,-4.3470387939
CtrSVDD_0027_E_0002811,-3.3486242308
CtrSVDD_0028_E_0002812,-1.3806087278
CtrSVDD_0029_E_0002813,-4.5923298683
CtrSVDD_0030_E_0002814,0.0791573094
CtrSVDD_0031_E_0002815,-3.9973798034
CtrSVDD_0032_E_0002816,-4.5435579047
CtrSVDD_0033_E_0002817,-1.0580426711
CtrSVDD_0034_E_0002818,-4.5617303459
CtrSVDD_0035_E_0002819,-4.0683275480
CtrSVDD_0036_E_0002820,-3.5147657778
CtrSVDD_0037_E_0002821,-2.3722734213
CtrSVDD_0038_E_0002822,-2.8473825114
CtrSVDD_0039_E_0002823,-2.0711406439
CtrSVDD_0040_E_0002824,-3.7513250402
CtrSVDD_0041_E_0002825,-4.8310593802
CtrSVDD_0042_E_0002826,-0.5167229449
CtrSVDD_0043_E_0002827,-0.7325373094
CtrSVDD_0044_E_0002828,-0.0735025060
CtrSVDD_0045_E_0002829,-4.6608415016
CtrSVDD_0046_E_0002830,-3.3647945649
CtrSVDD_0047_E_0002831,-1.1571745204
CtrSVDD_0000_E_0002832,-4.5284928360
CtrSVDD_0001_E_0002833,-4.7917266873
CtrSVDD_0002_E_0002834,-2.4591426120
CtrSVDD_0003_E_0002835,-4.9395270920
CtrSVDD_0004_E_0002836,1.4550792554
CtrSVDD_0005_E_0002837,-0.5342161970
CtrSVDD_0006_E_0002838,-4.4906386812
CtrSVDD_0007_E_0002839,-5.3409629097
CtrSVDD_0008_E_0002840,-3.6939109567
CtrSVDD_0009_E_0002841,-4.2242550948
CtrSVDD_0010_E_0002842,-3.0666710132
CtrSVDD_0011_E_0002843,-3.1734332636
CtrSVDD_0012_E_0002844,-2.1223094457
CtrSVDD_0013_E_0002845,-4.4803386014
CtrSVDD_0014_E_0002846,-0.6983904682
CtrSVDD_0015_E_0002847,-0.3989879760
CtrSVDD_0016_E_0002848,-2.8372962807
CtrSVDD_0017_E_0002849,-3.7961186507
CtrSVDD_0018_E_0002850,-0.7308942474
CtrSVDD_0019_E_0002851,-1.1751624890
CtrSVDD_0020_E_0002852,-4.8806796740
CtrSVDD_0021_E_0002853,-3.7820717982
CtrSVDD_0022_E_0002854,0.8676194803
CtrSVDD_0023_E_0002855,1.4294545314
CtrSVDD_0024_E_0002856,-0.6659981742
CtrSVDD_0025_E_0002857,-4.2923274716
CtrSVDD_0026_E_0002858,-2.7521777841
CtrSVDD_0027_E_0002859,-0.9658250436
CtrSVDD_0028_E_0002860,-1.8042074818
CtrSVDD_0029_E_0002861,-3.0098476548
CtrSVDD_0030_E_0002862,-2.1269938547
CtrSVDD_0031_E_0002863,-3.3480872678
CtrSVDD_0032_E_0002864,-0.1236436498
CtrSVDD_0033_E_0002865,-4.7387805055
CtrSVDD_0034_E_0002866,-3.7960010854
CtrSVDD_0035_E_0002867,0.5165522584
CtrSVDD_0036_E_0002868,-5.0369031978
CtrSVDD_0037_E_0002869,-1.6083049610
CtrSVDD_0038_E_0002870,1.2494636636
CtrSVDD_0039_E_0002871,0.3164326907
CtrSVDD_0040_E_0002872,-3.7265631568
CtrSVDD_0041_E_0002873,-2.5200299762
CtrSVDD_0042_E_0002874,-1.8505164895
CtrSVDD_0043_E_0002875,-2.7981368686
CtrSVDD_0044_E_0002876,-3.3132117458
CtrSVDD_0045_E_0002877,-1.2324007016
CtrSVDD_0046_E_0002878,-2.7462610950
CtrSVDD_0047_E_0002879,-5.1071970420
CtrSVDD_0000_E_0002880,-4.0368013192
CtrSVDD_0001_E_0002881,-3.8232751891
CtrSVDD_0002_E_0002882,-3.7408634562
CtrSVDD_0003_E_0002883,-4.1753807022
CtrSVDD_0004_E_0002884,0.5181513452
CtrSVDD_0005_E_0002885,-4.0620697824
CtrSVDD_0006_E_0002886,-6.7205960683
CtrSVDD_0007_E_0002887,-3.7572856535
CtrSVDD_0008_E_0002888,-4.4062872774
CtrSVDD_0009_E_0002889,-3.2382666691
CtrSVDD_0010_E_0002890,-2.8294716862
CtrSVDD_0011_E_0002891,-3.9568879133
CtrSVDD_0012_E_0002892,-0.7765284802
CtrSVDD_0013_E_0002893,-0.9745186026
CtrSVDD_0014_E_0002894,-3.1897466545
CtrSVDD_0015_E_0002895,-2.8770341397
CtrSVDD_0016_E_0002896,-3.8514581529
CtrSVDD_0017_E_0002897,-4.5795464464
CtrSVDD_0018_E_0002898,-1.8364337855
CtrSVDD_0019_E_0002899,-3.3927831429
CtrSVDD_0020_E_0002900,-4.6665875728
CtrSVDD_0021_E_0002901,2.2065752165
CtrSVDD_0022_E_0002902,-3.0649818679
CtrSVDD_0023_E_0002903,0.1142492917
CtrSVDD_0024_E_0002904,-2.4871886263
CtrSVDD_0025_E_0002905,-3.4711405439
CtrSVDD_0026_E_0002906,-3.5361272424
CtrSVDD_0027_E_0002907,-2.3758691374
CtrSVDD_0028_E_0002908,0.6191529613
CtrSVDD_0029_E_0002909,0.4722914813
CtrSVDD_0030_E_0002910,-2.3009047452
CtrSVDD_0031_E_0002911,-5.3132915125
CtrSVDD_0032_E_0002912,-5.2182420066
CtrSVDD_0033_E_0002913,-0.1100264567
CtrSVDD_0034_E_0002914,-5.5841156048
CtrSVDD_0035_E_0002915,-2.2627582279
CtrSVDD_0036_E_0002916,-1.4120878115
CtrSVDD_0037_E_0002917,-3.4286909552
CtrSVDD_0038_E_0002918,-5.1537684597
CtrSVDD_0039_E_0002919,-3.9122837340
CtrSVDD_0040_E_0002920,-4.8360258611
CtrSVDD_0041_E_0002921,-0.4783171716
CtrSVDD_0042_E_0002922,-4.2647973513
CtrSVDD_0043_E_0002923,-5.4064021499
CtrSVDD_0044_E_0002924,-2.7759932504
CtrSVDD_0045_E_0002925,-1.5730335680
CtrSVDD_0046_E_0002926,-0.5606161466
CtrSVDD_0047_E_0002927,-0.3251910570
CtrSVDD_0000_E_0002928,-4.1612638917
CtrSVDD_0001_E_0002929,-0.2451224673
CtrSVDD_0002_E_0002930,-6.6592098071
CtrSVDD_0003_E_0002931,-3.6770223455
CtrSVDD_0004_E_0002932,0.0188847618
CtrSVDD_0005_E_0002933,-4.4879564760
CtrSVDD_0006_E_0002934,-3.5166543666
CtrSVDD_0007_E_0002935,-2.5658088078
CtrSVDD_0008_E_0002936,-2.3943067046
CtrSVDD_0009_E_0002937,-2.3207859795
CtrSVDD_0010_E_0002938,-4.8557404494
CtrSVDD_0011_E_0002939,-5.1004446508
CtrSVDD_0012_E_0002940,-1.6429053617
CtrSVDD_0013_E_0002941,-4.4131692617
CtrSVDD_0014_E_0002942,-5.0016034269
CtrSVDD_0015_E_0002943,-3.0366160880
CtrSVDD_0016_E_0002944,-2.8162577454
CtrSVDD_0017_E_0002945,-2.3549209182
CtrSVDD_0018_E_0002946,-1.0779268239
CtrSVDD_0019_E_0002947,-3.8563307370
CtrSVDD_0020_E_0002948,-3.4020452761
CtrSVDD_0021_E_0002949,-2.9028408051
CtrSVDD_0022_E_0002950,0.6859485777
CtrSVDD_0023_E_0002951,-1.6935971043
CtrSVDD_0024_E_0002952,-2.9948203535
CtrSVDD_0025_E_0002953,-5.2423181396
CtrSVDD_0026_E_0002954,2.2162736869
CtrSVDD_0027_E_0002955,-4.5791094281
CtrSVDD_0028_E_0002956,-0.7777612868
CtrSVDD_0029_E_0002957,-4.8996401595
CtrSVDD_0030_E_0002958,1.9251456555
CtrSVDD_0031_E_0002959,-5.2567388381
CtrSVDD_0032_E_0002960,0.2422405838
CtrSVDD_0033_E_0002961,-2.3268382559
CtrSVDD_0034_E_0002962,0.2726058039
CtrSVDD_0035_E_0002963,-3.2341125155
CtrSVDD_0036_E_0002964,-2.4423363249
CtrSVDD_0037_E_0002965,0.1906850892
CtrSVDD_0038_E_0002966,-5.8892449820
CtrSVDD_0039_E_0002967,1.2020280035
CtrSVDD_0040_E_0002968,0.7939486683
CtrSVDD_0041_E_0002969,-2.2303813320
CtrSVDD_0042_E_0002970,-2.9245366963
CtrSVDD_0043_E_0002971,-4.1215332538
CtrSVDD_0044_E_0002972,-1.9077121116
CtrSVDD_0045_E_0002973,-4.4413684376
CtrSVDD_0046_E_0002974,-2.5387894215
CtrSVDD_0047_E_0002975,-1.8779847873
CtrSVDD_0000_E_0002976,-2.9298623442
CtrSVDD_0001_E_0002977,-3.4634563804
CtrSVDD_0002_E_0002978,-3.5244387311
CtrSVDD_0003_E_0002979,-3.8494639884
CtrSVDD_0004_E_0002980,1.6674542859
CtrSVDD_0005_E_0002981,-2.4087886060
CtrSVDD_0006_E_0002982,-1.3230285222
CtrSVDD_0007_E_0002983,-3.7505894975
CtrSVDD_0008_E_0002984,-5.1416122029
CtrSVDD_0009_E_0002985,-4.2100305682
CtrSVDD_0010_E_0002986,-4.4823452067
CtrSVDD_0011_E_0002987,-2.7588913045
CtrSVDD_0012_E_0002988,-2.4528278558
CtrSVDD_0013_E_0002989,0.0314779298
CtrSVDD_0014_E_0002990,-2.4955370832
CtrSVDD_0015_E_0002991,-1.6817901120
CtrSVDD_0016_E_0002992,-4.9258562752
CtrSVDD_0017_E_0002993,-3.9263828027
CtrSVDD_0018_E_0002994,-2.2771296989
CtrSVDD_0019_E_0002995,-3.5993267622
CtrSVDD_0020_E_0002996,-3.1669550514
CtrSVDD_0021_E_0002997,-0.3282197238
CtrSVDD_0022_E_0002998,-2.2794521676
CtrSVDD_0023_E_0002999,-3.3808464493
CtrSVDD_0024_E_0003000,0.6403330736
CtrSVDD_0025_E_0003001,-4.6778922980
CtrSVDD_0026_E_0003002,-1.3980094361
CtrSVDD_0027_E_0003003,-4.6844167327
CtrSVDD_0028_E_0003004,0.5006329560
CtrSVDD_0029_E_0003005,-2.7052446370
CtrSVDD_0030_E_0003006,-1.1955470999
CtrSVDD_0031_E_0003007,-2.9132192817
CtrSVDD_0032_E_0003008,-4.3028758663
CtrSVDD_0033_E_0003009,0.3987062333
CtrSVDD_0034_E_0003010,-3.5661887495
CtrSVDD_0035_E_0003011,-4.7640699642
CtrSVDD_0036_E_0003012,-3.5545204547
CtrSVDD_0037_E_0003013,-3.8384838389
CtrSVDD_0038_E_0003014,-3.7906114847
CtrSVDD_0039_E_0003015,0.6457902880
CtrSVDD_0040_E_0003016,-3.8114027118
CtrSVDD_0041_E_0003017,-3.7786933730
CtrSVDD_0042_E_0003018,-4.2952541743
CtrSVDD_0043_E_0003019,0.7236053830
CtrSVDD_0044_E_0003020,-2.8355950873
CtrSVDD_0045_E_0003021,-5.7723945492
CtrSVDD_0046_E_0003022,-4.9722763035
CtrSVDD_0047_E_0003023,-4.0211625959
CtrSVDD_0000_E_0003024,-3.8096027823
CtrSVDD_0001_E_0003025,-3.1966963567
CtrSVDD_0002_E_0003026,-4.0768754871
CtrSVDD_0003_E_0003027,-5.4119697487
CtrSVDD_0004_E_0003028,-4.3365695586
CtrSVDD_0005_E_0003029,-2.9228015206
CtrSVDD_0006_E_0003030,-0.9112046410
CtrSVDD_0007_E_0003031,-3.4994657989
CtrSVDD_0008_E_0003032,0.4520573351
CtrSVDD_0009_E_0003033,-3.3510618667
CtrSVDD_0010_E_0003034,-2.6797653498
CtrSVDD_0011_E_0003035,-2.1433625244
CtrSVDD_0012_E_0003036,-0.7055488387
CtrSVDD_0013_E_0003037,0.1391504120
CtrSVDD_0014_E_0003038,0.0132888781
CtrSVDD_0015_E_0003039,1.6618633406
CtrSVDD_0016_E_0003040,-3.1289287840
CtrSVDD_0017_E_0003041,-1.8127249686
CtrSVDD_0018_E_0003042,-1.2107154884
CtrSVDD_0019_E_0003043,-3.4232349481
CtrSVDD_0020_E_0003044,-4.6849076826
CtrSVDD_0021_E_0003045,-0.2256960121
CtrSVDD_0022_E_0003046,-2.2088905999
CtrSVDD_0023_E_0003047,-2.4565300921
CtrSVDD_0024_E_0003048,0.4943008145
CtrSVDD_0025_E_0003049,0.6138540366
CtrSVDD_0026_E_0003050,-1.3313548244
CtrSVDD_0027_E_0003051,2.0910621803
CtrSVDD_0028_E_0003052,-2.8812190412
CtrSVDD_0029_E_0003053,-3.4011606501
CtrSVDD_0030_E_0003054,-2.8855724496
CtrSVDD_0031_E_0003055,-3.2105142668
CtrSVDD_0032_E_0003056,-1.3534236800
CtrSVDD_0033_E_0003057,-3.8277262309
CtrSVDD_0034_E_0003058,-0.4946454193
CtrSVDD_0035_E_0003059,-2.3756641430
CtrSVDD_0036_E_0003060,-3.6701522905
CtrSVDD_0037_E_0003061,-0.2193941463
CtrSVDD_0038_E_0003062,-3.7290047546
CtrSVDD_0039_E_0003063,-2.4507096381
CtrSVDD_0040_E_0003064,-3.1399094313
CtrSVDD_0041_E_0003065,-2.8975375398
CtrSVDD_0042_E_0003066,-4.6188094351
CtrSVDD_0043_E_0003067,-0.3261393354
CtrSVDD_0044_E_0003068,-5.1729580141
CtrSVDD_0045_E_0003069,-3.6340115304
CtrSVDD_0046_E_0003070,-4.2527803775
CtrSVDD_0047_E_0003071,-1.7122227758
CtrSVDD_0000_E_0003072,-4.3180371685
CtrSVDD_0001_E_0003073,0.2235561612
CtrSVDD_0002_E_0003074,0.2053337646
CtrSVDD_0003_E_0003075,-4.2340770358
CtrSVDD_0004_E_0003076,-4.1500598715
CtrSVDD_0005_E_0003077,-1.2966417965
CtrSVDD_0006_E_0003078,-4.7598675110
CtrSVDD_0007_E_0003079,-5.5212890663
CtrSVDD_0008_E_0003080,-3.3266704105
CtrSVDD_0009_E_0003081,-1.0762666132
CtrSVDD_0010_E_0003082,1.1877471651
CtrSVDD_0011_E_0003083,-2.2025538645
CtrSVDD_0012_E_0003084,-2.2228238742
CtrSVDD_0013_E_0003085,-1.4570008915
CtrSVDD_0014_E_0003086,-1.5362447526
CtrSVDD_0015_E_0003087,-3.9900185020
CtrSVDD_0016_E_0003088,-3.6529985726
CtrSVDD_0017_E_0003089,-0.3385708627
CtrSVDD_0018_E_0003090,-3.0879829613
CtrSVDD_0019_E_0003091,-5.5254847063
CtrSVDD_0020_E_0003092,-2.6425690585
CtrSVDD_0021_E_0003093,0.2135279657
CtrSVDD_0022_E_0003094,-2.0176998529
CtrSVDD_0023_E_0003095,-1.5088868647
CtrSVDD_0024_E_0003096,-4.8475778077
CtrSVDD_0025_E_0003097,-1.9605954516
CtrSVDD_0026_E_0003098,-4.5388773419
CtrSVDD_0027_E_0003099,-4.3411674319
CtrSVDD_0028_E_0003100,-0.3428336373
CtrSVDD_0029_E_0003101,-4.0099011160
CtrSVDD_0030_E_0003102,-3.5716625075
CtrSVDD_0031_E_0003103,-2.6684920524
CtrSVDD_0032_E_0003104,-1.3196797484
CtrSVDD_0033_E_0003105,-3.7498353826
CtrSVDD_0034_E_0003106,-1.6427796393
CtrSVDD_0035_E_0003107,-3.1860971911
CtrSVDD_0036_E_0003108,-1.5307049918
CtrSVDD_0037_E_0003109,-3.3155833350
CtrSVDD_0038_E_0003110,-4.0259660747
CtrSVDD_0039_E_0003111,-0.6369933613
CtrSVDD_0040_E_0003112,0.8099502840
CtrSVDD_0041_E_0003113,-3.6710886363
CtrSVDD_0042_E_0003114,-2.9114395165
CtrSVDD_0043_E_0003115,-2.4739259667
CtrSVDD_0044_E_0003116,-3.1481732044
CtrSVDD_0045_E_0003117,-4.7881470021
CtrSVDD_0046_E_0003118,-2.1850677399
CtrSVDD_0047_E_0003119,-3.8728965600
CtrSVDD_0000_E_0003120,-1.6371441258
CtrSVDD_0001_E_0003121,-3.0709432917
CtrSVDD_0002_E_0003122,-0.2944485424
CtrSVDD_0003_E_0003123,-4.6178538890
CtrSVDD_0004_E_0003124,-2.6322112057
CtrSVDD_0005_E_0003125,-3.5579101300
CtrSVDD_0006_E_0003126,0.6303588592
CtrSVDD_0007_E_0003127,-2.0981183579
CtrSVDD_0008_E_0003128,-3.3509732946
CtrSVDD_0009_E_0003129,-1.3031536179
CtrSVDD_0010_E_0003130,-2.4620677411
CtrSVDD_0011_E_0003131,-0.1548276492
CtrSVDD_0012_E_0003132,-4.5425881426
CtrSVDD_0013_E_0003133,-4.3324641152
CtrSVDD_0014_E_0003134,-4.3110550433
CtrSVDD_0015_E_0003135,-3.3893478309
CtrSVDD_0016_E_0003136,-1.8257998345
CtrSVDD_0017_E_0003137,-4.7091377464
CtrSVDD_0018_E_0003138,-2.9961371383
CtrSVDD_0019_E_0003139,-2.7489188216
CtrSVDD_0020_E_0003140,-3.2773927259
CtrSVDD_0021_E_0003141,-0.8308409865
CtrSVDD_0022_E_0003142,-3.0744930081
CtrSVDD_0023_E_0003143,-4.3617707635
CtrSVDD_0024_E_0003144,-2.8384731845
CtrSVDD_0025_E_0003145,-3.8030042792
CtrSVDD_0026_E_0003146,-3.1299536207
CtrSVDD_0027_E_0003147,-2.7897004331
CtrSVDD_0028_E_0003148,-2.1313889209
CtrSVDD_0029_E_0003149,-5.3068375776
CtrSVDD_0030_E_0003150,-0.1960550675
CtrSVDD_0031_E_0003151,-4.5540386932
CtrSVDD_0032_E_0003152,-3.5717089668
CtrSVDD_0033_E_0003153,0.0831933267
CtrSVDD_0034_E_0003154,-0.1466978246
CtrSVDD_0035_E_0003155,-3.1461409701
CtrSVDD_0036_E_0003156,-4.2150103241
CtrSVDD_0037_E_0003157,-1.1355656473
CtrSVDD_0038_E_0003158,-3.0936793356
CtrSVDD_0039_E_0003159,-1.4049263390
CtrSVDD_0040_E_0003160,-3.6746765822
CtrSVDD_0041_E_0003161,-0.5376374376
CtrSVDD_0042_E_0003162,-4.0695470672
CtrSVDD_0043_E_0003163,0.7887715581
CtrSVDD_0044_E_0003164,-3.2741418154
CtrSVDD_0045_E_0003165,-2.6631563655
CtrSVDD_0046_E_0003166,-3.7473998824
CtrSVDD_0047_E_0003167,-1.9771558201
CtrSVDD_0000_E_0003168,-4.3746161674
CtrSVDD_0001_E_0003169,-1.1115636705
CtrSVDD_0002_E_0003170,-2.7789078446
CtrSVDD_0003_E_0003171,-5.1381254092
CtrSVDD_0004_E_0003172,-3.6068166961
CtrSVDD_0005_E_0003173,0.1679412931
CtrSVDD_0006_E_0003174,-3.9673169245
CtrSVDD_0007_E_0003175,0.8902607472
CtrSVDD_0008_E_0003176,-2.4877604381
CtrSVDD_0009_E_0003177,-2.3570341746
CtrSVDD_0010_E_0003178,-3.2372354148
CtrSVDD_0011_E_0003179,-1.7944767358
CtrSVDD_0012_E_0003180,-3.2925663261
CtrSVDD_0013_E_0003181,-1.6622418327
CtrSVDD_0014_E_0003182,-4.7226373596
CtrSVDD_0015_E_0003183,-3.9581650394
CtrSVDD_0016_E_0003184,-3.0437032815
CtrSVDD_0017_E_0003185,-2.7328550840
CtrSVDD_0018_E_0003186,-4.0744305137
CtrSVDD_0019_E_0003187,-3.0396061195
CtrSVDD_0020_E_0003188,-3.3623044255
CtrSVDD_0021_E_0003189,-1.8289635265
CtrSVDD_0022_E_0003190,-1.1553045824
CtrSVDD_0023_E_0003191,-2.0607836397
CtrSVDD_0024_E_0003192,1.1428720206
CtrSVDD_0025_E_0003193,-4.4742738466
CtrSVDD_0026_E_0003194,-3.3449682210
CtrSVDD_0027_E_0003195,-0.7585819416
CtrSVDD_0028_E_0003196,-1.0663470779
CtrSVDD_0029_E_0003197,-4.3514688187
CtrSVDD_0030_E_0003198,-4.7831527042
CtrSVDD_0031_E_0003199,-1.6082602314
CtrSVDD_0032_E_0003200,-3.4217887490
CtrSVDD_0033_E_0003201,0.3876856126
CtrSVDD_0034_E_0003202,-1.0807962707
CtrSVDD_0035_E_0003203,-0.4060446121
CtrSVDD_0036_E_0003204,-3.7972694944
CtrSVDD_0037_E_0003205,-3.6321271271
CtrSVDD_0038_E_0003206,-4.7342528909
CtrSVDD_0039_E_0003207,-4.0504011609
CtrSVDD_0040_E_0003208,-4.6530128804
CtrSVDD_0041_E_0003209,-3.3451132794
CtrSVDD_0042_E_0003210,-2.1006137496
CtrSVDD_0043_E_0003211,-0.7034100344
CtrSVDD_0044_E_0003212,-3.3685475873
CtrSVDD_0045_E_0003213,-3.4104335724
CtrSVDD_0046_E_0003214,-3.6295620244
CtrSVDD_0047_E_0003215,1.6101026823
CtrSVDD_0000_E_0003216,-3.2758562972
CtrSVDD_0001_E_0003217,-2.0132834216
CtrSVDD_0002_E_0003218,-5.0773762960
CtrSVDD_0003_E_0003219,-1.6181429068
CtrSVDD_0004_E_0003220,1.2086579908
CtrSVDD_0005_E_0003221,-1.8760536138
CtrSVDD_0006_E_0003222,-4.5927807366
CtrSVDD_0007_E_0003223,0.4801251684
CtrSVDD_0008_E_0003224,0.6032882259
CtrSVDD_0009_E_0003225,-0.2235561612
CtrSVDD_0010_E_0003226,-5.0791437993
CtrSVDD_0011_E_0003227,-3.3238714297
CtrSVDD_0012_E_0003228,-0.8782054054
CtrSVDD_0013_E_0003229,-5.4796602367
CtrSVDD_0014_E_0003230,-5.6218162912
CtrSVDD_0015_E_0003231,-4.3531146188
CtrSVDD_0016_E_0003232,-2.7166543953
CtrSVDD_0017_E_0003233,-0.9366756176
CtrSVDD_0018_E_0003234,-2.8323819087
CtrSVDD_0019_E_0003235,-3.2626896863
CtrSVDD_0020_E_0003236,-2.2027934944
CtrSVDD_0021_E_0003237,-3.7359724547
CtrSVDD_0022_E_0003238,-1.0545099609
CtrSVDD_0023_E_0003239,-3.6462858406
CtrSVDD_0024_E_0003240,2.0132834216
CtrSVDD_0025_E_0003241,-2.8044343168
CtrSVDD_0026_E_0003242,-3.5830410400
CtrSVDD_0027_E_0003243,-3.6666388172
CtrSVDD_0028_E_0003244,-2.7360008960
CtrSVDD_0029_E_0003245,-3.2165069144
CtrSVDD_0030_E_0003246,-1.2570169944
CtrSVDD_0031_E_0003247,-2.3031112849
CtrSVDD_0032_E_0003248,-2.9880246512
CtrSVDD_0033_E_0003249,-2.5656146451
CtrSVDD_0034_E_0003250,-3.3713664270
CtrSVDD_0035_E_0003251,1.0688078753
CtrSVDD_0036_E_0003252,-6.2880753226
CtrSVDD_0037_E_0003253,-1.7852624904
CtrSVDD_0038_E_0003254,-3.7052223812
CtrSVDD_0039_E_0003255,-4.5913644765
CtrSVDD_0040_E_0003256,-4.1022680232
CtrSVDD_0041_E_0003257,-2.4128439337
CtrSVDD_0042_E_0003258,-3.1066516070
CtrSVDD_0043_E_0003259,-1.3229032255
CtrSVDD_0044_E_0003260,-1.6400033795
CtrSVDD_0045_E_0003261,-0.7698207150
CtrSVDD_0046_E_0003262,-0.4412387283
CtrSVDD_0047_E_0003263,-3.0484502140
CtrSVDD_0000_E_0003264,-1.7340587356
CtrSVDD_0001_E_0003265,-1.8685814475
CtrSVDD_0002_E_0003266,-2.1666574227
CtrSVDD_0003_E_0003267,-3.4980495379
CtrSVDD_0004_E_0003268,-3.4931931585
CtrSVDD_0005_E_0003269,-2.0342462871
CtrSVDD_0006_E_0003270,-4.6103658982
CtrSVDD_0007_E_0003271,-1.9275292696
CtrSVDD_0008_E_0003272,-3.6827724228
CtrSVDD_0009_E_0003273,-0.0624592578
CtrSVDD_0010_E_0003274,-3.0178873896
CtrSVDD_0011_E_0003275,-2.9250350299
CtrSVDD_0012_E_0003276,-4.5588724268
CtrSVDD_0013_E_0003277,0.8414219247
CtrSVDD_0014_E_0003278,-3.5523221923
CtrSVDD_0015_E_0003279,-3.0845895119
CtrSVDD_0016_E_0003280,-0.1437726720
CtrSVDD_0017_E_0003281,0.2465641713
CtrSVDD_0018_E_0003282,-5.0900436347
CtrSVDD_0019_E_0003283,-3.1191703639
CtrSVDD_0020_E_0003284,-2.4189291621
CtrSVDD_0021_E_0003285,-0.1981922479
CtrSVDD_0022_E_0003286,-4.6127979140
CtrSVDD_0023_E_0003287,-1.5524551140
CtrSVDD_0024_E_0003288,-0.3447830219
CtrSVDD_0025_E_0003289,0.5554099322
CtrSVDD_0026_E_0003290,-1.4233141179
CtrSVDD_0027_E_0003291,-2.8324784466
CtrSVDD_0028_E_0003292,-4.8705057111
CtrSVDD_0029_E_0003293,-2.9185501913
CtrSVDD_0030_E_0003294,-3.2565564381
CtrSVDD_0031_E_0003295,-3.6905157776
CtrSVDD_0032_E_0003296,-2.5377569026
CtrSVDD_0033_E_0003297,-3.0874636968
CtrSVDD_0034_E_0003298,-5.4368112160
CtrSVDD_0035_E_0003299,0.0454762832
CtrSVDD_0036_E_0003300,0.8118936149
CtrSVDD_0037_E_0003301,-2.8673051675
CtrSVDD_0038_E_0003302,-3.8751868885
CtrSVDD_0039_E_0003303,-4.3796485443
CtrSVDD_0040_E_0003304,-4.0461778015
CtrSVDD_0041_E_0003305,-0.7483315495
CtrSVDD_0042_E_0003306,-3.9863162657
CtrSVDD_0043_E_0003307,-5.3333264175
CtrSVDD_0044_E_0003308,0.6824132519
CtrSVDD_0045_E_0003309,-3.5353838382
CtrSVDD_0046_E_0003310,0.7217891729
CtrSVDD_0047_E_0003311,-2.4546800278
CtrSVDD_0000_E_0003312,-4.2614664078
CtrSVDD_0001_E_0003313,-1.2360753036
CtrSVDD_0002_E_0003314,-2.0353616353
CtrSVDD_0003_E_0003315,0.9677938789
CtrSVDD_0004_E_0003316,-2.5182011353
CtrSVDD_0005_E_0003317,-3.5311918588
CtrSVDD_0006_E_0003318,-2.0045080068
CtrSVDD_0007_E_0003319,-0.3788501997
CtrSVDD_0008_E_0003320,-2.8991129624
CtrSVDD_0009_E_0003321,-3.8788191390
CtrSVDD_0010_E_0003322,-2.0772734832
CtrSVDD_0011_E_0003323,-0.4582631533
CtrSVDD_0012_E_0003324,-4.8413312828
CtrSVDD_0013_E_0003325,-3.0748552606
CtrSVDD_0014_E_0003326,-1.5344216494
CtrSVDD_0015_E_0003327,-1.2446287917
CtrSVDD_0016_E_0003328,-1.7707161354
CtrSVDD_0017_E_0003329,-4.0127740810
CtrSVDD_0018_E_0003330,-3.8477509655
CtrSVDD_0019_E_0003331,-5.1493158301
CtrSVDD_0020_E_0003332,-0.5269610164
CtrSVDD_0021_E_0003333,0.8275522725
CtrSVDD_0022_E_0003334,0.4246700398
CtrSVDD_0023_E_0003335,-3.8499788314
CtrSVDD_0024_E_0003336,-4.3812728225
CtrSVDD_0025_E_0003337,-3.8622999809
CtrSVDD_0026_E_0003338,1.1934303035
CtrSVDD_0027_E_0003339,-1.6739446806
CtrSVDD_0028_E_0003340,-3.7816937785
CtrSVDD_0029_E_0003341,1.3787600432
CtrSVDD_0030_E_0003342,-2.5342253229
CtrSVDD_0031_E_0003343,-1.1833540504
CtrSVDD_0032_E_0003344,-3.0469364234
CtrSVDD_0033_E_0003345,-2.0610791527
CtrSVDD_0034_E_0003346,-4.7201596017
CtrSVDD_0035_E_0003347,-1.1948394774
CtrSVDD_0036_E_0003348,-4.0845151306
CtrSVDD_0037_E_0003349,-2.0611118083
CtrSVDD_0038_E_0003350,-5.3582662776
CtrSVDD_0039_E_0003351,-2.6691218839
CtrSVDD_0040_E_0003352,0.2149592275
CtrSVDD_0041_E_0003353,-2.7373709733
CtrSVDD_0042_E_0003354,-4.4652249875
CtrSVDD_0043_E_0003355,-3.7855446314
CtrSVDD_0044_E_0003356,-4.5065004085
CtrSVDD_0045_E_0003357,-4.8717200567
CtrSVDD_0046_E_0003358,-2.9478301160
CtrSVDD_0047_E_0003359,-2.0619501510
CtrSVDD_0000_E_0003360,-1.1050650604
CtrSVDD_0001_E_0003361,-1.2228243010
CtrSVDD_0002_E_0003362,-3.8900207857
CtrSVDD_0003_E_0003363,-3.0653644029
CtrSVDD_0004_E_0003364,-5.2646338776
CtrSVDD_0005_E_0003365,-3.2953726287
CtrSVDD_0006_E_0003366,-3.3112958065
CtrSVDD_0007_E_0003367,0.0685244166
CtrSVDD_0008_E_0003368,-3.9338964162
CtrSVDD_0009_E_0003369,-1.5707567795
CtrSVDD_0010_E_0003370,-0.9956673153
CtrSVDD_0011_E_0003371,-0.9722721429
CtrSVDD_0012_E_0003372,2.0099263107
CtrSVDD_0013_E_0003373,0.4017728301
CtrSVDD_0014_E_0003374,-4.6530212450
CtrSVDD_0015_E_0003375,-3.6755849805
CtrSVDD_0016_E_0003376,-1.8196568663
CtrSVDD_0017_E_0003377,-3.0171539682
CtrSVDD_0018_E_0003378,-3.1297325195
CtrSVDD_0019_E_0003379,-3.2678302415
CtrSVDD_0020_E_0003380,-4.1357800309
CtrSVDD_0021_E_0003381,-3.8668388006
CtrSVDD_0022_E_0003382,-3.6072512705
CtrSVDD_0023_E_0003383,-2.2868705109
CtrSVDD_0024_E_0003384,-2.4096218658
CtrSVDD_0025_E_0003385,-3.2360400153
CtrSVDD_0026_E_0003386,-4.6990707157
CtrSVDD_0027_E_0003387,1.3399994132
CtrSVDD_0028_E_0003388,-0.4376526987
CtrSVDD_0029_E_0003389,-1.7394307537
CtrSVDD_0030_E_0003390,-3.1736808734
CtrSVDD_0031_E_0003391,-1.2005282182
CtrSVDD_0032_E_0003392,-0.6806487851
CtrSVDD_0033_E_0003393,-3.5358906806
CtrSVDD_0034_E_0003394,-2.6341074310
CtrSVDD_0035_E_0003395,-2.9009957438
CtrSVDD_0036_E_0003396,-2.0741638440
CtrSVDD_0037_E_0003397,-3.5699115097
CtrSVDD_0038_E_0003398,-4.1201438801
CtrSVDD_0039_E_0003399,-4.6486461257
CtrSVDD_0040_E_0003400,-1.7931828856
CtrSVDD_0041_E_0003401,-4.4247231143
CtrSVDD_0042_E_0003402,-4.2385694373
CtrSVDD_0043_E_0003403,-2.9895402547
CtrSVDD_0044_E_0003404,-2.7344131816
CtrSVDD_0045_E_0003405,-3.3366565699
CtrSVDD_0046_E_0003406,-4.4854782069
CtrSVDD_0047_E_0003407,-1.8605008573
CtrSVDD_0000_E_0003408,-4.3525059607
CtrSVDD_0001_E_0003409,0.1625069021
CtrSVDD_0002_E_0003410,-2.2527711929
CtrSVDD_0003_E_0003411,-2.6127551623
CtrSVDD_0004_E_0003412,0.3179036343
CtrSVDD_0005_E_0003413,-2.9326452428
CtrSVDD_0006_E_0003414,-3.9783264214
CtrSVDD_0007_E_0003415,-1.0726210729
CtrSVDD_0008_E_0003416,-2.9006799927
CtrSVDD_0009_E_0003417,-5.2664728184
CtrSVDD_0010_E_0003418,-2.7058724895
CtrSVDD_0011_E_0003419,-2.1373988185
CtrSVDD_0012_E_0003420,-1.8234426342
CtrSVDD_0013_E_0003421,-2.6318693068
CtrSVDD_0014_E_0003422,-5.0654858408
CtrSVDD_0015_E_0003423,-1.1223380117
CtrSVDD_0016_E_0003424,-4.2973154036
CtrSVDD_0017_E_0003425,1.2705100400
CtrSVDD_0018_E_0003426,-0.5750016537
CtrSVDD_0019_E_0003427,-1.4055783708
CtrSVDD_0020_E_0003428,-1.8694256050
CtrSVDD_0021_E_0003429,-4.0900421773
CtrSVDD_0022_E_0003430,-2.9381918110
CtrSVDD_0023_E_0003431,-4.1804792133
CtrSVDD_0024_E_0003432,0.4644866708
CtrSVDD_0025_E_0003433,0.8554553602
CtrSVDD_0026_E_0003434,-3.3431609988
CtrSVDD_0027_E_0003435,-3.3474491707
CtrSVDD_0028_E_0003436,-3.1309823278
CtrSVDD_0029_E_0003437,-4.6203627492
CtrSVDD_0030_E_0003438,-4.5155417986
CtrSVDD_0031_E_0003439,-2.3802881009
CtrSVDD_0032_E_0003440,-3.3897975947
CtrSVDD_0033_E_0003441,-4.2545144549
CtrSVDD_0034_E_0003442,-4.6280298414
CtrSVDD_0035_E_0003443,-2.6623626490
CtrSVDD_0036_E_0003444,-3.3747546103
CtrSVDD_0037_E_0003445,-4.0032139074
CtrSVDD_0038_E_0003446,-1.7048433583
CtrSVDD_0039_E_0003447,-1.3714424906
CtrSVDD_0040_E_0003448,-1.9638630685
CtrSVDD_0041_E_0003449,-1.3044971444
CtrSVDD_0042_E_0003450,-3.9989423808
CtrSVDD_0043_E_0003451,-1.0834025178
CtrSVDD_0044_E_0003452,-2.2558965106
CtrSVDD_0045_E_0003453,-4.0440464371
CtrSVDD_0046_E_0003454,-2.6273744482
CtrSVDD_0047_E_0003455,-5.4674954944
CtrSVDD_0000_E_0003456,-4.4141363191
CtrSVDD_0001_E_0003457,-3.8926340124
CtrSVDD_0002_E_0003458,-7.3908229526
CtrSVDD_0003_E_0003459,-3.6043400312
CtrSVDD_0004_E_0003460,-2.2116218325
CtrSVDD_0005_E_0003461,-2.8216884520
CtrSVDD_0006_E_0003462,-2.3165508951
CtrSVDD_0007_E_0003463,-0.9112471260
CtrSVDD_0008_E_0003464,-3.4970877744
CtrSVDD_0009_E_0003465,-1.0353831207
CtrSVDD_0010_E_0003466,0.5423003608
CtrSVDD_0011_E_0003467,-2.6310509779
CtrSVDD_0012_E_0003468,-1.7762587850
CtrSVDD_0013_E_0003469,-2.7957789351
CtrSVDD_0014_E_0003470,-4.3663226814
CtrSVDD_0015_E_0003471,-4.4986919260
CtrSVDD_0016_E_0003472,-1.1723271004
CtrSVDD_0017_E_0003473,-1.8908720531
CtrSVDD_0018_E_0003474,-1.4426932098
CtrSVDD_0019_E_0003475,-0.9835540622
CtrSVDD_0020_E_0003476,0.0847279455
CtrSVDD_0021_E_0003477,-4.0541221033
CtrSVDD_0022_E_0003478,-4.8925956665
CtrSVDD_0023_E_0003479,-4.4438375157
CtrSVDD_0024_E_0003480,-0.1551867330
CtrSVDD_0025_E_0003481,-4.0011763707
CtrSVDD_0026_E_0003482,-2.5704884389
CtrSVDD_0027_E_0003483,-2.9629703038
CtrSVDD_0028_E_0003484,-3.0238869060
CtrSVDD_0029_E_0003485,-3.5251462639
CtrSVDD_0030_E_0003486,-0.2321696494
CtrSVDD_0031_E_0003487,-4.9236298310
CtrSVDD_0032_E_0003488,0.2959096162
CtrSVDD_0033_E_0003489,-2.7807520888
CtrSVDD_0034_E_0003490,-3.2095234101
CtrSVDD_0035_E_0003491,1.5238894117
CtrSVDD_0036_E_0003492,-0.7979855386
CtrSVDD_0037_E_0003493,-4.1138220959
CtrSVDD_0038_E_0003494,-3.0496179665
CtrSVDD_0039_E_0003495,-3.1959866032
CtrSVDD_0040_E_0003496,-4.1677547582
CtrSVDD_0041_E_0003497,-3.7517254188
CtrSVDD_0042_E_0003498,-2.0067023228
CtrSVDD_0043_E_0003499,-2.8686722652
CtrSVDD_0044_E_0003500,-3.3762630911
CtrSVDD_0045_E_0003501,-3.2491225623
CtrSVDD_0046_E_0003502,0.1007432534
CtrSVDD_0047_E_0003503,-3.5410669693
CtrSVDD_0000_E_0003504,-3.6996278960
CtrSVDD_0001_E_0003505,-5.8313109025
CtrSVDD_0002_E_0003506,-3.8293033339
CtrSVDD_0003_E_0003507,-3.0888092590
CtrSVDD_0004_E_0003508,-2.8310617662
CtrSVDD_0005_E_0003509,-2.6123628856
CtrSVDD_0006_E_0003510,-4.7104531776
CtrSVDD_0007_E_0003511,-0.0847279455
CtrSVDD_0008_E_0003512,-5.5787028431
CtrSVDD_0009_E_0003513,-3.1284460835
CtrSVDD_0010_E_0003514,-2.2760180839
CtrSVDD_0011_E_0003515,-2.4164625342
CtrSVDD_0012_E_0003516,-2.3273737270
CtrSVDD_0013_E_0003517,-4.0652810771
CtrSVDD_0014_E_0003518,-2.0035854507
CtrSVDD_0015_E_0003519,-3.3376808307
CtrSVDD_0016_E_0003520,-3.4568791858
CtrSVDD_0017_E_0003521,-4.1530351049
CtrSVDD_0018_E_0003522,-0.0963205402
CtrSVDD_0019_E_0003523,-4.2165097792
CtrSVDD_0020_E_0003524,-5.5675616637
CtrSVDD_0021_E_0003525,-5.7150474150
CtrSVDD_0022_E_0003526,-5.5204202289
CtrSVDD_0023_E_0003527,-2.8579830835
CtrSVDD_0024_E_0003528,-3.1714103652
CtrSVDD_0025_E_0003529,-1.9430127110
CtrSVDD_0026_E_0003530,-1.3933814760
CtrSVDD_0027_E_0003531,0.1736186442
CtrSVDD_0028_E_0003532,-2.5106323137
CtrSVDD_0029_E_0003533,-3.7262189599
CtrSVDD_0030_E_0003534,-0.1114338467
CtrSVDD_0031_E_0003535,-4.4998336468
CtrSVDD_0032_E_0003536,-4.2457967321
CtrSVDD_0033_E_0003537,-3.5104141594
CtrSVDD_0034_E_0003538,-1.9208044394
CtrSVDD_0035_E_0003539,-3.2082956521
CtrSVDD_0036_E_0003540,0.0342770194
CtrSVDD_0037_E_0003541,-3.2870151186
CtrSVDD_0038_E_0003542,-2.5230633625
CtrSVDD_0039_E_0003543,-2.3904534808
CtrSVDD_0040_E_0003544,-4.1071037896
CtrSVDD_0041_E_0003545,-2.5588063123
CtrSVDD_0042_E_0003546,-3.6272707476
CtrSVDD_0043_E_0003547,-3.3615269656
CtrSVDD_0044_E_0003548,-3.8648052307
CtrSVDD_0045_E_0003549,-0.4637019438
CtrSVDD_0046_E_0003550,-1.4470623406
CtrSVDD_0047_E_0003551,-1.2678658807
CtrSVDD_0000_E_0003552,1.2966417965
CtrSVDD_0001_E_0003553,-3.7239410800
CtrSVDD_0002_E_0003554,2.2891032161
CtrSVDD_0003_E_0003555,-4.5497545239
CtrSVDD_0004_E_0003556,0.4848395315
CtrSVDD_0005_E_0003557,-2.0202064238
CtrSVDD_0006_E_0003558,-2.5536573043
CtrSVDD_0007_E_0003559,-4.4766993301
CtrSVDD_0008_E_0003560,-3.6565814095
CtrSVDD_0009_E_0003561,-3.0863707198
CtrSVDD_0010_E_0003562,-3.0126556566
CtrSVDD_0011_E_0003563,-2.8339889749
CtrSVDD_0012_E_0003564,-2.9578069648
CtrSVDD_0013_E_0003565,0.0219045757
CtrSVDD_0014_E_0003566,0.4676051739
CtrSVDD_0015_E_0003567,-3.2042844478
CtrSVDD_0016_E_0003568,-5.4289586295
CtrSVDD_0017_E_0003569,-4.6052363688
CtrSVDD_0018_E_0003570,-3.7677248056
CtrSVDD_0019_E_0003571,-3.1763992638
CtrSVDD_0020_E_0003572,-3.0029413909
CtrSVDD_0021_E_0003573,-4.2577962055
CtrSVDD_0022_E_0003574,-6.1753432389
CtrSVDD_0023_E_0003575,-3.6415591819
CtrSVDD_0024_E_0003576,-3.4783643690
CtrSVDD_0025_E_0003577,-3.1654536320
CtrSVDD_0026_E_0003578,-3.4821863479
CtrSVDD_0027_E_0003579,-4.6033913076
CtrSVDD_0028_E_0003580,-3.6305578265
CtrSVDD_0029_E_0003581,0.5826196603
CtrSVDD_0030_E_0003582,-4.8632448511
CtrSVDD_0031_E_0003583,-4.3523075443
CtrSVDD_0032_E_0003584,-2.4949121140
CtrSVDD_0033_E_0003585,-0.9028048733
CtrSVDD_0034_E_0003586,-2.9311241725
CtrSVDD_0035_E_0003587,0.4042036749
CtrSVDD_0036_E_0003588,-1.4292665960
CtrSVDD_0037_E_0003589,-4.8408488558
CtrSVDD_0038_E_0003590,1.6241083858
CtrSVDD_0039_E_0003591,-3.3268268398
CtrSVDD_0040_E_0003592,0.0721000060
CtrSVDD_0041_E_0003593,-0.1853214305
CtrSVDD_0042_E_0003594,-4.2199323870
CtrSVDD_0043_E_0003595,-4.3220340993
CtrSVDD_0044_E_0003596,-1.3738034408
CtrSVDD_0045_E_0003597,-0.5287436261
CtrSVDD_0046_E_0003598,-4.8200064581
CtrSVDD_0047_E_0003599,-1.8020858323
CtrSVDD_0000_E_0003600,-2.9619588276
CtrSVDD_0001_E_0003601,-3.8135586255
CtrSVDD_0002_E_0003602,-2.5657708967
CtrSVDD_0003_E_0003603,0.2944485424
CtrSVDD_0004_E_0003604,-0.6235485520
CtrSVDD_0005_E_0003605,-1.0904559397
CtrSVDD_0006_E_0003606,-3.1324724611
CtrSVDD_0007_E_0003607,-4.2309283158
CtrSVDD_0008_E_0003608,-3.2982667651
CtrSVDD_0009_E_0003609,-0.4278310530
CtrSVDD_0010_E_0003610,-1.4391741622
CtrSVDD_0011_E_0003611,-4.8187597875
CtrSVDD_0012_E_0003612,-2.5021255160
CtrSVDD_0013_E_0003613,-4.8170558622
CtrSVDD_0014_E_0003614,-3.8980465550
CtrSVDD_0015_E_0003615,-0.0048957779
CtrSVDD_0016_E_0003616,-4.1980702906
CtrSVDD_0017_E_0003617,-4.4103314782
CtrSVDD_0018_E_0003618,-3.6090319791
CtrSVDD_0019_E_0003619,-4.1812638408
CtrSVDD_0020_E_0003620,-3.3822196326
CtrSVDD_0021_E_0003621,-2.4712559431
CtrSVDD_0022_E_0003622,-1.8577258376
CtrSVDD_0023_E_0003623,-0.1424573696
CtrSVDD_0024_E_0003624,-2.2247365713
CtrSVDD_0025_E_0003625,1.7583790479
CtrSVDD_0026_E_0003626,-4.1102779435
CtrSVDD_0027_E_0003627,-3.1371139237
CtrSVDD_0028_E_0003628,-2.8081582276
CtrSVDD_0029_E_0003629,-1.4520614352
CtrSVDD_0030_E_0003630,-0.4990480477
CtrSVDD_0031_E_0003631,-4.0483473778
CtrSVDD_0032_E_0003632,-3.1093318289
CtrSVDD_0033_E_0003633,-2.5907126903
CtrSVDD_0034_E_0003634,-1.7231710938
CtrSVDD_0035_E_0003635,-2.4587327127
CtrSVDD_0036_E_0003636,-4.6928080984
CtrSVDD_0037_E_0003637,-5.6683193941
CtrSVDD_0038_E_0003638,-1.7682521123
CtrSVDD_0039_E_0003639,-3.9415815637
CtrSVDD_0040_E_0003640,-2.5972518461
CtrSVDD_0041_E_0003641,-2.6921717020
CtrSVDD_0042_E_0003642,-0.3985358370
CtrSVDD_0043_E_0003643,-2.9473596859
CtrSVDD_0044_E_0003644,-4.4592240091
CtrSVDD_0045_E_0003645,-3.9550859197
CtrSVDD_0046_E_0003646,-2.9141126439
CtrSVDD_0047_E_0003647,-4.7501251036
CtrSVDD_0000_E_0003648,0.0959640721
CtrSVDD_0001_E_0003649,-0.4151755544
CtrSVDD_0002_E_0003650,-3.3868335393
CtrSVDD_0003_E_0003651,-6.3070352400
CtrSVDD_0004_E_0003652,-3.8121244093
CtrSVDD_0005_E_0003653,-1.2648776829
CtrSVDD_0006_E_0003654,-1.4629733203
CtrSVDD_0007_E_0003655,-2.2763620694
CtrSVDD_0008_E_0003656,-3.6379351187
CtrSVDD_0009_E_0003657,-2.3421675814
CtrSVDD_0010_E_0003658,-4.1668282740
CtrSVDD_0011_E_0003659,-3.9877371117
CtrSVDD_0012_E_0003660,0.4335427226
CtrSVDD_0013_E_0003661,-3.9926964187
CtrSVDD_0014_E_0003662,-1.1544251897
CtrSVDD_0015_E_0003663,-3.4185383270
CtrSVDD_0016_E_0003664,-0.8635505819
CtrSVDD_0017_E_0003665,-2.7918266221
CtrSVDD_0018_E_0003666,-0.4341691776
CtrSVDD_0019_E_0003667,-2.9474644335
CtrSVDD_0020_E_0003668,-5.3643927295
CtrSVDD_0021_E_0003669,-4.9354497563
CtrSVDD_0022_E_0003670,-3.1204072932
CtrSVDD_0023_E_0003671,-3.9033763342
CtrSVDD_0024_E_0003672,-4.2433823475
CtrSVDD_0025_E_0003673,-2.1364826551
CtrSVDD_0026_E_0003674,0.4474143830
CtrSVDD_0027_E_0003675,-3.9063457708
CtrSVDD_0028_E_0003676,-1.1310834092
CtrSVDD_0029_E_0003677,-1.2892838997
CtrSVDD_0030_E_0003678,0.6337749880
CtrSVDD_0031_E_0003679,-0.0130780676
CtrSVDD_0032_E_0003680,-0.8737499097
CtrSVDD_0033_E_0003681,-2.0876594580
CtrSVDD_0034_E_0003682,-2.4047875663
CtrSVDD_0035_E_0003683,-1.2776383494
CtrSVDD_0036_E_0003684,-3.2119772369
CtrSVDD_0037_E_0003685,-1.3262815153
CtrSVDD_0038_E_0003686,-4.7476384927
CtrSVDD_0039_E_0003687,-3.4080360346
CtrSVDD_0040_E_0003688,0.0658823398
CtrSVDD_0041_E_0003689,-3.5329512636
CtrSVDD_0042_E_0003690,-4.4421215683
CtrSVDD_0043_E_0003691,-2.3760710320
CtrSVDD_0044_E_0003692,-1.7195560746
CtrSVDD_0045_E_0003693,-5.1528383172
CtrSVDD_0046_E_0003694,-3.9137686408
CtrSVDD_0047_E_0003695,-2.1330075465
CtrSVDD_0000_E_0003696,-5.6804322781
CtrSVDD_0001_E_0003697,-3.3484605141
CtrSVDD_0002_E_0003698,-4.4727617072
CtrSVDD_0003_E_0003699,-0.2465146180
CtrSVDD_0004_E_0003700,-3.9241660761
CtrSVDD_0005_E_0003701,-0.4924594198
CtrSVDD_0006_E_0003702,-3.3591840927
CtrSVDD_0007_E_0003703,-4.8046986256
CtrSVDD_0008_E_0003704,-3.4640676448
CtrSVDD_0009_E_0003705,-3.6921422397
CtrSVDD_0010_E_0003706,-0.7604483910
CtrSVDD_0011_E_0003707,-3.0675380491
CtrSVDD_0012_E_0003708,-2.3882807288
CtrSVDD_0013_E_0003709,-2.4577744466
CtrSVDD_0014_E_0003710,-1.3111032768
CtrSVDD_0015_E_0003711,-2.3261344581
CtrSVDD_0016_E_0003712,-0.2566706433
CtrSVDD_0017_E_0003713,-4.5477401011
CtrSVDD_0018_E_0003714,-2.8445433269
CtrSVDD_0019_E_0003715,-1.6821459820
CtrSVDD_0020_E_0003716,-2.2887665589
CtrSVDD_0021_E_0003717,-4.7195328237
CtrSVDD_0022_E_0003718,-3.4474950938
CtrSVDD_0023_E_0003719,0.4587511246
CtrSVDD_0024_E_0003720,-3.6712833242
CtrSVDD_0025_E_0003721,-0.9965631641
CtrSVDD_0026_E_0003722,0.3668543308
CtrSVDD_0027_E_0003723,1.2208602231
CtrSVDD_0028_E_0003724,-0.5429585727
CtrSVDD_0029_E_0003725,-2.6538226068
CtrSVDD_0030_E_0003726,-3.0196114097
CtrSVDD_0031_E_0003727,-1.5682058675
CtrSVDD_0032_E_0003728,-4.7305474798
CtrSVDD_0033_E_0003729,-4.0346459536
CtrSVDD_0034_E_0003730,-3.1526695486
CtrSVDD_0035_E_0003731,-2.8211053414
CtrSVDD_0036_E_0003732,-3.0825419899
CtrSVDD_0037_E_0003733,-3.7267592543
CtrSVDD_0038_E_0003734,1.0614081289
CtrSVDD_0039_E_0003735,-3.4491872373
CtrSVDD_0040_E_0003736,-0.8847173234
CtrSVDD_0041_E_0003737,-2.2944721524
CtrSVDD_0042_E_0003738,-4.5514566953
CtrSVDD_0043_E_0003739,-3.6933450632
CtrSVDD_0044_E_0003740,-6.9183802958
CtrSVDD_0045_E_0003741,-0.4475833594
CtrSVDD_0046_E_0003742,-3.0430195968
CtrSVDD_0047_E_0003743,0.3037822328
CtrSVDD_0000_E_0003744,-3.8350395807
CtrSVDD_0001_E_0003745,-3.1497027915
CtrSVDD_0002_E_0003746,-4.2290633600
CtrSVDD_0003_E_0003747,-2.8722829185
CtrSVDD_0004_E_0003748,-3.6090798261
CtrSVDD_0005_E_0003749,-2.9780690123
CtrSVDD_0006_E_0003750,-0.2552252796
CtrSVDD_0007_E_0003751,-4.3236601980
CtrSVDD_0008_E_0003752,-2.4822152920
CtrSVDD_0009_E_0003753,-5.1410459742
CtrSVDD_0010_E_0003754,-3.4646036284
CtrSVDD_0011_E_0003755,-3.0588185518
CtrSVDD_0012_E_0003756,-2.9500870673
CtrSVDD_0013_E_0003757,-3.6149061261
CtrSVDD_0014_E_0003758,-3.2744139856
CtrSVDD_0015_E_0003759,-1.0088314004
CtrSVDD_0016_E_0003760,-4.1856095764
CtrSVDD_0017_E_0003761,-2.8577873388
CtrSVDD_0018_E_0003762,-1.9877323239
CtrSVDD_0019_E_0003763,-1.9647465389
CtrSVDD_0020_E_0003764,-3.5210127407
CtrSVDD_0021_E_0003765,-1.6486847043
CtrSVDD_0022_E_0003766,-4.2948430730
CtrSVDD_0023_E_0003767,-2.0553062838
CtrSVDD_0024_E_0003768,-3.8141029620
CtrSVDD_0025_E_0003769,-0.2172876029
CtrSVDD_0026_E_0003770,-5.9917036973
CtrSVDD_0027_E_0003771,-0.9566822130
CtrSVDD_0028_E_0003772,-3.8822965163
CtrSVDD_0029_E_0003773,-4.3649300007
CtrSVDD_0030_E_0003774,0.9700305792
CtrSVDD_0031_E_0003775,-3.9492815269
CtrSVDD_0032_E_0003776,-2.2358020496
CtrSVDD_0033_E_0003777,2.6527627355
CtrSVDD_0034_E_0003778,-3.5915629951
CtrSVDD_0035_E_0003779,-2.1998169545
CtrSVDD_0036_E_0003780,-5.2375651426
CtrSVDD_0037_E_0003781,-2.1053514491
CtrSVDD_0038_E_0003782,-3.9531654712
CtrSVDD_0039_E_0003783,-4.7085358888
CtrSVDD_0040_E_0003784,-2.8695572860
CtrSVDD_0041_E_0003785,-1.3756380791
CtrSVDD_0042_E_0003786,1.8996605653
CtrSVDD_0043_E_0003787,-4.0408627213
CtrSVDD_0044_E_0003788,-3.9245987005
CtrSVDD_0045_E_0003789,-4.3397800870
CtrSVDD_0046_E_0003790,-3.6346881302
CtrSVDD_0047_E_0003791,-0.1788424102
CtrSVDD_0000_E_0003792,-1.7255981527
CtrSVDD_0001_E_0003793,1.1355656473
CtrSVDD_0002_E_0003794,-5.0596210611
CtrSVDD_0003_E_0003795,-3.8081033461
CtrSVDD_0004_E_0003796,-3.6792013380
CtrSVDD_0005_E_0003797,-2.5755417348
CtrSVDD_0006_E_0003798,-4.1250413234
CtrSVDD_0007_E_0003799,-4.1463667783
CtrSVDD_0008_E_0003800,-2.6541826422
CtrSVDD_0009_E_0003801,-1.0576107825
CtrSVDD_0010_E_0003802,-1.3220340791
CtrSVDD_0011_E_0003803,-3.5507796468
CtrSVDD_0012_E_0003804,-4.3851685004
CtrSVDD_0013_E_0003805,-4.4048429471
CtrSVDD_0014_E_0003806,-4.3890430124
CtrSVDD_0015_E_0003807,-1.4153324496
CtrSVDD_0016_E_0003808,-3.8041219505
CtrSVDD_0017_E_0003809,0.7382221511
CtrSVDD_0018_E_0003810,-5.0423351912
CtrSVDD_0019_E_0003811,-5.0205809082
CtrSVDD_0020_E_0003812,-3.0996960849
CtrSVDD_0021_E_0003813,-3.0377872640
CtrSVDD_0022_E_0003814,-1.4352085477
CtrSVDD_0023_E_0003815,-2.1055187961
CtrSVDD_0024_E_0003816,-3.5784734448
CtrSVDD_0025_E_0003817,-2.3758999875
CtrSVDD_0026_E_0003818,-0.2873355736
CtrSVDD_0027_E_0003819,-0.3593837417
CtrSVDD_0028_E_0003820,0.4106058040
CtrSVDD_0029_E_0003821,-4.3318065543
CtrSVDD_0030_E_0003822,-1.9961286284
CtrSVDD_0031_E_0003823,-4.3285448189
CtrSVDD_0032_E_0003824,-4.3767082319
CtrSVDD_0033_E_0003825,-3.7602671904
CtrSVDD_0034_E_0003826,-3.3165813588
CtrSVDD_0035_E_0003827,-4.6569014492
CtrSVDD_0036_E_0003828,-1.0134905810
CtrSVDD_0037_E_0003829,-3.9724819523
CtrSVDD_0038_E_0003830,-0.0542124363
CtrSVDD_0039_E_0003831,1.4516232029
CtrSVDD_0040_E_0003832,-2.8130209914
CtrSVDD_0041_E_0003833,-2.8768531985
CtrSVDD_0042_E_0003834,-5.6159321943
CtrSVDD_0043_E_0003835,-4.6400123066
CtrSVDD_0044_E_0003836,-1.9357690229
CtrSVDD_0045_E_0003837,-3.3987571287
CtrSVDD_0046_E_0003838,-1.6264444460
CtrSVDD_0047_E_0003839,-3.6547739597
CtrSVDD_0000_E_0003840,-2.0930141396
CtrSVDD_0001_E_0003841,-2.5483112490
CtrSVDD_0002_E_0003842,-3.6384607984
CtrSVDD_0003_E_0003843,-3.5390269968
CtrSVDD_0004_E_0003844,-2.6596297478
CtrSVDD_0005_E_0003845,-0.7437441897
CtrSVDD_0006_E_0003846,-2.1065540882
CtrSVDD_0007_E_0003847,-5.9919461694
CtrSVDD_0008_E_0003848,-1.5144647660
CtrSVDD_0009_E_0003849,-1.6927902772
CtrSVDD_0010_E_0003850,-3.7205719543
CtrSVDD_0011_E_0003851,0.4927208810
CtrSVDD_0012_E_0003852,-2.3800556922
CtrSVDD_0013_E_0003853,-2.7695105534
CtrSVDD_0014_E_0003854,0.3794882834
CtrSVDD_0015_E_0003855,-0.0494448866
CtrSVDD_0016_E_0003856,-3.7768742079
CtrSVDD_0017_E_0003857,-2.1909410297
CtrSVDD_0018_E_0003858,-3.7233583114
CtrSVDD_0019_E_0003859,-3.6354946424
CtrSVDD_0020_E_0003860,-0.0861318474
CtrSVDD_0021_E_0003861,-0.7946899625
CtrSVDD_0022_E_0003862,-3.7294659484
CtrSVDD_0023_E_0003863,-1.2642495660
CtrSVDD_0024_E_0003864,-3.4301907013
CtrSVDD_0025_E_0003865,-1.5417231302
CtrSVDD_0026_E_0003866,-3.9359899282
CtrSVDD_0027_E_0003867,-2.3092941705
CtrSVDD_0028_E_0003868,-0.3680118548
CtrSVDD_0029_E_0003869,2.3571626578
CtrSVDD_0030_E_0003870,-0.3878829198
CtrSVDD_0031_E_0003871,-1.4591147735
CtrSVDD_0032_E_0003872,-4.4547395820
CtrSVDD_0033_E_0003873,-2.4685712851
CtrSVDD_0034_E_0003874,-3.8892477870
CtrSVDD_0035_E_0003875,-3.9455079874
CtrSVDD_0036_E_0003876,-4.7415667526
CtrSVDD_0037_E_0003877,-0.3890499440
CtrSVDD_0038_E_0003878,-3.4266274434
CtrSVDD_0039_E_0003879,-4.3929699208
CtrSVDD_0040_E_0003880,-6.1849093146
CtrSVDD_0041_E_0003881,-4.6731667458
CtrSVDD_0042_E_0003882,-4.0914906737
CtrSVDD_0043_E_0003883,-4.1809553520
CtrSVDD_0044_E_0003884,-3.2545713985
CtrSVDD_0045_E_0003885,-3.9865494988
CtrSVDD_0046_E_0003886,-5.0873102417
CtrSVDD_0047_E_0003887,-5.5910962461
CtrSVDD_0000_E_0003888,-1.4510591404
CtrSVDD_0001_E_0003889,-1.0467803551
CtrSVDD_0002_E_0003890,-1.7964016216
CtrSVDD_0003_E_0003891,-5.2014530931
CtrSVDD_0004_E_0003892,0.0475634589
CtrSVDD_0005_E_0003893,-1.2426649905
CtrSVDD_0006_E_0003894,-2.7402957116
CtrSVDD_0007_E_0003895,-4.2031379907
CtrSVDD_0008_E_0003896,-4.3081761905
CtrSVDD_0009_E_0003897,-1.9888161890
CtrSVDD_0010_E_0003898,-2.1610436950
CtrSVDD_0011_E_0003899,-6.2599916656
CtrSVDD_0012_E_0003900,-4.1984772287
CtrSVDD_0013_E_0003901,-0.1269303366
CtrSVDD_0014_E_0003902,-4.9012679229
CtrSVDD_0015_E_0003903,-3.3546192780
CtrSVDD_0016_E_0003904,-3.1836188358
CtrSVDD_0017_E_0003905,1.3544950677
CtrSVDD_0018_E_0003906,-3.6739357304
CtrSVDD_0019_E_0003907,-3.3746456298
CtrSVDD_0020_E_0003908,-2.2399101144
CtrSVDD_0021_E_0003909,-4.4803510560
CtrSVDD_0022_E_0003910,-3.3433083241
CtrSVDD_0023_E_0003911,-0.7363864709
CtrSVDD_0024_E_0003912,-3.1536833664
CtrSVDD_0025_E_0003913,0.3909008364
CtrSVDD_0026_E_0003914,-1.2617708616
CtrSVDD_0027_E_0003915,-3.8996848175
CtrSVDD_0028_E_0003916,-4.6563924002
CtrSVDD_0029_E_0003917,-4.9091019867
CtrSVDD_0030_E_0003918,-2.1450577979
CtrSVDD_0031_E_0003919,-3.1365956416
CtrSVDD_0032_E_0003920,-0.8554553602
CtrSVDD_0033_E_0003921,-3.1437269310
CtrSVDD_0034_E_0003922,-3.1072591841
CtrSVDD_0035_E_0003923,-2.7552807248
CtrSVDD_0036_E_0003924,-1.4197105540
CtrSVDD_0037_E_0003925,-4.1301303477
CtrSVDD_0038_E_0003926,-2.3710357495
CtrSVDD_0039_E_0003927,-3.3530804848
CtrSVDD_0040_E_0003928,-4.4281003883
CtrSVDD_0041_E_0003929,-3.6227173956
CtrSVDD_0042_E_0003930,-4.5828158898
CtrSVDD_0043_E_0003931,-2.1481947587
CtrSVDD_0044_E_0003932,-3.6846224337
CtrSVDD_0045_E_0003933,-4.4480940419
CtrSVDD_0046_E_0003934,-5.0578201929
CtrSVDD_0047_E_0003935,-7.0572739802
CtrSVDD_0000_E_0003936,-0.4855887554
CtrSVDD_0001_E_0003937,-3.4249320730
CtrSVDD_0002_E_0003938,-0.2523361478
CtrSVDD_0003_E_0003939,1.7365157986
CtrSVDD_0004_E_0003940,-3.9782475118
CtrSVDD_0005_E_0003941,-3.3344997758
CtrSVDD_0006_E_0003942,-2.4819843105
CtrSVDD_0007_E_0003943,-4.1014483372
CtrSVDD_0008_E_0003944,-4.7275696461
CtrSVDD_0009_E_0003945,-3.2327460613
CtrSVDD_0010_E_0003946,-2.1062229591
CtrSVDD_0011_E_0003947,-0.5783052720
CtrSVDD_0012_E_0003948,-4.7452645934
CtrSVDD_0013_E_0003949,1.2373428625
CtrSVDD_0014_E_0003950,-2.3860527338
CtrSVDD_0015_E_0003951,-0.1807232334
CtrSVDD_0016_E_0003952,0.4014918522
CtrSVDD_0017_E_0003953,0.2112443551
CtrSVDD_0018_E_0003954,-1.2805982317
CtrSVDD_0019_E_0003955,-4.2776824468
CtrSVDD_0020_E_0003956,-1.6775498523
CtrSVDD_0021_E_0003957,-4.5361542396
CtrSVDD_0022_E_0003958,-4.9726776476
CtrSVDD_0023_E_0003959,-4.4218424690
CtrSVDD_0024_E_0003960,-4.2727150116
CtrSVDD_0025_E_0003961,-4.3746410367
CtrSVDD_0026_E_0003962,-2.7379460017
CtrSVDD_0027_E_0003963,-1.7921891094
CtrSVDD_0028_E_0003964,-3.9792482697
CtrSVDD_0029_E_0003965,-0.2609220006
CtrSVDD_0030_E_0003966,0.1330190778
CtrSVDD_0031_E_0003967,-2.2396815046
CtrSVDD_0032_E_0003968,-3.6966293303
CtrSVDD_0033_E_0003969,-2.6806748371
CtrSVDD_0034_E_0003970,1.7976633338
CtrSVDD_0035_E_0003971,-1.9437458211
CtrSVDD_0036_E_0003972,-4.5552193359
CtrSVDD_0037_E_0003973,-4.3063440094
CtrSVDD_0038_E_0003974,-5.0484576661
CtrSVDD_0039_E_0003975,-4.5204181225
CtrSVDD_0040_E_0003976,-3.6477012233
CtrSVDD_0041_E_0003977,-5.9380262452
CtrSVDD_0042_E_0003978,-5.0717837685
CtrSVDD_0043_E_0003979,-0.0090922479
CtrSVDD_0044_E_0003980,-0.6457902880
CtrSVDD_0045_E_0003981,-1.0688078753
CtrSVDD_0046_E_0003982,-1.1382351104
CtrSVDD_0047_E_0003983,-2.9709987903
CtrSVDD_0000_E_0003984,-3.8614963803
CtrSVDD_0001_E_0003985,-3.6722876358
CtrSVDD_0002_E_0003986,-0.6753680420
CtrSVDD_0003_E_0003987,-4.9079201128
CtrSVDD_0004_E_0003988,-2.9840975885
CtrSVDD_0005_E_0003989,-3.4806107963
CtrSVDD_0006_E_0003990,-4.7722917955
CtrSVDD_0007_E_0003991,-5.1403772392
CtrSVDD_0008_E_0003992,-0.1043990475
CtrSVDD_0009_E_0003993,-3.4417571994
CtrSVDD_0010_E_0003994,-0.7830568137
CtrSVDD_0011_E_0003995,-0.8717027939
CtrSVDD_0012_E_0003996,-4.5667288319
CtrSVDD_0013_E_0003997,-2.9189379496
CtrSVDD_0014_E_0003998,-3.5228697860
CtrSVDD_0015_E_0003999,-2.2102125845
CtrSVDD_0016_E_0004000,-3.0939993936
CtrSVDD_0017_E_0004001,-4.9598319198
CtrSVDD_0018_E_0004002,-4.0598057233
CtrSVDD_0019_E_0004003,-4.8269083439
CtrSVDD_0020_E_0004004,-3.0548806922
CtrSVDD_0021_E_0004005,-3.5790942638
CtrSVDD_0022_E_0004006,-0.1526237739
CtrSVDD_0023_E_0004007,-4.1393235258
CtrSVDD_0024_E_0004008,-5.2820786630
CtrSVDD_0025_E_0004009,-2.9750524371
CtrSVDD_0026_E_0004010,-3.7376017209
CtrSVDD_0027_E_0004011,-3.9687832078
CtrSVDD_0028_E_0004012,-1.1329042518
CtrSVDD_0029_E_0004013,-4.4773029717
CtrSVDD_0030_E_0004014,-4.8576111572
CtrSVDD_0031_E_0004015,-2.8411082081
CtrSVDD_0032_E_0004016,-2.5259696250
CtrSVDD_0033_E_0004017,-2.7902470295
CtrSVDD_0034_E_0004018,-4.8244155403
CtrSVDD_0035_E_0004019,-2.0458866524
CtrSVDD_0036_E_0004020,-3.8047591750
CtrSVDD_0037_E_0004021,-3.0690642136
CtrSVDD_0038_E_0004022,-5.5483664982
CtrSVDD_0039_E_0004023,-2.6030830971
CtrSVDD_0040_E_0004024,0.2813267155
CtrSVDD_0041_E_0004025,-3.2238711697
CtrSVDD_0042_E_0004026,-3.3108385486
CtrSVDD_0043_E_0004027,0.8002791039
CtrSVDD_0044_E_0004028,-0.9285706028
CtrSVDD_0045_E_0004029,-4.0391560174
CtrSVDD_0046_E_0004030,2.6912104161
CtrSVDD_0047_E_0004031,-3.3183711251
CtrSVDD_0000_E_0004032,0.2314269052
CtrSVDD_0001_E_0004033,-3.5015835723
CtrSVDD_0002_E_0004034,-1.0289118041
CtrSVDD_0003_E_0004035,-1.7978516807
CtrSVDD_0004_E_0004036,-2.6968740995
CtrSVDD_0005_E_0004037,-4.9955997989
CtrSVDD_0006_E_0004038,-1.1034409776
CtrSVDD_0007_E_0004039,1.7784204807
CtrSVDD_0008_E_0004040,-1.5253165550
CtrSVDD_0009_E_0004041,-1.9398741524
CtrSVDD_0010_E_0004042,-3.0575240919
CtrSVDD_0011_E_0004043,0.6562059672
CtrSVDD_0012_E_0004044,-3.4293280328
CtrSVDD_0013_E_0004045,-3.1699214607
CtrSVDD_0014_E_0004046,-2.4409035529
CtrSVDD_0015_E_0004047,-4.1331393426
CtrSVDD_0016_E_0004048,-0.9269490972
CtrSVDD_0017_E_0004049,-4.0915918668
CtrSVDD_0018_E_0004050,-2.1584337705
CtrSVDD_0019_E_0004051,-5.2715612608
CtrSVDD_0020_E_0004052,-3.4835982544
CtrSVDD_0021_E_0004053,-4.5902544341
CtrSVDD_0022_E_0004054,-3.7757457961
CtrSVDD_0023_E_0004055,-5.1188090776
CtrSVDD_0024_E_0004056,-0.4551580530
CtrSVDD_0025_E_0004057,-4.1563977101
CtrSVDD_0026_E_0004058,-0.8318120155
CtrSVDD_0027_E_0004059,-3.1761690811
CtrSVDD_0028_E_0004060,-2.4358178807
CtrSVDD_0029_E_0004061,-3.2654821573
CtrSVDD_0030_E_0004062,0.7754766874
CtrSVDD_0031_E_0004063,-0.5618492257
CtrSVDD_0032_E_0004064,0.7492890010
CtrSVDD_0033_E_0004065,-4.2268647910
CtrSVDD_0034_E_0004066,-1.2998908171
CtrSVDD_0035_E_0004067,-2.1775394971
CtrSVDD_0036_E_0004068,-3.9693740019
CtrSVDD_0037_E_0004069,-1.1934303035
CtrSVDD_0038_E_0004070,-4.2807769586
CtrSVDD_0039_E_0004071,-3.7846668936
CtrSVDD_0040_E_0004072,-4.3642458413
CtrSVDD_0041_E_0004073,-3.3674340905
CtrSVDD_0042_E_0004074,-3.7994994196
CtrSVDD_0043_E_0004075,-4.3819132583
CtrSVDD_0044_E_0004076,-2.8146398740
CtrSVDD_0045_E_0004077,-4.3635227160
CtrSVDD_0046_E_0004078,-1.1196923401
CtrSVDD_0047_E_0004079,-2.1477076923
CtrSVDD_0000_E_0004080,-0.2035211983
CtrSVDD_0001_E_0004081,-2.7138416032
CtrSVDD_0002_E_0004082,-0.5733521972
CtrSVDD_0003_E_0004083,-2.8852040034
CtrSVDD_0004_E_0004084,0.3932002772
CtrSVDD_0005_E_0004085,-3.1939328185
CtrSVDD_0006_E_0004086,-4.0319809127
CtrSVDD_0007_E_0004087,-2.2837333753
CtrSVDD_0008_E_0004088,-3.8258640360
CtrSVDD_0009_E_0004089,-4.7626463767
CtrSVDD_0010_E_0004090,2.4883199322
CtrSVDD_0011_E_0004091,-5.1323165857
CtrSVDD_0012_E_0004092,-2.7526429370
CtrSVDD_0013_E_0004093,-0.3400525366
CtrSVDD_0014_E_0004094,-4.7500560806
CtrSVDD_0015_E_0004095,-4.3776506504
CtrSVDD_0016_E_0004096,-2.6486209555
CtrSVDD_0017_E_0004097,-1.4310132630
CtrSVDD_0018_E_0004098,1.5700950206
CtrSVDD_0019_E_0004099,-1.4561830564
CtrSVDD_0020_E_0004100,-3.2388949106
CtrSVDD_0021_E_0004101,-1.3386015142
CtrSVDD_0022_E_0004102,-4.8147102705
CtrSVDD_0023_E_0004103,-3.5900122540
CtrSVDD_0024_E_0004104,-4.0920277453
CtrSVDD_0025_E_0004105,-3.3198558310
CtrSVDD_0026_E_0004106,-1.9472245714
CtrSVDD_0027_E_0004107,-2.1726064240
CtrSVDD_0028_E_0004108,-3.2315286618
CtrSVDD_0029_E_0004109,-2.8388531498
CtrSVDD_0030_E_0004110,1.4086080187
CtrSVDD_0031_E_0004111,-1.8071912641
CtrSVDD_0032_E_0004112,-0.1921097344
CtrSVDD_0033_E_0004113,-1.3415230728
CtrSVDD_0034_E_0004114,-1.2742722027
CtrSVDD_0035_E_0004115,-0.3966424051
CtrSVDD_0036_E_0004116,-4.1057088758
CtrSVDD_0037_E_0004117,-5.1365040966
CtrSVDD_0038_E_0004118,-4.5828923742
CtrSVDD_0039_E_0004119,-3.8154719096
CtrSVDD_0040_E_0004120,-3.2929219820
CtrSVDD_0041_E_0004121,-2.3684650415
CtrSVDD_0042_E_0004122,-2.2896426823
CtrSVDD_0043_E_0004123,-4.0136381374
CtrSVDD_0044_E_0004124,-0.6232532732
CtrSVDD_0045_E_0004125,-0.1638787766
CtrSVDD_0046_E_0004126,-0.4769881839
CtrSVDD_0047_E_0004127,-2.9494725991
CtrSVDD_0000_E_0004128,-3.7155281289
CtrSVDD_0001_E_0004129,-3.9511028555
CtrSVDD_0002_E_0004130,-4.1964893127
CtrSVDD_0003_E_0004131,-0.4045260948
CtrSVDD_0004_E_0004132,-4.4077329583
CtrSVDD_0005_E_0004133,-1.8148443638
CtrSVDD_0006_E_0004134,-3.0186527938
CtrSVDD_0007_E_0004135,-3.5012141586
CtrSVDD_0008_E_0004136,0.0160867570
CtrSVDD_0009_E_0004137,-4.2993141172
CtrSVDD_0010_E_0004138,-0.4427810558
CtrSVDD_0011_E_0004139,-4.0796939273
CtrSVDD_0012_E_0004140,-3.3521720258
CtrSVDD_0013_E_0004141,0.5750016537
CtrSVDD_0014_E_0004142,-4.2007966419
CtrSVDD_0015_E_0004143,-3.6973065864
CtrSVDD_0016_E_0004144,-4.2545036121
CtrSVDD_0017_E_0004145,-3.1744255583
CtrSVDD_0018_E_0004146,-4.0636842499
CtrSVDD_0019_E_0004147,-2.6079031442
CtrSVDD_0020_E_0004148,-2.3779794774
CtrSVDD_0021_E_0004149,-2.5856954140
CtrSVDD_0022_E_0004150,-1.8866378338
CtrSVDD_0023_E_0004151,-0.5305249445
CtrSVDD_0024_E_0004152,-3.2611092729
CtrSVDD_0025_E_0004153,-2.5049575364
CtrSVDD_0026_E_0004154,-3.5114788822
CtrSVDD_0027_E_0004155,-3.6135981002
CtrSVDD_0028_E_0004156,-4.4872331028
CtrSVDD_0029_E_0004157,-2.5617160413
CtrSVDD_0030_E_0004158,-5.6457301305
CtrSVDD_0031_E_0004159,-3.5284865566
CtrSVDD_0032_E_0004160,-4.3933245730
CtrSVDD_0033_E_0004161,-2.7520806737
CtrSVDD_0034_E_0004162,-2.6367465081
CtrSVDD_0035_E_0004163,-5.0228923411
CtrSVDD_0036_E_0004164,-6.1408962592
CtrSVDD_0037_E_0004165,-3.1182828004
CtrSVDD_0038_E_0004166,-2.0094277879
CtrSVDD_0039_E_0004167,-4.4507690782
CtrSVDD_0040_E_0004168,-0.0132888781
CtrSVDD_0041_E_0004169,-3.6700299558
CtrSVDD_0042_E_0004170,-4.2593841978
CtrSVDD_0043_E_0004171,-4.9384618109
CtrSVDD_0044_E_0004172,-4.3301002170
CtrSVDD_0045_E_0004173,-4.2510478498
CtrSVDD_0046_E_0004174,-3.4437028555
CtrSVDD_0047_E_0004175,-3.0709597453
CtrSVDD_0000_E_0004176,-0.9486994764
CtrSVDD_0001_E_0004177,-4.0562560720
CtrSVDD_0002_E_0004178,-2.7279596447
CtrSVDD_0003_E_0004179,-4.0451743399
CtrSVDD_0004_E_0004180,0.0230820531
CtrSVDD_0005_E_0004181,-5.9340365875
CtrSVDD_0006_E_0004182,0.4975198924
CtrSVDD_0007_E_0004183,-2.4752366575
CtrSVDD_0008_E_0004184,-3.2961105184
CtrSVDD_0009_E_0004185,-3.4580464545
CtrSVDD_0010_E_0004186,-3.2016127367
CtrSVDD_0011_E_0004187,-3.4032402383
CtrSVDD_0012_E_0004188,-1.4448880074
CtrSVDD_0013_E_0004189,1.4631907961
CtrSVDD_0014_E_0004190,-0.8986077914
CtrSVDD_0015_E_0004191,-3.5225058716
CtrSVDD_0016_E_0004192,-0.5903675384
CtrSVDD_0017_E_0004193,-1.9215181990
CtrSVDD_0018_E_0004194,-4.1815730070
CtrSVDD_0019_E_0004195,-4.5269608583
CtrSVDD_0020_E_0004196,-3.6169023466
CtrSVDD_0021_E_0004197,0.1934623919
CtrSVDD_0022_E_0004198,-3.2516165648
CtrSVDD_0023_E_0004199,-0.6083298156
CtrSVDD_0024_E_0004200,-3.8340984970
CtrSVDD_0025_E_0004201,-4.4819733473
CtrSVDD_0026_E_0004202,-0.3660874329
CtrSVDD_0027_E_0004203,-2.2466838577
CtrSVDD_0028_E_0004204,0.3400915402
CtrSVDD_0029_E_0004205,-3.3436265071
CtrSVDD_0030_E_0004206,0.1849903467
CtrSVDD_0031_E_0004207,0.0945589226
CtrSVDD_0032_E_0004208,-0.1963860225
CtrSVDD_0033_E_0004209,-4.3198339927
CtrSVDD_0034_E_0004210,-4.3181588886
CtrSVDD_0035_E_0004211,-4.1114054138
CtrSVDD_0036_E_0004212,-3.6294415130
CtrSVDD_0037_E_0004213,-3.1011860526
CtrSVDD_0038_E_0004214,-0.0106138007
CtrSVDD_0039_E_0004215,-2.4146112208
CtrSVDD_0040_E_0004216,-3.8375030880
CtrSVDD_0041_E_0004217,0.8474158143
CtrSVDD_0042_E_0004218,-2.4590119385
CtrSVDD_0043_E_0004219,-2.9660074877
CtrSVDD_0044_E_0004220,-5.5017241058
CtrSVDD_0045_E_0004221,-4.3301751511
CtrSVDD_0046_E_0004222,-3.7642283633
CtrSVDD_0047_E_0004223,-2.7536145716
CtrSVDD_0000_E_0004224,-3.1220929379
CtrSVDD_0001_E_0004225,-3.5657145251
CtrSVDD_0002_E_0004226,-1.6956059091
CtrSVDD_0003_E_0004227,-1.8805303144
CtrSVDD_0004_E_0004228,-4.6802259443
CtrSVDD_0005_E_0004229,-4.1072314045
CtrSVDD_0006_E_0004230,-3.3057324342
CtrSVDD_0007_E_0004231,-0.0011383465
CtrSVDD_0008_E_0004232,-3.3551783899
CtrSVDD_0009_E_0004233,-2.6970822143
CtrSVDD_0010_E_0004234,-2.0598344447
CtrSVDD_0011_E_0004235,-1.5618036303
CtrSVDD_0012_E_0004236,-2.8691112131
CtrSVDD_0013_E_0004237,-0.4964524505
CtrSVDD_0014_E_0004238,-0.0749051505
CtrSVDD_0015_E_0004239,-4.1778098406
CtrSVDD_0016_E_0004240,-2.0767995563
CtrSVDD_0017_E_0004241,-0.2650141848
CtrSVDD_0018_E_0004242,-2.2314283166
CtrSVDD_0019_E_0004243,-0.3017602678
CtrSVDD_0020_E_0004244,-4.7165316795
CtrSVDD_0021_E_0004245,-3.8744120927
CtrSVDD_0022_E_0004246,0.3125215237
CtrSVDD_0023_E_0004247,-3.0096812845
CtrSVDD_0024_E_0004248,-3.8684188293
CtrSVDD_0025_E_0004249,-4.7014487392
CtrSVDD_0026_E_0004250,-4.8671320332
CtrSVDD_0027_E_0004251,-3.0729274086
CtrSVDD_0028_E_0004252,-0.7231044431
CtrSVDD_0029_E_0004253,-0.9290925809
CtrSVDD_0030_E_0004254,-1.8782900988
CtrSVDD_0031_E_0004255,-5.2309510374
CtrSVDD_0032_E_0004256,-2.9752456514
CtrSVDD_0033_E_0004257,-2.2093739155
CtrSVDD_0034_E_0004258,-4.8454912036
CtrSVDD_0035_E_0004259,-1.1539086204
CtrSVDD_0036_E_0004260,-3.1899899250
CtrSVDD_0037_E_0004261,0.9326427283
CtrSVDD_0038_E_0004262,-3.2569864327
CtrSVDD_0039_E_0004263,-4.6353283005
CtrSVDD_0040_E_0004264,-1.8556679535
CtrSVDD_0041_E_0004265,-5.4311492889
CtrSVDD_0042_E_0004266,-3.3779204032
CtrSVDD_0043_E_0004267,-1.6711323364
CtrSVDD_0044_E_0004268,-6.1006537418
CtrSVDD_0045_E_0004269,-5.1077709573
CtrSVDD_0046_E_0004270,-4.0752974443
CtrSVDD_0047_E_0004271,-3.0692816981
CtrSVDD_0000_E_0004272,-3.2905995145
CtrSVDD_0001_E_0004273,0.1821452351
CtrSVDD_0002_E_0004274,-3.0244228950
CtrSVDD_0003_E_0004275,-0.7433380140
CtrSVDD_0004_E_0004276,-1.3533571778
CtrSVDD_0005_E_0004277,-4.0753567084
CtrSVDD_0006_E_0004278,-1.5028158686
CtrSVDD_0007_E_0004279,-2.8201236694
CtrSVDD_0008_E_0004280,0.2364828216
CtrSVDD_0009_E_0004281,-5.3338489693
CtrSVDD_0010_E_0004282,-3.2266537745
CtrSVDD_0011_E_0004283,-3.8117953799
CtrSVDD_0012_E_0004284,-4.7328389625
CtrSVDD_0013_E_0004285,-3.4404660502
CtrSVDD_0014_E_0004286,-3.9956782210
CtrSVDD_0015_E_0004287,-2.9458640163
CtrSVDD_0016_E_0004288,0.1712268557
CtrSVDD_0017_E_0004289,-2.9890633728
CtrSVDD_0018_E_0004290,-4.5262734586
CtrSVDD_0019_E_0004291,-4.1315864829
CtrSVDD_0020_E_0004292,-3.1111090782
CtrSVDD_0021_E_0004293,-2.6884242235
CtrSVDD_0022_E_0004294,-3.6971769371
CtrSVDD_0023_E_0004295,-4.2546227944
CtrSVDD_0024_E_0004296,-4.8493429237
CtrSVDD_0025_E_0004297,-3.0926294222
CtrSVDD_0026_E_0004298,-3.1281469177
CtrSVDD_0027_E_0004299,-0.4004274145
CtrSVDD_0028_E_0004300,-4.6496634722
CtrSVDD_0029_E_0004301,-3.3974241557
CtrSVDD_0030_E_0004302,-3.6844407247
CtrSVDD_0031_E_0004303,-2.7198702630
CtrSVDD_0032_E_0004304,0.3261985945
CtrSVDD_0033_E_0004305,-4.0193238681
CtrSVDD_0034_E_0004306,-0.4928369639
CtrSVDD_0035_E_0004307,-2.1522233983
CtrSVDD_0036_E_0004308,-2.3357425682
CtrSVDD_0037_E_0004309,-4.8914132753
CtrSVDD_0038_E_0004310,-1.9686586229
CtrSVDD_0039_E_0004311,-2.3748316870
CtrSVDD_0040_E_0004312,-0.6771261906
CtrSVDD_0041_E_0004313,-4.7725161051
CtrSVDD_0042_E_0004314,-4.2555079642
CtrSVDD_0043_E_0004315,0.2439334751
CtrSVDD_0044_E_0004316,0.8177421023
CtrSVDD_0045_E_0004317,-3.9032952094
CtrSVDD_0046_E_0004318,-4.2361708419
CtrSVDD_0047_E_0004319,-3.8580388106
CtrSVDD_0000_E_0004320,-4.3245932904
CtrSVDD_0001_E_0004321,-3.2679300934
CtrSVDD_0002_E_0004322,-1.4672829233
CtrSVDD_0003_E_0004323,-3.6282064838
CtrSVDD_0004_E_0004324,-2.2137868806
CtrSVDD_0005_E_0004325,-2.8248158041
CtrSVDD_0006_E_0004326,-2.8706974911
CtrSVDD_0007_E_0004327,-2.8291648959
CtrSVDD_0008_E_0004328,-3.6838487536
CtrSVDD_0009_E_0004329,-3.9937292096
CtrSVDD_0010_E_0004330,-2.7392430543
CtrSVDD_0011_E_0004331,-2.9668430856
CtrSVDD_0012_E_0004332,0.4320066126
CtrSVDD_0013_E_0004333,-4.2571510656
CtrSVDD_0014_E_0004334,-2.0779588351
CtrSVDD_0015_E_0004335,-6.5280875103
CtrSVDD_0016_E_0004336,-3.9397900623
CtrSVDD_0017_E_0004337,-3.4629896250
CtrSVDD_0018_E_0004338,-4.9880821123
CtrSVDD_0019_E_0004339,-0.6218504967
CtrSVDD_0020_E_0004340,-4.0256349265
CtrSVDD_0021_E_0004341,-1.6390625430
CtrSVDD_0022_E_0004342,-4.5208994890
CtrSVDD_0023_E_0004343,-2.5851887476
CtrSVDD_0024_E_0004344,-2.3006168345
CtrSVDD_0025_E_0004345,-3.0216376144
CtrSVDD_0026_E_0004346,-2.2920381380
CtrSVDD_0027_E_0004347,-2.9387247621
CtrSVDD_0028_E_0004348,-3.3991013256
CtrSVDD_0029_E_0004349,-2.6647597329
CtrSVDD_0030_E_0004350,-3.6191784962
CtrSVDD_0031_E_0004351,-6.3949405856
CtrSVDD_0032_E_0004352,-2.3334078849
CtrSVDD_0033_E_0004353,-2.1151446863
CtrSVDD_0034_E_0004354,-5.3329219015
CtrSVDD_0035_E_0004355,-3.2625062691
CtrSVDD_0036_E_0004356,-3.2357500725
CtrSVDD_0037_E_0004357,-0.9803876709
CtrSVDD_0038_E_0004358,-2.9775472068
CtrSVDD_0039_E_0004359,-3.3299250270
CtrSVDD_0040_E_0004360,-1.8472576216
CtrSVDD_0041_E_0004361,-3.0276395342
CtrSVDD_0042_E_0004362,-3.9115127562
CtrSVDD_0043_E_0004363,-5.4672373152
CtrSVDD_0044_E_0004364,-4.2152313122
CtrSVDD_0045_E_0004365,-3.1170506848
CtrSVDD_0046_E_0004366,-1.2313500657
CtrSVDD_0047_E_0004367,-3.8426741304
CtrSVDD_0000_E_0004368,-1.5969782399
CtrSVDD_0001_E_0004369,-5.3183000801
CtrSVDD_0002_E_0004370,-2.9463136930
CtrSVDD_0003_E_0004371,-3.7104959930
CtrSVDD_0004_E_0004372,-4.1275039266
CtrSVDD_0005_E_0004373,-4.4566370312
CtrSVDD_0006_E_0004374,-3.9317458939
CtrSVDD_0007_E_0004375,-2.8436115033
CtrSVDD_0008_E_0004376,-4.2881200352
CtrSVDD_0009_E_0004377,-2.9424955509
CtrSVDD_0010_E_0004378,-1.7447561892
CtrSVDD_0011_E_0004379,-0.4289374437
CtrSVDD_0012_E_0004380,0.0692954288
CtrSVDD_0013_E_0004381,-3.0272167780
CtrSVDD_0014_E_0004382,-6.1929127941
CtrSVDD_0015_E_0004383,-2.5778986913
CtrSVDD_0016_E_0004384,-1.9567047803
CtrSVDD_0017_E_0004385,-3.3912902509
CtrSVDD_0018_E_0004386,-1.5318557475
CtrSVDD_0019_E_0004387,-4.1163770418
CtrSVDD_0020_E_0004388,-3.9606310658
CtrSVDD_0021_E_0004389,-3.4489261816
CtrSVDD_0022_E_0004390,-0.4958819829
CtrSVDD_0023_E_0004391,-0.6049670462
CtrSVDD_0024_E_0004392,-3.4427691294
CtrSVDD_0025_E_0004393,-4.9146385778
CtrSVDD_0026_E_0004394,-3.9271378488
CtrSVDD_0027_E_0004395,0.2068967202
CtrSVDD_0028_E_0004396,-3.7856469500
CtrSVDD_0029_E_0004397,-3.4316907601
CtrSVDD_0030_E_0004398,-4.4935896905
CtrSVDD_0031_E_0004399,-3.5309887903
CtrSVDD_0032_E_0004400,1.3331649506
CtrSVDD_0033_E_0004401,-3.1182723526
CtrSVDD_0034_E_0004402,1.1905004250
CtrSVDD_0035_E_0004403,-4.3646675720
CtrSVDD_0036_E_0004404,-5.3295394059
CtrSVDD_0037_E_0004405,-0.4536071489
CtrSVDD_0038_E_0004406,-2.9480795178
CtrSVDD_0039_E_0004407,-2.6591732885
CtrSVDD_0040_E_0004408,-4.1051541778
CtrSVDD_0041_E_0004409,-1.7620853920
CtrSVDD_0042_E_0004410,-0.8534403046
CtrSVDD_0043_E_0004411,-3.6236288498
CtrSVDD_0044_E_0004412,-3.7490367180
CtrSVDD_0045_E_0004413,-3.5015789734
CtrSVDD_0046_E_0004414,-3.1637027769
CtrSVDD_0047_E_0004415,0.1269303366
CtrSVDD_0000_E_0004416,-3.3297798578
CtrSVDD_0001_E_0004417,0.7868637889
CtrSVDD_0002_E_0004418,-2.9705246449
CtrSVDD_0003_E_0004419,-3.4107173134
CtrSVDD_0004_E_0004420,-2.4767445692
CtrSVDD_0005_E_0004421,-2.1348581752
CtrSVDD_0006_E_0004422,1.9439844904
CtrSVDD_0007_E_0004423,2.0768933054
CtrSVDD_0008_E_0004424,-0.5006329560
CtrSVDD_0009_E_0004425,-3.1185358037
CtrSVDD_0010_E_0004426,-4.0350915688
CtrSVDD_0011_E_0004427,0.7830568137
CtrSVDD_0012_E_0004428,1.1328097144
CtrSVDD_0013_E_0004429,-3.1199538026
CtrSVDD_0014_E_0004430,-4.8755739291
CtrSVDD_0015_E_0004431,-3.2471669628
CtrSVDD_0016_E_0004432,-5.0033547160
CtrSVDD_0017_E_0004433,-3.4429673017
CtrSVDD_0018_E_0004434,-5.5137095191
CtrSVDD_0019_E_0004435,0.0017856993
CtrSVDD_0020_E_0004436,-1.7478343435
CtrSVDD_0021_E_0004437,-4.6060891550
CtrSVDD_0022_E_0004438,-2.5915935349
CtrSVDD_0023_E_0004439,-0.1537711546
CtrSVDD_0024_E_0004440,-0.0754423408
CtrSVDD_0025_E_0004441,-1.7851279340
CtrSVDD_0026_E_0004442,-4.4794711339
CtrSVDD_0027_E_0004443,-2.1037477235
CtrSVDD_0028_E_0004444,-3.9124530753
CtrSVDD_0029_E_0004445,0.3506584813
CtrSVDD_0030_E_0004446,-2.4713358873
CtrSVDD_0031_E_0004447,0.6316518419
CtrSVDD_0032_E_0004448,-1.1881758734
CtrSVDD_0033_E_0004449,-1.6700351144
CtrSVDD_0034_E_0004450,-3.5689788583
CtrSVDD_0035_E_0004451,-2.0330262263
CtrSVDD_0036_E_0004452,-3.6951295843
CtrSVDD_0037_E_0004453,-3.4745911627
CtrSVDD_0038_E_0004454,-3.5977622728
CtrSVDD_0039_E_0004455,-3.8944719957
CtrSVDD_0040_E_0004456,1.1252843155
CtrSVDD_0041_E_0004457,-4.0199161145
CtrSVDD_0042_E_0004458,-1.8130560630
CtrSVDD_0043_E_0004459,-3.3191864837
CtrSVDD_0044_E_0004460,-0.8684288148
CtrSVDD_0045_E_0004461,-3.3274176339
CtrSVDD_0046_E_0004462,-1.3296629317
CtrSVDD_0047_E_0004463,-4.6008138407
CtrSVDD_0000_E_0004464,-2.5144287579
CtrSVDD_0001_E_0004465,-2.8173808714
CtrSVDD_0002_E_0004466,-3.2448915124
CtrSVDD_0003_E_0004467,-2.9093895467
CtrSVDD_0004_E_0004468,-2.2452753335
CtrSVDD_0005_E_0004469,-1.1821021320
CtrSVDD_0006_E_0004470,-3.4346918285
CtrSVDD_0007_E_0004471,0.6667843191
CtrSVDD_0008_E_0004472,-0.7641892626
CtrSVDD_0009_E_0004473,-4.2705245724
CtrSVDD_0010_E_0004474,-2.8276353295
CtrSVDD_0011_E_0004475,-2.8138570689
CtrSVDD_0012_E_0004476,-2.4606105993
CtrSVDD_0013_E_0004477,1.4352085477
CtrSVDD_0014_E_0004478,-0.2249905740
CtrSVDD_0015_E_0004479,-2.3717311099
CtrSVDD_0016_E_0004480,-3.6169995037
CtrSVDD_0017_E_0004481,-4.2325022800
CtrSVDD_0018_E_0004482,-2.5406479778
CtrSVDD_0019_E_0004483,-3.2309197646
CtrSVDD_0020_E_0004484,-4.3679789792
CtrSVDD_0021_E_0004485,-2.6482222047
CtrSVDD_0022_E_0004486,-3.0037870317
CtrSVDD_0023_E_0004487,-3.7742584189
CtrSVDD_0024_E_0004488,0.9393638134
CtrSVDD_0025_E_0004489,-4.7789744587
CtrSVDD_0026_E_0004490,-4.3762784919
CtrSVDD_0027_E_0004491,-3.9747723692
CtrSVDD_0028_E_0004492,0.2534239473
CtrSVDD_0029_E_0004493,-3.8224265311
CtrSVDD_0030_E_0004494,0.9926852350
CtrSVDD_0031_E_0004495,-2.3553133363
CtrSVDD_0032_E_0004496,-3.6073082926
CtrSVDD_0033_E_0004497,0.3542096473
CtrSVDD_0034_E_0004498,-3.3989388109
CtrSVDD_0035_E_0004499,-3.9089880686
CtrSVDD_0036_E_0004500,-1.0483291936
CtrSVDD_0037_E_0004501,-4.9512037997
CtrSVDD_0038_E_0004502,-0.4397383791
CtrSVDD_0039_E_0004503,-2.3770868256
CtrSVDD_0040_E_0004504,-4.2054496412
CtrSVDD_0041_E_0004505,-3.2980142323
CtrSVDD_0042_E_0004506,-2.1651639110
CtrSVDD_0043_E_0004507,-3.0651909461
CtrSVDD_0044_E_0004508,1.4109175289
CtrSVDD_0045_E_0004509,-1.3947995554
CtrSVDD_0046_E_0004510,-3.2060632250
CtrSVDD_0047_E_0004511,-2.2290908303
CtrSVDD_0000_E_0004512,-2.5327196604
CtrSVDD_0001_E_0004513,-1.6086000695
CtrSVDD_0002_E_0004514,-3.2753451668
CtrSVDD_0003_E_0004515,-4.7530430825
CtrSVDD_0004_E_0004516,-2.5410849958
CtrSVDD_0005_E_0004517,0.5180080643
CtrSVDD_0006_E_0004518,-1.8614806052
CtrSVDD_0007_E_0004519,-1.8324804596
CtrSVDD_0008_E_0004520,-4.0525215684
CtrSVDD_0009_E_0004521,-3.3237260195
CtrSVDD_0010_E_0004522,-0.1058055829
CtrSVDD_0011_E_0004523,2.2516466494
CtrSVDD_0012_E_0004524,-1.0305295457
CtrSVDD_0013_E_0004525,1.1962863813
CtrSVDD_0014_E_0004526,-0.6247296143
CtrSVDD_0015_E_0004527,-3.6509651060
CtrSVDD_0016_E_0004528,1.0505583578
CtrSVDD_0017_E_0004529,-0.7333340773
CtrSVDD_0018_E_0004530,-3.8470090018
CtrSVDD_0019_E_0004531,-3.5057778332
CtrSVDD_0020_E_0004532,-0.4154943927
CtrSVDD_0021_E_0004533,-4.9917780978
CtrSVDD_0022_E_0004534,-3.8618391972
CtrSVDD_0023_E_0004535,-0.3641609888
CtrSVDD_0024_E_0004536,-3.4058007360
CtrSVDD_0025_E_0004537,-2.8899135643
CtrSVDD_0026_E_0004538,-4.3989729285
CtrSVDD_0027_E_0004539,-3.4663943366
CtrSVDD_0028_E_0004540,-2.5664478588
CtrSVDD_0029_E_0004541,-4.2347613775
CtrSVDD_0030_E_0004542,-4.5472820201
CtrSVDD_0031_E_0004543,1.4797091119
CtrSVDD_0032_E_0004544,-3.0679767773
CtrSVDD_0033_E_0004545,-3.6558690527
CtrSVDD_0034_E_0004546,-3.2412532713
CtrSVDD_0035_E_0004547,-4.8384263951
CtrSVDD_0036_E_0004548,-2.1479658351
CtrSVDD_0037_E_0004549,-1.4498238184
CtrSVDD_0038_E_0004550,-2.8336720105
CtrSVDD_0039_E_0004551,-1.4485418799
CtrSVDD_0040_E_0004552,-4.2356525873
CtrSVDD_0041_E_0004553,-2.3412470862
CtrSVDD_0042_E_0004554,-4.9058612267
CtrSVDD_0043_E_0004555,-3.6779873441
CtrSVDD_0044_E_0004556,-3.8239180974
CtrSVDD_0045_E_0004557,-2.8158622402
CtrSVDD_0046_E_0004558,-4.3659837383
CtrSVDD_0047_E_0004559,-3.2937901830
CtrSVDD_0000_E_0004560,-3.0679629880
CtrSVDD_0001_E_0004561,-4.0935459880
CtrSVDD_0002_E_0004562,-1.9972806717
CtrSVDD_0003_E_0004563,-4.5220419185
CtrSVDD_0004_E_0004564,-3.3860882325
CtrSVDD_0005_E_0004565,-4.5448326512
CtrSVDD_0006_E_0004566,1.0790321711
CtrSVDD_0007_E_0004567,-1.9628744241
CtrSVDD_0008_E_0004568,-2.4754101413
CtrSVDD_0009_E_0004569,-0.7682522261
CtrSVDD_0010_E_0004570,-4.3842567383
CtrSVDD_0011_E_0004571,0.6966064677
CtrSVDD_0012_E_0004572,-3.2090305311
CtrSVDD_0013_E_0004573,0.4228111722
CtrSVDD_0014_E_0004574,-4.0679065031
CtrSVDD_0015_E_0004575,-1.9925225935
CtrSVDD_0016_E_0004576,-2.8841226864
CtrSVDD_0017_E_0004577,-2.9745681728
CtrSVDD_0018_E_0004578,-0.0034969774
CtrSVDD_0019_E_0004579,-2.9055597638
CtrSVDD_0020_E_0004580,-1.9493953791
CtrSVDD_0021_E_0004581,-2.4924451845
CtrSVDD_0022_E_0004582,0.7849588792
CtrSVDD_0023_E_0004583,-2.3292832774
CtrSVDD_0024_E_0004584,0.5053952563
CtrSVDD_0025_E_0004585,-2.5723425166
CtrSVDD_0026_E_0004586,-0.5394123988
CtrSVDD_0027_E_0004587,-6.5636635322
CtrSVDD_0028_E_0004588,0.8099319508
CtrSVDD_0029_E_0004589,-0.9806581168
CtrSVDD_0030_E_0004590,-2.2964795795
CtrSVDD_0031_E_0004591,-4.5996015199
CtrSVDD_0032_E_0004592,-2.9601110236
CtrSVDD_0033_E_0004593,-4.6590914546
CtrSVDD_0034_E_0004594,-3.9494442822
CtrSVDD_0035_E_0004595,-3.4760931620
CtrSVDD_0036_E_0004596,-0.2092367911
CtrSVDD_0037_E_0004597,-3.0256966633
CtrSVDD_0038_E_0004598,-2.9180675956
CtrSVDD_0039_E_0004599,-1.0903544763
CtrSVDD_0040_E_0004600,-3.3877185647
CtrSVDD_0041_E_0004601,-2.4249387146
CtrSVDD_0042_E_0004602,-3.8582114835
CtrSVDD_0043_E_0004603,-5.8763426767
CtrSVDD_0044_E_0004604,-3.6395601716
CtrSVDD_0045_E_0004605,-4.2337774403
CtrSVDD_0046_E_0004606,-3.8577649226
CtrSVDD_0047_E_0004607,-1.8671445445
CtrSVDD_0000_E_0004608,-2.5933823694
CtrSVDD_0001_E_0004609,-1.9731629614
CtrSVDD_0002_E_0004610,-4.5994169784
CtrSVDD_0003_E_0004611,-3.1296420646
CtrSVDD_0004_E_0004612,-2.1195954258
CtrSVDD_0005_E_0004613,-1.9439844904
CtrSVDD_0006_E_0004614,-5.0373042273
CtrSVDD_0007_E_0004615,-1.9169625837
CtrSVDD_0008_E_0004616,-4.9754148622
CtrSVDD_0009_E_0004617,-2.7823366699
CtrSVDD_0010_E_0004618,-4.2087371448
CtrSVDD_0011_E_0004619,-0.9318131004
CtrSVDD_0012_E_0004620,-0.9781446024
CtrSVDD_0013_E_0004621,-2.8243321051
CtrSVDD_0014_E_0004622,-1.9348118138
CtrSVDD_0015_E_0004623,-1.8257107210
CtrSVDD_0016_E_0004624,-0.7450031402
CtrSVDD_0017_E_0004625,-2.2484987093
CtrSVDD_0018_E_0004626,0.0875359191
CtrSVDD_0019_E_0004627,-3.5921015101
CtrSVDD_0020_E_0004628,-4.8123912861
CtrSVDD_0021_E_0004629,-3.5389151882
CtrSVDD_0022_E_0004630,-4.2148131797
CtrSVDD_0023_E_0004631,-1.7813341050
CtrSVDD_0024_E_0004632,-3.8910302493
CtrSVDD_0025_E_0004633,-4.0815960365
CtrSVDD_0026_E_0004634,-3.7343442494
CtrSVDD_0027_E_0004635,-1.5786077964
CtrSVDD_0028_E_0004636,-1.6898032753
CtrSVDD_0029_E_0004637,-3.6499780551
CtrSVDD_0030_E_0004638,-5.0420678257
CtrSVDD_0031_E_0004639,-2.0172225351
CtrSVDD_0032_E_0004640,-3.3795561420
CtrSVDD_0033_E_0004641,-1.8539999395
CtrSVDD_0034_E_0004642,-0.2382212483
CtrSVDD_0035_E_0004643,-1.7784204807
CtrSVDD_0036_E_0004644,-3.4943637241
CtrSVDD_0037_E_0004645,-4.5119789358
CtrSVDD_0038_E_0004646,-0.6318478988
CtrSVDD_0039_E_0004647,-3.2638239053
CtrSVDD_0040_E_0004648,-0.7181638739
CtrSVDD_0041_E_0004649,-3.0351206760
CtrSVDD_0042_E_0004650,-3.8819964743
CtrSVDD_0043_E_0004651,-4.3598487086
CtrSVDD_0044_E_0004652,-5.4011212764
CtrSVDD_0045_E_0004653,-2.5152734045
CtrSVDD_0046_E_0004654,1.3219034213
CtrSVDD_0047_E_0004655,3.4102301795
CtrSVDD_0000_E_0004656,0.8958434492
CtrSVDD_0001_E_0004657,-2.2901345338
CtrSVDD_0002_E_0004658,0.5731953290
CtrSVDD_0003_E_0004659,-2.8980612916
CtrSVDD_0004_E_0004660,-0.4117384595
CtrSVDD_0005_E_0004661,-0.7773675288
CtrSVDD_0006_E_0004662,-3.6589259490
CtrSVDD_0007_E_0004663,1.4158888988
CtrSVDD_0008_E_0004664,-4.3433644938
CtrSVDD_0009_E_0004665,-2.0576778574
CtrSVDD_0010_E_0004666,-3.4900522519
CtrSVDD_0011_E_0004667,0.0372296373
CtrSVDD_0012_E_0004668,-4.2465828751
CtrSVDD_0013_E_0004669,-4.3277016716
CtrSVDD_0014_E_0004670,-3.7638421866
CtrSVDD_0015_E_0004671,-5.2894985189
CtrSVDD_0016_E_0004672,-1.9947523159
CtrSVDD_0017_E_0004673,-4.5393890271
CtrSVDD_0018_E_0004674,-3.6514885149
CtrSVDD_0019_E_0004675,-1.7602725837
CtrSVDD_0020_E_0004676,-2.5172263830
CtrSVDD_0021_E_0004677,1.7878416882
CtrSVDD_0022_E_0004678,-2.4189045567
CtrSVDD_0023_E_0004679,-4.5883915694
CtrSVDD_0024_E_0004680,-4.2139156645
CtrSVDD_0025_E_0004681,-2.8883259031
CtrSVDD_0026_E_0004682,-2.0933661510
CtrSVDD_0027_E_0004683,-3.2482448245
CtrSVDD_0028_E_0004684,-3.6034216597
CtrSVDD_0029_E_0004685,-2.7635495221
CtrSVDD_0030_E_0004686,-3.2431779711
CtrSVDD_0031_E_0004687,-2.9934632790
CtrSVDD_0032_E_0004688,-4.2905605070
CtrSVDD_0033_E_0004689,-0.5694004684
CtrSVDD_0034_E_0004690,-4.1647355017
CtrSVDD_0035_E_0004691,-3.5848632743
CtrSVDD_0036_E_0004692,-3.3257956730
CtrSVDD_0037_E_0004693,-0.9253274155
CtrSVDD_0038_E_0004694,-5.5553250446
CtrSVDD_0039_E_0004695,-4.6825643955
CtrSVDD_0040_E_0004696,-4.8415869103
CtrSVDD_0041_E_0004697,-2.5068564296
CtrSVDD_0042_E_0004698,-4.2514527860
CtrSVDD_0043_E_0004699,-5.0007632296
CtrSVDD_0044_E_0004700,-4.1543214953
CtrSVDD_0045_E_0004701,-3.7399992729
CtrSVDD_0046_E_0004702,-0.4458688780
CtrSVDD_0047_E_0004703,-3.7222558555
CtrSVDD_0000_E_0004704,-3.2929869343
CtrSVDD_0001_E_0004705,-4.8942851257
CtrSVDD_0002_E_0004706,-3.6484671900
CtrSVDD_0003_E_0004707,-4.0981035076
CtrSVDD_0004_E_0004708,-2.4253696572
CtrSVDD_0005_E_0004709,-0.5233918958
CtrSVDD_0006_E_0004710,-5.2543652455
CtrSVDD_0007_E_0004711,-3.3570129869
CtrSVDD_0008_E_0004712,-2.3513556841
CtrSVDD_0009_E_0004713,-3.3427453719
CtrSVDD_0010_E_0004714,-3.6984385689
CtrSVDD_0011_E_0004715,-4.2693406703
CtrSVDD_0012_E_0004716,-0.4567100527
CtrSVDD_0013_E_0004717,-2.9978089729
CtrSVDD_0014_E_0004718,-0.8022073322
CtrSVDD_0015_E_0004719,-2.9936591206
CtrSVDD_0016_E_0004720,-2.7232356234
CtrSVDD_0017_E_0004721,-4.3383429804
CtrSVDD_0018_E_0004722,-3.1106112839
CtrSVDD_0019_E_0004723,-3.4184980380
CtrSVDD_0020_E_0004724,-2.3313994137
CtrSVDD_0021_E_0004725,-0.5309923114
CtrSVDD_0022_E_0004726,-2.4756568133
CtrSVDD_0023_E_0004727,-3.9389221656
CtrSVDD_0024_E_0004728,0.4197539913
CtrSVDD_0025_E_0004729,-5.9360342317
CtrSVDD_0026_E_0004730,-4.9582306939
CtrSVDD_0027_E_0004731,-2.4038967920
CtrSVDD_0028_E_0004732,-4.0287748231
CtrSVDD_0029_E_0004733,-1.3381304064
CtrSVDD_0030_E_0004734,-0.6116994783
CtrSVDD_0031_E_0004735,0.1086192847
CtrSVDD_0032_E_0004736,-3.0754122673
CtrSVDD_0033_E_0004737,-0.6613770568
CtrSVDD_0034_E_0004738,-3.7493824982
CtrSVDD_0035_E_0004739,-4.9304454596
CtrSVDD_0036_E_0004740,-3.5262842985
CtrSVDD_0037_E_0004741,-3.7820119615
CtrSVDD_0038_E_0004742,-0.0482769358
CtrSVDD_0039_E_0004743,-1.7233072044
CtrSVDD_0040_E_0004744,0.5685276866
CtrSVDD_0041_E_0004745,0.0202838183
CtrSVDD_0042_E_0004746,-3.3644557268
CtrSVDD_0043_E_0004747,-1.8356760726
CtrSVDD_0044_E_0004748,-2.7679379022
CtrSVDD_0045_E_0004749,-3.7181194420
CtrSVDD_0046_E_0004750,-3.2833525402
CtrSVDD_0047_E_0004751,-1.2976422649
CtrSVDD_0000_E_0004752,-3.5721488667
CtrSVDD_0001_E_0004753,-4.8972871074
CtrSVDD_0002_E_0004754,-1.0614081289
CtrSVDD_0003_E_0004755,-2.7568118146
CtrSVDD_0004_E_0004756,0.2178230759
CtrSVDD_0005_E_0004757,2.5555281466
CtrSVDD_0006_E_0004758,-3.5463654590
CtrSVDD_0007_E_0004759,-4.4575145680
CtrSVDD_0008_E_0004760,-0.8635363762
CtrSVDD_0009_E_0004761,-3.9627923921
CtrSVDD_0010_E_0004762,-3.3446620143
CtrSVDD_0011_E_0004763,1.6903562409
CtrSVDD_0012_E_0004764,-3.2204596137
CtrSVDD_0013_E_0004765,-4.9132819357
CtrSVDD_0014_E_0004766,-3.8188463530
CtrSVDD_0015_E_0004767,-5.1305679696
CtrSVDD_0016_E_0004768,-0.2063781519
CtrSVDD_0017_E_0004769,-2.5961646660
CtrSVDD_0018_E_0004770,-4.4697573295
CtrSVDD_0019_E_0004771,-2.8357387117
CtrSVDD_0020_E_0004772,-2.6789995798
CtrSVDD_0021_E_0004773,-0.8314986965
CtrSVDD_0022_E_0004774,-3.7977494406
CtrSVDD_0023_E_0004775,-4.2136657865
CtrSVDD_0024_E_0004776,0.9588950729
CtrSVDD_0025_E_0004777,-4.4843051206
CtrSVDD_0026_E_0004778,-4.4318564259
CtrSVDD_0027_E_0004779,-3.8962900047
CtrSVDD_0028_E_0004780,-0.3618724467
CtrSVDD_0029_E_0004781,-3.7459722583
CtrSVDD_0030_E_0004782,-6.2390939402
CtrSVDD_0031_E_0004783,-3.2690327379
CtrSVDD_0032_E_0004784,-3.7358323232
CtrSVDD_0033_E_0004785,-2.7408510791
CtrSVDD_0034_E_0004786,-3.2446639211
CtrSVDD_0035_E_0004787,-4.0773935833
CtrSVDD_0036_E_0004788,-2.3434071289
CtrSVDD_0037_E_0004789,-3.8895923513
CtrSVDD_0038_E_0004790,-2.8015057732
CtrSVDD_0039_E_0004791,-4.3481806307
CtrSVDD_0040_E_0004792,-0.0987749424
CtrSVDD_0041_E_0004793,-1.5018548148
CtrSVDD_0042_E_0004794,-5.2813193120
CtrSVDD_0043_E_0004795,-5.0957269366
CtrSVDD_0044_E_0004796,-5.2473354983
CtrSVDD_0045_E_0004797,-1.2492959649
CtrSVDD_0046_E_0004798,-3.5546947606
CtrSVDD_0047_E_0004799,-4.8665614479
CtrSVDD_0000_E_0004800,-4.3259683766
CtrSVDD_0001_E_0004801,0.8314986965
CtrSVDD_0002_E_0004802,-2.5918558086
CtrSVDD_0003_E_0004803,-3.3030941219
CtrSVDD_0004_E_0004804,-3.8455259134
CtrSVDD_0005_E_0004805,-4.6135456004
CtrSVDD_0006_E_0004806,-2.1161560538
CtrSVDD_0007_E_0004807,-0.4676051739
CtrSVDD_0008_E_0004808,-0.8602731459
CtrSVDD_0009_E_0004809,-3.6475350273
CtrSVDD_0010_E_0004810,-4.4363351499
CtrSVDD_0011_E_0004811,-1.1912836980
CtrSVDD_0012_E_0004812,-4.0380076220
CtrSVDD_0013_E_0004813,-1.8538892111
CtrSVDD_0014_E_0004814,-2.0507213811
CtrSVDD_0015_E_0004815,-3.0390497761
CtrSVDD_0016_E_0004816,0.3459867419
CtrSVDD_0017_E_0004817,-4.1919943877
CtrSVDD_0018_E_0004818,0.8527282741
CtrSVDD_0019_E_0004819,-0.3593693587
CtrSVDD_0020_E_0004820,-3.5468812114
CtrSVDD_0021_E_0004821,-5.6246059679
CtrSVDD_0022_E_0004822,-4.2419628338
CtrSVDD_0023_E_0004823,-4.9404233049
CtrSVDD_0024_E_0004824,-0.0031898739
CtrSVDD_0025_E_0004825,0.5979455124
CtrSVDD_0026_E_0004826,-4.4682349051
CtrSVDD_0027_E_0004827,-1.5162717973
CtrSVDD_0028_E_0004828,-3.3883767194
CtrSVDD_0029_E_0004829,0.4695769233
CtrSVDD_0030_E_0004830,-5.4585969616
CtrSVDD_0031_E_0004831,-3.4208507912
CtrSVDD_0032_E_0004832,-0.2711327136
CtrSVDD_0033_E_0004833,-4.8603829610
CtrSVDD_0034_E_0004834,-4.1538402016
CtrSVDD_0035_E_0004835,-1.1001934696
CtrSVDD_0036_E_0004836,-2.9976404919
CtrSVDD_0037_E_0004837,0.2579652618
CtrSVDD_0038_E_0004838,-3.5418958972
CtrSVDD_0039_E_0004839,-1.6305612783
CtrSVDD_0040_E_0004840,-3.5239084082
CtrSVDD_0041_E_0004841,-3.6318200200
CtrSVDD_0042_E_0004842,-1.7716607253
CtrSVDD_0043_E_0004843,-2.8234391345
CtrSVDD_0044_E_0004844,-0.8553758168
CtrSVDD_0045_E_0004845,-1.7035512565
CtrSVDD_0046_E_0004846,0.9889232358
CtrSVDD_0047_E_0004847,-5.2705192574
CtrSVDD_0000_E_0004848,-4.4313768521
CtrSVDD_0001_E_0004849,-1.7535458789
CtrSVDD_0002_E_0004850,-3.6022898849
CtrSVDD_0003_E_0004851,-3.5233752965
CtrSVDD_0004_E_0004852,-0.2235983346
CtrSVDD_0005_E_0004853,-0.3506183830
CtrSVDD_0006_E_0004854,-2.0052474779
CtrSVDD_0007_E_0004855,-0.4629291134
CtrSVDD_0008_E_0004856,-1.6743845505
CtrSVDD_0009_E_0004857,-3.6557609801
CtrSVDD_0010_E_0004858,-3.5807752352
CtrSVDD_0011_E_0004859,-2.7951451345
CtrSVDD_0012_E_0004860,-0.2506446328
CtrSVDD_0013_E_0004861,-3.7970062142
CtrSVDD_0014_E_0004862,-5.2755948720
CtrSVDD_0015_E_0004863,-3.6577400433
CtrSVDD_0016_E_0004864,-0.1258951905
CtrSVDD_0017_E_0004865,-3.3974776867
CtrSVDD_0018_E_0004866,0.5767010881
CtrSVDD_0019_E_0004867,-2.1232606483
CtrSVDD_0020_E_0004868,-3.5171350893
CtrSVDD_0021_E_0004869,0.7529983711
CtrSVDD_0022_E_0004870,0.5501434526
CtrSVDD_0023_E_0004871,-0.0374440676
CtrSVDD_0024_E_0004872,-1.7561535232
CtrSVDD_0025_E_0004873,-2.7334603467
CtrSVDD_0026_E_0004874,-5.4124731460
CtrSVDD_0027_E_0004875,1.7021477290
CtrSVDD_0028_E_0004876,-3.0257572849
CtrSVDD_0029_E_0004877,-2.0147459695
CtrSVDD_0030_E_0004878,-5.3649195340
CtrSVDD_0031_E_0004879,-1.6950659220
CtrSVDD_0032_E_0004880,-1.5450452490
CtrSVDD_0033_E_0004881,0.4990480477
CtrSVDD_0034_E_0004882,1.8281814675
CtrSVDD_0035_E_0004883,-3.6848580560
CtrSVDD_0036_E_0004884,-3.4297475670
CtrSVDD_0037_E_0004885,-4.7369039218
CtrSVDD_0038_E_0004886,-3.3944301521
CtrSVDD_0039_E_0004887,-1.3601666100
CtrSVDD_0040_E_0004888,-2.9960319540
CtrSVDD_0041_E_0004889,-3.5202537620
CtrSVDD_0042_E_0004890,-3.2654238389
CtrSVDD_0043_E_0004891,0.4958819829
CtrSVDD_0044_E_0004892,-2.6579533697
CtrSVDD_0045_E_0004893,-5.0065581593
CtrSVDD_0046_E_0004894,-4.5456865374
CtrSVDD_0047_E_0004895,-4.5409117376
CtrSVDD_0000_E_0004896,-1.3568315265
CtrSVDD_0001_E_0004897,-4.3820881978
CtrSVDD_0002_E_0004898,-1.4387450392
CtrSVDD_0003_E_0004899,0.8196978204
CtrSVDD_0004_E_0004900,-5.3671421908
CtrSVDD_0005_E_0004901,0.0300784789
CtrSVDD_0006_E_0004902,-4.7981957880
CtrSVDD_0007_E_0004903,-4.8116507844
CtrSVDD_0008_E_0004904,-1.5307799314
CtrSVDD_0009_E_0004905,-2.8122885313
CtrSVDD_0010_E_0004906,-2.4703644056
CtrSVDD_0011_E_0004907,-3.1031862306
CtrSVDD_0012_E_0004908,-5.5623632782
CtrSVDD_0013_E_0004909,-2.9946334385
CtrSVDD_0014_E_0004910,-3.5476904416
CtrSVDD_0015_E_0004911,0.7055488387
CtrSVDD_0016_E_0004912,-1.6409829516
CtrSVDD_0017_E_0004913,-0.2106667507
CtrSVDD_0018_E_0004914,-2.9599456863
CtrSVDD_0019_E_0004915,-3.9381886923
CtrSVDD_0020_E_0004916,-4.2218251549
CtrSVDD_0021_E_0004917,-4.8444582484
CtrSVDD_0022_E_0004918,-4.5314138273
CtrSVDD_0023_E_0004919,-4.6331504080
CtrSVDD_0024_E_0004920,-2.4733750937
CtrSVDD_0025_E_0004921,-2.6575109640
CtrSVDD_0026_E_0004922,-2.2269393103
CtrSVDD_0027_E_0004923,-4.2611290915
CtrSVDD_0028_E_0004924,-0.6877194580
CtrSVDD_0029_E_0004925,-0.4366180187
CtrSVDD_0030_E_0004926,-2.7024764555
CtrSVDD_0031_E_0004927,-3.0381112349
CtrSVDD_0032_E_0004928,-4.7907319586
CtrSVDD_0033_E_0004929,-0.9463965898
CtrSVDD_0034_E_0004930,-2.3827170183
CtrSVDD_0035_E_0004931,-3.1711595182
CtrSVDD_0036_E_0004932,-2.5525578950
CtrSVDD_0037_E_0004933,-3.8950401915
CtrSVDD_0038_E_0004934,2.0493675430
CtrSVDD_0039_E_0004935,-0.9435021675
CtrSVDD_0040_E_0004936,-2.7886130440
CtrSVDD_0041_E_0004937,-5.7940093368
CtrSVDD_0042_E_0004938,-1.6533617701
CtrSVDD_0043_E_0004939,-4.8625620577
CtrSVDD_0044_E_0004940,-2.8227192168
CtrSVDD_0045_E_0004941,-3.9477403276
CtrSVDD_0046_E_0004942,-3.6196795178
CtrSVDD_0047_E_0004943,-4.6265224557
CtrSVDD_0000_E_0004944,-1.2173650219
CtrSVDD_0001_E_0004945,-4.0161798607
CtrSVDD_0002_E_0004946,-1.9257990969
CtrSVDD_0003_E_0004947,1.3297709502
CtrSVDD_0004_E_0004948,-4.4967061765
CtrSVDD_0005_E_0004949,-2.8493306634
CtrSVDD_0006_E_0004950,-0.5411861083
CtrSVDD_0007_E_0004951,-3.0261424689
CtrSVDD_0008_E_0004952,-3.4467092195
CtrSVDD_0009_E_0004953,-2.5462108575
CtrSVDD_0010_E_0004954,-2.6850835831
CtrSVDD_0011_E_0004955,-4.6666683021
CtrSVDD_0012_E_0004956,-1.8850220260
CtrSVDD_0013_E_0004957,-3.0977995276
CtrSVDD_0014_E_0004958,-5.5571144181
CtrSVDD_0015_E_0004959,-2.7713000885
CtrSVDD_0016_E_0004960,-1.3551271702
CtrSVDD_0017_E_0004961,-2.5447998029
CtrSVDD_0018_E_0004962,-3.5484543881
CtrSVDD_0019_E_0004963,-4.1419416126
CtrSVDD_0020_E_0004964,-2.8118586502
CtrSVDD_0021_E_0004965,-3.4830098091
CtrSVDD_0022_E_0004966,-2.5113563481
CtrSVDD_0023_E_0004967,-3.9308264063
CtrSVDD_0024_E_0004968,-5.6092962434
CtrSVDD_0025_E_0004969,-2.1782224529
CtrSVDD_0026_E_0004970,-1.1229455860
CtrSVDD_0027_E_0004971,-2.0240136237
CtrSVDD_0028_E_0004972,-2.8329928140
CtrSVDD_0029_E_0004973,-4.3287218359
CtrSVDD_0030_E_0004974,-3.9301101416
CtrSVDD_0031_E_0004975,-3.5552994607
CtrSVDD_0032_E_0004976,-3.7415060811
CtrSVDD_0033_E_0004977,-2.0686866498
CtrSVDD_0034_E_0004978,-5.8240861306
CtrSVDD_0035_E_0004979,-3.4874407641
CtrSVDD_0036_E_0004980,-2.4583780591
CtrSVDD_0037_E_0004981,1.0837857127
CtrSVDD_0038_E_0004982,-4.1626460776
CtrSVDD_0039_E_0004983,-0.3032245382
CtrSVDD_0040_E_0004984,-2.1429972191
CtrSVDD_0041_E_0004985,-5.3954043909
CtrSVDD_0042_E_0004986,2.1468147108
CtrSVDD_0043_E_0004987,-0.8916360143
CtrSVDD_0044_E_0004988,-2.1448899487
CtrSVDD_0045_E_0004989,-3.9984442301
CtrSVDD_0046_E_0004990,-0.9522704869
CtrSVDD_0047_E_0004991,-2.2707222680
CtrSVDD_0000_E_0004992,-2.5815659839
CtrSVDD_0001_E_0004993,2.3802881009
CtrSVDD_0002_E_0004994,-1.4946793556
CtrSVDD_0003_E_0004995,-3.1169973590
CtrSVDD_0004_E_0004996,-1.8212927127
CtrSVDD_0005_E_0004997,-2.5365574305
CtrSVDD_0006_E_0004998,-1.6666472651
CtrSVDD_0007_E_0004999,-3.4845540973
CtrSVDD_0008_E_0005000,-3.2590320207
CtrSVDD_0009_E_0005001,-1.3077385817
CtrSVDD_0010_E_0005002,-3.2253556859
CtrSVDD_0011_E_0005003,-1.9054253537
CtrSVDD_0012_E_0005004,-4.4517576384
CtrSVDD_0013_E_0005005,-1.6548058384
CtrSVDD_0014_E_0005006,0.5799594487
CtrSVDD_0015_E_0005007,-2.5675080955
CtrSVDD_0016_E_0005008,-3.8911129421
CtrSVDD_0017_E_0005009,-0.9301919360
CtrSVDD_0018_E_0005010,-0.9338048078
CtrSVDD_0019_E_0005011,-4.5696993165
CtrSVDD_0020_E_0005012,-4.5851205202
CtrSVDD_0021_E_0005013,-2.6905326569
CtrSVDD_0022_E_0005014,-4.1894301838
CtrSVDD_0023_E_0005015,-1.4045462482
CtrSVDD_0024_E_0005016,1.0964555527
CtrSVDD_0025_E_0005017,-5.9686956865
CtrSVDD_0026_E_0005018,-0.8517501118
CtrSVDD_0027_E_0005019,-2.7006978804
CtrSVDD_0028_E_0005020,-2.1922048204
CtrSVDD_0029_E_0005021,-3.1229905268
CtrSVDD_0030_E_0005022,0.6953129725
CtrSVDD_0031_E_0005023,-3.4376941843
CtrSVDD_0032_E_0005024,1.4155212894
CtrSVDD_0033_E_0005025,-3.3598537255
CtrSVDD_0034_E_0005026,-5.2267799450
CtrSVDD_0035_E_0005027,0.0006993941
CtrSVDD_0036_E_0005028,-3.0317742976
CtrSVDD_0037_E_0005029,-3.1882635425
CtrSVDD_0038_E_0005030,-4.1185135480
CtrSVDD_0039_E_0005031,-2.6630504337
CtrSVDD_0040_E_0005032,-3.9661017887
CtrSVDD_0041_E_0005033,-4.7927235808
CtrSVDD_0042_E_0005034,-0.8961028215
CtrSVDD_0043_E_0005035,-3.6242882141
CtrSVDD_0044_E_0005036,1.7784729173
CtrSVDD_0045_E_0005037,-0.3193752661
CtrSVDD_0046_E_0005038,0.9348057945
CtrSVDD_0047_E_0005039,-5.2509742729
CtrSVDD_0000_E_0005040,-3.5909784604
CtrSVDD_0001_E_0005041,0.4522187555
CtrSVDD_0002_E_0005042,-2.3133173376
CtrSVDD_0003_E_0005043,0.9121113029
CtrSVDD_0004_E_0005044,-5.3829714644
CtrSVDD_0005_E_0005045,-0.0636878869
CtrSVDD_0006_E_0005046,-3.7632495781
CtrSVDD_0007_E_0005047,-4.0199484296
CtrSVDD_0008_E_0005048,-6.5105647973
CtrSVDD_0009_E_0005049,-3.1297145612
CtrSVDD_0010_E_0005050,-1.9741743421
CtrSVDD_0011_E_0005051,-4.4991005367
CtrSVDD_0012_E_0005052,-4.0256242007
CtrSVDD_0013_E_0005053,-3.4104363757
CtrSVDD_0014_E_0005054,-3.2714739110
CtrSVDD_0015_E_0005055,-3.8709218370
CtrSVDD_0016_E_0005056,-3.7555951340
CtrSVDD_0017_E_0005057,-4.5133732987
CtrSVDD_0018_E_0005058,-4.4046567008
CtrSVDD_0019_E_0005059,-3.4409510355
CtrSVDD_0020_E_0005060,0.0143187387
CtrSVDD_0021_E_0005061,-3.8291247464
CtrSVDD_0022_E_0005062,-2.8739356583
CtrSVDD_0023_E_0005063,-4.4943701521
CtrSVDD_0024_E_0005064,0.0553772189
CtrSVDD_0025_E_0005065,-3.3047847013
CtrSVDD_0026_E_0005066,-0.1835676051
CtrSVDD_0027_E_0005067,-3.3895403655
CtrSVDD_0028_E_0005068,-1.5481633129
CtrSVDD_0029_E_0005069,1.1849199287
CtrSVDD_0030_E_0005070,-4.1800881300
CtrSVDD_0031_E_0005071,-2.2066755159
CtrSVDD_0032_E_0005072,-4.6417340140
CtrSVDD_0033_E_0005073,-1.3468970466
CtrSVDD_0034_E_0005074,-3.5461448923
CtrSVDD_0035_E_0005075,-3.9393609756
CtrSVDD_0036_E_0005076,-3.5160369880
CtrSVDD_0037_E_0005077,-2.9546579488
CtrSVDD_0038_E_0005078,0.8881836646
CtrSVDD_0039_E_0005079,-4.1049584830
CtrSVDD_0040_E_0005080,-1.1571530850
CtrSVDD_0041_E_0005081,0.1297510487
CtrSVDD_0042_E_0005082,-2.0077273426
CtrSVDD_0043_E_0005083,-4.2754469359
CtrSVDD_0044_E_0005084,-3.6882525586
CtrSVDD_0045_E_0005085,-3.0066679796
CtrSVDD_0046_E_0005086,-4.8205412660
CtrSVDD_0047_E_0005087,-3.1021929659
CtrSVDD_0000_E_0005088,-1.1981248897
CtrSVDD_0001_E_0005089,-3.7346978657
CtrSVDD_0002_E_0005090,-0.7529983711
CtrSVDD_0003_E_0005091,-3.2298098063
CtrSVDD_0004_E_0005092,-4.7062200970
CtrSVDD_0005_E_0005093,-1.5674743441
CtrSVDD_0006_E_0005094,-1.0253610560
CtrSVDD_0007_E_0005095,-4.3543796173
CtrSVDD_0008_E_0005096,-1.8517517240
CtrSVDD_0009_E_0005097,-2.2967973266
CtrSVDD_0010_E_0005098,-3.8672645108
CtrSVDD_0011_E_0005099,-3.8875319151
CtrSVDD_0012_E_0005100,-3.4115946019
CtrSVDD_0013_E_0005101,-4.3342760047
CtrSVDD_0014_E_0005102,-2.9522552990
CtrSVDD_0015_E_0005103,-6.1621341645
CtrSVDD_0016_E_0005104,-4.1702938574
CtrSVDD_0017_E_0005105,-0.5038065543
CtrSVDD_0018_E_0005106,-1.3161327816
CtrSVDD_0019_E_0005107,-5.7867187713
CtrSVDD_0020_E_0005108,-2.1848969807
CtrSVDD_0021_E_0005109,-3.6831201004
CtrSVDD_0022_E_0005110,-2.3873447197
CtrSVDD_0023_E_0005111,-1.0081255191
CtrSVDD_0024_E_0005112,-0.6150761009
CtrSVDD_0025_E_0005113,-3.2473144770
CtrSVDD_0026_E_0005114,-2.9844626083
CtrSVDD_0027_E_0005115,-3.7453675539
CtrSVDD_0028_E_0005116,0.6049670462
CtrSVDD_0029_E_0005117,-2.1848312398
CtrSVDD_0030_E_0005118,-5.2802435770
CtrSVDD_0031_E_0005119,-1.5767480390
CtrSVDD_0032_E_0005120,-3.9446597461
CtrSVDD_0033_E_0005121,-4.7482130057
CtrSVDD_0034_E_0005122,-4.0620883261
CtrSVDD_0035_E_0005123,-1.6641869494
CtrSVDD_0036_E_0005124,0.6215764446
CtrSVDD_0037_E_0005125,1.2269915574
CtrSVDD_0038_E_0005126,-1.0240588790
CtrSVDD_0039_E_0005127,-3.9182240003
CtrSVDD_0040_E_0005128,-2.5609532075
CtrSVDD_0041_E_0005129,-0.3311735569
CtrSVDD_0042_E_0005130,-3.8822905978
CtrSVDD_0043_E_0005131,-4.1243999092
CtrSVDD_0044_E_0005132,-4.0634547803
CtrSVDD_0045_E_0005133,-0.1651046575
CtrSVDD_0046_E_0005134,-3.3848839743
CtrSVDD_0047_E_0005135,-3.6855050515
CtrSVDD_0000_E_0005136,-4.5095116642
CtrSVDD_0001_E_0005137,1.6306976959
CtrSVDD_0002_E_0005138,-0.6499156756
CtrSVDD_0003_E_0005139,-3.5773759719
CtrSVDD_0004_E_0005140,-2.4304336119
CtrSVDD_0005_E_0005141,-3.4505185361
CtrSVDD_0006_E_0005142,-3.0111555977
CtrSVDD_0007_E_0005143,-6.0034162441
CtrSVDD_0008_E_0005144,-1.8606482030
CtrSVDD_0009_E_0005145,-2.6897641688
CtrSVDD_0010_E_0005146,-3.6493326266
CtrSVDD_0011_E_0005147,-3.1200208151
CtrSVDD_0012_E_0005148,-4.0903624050
CtrSVDD_0013_E_0005149,-1.4244932125
CtrSVDD_0014_E_0005150,-4.8392579134
CtrSVDD_0015_E_0005151,-3.7861532420
CtrSVDD_0016_E_0005152,-1.4031955952
CtrSVDD_0017_E_0005153,-4.7788874026
CtrSVDD_0018_E_0005154,0.7037558681
CtrSVDD_0019_E_0005155,-0.9257863037
CtrSVDD_0020_E_0005156,-1.3440979482
CtrSVDD_0021_E_0005157,-4.4199451862
CtrSVDD_0022_E_0005158,0.1311626851
CtrSVDD_0023_E_0005159,0.4363624088
CtrSVDD_0024_E_0005160,-3.2977566116
CtrSVDD_0025_E_0005161,-0.3296962808
CtrSVDD_0026_E_0005162,-0.6578995520
CtrSVDD_0027_E_0005163,1.0962715625
CtrSVDD_0028_E_0005164,-3.5376574546
CtrSVDD_0029_E_0005165,-3.2931435664
CtrSVDD_0030_E_0005166,0.0636878869
CtrSVDD_0031_E_0005167,1.0939075304
CtrSVDD_0032_E_0005168,-4.5990216136
CtrSVDD_0033_E_0005169,-2.3910673946
CtrSVDD_0034_E_0005170,-0.8292022783
CtrSVDD_0035_E_0005171,0.1144997785
CtrSVDD_0036_E_0005172,-3.8753500504
CtrSVDD_0037_E_0005173,-0.1867502548
CtrSVDD_0038_E_0005174,-2.6368083377
CtrSVDD_0039_E_0005175,-2.4067564207
CtrSVDD_0040_E_0005176,-2.0419159637
CtrSVDD_0041_E_0005177,-0.0212841861
CtrSVDD_0042_E_0005178,-0.6352791374
CtrSVDD_0043_E_0005179,-2.6380871828
CtrSVDD_0044_E_0005180,-2.6818165723
CtrSVDD_0045_E_0005181,0.2537804489
CtrSVDD_0046_E_0005182,-1.7413442239
CtrSVDD_0047_E_0005183,-2.4329438079
CtrSVDD_0000_E_0005184,-3.3860485252
CtrSVDD_0001_E_0005185,-1.9523622714
CtrSVDD_0002_E_0005186,-4.7246787017
CtrSVDD_0003_E_0005187,-0.1906850892
CtrSVDD_0004_E_0005188,-4.8106770084
CtrSVDD_0005_E_0005189,-1.9880420751
CtrSVDD_0006_E_0005190,-2.3111520963
CtrSVDD_0007_E_0005191,-0.6440681386
CtrSVDD_0008_E_0005192,0.3094522773
CtrSVDD_0009_E_0005193,0.3878829198
CtrSVDD_0010_E_0005194,-3.5407180669
CtrSVDD_0011_E_0005195,-1.8609232926
CtrSVDD_0012_E_0005196,0.0711729046
CtrSVDD_0013_E_0005197,-3.5456113442
CtrSVDD_0014_E_0005198,-2.5253663162
CtrSVDD_0015_E_0005199,-3.9174800416
CtrSVDD_0016_E_0005200,-4.6709198854
CtrSVDD_0017_E_0005201,-1.6275815574
CtrSVDD_0018_E_0005202,-1.7264672134
CtrSVDD_0019_E_0005203,-3.6543197831
CtrSVDD_0020_E_0005204,-3.1445795928
CtrSVDD_0021_E_0005205,-0.9790263415
CtrSVDD_0022_E_0005206,-0.4415914509
CtrSVDD_0023_E_0005207,-5.6366985555
CtrSVDD_0024_E_0005208,-2.4444364044
CtrSVDD_0025_E_0005209,-3.1776872937
CtrSVDD_0026_E_0005210,0.9012595106
CtrSVDD_0027_E_0005211,-3.0225071550
CtrSVDD_0028_E_0005212,0.4724896884
CtrSVDD_0029_E_0005213,-0.1481118923
CtrSVDD_0030_E_0005214,-7.0099111255
CtrSVDD_0031_E_0005215,-4.5958280455
CtrSVDD_0032_E_0005216,-5.1982175661
CtrSVDD_0033_E_0005217,-3.6525986667
CtrSVDD_0034_E_0005218,-4.8604792447
CtrSVDD_0035_E_0005219,-5.6011349197
CtrSVDD_0036_E_0005220,-1.9031426036
CtrSVDD_0037_E_0005221,-2.1152222961
CtrSVDD_0038_E_0005222,-1.8940512007
CtrSVDD_0039_E_0005223,-3.4172394767
CtrSVDD_0040_E_0005224,-2.5128899669
CtrSVDD_0041_E_0005225,-0.8080100070
CtrSVDD_0042_E_0005226,-4.8222090007
CtrSVDD_0043_E_0005227,-2.1960493957
CtrSVDD_0044_E_0005228,-4.6503805333
CtrSVDD_0045_E_0005229,-2.7121510239
CtrSVDD_0046_E_0005230,-3.7385073070
CtrSVDD_0047_E_0005231,-3.3806909690
CtrSVDD_0000_E_0005232,-4.4873892630
CtrSVDD_0001_E_0005233,-4.4120781553
CtrSVDD_0002_E_0005234,-4.3058298112
CtrSVDD_0003_E_0005235,-1.4432712991
CtrSVDD_0004_E_0005236,0.1755252287
CtrSVDD_0005_E_0005237,-2.6353593401
CtrSVDD_0006_E_0005238,0.7726821063
CtrSVDD_0007_E_0005239,-2.5899807446
CtrSVDD_0008_E_0005240,-4.5977545740
CtrSVDD_0009_E_0005241,-4.9355459577
CtrSVDD_0010_E_0005242,-1.0337652004
CtrSVDD_0011_E_0005243,-4.3696364711
CtrSVDD_0012_E_0005244,-3.8066042167
CtrSVDD_0013_E_0005245,-1.8001242966
CtrSVDD_0014_E_0005246,-2.7423802146
CtrSVDD_0015_E_0005247,-4.9601563745
CtrSVDD_0016_E_0005248,-2.6459483443
CtrSVDD_0017_E_0005249,-0.1170656426
CtrSVDD_0018_E_0005250,-4.2512715448
CtrSVDD_0019_E_0005251,-0.5915835914
CtrSVDD_0020_E_0005252,-0.9350549375
CtrSVDD_0021_E_0005253,0.2508923729
CtrSVDD_0022_E_0005254,-3.9417065685
CtrSVDD_0023_E_0005255,-1.9513878941
CtrSVDD_0024_E_0005256,-1.0589544258
CtrSVDD_0025_E_0005257,-1.5064340966
CtrSVDD_0026_E_0005258,-2.6732697408
CtrSVDD_0027_E_0005259,-2.5403812849
CtrSVDD_0028_E_0005260,-3.2952821489
CtrSVDD_0029_E_0005261,-0.9261795494
CtrSVDD_0030_E_0005262,-4.5727623905
CtrSVDD_0031_E_0005263,-3.1773860418
CtrSVDD_0032_E_0005264,-5.6505641592
CtrSVDD_0033_E_0005265,-3.6987988948
CtrSVDD_0034_E_0005266,-2.0200025277
CtrSVDD_0035_E_0005267,-0.4598173600
CtrSVDD_0036_E_0005268,-2.8563898434
CtrSVDD_0037_E_0005269,-3.7991130673
CtrSVDD_0038_E_0005270,-4.9777281020
CtrSVDD_0039_E_0005271,-4.4864295833
CtrSVDD_0040_E_0005272,-0.2340576509
CtrSVDD_0041_E_0005273,-3.8974398057
CtrSVDD_0042_E_0005274,-3.3380358023
CtrSVDD_0043_E_0005275,-0.2913611420
CtrSVDD_0044_E_0005276,-2.5535182511
CtrSVDD_0045_E_0005277,-1.2254011678
CtrSVDD_0046_E_0005278,-1.3024691186
CtrSVDD_0047_E_0005279,-0.6167670433
CtrSVDD_0000_E_0005280,-2.2203668773
CtrSVDD_0001_E_0005281,-0.6371985290
CtrSVDD_0002_E_0005282,-2.4912940698
CtrSVDD_0003_E_0005283,-3.0078304085
CtrSVDD_0004_E_0005284,0.4424632490
CtrSVDD_0005_E_0005285,-0.2045850136
CtrSVDD_0006_E_0005286,-4.6872558364
CtrSVDD_0007_E_0005287,0.2006659048
CtrSVDD_0008_E_0005288,-3.6971328860
CtrSVDD_0009_E_0005289,-3.1349369500
CtrSVDD_0010_E_0005290,-4.1337356036
CtrSVDD_0011_E_0005291,-0.4581958250
CtrSVDD_0012_E_0005292,-2.7118072649
CtrSVDD_0013_E_0005293,-3.1282900739
CtrSVDD_0014_E_0005294,2.6849316373
CtrSVDD_0015_E_0005295,-2.2159815668
CtrSVDD_0016_E_0005296,-0.4600327640
CtrSVDD_0017_E_0005297,-1.8514818814
CtrSVDD_0018_E_0005298,-0.4989985784
CtrSVDD_0019_E_0005299,-2.9792712543
CtrSVDD_0020_E_0005300,-2.6558474171
CtrSVDD_0021_E_0005301,-3.3302517027
CtrSVDD_0022_E_0005302,-2.1880843331
CtrSVDD_0023_E_0005303,-3.6888925491
CtrSVDD_0024_E_0005304,-4.5373095372
CtrSVDD_0025_E_0005305,0.2809784640
CtrSVDD_0026_E_0005306,-2.6318512833
CtrSVDD_0027_E_0005307,-4.4198613929
CtrSVDD_0028_E_0005308,-0.8096573935
CtrSVDD_0029_E_0005309,-0.7382221511
CtrSVDD_0030_E_0005310,-2.5084371090
CtrSVDD_0031_E_0005311,-3.2245233304
CtrSVDD_0032_E_0005312,-3.5034963171
CtrSVDD_0033_E_0005313,-4.1299485451
CtrSVDD_0034_E_0005314,-5.4282732776
CtrSVDD_0035_E_0005315,-3.1432184671
CtrSVDD_0036_E_0005316,-3.1326315744
CtrSVDD_0037_E_0005317,0.3430181294
CtrSVDD_0038_E_0005318,-4.6254777616
CtrSVDD_0039_E_0005319,-4.0452556736
CtrSVDD_0040_E_0005320,-5.0422568746
CtrSVDD_0041_E_0005321,0.6718579897
CtrSVDD_0042_E_0005322,-1.0256764744
CtrSVDD_0043_E_0005323,-0.5799594487
CtrSVDD_0044_E_0005324,-2.8713924241
CtrSVDD_0045_E_0005325,1.5548672921
CtrSVDD_0046_E_0005326,-0.7366712628
CtrSVDD_0047_E_0005327,-0.4009285901
CtrSVDD_0000_E_0005328,-1.4755417059
CtrSVDD_0001_E_0005329,-4.4072351750
CtrSVDD_0002_E_0005330,-4.5461210890
CtrSVDD_0003_E_0005331,-0.8902607472
CtrSVDD_0004_E_0005332,1.0584325542
CtrSVDD_0005_E_0005333,-5.4411172514
CtrSVDD_0006_E_0005334,-3.5671738628
CtrSVDD_0007_E_0005335,-5.5300697084
CtrSVDD_0008_E_0005336,-4.7829964892
CtrSVDD_0009_E_0005337,0.7964315437
CtrSVDD_0010_E_0005338,-3.0074171955
CtrSVDD_0011_E_0005339,-1.0041834899
CtrSVDD_0012_E_0005340,-0.8414219247
CtrSVDD_0013_E_0005341,-4.8946627074
CtrSVDD_0014_E_0005342,-1.7768595656
CtrSVDD_0015_E_0005343,-2.7935137313
CtrSVDD_0016_E_0005344,-2.3374161596
CtrSVDD_0017_E_0005345,-2.1824500521
CtrSVDD_0018_E_0005346,-4.1187885916
CtrSVDD_0019_E_0005347,-5.3220264996
CtrSVDD_0020_E_0005348,-5.1955870921
CtrSVDD_0021_E_0005349,-2.4793112899
CtrSVDD_0022_E_0005350,-4.4284461861
CtrSVDD_0023_E_0005351,-1.9492566673
CtrSVDD_0024_E_0005352,-4.4030458821
CtrSVDD_0025_E_0005353,-4.5004219066
CtrSVDD_0026_E_0005354,-1.8170024880
CtrSVDD_0027_E_0005355,-2.7155308345
CtrSVDD_0028_E_0005356,-3.3399848917
CtrSVDD_0029_E_0005357,-2.7344704958
CtrSVDD_0030_E_0005358,-4.2701920974
CtrSVDD_0031_E_0005359,0.1128414574
CtrSVDD_0032_E_0005360,0.1452614808
CtrSVDD_0033_E_0005361,0.1750388497
CtrSVDD_0034_E_0005362,-5.3371341602
CtrSVDD_0035_E_0005363,-3.4137100412
CtrSVDD_0036_E_0005364,0.8259484964
CtrSVDD_0037_E_0005365,1.2605566945
CtrSVDD_0038_E_0005366,-4.0464654058
CtrSVDD_0039_E_0005367,-1.5389242420
CtrSVDD_0040_E_0005368,-3.5483804278
CtrSVDD_0041_E_0005369,0.4683940734
CtrSVDD_0042_E_0005370,-2.0958075639
CtrSVDD_0043_E_0005371,-6.2560281691
CtrSVDD_0044_E_0005372,-4.8855946972
CtrSVDD_0045_E_0005373,-1.2502039436
CtrSVDD_0046_E_0005374,-4.1480276372
CtrSVDD_0047_E_0005375,-3.7086163966
CtrSVDD_0000_E_0005376,-0.3954344060
CtrSVDD_0001_E_0005377,-2.8479526312
CtrSVDD_0002_E_0005378,-4.1868690127
CtrSVDD_0003_E_0005379,-2.2746050305
CtrSVDD_0004_E_0005380,-2.3017157589
CtrSVDD_0005_E_0005381,-3.7931253659
CtrSVDD_0006_E_0005382,-4.0996236222
CtrSVDD_0007_E_0005383,-3.1923129198
CtrSVDD_0008_E_0005384,-4.6491345384
CtrSVDD_0009_E_0005385,-3.9900861744
CtrSVDD_0010_E_0005386,-4.5488794578
CtrSVDD_0011_E_0005387,-3.8677713143
CtrSVDD_0012_E_0005388,-4.8167329854
CtrSVDD_0013_E_0005389,1.0181772056
CtrSVDD_0014_E_0005390,1.4961303911
CtrSVDD_0015_E_0005391,-5.2541185188
CtrSVDD_0016_E_0005392,-3.4399467841
CtrSVDD_0017_E_0005393,-2.2723014896
CtrSVDD_0018_E_0005394,-1.9779007615
CtrSVDD_0019_E_0005395,-3.5280630326
CtrSVDD_0020_E_0005396,-4.1398782075
CtrSVDD_0021_E_0005397,-3.0425951136
CtrSVDD_0022_E_0005398,-2.9921051752
CtrSVDD_0023_E_0005399,-3.3626978983
CtrSVDD_0024_E_0005400,-2.2720728714
CtrSVDD_0025_E_0005401,-2.7853404694
CtrSVDD_0026_E_0005402,-0.3105557215
CtrSVDD_0027_E_0005403,-3.8915044588
CtrSVDD_0028_E_0005404,-5.0824139610
CtrSVDD_0029_E_0005405,-4.9056974401
CtrSVDD_0030_E_0005406,-4.4019201491
CtrSVDD_0031_E_0005407,-0.3653585875
CtrSVDD_0032_E_0005408,-2.8543841830
CtrSVDD_0033_E_0005409,-0.9544937312
CtrSVDD_0034_E_0005410,-3.8568866828
CtrSVDD_0035_E_0005411,-1.2993568203
CtrSVDD_0036_E_0005412,-1.1784379217
CtrSVDD_0037_E_0005413,-3.6875656330
CtrSVDD_0038_E_0005414,-4.1331925293
CtrSVDD_0039_E_0005415,0.4412387283
CtrSVDD_0040_E_0005416,-4.8330975822
CtrSVDD_0041_E_0005417,-4.1439889261
CtrSVDD_0042_E_0005418,-0.0230820531
CtrSVDD_0043_E_0005419,-0.3350144824
CtrSVDD_0044_E_0005420,0.1227011540
CtrSVDD_0045_E_0005421,-5.9153639456
CtrSVDD_0046_E_0005422,-3.2506090492
CtrSVDD_0047_E_0005423,-4.4962715744
CtrSVDD_0000_E_0005424,-3.6695835669
CtrSVDD_0001_E_0005425,-1.0181772056
CtrSVDD_0002_E_0005426,-1.6068204968
CtrSVDD_0003_E_0005427,-1.9294730592
CtrSVDD_0004_E_0005428,-4.2664460418
CtrSVDD_0005_E_0005429,-2.8913970594
CtrSVDD_0006_E_0005430,-2.6065919532
CtrSVDD_0007_E_0005431,-2.1562077213
CtrSVDD_0008_E_0005432,-3.7116102444
CtrSVDD_0009_E_0005433,-3.8410764951
CtrSVDD_0010_E_0005434,-2.9270416962
CtrSVDD_0011_E_0005435,-5.5566200125
CtrSVDD_0012_E_0005436,-0.9787698733
CtrSVDD_0013_E_0005437,-3.8880722366
CtrSVDD_0014_E_0005438,-4.2014474113
CtrSVDD_0015_E_0005439,-2.5997845450
CtrSVDD_0016_E_0005440,1.3933814760
CtrSVDD_0017_E_0005441,-2.7309135896
CtrSVDD_0018_E_0005442,-1.4383315009
CtrSVDD_0019_E_0005443,-2.8341804388
CtrSVDD_0020_E_0005444,-4.5085325939
CtrSVDD_0021_E_0005445,-0.2003262875
CtrSVDD_0022_E_0005446,-1.5363932377
CtrSVDD_0023_E_0005447,0.4738558864
CtrSVDD_0024_E_0005448,-4.3301002670
CtrSVDD_0025_E_0005449,-2.3176362271
CtrSVDD_0026_E_0005450,-5.0538084093
CtrSVDD_0027_E_0005451,-3.8840866644
CtrSVDD_0028_E_0005452,-0.2436812725
CtrSVDD_0029_E_0005453,-2.2581882524
CtrSVDD_0030_E_0005454,-1.5036520793
CtrSVDD_0031_E_0005455,-3.6954681110
CtrSVDD_0032_E_0005456,-4.0300024241
CtrSVDD_0033_E_0005457,-4.2557629995
CtrSVDD_0034_E_0005458,-2.9356859483
CtrSVDD_0035_E_0005459,-2.6375136928
CtrSVDD_0036_E_0005460,-6.3925290542
CtrSVDD_0037_E_0005461,-5.3886550511
CtrSVDD_0038_E_0005462,-4.8248649544
CtrSVDD_0039_E_0005463,-4.3839554130
CtrSVDD_0040_E_0005464,-4.0421644678
CtrSVDD_0041_E_0005465,-2.2821567945
CtrSVDD_0042_E_0005466,-2.1831942323
CtrSVDD_0043_E_0005467,-0.3330542336
CtrSVDD_0044_E_0005468,-2.2984965420
CtrSVDD_0045_E_0005469,0.0538793990
CtrSVDD_0046_E_0005470,-4.4267431878
CtrSVDD_0047_E_0005471,-1.1435985132
CtrSVDD_0000_E_0005472,-0.1049334829
CtrSVDD_0001_E_0005473,-2.7967754666
CtrSVDD_0002_E_0005474,-1.2609223752
CtrSVDD_0003_E_0005475,0.2827822652
CtrSVDD_0004_E_0005476,-5.3717744067
CtrSVDD_0005_E_0005477,0.1509409192
CtrSVDD_0006_E_0005478,-2.6773797977
CtrSVDD_0007_E_0005479,-6.3509275302
CtrSVDD_0008_E_0005480,-1.5721955251
CtrSVDD_0009_E_0005481,-2.4896808866
CtrSVDD_0010_E_0005482,-0.5766989024
CtrSVDD_0011_E_0005483,-2.6625086371
CtrSVDD_0012_E_0005484,-2.7581471026
CtrSVDD_0013_E_0005485,-3.1260089495
CtrSVDD_0014_E_0005486,-0.6163602153
CtrSVDD_0015_E_0005487,0.1015865932
CtrSVDD_0016_E_0005488,-1.4118595849
CtrSVDD_0017_E_0005489,-3.2424665269
CtrSVDD_0018_E_0005490,-0.7548569455
CtrSVDD_0019_E_0005491,-4.0585904115
CtrSVDD_0020_E_0005492,-4.6229311009
CtrSVDD_0021_E_0005493,-3.0042913629
CtrSVDD_0022_E_0005494,-1.6055161783
CtrSVDD_0023_E_0005495,-4.1312485678
CtrSVDD_0024_E_0005496,-4.7454735355
CtrSVDD_0025_E_0005497,2.6367465081
CtrSVDD_0026_E_0005498,-1.0208238093
CtrSVDD_0027_E_0005499,-4.7279506210
CtrSVDD_0028_E_0005500,0.5060443634
CtrSVDD_0029_E_0005501,-6.1623835487
CtrSVDD_0030_E_0005502,-3.0308691033
CtrSVDD_0031_E_0005503,-4.4339921029
CtrSVDD_0032_E_0005504,-3.4965326648
CtrSVDD_0033_E_0005505,-2.8537013259
CtrSVDD_0034_E_0005506,-1.2162272540
CtrSVDD_0035_E_0005507,-3.0601294387
CtrSVDD_0036_E_0005508,-3.9170390695
CtrSVDD_0037_E_0005509,0.4974643919
CtrSVDD_0038_E_0005510,-1.4397633415
CtrSVDD_0039_E_0005511,-0.8778551678
CtrSVDD_0040_E_0005512,-5.4454484730
CtrSVDD_0041_E_0005513,-2.9234162228
CtrSVDD_0042_E_0005514,-3.9197093426
CtrSVDD_0043_E_0005515,-4.6686051568
CtrSVDD_0044_E_0005516,-3.1956793950
CtrSVDD_0045_E_0005517,-3.1445416689
CtrSVDD_0046_E_0005518,0.6184597510
CtrSVDD_0047_E_0005519,-4.5921194688
CtrSVDD_0000_E_0005520,-4.5126188375
CtrSVDD_0001_E_0005521,-3.5731491357
CtrSVDD_0002_E_0005522,-0.0286790869
CtrSVDD_0003_E_0005523,-3.9452275471
CtrSVDD_0004_E_0005524,-3.1811380443
CtrSVDD_0005_E_0005525,-3.1683265483
CtrSVDD_0006_E_0005526,-1.3178415685
CtrSVDD_0007_E_0005527,-5.5580478568
CtrSVDD_0008_E_0005528,-4.8559691428
CtrSVDD_0009_E_0005529,-6.1499931002
CtrSVDD_0010_E_0005530,0.1206941383
CtrSVDD_0011_E_0005531,-0.8857319397
CtrSVDD_0012_E_0005532,-2.9082483123
CtrSVDD_0013_E_0005533,-1.4550866128
CtrSVDD_0014_E_0005534,0.1082836437
CtrSVDD_0015_E_0005535,-2.0786005165
CtrSVDD_0016_E_0005536,-3.2521544046
CtrSVDD_0017_E_0005537,-2.4675867848
CtrSVDD_0018_E_0005538,-1.2837805526
CtrSVDD_0019_E_0005539,-1.3718744736
CtrSVDD_0020_E_0005540,-3.4691905740
CtrSVDD_0021_E_0005541,-4.9205366986
CtrSVDD_0022_E_0005542,-1.3410118090
CtrSVDD_0023_E_0005543,-2.7917295988
CtrSVDD_0024_E_0005544,-3.5746356226
CtrSVDD_0025_E_0005545,-1.9379345641
CtrSVDD_0026_E_0005546,-5.6899408919
CtrSVDD_0027_E_0005547,-1.7202915191
CtrSVDD_0028_E_0005548,-1.8823765007
CtrSVDD_0029_E_0005549,-3.8929374691
CtrSVDD_0030_E_0005550,-2.7726503089
CtrSVDD_0031_E_0005551,-2.2312622275
CtrSVDD_0032_E_0005552,-2.2115804552
CtrSVDD_0033_E_0005553,-4.7290104363
CtrSVDD_0034_E_0005554,-5.0085574709
CtrSVDD_0035_E_0005555,-5.2207333929
CtrSVDD_0036_E_0005556,-0.8749477340
CtrSVDD_0037_E_0005557,-2.4441096406
CtrSVDD_0038_E_0005558,1.2462998616
CtrSVDD_0039_E_0005559,-2.6374856713
CtrSVDD_0040_E_0005560,1.6962225050
CtrSVDD_0041_E_0005561,-2.7463646016
CtrSVDD_0042_E_0005562,-2.5572799840
CtrSVDD_0043_E_0005563,-1.5672724287
CtrSVDD_0044_E_0005564,-0.7065404131
CtrSVDD_0045_E_0005565,-4.7230841941
CtrSVDD_0046_E_0005566,-2.8839681227
CtrSVDD_0047_E_0005567,-2.7315957690
CtrSVDD_0000_E_0005568,-4.1654837368
CtrSVDD_0001_E_0005569,-4.2208384913
CtrSVDD_0002_E_0005570,-1.2277773744
CtrSVDD_0003_E_0005571,1.0990107135
CtrSVDD_0004_E_0005572,-2.0252359553
CtrSVDD_0005_E_0005573,0.1325727936
CtrSVDD_0006_E_0005574,-4.2929383768
CtrSVDD_0007_E_0005575,-3.0962461592
CtrSVDD_0008_E_0005576,-3.8713814677
CtrSVDD_0009_E_0005577,-1.7215676213
CtrSVDD_0010_E_0005578,-3.4139102439
CtrSVDD_0011_E_0005579,-4.5084231397
CtrSVDD_0012_E_0005580,-5.0612890751
CtrSVDD_0013_E_0005581,-3.9253156715
CtrSVDD_0014_E_0005582,-1.5600849951
CtrSVDD_0015_E_0005583,-0.7466676505
CtrSVDD_0016_E_0005584,-3.9920554708
CtrSVDD_0017_E_0005585,-3.1996683867
CtrSVDD_0018_E_0005586,-3.9063450974
CtrSVDD_0019_E_0005587,-4.0481856582
CtrSVDD_0020_E_0005588,-3.8511295618
CtrSVDD_0021_E_0005589,0.0925973721
CtrSVDD_0022_E_0005590,-0.3947471094
CtrSVDD_0023_E_0005591,-4.9820621983
CtrSVDD_0024_E_0005592,-3.8545972413
CtrSVDD_0025_E_0005593,-3.6113427857
CtrSVDD_0026_E_0005594,1.0323732006
CtrSVDD_0027_E_0005595,-0.8157895069
CtrSVDD_0028_E_0005596,-3.8261176930
CtrSVDD_0029_E_0005597,-1.0964555527
CtrSVDD_0030_E_0005598,0.7236640486
CtrSVDD_0031_E_0005599,-4.6963732962
CtrSVDD_0032_E_0005600,-2.7425172572
CtrSVDD_0033_E_0005601,-0.6094513494
CtrSVDD_0034_E_0005602,-1.2959848742
CtrSVDD_0035_E_0005603,-2.6194881298
CtrSVDD_0036_E_0005604,-0.2893495953
CtrSVDD_0037_E_0005605,-4.1575013275
CtrSVDD_0038_E_0005606,-0.6846357012
CtrSVDD_0039_E_0005607,-3.2803722364
CtrSVDD_0040_E_0005608,-2.0564268653
CtrSVDD_0041_E_0005609,-3.4714828380
CtrSVDD_0042_E_0005610,-2.1399704915
CtrSVDD_0043_E_0005611,-3.8564034141
CtrSVDD_0044_E_0005612,-4.1397928868
CtrSVDD_0045_E_0005613,-0.0706976479
CtrSVDD_0046_E_0005614,-3.5437813460
CtrSVDD_0047_E_0005615,-5.4073450099
CtrSVDD_0000_E_0005616,-3.1482193412
CtrSVDD_0001_E_0005617,1.9257990969
CtrSVDD_0002_E_0005618,-0.5261667968
CtrSVDD_0003_E_0005619,-4.1414375477
CtrSVDD_0004_E_0005620,-2.1089382354
CtrSVDD_0005_E_0005621,-2.3637532092
CtrSVDD_0006_E_0005622,-3.3035288977
CtrSVDD_0007_E_0005623,-4.7145025139
CtrSVDD_0008_E_0005624,-3.0605086068
CtrSVDD_0009_E_0005625,-4.8601921451
CtrSVDD_0010_E_0005626,-4.9396127902
CtrSVDD_0011_E_0005627,-3.2217703280
CtrSVDD_0012_E_0005628,0.8374427401
CtrSVDD_0013_E_0005629,-4.7417157108
CtrSVDD_0014_E_0005630,-3.8247180036
CtrSVDD_0015_E_0005631,-3.9435996334
CtrSVDD_0016_E_0005632,-1.0143540525
CtrSVDD_0017_E_0005633,-0.7420192848
CtrSVDD_0018_E_0005634,-3.6014118773
CtrSVDD_0019_E_0005635,-3.2834267606
CtrSVDD_0020_E_0005636,-4.3847613251
CtrSVDD_0021_E_0005637,-1.3911085182
CtrSVDD_0022_E_0005638,-5.2678514639
CtrSVDD_0023_E_0005639,-2.8005846839
CtrSVDD_0024_E_0005640,-3.2486501974
CtrSVDD_0025_E_0005641,-4.3157043453
CtrSVDD_0026_E_0005642,-0.0348741193
CtrSVDD_0027_E_0005643,-3.1360463331
CtrSVDD_0028_E_0005644,-3.1749162644
CtrSVDD_0029_E_0005645,-2.9564775888
CtrSVDD_0030_E_0005646,-1.8101347993
CtrSVDD_0031_E_0005647,-5.7240053166
CtrSVDD_0032_E_0005648,-0.3622325123
CtrSVDD_0033_E_0005649,-4.7015021339
CtrSVDD_0034_E_0005650,-2.5846348743
CtrSVDD_0035_E_0005651,-5.2785557513
CtrSVDD_0036_E_0005652,-2.2117778927
CtrSVDD_0037_E_0005653,-1.9378160246
CtrSVDD_0038_E_0005654,-3.8763984990
CtrSVDD_0039_E_0005655,-3.0783927813
CtrSVDD_0040_E_0005656,-2.9157097136
CtrSVDD_0041_E_0005657,-3.9461997352
CtrSVDD_0042_E_0005658,-2.1825748258
CtrSVDD_0043_E_0005659,-3.0641105444
CtrSVDD_0044_E_0005660,-2.7585936199
CtrSVDD_0045_E_0005661,-1.7956395550
CtrSVDD_0046_E_0005662,-3.3715076686
CtrSVDD_0047_E_0005663,-3.4884806379
CtrSVDD_0000_E_0005664,-3.0902969557
CtrSVDD_0001_E_0005665,-5.3899724596
CtrSVDD_0002_E_0005666,-4.8517644372
CtrSVDD_0003_E_0005667,-1.9045868927
CtrSVDD_0004_E_0005668,-3.3491670222
CtrSVDD_0005_E_0005669,-2.9567473436
CtrSVDD_0006_E_0005670,-1.2792527000
CtrSVDD_0007_E_0005671,-4.1715644840
CtrSVDD_0008_E_0005672,-3.4450712798
CtrSVDD_0009_E_0005673,-0.5816506205
CtrSVDD_0010_E_0005674,-0.1721987889
CtrSVDD_0011_E_0005675,-2.4465319651
CtrSVDD_0012_E_0005676,-1.5662939615
CtrSVDD_0013_E_0005677,-4.8687464414
CtrSVDD_0014_E_0005678,-3.6217410164
CtrSVDD_0015_E_0005679,-0.6759748282
CtrSVDD_0016_E_0005680,-0.6964462900
CtrSVDD_0017_E_0005681,1.4923680786
CtrSVDD_0018_E_0005682,-1.7269518783
CtrSVDD_0019_E_0005683,-3.2194181537
CtrSVDD_0020_E_0005684,-2.6138442697
CtrSVDD_0021_E_0005685,-4.1225199682
CtrSVDD_0022_E_0005686,0.9778485914
CtrSVDD_0023_E_0005687,0.2190832379
CtrSVDD_0024_E_0005688,-3.5575939246
CtrSVDD_0025_E_0005689,-2.0715344501
CtrSVDD_0026_E_0005690,-3.5753222778
CtrSVDD_0027_E_0005691,-3.1972201148
CtrSVDD_0028_E_0005692,-2.3815806366
CtrSVDD_0029_E_0005693,-3.3102147834
CtrSVDD_0030_E_0005694,-5.1957756733
CtrSVDD_0031_E_0005695,-5.0895782936
CtrSVDD_0032_E_0005696,-1.2934064059
CtrSVDD_0033_E_0005697,-3.4226950393
CtrSVDD_0034_E_0005698,-4.4179506441
CtrSVDD_0035_E_0005699,-3.5353080316
CtrSVDD_0036_E_0005700,-4.6943734624
CtrSVDD_0037_E_0005701,-2.9115647580
CtrSVDD_0038_E_0005702,-2.1620693992
CtrSVDD_0039_E_0005703,-1.9798887213
CtrSVDD_0040_E_0005704,-2.8826715520
CtrSVDD_0041_E_0005705,0.8206056900
CtrSVDD_0042_E_0005706,-3.0312489690
CtrSVDD_0043_E_0005707,-3.0694532404
CtrSVDD_0044_E_0005708,-4.7855685279
CtrSVDD_0045_E_0005709,-0.4047242172
CtrSVDD_0046_E_0005710,-0.0496774027
CtrSVDD_0047_E_0005711,0.5126476193
CtrSVDD_0000_E_0005712,-3.7003882125
CtrSVDD_0001_E_0005713,-3.4889549854
CtrSVDD_0002_E_0005714,1.0223818983
CtrSVDD_0003_E_0005715,-3.9522789831
CtrSVDD_0004_E_0005716,-4.4527224354
CtrSVDD_0005_E_0005717,-3.4377546526
CtrSVDD_0006_E_0005718,-2.4856512044
CtrSVDD_0007_E_0005719,-3.2085815145
CtrSVDD_0008_E_0005720,-1.9532524738
CtrSVDD_0009_E_0005721,-4.4276126291
CtrSVDD_0010_E_0005722,-3.9159781324
CtrSVDD_0011_E_0005723,0.0957844592
CtrSVDD_0012_E_0005724,-3.7534172195
CtrSVDD_0013_E_0005725,-1.8432660285
CtrSVDD_0014_E_0005726,0.5778924984
CtrSVDD_0015_E_0005727,-4.6820524472
CtrSVDD_0016_E_0005728,0.7091416044
CtrSVDD_0017_E_0005729,-3.0411007448
CtrSVDD_0018_E_0005730,1.2903090943
CtrSVDD_0019_E_0005731,-1.6293610596
CtrSVDD_0020_E_0005732,-3.4289363309
CtrSVDD_0021_E_0005733,-3.1774122501
CtrSVDD_0022_E_0005734,-2.3671211538
CtrSVDD_0023_E_0005735,-1.0224413252
CtrSVDD_0024_E_0005736,-1.6578247912
CtrSVDD_0025_E_0005737,-3.8109806623
CtrSVDD_0026_E_0005738,-0.9903837048
CtrSVDD_0027_E_0005739,-2.7019788839
CtrSVDD_0028_E_0005740,-3.4587487693
CtrSVDD_0029_E_0005741,-3.3407483759
CtrSVDD_0030_E_0005742,-3.5075633327
CtrSVDD_0031_E_0005743,0.1963860225
CtrSVDD_0032_E_0005744,-4.7294300713
CtrSVDD_0033_E_0005745,-4.2506415374
CtrSVDD_0034_E_0005746,1.2254011678
CtrSVDD_0035_E_0005747,0.5602120314
CtrSVDD_0036_E_0005748,-2.2695798362
CtrSVDD_0037_E_0005749,0.9099189700
CtrSVDD_0038_E_0005750,-2.7600739350
CtrSVDD_0039_E_0005751,-3.1927129607
CtrSVDD_0040_E_0005752,-1.5738877915
CtrSVDD_0041_E_0005753,-0.8655832398
CtrSVDD_0042_E_0005754,-3.1208201395
CtrSVDD_0043_E_0005755,-0.7014966542
CtrSVDD_0044_E_0005756,-4.6625941987
CtrSVDD_0045_E_0005757,-2.8178411169
CtrSVDD_0046_E_0005758,-1.1473808403
CtrSVDD_0047_E_0005759,-4.2089736518
CtrSVDD_0000_E_0005760,-1.6508179915
CtrSVDD_0001_E_0005761,-3.5086805242
CtrSVDD_0002_E_0005762,-0.6625988616
CtrSVDD_0003_E_0005763,-6.1203481505
CtrSVDD_0004_E_0005764,-4.0783838621
CtrSVDD_0005_E_0005765,-3.7457641435
CtrSVDD_0006_E_0005766,-3.6756033172
CtrSVDD_0007_E_0005767,0.6509682782
CtrSVDD_0008_E_0005768,-3.4920788911
CtrSVDD_0009_E_0005769,0.7660637131
CtrSVDD_0010_E_0005770,-4.1779180413
CtrSVDD_0011_E_0005771,-3.7802070062
CtrSVDD_0012_E_0005772,-0.4509001884
CtrSVDD_0013_E_0005773,-4.8580783429
CtrSVDD_0014_E_0005774,-0.8615214857
CtrSVDD_0015_E_0005775,-4.4208057119
CtrSVDD_0016_E_0005776,-3.4647773455
CtrSVDD_0017_E_0005777,1.0111882266
CtrSVDD_0018_E_0005778,-1.2509551289
CtrSVDD_0019_E_0005779,-3.3953541472
CtrSVDD_0020_E_0005780,-4.2334522103
CtrSVDD_0021_E_0005781,-1.4688913466
CtrSVDD_0022_E_0005782,-2.7050736250
CtrSVDD_0023_E_0005783,0.7290684029
CtrSVDD_0024_E_0005784,-4.4301505966
CtrSVDD_0025_E_0005785,-4.8949389536
CtrSVDD_0026_E_0005786,-1.4158888988
CtrSVDD_0027_E_0005787,0.7567601723
CtrSVDD_0028_E_0005788,-3.1426978665
CtrSVDD_0029_E_0005789,0.8152668941
CtrSVDD_0030_E_0005790,-3.1760569616
CtrSVDD_0031_E_0005791,-3.1129075397
CtrSVDD_0032_E_0005792,-3.7953352120
CtrSVDD_0033_E_0005793,-2.4523313780
CtrSVDD_0034_E_0005794,-6.5232821265
CtrSVDD_0035_E_0005795,-2.8648239896
CtrSVDD_0036_E_0005796,-0.7327225318
CtrSVDD_0037_E_0005797,-5.6063931631
CtrSVDD_0038_E_0005798,-4.9234999697
CtrSVDD_0039_E_0005799,-3.8973619311
CtrSVDD_0040_E_0005800,-4.4013632980
CtrSVDD_0041_E_0005801,-3.6040418889
CtrSVDD_0042_E_0005802,-3.8718832934
CtrSVDD_0043_E_0005803,-3.3515410955
CtrSVDD_0044_E_0005804,-3.8425596629
CtrSVDD_0045_E_0005805,0.6627615435
CtrSVDD_0046_E_0005806,-2.1696506673
CtrSVDD_0047_E_0005807,0.3445020561
CtrSVDD_0000_E_0005808,-2.3336766551
CtrSVDD_0001_E_0005809,-0.4434428724
CtrSVDD_0002_E_0005810,-0.1665228078
CtrSVDD_0003_E_0005811,-3.9666606106
CtrSVDD_0004_E_0005812,-5.5839780658
CtrSVDD_0005_E_0005813,1.5455643299
CtrSVDD_0006_E_0005814,-2.6740801367
CtrSVDD_0007_E_0005815,-3.1624741214
CtrSVDD_0008_E_0005816,1.3022891135
CtrSVDD_0009_E_0005817,-3.2325384260
CtrSVDD_0010_E_0005818,-2.6374660687
CtrSVDD_0011_E_0005819,-3.6656283838
CtrSVDD_0012_E_0005820,-3.4535267113
CtrSVDD_0013_E_0005821,0.7400603223
CtrSVDD_0014_E_0005822,-1.2020280035
CtrSVDD_0015_E_0005823,-2.1619140367
CtrSVDD_0016_E_0005824,-0.3164326907
CtrSVDD_0017_E_0005825,-2.9995842418
CtrSVDD_0018_E_0005826,-5.8088595677
CtrSVDD_0019_E_0005827,-2.2739219449
CtrSVDD_0020_E_0005828,-0.2827822652
CtrSVDD_0021_E_0005829,-4.0019428049
CtrSVDD_0022_E_0005830,-4.5252616429
CtrSVDD_0023_E_0005831,-3.1371539555
CtrSVDD_0024_E_0005832,-4.5819230652
CtrSVDD_0025_E_0005833,-3.6888212349
CtrSVDD_0026_E_0005834,-5.7795146209
CtrSVDD_0027_E_0005835,-0.9700305792
CtrSVDD_0028_E_0005836,-4.3269155528
CtrSVDD_0029_E_0005837,-2.9924726329
CtrSVDD_0030_E_0005838,-4.4178909719
CtrSVDD_0031_E_0005839,-5.8858280995
CtrSVDD_0032_E_0005840,-4.0527054014
CtrSVDD_0033_E_0005841,-3.8927195870
CtrSVDD_0034_E_0005842,-2.9366045328
CtrSVDD_0035_E_0005843,-3.9901135656
CtrSVDD_0036_E_0005844,-2.5605498415
CtrSVDD_0037_E_0005845,-4.5019379347
CtrSVDD_0038_E_0005846,-2.6892833515
CtrSVDD_0039_E_0005847,-2.4449430376
CtrSVDD_0040_E_0005848,-0.9391451029
CtrSVDD_0041_E_0005849,-2.9436985999
CtrSVDD_0042_E_0005850,-3.1758760034
CtrSVDD_0043_E_0005851,-0.3710156822
CtrSVDD_0044_E_0005852,-4.4354644435
CtrSVDD_0045_E_0005853,-1.6802045204
CtrSVDD_0046_E_0005854,-3.4611612610
CtrSVDD_0047_E_0005855,-1.3529257363
CtrSVDD_0000_E_0005856,-4.1597407151
CtrSVDD_0001_E_0005857,1.0041834899
CtrSVDD_0002_E_0005858,-1.4631907961
CtrSVDD_0003_E_0005859,-3.9323323443
CtrSVDD_0004_E_0005860,-2.9005969266
CtrSVDD_0005_E_0005861,-4.3687015034
CtrSVDD_0006_E_0005862,-4.3779420388
CtrSVDD_0007_E_0005863,-5.0310579216
CtrSVDD_0008_E_0005864,-0.2653542101
CtrSVDD_0009_E_0005865,-2.1735733037
CtrSVDD_0010_E_0005866,-1.4415167481
CtrSVDD_0011_E_0005867,-4.5298652637
CtrSVDD_0012_E_0005868,-4.0669463703
CtrSVDD_0013_E_0005869,1.1821021320
CtrSVDD_0014_E_0005870,-3.3611952969
CtrSVDD_0015_E_0005871,-2.2751461323
CtrSVDD_0016_E_0005872,-4.9853497940
CtrSVDD_0017_E_0005873,-1.0990107135
CtrSVDD_0018_E_0005874,-2.2808620371
CtrSVDD_0019_E_0005875,1.0737737290
CtrSVDD_0020_E_0005876,-1.9495878346
CtrSVDD_0021_E_0005877,-3.0006461726
CtrSVDD_0022_E_0005878,-3.8029794478
CtrSVDD_0023_E_0005879,-3.2400395046
CtrSVDD_0024_E_0005880,0.0356766635
CtrSVDD_0025_E_0005881,-4.2673372020
CtrSVDD_0026_E_0005882,-4.8708311845
CtrSVDD_0027_E_0005883,-4.5307917368
CtrSVDD_0028_E_0005884,-5.6623469653
CtrSVDD_0029_E_0005885,-3.9534554698
CtrSVDD_0030_E_0005886,-4.4064150077
CtrSVDD_0031_E_0005887,-5.6186509894
CtrSVDD_0032_E_0005888,0.1001806688
CtrSVDD_0033_E_0005889,-4.3039958555
CtrSVDD_0034_E_0005890,-3.0858333709
CtrSVDD_0035_E_0005891,-3.5960348033
CtrSVDD_0036_E_0005892,-0.6025263201
CtrSVDD_0037_E_0005893,-4.3191038100
CtrSVDD_0038_E_0005894,-2.8607363982
CtrSVDD_0039_E_0005895,-4.2986694124
CtrSVDD_0040_E_0005896,0.9175473861
CtrSVDD_0041_E_0005897,0.5455439463
CtrSVDD_0042_E_0005898,-3.9628461641
CtrSVDD_0043_E_0005899,-0.1358111178
CtrSVDD_0044_E_0005900,-3.8188585554
CtrSVDD_0045_E_0005901,-4.0376523176
CtrSVDD_0046_E_0005902,-0.5439214382
CtrSVDD_0047_E_0005903,-4.3946460106
CtrSVDD_0000_E_0005904,-3.5954981415
CtrSVDD_0001_E_0005905,-2.9028762687
CtrSVDD_0002_E_0005906,-5.3145933418
CtrSVDD_0003_E_0005907,-3.0180888810
CtrSVDD_0004_E_0005908,-3.6348506450
CtrSVDD_0005_E_0005909,-0.8423009669
CtrSVDD_0006_E_0005910,-4.2195242136
CtrSVDD_0007_E_0005911,-4.7920283663
CtrSVDD_0008_E_0005912,-3.7312950584
CtrSVDD_0009_E_0005913,-2.7409119160
CtrSVDD_0010_E_0005914,-0.4879884309
CtrSVDD_0011_E_0005915,-5.1575897306
CtrSVDD_0012_E_0005916,-4.0389495658
CtrSVDD_0013_E_0005917,-3.0476338160
CtrSVDD_0014_E_0005918,-1.6216537737
CtrSVDD_0015_E_0005919,-3.7210914306
CtrSVDD_0016_E_0005920,-3.4007232712
CtrSVDD_0017_E_0005921,-4.4720734146
CtrSVDD_0018_E_0005922,-4.5013324831
CtrSVDD_0019_E_0005923,-3.2263964655
CtrSVDD_0020_E_0005924,-3.7687662211
CtrSVDD_0021_E_0005925,-3.4182012402
CtrSVDD_0022_E_0005926,-4.0711152479
CtrSVDD_0023_E_0005927,-2.5847952352
CtrSVDD_0024_E_0005928,0.4304715213
CtrSVDD_0025_E_0005929,-2.8119022987
CtrSVDD_0026_E_0005930,-2.0252319850
CtrSVDD_0027_E_0005931,0.0067826363
CtrSVDD_0028_E_0005932,-4.2751958360
CtrSVDD_0029_E_0005933,-4.4161074894
CtrSVDD_0030_E_0005934,-2.6525166333
CtrSVDD_0031_E_0005935,1.2107154884
CtrSVDD_0032_E_0005936,1.9025043029
CtrSVDD_0033_E_0005937,-2.2898112529
CtrSVDD_0034_E_0005938,-3.8006949584
CtrSVDD_0035_E_0005939,-0.8574738954
CtrSVDD_0036_E_0005940,-4.1430833478
CtrSVDD_0037_E_0005941,-3.6801144196
CtrSVDD_0038_E_0005942,-4.9551889393
CtrSVDD_0039_E_0005943,0.7461565985
CtrSVDD_0040_E_0005944,-1.5885360383
CtrSVDD_0041_E_0005945,-4.4193476432
CtrSVDD_0042_E_0005946,-6.7794778968
CtrSVDD_0043_E_0005947,0.1992388728
CtrSVDD_0044_E_0005948,-2.9727676357
CtrSVDD_0045_E_0005949,-2.1427829924
CtrSVDD_0046_E_0005950,-0.8029253106
CtrSVDD_0047_E_0005951,-4.5424953861
CtrSVDD_0000_E_0005952,-2.9266856663
CtrSVDD_0001_E_0005953,-4.6469142818
CtrSVDD_0002_E_0005954,-4.4472738351
CtrSVDD_0003_E_0005955,1.2403559942
CtrSVDD_0004_E_0005956,-0.7516575304
CtrSVDD_0005_E_0005957,-3.8430791884
CtrSVDD_0006_E_0005958,-4.2167975848
CtrSVDD_0007_E_0005959,-0.3291271046
CtrSVDD_0008_E_0005960,-3.2156537857
CtrSVDD_0009_E_0005961,-2.3271244976
CtrSVDD_0010_E_0005962,-2.2803771689
CtrSVDD_0011_E_0005963,0.0328774424
CtrSVDD_0012_E_0005964,-5.1454472992
CtrSVDD_0013_E_0005965,-4.5156394555
CtrSVDD_0014_E_0005966,-3.5850373119
CtrSVDD_0015_E_0005967,-3.0231474775
CtrSVDD_0016_E_0005968,-0.7163547607
CtrSVDD_0017_E_0005969,-2.3807765754
CtrSVDD_0018_E_0005970,-3.8962009187
CtrSVDD_0019_E_0005971,0.3400525366
CtrSVDD_0020_E_0005972,-0.9767699911
CtrSVDD_0021_E_0005973,-3.5296270762
CtrSVDD_0022_E_0005974,-3.6673502301
CtrSVDD_0023_E_0005975,-3.3190697866
CtrSVDD_0024_E_0005976,-4.1907119053
CtrSVDD_0025_E_0005977,-2.3612503213
CtrSVDD_0026_E_0005978,-1.6903562409
CtrSVDD_0027_E_0005979,-2.0003034158
CtrSVDD_0028_E_0005980,-4.0698572511
CtrSVDD_0029_E_0005981,0.6133869154
CtrSVDD_0030_E_0005982,-5.2050676786
CtrSVDD_0031_E_0005983,1.9484439573
CtrSVDD_0032_E_0005984,-3.6772353914
CtrSVDD_0033_E_0005985,-2.5431143275
CtrSVDD_0034_E_0005986,-2.3545167988
CtrSVDD_0035_E_0005987,-3.2166992506
CtrSVDD_0036_E_0005988,-1.1270469463
CtrSVDD_0037_E_0005989,1.9972288352
CtrSVDD_0038_E_0005990,-2.9853326237
CtrSVDD_0039_E_0005991,0.9745186026
CtrSVDD_0040_E_0005992,-2.2027300757
CtrSVDD_0041_E_0005993,-0.0244812369
CtrSVDD_0042_E_0005994,-3.6298253664
CtrSVDD_0043_E_0005995,-2.7928823457
CtrSVDD_0044_E_0005996,-3.6837266371
CtrSVDD_0045_E_0005997,-5.8149267845
CtrSVDD_0046_E_0005998,-3.6635579823
CtrSVDD_0047_E_0005999,-2.0662944354
CtrSVDD_0000_E_0006000,-1.9926121020
CtrSVDD_0001_E_0006001,0.4381572148
CtrSVDD_0002_E_0006002,-3.4790961707
CtrSVDD_0003_E_0006003,-2.9709652290
CtrSVDD_0004_E_0006004,-1.0742415989
CtrSVDD_0005_E_0006005,-5.0753118883
CtrSVDD_0006_E_0006006,-1.9308055726
CtrSVDD_0007_E_0006007,-2.4047211994
CtrSVDD_0008_E_0006008,-4.2505392132
CtrSVDD_0009_E_0006009,-2.6044207966
CtrSVDD_0010_E_0006010,-2.2964315031
CtrSVDD_0011_E_0006011,-6.2335625920
CtrSVDD_0012_E_0006012,-4.5047838385
CtrSVDD_0013_E_0006013,-0.3013822032
CtrSVDD_0014_E_0006014,-3.4004539032
CtrSVDD_0015_E_0006015,-2.5555404700
CtrSVDD_0016_E_0006016,-1.0659951158
CtrSVDD_0017_E_0006017,-1.2958094555
CtrSVDD_0018_E_0006018,-3.7029670615
CtrSVDD_0019_E_0006019,-2.3099688211
CtrSVDD_0020_E_0006020,-2.1880000349
CtrSVDD_0021_E_0006021,-1.7336893367
CtrSVDD_0022_E_0006022,-3.9853622930
CtrSVDD_0023_E_0006023,-1.0774831169
CtrSVDD_0024_E_0006024,-0.5882543120
CtrSVDD_0025_E_0006025,-3.5998863419
CtrSVDD_0026_E_0006026,-4.9275566907
CtrSVDD_0027_E_0006027,-4.1701184913
CtrSVDD_0028_E_0006028,0.7073440802
CtrSVDD_0029_E_0006029,0.6067224606
CtrSVDD_0030_E_0006030,-2.5313336016
CtrSVDD_0031_E_0006031,-2.9410966274
CtrSVDD_0032_E_0006032,-2.9418650346
CtrSVDD_0033_E_0006033,-1.1931974269
CtrSVDD_0034_E_0006034,-4.6885953134
CtrSVDD_0035_E_0006035,-3.8231120123
CtrSVDD_0036_E_0006036,-3.5296975998
CtrSVDD_0037_E_0006037,-3.6452734503
CtrSVDD_0038_E_0006038,-3.1689842252
CtrSVDD_0039_E_0006039,-3.9003419621
CtrSVDD_0040_E_0006040,-3.1827989067
CtrSVDD_0041_E_0006041,-2.7101292579
CtrSVDD_0042_E_0006042,-4.1728358319
CtrSVDD_0043_E_0006043,-3.0998171049
CtrSVDD_0044_E_0006044,-2.8326214583
CtrSVDD_0045_E_0006045,-0.0412759663
CtrSVDD_0046_E_0006046,-0.1156573525
CtrSVDD_0047_E_0006047,1.6861499706
CtrSVDD_0000_E_0006048,-2.7511162668
CtrSVDD_0001_E_0006049,-2.9976995188
CtrSVDD_0002_E_0006050,0.4691661305
CtrSVDD_0003_E_0006051,-2.9352451206
CtrSVDD_0004_E_0006052,-1.3982289604
CtrSVDD_0005_E_0006053,-0.6591961657
CtrSVDD_0006_E_0006054,-2.1108277217
CtrSVDD_0007_E_0006055,-3.2041254848
CtrSVDD_0008_E_0006056,-3.2342648434
CtrSVDD_0009_E_0006057,-1.5570227370
CtrSVDD_0010_E_0006058,-1.4839562002
CtrSVDD_0011_E_0006059,-4.6411833591
CtrSVDD_0012_E_0006060,-1.5860638388
CtrSVDD_0013_E_0006061,-3.6741221121
CtrSVDD_0014_E_0006062,2.4047612230
CtrSVDD_0015_E_0006063,1.2958838614
CtrSVDD_0016_E_0006064,-3.7770358811
CtrSVDD_0017_E_0006065,-4.3862783100
CtrSVDD_0018_E_0006066,-2.1008130720
CtrSVDD_0019_E_0006067,1.7716607253
CtrSVDD_0020_E_0006068,-4.6297902948
CtrSVDD_0021_E_0006069,0.8904337118
CtrSVDD_0022_E_0006070,-0.9139704029
CtrSVDD_0023_E_0006071,-2.8516047647
CtrSVDD_0024_E_0006072,-1.1866335022
CtrSVDD_0025_E_0006073,0.9240337388
CtrSVDD_0026_E_0006074,-5.3480165859
CtrSVDD_0027_E_0006075,0.5471678918
CtrSVDD_0028_E_0006076,-4.3373275617
CtrSVDD_0029_E_0006077,-4.3421723670
CtrSVDD_0030_E_0006078,-0.3237943289
CtrSVDD_0031_E_0006079,-4.1642321699
CtrSVDD_0032_E_0006080,-0.9852407422
CtrSVDD_0033_E_0006081,2.2944721524
CtrSVDD_0034_E_0006082,-1.6454530589
CtrSVDD_0035_E_0006083,-2.8775584497
CtrSVDD_0036_E_0006084,-4.8411441602
CtrSVDD_0037_E_0006085,-2.7129086676
CtrSVDD_0038_E_0006086,-2.4094258060
CtrSVDD_0039_E_0006087,-2.1576689556
CtrSVDD_0040_E_0006088,-4.7124763519
CtrSVDD_0041_E_0006089,-4.3980020566
CtrSVDD_0042_E_0006090,-3.5894933415
CtrSVDD_0043_E_0006091,-4.2579872882
CtrSVDD_0044_E_0006092,-0.6337749880
CtrSVDD_0045_E_0006093,-0.7814877883
CtrSVDD_0046_E_0006094,-4.8858236208
CtrSVDD_0047_E_0006095,-3.2484359072
CtrSVDD_0000_E_0006096,-2.9072104991
CtrSVDD_0001_E_0006097,-1.8715917483
CtrSVDD_0002_E_0006098,-2.0176450903
CtrSVDD_0003_E_0006099,-2.2643411638
CtrSVDD_0004_E_0006100,-3.1246363577
CtrSVDD_0005_E_0006101,0.2249905740
CtrSVDD_0006_E_0006102,2.2754413992
CtrSVDD_0007_E_0006103,-4.6856262862
CtrSVDD_0008_E_0006104,-0.3389284054
CtrSVDD_0009_E_0006105,-3.7907656866
CtrSVDD_0010_E_0006106,-2.0152337287
CtrSVDD_0011_E_0006107,-0.7132553684
CtrSVDD_0012_E_0006108,-3.3755564738
CtrSVDD_0013_E_0006109,-1.2592596861
CtrSVDD_0014_E_0006110,-2.7804676942
CtrSVDD_0015_E_0006111,-2.8503888862
CtrSVDD_0016_E_0006112,-3.7984111481
CtrSVDD_0017_E_0006113,-4.0303527868
CtrSVDD_0018_E_0006114,-2.7552891041
CtrSVDD_0019_E_0006115,-0.8716888806
CtrSVDD_0020_E_0006116,-4.2493168647
CtrSVDD_0021_E_0006117,-3.5500283522
CtrSVDD_0022_E_0006118,-2.6398420787
CtrSVDD_0023_E_0006119,-1.8546093517
CtrSVDD_0024_E_0006120,-1.6798718126
CtrSVDD_0025_E_0006121,0.5816152139
CtrSVDD_0026_E_0006122,-3.4727209573
CtrSVDD_0027_E_0006123,-5.2013089963
CtrSVDD_0028_E_0006124,-1.6975887476
CtrSVDD_0029_E_0006125,-2.9365037367
CtrSVDD_0030_E_0006126,-4.5188546530
CtrSVDD_0031_E_0006127,-3.3576950899
CtrSVDD_0032_E_0006128,-4.3439455427
CtrSVDD_0033_E_0006129,-4.5298374499
CtrSVDD_0034_E_0006130,-2.3354134618
CtrSVDD_0035_E_0006131,-2.6062084908
CtrSVDD_0036_E_0006132,-1.5342596660
CtrSVDD_0037_E_0006133,-2.3903396150
CtrSVDD_0038_E_0006134,-1.2803793768
CtrSVDD_0039_E_0006135,-3.8929881945
CtrSVDD_0040_E_0006136,-2.5218105200
CtrSVDD_0041_E_0006137,0.6574807122
CtrSVDD_0042_E_0006138,-1.5326000449
CtrSVDD_0043_E_0006139,-2.8259440112
CtrSVDD_0044_E_0006140,-1.0111555966
CtrSVDD_0045_E_0006141,-1.4713997696
CtrSVDD_0046_E_0006142,-1.0693804687
CtrSVDD_0047_E_0006143,-3.8885371726
CtrSVDD_0000_E_0006144,-0.4267199575
CtrSVDD_0001_E_0006145,-4.5345722144
CtrSVDD_0002_E_0006146,-2.4722990406
CtrSVDD_0003_E_0006147,1.6019832540
CtrSVDD_0004_E_0006148,0.8655832398
CtrSVDD_0005_E_0006149,-0.9127766494
CtrSVDD_0006_E_0006150,-3.2827606227
CtrSVDD_0007_E_0006151,-5.1208122787
CtrSVDD_0008_E_0006152,-3.8054644545
CtrSVDD_0009_E_0006153,-2.5813499775
CtrSVDD_0010_E_0006154,-0.7754766874
CtrSVDD_0011_E_0006155,1.1462925919
CtrSVDD_0012_E_0006156,-1.1522761787
CtrSVDD_0013_E_0006157,-3.2775693201
CtrSVDD_0014_E_0006158,-2.2042769205
CtrSVDD_0015_E_0006159,-2.1528382995
CtrSVDD_0016_E_0006160,0.7532529634
CtrSVDD_0017_E_0006161,-7.4692160554
CtrSVDD_0018_E_0006162,-4.1255411436
CtrSVDD_0019_E_0006163,-4.3187850343
CtrSVDD_0020_E_0006164,-0.1154091601
CtrSVDD_0021_E_0006165,-3.6443929155
CtrSVDD_0022_E_0006166,-0.2402987960
CtrSVDD_0023_E_0006167,-2.6987168615
CtrSVDD_0024_E_0006168,-4.8729732010
CtrSVDD_0025_E_0006169,-2.5940015058
CtrSVDD_0026_E_0006170,-3.2917934410
CtrSVDD_0027_E_0006171,-3.3439218586
CtrSVDD_0028_E_0006172,-2.9906903141
CtrSVDD_0029_E_0006173,-2.7345812652
CtrSVDD_0030_E_0006174,-1.3297709502
CtrSVDD_0031_E_0006175,-1.3010179047
CtrSVDD_0032_E_0006176,-1.0062672760
CtrSVDD_0033_E_0006177,-4.1945616460
CtrSVDD_0034_E_0006178,-3.8201076797
CtrSVDD_0035_E_0006179,-3.9642762378
CtrSVDD_0036_E_0006180,-3.2500230402
CtrSVDD_0037_E_0006181,-3.2862997257
CtrSVDD_0038_E_0006182,0.4402974657
CtrSVDD_0039_E_0006183,-3.4794996004
CtrSVDD_0040_E_0006184,-3.7018348515
CtrSVDD_0041_E_0006185,-3.3416472162
CtrSVDD_0042_E_0006186,-3.2020171685
CtrSVDD_0043_E_0006187,-4.3995190123
CtrSVDD_0044_E_0006188,-4.4711793739
CtrSVDD_0045_E_0006189,-1.4644174248
CtrSVDD_0046_E_0006190,-1.6759027341
CtrSVDD_0047_E_0006191,-3.4522505163
CtrSVDD_0000_E_0006192,-0.6829453863
CtrSVDD_0001_E_0006193,0.1424573696
CtrSVDD_0002_E_0006194,0.4370201369
CtrSVDD_0003_E_0006195,0.1339727321
CtrSVDD_0004_E_0006196,-2.8837148217
CtrSVDD_0005_E_0006197,-2.5149543873
CtrSVDD_0006_E_0006198,-3.4726286726
CtrSVDD_0007_E_0006199,-6.1262920146
CtrSVDD_0008_E_0006200,-0.3467302671
CtrSVDD_0009_E_0006201,-3.4798760541
CtrSVDD_0010_E_0006202,-4.1283117094
CtrSVDD_0011_E_0006203,1.9824130007
CtrSVDD_0012_E_0006204,-3.0123703153
CtrSVDD_0013_E_0006205,0.4315698163
CtrSVDD_0014_E_0006206,-3.2149008020
CtrSVDD_0015_E_0006207,-2.9614582040
CtrSVDD_0016_E_0006208,-4.8063805234
CtrSVDD_0017_E_0006209,2.0091141047
CtrSVDD_0018_E_0006210,-4.9671047588
CtrSVDD_0019_E_0006211,-2.6177110030
CtrSVDD_0020_E_0006212,-4.1217752833
CtrSVDD_0021_E_0006213,-2.4711827367
CtrSVDD_0022_E_0006214,-2.1895101240
CtrSVDD_0023_E_0006215,-3.9664209838
CtrSVDD_0024_E_0006216,-4.1930146111
CtrSVDD_0025_E_0006217,0.7145479891
CtrSVDD_0026_E_0006218,-3.6024370351
CtrSVDD_0027_E_0006219,-3.7756080874
CtrSVDD_0028_E_0006220,-2.5974543060
CtrSVDD_0029_E_0006221,-1.1851859815
CtrSVDD_0030_E_0006222,-1.6471564114
CtrSVDD_0031_E_0006223,-1.2926330119
CtrSVDD_0032_E_0006224,-2.3528041805
CtrSVDD_0033_E_0006225,-2.2988574317
CtrSVDD_0034_E_0006226,1.8747589502
CtrSVDD_0035_E_0006227,-2.0689113290
CtrSVDD_0036_E_0006228,-2.6300932481
CtrSVDD_0037_E_0006229,-0.7632798432
CtrSVDD_0038_E_0006230,-2.2087738846
CtrSVDD_0039_E_0006231,-2.8680836373
CtrSVDD_0040_E_0006232,-0.6930756480
CtrSVDD_0041_E_0006233,-3.2179339833
CtrSVDD_0042_E_0006234,0.3471218448
CtrSVDD_0043_E_0006235,-4.0524580964
CtrSVDD_0044_E_0006236,-4.2295298285
CtrSVDD_0045_E_0006237,-4.4524394784
CtrSVDD_0046_E_0006238,-2.2952653489
CtrSVDD_0047_E_0006239,-2.5308172505
CtrSVDD_0000_E_0006240,0.1921097344
CtrSVDD_0001_E_0006241,3.1426765601
CtrSVDD_0002_E_0006242,-3.6249717472
CtrSVDD_0003_E_0006243,-2.2280331781
CtrSVDD_0004_E_0006244,-0.5746572792
CtrSVDD_0005_E_0006245,-3.0503413481
CtrSVDD_0006_E_0006246,-3.4361550878
CtrSVDD_0007_E_0006247,-3.6265886124
CtrSVDD_0008_E_0006248,-4.5029722054
CtrSVDD_0009_E_0006249,0.0512906365
CtrSVDD_0010_E_0006250,-2.2167335937
CtrSVDD_0011_E_0006251,-1.7176534641
CtrSVDD_0012_E_0006252,-5.2242685819
CtrSVDD_0013_E_0006253,-3.2669703544
CtrSVDD_0014_E_0006254,-2.4800539657
CtrSVDD_0015_E_0006255,-1.1899146171
CtrSVDD_0016_E_0006256,-3.0201513185
CtrSVDD_0017_E_0006257,-1.7390199717
CtrSVDD_0018_E_0006258,-5.0872146725
CtrSVDD_0019_E_0006259,-3.4247574768
CtrSVDD_0020_E_0006260,-3.6314452651
CtrSVDD_0021_E_0006261,-3.2967743419
CtrSVDD_0022_E_0006262,-4.1670280250
CtrSVDD_0023_E_0006263,-2.5565340498
CtrSVDD_0024_E_0006264,-0.0684057639
CtrSVDD_0025_E_0006265,-3.8614966261
CtrSVDD_0026_E_0006266,0.7925957377
CtrSVDD_0027_E_0006267,-4.4548042827
CtrSVDD_0028_E_0006268,-4.8156132703
CtrSVDD_0029_E_0006269,-0.8012791934
CtrSVDD_0030_E_0006270,-0.0342770194
CtrSVDD_0031_E_0006271,-4.7702312166
CtrSVDD_0032_E_0006272,-4.4294514803
CtrSVDD_0033_E_0006273,-0.4023171470
CtrSVDD_0034_E_0006274,-3.9702984613
CtrSVDD_0035_E_0006275,0.4136513455
CtrSVDD_0036_E_0006276,-0.1054918628
CtrSVDD_0037_E_0006277,-0.4785560875
CtrSVDD_0038_E_0006278,-5.9434349796
CtrSVDD_0039_E_0006279,-3.0125504179
CtrSVDD_0040_E_0006280,-3.0741218382
CtrSVDD_0041_E_0006281,-3.6573430478
CtrSVDD_0042_E_0006282,-3.6117601169
CtrSVDD_0043_E_0006283,-3.1053718560
CtrSVDD_0044_E_0006284,-3.7483179920
CtrSVDD_0045_E_0006285,-0.9544740278
CtrSVDD_0046_E_0006286,1.2331435240
CtrSVDD_0047_E_0006287,-4.2628487876
CtrSVDD_0000_E_0006288,-2.9607915865
CtrSVDD_0001_E_0006289,-2.8928180056
CtrSVDD_0002_E_0006290,-0.8521092302
CtrSVDD_0003_E_0006291,-0.7455899122
CtrSVDD_0004_E_0006292,-5.0480468024
CtrSVDD_0005_E_0006293,-2.7403959418
CtrSVDD_0006_E_0006294,-2.4330381084
CtrSVDD_0007_E_0006295,-1.7542510444
CtrSVDD_0008_E_0006296,-3.9185688031
CtrSVDD_0009_E_0006297,-0.0426759874
CtrSVDD_0010_E_0006298,-3.0917844912
CtrSVDD_0011_E_0006299,-3.8295050081
CtrSVDD_0012_E_0006300,0.5585763374
CtrSVDD_0013_E_0006301,-5.3764154018
CtrSVDD_0014_E_0006302,-4.7634811813
CtrSVDD_0015_E_0006303,-5.5090415501
CtrSVDD_0016_E_0006304,-6.1915154778
CtrSVDD_0017_E_0006305,-3.7092293887
CtrSVDD_0018_E_0006306,-4.5456473288
CtrSVDD_0019_E_0006307,-2.0493384762
CtrSVDD_0020_E_0006308,0.2106667507
CtrSVDD_0021_E_0006309,-5.3316065401
CtrSVDD_0022_E_0006310,0.2637390726
CtrSVDD_0023_E_0006311,1.0016332013
CtrSVDD_0024_E_0006312,-1.8672422122
CtrSVDD_0025_E_0006313,-4.4455549357
CtrSVDD_0026_E_0006314,1.5314637079
CtrSVDD_0027_E_0006315,-4.8676538635
CtrSVDD_0028_E_0006316,0.0622863212
CtrSVDD_0029_E_0006317,-4.3149979980
CtrSVDD_0030_E_0006318,-3.1116821482
CtrSVDD_0031_E_0006319,-3.4026983541
CtrSVDD_0032_E_0006320,-3.1448712162
CtrSVDD_0033_E_0006321,-2.6579077379
CtrSVDD_0034_E_0006322,-3.4910954505
CtrSVDD_0035_E_0006323,-2.4133510799
CtrSVDD_0036_E_0006324,-1.5375355471
CtrSVDD_0037_E_0006325,1.1311313252
CtrSVDD_0038_E_0006326,-6.1080031522
CtrSVDD_0039_E_0006327,-3.6494409597
CtrSVDD_0040_E_0006328,-3.2145213565
CtrSVDD_0041_E_0006329,0.9926705409
CtrSVDD_0042_E_0006330,-4.1150627973
CtrSVDD_0043_E_0006331,-4.7804308394
CtrSVDD_0044_E_0006332,-0.1679412931
CtrSVDD_0045_E_0006333,1.7264672134
CtrSVDD_0046_E_0006334,-3.4323883430
CtrSVDD_0047_E_0006335,-4.1157218603
CtrSVDD_0000_E_0006336,-2.3990350706
CtrSVDD_0001_E_0006337,-0.8354581133
CtrSVDD_0002_E_0006338,-4.3090625401
CtrSVDD_0003_E_0006339,-3.6180305537
CtrSVDD_0004_E_0006340,-3.4895966250
CtrSVDD_0005_E_0006341,-3.4527261265
CtrSVDD_0006_E_0006342,0.6066475734
CtrSVDD_0007_E_0006343,-3.4904696406
CtrSVDD_0008_E_0006344,-3.6624230288
CtrSVDD_0009_E_0006345,-3.5606697366
CtrSVDD_0010_E_0006346,-2.6814827698
CtrSVDD_0011_E_0006347,-2.7036776848
CtrSVDD_0012_E_0006348,-1.1377858123
CtrSVDD_0013_E_0006349,-2.1626714735
CtrSVDD_0014_E_0006350,-4.7267231289
CtrSVDD_0015_E_0006351,-2.0509864190
CtrSVDD_0016_E_0006352,-1.9352080387
CtrSVDD_0017_E_0006353,-2.1957561909
CtrSVDD_0018_E_0006354,-1.6665203435
CtrSVDD_0019_E_0006355,-4.1639514559
CtrSVDD_0020_E_0006356,-3.4554197619
CtrSVDD_0021_E_0006357,0.4366180187
CtrSVDD_0022_E_0006358,1.1725096369
CtrSVDD_0023_E_0006359,-1.6837570152
CtrSVDD_0024_E_0006360,-4.6028692316
CtrSVDD_0025_E_0006361,-3.8315972132
CtrSVDD_0026_E_0006362,-2.1733102112
CtrSVDD_0027_E_0006363,-3.2797943721
CtrSVDD_0028_E_0006364,0.7419009975
CtrSVDD_0029_E_0006365,-2.7001064362
CtrSVDD_0030_E_0006366,0.4816954322
CtrSVDD_0031_E_0006367,0.0608848778
CtrSVDD_0032_E_0006368,-5.3816715290
CtrSVDD_0033_E_0006369,-2.5982945081
CtrSVDD_0034_E_0006370,-4.8555197338
CtrSVDD_0035_E_0006371,-2.4108177717
CtrSVDD_0036_E_0006372,-3.4966478727
CtrSVDD_0037_E_0006373,-3.9133821626
CtrSVDD_0038_E_0006374,-0.7066991668
CtrSVDD_0039_E_0006375,-3.4415385523
CtrSVDD_0040_E_0006376,-3.4542312418
CtrSVDD_0041_E_0006377,-4.9414838858
CtrSVDD_0042_E_0006378,-5.0828823878
CtrSVDD_0043_E_0006379,-2.9763668490
CtrSVDD_0044_E_0006380,-3.1564079549
CtrSVDD_0045_E_0006381,-1.5984941976
CtrSVDD_0046_E_0006382,-1.5435523046
CtrSVDD_0047_E_0006383,-3.5186940699
CtrSVDD_0000_E_0006384,-4.2406848285
CtrSVDD_0001_E_0006385,-1.9677305549
CtrSVDD_0002_E_0006386,-2.4625665792
CtrSVDD_0003_E_0006387,-2.9319401524
CtrSVDD_0004_E_0006388,-4.6923764776
CtrSVDD_0005_E_0006389,-2.5499088887
CtrSVDD_0006_E_0006390,0.3057611947
CtrSVDD_0007_E_0006391,-3.8559071914
CtrSVDD_0008_E_0006392,-3.0497866661
CtrSVDD_0009_E_0006393,-4.9858454663
CtrSVDD_0010_E_0006394,-0.8041385478
CtrSVDD_0011_E_0006395,-4.3498322182
CtrSVDD_0012_E_0006396,-4.4251883560
CtrSVDD_0013_E_0006397,-4.0829975318
CtrSVDD_0014_E_0006398,-3.1448815422
CtrSVDD_0015_E_0006399,-2.9416270400
CtrSVDD_0016_E_0006400,-3.8765061523
CtrSVDD_0017_E_0006401,-0.2900690762
CtrSVDD_0018_E_0006402,-2.3981500569
CtrSVDD_0019_E_0006403,-1.3608879341
CtrSVDD_0020_E_0006404,-2.4794678562
CtrSVDD_0021_E_0006405,-1.5548672921
CtrSVDD_0022_E_0006406,-3.3347088008
CtrSVDD_0023_E_0006407,-3.1573909568
CtrSVDD_0024_E_0006408,-1.6346558912
CtrSVDD_0025_E_0006409,-1.7685436865
CtrSVDD_0026_E_0006410,-4.6356393990
CtrSVDD_0027_E_0006411,-3.6668531074
CtrSVDD_0028_E_0006412,-2.8021200052
CtrSVDD_0029_E_0006413,-1.5690792921
CtrSVDD_0030_E_0006414,-3.1662522965
CtrSVDD_0031_E_0006415,-2.6544668276
CtrSVDD_0032_E_0006416,-5.2783019733
CtrSVDD_0033_E_0006417,-3.1630519857
CtrSVDD_0034_E_0006418,-0.7082202201
CtrSVDD_0035_E_0006419,-4.1710014379
CtrSVDD_0036_E_0006420,-4.3467282426
CtrSVDD_0037_E_0006421,-3.9378888215
CtrSVDD_0038_E_0006422,-4.5881645170
CtrSVDD_0039_E_0006423,-1.3619498429
CtrSVDD_0040_E_0006424,-3.6363111066
CtrSVDD_0041_E_0006425,-3.5714539337
CtrSVDD_0042_E_0006426,-4.0360899371
CtrSVDD_0043_E_0006427,1.2324231072
CtrSVDD_0044_E_0006428,1.6453949376
CtrSVDD_0045_E_0006429,-4.2731132846
CtrSVDD_0046_E_0006430,-2.6290596726
CtrSVDD_0047_E_0006431,-1.6142748114
CtrSVDD_0000_E_0006432,-4.9773544505
CtrSVDD_0001_E_0006433,-3.1863981200
CtrSVDD_0002_E_0006434,-4.2360714030
CtrSVDD_0003_E_0006435,0.2393607108
CtrSVDD_0004_E_0006436,-4.3122992942
CtrSVDD_0005_E_0006437,-5.0036721956
CtrSVDD_0006_E_0006438,-3.0291363166
CtrSVDD_0007_E_0006439,-0.2871525250
CtrSVDD_0008_E_0006440,-1.8992607680
CtrSVDD_0009_E_0006441,-1.5597680999
CtrSVDD_0010_E_0006442,-0.5570942346
CtrSVDD_0011_E_0006443,-3.1036793143
CtrSVDD_0012_E_0006444,-4.5048743440
CtrSVDD_0013_E_0006445,0.8797353013
CtrSVDD_0014_E_0006446,0.2292966039
CtrSVDD_0015_E_0006447,-3.4799231041
CtrSVDD_0016_E_0006448,-1.4910996877
CtrSVDD_0017_E_0006449,0.9835540622
CtrSVDD_0018_E_0006450,-4.6883909957
CtrSVDD_0019_E_0006451,-4.2702399338
CtrSVDD_0020_E_0006452,-1.2869759279
CtrSVDD_0021_E_0006453,-4.0076469870
CtrSVDD_0022_E_0006454,-3.3823009410
CtrSVDD_0023_E_0006455,-3.0284232340
CtrSVDD_0024_E_0006456,-3.6117845916
CtrSVDD_0025_E_0006457,-0.8798338073
CtrSVDD_0026_E_0006458,-0.8733712469
CtrSVDD_0027_E_0006459,1.7402582720
CtrSVDD_0028_E_0006460,-3.4476564200
CtrSVDD_0029_E_0006461,-1.1737045358
CtrSVDD_0030_E_0006462,-4.0139710891
CtrSVDD_0031_E_0006463,-0.7109414228
CtrSVDD_0032_E_0006464,-4.4335636806
CtrSVDD_0033_E_0006465,-4.3990790301
CtrSVDD_0034_E_0006466,-4.9844810903
CtrSVDD_0035_E_0006467,-4.8081904666
CtrSVDD_0036_E_0006468,-0.5108582993
CtrSVDD_0037_E_0006469,-2.4317671726
CtrSVDD_0038_E_0006470,-4.1038879219
CtrSVDD_0039_E_0006471,0.2307328886
CtrSVDD_0040_E_0006472,-3.8053802891
CtrSVDD_0041_E_0006473,-6.3397186464
CtrSVDD_0042_E_0006474,-4.2737155208
CtrSVDD_0043_E_0006475,-0.4098578129
CtrSVDD_0044_E_0006476,-2.0814974982
CtrSVDD_0045_E_0006477,-2.5841125455
CtrSVDD_0046_E_0006478,-3.6396194322
CtrSVDD_0047_E_0006479,-3.9499270853
CtrSVDD_0000_E_0006480,-3.2580436598
CtrSVDD_0001_E_0006481,2.3941732400
CtrSVDD_0002_E_0006482,-4.5911272166
CtrSVDD_0003_E_0006483,-0.9625880230
CtrSVDD_0004_E_0006484,0.4427810558
CtrSVDD_0005_E_0006485,1.6346590772
CtrSVDD_0006_E_0006486,-3.2219940760
CtrSVDD_0007_E_0006487,-3.2533631474
CtrSVDD_0008_E_0006488,-3.5433393874
CtrSVDD_0009_E_0006489,-4.2761889351
CtrSVDD_0010_E_0006490,-4.5141750967
CtrSVDD_0011_E_0006491,-4.7840731994
CtrSVDD_0012_E_0006492,-3.5631117558
CtrSVDD_0013_E_0006493,-3.3828243499
CtrSVDD_0014_E_0006494,0.8354581133
CtrSVDD_0015_E_0006495,-1.3284231870
CtrSVDD_0016_E_0006496,-0.7168826702
CtrSVDD_0017_E_0006497,-2.6650879525
CtrSVDD_0018_E_0006498,-6.2068752924
CtrSVDD_0019_E_0006499,-1.9013065928
CtrSVDD_0020_E_0006500,-0.2130655359
CtrSVDD_0021_E_0006501,-2.8675240801
CtrSVDD_0022_E_0006502,-5.3424841277
CtrSVDD_0023_E_0006503,-0.8045709598
CtrSVDD_0024_E_0006504,-3.1467358394
CtrSVDD_0025_E_0006505,-1.5009421083
CtrSVDD_0026_E_0006506,-5.5184997888
CtrSVDD_0027_E_0006507,-0.5144460219
CtrSVDD_0028_E_0006508,-4.0279792499
CtrSVDD_0029_E_0006509,-0.6737650847
CtrSVDD_0030_E_0006510,-1.2659140764
CtrSVDD_0031_E_0006511,-2.2384455522
CtrSVDD_0032_E_0006512,-1.5104666724
CtrSVDD_0033_E_0006513,-4.5552889257
CtrSVDD_0034_E_0006514,-2.8595754380
CtrSVDD_0035_E_0006515,-3.4167038889
CtrSVDD_0036_E_0006516,-2.2926675382
CtrSVDD_0037_E_0006517,-5.5005612867
CtrSVDD_0038_E_0006518,-3.2946270166
CtrSVDD_0039_E_0006519,-1.5922511343
CtrSVDD_0040_E_0006520,-1.5198901393
CtrSVDD_0041_E_0006521,-1.5222040892
CtrSVDD_0042_E_0006522,2.0240136237
CtrSVDD_0043_E_0006523,-3.1984530414
CtrSVDD_0044_E_0006524,-1.3962827219
CtrSVDD_0045_E_0006525,-2.8466271299
CtrSVDD_0046_E_0006526,-4.8815896208
CtrSVDD_0047_E_0006527,-2.2373967166
CtrSVDD_0000_E_0006528,-5.0543657220
CtrSVDD_0001_E_0006529,1.5720270227
CtrSVDD_0002_E_0006530,-0.5198175288
CtrSVDD_0003_E_0006531,-0.3969473992
CtrSVDD_0004_E_0006532,-4.1255885814
CtrSVDD_0005_E_0006533,-2.8249496670
CtrSVDD_0006_E_0006534,-2.8032861862
CtrSVDD_0007_E_0006535,-3.9031713233
CtrSVDD_0008_E_0006536,-3.1555614180
CtrSVDD_0009_E_0006537,-3.4955901342
CtrSVDD_0010_E_0006538,-1.6876975568
CtrSVDD_0011_E_0006539,-3.6478629960
CtrSVDD_0012_E_0006540,-1.9169401488
CtrSVDD_0013_E_0006541,-0.8862263454
CtrSVDD_0014_E_0006542,-4.9331154651
CtrSVDD_0015_E_0006543,-3.6859669852
CtrSVDD_0016_E_0006544,-2.5990468269
CtrSVDD_0017_E_0006545,-3.0796910624
CtrSVDD_0018_E_0006546,-3.9936813425
CtrSVDD_0019_E_0006547,-2.6759143651
CtrSVDD_0020_E_0006548,-3.8799760266
CtrSVDD_0021_E_0006549,-2.2796469345
CtrSVDD_0022_E_0006550,-0.1281429338
CtrSVDD_0023_E_0006551,-1.3164607179
CtrSVDD_0024_E_0006552,-3.5046883983
CtrSVDD_0025_E_0006553,-3.0798795355
CtrSVDD_0026_E_0006554,-2.8055985918
CtrSVDD_0027_E_0006555,-3.3066230956
CtrSVDD_0028_E_0006556,-5.2109667637
CtrSVDD_0029_E_0006557,-2.9613802120
CtrSVDD_0030_E_0006558,-4.1437728663
CtrSVDD_0031_E_0006559,-3.1571193677
CtrSVDD_0032_E_0006560,-2.2781108561
CtrSVDD_0033_E_0006561,-3.3549024872
CtrSVDD_0034_E_0006562,-3.7835822091
CtrSVDD_0035_E_0006563,-2.5219644416
CtrSVDD_0036_E_0006564,0.0042814792
CtrSVDD_0037_E_0006565,-5.0682707023
CtrSVDD_0038_E_0006566,-2.3097070153
CtrSVDD_0039_E_0006567,-3.8222261636
CtrSVDD_0040_E_0006568,1.1093038909
CtrSVDD_0041_E_0006569,-4.0030435859
CtrSVDD_0042_E_0006570,1.6516574684
CtrSVDD_0043_E_0006571,-3.2605150549
CtrSVDD_0044_E_0006572,-0.1917712132
CtrSVDD_0045_E_0006573,-1.9585412372
CtrSVDD_0046_E_0006574,0.6877194580
CtrSVDD_0047_E_0006575,-2.7017643787
CtrSVDD_0000_E_0006576,-4.3465382321
CtrSVDD_0001_E_0006577,-4.5716445911
CtrSVDD_0002_E_0006578,-0.7310515452
CtrSVDD_0003_E_0006579,-4.0331852974
CtrSVDD_0004_E_0006580,-4.0180611014
CtrSVDD_0005_E_0006581,-0.8210025994
CtrSVDD_0006_E_0006582,-4.6464447362
CtrSVDD_0007_E_0006583,-3.3556672412
CtrSVDD_0008_E_0006584,-4.2321438984
CtrSVDD_0009_E_0006585,-1.8470183123
CtrSVDD_0010_E_0006586,-4.3392081276
CtrSVDD_0011_E_0006587,-3.6237864584
CtrSVDD_0012_E_0006588,-1.9661470278
CtrSVDD_0013_E_0006589,-3.9777560766
CtrSVDD_0014_E_0006590,-4.3593080902
CtrSVDD_0015_E_0006591,-2.1753754423
CtrSVDD_0016_E_0006592,-2.7536994373
CtrSVDD_0017_E_0006593,-1.0323732006
CtrSVDD_0018_E_0006594,0.7019651572
CtrSVDD_0019_E_0006595,0.4055453177
CtrSVDD_0020_E_0006596,-2.2181761856
CtrSVDD_0021_E_0006597,-4.2498690471
CtrSVDD_0022_E_0006598,-1.1718886088
CtrSVDD_0023_E_0006599,-4.0690291534
CtrSVDD_0024_E_0006600,-3.9539088026
CtrSVDD_0025_E_0006601,-5.6282110850
CtrSVDD_0026_E_0006602,-2.8372002504
CtrSVDD_0027_E_0006603,0.7472298860
CtrSVDD_0028_E_0006604,-2.0942623639
CtrSVDD_0029_E_0006605,0.6252484071
CtrSVDD_0030_E_0006606,-3.7068222476
CtrSVDD_0031_E_0006607,-4.3551042143
CtrSVDD_0032_E_0006608,-5.0683802594
CtrSVDD_0033_E_0006609,-3.7831804067
CtrSVDD_0034_E_0006610,0.2049494660
CtrSVDD_0035_E_0006611,-3.3266418061
CtrSVDD_0036_E_0006612,-2.9459150127
CtrSVDD_0037_E_0006613,-3.4521100093
CtrSVDD_0038_E_0006614,-3.3941919791
CtrSVDD_0039_E_0006615,-4.0601293395
CtrSVDD_0040_E_0006616,-3.4050018352
CtrSVDD_0041_E_0006617,-2.4105051761
CtrSVDD_0042_E_0006618,-3.5330693819
CtrSVDD_0043_E_0006619,0.2321696494
CtrSVDD_0044_E_0006620,-3.3627004121
CtrSVDD_0045_E_0006621,-5.1498735092
CtrSVDD_0046_E_0006622,-0.3578920410
CtrSVDD_0047_E_0006623,1.6004063287
CtrSVDD_0000_E_0006624,-3.1054889364
CtrSVDD_0001_E_0006625,-2.7705587221
CtrSVDD_0002_E_0006626,-2.9982499451
CtrSVDD_0003_E_0006627,1.5934953657
CtrSVDD_0004_E_0006628,0.8965151763
CtrSVDD_0005_E_0006629,-3.0514765159
CtrSVDD_0006_E_0006630,-3.5218141695
CtrSVDD_0007_E_0006631,-2.9975314293
CtrSVDD_0008_E_0006632,-2.1970496257
CtrSVDD_0009_E_0006633,-0.1128414574
CtrSVDD_0010_E_0006634,-2.1923073955
CtrSVDD_0011_E_0006635,-0.2726058039
CtrSVDD_0012_E_0006636,-4.9339594932
CtrSVDD_0013_E_0006637,-3.9624526667
CtrSVDD_0014_E_0006638,-3.8020268227
CtrSVDD_0015_E_0006639,-2.7340251738
CtrSVDD_0016_E_0006640,-3.3838114008
CtrSVDD_0017_E_0006641,-0.1396318267
CtrSVDD_0018_E_0006642,-1.1249678019
CtrSVDD_0019_E_0006643,-2.8953405850
CtrSVDD_0020_E_0006644,-0.4545172088
CtrSVDD_0021_E_0006645,-4.6662950834
CtrSVDD_0022_E_0006646,-4.0020697329
CtrSVDD_0023_E_0006647,-6.2111792170
CtrSVDD_0024_E_0006648,-3.9770631081
CtrSVDD_0025_E_0006649,-4.5784828515
CtrSVDD_0026_E_0006650,-3.4069600591
CtrSVDD_0027_E_0006651,-0.5358612181
CtrSVDD_0028_E_0006652,-1.2249298882
CtrSVDD_0029_E_0006653,-2.2885248625
CtrSVDD_0030_E_0006654,-4.8902572153
CtrSVDD_0031_E_0006655,-3.2132033099
CtrSVDD_0032_E_0006656,-3.6362269201
CtrSVDD_0033_E_0006657,-0.8733184570
CtrSVDD_0034_E_0006658,-5.6447515074
CtrSVDD_0035_E_0006659,-0.9415367479
CtrSVDD_0036_E_0006660,-3.4256923896
CtrSVDD_0037_E_0006661,-2.6189282604
CtrSVDD_0038_E_0006662,-2.5852337693
CtrSVDD_0039_E_0006663,-1.8947081064
CtrSVDD_0040_E_0006664,-2.2355936679
CtrSVDD_0041_E_0006665,-2.7869773051
CtrSVDD_0042_E_0006666,-3.9512474660
CtrSVDD_0043_E_0006667,-0.7166086196
CtrSVDD_0044_E_0006668,-3.5399562980
CtrSVDD_0045_E_0006669,-0.7492890010
CtrSVDD_0046_E_0006670,-2.4604847319
CtrSVDD_0047_E_0006671,-4.3095384485
CtrSVDD_0000_E_0006672,0.2988336633
CtrSVDD_0001_E_0006673,-4.9123814601
CtrSVDD_0002_E_0006674,-4.0509417828
CtrSVDD_0003_E_0006675,-3.5331097247
CtrSVDD_0004_E_0006676,-4.3561714001
CtrSVDD_0005_E_0006677,-4.4428481223
CtrSVDD_0006_E_0006678,-1.6116107664
CtrSVDD_0007_E_0006679,-4.5682462484
CtrSVDD_0008_E_0006680,-0.0155372041
CtrSVDD_0009_E_0006681,-4.0044074007
CtrSVDD_0010_E_0006682,-4.3802231631
CtrSVDD_0011_E_0006683,-3.2723791110
CtrSVDD_0012_E_0006684,-2.7990476563
CtrSVDD_0013_E_0006685,-4.5758359503
CtrSVDD_0014_E_0006686,-3.9281686967
CtrSVDD_0015_E_0006687,-3.2595280345
CtrSVDD_0016_E_0006688,0.5899181344
CtrSVDD_0017_E_0006689,-2.8075783242
CtrSVDD_0018_E_0006690,-1.3825043130
CtrSVDD_0019_E_0006691,-0.8977283052
CtrSVDD_0020_E_0006692,-2.5622917771
CtrSVDD_0021_E_0006693,-2.3883281562
CtrSVDD_0022_E_0006694,-3.7459649223
CtrSVDD_0023_E_0006695,-1.8429395102
CtrSVDD_0024_E_0006696,-0.8392748757
CtrSVDD_0025_E_0006697,-4.0990312691
CtrSVDD_0026_E_0006698,-4.5162539440
CtrSVDD_0027_E_0006699,-2.7311883871
CtrSVDD_0028_E_0006700,-1.9367487628
CtrSVDD_0029_E_0006701,-5.4128365345
CtrSVDD_0030_E_0006702,-2.4551689307
CtrSVDD_0031_E_0006703,-5.5330691513
CtrSVDD_0032_E_0006704,-5.9243263680
CtrSVDD_0033_E_0006705,-2.4550566815
CtrSVDD_0034_E_0006706,1.0516312817
CtrSVDD_0035_E_0006707,-3.7766814736
CtrSVDD_0036_E_0006708,-4.2684437422
CtrSVDD_0037_E_0006709,-3.5954331836
CtrSVDD_0038_E_0006710,-3.2283250013
CtrSVDD_0039_E_0006711,-4.0355954987
CtrSVDD_0040_E_0006712,-2.0909192224
CtrSVDD_0041_E_0006713,-4.8534753656
CtrSVDD_0042_E_0006714,-4.7959215093
CtrSVDD_0043_E_0006715,-4.3234788525
CtrSVDD_0044_E_0006716,-0.0694438963
CtrSVDD_0045_E_0006717,-0.0833242105
CtrSVDD_0046_E_0006718,-0.1810053629
CtrSVDD_0047_E_0006719,-3.0306328190
CtrSVDD_0000_E_0006720,-3.1125946552
CtrSVDD_0001_E_0006721,-3.7097616255
CtrSVDD_0002_E_0006722,-1.5595696761
CtrSVDD_0003_E_0006723,-3.4168871093
CtrSVDD_0004_E_0006724,-2.6906188423
CtrSVDD_0005_E_0006725,-4.3677482109
CtrSVDD_0006_E_0006726,-3.1737679975
CtrSVDD_0007_E_0006727,-5.6164334209
CtrSVDD_0008_E_0006728,0.9022332850
CtrSVDD_0009_E_0006729,-2.8533527193
CtrSVDD_0010_E_0006730,-2.3836045747
CtrSVDD_0011_E_0006731,-3.1426765601
CtrSVDD_0012_E_0006732,-3.7617582764
CtrSVDD_0013_E_0006733,-0.0350296133
CtrSVDD_0014_E_0006734,-1.8953201781
CtrSVDD_0015_E_0006735,0.1707792806
CtrSVDD_0016_E_0006736,-3.4482129193
CtrSVDD_0017_E_0006737,-3.2726374302
CtrSVDD_0018_E_0006738,-2.8877682567
CtrSVDD_0019_E_0006739,-2.9047545480
CtrSVDD_0020_E_0006740,-3.2788823834
CtrSVDD_0021_E_0006741,-5.3632348935
CtrSVDD_0022_E_0006742,-3.4891907489
CtrSVDD_0023_E_0006743,0.5618492257
CtrSVDD_0024_E_0006744,-4.6608003492
CtrSVDD_0025_E_0006745,-2.2854987197
CtrSVDD_0026_E_0006746,-0.4039871075
CtrSVDD_0027_E_0006747,-0.1504163593
CtrSVDD_0028_E_0006748,-0.6387066620
CtrSVDD_0029_E_0006749,-3.5762427309
CtrSVDD_0030_E_0006750,-1.0820552086
CtrSVDD_0031_E_0006751,-2.8621247793
CtrSVDD_0032_E_0006752,-3.4853350678
CtrSVDD_0033_E_0006753,-0.7699085707
CtrSVDD_0034_E_0006754,-3.2610185725
CtrSVDD_0035_E_0006755,-2.8817778592
CtrSVDD_0036_E_0006756,-4.1094384729
CtrSVDD_0037_E_0006757,-0.3408821021
CtrSVDD_0038_E_0006758,-3.0348103232
CtrSVDD_0039_E_0006759,0.6912677074
CtrSVDD_0040_E_0006760,-2.4323118912
CtrSVDD_0041_E_0006761,-1.4061737985
CtrSVDD_0042_E_0006762,0.2886104937
CtrSVDD_0043_E_0006763,-4.5317361236
CtrSVDD_0044_E_0006764,0.4832668847
CtrSVDD_0045_E_0006765,-4.9258960822
CtrSVDD_0046_E_0006766,-2.7070711342
CtrSVDD_0047_E_0006767,-2.0847450675
CtrSVDD_0000_E_0006768,-1.2326619388
CtrSVDD_0001_E_0006769,-3.8051053911
CtrSVDD_0002_E_0006770,0.3489584066
CtrSVDD_0003_E_0006771,-0.3728455586
CtrSVDD_0004_E_0006772,-4.9576697637
CtrSVDD_0005_E_0006773,-0.0442802881
CtrSVDD_0006_E_0006774,-4.6014775647
CtrSVDD_0007_E_0006775,-5.6927776469
CtrSVDD_0008_E_0006776,-4.8026585099
CtrSVDD_0009_E_0006777,-2.6172349660
CtrSVDD_0010_E_0006778,-0.5117628915
CtrSVDD_0011_E_0006779,1.0676050914
CtrSVDD_0012_E_0006780,-5.0366725594
CtrSVDD_0013_E_0006781,-0.5069852349
CtrSVDD_0014_E_0006782,-2.7937557608
CtrSVDD_0015_E_0006783,-4.5585056077
CtrSVDD_0016_E_0006784,0.1452905048
CtrSVDD_0017_E_0006785,-2.7150044216
CtrSVDD_0018_E_0006786,-4.7146348578
CtrSVDD_0019_E_0006787,-5.0472643694
CtrSVDD_0020_E_0006788,-4.6944000612
CtrSVDD_0021_E_0006789,-5.7933849731
CtrSVDD_0022_E_0006790,-2.3651268639
CtrSVDD_0023_E_0006791,-1.4291755796
CtrSVDD_0024_E_0006792,-3.2219439514
CtrSVDD_0025_E_0006793,-2.0234857367
CtrSVDD_0026_E_0006794,-4.0462967302
CtrSVDD_0027_E_0006795,-2.8204132424
CtrSVDD_0028_E_0006796,-3.7915636869
CtrSVDD_0029_E_0006797,-3.2447657048
CtrSVDD_0030_E_0006798,-3.8683525912
CtrSVDD_0031_E_0006799,-3.6310452242
CtrSVDD_0032_E_0006800,-2.3516847703
CtrSVDD_0033_E_0006801,-3.0977825334
CtrSVDD_0034_E_0006802,-6.3653161273
CtrSVDD_0035_E_0006803,-0.2842384143
CtrSVDD_0036_E_0006804,-3.8695733983
CtrSVDD_0037_E_0006805,-2.6949963217
CtrSVDD_0038_E_0006806,-2.4126900467
CtrSVDD_0039_E_0006807,-2.6458491516
CtrSVDD_0040_E_0006808,-2.7172187240
CtrSVDD_0041_E_0006809,-0.8177421023
CtrSVDD_0042_E_0006810,-2.2718449199
CtrSVDD_0043_E_0006811,-5.3486845611
CtrSVDD_0044_E_0006812,-3.4173817027
CtrSVDD_0045_E_0006813,-5.0040772433
CtrSVDD_0046_E_0006814,0.1634766645
CtrSVDD_0047_E_0006815,-3.1674493406
CtrSVDD_0000_E_0006816,-2.5460757381
CtrSVDD_0001_E_0006817,-2.8279402317
CtrSVDD_0002_E_0006818,-3.6829569235
CtrSVDD_0003_E_0006819,-2.3075123965
CtrSVDD_0004_E_0006820,-3.4339008607
CtrSVDD_0005_E_0006821,-2.3491211928
CtrSVDD_0006_E_0006822,-1.0876109939
CtrSVDD_0007_E_0006823,-0.9706799193
CtrSVDD_0008_E_0006824,0.6561637812
CtrSVDD_0009_E_0006825,-3.6029369033
CtrSVDD_0010_E_0006826,-2.5627867728
CtrSVDD_0011_E_0006827,-0.0940175059
CtrSVDD_0012_E_0006828,-3.2759032609
CtrSVDD_0013_E_0006829,-0.4121280969
CtrSVDD_0014_E_0006830,-0.0179912442
CtrSVDD_0015_E_0006831,-4.9680902314
CtrSVDD_0016_E_0006832,-3.1259069843
CtrSVDD_0017_E_0006833,-1.3997371493
CtrSVDD_0018_E_0006834,-5.1862236994
CtrSVDD_0019_E_0006835,0.7992729940
CtrSVDD_0020_E_0006836,-2.3905034016
CtrSVDD_0021_E_0006837,-3.7699165432
CtrSVDD_0022_E_0006838,-2.8213244301
CtrSVDD_0023_E_0006839,-4.1092527595
CtrSVDD_0024_E_0006840,0.6265964762
CtrSVDD_0025_E_0006841,-6.3724148197
CtrSVDD_0026_E_0006842,-3.0535663291
CtrSVDD_0027_E_0006843,-3.3853210127
CtrSVDD_0028_E_0006844,-2.1143897158
CtrSVDD_0029_E_0006845,-0.3061550341
CtrSVDD_0030_E_0006846,0.6509158663
CtrSVDD_0031_E_0006847,-3.6636796964
CtrSVDD_0032_E_0006848,-2.5307955101
CtrSVDD_0033_E_0006849,-0.0622863212
CtrSVDD_0034_E_0006850,-3.7154256065
CtrSVDD_0035_E_0006851,-3.9996360085
CtrSVDD_0036_E_0006852,-1.6834458074
CtrSVDD_0037_E_0006853,-3.0242587653
CtrSVDD_0038_E_0006854,-2.1411937894
CtrSVDD_0039_E_0006855,0.4864133783
CtrSVDD_0040_E_0006856,-3.5728425303
CtrSVDD_0041_E_0006857,-3.9613563112
CtrSVDD_0042_E_0006858,1.1905839276
CtrSVDD_0043_E_0006859,-0.0594835540
CtrSVDD_0044_E_0006860,-3.5269838430
CtrSVDD_0045_E_0006861,-2.5950953924
CtrSVDD_0046_E_0006862,-0.3430181294
CtrSVDD_0047_E_0006863,-3.3868129785
CtrSVDD_0000_E_0006864,-3.1166105351
CtrSVDD_0001_E_0006865,-1.0252493761
CtrSVDD_0002_E_0006866,-4.5812518904
CtrSVDD_0003_E_0006867,-3.8607878811
CtrSVDD_0004_E_0006868,-3.5062418250
CtrSVDD_0005_E_0006869,-4.2625322676
CtrSVDD_0006_E_0006870,-0.2179707433
CtrSVDD_0007_E_0006871,-1.4901961925
CtrSVDD_0008_E_0006872,-3.4505116691
CtrSVDD_0009_E_0006873,-0.7127435471
CtrSVDD_0010_E_0006874,-4.0647748687
CtrSVDD_0011_E_0006875,-2.7101964113
CtrSVDD_0012_E_0006876,-0.2547636933
CtrSVDD_0013_E_0006877,-2.3113027113
CtrSVDD_0014_E_0006878,-3.3802227093
CtrSVDD_0015_E_0006879,1.1489950162
CtrSVDD_0016_E_0006880,-3.8984876723
CtrSVDD_0017_E_0006881,-1.8998389496
CtrSVDD_0018_E_0006882,-4.4122327190
CtrSVDD_0019_E_0006883,-2.6079943848
CtrSVDD_0020_E_0006884,-2.0437385063
CtrSVDD_0021_E_0006885,-0.0440760921
CtrSVDD_0022_E_0006886,-4.0049129923
CtrSVDD_0023_E_0006887,1.1965339706
CtrSVDD_0024_E_0006888,-0.5588557813
CtrSVDD_0025_E_0006889,-1.2976618482
CtrSVDD_0026_E_0006890,0.6165911502
CtrSVDD_0027_E_0006891,-4.6344269775
CtrSVDD_0028_E_0006892,-2.9757262834
CtrSVDD_0029_E_0006893,-1.0078846132
CtrSVDD_0030_E_0006894,-3.9096455410
CtrSVDD_0031_E_0006895,-3.7056214052
CtrSVDD_0032_E_0006896,-1.4715048178
CtrSVDD_0033_E_0006897,-1.5217014647
CtrSVDD_0034_E_0006898,-2.9784667052
CtrSVDD_0035_E_0006899,-4.4610791208
CtrSVDD_0036_E_0006900,-2.4134267067
CtrSVDD_0037_E_0006901,-4.7308213056
CtrSVDD_0038_E_0006902,-4.2824764767
CtrSVDD_0039_E_0006903,-4.0436692246
CtrSVDD_0040_E_0006904,-2.0982434982
CtrSVDD_0041_E_0006905,-0.1864134628
CtrSVDD_0042_E_0006906,-4.0816170040
CtrSVDD_0043_E_0006907,-5.0041787803
CtrSVDD_0044_E_0006908,-3.7551338724
CtrSVDD_0045_E_0006909,-5.5913574833
CtrSVDD_0046_E_0006910,-4.8266261008
CtrSVDD_0047_E_0006911,-1.0088261121
CtrSVDD_0000_E_0006912,1.2768173084
CtrSVDD_0001_E_0006913,-2.1946299077
CtrSVDD_0002_E_0006914,-5.0394815542
CtrSVDD_0003_E_0006915,-4.1794052729
CtrSVDD_0004_E_0006916,-5.3230378803
CtrSVDD_0005_E_0006917,-3.5080587175
CtrSVDD_0006_E_0006918,-2.9493460923
CtrSVDD_0007_E_0006919,-4.7003815710
CtrSVDD_0008_E_0006920,-3.8666755879
CtrSVDD_0009_E_0006921,-4.5603680964
CtrSVDD_0010_E_0006922,-2.6307435738
CtrSVDD_0011_E_0006923,-3.6992829522
CtrSVDD_0012_E_0006924,-4.0794931077
CtrSVDD_0013_E_0006925,-3.2708960991
CtrSVDD_0014_E_0006926,-0.6151683372
CtrSVDD_0015_E_0006927,-1.5954228239
CtrSVDD_0016_E_0006928,-5.5153963912
CtrSVDD_0017_E_0006929,-2.9131505016
CtrSVDD_0018_E_0006930,-5.7117553768
CtrSVDD_0019_E_0006931,-2.0558882496
CtrSVDD_0020_E_0006932,-3.5478549240
CtrSVDD_0021_E_0006933,-4.2467969621
CtrSVDD_0022_E_0006934,-4.5406854112
CtrSVDD_0023_E_0006935,-2.5075159973
CtrSVDD_0024_E_0006936,-5.1698631907
CtrSVDD_0025_E_0006937,-3.2436792733
CtrSVDD_0026_E_0006938,-3.3898550709
CtrSVDD_0027_E_0006939,-2.4285530871
CtrSVDD_0028_E_0006940,-2.5677703017
CtrSVDD_0029_E_0006941,-3.0939188756
CtrSVDD_0030_E_0006942,-3.0403739570
CtrSVDD_0031_E_0006943,-4.1174898771
CtrSVDD_0032_E_0006944,-0.5277739351
CtrSVDD_0033_E_0006945,-5.0474993999
CtrSVDD_0034_E_0006946,-4.2849125380
CtrSVDD_0035_E_0006947,-1.9284773647
CtrSVDD_0036_E_0006948,-2.2454552605
CtrSVDD_0037_E_0006949,-2.8760943294
CtrSVDD_0038_E_0006950,-1.3212152409
CtrSVDD_0039_E_0006951,-3.2857269901
CtrSVDD_0040_E_0006952,-5.1648119208
CtrSVDD_0041_E_0006953,-2.2555119365
CtrSVDD_0042_E_0006954,-1.5435146079
CtrSVDD_0043_E_0006955,-0.2408003976
CtrSVDD_0044_E_0006956,-2.1507535424
CtrSVDD_0045_E_0006957,-2.7155001540
CtrSVDD_0046_E_0006958,-3.7160989235
CtrSVDD_0047_E_0006959,-2.9432794935
CtrSVDD_0000_E_0006960,-0.0777108845
CtrSVDD_0001_E_0006961,-4.3727846188
CtrSVDD_0002_E_0006962,-1.1962863813
CtrSVDD_0003_E_0006963,-0.7946955157
CtrSVDD_0004_E_0006964,-4.9676513300
CtrSVDD_0005_E_0006965,1.1435985132
CtrSVDD_0006_E_0006966,-2.6299057583
CtrSVDD_0007_E_0006967,-1.9543279103
CtrSVDD_0008_E_0006968,-0.5356828623
CtrSVDD_0009_E_0006969,-4.7373579527
CtrSVDD_0010_E_0006970,-1.0450921730
CtrSVDD_0011_E_0006971,-0.8993535460
CtrSVDD_0012_E_0006972,-6.1584150294
CtrSVDD_0013_E_0006973,-2.9591920442
CtrSVDD_0014_E_0006974,-3.5045717012
CtrSVDD_0015_E_0006975,-3.7847219594
CtrSVDD_0016_E_0006976,-5.0970406931
CtrSVDD_0017_E_0006977,-6.0473934617
CtrSVDD_0018_E_0006978,1.7202915191
CtrSVDD_0019_E_0006979,-2.3234387403
CtrSVDD_0020_E_0006980,-4.2061526941
CtrSVDD_0021_E_0006981,-4.9879028035
CtrSVDD_0022_E_0006982,-2.7214895837
CtrSVDD_0023_E_0006983,-3.8381543872
CtrSVDD_0024_E_0006984,-0.5054664990
CtrSVDD_0025_E_0006985,-4.7731374792
CtrSVDD_0026_E_0006986,-5.0446620760
CtrSVDD_0027_E_0006987,-4.6246282744
CtrSVDD_0028_E_0006988,0.1481396568
CtrSVDD_0029_E_0006989,-3.7787200869
CtrSVDD_0030_E_0006990,-2.6640174698
CtrSVDD_0031_E_0006991,-4.0565814936
CtrSVDD_0032_E_0006992,-4.0091443383
CtrSVDD_0033_E_0006993,0.9154926949
CtrSVDD_0034_E_0006994,-0.1495262561
CtrSVDD_0035_E_0006995,-3.9849050351
CtrSVDD_0036_E_0006996,-2.9690145872
CtrSVDD_0037_E_0006997,-0.2772278799
CtrSVDD_0038_E_0006998,-2.2420497159
CtrSVDD_0039_E_0006999,-3.9299563909
CtrSVDD_0040_E_0007000,-3.8701360227
CtrSVDD_0041_E_0007001,-1.7128471396
CtrSVDD_0042_E_0007002,-4.1846581055
CtrSVDD_0043_E_0007003,-4.1829386498
CtrSVDD_0044_E_0007004,-1.0370011079
CtrSVDD_0045_E_0007005,-3.3005613607
CtrSVDD_0046_E_0007006,-3.9148123539
CtrSVDD_0047_E_0007007,-2.9103760223
CtrSVDD_0000_E_0007008,-3.1778822645
CtrSVDD_0001_E_0007009,-1.5723406467
CtrSVDD_0002_E_0007010,1.7685124083
CtrSVDD_0003_E_0007011,-0.0422585937
CtrSVDD_0004_E_0007012,-5.2140094093
CtrSVDD_0005_E_0007013,-4.8580099080
CtrSVDD_0006_E_0007014,-0.8269141635
CtrSVDD_0007_E_0007015,-5.4008806636
CtrSVDD_0008_E_0007016,-1.2211742921
CtrSVDD_0009_E_0007017,-1.1426286231
CtrSVDD_0010_E_0007018,-3.6336971948
CtrSVDD_0011_E_0007019,-4.5173259008
CtrSVDD_0012_E_0007020,-0.5711538750
CtrSVDD_0013_E_0007021,-4.7619670355
CtrSVDD_0014_E_0007022,1.3263921989
CtrSVDD_0015_E_0007023,0.2035211983
CtrSVDD_0016_E_0007024,-4.5048641586
CtrSVDD_0017_E_0007025,-3.0811905175
CtrSVDD_0018_E_0007026,-4.5731214332
CtrSVDD_0019_E_0007027,-4.8288407061
CtrSVDD_0020_E_0007028,1.2679967613
CtrSVDD_0021_E_0007029,0.4443244374
CtrSVDD_0022_E_0007030,1.4430885239
CtrSVDD_0023_E_0007031,-4.6749383520
CtrSVDD_0024_E_0007032,-1.0839681193
CtrSVDD_0025_E_0007033,-4.1562310062
CtrSVDD_0026_E_0007034,-0.9413214015
CtrSVDD_0027_E_0007035,-3.7004661433
CtrSVDD_0028_E_0007036,-3.8098370971
CtrSVDD_0029_E_0007037,-3.0002384321
CtrSVDD_0030_E_0007038,-3.6518079262
CtrSVDD_0031_E_0007039,-1.2725783201
CtrSVDD_0032_E_0007040,-2.3486423820
CtrSVDD_0033_E_0007041,-3.1711901575
CtrSVDD_0034_E_0007042,1.8804728729
CtrSVDD_0035_E_0007043,-3.5344425653
CtrSVDD_0036_E_0007044,-1.4935404796
CtrSVDD_0037_E_0007045,-3.6393933121
CtrSVDD_0038_E_0007046,1.5501990408
CtrSVDD_0039_E_0007047,-3.2649640933
CtrSVDD_0040_E_0007048,-6.2205511322
CtrSVDD_0041_E_0007049,-1.7327094646
CtrSVDD_0042_E_0007050,-3.5194540275
CtrSVDD_0043_E_0007051,-2.8065352512
CtrSVDD_0044_E_0007052,-1.9980536887
CtrSVDD_0045_E_0007053,-3.0056403347
CtrSVDD_0046_E_0007054,-2.6433469382
CtrSVDD_0047_E_0007055,-3.3883051716
CtrSVDD_0000_E_0007056,-1.9855940954
CtrSVDD_0001_E_0007057,-3.7425676674
CtrSVDD_0002_E_0007058,-1.5621666838
CtrSVDD_0003_E_0007059,-3.5841738350
CtrSVDD_0004_E_0007060,-2.0210038888
CtrSVDD_0005_E_0007061,-1.4467838589
CtrSVDD_0006_E_0007062,-3.5299680019
CtrSVDD_0007_E_0007063,-3.9882063619
CtrSVDD_0008_E_0007064,-2.9437472786
CtrSVDD_0009_E_0007065,-1.1171015851
CtrSVDD_0010_E_0007066,-2.8018306896
CtrSVDD_0011_E_0007067,-3.4565684901
CtrSVDD_0012_E_0007068,-3.9390303658
CtrSVDD_0013_E_0007069,0.4482253954
CtrSVDD_0014_E_0007070,-0.6812542849
CtrSVDD_0015_E_0007071,-5.1689523465
CtrSVDD_0016_E_0007072,-2.6751727325
CtrSVDD_0017_E_0007073,-3.0658250262
CtrSVDD_0018_E_0007074,-4.3672280928
CtrSVDD_0019_E_0007075,-4.1375025309
CtrSVDD_0020_E_0007076,-4.9168643783
CtrSVDD_0021_E_0007077,-2.4472585918
CtrSVDD_0022_E_0007078,-3.9246452226
CtrSVDD_0023_E_0007079,-2.7804233290
CtrSVDD_0024_E_0007080,-3.3930295184
CtrSVDD_0025_E_0007081,-4.4532478467
CtrSVDD_0026_E_0007082,-3.3913698419
CtrSVDD_0027_E_0007083,-5.8040491968
CtrSVDD_0028_E_0007084,-3.2846233232
CtrSVDD_0029_E_0007085,0.1793015971
CtrSVDD_0030_E_0007086,0.1283405650
CtrSVDD_0031_E_0007087,-0.6475143547
CtrSVDD_0032_E_0007088,-3.1877769888
CtrSVDD_0033_E_0007089,-3.8966355004
CtrSVDD_0034_E_0007090,-3.7081927293
CtrSVDD_0035_E_0007091,-3.1987864377
CtrSVDD_0036_E_0007092,-3.5422032367
CtrSVDD_0037_E_0007093,-0.4746724640
CtrSVDD_0038_E_0007094,-1.7706184206
CtrSVDD_0039_E_0007095,-3.5135356939
CtrSVDD_0040_E_0007096,-3.6203931172
CtrSVDD_0041_E_0007097,-4.8548472581
CtrSVDD_0042_E_0007098,-3.0158818126
CtrSVDD_0043_E_0007099,-2.6681710002
CtrSVDD_0044_E_0007100,-3.5026028899
CtrSVDD_0045_E_0007101,-4.3205369121
CtrSVDD_0046_E_0007102,-2.8260061684
CtrSVDD_0047_E_0007103,1.4274166951
CtrSVDD_0000_E_0007104,-3.9303072183
CtrSVDD_0001_E_0007105,-4.2077832875
CtrSVDD_0002_E_0007106,-2.4468441660
CtrSVDD_0003_E_0007107,-5.2179164696
CtrSVDD_0004_E_0007108,-0.8146352728
CtrSVDD_0005_E_0007109,1.3434402402
CtrSVDD_0006_E_0007110,-5.4399857547
CtrSVDD_0007_E_0007111,-2.3091107542
CtrSVDD_0008_E_0007112,-2.2576664220
CtrSVDD_0009_E_0007113,-2.7733570240
CtrSVDD_0010_E_0007114,-4.2467040782
CtrSVDD_0011_E_0007115,-0.6003450504
CtrSVDD_0012_E_0007116,-3.3144074602
CtrSVDD_0013_E_0007117,-2.1199263298
CtrSVDD_0014_E_0007118,-1.8053396906
CtrSVDD_0015_E_0007119,-3.5946664783
CtrSVDD_0016_E_0007120,-3.0084346202
CtrSVDD_0017_E_0007121,-2.8297307129
CtrSVDD_0018_E_0007122,-3.5088523092
CtrSVDD_0019_E_0007123,-3.7557951970
CtrSVDD_0020_E_0007124,1.8075939945
CtrSVDD_0021_E_0007125,-3.8846062398
CtrSVDD_0022_E_0007126,1.1517058579
CtrSVDD_0023_E_0007127,-3.7429825346
CtrSVDD_0024_E_0007128,-0.4837730695
CtrSVDD_0025_E_0007129,-4.6573440451
CtrSVDD_0026_E_0007130,-4.2252410963
CtrSVDD_0027_E_0007131,-2.5369287161
CtrSVDD_0028_E_0007132,-1.2273931339
CtrSVDD_0029_E_0007133,-3.5976343681
CtrSVDD_0030_E_0007134,-3.9509326519
CtrSVDD_0031_E_0007135,-4.5515741639
CtrSVDD_0032_E_0007136,-1.3012341550
CtrSVDD_0033_E_0007137,-3.7588810597
CtrSVDD_0034_E_0007138,-4.0732789238
CtrSVDD_0035_E_0007139,-0.6423478973
CtrSVDD_0036_E_0007140,-5.2648183034
CtrSVDD_0037_E_0007141,-4.9796499465
CtrSVDD_0038_E_0007142,-2.9006501133
CtrSVDD_0039_E_0007143,-4.4352350489
CtrSVDD_0040_E_0007144,-0.0253231211
CtrSVDD_0041_E_0007145,-2.6711559212
CtrSVDD_0042_E_0007146,-3.4737570784
CtrSVDD_0043_E_0007147,-2.4553066044
CtrSVDD_0044_E_0007148,-2.6613386757
CtrSVDD_0045_E_0007149,-3.6079482830
CtrSVDD_0046_E_0007150,-3.6780701012
CtrSVDD_0047_E_0007151,0.6167670433
CtrSVDD_0000_E_0007152,-2.9772079623
CtrSVDD_0001_E_0007153,-2.9143598012
CtrSVDD_0002_E_0007154,-4.1118019605
CtrSVDD_0003_E_0007155,1.8380753872
CtrSVDD_0004_E_0007156,0.2221542025
CtrSVDD_0005_E_0007157,-4.6012045199
CtrSVDD_0006_E_0007158,-4.3218463851
CtrSVDD_0007_E_0007159,-2.6283325248
CtrSVDD_0008_E_0007160,-4.4189706186
CtrSVDD_0009_E_0007161,0.0973694111
CtrSVDD_0010_E_0007162,-2.2224564251
CtrSVDD_0011_E_0007163,-2.6934523069
CtrSVDD_0012_E_0007164,-3.9345696051
CtrSVDD_0013_E_0007165,-3.6133449992
CtrSVDD_0014_E_0007166,-4.4228438301
CtrSVDD_0015_E_0007167,-5.3036782482
CtrSVDD_0016_E_0007168,-3.8158554726
CtrSVDD_0017_E_0007169,-3.4932213939
CtrSVDD_0018_E_0007170,0.3415349575
CtrSVDD_0019_E_0007171,-2.6069893756
CtrSVDD_0020_E_0007172,-4.4576186860
CtrSVDD_0021_E_0007173,-3.9699648917
CtrSVDD_0022_E_0007174,-4.1224843463
CtrSVDD_0023_E_0007175,-2.3577390308
CtrSVDD_0024_E_0007176,1.5643068011
CtrSVDD_0025_E_0007177,-4.2386940412
CtrSVDD_0026_E_0007178,0.1978122464
CtrSVDD_0027_E_0007179,1.1136355709
CtrSVDD_0028_E_0007180,0.2662304120
CtrSVDD_0029_E_0007181,-4.3252873475
CtrSVDD_0030_E_0007182,-1.0872116626
CtrSVDD_0031_E_0007183,-4.8837559667
CtrSVDD_0032_E_0007184,-2.8913578945
CtrSVDD_0033_E_0007185,0.3504453938
CtrSVDD_0034_E_0007186,-3.9837262410
CtrSVDD_0035_E_0007187,-4.6200236656
CtrSVDD_0036_E_0007188,-3.9697588675
CtrSVDD_0037_E_0007189,0.2727008765
CtrSVDD_0038_E_0007190,-3.2100767230
CtrSVDD_0039_E_0007191,-3.3566820896
CtrSVDD_0040_E_0007192,-3.2684587242
CtrSVDD_0041_E_0007193,-4.3551868998
CtrSVDD_0042_E_0007194,-2.6265691003
CtrSVDD_0043_E_0007195,-3.8727454082
CtrSVDD_0044_E_0007196,-2.8459318907
CtrSVDD_0045_E_0007197,-3.0770936805
CtrSVDD_0046_E_0007198,-2.7505535129
CtrSVDD_0047_E_0007199,-4.3565043191
CtrSVDD_0000_E_0007200,-0.1340525266
CtrSVDD_0001_E_0007201,-1.5253284611
CtrSVDD_0002_E_0007202,-1.1768000093
CtrSVDD_0003_E_0007203,-3.9829890959
CtrSVDD_0004_E_0007204,-4.2235324096
CtrSVDD_0005_E_0007205,-3.6289892889
CtrSVDD_0006_E_0007206,-2.3044227438
CtrSVDD_0007_E_0007207,-4.3976413768
CtrSVDD_0008_E_0007208,-2.6119469869
CtrSVDD_0009_E_0007209,-1.8587820645
CtrSVDD_0010_E_0007210,-5.0759238415
CtrSVDD_0011_E_0007211,-3.5673951193
CtrSVDD_0012_E_0007212,-2.6503371419
CtrSVDD_0013_E_0007213,-3.7200788706
CtrSVDD_0014_E_0007214,-2.9400294416
CtrSVDD_0015_E_0007215,-4.7727717659
CtrSVDD_0016_E_0007216,-4.4494059204
CtrSVDD_0017_E_0007217,-4.2580151180
CtrSVDD_0018_E_0007218,-3.0363986759
CtrSVDD_0019_E_0007219,-3.9558095268
CtrSVDD_0020_E_0007220,0.1452840503
CtrSVDD_0021_E_0007221,-2.3070663270
CtrSVDD_0022_E_0007222,-1.6169871307
CtrSVDD_0023_E_0007223,-4.1729088000
CtrSVDD_0024_E_0007224,-5.2098006095
CtrSVDD_0025_E_0007225,-3.8189907825
CtrSVDD_0026_E_0007226,1.2774288271
CtrSVDD_0027_E_0007227,-4.6784761196
CtrSVDD_0028_E_0007228,-4.6363634809
CtrSVDD_0029_E_0007229,0.2755104387
CtrSVDD_0030_E_0007230,-5.4948652139
CtrSVDD_0031_E_0007231,-0.0277571090
CtrSVDD_0032_E_0007232,-1.0855898010
CtrSVDD_0033_E_0007233,-1.0419539366
CtrSVDD_0034_E_0007234,-3.1259598423
CtrSVDD_0035_E_0007235,-2.6839572377
CtrSVDD_0036_E_0007236,-2.8484102022
CtrSVDD_0037_E_0007237,-0.3519331562
CtrSVDD_0038_E_0007238,-1.7808044504
CtrSVDD_0039_E_0007239,-1.2360429018
CtrSVDD_0040_E_0007240,-4.4818588718
CtrSVDD_0041_E_0007241,-4.7122724223
CtrSVDD_0042_E_0007242,-2.2942609054
CtrSVDD_0043_E_0007243,-2.2143439540
CtrSVDD_0044_E_0007244,-2.8574823702
CtrSVDD_0045_E_0007245,0.8819752741
CtrSVDD_0046_E_0007246,-3.1892639081
CtrSVDD_0047_E_0007247,-1.1997682594
CtrSVDD_0000_E_0007248,-4.4680185592
CtrSVDD_0001_E_0007249,-0.1121501310
CtrSVDD_0002_E_0007250,-3.0724331447
CtrSVDD_0003_E_0007251,-1.1067196000
CtrSVDD_0004_E_0007252,-4.6979434020
CtrSVDD_0005_E_0007253,-2.9014308154
CtrSVDD_0006_E_0007254,-3.4308754042
CtrSVDD_0007_E_0007255,0.7886275707
CtrSVDD_0008_E_0007256,-3.4262804982
CtrSVDD_0009_E_0007257,0.5965898493
CtrSVDD_0010_E_0007258,1.5690792921
CtrSVDD_0011_E_0007259,-3.9018920815
CtrSVDD_0012_E_0007260,-1.6544824333
CtrSVDD_0013_E_0007261,-3.6113235452
CtrSVDD_0014_E_0007262,-1.4274166951
CtrSVDD_0015_E_0007263,-2.1322977461
CtrSVDD_0016_E_0007264,-4.9306903779
CtrSVDD_0017_E_0007265,-2.8279659365
CtrSVDD_0018_E_0007266,-3.5769102701
CtrSVDD_0019_E_0007267,0.6596373073
CtrSVDD_0020_E_0007268,-3.9662758147
CtrSVDD_0021_E_0007269,1.5273495790
CtrSVDD_0022_E_0007270,-0.5833961851
CtrSVDD_0023_E_0007271,-1.4550792554
CtrSVDD_0024_E_0007272,-2.7214901617
CtrSVDD_0025_E_0007273,-2.9097769759
CtrSVDD_0026_E_0007274,-3.9353303606
CtrSVDD_0027_E_0007275,-3.1505479164
CtrSVDD_0028_E_0007276,-2.7053750994
CtrSVDD_0029_E_0007277,-2.4689278853
CtrSVDD_0030_E_0007278,-3.0277570995
CtrSVDD_0031_E_0007279,-4.6394827513
CtrSVDD_0032_E_0007280,-2.0815316662
CtrSVDD_0033_E_0007281,-2.9813925984
CtrSVDD_0034_E_0007282,0.6666083698
CtrSVDD_0035_E_0007283,-4.2320902973
CtrSVDD_0036_E_0007284,-4.7960357013
CtrSVDD_0037_E_0007285,-3.1271768920
CtrSVDD_0038_E_0007286,-3.5150953860
CtrSVDD_0039_E_0007287,-3.6803326087
CtrSVDD_0040_E_0007288,-4.3306541402
CtrSVDD_0041_E_0007289,-4.1454635527
CtrSVDD_0042_E_0007290,-0.0973694111
CtrSVDD_0043_E_0007291,-4.7761990928
CtrSVDD_0044_E_0007292,-1.9828413821
CtrSVDD_0045_E_0007293,-5.1917569388
CtrSVDD_0046_E_0007294,-4.1712415516
CtrSVDD_0047_E_0007295,-3.4066084904
CtrSVDD_0000_E_0007296,-4.5939866840
CtrSVDD_0001_E_0007297,2.4585253458
CtrSVDD_0002_E_0007298,-3.7623534632
CtrSVDD_0003_E_0007299,-0.6666083698
CtrSVDD_0004_E_0007300,1.4966413405
CtrSVDD_0005_E_0007301,-3.1649522739
CtrSVDD_0006_E_0007302,1.3823877397
CtrSVDD_0007_E_0007303,-2.7556838145
CtrSVDD_0008_E_0007304,-3.0451529919
CtrSVDD_0009_E_0007305,0.0606172336
CtrSVDD_0010_E_0007306,-4.7717140215
CtrSVDD_0011_E_0007307,-1.5811534266
CtrSVDD_0012_E_0007308,-1.7235816429
CtrSVDD_0013_E_0007309,-3.8137866852
CtrSVDD_0014_E_0007310,-1.2753916867
CtrSVDD_0015_E_0007311,-3.5445987070
CtrSVDD_0016_E_0007312,-4.0370388171
CtrSVDD_0017_E_0007313,-4.0059170680
CtrSVDD_0018_E_0007314,-3.7671158101
CtrSVDD_0019_E_0007315,-3.7171065779
CtrSVDD_0020_E_0007316,-3.3037091732
CtrSVDD_0021_E_0007317,-3.1106293273
CtrSVDD_0022_E_0007318,-0.8863446115
CtrSVDD_0023_E_0007319,-2.8415224264
CtrSVDD_0024_E_0007320,-0.6249741089
CtrSVDD_0025_E_0007321,-2.8636796274
CtrSVDD_0026_E_0007322,-3.5563321664
CtrSVDD_0027_E_0007323,-2.7080363246
CtrSVDD_0028_E_0007324,-3.4231622192
CtrSVDD_0029_E_0007325,-3.5547550109
CtrSVDD_0030_E_0007326,2.5521872733
CtrSVDD_0031_E_0007327,-2.3473271802
CtrSVDD_0032_E_0007328,-3.6955727186
CtrSVDD_0033_E_0007329,-1.2178757727
CtrSVDD_0034_E_0007330,-4.2789583821
CtrSVDD_0035_E_0007331,0.3488224086
CtrSVDD_0036_E_0007332,-0.8002791039
CtrSVDD_0037_E_0007333,-2.7702481830
CtrSVDD_0038_E_0007334,2.2396815046
CtrSVDD_0039_E_0007335,-2.8079401619
CtrSVDD_0040_E_0007336,-3.4840764324
CtrSVDD_0041_E_0007337,-2.4518663906
CtrSVDD_0042_E_0007338,0.6032504628
CtrSVDD_0043_E_0007339,-5.1493736344
CtrSVDD_0044_E_0007340,-0.8837963557
CtrSVDD_0045_E_0007341,-3.0664725314
CtrSVDD_0046_E_0007342,-2.1006739908
CtrSVDD_0047_E_0007343,-4.0889926360
CtrSVDD_0000_E_0007344,-2.2875802254
CtrSVDD_0001_E_0007345,-3.1363496502
CtrSVDD_0002_E_0007346,-3.2842437904
CtrSVDD_0003_E_0007347,-1.8292731021
CtrSVDD_0004_E_0007348,-3.1910466638
CtrSVDD_0005_E_0007349,-1.2443218904
CtrSVDD_0006_E_0007350,-4.6071702852
CtrSVDD_0007_E_0007351,-4.5968425660
CtrSVDD_0008_E_0007352,-4.3963233872
CtrSVDD_0009_E_0007353,-0.5658902159
CtrSVDD_0010_E_0007354,-3.5538663518
CtrSVDD_0011_E_0007355,0.0118012289
CtrSVDD_0012_E_0007356,0.8580230789
CtrSVDD_0013_E_0007357,-2.0636279630
CtrSVDD_0014_E_0007358,-3.2168781925
CtrSVDD_0015_E_0007359,-0.7649378666
CtrSVDD_0016_E_0007360,-4.3131258712
CtrSVDD_0017_E_0007361,-0.0931539598
CtrSVDD_0018_E_0007362,-3.9993113360
CtrSVDD_0019_E_0007363,0.2252350755
CtrSVDD_0020_E_0007364,-4.2892125318
CtrSVDD_0021_E_0007365,-0.8078608702
CtrSVDD_0022_E_0007366,-3.2941311088
CtrSVDD_0023_E_0007367,-2.4344483442
CtrSVDD_0024_E_0007368,-0.8840409509
CtrSVDD_0025_E_0007369,0.4182268725
CtrSVDD_0026_E_0007370,-2.3475147843
CtrSVDD_0027_E_0007371,-1.7436487566
CtrSVDD_0028_E_0007372,-3.9369687258
CtrSVDD_0029_E_0007373,0.2990516046
CtrSVDD_0030_E_0007374,0.1693601163
CtrSVDD_0031_E_0007375,-3.7949866831
CtrSVDD_0032_E_0007376,-0.3833626499
CtrSVDD_0033_E_0007377,-2.5882491165
CtrSVDD_0034_E_0007378,-3.4055829721
CtrSVDD_0035_E_0007379,-0.9456874299
CtrSVDD_0036_E_0007380,-4.7933234450
CtrSVDD_0037_E_0007381,-2.6812834952
CtrSVDD_0038_E_0007382,-4.5730813794
CtrSVDD_0039_E_0007383,-3.4081286050
CtrSVDD_0040_E_0007384,-1.9725302450
CtrSVDD_0041_E_0007385,-3.5090587448
CtrSVDD_0042_E_0007386,-3.9913024101
CtrSVDD_0043_E_0007387,-3.9043340781
CtrSVDD_0044_E_0007388,-4.3653801258
CtrSVDD_0045_E_0007389,-1.9715518258
CtrSVDD_0046_E_0007390,-3.0756284182
CtrSVDD_0047_E_0007391,-3.1500607126
CtrSVDD_0000_E_0007392,-2.6883377928
CtrSVDD_0001_E_0007393,-4.6653244144
CtrSVDD_0002_E_0007394,-3.5622085297
CtrSVDD_0003_E_0007395,-3.4050878996
CtrSVDD_0004_E_0007396,-4.1623970318
CtrSVDD_0005_E_0007397,-2.3615756978
CtrSVDD_0006_E_0007398,-1.3715585885
CtrSVDD_0007_E_0007399,-1.0812725529
CtrSVDD_0008_E_0007400,-4.5649632096
CtrSVDD_0009_E_0007401,-1.1699088270
CtrSVDD_0010_E_0007402,-3.8348519730
CtrSVDD_0011_E_0007403,0.9767699911
CtrSVDD_0012_E_0007404,-1.6084689625
CtrSVDD_0013_E_0007405,-1.8921772530
CtrSVDD_0014_E_0007406,-1.5052708191
CtrSVDD_0015_E_0007407,-4.6090041995
CtrSVDD_0016_E_0007408,0.5085764963
CtrSVDD_0017_E_0007409,0.5411171657
CtrSVDD_0018_E_0007410,-3.5594889060
CtrSVDD_0019_E_0007411,0.8439542736
CtrSVDD_0020_E_0007412,0.0423846158
CtrSVDD_0021_E_0007413,-1.9278240964
CtrSVDD_0022_E_0007414,-1.3330475133
CtrSVDD_0023_E_0007415,-2.5899519402
CtrSVDD_0024_E_0007416,-0.5634879274
CtrSVDD_0025_E_0007417,-1.7644025985
CtrSVDD_0026_E_0007418,-3.8440428014
CtrSVDD_0027_E_0007419,-3.7100450824
CtrSVDD_0028_E_0007420,-6.3985660697
CtrSVDD_0029_E_0007421,-2.7568768484
CtrSVDD_0030_E_0007422,-3.7071476498
CtrSVDD_0031_E_0007423,-3.4196988804
CtrSVDD_0032_E_0007424,1.1144948228
CtrSVDD_0033_E_0007425,-0.5072651373
CtrSVDD_0034_E_0007426,-2.6133413497
CtrSVDD_0035_E_0007427,-3.1015023294
CtrSVDD_0036_E_0007428,-0.2277907666
CtrSVDD_0037_E_0007429,-4.3026010688
CtrSVDD_0038_E_0007430,-3.0110262911
CtrSVDD_0039_E_0007431,-3.6622356589
CtrSVDD_0040_E_0007432,-0.7735886145
CtrSVDD_0041_E_0007433,-1.0300098233
CtrSVDD_0042_E_0007434,-1.5905363037
CtrSVDD_0043_E_0007435,-0.3895708518
CtrSVDD_0044_E_0007436,-4.2598021657
CtrSVDD_0045_E_0007437,-2.8188978700
CtrSVDD_0046_E_0007438,-1.8483433227
CtrSVDD_0047_E_0007439,-2.9455301470
CtrSVDD_0000_E_0007440,-1.7624691099
CtrSVDD_0001_E_0007441,-2.6849316373
CtrSVDD_0002_E_0007442,-2.0820901212
CtrSVDD_0003_E_0007443,-2.6151201270
CtrSVDD_0004_E_0007444,-3.1724358301
CtrSVDD_0005_E_0007445,-3.0515561069
CtrSVDD_0006_E_0007446,-2.0227184455
CtrSVDD_0007_E_0007447,-5.3289186640
CtrSVDD_0008_E_0007448,-4.9567477773
CtrSVDD_0009_E_0007449,-3.1236598741
CtrSVDD_0010_E_0007450,-2.8705927137
CtrSVDD_0011_E_0007451,-0.1241106340
CtrSVDD_0012_E_0007452,-1.0443641049
CtrSVDD_0013_E_0007453,0.5149544913
CtrSVDD_0014_E_0007454,2.8856349124
CtrSVDD_0015_E_0007455,-3.6407502494
CtrSVDD_0016_E_0007456,-2.7728164021
CtrSVDD_0017_E_0007457,-5.6811017871
CtrSVDD_0018_E_0007458,-1.4007123858
CtrSVDD_0019_E_0007459,-1.9807310509
CtrSVDD_0020_E_0007460,1.9348118138
CtrSVDD_0021_E_0007461,-4.6730046425
CtrSVDD_0022_E_0007462,-5.3516290620
CtrSVDD_0023_E_0007463,-4.3471656175
CtrSVDD_0024_E_0007464,-0.4079753676
CtrSVDD_0025_E_0007465,-3.5109062054
CtrSVDD_0026_E_0007466,-2.5054688831
CtrSVDD_0027_E_0007467,0.2163909299
CtrSVDD_0028_E_0007468,-5.4718929500
CtrSVDD_0029_E_0007469,-3.5102011150
CtrSVDD_0030_E_0007470,-3.9479342438
CtrSVDD_0031_E_0007471,-3.2308482898
CtrSVDD_0032_E_0007472,0.9478772177
CtrSVDD_0033_E_0007473,-1.9554570948
CtrSVDD_0034_E_0007474,-3.2234282041
CtrSVDD_0035_E_0007475,-1.2856085164
CtrSVDD_0036_E_0007476,-2.4453978865
CtrSVDD_0037_E_0007477,0.9498743700
CtrSVDD_0038_E_0007478,-5.4020130811
CtrSVDD_0039_E_0007479,-3.7213561961
CtrSVDD_0040_E_0007480,-0.2078072593
CtrSVDD_0041_E_0007481,-0.7182842047
CtrSVDD_0042_E_0007482,-2.5433053695
CtrSVDD_0043_E_0007483,-2.7709406683
CtrSVDD_0044_E_0007484,0.6897806638
CtrSVDD_0045_E_0007485,-3.5300136409
CtrSVDD_0046_E_0007486,-5.0090462288
CtrSVDD_0047_E_0007487,-3.2912217885
CtrSVDD_0000_E_0007488,-2.3612293538
CtrSVDD_0001_E_0007489,-1.8562150870
CtrSVDD_0002_E_0007490,-1.1686162496
CtrSVDD_0003_E_0007491,-2.1030990780
CtrSVDD_0004_E_0007492,-2.4692924978
CtrSVDD_0005_E_0007493,-5.1469199201
CtrSVDD_0006_E_0007494,-4.2657448476
CtrSVDD_0007_E_0007495,-5.2441566782
CtrSVDD_0008_E_0007496,-3.1789524817
CtrSVDD_0009_E_0007497,-3.8426205825
CtrSVDD_0010_E_0007498,-1.6333453888
CtrSVDD_0011_E_0007499,-4.1163041123
CtrSVDD_0012_E_0007500,-0.1766761534
CtrSVDD_0013_E_0007501,0.9723250225
CtrSVDD_0014_E_0007502,-3.0163965279
CtrSVDD_0015_E_0007503,-2.1893312075
CtrSVDD_0016_E_0007504,-4.3415428929
CtrSVDD_0017_E_0007505,-0.9431568334
CtrSVDD_0018_E_0007506,-1.6657740800
CtrSVDD_0019_E_0007507,-5.3950608745
CtrSVDD_0020_E_0007508,-2.8627575077
CtrSVDD_0021_E_0007509,-3.7441294963
CtrSVDD_0022_E_0007510,-3.6120724739
CtrSVDD_0023_E_0007511,-3.4278040158
CtrSVDD_0024_E_0007512,-3.4393141588
CtrSVDD_0025_E_0007513,-4.3155401125
CtrSVDD_0026_E_0007514,-3.5591315361
CtrSVDD_0027_E_0007515,-4.9904621104
CtrSVDD_0028_E_0007516,-3.8522805217
CtrSVDD_0029_E_0007517,-4.2389629497
CtrSVDD_0030_E_0007518,-4.3494802068
CtrSVDD_0031_E_0007519,-1.9710634991
CtrSVDD_0032_E_0007520,-3.4293620411
CtrSVDD_0033_E_0007521,-0.1410444574
CtrSVDD_0034_E_0007522,-2.0829850943
CtrSVDD_0035_E_0007523,-4.2217078336
CtrSVDD_0036_E_0007524,-4.6510724376
CtrSVDD_0037_E_0007525,-2.9691609436
CtrSVDD_0038_E_0007526,-3.3249682719
CtrSVDD_0039_E_0007527,0.3638636612
CtrSVDD_0040_E_0007528,1.1171015851
CtrSVDD_0041_E_0007529,-3.2144288255
CtrSVDD_0042_E_0007530,-3.4065187083
CtrSVDD_0043_E_0007531,-1.8135017802
CtrSVDD_0044_E_0007532,-3.0913709172
CtrSVDD_0045_E_0007533,-4.1732665216
CtrSVDD_0046_E_0007534,0.7249705504
CtrSVDD_0047_E_0007535,-0.8765767155
CtrSVDD_0000_E_0007536,0.0216829145
CtrSVDD_0001_E_0007537,-2.7424581453
CtrSVDD_0002_E_0007538,-4.3027375627
CtrSVDD_0003_E_0007539,-5.1040994703
CtrSVDD_0004_E_0007540,-2.9326781257
CtrSVDD_0005_E_0007541,-4.8068738369
CtrSVDD_0006_E_0007542,-3.9918727917
CtrSVDD_0007_E_0007543,-2.3049231164
CtrSVDD_0008_E_0007544,-3.3383213449
CtrSVDD_0009_E_0007545,-0.2192556688
CtrSVDD_0010_E_0007546,-0.5423003608
CtrSVDD_0011_E_0007547,-3.0844575643
CtrSVDD_0012_E_0007548,-2.4655432075
CtrSVDD_0013_E_0007549,-2.0102124767
CtrSVDD_0014_E_0007550,-5.4340149574
CtrSVDD_0015_E_0007551,-3.6195938622
CtrSVDD_0016_E_0007552,-2.8740487408
CtrSVDD_0017_E_0007553,-0.5535675718
CtrSVDD_0018_E_0007554,1.2998908171
CtrSVDD_0019_E_0007555,0.9007043491
CtrSVDD_0020_E_0007556,0.1807232334
CtrSVDD_0021_E_0007557,-5.5244013646
CtrSVDD_0022_E_0007558,-4.1500746342
CtrSVDD_0023_E_0007559,1.9169401488
CtrSVDD_0024_E_0007560,-3.5969178894
CtrSVDD_0025_E_0007561,-4.9019981413
CtrSVDD_0026_E_0007562,-5.4095630079
CtrSVDD_0027_E_0007563,-2.9829278890
CtrSVDD_0028_E_0007564,1.7390199717
CtrSVDD_0029_E_0007565,-5.2999582755
CtrSVDD_0030_E_0007566,-3.7188248698
CtrSVDD_0031_E_0007567,0.6116400111
CtrSVDD_0032_E_0007568,-0.2379215198
CtrSVDD_0033_E_0007569,-2.7231194623
CtrSVDD_0034_E_0007570,-2.3506839419
CtrSVDD_0035_E_0007571,-3.5071604095
CtrSVDD_0036_E_0007572,-5.1335312406
CtrSVDD_0037_E_0007573,-3.1475642090
CtrSVDD_0038_E_0007574,-2.5386931748
CtrSVDD_0039_E_0007575,-3.2620990192
CtrSVDD_0040_E_0007576,-2.8785233234
CtrSVDD_0041_E_0007577,-2.6901116867
CtrSVDD_0042_E_0007578,-1.0046499405
CtrSVDD_0043_E_0007579,-4.2530720299
CtrSVDD_0044_E_0007580,-3.7357752236
CtrSVDD_0045_E_0007581,-3.6650649362
CtrSVDD_0046_E_0007582,-2.3977682203
CtrSVDD_0047_E_0007583,-1.4875253207
CtrSVDD_0000_E_0007584,-2.8782501975
CtrSVDD_0001_E_0007585,-3.0816510610
CtrSVDD_0002_E_0007586,-0.2682531520
CtrSVDD_0003_E_0007587,-3.9124817229
CtrSVDD_0004_E_0007588,-2.5480609218
CtrSVDD_0005_E_0007589,-2.2279301394
CtrSVDD_0006_E_0007590,-3.7654665601
CtrSVDD_0007_E_0007591,-2.6104480543
CtrSVDD_0008_E_0007592,-5.7147607963
CtrSVDD_0009_E_0007593,-3.6923670967
CtrSVDD_0010_E_0007594,-0.7272449856
CtrSVDD_0011_E_0007595,-1.1076002757
CtrSVDD_0012_E_0007596,-1.3858839621
CtrSVDD_0013_E_0007597,-3.8351434764
CtrSVDD_0014_E_0007598,0.0092892073
CtrSVDD_0015_E_0007599,-4.0732046720
CtrSVDD_0016_E_0007600,-2.2846593353
CtrSVDD_0017_E_0007601,-1.7075380462
CtrSVDD_0018_E_0007602,-4.5665827103
CtrSVDD_0019_E_0007603,1.2433804294
CtrSVDD_0020_E_0007604,-3.3853222659
CtrSVDD_0021_E_0007605,-6.1817087426
CtrSVDD_0022_E_0007606,-4.2969804709
CtrSVDD_0023_E_0007607,-3.8111025283
CtrSVDD_0024_E_0007608,-2.2836180931
CtrSVDD_0025_E_0007609,-5.2891768532
CtrSVDD_0026_E_0007610,0.5101690464
CtrSVDD_0027_E_0007611,-3.1624526345
CtrSVDD_0028_E_0007612,-2.4058075408
CtrSVDD_0029_E_0007613,-5.4523156943
CtrSVDD_0030_E_0007614,0.0174857423
CtrSVDD_0031_E_0007615,-4.9029537456
CtrSVDD_0032_E_0007616,-4.3858248194
CtrSVDD_0033_E_0007617,-3.0013577687
CtrSVDD_0034_E_0007618,-3.5928384203
CtrSVDD_0035_E_0007619,-4.5680403016
CtrSVDD_0036_E_0007620,-2.3530284901
CtrSVDD_0037_E_0007621,-6.4186211187
CtrSVDD_0038_E_0007622,-4.9419191380
CtrSVDD_0039_E_0007623,-3.3761017649
CtrSVDD_0040_E_0007624,-3.6055500771
CtrSVDD_0041_E_0007625,-4.7084329752
CtrSVDD_0042_E_0007626,-4.5682042688
CtrSVDD_0043_E_0007627,-0.5764072889
CtrSVDD_0044_E_0007628,-2.7787820535
CtrSVDD_0045_E_0007629,-2.5682502207
CtrSVDD_0046_E_0007630,-3.1890700547
CtrSVDD_0047_E_0007631,-3.3206225363
CtrSVDD_0000_E_0007632,-3.7476766689
CtrSVDD_0001_E_0007633,-1.9208039318
CtrSVDD_0002_E_0007634,-3.5213270775
CtrSVDD_0003_E_0007635,-2.1757241556
CtrSVDD_0004_E_0007636,-1.8693663244
CtrSVDD_0005_E_0007637,0.0987749424
CtrSVDD_0006_E_0007638,-4.0175648049
CtrSVDD_0007_E_0007639,-2.2695331631
CtrSVDD_0008_E_0007640,-3.1249592901
CtrSVDD_0009_E_0007641,0.3728455586
CtrSVDD_0010_E_0007642,-3.2377883705
CtrSVDD_0011_E_0007643,0.3435995823
CtrSVDD_0012_E_0007644,-4.5064115695
CtrSVDD_0013_E_0007645,-0.5676459174
CtrSVDD_0014_E_0007646,-1.2835092087
CtrSVDD_0015_E_0007647,-5.0059527803
CtrSVDD_0016_E_0007648,-3.7801638537
CtrSVDD_0017_E_0007649,0.5820161919
CtrSVDD_0018_E_0007650,-4.3013804882
CtrSVDD_0019_E_0007651,-4.0677961936
CtrSVDD_0020_E_0007652,-4.3090805238
CtrSVDD_0021_E_0007653,-3.5421663651
CtrSVDD_0022_E_0007654,-0.8716552914
CtrSVDD_0023_E_0007655,1.2517269914
CtrSVDD_0024_E_0007656,-2.6917566050
CtrSVDD_0025_E_0007657,-3.2278732937
CtrSVDD_0026_E_0007658,-1.9430785109
CtrSVDD_0027_E_0007659,0.9177024046
CtrSVDD_0028_E_0007660,-4.1463783872
CtrSVDD_0029_E_0007661,-3.5615029760
CtrSVDD_0030_E_0007662,-4.1664862804
CtrSVDD_0031_E_0007663,-3.7088211840
CtrSVDD_0032_E_0007664,0.7474381782
CtrSVDD_0033_E_0007665,-2.8210033746
CtrSVDD_0034_E_0007666,-2.6363306325
CtrSVDD_0035_E_0007667,-3.0036024515
CtrSVDD_0036_E_0007668,-0.8275522725
CtrSVDD_0037_E_0007669,-3.6977983426
CtrSVDD_0038_E_0007670,-3.6590348456
CtrSVDD_0039_E_0007671,-0.8879716305
CtrSVDD_0040_E_0007672,-0.2755104387
CtrSVDD_0041_E_0007673,-3.6274215103
CtrSVDD_0042_E_0007674,-2.5163160861
CtrSVDD_0043_E_0007675,-1.9461401813
CtrSVDD_0044_E_0007676,-3.6102248995
CtrSVDD_0045_E_0007677,-0.3818576368
CtrSVDD_0046_E_0007678,-4.8659505383
CtrSVDD_0047_E_0007679,-3.9335372143
CtrSVDD_0000_E_0007680,-3.1699438532
CtrSVDD_0001_E_0007681,-2.3233362783
CtrSVDD_0002_E_0007682,-4.3607117652
CtrSVDD_0003_E_0007683,1.2752176294
CtrSVDD_0004_E_0007684,-3.8591911761
CtrSVDD_0005_E_0007685,-3.5944361556
CtrSVDD_0006_E_0007686,-0.9184449932
CtrSVDD_0007_E_0007687,-4.1795903066
CtrSVDD_0008_E_0007688,-3.4339031140
CtrSVDD_0009_E_0007689,-4.4217745484
CtrSVDD_0010_E_0007690,-3.9210358378
CtrSVDD_0011_E_0007691,-2.3607510854
CtrSVDD_0012_E_0007692,-3.8649476665
CtrSVDD_0013_E_0007693,0.7620651227
CtrSVDD_0014_E_0007694,-2.9619248370
CtrSVDD_0015_E_0007695,-3.7325371426
CtrSVDD_0016_E_0007696,-3.2373016705
CtrSVDD_0017_E_0007697,-2.1271420125
CtrSVDD_0018_E_0007698,-2.9312708410
CtrSVDD_0019_E_0007699,-3.5430518819
CtrSVDD_0020_E_0007700,0.8737499097
CtrSVDD_0021_E_0007701,-3.5000321654
CtrSVDD_0022_E_0007702,-2.3426608522
CtrSVDD_0023_E_0007703,-3.2436693348
CtrSVDD_0024_E_0007704,-1.4509728656
CtrSVDD_0025_E_0007705,-3.4935002656
CtrSVDD_0026_E_0007706,-3.4600133868
CtrSVDD_0027_E_0007707,-5.1263853626
CtrSVDD_0028_E_0007708,-2.9915846819
CtrSVDD_0029_E_0007709,-2.7616698588
CtrSVDD_0030_E_0007710,-5.8670252620
CtrSVDD_0031_E_0007711,-3.2352994998
CtrSVDD_0032_E_0007712,-2.7435857360
CtrSVDD_0033_E_0007713,-3.4233042817
CtrSVDD_0034_E_0007714,-3.9059176417
CtrSVDD_0035_E_0007715,-3.2290302808
CtrSVDD_0036_E_0007716,-3.7665032419
CtrSVDD_0037_E_0007717,-3.5880081124
CtrSVDD_0038_E_0007718,-2.3400295390
CtrSVDD_0039_E_0007719,-3.7199581108
CtrSVDD_0040_E_0007720,-3.5887043275
CtrSVDD_0041_E_0007721,-0.6252484071
CtrSVDD_0042_E_0007722,1.5836154758
CtrSVDD_0043_E_0007723,-4.8090122154
CtrSVDD_0044_E_0007724,-2.7738514668
CtrSVDD_0045_E_0007725,-4.9373122881
CtrSVDD_0046_E_0007726,0.4803781156
CtrSVDD_0047_E_0007727,-1.6352276898
CtrSVDD_0000_E_0007728,-3.4331911349
CtrSVDD_0001_E_0007729,-2.4148671080
CtrSVDD_0002_E_0007730,1.6632048956
CtrSVDD_0003_E_0007731,-1.2876103635
CtrSVDD_0004_E_0007732,-3.4805971861
CtrSVDD_0005_E_0007733,-1.9522076766
CtrSVDD_0006_E_0007734,-4.2930712798
CtrSVDD_0007_E_0007735,-2.8962569255
CtrSVDD_0008_E_0007736,-5.1949294013
CtrSVDD_0009_E_0007737,3.4512310058
CtrSVDD_0010_E_0007738,-4.5888464183
CtrSVDD_0011_E_0007739,0.1072123277
CtrSVDD_0012_E_0007740,1.1991522510
CtrSVDD_0013_E_0007741,-4.6365763941
CtrSVDD_0014_E_0007742,-4.7018505319
CtrSVDD_0015_E_0007743,-4.8247034510
CtrSVDD_0016_E_0007744,-0.4452926520
CtrSVDD_0017_E_0007745,-0.0613293820
CtrSVDD_0018_E_0007746,-2.5518161086
CtrSVDD_0019_E_0007747,-2.8454317635
CtrSVDD_0020_E_0007748,-2.0151986958
CtrSVDD_0021_E_0007749,-4.3481213239
CtrSVDD_0022_E_0007750,-5.0266676785
CtrSVDD_0023_E_0007751,-1.9978391490
CtrSVDD_0024_E_0007752,-2.0661381259
CtrSVDD_0025_E_0007753,-2.2771476285
CtrSVDD_0026_E_0007754,-3.1131679459
CtrSVDD_0027_E_0007755,-2.6002257753
CtrSVDD_0028_E_0007756,-4.9506111436
CtrSVDD_0029_E_0007757,-3.0485700840
CtrSVDD_0030_E_0007758,-4.2824874812
CtrSVDD_0031_E_0007759,-2.4975279300
CtrSVDD_0032_E_0007760,-4.9350175919
CtrSVDD_0033_E_0007761,-4.9014917098
CtrSVDD_0034_E_0007762,-3.0605454168
CtrSVDD_0035_E_0007763,1.5859239850
CtrSVDD_0036_E_0007764,-2.2487014418
CtrSVDD_0037_E_0007765,-2.9067191154
CtrSVDD_0038_E_0007766,-3.9948714340
CtrSVDD_0039_E_0007767,-3.9546323171
CtrSVDD_0040_E_0007768,-3.4880974956
CtrSVDD_0041_E_0007769,-0.8651675062
CtrSVDD_0042_E_0007770,-2.6664665847
CtrSVDD_0043_E_0007771,-4.9912777253
CtrSVDD_0044_E_0007772,-4.3876144987
CtrSVDD_0045_E_0007773,-5.2643969930
CtrSVDD_0046_E_0007774,-0.9091001013
CtrSVDD_0047_E_0007775,-2.5271415850
CtrSVDD_0000_E_0007776,-0.8275631661
CtrSVDD_0001_E_0007777,-1.2327351050
CtrSVDD_0002_E_0007778,1.9725302450
CtrSVDD_0003_E_0007779,-4.0500975953
CtrSVDD_0004_E_0007780,-1.2145792238
CtrSVDD_0005_E_0007781,-3.3972632638
CtrSVDD_0006_E_0007782,-1.7915230703
CtrSVDD_0007_E_0007783,-0.2856951664
CtrSVDD_0008_E_0007784,-5.0440872478
CtrSVDD_0009_E_0007785,-3.9405336005
CtrSVDD_0010_E_0007786,-3.1041864862
CtrSVDD_0011_E_0007787,-0.9074762389
CtrSVDD_0012_E_0007788,0.9666299903
CtrSVDD_0013_E_0007789,-3.7871420969
CtrSVDD_0014_E_0007790,0.4258723100
CtrSVDD_0015_E_0007791,-1.1375987596
CtrSVDD_0016_E_0007792,-6.1420791306
CtrSVDD_0017_E_0007793,-3.1378335907
CtrSVDD_0018_E_0007794,-3.8811199073
CtrSVDD_0019_E_0007795,-2.1458658869
CtrSVDD_0020_E_0007796,-0.5972327753
CtrSVDD_0021_E_0007797,-3.1096233798
CtrSVDD_0022_E_0007798,-4.9421260532
CtrSVDD_0023_E_0007799,-3.2975940745
CtrSVDD_0024_E_0007800,-2.6345120559
CtrSVDD_0025_E_0007801,-0.6693941437
CtrSVDD_0026_E_0007802,-4.5061219578
CtrSVDD_0027_E_0007803,-3.8186060114
CtrSVDD_0028_E_0007804,-2.7623066400
CtrSVDD_0029_E_0007805,-0.4722914813
CtrSVDD_0030_E_0007806,-3.5761219710
CtrSVDD_0031_E_0007807,-3.6740553934
CtrSVDD_0032_E_0007808,-3.2714363305
CtrSVDD_0033_E_0007809,-3.9643362154
CtrSVDD_0034_E_0007810,-3.8323983036
CtrSVDD_0035_E_0007811,-0.5901955929
CtrSVDD_0036_E_0007812,-4.9724525522
CtrSVDD_0037_E_0007813,-4.4164356927
CtrSVDD_0038_E_0007814,0.8255838870
CtrSVDD_0039_E_0007815,-5.8852791913
CtrSVDD_0040_E_0007816,-0.0917103401
CtrSVDD_0041_E_0007817,-2.8724747788
CtrSVDD_0042_E_0007818,0.5394049451
CtrSVDD_0043_E_0007819,-2.7288160389
CtrSVDD_0044_E_0007820,0.7623174933
CtrSVDD_0045_E_0007821,-0.8434165203
CtrSVDD_0046_E_0007822,-0.5717042991
CtrSVDD_0047_E_0007823,-3.4610577728
CtrSVDD_0000_E_0007824,0.5146635783
CtrSVDD_0001_E_0007825,-3.6575263648
CtrSVDD_0002_E_0007826,-3.0416863867
CtrSVDD_0003_E_0007827,-4.2308364388
CtrSVDD_0004_E_0007828,0.7679408591
CtrSVDD_0005_E_0007829,-4.1513296254
CtrSVDD_0006_E_0007830,-3.9924916684
CtrSVDD_0007_E_0007831,-2.7680446083
CtrSVDD_0008_E_0007832,-3.4512213697
CtrSVDD_0009_E_0007833,-3.4955058833
CtrSVDD_0010_E_0007834,1.3468970466
CtrSVDD_0011_E_0007835,-0.6736119784
CtrSVDD_0012_E_0007836,-3.3035044229
CtrSVDD_0013_E_0007837,-3.8456891726
CtrSVDD_0014_E_0007838,-3.3719030661
CtrSVDD_0015_E_0007839,-4.4104071050
CtrSVDD_0016_E_0007840,-1.3928322685
CtrSVDD_0017_E_0007841,-4.3879493123
CtrSVDD_0018_E_0007842,-4.4488183302
CtrSVDD_0019_E_0007843,-1.0823466137
CtrSVDD_0020_E_0007844,-3.7111635298
CtrSVDD_0021_E_0007845,-3.8707374702
CtrSVDD_0022_E_0007846,-2.4819045595
CtrSVDD_0023_E_0007847,0.9197548299
CtrSVDD_0024_E_0007848,-3.2209024064
CtrSVDD_0025_E_0007849,-4.2159307389
CtrSVDD_0026_E_0007850,-0.4738558864
CtrSVDD_0027_E_0007851,-4.4507160995
CtrSVDD_0028_E_0007852,-3.6607061992
CtrSVDD_0029_E_0007853,-3.2810322971
CtrSVDD_0030_E_0007854,-5.2409044641
CtrSVDD_0031_E_0007855,-2.0794416331
CtrSVDD_0032_E_0007856,-0.2933702267
CtrSVDD_0033_E_0007857,-4.8164019118
CtrSVDD_0034_E_0007858,1.5140138711
CtrSVDD_0035_E_0007859,-1.7857884019
CtrSVDD_0036_E_0007860,-4.1836932456
CtrSVDD_0037_E_0007861,1.8590092135
CtrSVDD_0038_E_0007862,-2.8570975743
CtrSVDD_0039_E_0007863,-3.3582044754
CtrSVDD_0040_E_0007864,-1.6350894633
CtrSVDD_0041_E_0007865,-2.0502195444
CtrSVDD_0042_E_0007866,-2.8915590468
CtrSVDD_0043_E_0007867,-0.4192432392
CtrSVDD_0044_E_0007868,-0.9237055540
CtrSVDD_0045_E_0007869,-3.1917830713
CtrSVDD_0046_E_0007870,-3.6786110660
CtrSVDD_0047_E_0007871,-4.6316568136
CtrSVDD_0000_E_0007872,-2.1501204491
CtrSVDD_0001_E_0007873,-3.0593619344
CtrSVDD_0002_E_0007874,-5.0511754311
CtrSVDD_0003_E_0007875,-3.1833153208
CtrSVDD_0004_E_0007876,-3.6008362670
CtrSVDD_0005_E_0007877,-0.7549811180
CtrSVDD_0006_E_0007878,-4.8800123638
CtrSVDD_0007_E_0007879,-2.3729891067
CtrSVDD_0008_E_0007880,1.1105260234
CtrSVDD_0009_E_0007881,-4.7809274372
CtrSVDD_0010_E_0007882,-1.2097033253
CtrSVDD_0011_E_0007883,-6.6085602570
CtrSVDD_0012_E_0007884,-1.2261258380
CtrSVDD_0013_E_0007885,1.5009421083
CtrSVDD_0014_E_0007886,0.6522391490
CtrSVDD_0015_E_0007887,-0.4042050438
CtrSVDD_0016_E_0007888,-3.0156548388
CtrSVDD_0017_E_0007889,-3.9826224191
CtrSVDD_0018_E_0007890,-5.3279623906
CtrSVDD_0019_E_0007891,-0.8335501145
CtrSVDD_0020_E_0007892,-4.0768700715
CtrSVDD_0021_E_0007893,-4.8856956656
CtrSVDD_0022_E_0007894,-3.9807406928
CtrSVDD_0023_E_0007895,-3.2339629360
CtrSVDD_0024_E_0007896,-3.1056862323
CtrSVDD_0025_E_0007897,-5.4032281776
CtrSVDD_0026_E_0007898,-2.9688562846
CtrSVDD_0027_E_0007899,-5.7080948949
CtrSVDD_0028_E_0007900,-1.5991787570
CtrSVDD_0029_E_0007901,-3.3669085868
CtrSVDD_0030_E_0007902,-3.2160060623
CtrSVDD_0031_E_0007903,-2.9210321883
CtrSVDD_0032_E_0007904,-2.8138556350
CtrSVDD_0033_E_0007905,-3.1684323722
CtrSVDD_0034_E_0007906,-4.9991366565
CtrSVDD_0035_E_0007907,-4.2133101306
CtrSVDD_0036_E_0007908,-2.5591176145
CtrSVDD_0037_E_0007909,-1.4235530574
CtrSVDD_0038_E_0007910,-2.4021326423
CtrSVDD_0039_E_0007911,-3.7539538585
CtrSVDD_0040_E_0007912,-1.8883084286
CtrSVDD_0041_E_0007913,-2.6555629560
CtrSVDD_0042_E_0007914,1.6086134433
CtrSVDD_0043_E_0007915,-5.3564936941
CtrSVDD_0044_E_0007916,-3.2184658912
CtrSVDD_0045_E_0007917,-0.8667983178
CtrSVDD_0046_E_0007918,-3.7304863166
CtrSVDD_0047_E_0007919,-4.7577297538
CtrSVDD_0000_E_0007920,-1.3842232327
CtrSVDD_0001_E_0007921,-6.3849962007
CtrSVDD_0002_E_0007922,-3.0665832667
CtrSVDD_0003_E_0007923,-5.7818251642
CtrSVDD_0004_E_0007924,-3.6373577688
CtrSVDD_0005_E_0007925,-2.2756199335
CtrSVDD_0006_E_0007926,-3.1498224545
CtrSVDD_0007_E_0007927,-0.7383388964
CtrSVDD_0008_E_0007928,-0.1563525874
CtrSVDD_0009_E_0007929,-4.8276295565
CtrSVDD_0010_E_0007930,-4.4739354310
CtrSVDD_0011_E_0007931,-3.9121594527
CtrSVDD_0012_E_0007932,-1.9178969582
CtrSVDD_0013_E_0007933,-3.5939483786
CtrSVDD_0014_E_0007934,-4.5092830111
CtrSVDD_0015_E_0007935,-3.4670760953
CtrSVDD_0016_E_0007936,-2.8790984388
CtrSVDD_0017_E_0007937,-3.0862869265
CtrSVDD_0018_E_0007938,0.9633349402
CtrSVDD_0019_E_0007939,0.0903445830
CtrSVDD_0020_E_0007940,-4.2181097865
CtrSVDD_0021_E_0007941,-6.6763621531
CtrSVDD_0022_E_0007942,-0.2393607108
CtrSVDD_0023_E_0007943,-3.4614537594
CtrSVDD_0024_E_0007944,-2.5971301259
CtrSVDD_0025_E_0007945,-5.6877318792
CtrSVDD_0026_E_0007946,-0.3002966440
CtrSVDD_0027_E_0007947,-2.0714195509
CtrSVDD_0028_E_0007948,-4.8772716796
CtrSVDD_0029_E_0007949,-1.2684331403
CtrSVDD_0030_E_0007950,-3.3328206378
CtrSVDD_0031_E_0007951,-2.9085863430
CtrSVDD_0032_E_0007952,-1.2195247840
CtrSVDD_0033_E_0007953,-3.2461500011
CtrSVDD_0034_E_0007954,-1.1653453803
CtrSVDD_0035_E_0007955,-4.3933363193
CtrSVDD_0036_E_0007956,-3.8306995027
CtrSVDD_0037_E_0007957,-0.5314044529
CtrSVDD_0038_E_0007958,-0.4085017731
CtrSVDD_0039_E_0007959,-2.5359919635
CtrSVDD_0040_E_0007960,-0.9220835090
CtrSVDD_0041_E_0007961,-1.9436227982
CtrSVDD_0042_E_0007962,-4.1546910171
CtrSVDD_0043_E_0007963,-4.0427782956
CtrSVDD_0044_E_0007964,0.0705068570
CtrSVDD_0045_E_0007965,-3.5391872497
CtrSVDD_0046_E_0007966,-4.9527138616
CtrSVDD_0047_E_0007967,-0.4874029804
CtrSVDD_0000_E_0007968,-0.8474158143
CtrSVDD_0001_E_0007969,-1.9409084231
CtrSVDD_0002_E_0007970,-4.7109670724
CtrSVDD_0003_E_0007971,-1.5455643299
CtrSVDD_0004_E_0007972,-4.1605599831
CtrSVDD_0005_E_0007973,-0.6180849481
CtrSVDD_0006_E_0007974,-4.1576267074
CtrSVDD_0007_E_0007975,-4.7038318551
CtrSVDD_0008_E_0007976,-1.5971412350
CtrSVDD_0009_E_0007977,-5.1415977910
CtrSVDD_0010_E_0007978,-2.4651930712
CtrSVDD_0011_E_0007979,-3.0990688611
CtrSVDD_0012_E_0007980,-2.5370832794
CtrSVDD_0013_E_0007981,-4.7985767877
CtrSVDD_0014_E_0007982,-2.5520343822
CtrSVDD_0015_E_0007983,-6.5602672914
CtrSVDD_0016_E_0007984,-3.4978987753
CtrSVDD_0017_E_0007985,-3.3422920391
CtrSVDD_0018_E_0007986,-3.6981287666
CtrSVDD_0019_E_0007987,-4.7406603717
CtrSVDD_0020_E_0007988,1.0107203978
CtrSVDD_0021_E_0007989,-5.1080977505
CtrSVDD_0022_E_0007990,-0.9100854533
CtrSVDD_0023_E_0007991,-2.1116604700
CtrSVDD_0024_E_0007992,-3.8306932689
CtrSVDD_0025_E_0007993,-1.1921766381
CtrSVDD_0026_E_0007994,-4.6502524974
CtrSVDD_0027_E_0007995,-2.5630403083
CtrSVDD_0028_E_0007996,0.1419849656
CtrSVDD_0029_E_0007997,-3.7379248140
CtrSVDD_0030_E_0007998,-1.5007203046
CtrSVDD_0031_E_0007999,-3.9539099204
CtrSVDD_0032_E_0008000,-2.5042095929
CtrSVDD_0033_E_0008001,-3.3958543372
CtrSVDD_0034_E_0008002,-2.7256382607
CtrSVDD_0035_E_0008003,-4.0083333374
CtrSVDD_0036_E_0008004,-3.1015903177
CtrSVDD_0037_E_0008005,-5.2609567792
CtrSVDD_0038_E_0008006,1.3896982195
CtrSVDD_0039_E_0008007,0.7548569455
CtrSVDD_0040_E_0008008,-4.2191071612
CtrSVDD_0041_E_0008009,-4.0928219006
CtrSVDD_0042_E_0008010,-3.4685797951
CtrSVDD_0043_E_0008011,-0.5180283609
CtrSVDD_0044_E_0008012,-3.0439075469
CtrSVDD_0045_E_0008013,0.8295238696
CtrSVDD_0046_E_0008014,-4.3896215776
CtrSVDD_0047_E_0008015,-3.2922984415
CtrSVDD_0000_E_0008016,-4.2961553896
CtrSVDD_0001_E_0008017,-1.7698417153
CtrSVDD_0002_E_0008018,-0.4335427226
CtrSVDD_0003_E_0008019,-0.8374427401
CtrSVDD_0004_E_0008020,-3.0119628050
CtrSVDD_0005_E_0008021,-5.0983278704
CtrSVDD_0006_E_0008022,-4.7577713720
CtrSVDD_0007_E_0008023,-2.1609851951
CtrSVDD_0008_E_0008024,-1.7589856598
CtrSVDD_0009_E_0008025,0.9391451029
CtrSVDD_0010_E_0008026,-2.6694295210
CtrSVDD_0011_E_0008027,-2.8481798795
CtrSVDD_0012_E_0008028,0.8420025708
CtrSVDD_0013_E_0008029,-4.4333047041
CtrSVDD_0014_E_0008030,-5.5170600541
CtrSVDD_0015_E_0008031,-2.5692437300
CtrSVDD_0016_E_0008032,-3.2963181975
CtrSVDD_0017_E_0008033,0.1935347696
CtrSVDD_0018_E_0008034,-1.3161558711
CtrSVDD_0019_E_0008035,-0.0889401633
CtrSVDD_0020_E_0008036,0.1368073982
CtrSVDD_0021_E_0008037,-4.2993762743
CtrSVDD_0022_E_0008038,-3.0891713215
CtrSVDD_0023_E_0008039,-4.0430060961
CtrSVDD_0024_E_0008040,0.7308942474
CtrSVDD_0025_E_0008041,-3.6280787899
CtrSVDD_0026_E_0008042,-1.6345447358
CtrSVDD_0027_E_0008043,-1.3130262377
CtrSVDD_0028_E_0008044,-3.2131608329
CtrSVDD_0029_E_0008045,-3.7668191015
CtrSVDD_0030_E_0008046,0.8514287083
CtrSVDD_0031_E_0008047,0.0510779670
CtrSVDD_0032_E_0008048,-3.1373105817
CtrSVDD_0033_E_0008049,0.6475143547
CtrSVDD_0034_E_0008050,0.9655620099
CtrSVDD_0035_E_0008051,-3.7811630713
CtrSVDD_0036_E_0008052,-1.6680835793
CtrSVDD_0037_E_0008053,-0.1267087739
CtrSVDD_0038_E_0008054,-3.1541528611
CtrSVDD_0039_E_0008055,-1.1180936470
CtrSVDD_0040_E_0008056,0.7698207150
CtrSVDD_0041_E_0008057,-1.3432206422
CtrSVDD_0042_E_0008058,-5.5954082342
CtrSVDD_0043_E_0008059,-0.7831398422
CtrSVDD_0044_E_0008060,-1.1598896185
CtrSVDD_0045_E_0008061,-3.4550336652
CtrSVDD_0046_E_0008062,-3.3638684974
CtrSVDD_0047_E_0008063,0.6492403483
CtrSVDD_0000_E_0008064,-2.3703047595
CtrSVDD_0001_E_0008065,-4.0320285861
CtrSVDD_0002_E_0008066,-5.2310859804
CtrSVDD_0003_E_0008067,-4.4637223951
CtrSVDD_0004_E_0008068,-3.9554524658
CtrSVDD_0005_E_0008069,-3.2774372283
CtrSVDD_0006_E_0008070,-2.6867619211
CtrSVDD_0007_E_0008071,-4.1006787765
CtrSVDD_0008_E_0008072,-1.4199540167
CtrSVDD_0009_E_0008073,-1.3275051552
CtrSVDD_0010_E_0008074,1.3384744997
CtrSVDD_0011_E_0008075,-4.6549558800
CtrSVDD_0012_E_0008076,-4.7064157288
CtrSVDD_0013_E_0008077,-0.0660514298
CtrSVDD_0014_E_0008078,-3.1550218242
CtrSVDD_0015_E_0008079,-3.1986459795
CtrSVDD_0016_E_0008080,-1.9007964507
CtrSVDD_0017_E_0008081,-2.8754512385
CtrSVDD_0018_E_0008082,-4.0957985403
CtrSVDD_0019_E_0008083,-3.5966302353
CtrSVDD_0020_E_0008084,-3.0846602191
CtrSVDD_0021_E_0008085,-4.1375325304
CtrSVDD_0022_E_0008086,-5.1744132175
CtrSVDD_0023_E_0008087,-4.8207907004
CtrSVDD_0024_E_0008088,-4.0557135766
CtrSVDD_0025_E_0008089,-4.3171620580
CtrSVDD_0026_E_0008090,-4.2769100833
CtrSVDD_0027_E_0008091,-0.6506743589
CtrSVDD_0028_E_0008092,-0.7115776931
CtrSVDD_0029_E_0008093,-0.5637665193
CtrSVDD_0030_E_0008094,-4.8000667185
CtrSVDD_0031_E_0008095,0.5536781855
CtrSVDD_0032_E_0008096,0.7272449856
CtrSVDD_0033_E_0008097,-0.8923416778
CtrSVDD_0034_E_0008098,-2.6206374155
CtrSVDD_0035_E_0008099,-1.8650515527
CtrSVDD_0036_E_0008100,-1.0807252805
CtrSVDD_0037_E_0008101,-4.1662472209
CtrSVDD_0038_E_0008102,-2.7296181313
CtrSVDD_0039_E_0008103,-4.0335111554
CtrSVDD_0040_E_0008104,-2.4658830942
CtrSVDD_0041_E_0008105,-3.8488283290
CtrSVDD_0042_E_0008106,0.1651046575
CtrSVDD_0043_E_0008107,-4.1475430499
CtrSVDD_0044_E_0008108,-4.2116113298
CtrSVDD_0045_E_0008109,0.2405581457
CtrSVDD_0046_E_0008110,-1.3669225164
CtrSVDD_0047_E_0008111,0.0577215216
CtrSVDD_0000_E_0008112,-0.7897429244
CtrSVDD_0001_E_0008113,-2.4026829259
CtrSVDD_0002_E_0008114,-2.1792289599
CtrSVDD_0003_E_0008115,-2.7712266780
CtrSVDD_0004_E_0008116,-2.9901202313
CtrSVDD_0005_E_0008117,-4.9180083429
CtrSVDD_0006_E_0008118,-4.0974144040
CtrSVDD_0007_E_0008119,-0.2088313842
CtrSVDD_0008_E_0008120,-0.7996326041
CtrSVDD_0009_E_0008121,-5.9521028935
CtrSVDD_0010_E_0008122,-2.1216480899
CtrSVDD_0011_E_0008123,-3.7901331892
CtrSVDD_0012_E_0008124,-3.8722205823
CtrSVDD_0013_E_0008125,-4.5570448867
CtrSVDD_0014_E_0008126,-3.2882103551
CtrSVDD_0015_E_0008127,-3.9631802307
CtrSVDD_0016_E_0008128,-1.8574688217
CtrSVDD_0017_E_0008129,-4.2027276897
CtrSVDD_0018_E_0008130,-2.9626742080
CtrSVDD_0019_E_0008131,-3.4865980594
CtrSVDD_0020_E_0008132,-3.5467471527
CtrSVDD_0021_E_0008133,3.1180259155
CtrSVDD_0022_E_0008134,0.2521773470
CtrSVDD_0023_E_0008135,-4.2801082958
CtrSVDD_0024_E_0008136,-2.3867480404
CtrSVDD_0025_E_0008137,-4.0256213163
CtrSVDD_0026_E_0008138,-2.3793364633
CtrSVDD_0027_E_0008139,-2.2251428698
CtrSVDD_0028_E_0008140,-3.5861330359
CtrSVDD_0029_E_0008141,-4.1879443046
CtrSVDD_0030_E_0008142,-2.1551587926
CtrSVDD_0031_E_0008143,-3.9425213789
CtrSVDD_0032_E_0008144,-4.6337213937
CtrSVDD_0033_E_0008145,-4.6094389206
CtrSVDD_0034_E_0008146,-3.5829442392
CtrSVDD_0035_E_0008147,-4.4005180088
CtrSVDD_0036_E_0008148,-0.2568191523
CtrSVDD_0037_E_0008149,-1.9915325813
CtrSVDD_0038_E_0008150,-0.5487932816
CtrSVDD_0039_E_0008151,-3.5155768165
CtrSVDD_0040_E_0008152,-2.5610606692
CtrSVDD_0041_E_0008153,-0.0204402216
CtrSVDD_0042_E_0008154,-4.7750794997
CtrSVDD_0043_E_0008155,-3.4125907660
CtrSVDD_0044_E_0008156,-3.0843451737
CtrSVDD_0045_E_0008157,-3.6181307405
CtrSVDD_0046_E_0008158,-1.9062283821
CtrSVDD_0047_E_0008159,-4.1773430129
CtrSVDD_0000_E_0008160,-4.3817345496
CtrSVDD_0001_E_0008161,-3.5884621748
CtrSVDD_0002_E_0008162,-1.7775219434
CtrSVDD_0003_E_0008163,-5.0103037192
CtrSVDD_0004_E_0008164,-0.0731011919
CtrSVDD_0005_E_0008165,-3.4126861247
CtrSVDD_0006_E_0008166,-2.2327246190
CtrSVDD_0007_E_0008167,-3.9640602742
CtrSVDD_0008_E_0008168,-0.7073440802
CtrSVDD_0009_E_0008169,-4.7183149241
CtrSVDD_0010_E_0008170,-5.3683767453
CtrSVDD_0011_E_0008171,-0.8334767716
CtrSVDD_0012_E_0008172,-3.5490184364
CtrSVDD_0013_E_0008173,-5.1151647180
CtrSVDD_0014_E_0008174,-1.7957391449
CtrSVDD_0015_E_0008175,-3.3232934628
CtrSVDD_0016_E_0008176,-2.6938096398
CtrSVDD_0017_E_0008177,-3.1042064540
CtrSVDD_0018_E_0008178,-3.7579331587
CtrSVDD_0019_E_0008179,-3.7489464591
CtrSVDD_0020_E_0008180,-3.6303040438
CtrSVDD_0021_E_0008181,-0.2500920472
CtrSVDD_0022_E_0008182,-3.2174906720
CtrSVDD_0023_E_0008183,1.1546768705
CtrSVDD_0024_E_0008184,-4.5633457577
CtrSVDD_0025_E_0008185,-4.3742040187
CtrSVDD_0026_E_0008186,-2.9767832629
CtrSVDD_0027_E_0008187,-4.0837023886
CtrSVDD_0028_E_0008188,-3.8626497134
CtrSVDD_0029_E_0008189,1.4197105540
CtrSVDD_0030_E_0008190,-2.4355872564
CtrSVDD_0031_E_0008191,-4.1309486508
CtrSVDD_0032_E_0008192,-3.6859895151
CtrSVDD_0033_E_0008193,-5.4630326764
CtrSVDD_0034_E_0008194,-2.3053138274
CtrSVDD_0035_E_0008195,-5.1394866222
CtrSVDD_0036_E_0008196,-2.7771396549
CtrSVDD_0037_E_0008197,-3.4743005499
CtrSVDD_0038_E_0008198,-2.1870833583
CtrSVDD_0039_E_0008199,-3.7101134620
CtrSVDD_0040_E_0008200,-3.5754057064
CtrSVDD_0041_E_0008201,-3.0278723879
CtrSVDD_0042_E_0008202,-4.7238583250
CtrSVDD_0043_E_0008203,-0.0118899790
CtrSVDD_0044_E_0008204,-2.3237482895
CtrSVDD_0045_E_0008205,-1.6857261595
CtrSVDD_0046_E_0008206,-0.0216829145
CtrSVDD_0047_E_0008207,-0.3172918337
CtrSVDD_0000_E_0008208,-4.7255146867
CtrSVDD_0001_E_0008209,-2.6732188663
CtrSVDD_0002_E_0008210,-5.0928003553
CtrSVDD_0003_E_0008211,-4.0952836934
CtrSVDD_0004_E_0008212,-3.8904001056
CtrSVDD_0005_E_0008213,-3.2672691629
CtrSVDD_0006_E_0008214,-3.7682421717
CtrSVDD_0007_E_0008215,-3.8580511226
CtrSVDD_0008_E_0008216,-3.2861348460
CtrSVDD_0009_E_0008217,-3.1695248711
CtrSVDD_0010_E_0008218,-3.7893901338
CtrSVDD_0011_E_0008219,1.3230285222
CtrSVDD_0012_E_0008220,-2.6415953279
CtrSVDD_0013_E_0008221,-4.0142932708
CtrSVDD_0014_E_0008222,-5.8060046492
CtrSVDD_0015_E_0008223,-3.2278804799
CtrSVDD_0016_E_0008224,-3.8155567540
CtrSVDD_0017_E_0008225,-3.2550693690
CtrSVDD_0018_E_0008226,-3.0154842473
CtrSVDD_0019_E_0008227,-1.0540660493
CtrSVDD_0020_E_0008228,-1.1758526911
CtrSVDD_0021_E_0008229,-3.4141099381
CtrSVDD_0022_E_0008230,-4.1958464274
CtrSVDD_0023_E_0008231,-0.3773477668
CtrSVDD_0024_E_0008232,-0.3053737518
CtrSVDD_0025_E_0008233,-3.6258544867
CtrSVDD_0026_E_0008234,-5.5897355161
CtrSVDD_0027_E_0008235,-3.8789613650
CtrSVDD_0028_E_0008236,0.0980210189
CtrSVDD_0029_E_0008237,-2.4488188858
CtrSVDD_0030_E_0008238,-2.0860086675
CtrSVDD_0031_E_0008239,-4.0151685446
CtrSVDD_0032_E_0008240,-4.8351242262
CtrSVDD_0033_E_0008241,-3.1798967294
CtrSVDD_0034_E_0008242,-4.3963037846
CtrSVDD_0035_E_0008243,-2.3667454904
CtrSVDD_0036_E_0008244,-2.7068739031
CtrSVDD_0037_E_0008245,-3.5478828497
CtrSVDD_0038_E_0008246,-3.7519271682
CtrSVDD_0039_E_0008247,-3.4381620311
CtrSVDD_0040_E_0008248,-2.2397592942
CtrSVDD_0041_E_0008249,-2.4895410260
CtrSVDD_0042_E_0008250,-1.9590862437
CtrSVDD_0043_E_0008251,-3.1353017836
CtrSVDD_0044_E_0008252,-3.3392040876
CtrSVDD_0045_E_0008253,-4.3367072416
CtrSVDD_0046_E_0008254,-1.8842310929
CtrSVDD_0047_E_0008255,-3.9986687799
CtrSVDD_0000_E_0008256,2.3761822323
CtrSVDD_0001_E_0008257,-3.2586446977
CtrSVDD_0002_E_0008258,-4.7767601029
CtrSVDD_0003_E_0008259,-2.2147912163
CtrSVDD_0004_E_0008260,0.8494205515
CtrSVDD_0005_E_0008261,-0.3802476369
CtrSVDD_0006_E_0008262,2.4176214176
CtrSVDD_0007_E_0008263,-3.9583771886
CtrSVDD_0008_E_0008264,-2.8049112391
CtrSVDD_0009_E_0008265,-2.4037295904
CtrSVDD_0010_E_0008266,-3.6399438478
CtrSVDD_0011_E_0008267,-5.2045163538
CtrSVDD_0012_E_0008268,-4.4783597247
CtrSVDD_0013_E_0008269,-3.5387940795
CtrSVDD_0014_E_0008270,-2.8797651489
CtrSVDD_0015_E_0008271,-4.4940808364
CtrSVDD_0016_E_0008272,-2.3473869868
CtrSVDD_0017_E_0008273,-3.8212810882
CtrSVDD_0018_E_0008274,-2.0105818817
CtrSVDD_0019_E_0008275,-1.9157301263
CtrSVDD_0020_E_0008276,-2.6659721499
CtrSVDD_0021_E_0008277,-2.8275549399
CtrSVDD_0022_E_0008278,-2.6183085437
CtrSVDD_0023_E_0008279,1.1571530850
CtrSVDD_0024_E_0008280,-5.8578693408
CtrSVDD_0025_E_0008281,-2.9629232538
CtrSVDD_0026_E_0008282,-4.3907200765
CtrSVDD_0027_E_0008283,-2.2256801261
CtrSVDD_0028_E_0008284,-3.1266252989
CtrSVDD_0029_E_0008285,0.1438705663
CtrSVDD_0030_E_0008286,-3.3763738264
CtrSVDD_0031_E_0008287,-3.5269599920
CtrSVDD_0032_E_0008288,-4.6521175169
CtrSVDD_0033_E_0008289,-4.2269191436
CtrSVDD_0034_E_0008290,-0.9933283398
CtrSVDD_0035_E_0008291,-2.8609657928
CtrSVDD_0036_E_0008292,0.7906822025
CtrSVDD_0037_E_0008293,-2.5285040106
CtrSVDD_0038_E_0008294,-3.7244918748
CtrSVDD_0039_E_0008295,-0.1255203605
CtrSVDD_0040_E_0008296,-2.0484396619
CtrSVDD_0041_E_0008297,-4.9372359525
CtrSVDD_0042_E_0008298,0.3120239506
CtrSVDD_0043_E_0008299,-4.3969597054
CtrSVDD_0044_E_0008300,-4.2842380367
CtrSVDD_0045_E_0008301,-1.2822726111
CtrSVDD_0046_E_0008302,0.7511423942
CtrSVDD_0047_E_0008303,-3.3391670435
CtrSVDD_0000_E_0008304,-4.3182893018
CtrSVDD_0001_E_0008305,-3.2893156196
CtrSVDD_0002_E_0008306,-4.4667291554
CtrSVDD_0003_E_0008307,-2.3301684944
CtrSVDD_0004_E_0008308,-2.1420799016
CtrSVDD_0005_E_0008309,1.5088841121
CtrSVDD_0006_E_0008310,-5.1272665969
CtrSVDD_0007_E_0008311,-1.0014152606
CtrSVDD_0008_E_0008312,-0.9633349402
CtrSVDD_0009_E_0008313,-4.3019476649
CtrSVDD_0010_E_0008314,-4.0994392289
CtrSVDD_0011_E_0008315,-3.9192570605
CtrSVDD_0012_E_0008316,-1.4117884362
CtrSVDD_0013_E_0008317,-3.8737037208
CtrSVDD_0014_E_0008318,-1.1764945189
CtrSVDD_0015_E_0008319,-3.6416149124
CtrSVDD_0016_E_0008320,-3.5468468408
CtrSVDD_0017_E_0008321,-4.2451228398
CtrSVDD_0018_E_0008322,-3.7995529690
CtrSVDD_0019_E_0008323,-0.1509409192
CtrSVDD_0020_E_0008324,-2.6596244476
CtrSVDD_0021_E_0008325,-2.2185912630
CtrSVDD_0022_E_0008326,-1.0461360998
CtrSVDD_0023_E_0008327,-2.6513848545
CtrSVDD_0024_E_0008328,-4.0414215151
CtrSVDD_0025_E_0008329,0.2842384143
CtrSVDD_0026_E_0008330,0.7773675288
CtrSVDD_0027_E_0008331,-1.9509070681
CtrSVDD_0028_E_0008332,-2.4006415839
CtrSVDD_0029_E_0008333,-4.5187393870
CtrSVDD_0030_E_0008334,-4.2224794805
CtrSVDD_0031_E_0008335,-4.0052000412
CtrSVDD_0032_E_0008336,-4.7601302219
CtrSVDD_0033_E_0008337,-4.9465495328
CtrSVDD_0034_E_0008338,-2.8695487737
CtrSVDD_0035_E_0008339,-0.0314779298
CtrSVDD_0036_E_0008340,-2.9372055900
CtrSVDD_0037_E_0008341,1.4755417059
CtrSVDD_0038_E_0008342,-3.7471824052
CtrSVDD_0039_E_0008343,-2.9042969238
CtrSVDD_0040_E_0008344,-3.6044614231
CtrSVDD_0041_E_0008345,-0.9981805446
CtrSVDD_0042_E_0008346,-1.9829093291
CtrSVDD_0043_E_0008347,0.7604483910
CtrSVDD_0044_E_0008348,-2.3580390614
CtrSVDD_0045_E_0008349,0.1978566681
CtrSVDD_0046_E_0008350,-3.1341259433
CtrSVDD_0047_E_0008351,-5.0254903228
CtrSVDD_0000_E_0008352,-2.5923689865
CtrSVDD_0001_E_0008353,-4.0646721799
CtrSVDD_0002_E_0008354,-4.6064125723
CtrSVDD_0003_E_0008355,0.5520484215
CtrSVDD_0004_E_0008356,-3.7585433871
CtrSVDD_0005_E_0008357,-0.5816152139
CtrSVDD_0006_E_0008358,-0.6727868102
CtrSVDD_0007_E_0008359,-3.0614394642
CtrSVDD_0008_E_0008360,-3.4281433485
CtrSVDD_0009_E_0008361,2.1330075465
CtrSVDD_0010_E_0008362,-4.3741597081
CtrSVDD_0011_E_0008363,-4.5244803123
CtrSVDD_0012_E_0008364,-4.6434440947
CtrSVDD_0013_E_0008365,-4.7661763163
CtrSVDD_0014_E_0008366,-1.3908697233
CtrSVDD_0015_E_0008367,0.7302647993
CtrSVDD_0016_E_0008368,-1.5994896030
CtrSVDD_0017_E_0008369,-5.5735542413
CtrSVDD_0018_E_0008370,-2.9569193844
CtrSVDD_0019_E_0008371,-3.8338919166
CtrSVDD_0020_E_0008372,-2.5000048046
CtrSVDD_0021_E_0008373,-3.6384886057
CtrSVDD_0022_E_0008374,-0.5085764963
CtrSVDD_0023_E_0008375,-2.8896372828
CtrSVDD_0024_E_0008376,-1.7011306470
CtrSVDD_0025_E_0008377,-4.2876875652
CtrSVDD_0026_E_0008378,-7.1421611268
CtrSVDD_0027_E_0008379,-4.5607019656
CtrSVDD_0028_E_0008380,-2.3588885536
CtrSVDD_0029_E_0008381,-4.0476756355
CtrSVDD_0030_E_0008382,-4.5763432392
CtrSVDD_0031_E_0008383,-2.4307654601
CtrSVDD_0032_E_0008384,-3.7120270067
CtrSVDD_0033_E_0008385,-0.1608521865
CtrSVDD_0034_E_0008386,-2.5435833006
CtrSVDD_0035_E_0008387,0.0346609925
CtrSVDD_0036_E_0008388,-3.9211948007
CtrSVDD_0037_E_0008389,-4.4176143729
CtrSVDD_0038_E_0008390,-0.5553094215
CtrSVDD_0039_E_0008391,-3.5875718049
CtrSVDD_0040_E_0008392,-3.9155098726
CtrSVDD_0041_E_0008393,-2.4935423318
CtrSVDD_0042_E_0008394,-5.2924452320
CtrSVDD_0043_E_0008395,-4.8545053749
CtrSVDD_0044_E_0008396,1.4672829233
CtrSVDD_0045_E_0008397,-0.1194082724
CtrSVDD_0046_E_0008398,0.4151737799
CtrSVDD_0047_E_0008399,-4.6414081231
CtrSVDD_0000_E_0008400,-5.2710194444
CtrSVDD_0001_E_0008401,-0.5090624017
CtrSVDD_0002_E_0008402,-4.0662853286
CtrSVDD_0003_E_0008403,-2.3924451969
CtrSVDD_0004_E_0008404,-0.2006659048
CtrSVDD_0005_E_0008405,1.2837805526
CtrSVDD_0006_E_0008406,-3.2729248971
CtrSVDD_0007_E_0008407,-2.7820634866
CtrSVDD_0008_E_0008408,-3.0992198508
CtrSVDD_0009_E_0008409,-1.9265924138
CtrSVDD_0010_E_0008410,-1.2079919059
CtrSVDD_0011_E_0008411,-1.8913896625
CtrSVDD_0012_E_0008412,0.2929880969
CtrSVDD_0013_E_0008413,-4.5561450454
CtrSVDD_0014_E_0008414,-3.1580514820
CtrSVDD_0015_E_0008415,-3.0606771769
CtrSVDD_0016_E_0008416,-2.8169918711
CtrSVDD_0017_E_0008417,-3.6473589212
CtrSVDD_0018_E_0008418,-1.1041426793
CtrSVDD_0019_E_0008419,-1.6970470080
CtrSVDD_0020_E_0008420,0.3519331562
CtrSVDD_0021_E_0008421,-2.1950949829
CtrSVDD_0022_E_0008422,-2.7198576025
CtrSVDD_0023_E_0008423,-4.3783602984
CtrSVDD_0024_E_0008424,-3.6428134197
CtrSVDD_0025_E_0008425,-2.6240000049
CtrSVDD_0026_E_0008426,-2.1725182117
CtrSVDD_0027_E_0008427,-0.0470541480
CtrSVDD_0028_E_0008428,-4.6892114661
CtrSVDD_0029_E_0008429,-2.6800346231
CtrSVDD_0030_E_0008430,-3.7838074327
CtrSVDD_0031_E_0008431,-2.0041499106
CtrSVDD_0032_E_0008432,-0.4228111722
CtrSVDD_0033_E_0008433,0.0566812540
CtrSVDD_0034_E_0008434,-2.2300004545
CtrSVDD_0035_E_0008435,-4.6732392987
CtrSVDD_0036_E_0008436,0.7408576739
CtrSVDD_0037_E_0008437,-1.6123813795
CtrSVDD_0038_E_0008438,-5.5379936616
CtrSVDD_0039_E_0008439,-3.1645350741
CtrSVDD_0040_E_0008440,-0.2697034673
CtrSVDD_0041_E_0008441,-0.9997979090
CtrSVDD_0042_E_0008442,-4.0545182016
CtrSVDD_0043_E_0008443,-3.7596801337
CtrSVDD_0044_E_0008444,-0.2610099665
CtrSVDD_0045_E_0008445,-2.5611702383
CtrSVDD_0046_E_0008446,-3.5448758015
CtrSVDD_0047_E_0008447,-5.4181132043
CtrSVDD_0000_E_0008448,-4.5709869920
CtrSVDD_0001_E_0008449,-1.6346590772
CtrSVDD_0002_E_0008450,-3.4092213621
CtrSVDD_0003_E_0008451,-2.6053432698
CtrSVDD_0004_E_0008452,-3.5327573844
CtrSVDD_0005_E_0008453,-5.3257728549
CtrSVDD_0006_E_0008454,-3.2223867441
CtrSVDD_0007_E_0008455,-0.6930450984
CtrSVDD_0008_E_0008456,-3.3653744354
CtrSVDD_0009_E_0008457,-3.7676408765
CtrSVDD_0010_E_0008458,-2.8232524956
CtrSVDD_0011_E_0008459,-3.3368574961
CtrSVDD_0012_E_0008460,-6.0679124536
CtrSVDD_0013_E_0008461,-0.1168660158
CtrSVDD_0014_E_0008462,-3.5603685185
CtrSVDD_0015_E_0008463,-3.5126186326
CtrSVDD_0016_E_0008464,-3.8534317123
CtrSVDD_0017_E_0008465,-5.3869801062
CtrSVDD_0018_E_0008466,-4.9966768796
CtrSVDD_0019_E_0008467,-1.9175847149
CtrSVDD_0020_E_0008468,-4.3325040906
CtrSVDD_0021_E_0008469,0.9522704869
CtrSVDD_0022_E_0008470,-1.9331380674
CtrSVDD_0023_E_0008471,-3.5932337802
CtrSVDD_0024_E_0008472,-4.4724025008
CtrSVDD_0025_E_0008473,1.7218830818
CtrSVDD_0026_E_0008474,-3.7753795833
CtrSVDD_0027_E_0008475,-2.0736330813
CtrSVDD_0028_E_0008476,-2.4296393938
CtrSVDD_0029_E_0008477,-2.8870208469
CtrSVDD_0030_E_0008478,-3.7011267215
CtrSVDD_0031_E_0008479,-1.8643635064
CtrSVDD_0032_E_0008480,-2.6790278924
CtrSVDD_0033_E_0008481,-1.8228226922
CtrSVDD_0034_E_0008482,-4.5440930016
CtrSVDD_0035_E_0008483,-4.5515358054
CtrSVDD_0036_E_0008484,-1.1604418014
CtrSVDD_0037_E_0008485,-4.5188350686
CtrSVDD_0038_E_0008486,-1.0321473432
CtrSVDD_0039_E_0008487,-2.9564207546
CtrSVDD_0040_E_0008488,-1.9550117435
CtrSVDD_0041_E_0008489,-1.4170704625
CtrSVDD_0042_E_0008490,-3.7054753846
CtrSVDD_0043_E_0008491,-4.5816954163
CtrSVDD_0044_E_0008492,-1.7048707919
CtrSVDD_0045_E_0008493,0.7735886145
CtrSVDD_0046_E_0008494,-4.0891335133
CtrSVDD_0047_E_0008495,-3.1610440477
CtrSVDD_0000_E_0008496,-1.2047010716
CtrSVDD_0001_E_0008497,-3.6644974580
CtrSVDD_0002_E_0008498,-2.7870853777
CtrSVDD_0003_E_0008499,-1.0937009802
CtrSVDD_0004_E_0008500,-0.5650529941
CtrSVDD_0005_E_0008501,-1.1032880476
CtrSVDD_0006_E_0008502,-4.1316611650
CtrSVDD_0007_E_0008503,-4.5646050727
CtrSVDD_0008_E_0008504,-2.3862648642
CtrSVDD_0009_E_0008505,-3.8292097671
CtrSVDD_0010_E_0008506,-3.1609840701
CtrSVDD_0011_E_0008507,-2.1468147108
CtrSVDD_0012_E_0008508,-2.4468579179
CtrSVDD_0013_E_0008509,-2.2592976439
CtrSVDD_0014_E_0008510,-3.1823313029
CtrSVDD_0015_E_0008511,-0.8994318169
CtrSVDD_0016_E_0008512,-4.1687407023
CtrSVDD_0017_E_0008513,0.0524786315
CtrSVDD_0018_E_0008514,-3.4814661459
CtrSVDD_0019_E_0008515,-4.7331605333
CtrSVDD_0020_E_0008516,-2.1938142007
CtrSVDD_0021_E_0008517,-0.9629791312
CtrSVDD_0022_E_0008518,-0.4136513455
CtrSVDD_0023_E_0008519,-1.4857401080
CtrSVDD_0024_E_0008520,0.4206468217
CtrSVDD_0025_E_0008521,-1.9929259723
CtrSVDD_0026_E_0008522,-2.7831479185
CtrSVDD_0027_E_0008523,-4.7050764301
CtrSVDD_0028_E_0008524,0.1596170338
CtrSVDD_0029_E_0008525,-3.0101995594
CtrSVDD_0030_E_0008526,-4.1716646766
CtrSVDD_0031_E_0008527,2.3352330401
CtrSVDD_0032_E_0008528,-3.4233250068
CtrSVDD_0033_E_0008529,-1.2181567900
CtrSVDD_0034_E_0008530,0.3649519208
CtrSVDD_0035_E_0008531,-2.2018730969
CtrSVDD_0036_E_0008532,-1.7021477290
CtrSVDD_0037_E_0008533,-3.2011542095
CtrSVDD_0038_E_0008534,-5.1301610806
CtrSVDD_0039_E_0008535,-3.9068543943
CtrSVDD_0040_E_0008536,-1.7880224177
CtrSVDD_0041_E_0008537,-0.2832029081
CtrSVDD_0042_E_0008538,-4.4712511747
CtrSVDD_0043_E_0008539,-3.5554087759
CtrSVDD_0044_E_0008540,-4.0118995347
CtrSVDD_0045_E_0008541,-3.7707094218
CtrSVDD_0046_E_0008542,-2.8128200539
CtrSVDD_0047_E_0008543,-2.9856037977
CtrSVDD_0000_E_0008544,-4.0659583511
CtrSVDD_0001_E_0008545,-2.3227930572
CtrSVDD_0002_E_0008546,-5.0305752993
CtrSVDD_0003_E_0008547,-2.0486018905
CtrSVDD_0004_E_0008548,-2.9936260240
CtrSVDD_0005_E_0008549,-2.0070239885
CtrSVDD_0006_E_0008550,-3.3568398661
CtrSVDD_0007_E_0008551,-3.7938455229
CtrSVDD_0008_E_0008552,-1.4008052395
CtrSVDD_0009_E_0008553,-2.8236677171
CtrSVDD_0010_E_0008554,-5.5529796388
CtrSVDD_0011_E_0008555,0.8651771128
CtrSVDD_0012_E_0008556,-4.8859272711
CtrSVDD_0013_E_0008557,-3.5615723665
CtrSVDD_0014_E_0008558,0.0895005952
CtrSVDD_0015_E_0008559,-2.8435195956
CtrSVDD_0016_E_0008560,-2.6475111459
CtrSVDD_0017_E_0008561,-0.6032882259
CtrSVDD_0018_E_0008562,-1.9425114526
CtrSVDD_0019_E_0008563,-3.4439203200
CtrSVDD_0020_E_0008564,-3.5319724783
CtrSVDD_0021_E_0008565,-4.0989807269
CtrSVDD_0022_E_0008566,-4.6807609658
CtrSVDD_0023_E_0008567,-1.5198846237
CtrSVDD_0024_E_0008568,0.7567181311
CtrSVDD_0025_E_0008569,-2.7263437809
CtrSVDD_0026_E_0008570,-5.8476819361
CtrSVDD_0027_E_0008571,-3.9685985098
CtrSVDD_0028_E_0008572,-3.5751094111
CtrSVDD_0029_E_0008573,-4.2736936867
CtrSVDD_0030_E_0008574,-5.1729401934
CtrSVDD_0031_E_0008575,-2.3253564807
CtrSVDD_0032_E_0008576,-2.0905855635
CtrSVDD_0033_E_0008577,-0.0819206398
CtrSVDD_0034_E_0008578,-2.9859967597
CtrSVDD_0035_E_0008579,-1.5466174425
CtrSVDD_0036_E_0008580,-2.9354890765
CtrSVDD_0037_E_0008581,-2.8154248475
CtrSVDD_0038_E_0008582,-1.6210952518
CtrSVDD_0039_E_0008583,-1.6163688446
CtrSVDD_0040_E_0008584,-4.6143842694
CtrSVDD_0041_E_0008585,-3.5359336513
CtrSVDD_0042_E_0008586,-5.0551201639
CtrSVDD_0043_E_0008587,-4.1088653810
CtrSVDD_0044_E_0008588,-1.8388600546
CtrSVDD_0045_E_0008589,-2.4302503033
CtrSVDD_0046_E_0008590,-3.7549070725
CtrSVDD_0047_E_0008591,-4.6588496012
CtrSVDD_0000_E_0008592,-2.1994640103
CtrSVDD_0001_E_0008593,-2.6951696890
CtrSVDD_0002_E_0008594,-2.6256878943
CtrSVDD_0003_E_0008595,-3.1157216284
CtrSVDD_0004_E_0008596,-0.1992388728
CtrSVDD_0005_E_0008597,-3.4512310058
CtrSVDD_0006_E_0008598,0.7779067982
CtrSVDD_0007_E_0008599,-3.1823787457
CtrSVDD_0008_E_0008600,-3.7245383341
CtrSVDD_0009_E_0008601,-3.5120487762
CtrSVDD_0010_E_0008602,-1.6199663282
CtrSVDD_0011_E_0008603,-2.5441913715
CtrSVDD_0012_E_0008604,1.2642261759
CtrSVDD_0013_E_0008605,-1.9111102342
CtrSVDD_0014_E_0008606,-3.6825952570
CtrSVDD_0015_E_0008607,-4.3506706946
CtrSVDD_0016_E_0008608,-3.8256113918
CtrSVDD_0017_E_0008609,0.1255203605
CtrSVDD_0018_E_0008610,-0.9133678526
CtrSVDD_0019_E_0008611,-4.3895702489
CtrSVDD_0020_E_0008612,-3.9881195687
CtrSVDD_0021_E_0008613,-2.5900534019
CtrSVDD_0022_E_0008614,-0.1657946439
CtrSVDD_0023_E_0008615,-1.2909581143
CtrSVDD_0024_E_0008616,-3.1989374829
CtrSVDD_0025_E_0008617,-2.2920220613
CtrSVDD_0026_E_0008618,-2.6328125379
CtrSVDD_0027_E_0008619,-4.3748151854
CtrSVDD_0028_E_0008620,-3.3942762739
CtrSVDD_0029_E_0008621,-5.5104124398
CtrSVDD_0030_E_0008622,0.4167007285
CtrSVDD_0031_E_0008623,-3.1511719175
CtrSVDD_0032_E_0008624,0.6286535519
CtrSVDD_0033_E_0008625,2.3289639096
CtrSVDD_0034_E_0008626,-2.8833309830
CtrSVDD_0035_E_0008627,-0.6795623921
CtrSVDD_0036_E_0008628,0.4151755544
CtrSVDD_0037_E_0008629,-5.0931842494
CtrSVDD_0038_E_0008630,-4.3009881804
CtrSVDD_0039_E_0008631,-5.6564289389
CtrSVDD_0040_E_0008632,-0.7856360443
CtrSVDD_0041_E_0008633,0.8509494940
CtrSVDD_0042_E_0008634,0.1683117434
CtrSVDD_0043_E_0008635,-6.7862194646
CtrSVDD_0044_E_0008636,1.2617708616
CtrSVDD_0045_E_0008637,1.2831484089
CtrSVDD_0046_E_0008638,-5.0139824218
CtrSVDD_0047_E_0008639,-1.5873266240
CtrSVDD_0000_E_0008640,-3.9194773377
CtrSVDD_0001_E_0008641,-2.2548506917
CtrSVDD_0002_E_0008642,-4.2256150631
CtrSVDD_0003_E_0008643,-0.4505086063
CtrSVDD_0004_E_0008644,-4.6232669533
CtrSVDD_0005_E_0008645,-3.3176905324
CtrSVDD_0006_E_0008646,-4.9772442867
CtrSVDD_0007_E_0008647,-3.2416921483
CtrSVDD_0008_E_0008648,0.4045260948
CtrSVDD_0009_E_0008649,1.1409127093
CtrSVDD_0010_E_0008650,0.4602655202
CtrSVDD_0011_E_0008651,-1.6442695701
CtrSVDD_0012_E_0008652,-4.0366728072
CtrSVDD_0013_E_0008653,-5.1618011418
CtrSVDD_0014_E_0008654,-4.4540301688
CtrSVDD_0015_E_0008655,1.8432660285
CtrSVDD_0016_E_0008656,-1.7286391780
CtrSVDD_0017_E_0008657,-5.0115415064
CtrSVDD_0018_E_0008658,-1.0913665906
CtrSVDD_0019_E_0008659,-4.0211337993
CtrSVDD_0020_E_0008660,-2.2905978201
CtrSVDD_0021_E_0008661,-4.8648448034
CtrSVDD_0022_E_0008662,-0.7945121794
CtrSVDD_0023_E_0008663,-4.7501095442
CtrSVDD_0024_E_0008664,-1.9662584895
CtrSVDD_0025_E_0008665,0.1574242564
CtrSVDD_0026_E_0008666,-2.0121074005
CtrSVDD_0027_E_0008667,-2.4232276406
CtrSVDD_0028_E_0008668,-3.8835147170
CtrSVDD_0029_E_0008669,-3.5000728352
CtrSVDD_0030_E_0008670,-4.3691591455
CtrSVDD_0031_E_0008671,-5.4890095775
CtrSVDD_0032_E_0008672,1.2025863788
CtrSVDD_0033_E_0008673,-4.4334185699
CtrSVDD_0034_E_0008674,-2.3464328829
CtrSVDD_0035_E_0008675,0.3263919994
CtrSVDD_0036_E_0008676,-1.7179752757
CtrSVDD_0037_E_0008677,-3.1048688147
CtrSVDD_0038_E_0008678,-2.4834069050
CtrSVDD_0039_E_0008679,-4.6299439842
CtrSVDD_0040_E_0008680,-2.8551596751
CtrSVDD_0041_E_0008681,-1.9074038159
CtrSVDD_0042_E_0008682,-0.6631188104
CtrSVDD_0043_E_0008683,-3.7391686731
CtrSVDD_0044_E_0008684,-3.5031356487
CtrSVDD_0045_E_0008685,-3.6024386103
CtrSVDD_0046_E_0008686,-4.3204090464
CtrSVDD_0047_E_0008687,-3.7319736937
CtrSVDD_0000_E_0008688,-4.2851745505
CtrSVDD_0001_E_0008689,-3.2402064499
CtrSVDD_0002_E_0008690,-4.9117035639
CtrSVDD_0003_E_0008691,-4.6184638560
CtrSVDD_0004_E_0008692,-1.3438485640
CtrSVDD_0005_E_0008693,-4.8025272284
CtrSVDD_0006_E_0008694,-2.7258012732
CtrSVDD_0007_E_0008695,-4.0780887642
CtrSVDD_0008_E_0008696,-4.3762322936
CtrSVDD_0009_E_0008697,-2.0431994362
CtrSVDD_0010_E_0008698,-1.9917890449
CtrSVDD_0011_E_0008699,-1.2019418937
CtrSVDD_0012_E_0008700,0.7353438785
CtrSVDD_0013_E_0008701,-3.0634909946
CtrSVDD_0014_E_0008702,-3.2213195746
CtrSVDD_0015_E_0008703,-2.6972198973
CtrSVDD_0016_E_0008704,-3.4473329415
CtrSVDD_0017_E_0008705,-2.3903882614
CtrSVDD_0018_E_0008706,-4.3991078515
CtrSVDD_0019_E_0008707,-2.6042339713
CtrSVDD_0020_E_0008708,-3.2753037968
CtrSVDD_0021_E_0008709,0.3713465049
CtrSVDD_0022_E_0008710,1.1329042518
CtrSVDD_0023_E_0008711,-1.2410086459
CtrSVDD_0024_E_0008712,0.2350446126
CtrSVDD_0025_E_0008713,0.3848685318
CtrSVDD_0026_E_0008714,-3.7563967300
CtrSVDD_0027_E_0008715,0.3818576368
CtrSVDD_0028_E_0008716,-0.2670563133
CtrSVDD_0029_E_0008717,-2.7273447100
CtrSVDD_0030_E_0008718,-3.3356606893
CtrSVDD_0031_E_0008719,1.8484782934
CtrSVDD_0032_E_0008720,-2.8144388500
CtrSVDD_0033_E_0008721,-3.2972584609
CtrSVDD_0034_E_0008722,-1.7907331994
CtrSVDD_0035_E_0008723,1.0111555966
CtrSVDD_0036_E_0008724,0.2639055764
CtrSVDD_0037_E_0008725,-1.7096737365
CtrSVDD_0038_E_0008726,0.2610099665
CtrSVDD_0039_E_0008727,-0.9863959942
CtrSVDD_0040_E_0008728,-0.1353955945
CtrSVDD_0041_E_0008729,-2.5342974420
CtrSVDD_0042_E_0008730,-1.1625029119
CtrSVDD_0043_E_0008731,-4.0106419784
CtrSVDD_0044_E_0008732,-2.6780464505
CtrSVDD_0045_E_0008733,-1.5235142362
CtrSVDD_0046_E_0008734,-3.2831618875
CtrSVDD_0047_E_0008735,-2.6275083667
CtrSVDD_0000_E_0008736,-2.2650365172
CtrSVDD_0001_E_0008737,-1.1999879495
CtrSVDD_0002_E_0008738,-3.9183106227
CtrSVDD_0003_E_0008739,-2.7337160076
CtrSVDD_0004_E_0008740,-2.5737844802
CtrSVDD_0005_E_0008741,-0.3046894591
CtrSVDD_0006_E_0008742,-4.0513093292
CtrSVDD_0007_E_0008743,-1.9880330470
CtrSVDD_0008_E_0008744,-4.4008602567
CtrSVDD_0009_E_0008745,0.3376287368
CtrSVDD_0010_E_0008746,0.8473630158
CtrSVDD_0011_E_0008747,-3.5285599651
CtrSVDD_0012_E_0008748,-3.6891651978
CtrSVDD_0013_E_0008749,-2.9159776785
CtrSVDD_0014_E_0008750,-0.8692921165
CtrSVDD_0015_E_0008751,-1.8097757632
CtrSVDD_0016_E_0008752,-3.3221746126
CtrSVDD_0017_E_0008753,-2.3565880515
CtrSVDD_0018_E_0008754,-2.2921235983
CtrSVDD_0019_E_0008755,-4.5605720587
CtrSVDD_0020_E_0008756,-3.6560174944
CtrSVDD_0021_E_0008757,0.0398041646
CtrSVDD_0022_E_0008758,-3.0230875571
CtrSVDD_0023_E_0008759,-0.1944753570
CtrSVDD_0024_E_0008760,-3.3072262991
CtrSVDD_0025_E_0008761,-1.4966413405
CtrSVDD_0026_E_0008762,-0.1935347696
CtrSVDD_0027_E_0008763,-4.2388060941
CtrSVDD_0028_E_0008764,-2.9536449259
CtrSVDD_0029_E_0008765,-0.6472595019
CtrSVDD_0030_E_0008766,-4.8134225786
CtrSVDD_0031_E_0008767,-3.3262359499
CtrSVDD_0032_E_0008768,-4.0275207579
CtrSVDD_0033_E_0008769,-4.1496780482
CtrSVDD_0034_E_0008770,-5.7829249082
CtrSVDD_0035_E_0008771,-3.7052122916
CtrSVDD_0036_E_0008772,-1.2433804294
CtrSVDD_0037_E_0008773,-4.1316942615
CtrSVDD_0038_E_0008774,-2.4379333655
CtrSVDD_0039_E_0008775,-3.5646505489
CtrSVDD_0040_E_0008776,-2.4210083099
CtrSVDD_0041_E_0008777,1.5363932377
CtrSVDD_0042_E_0008778,-0.7029888095
CtrSVDD_0043_E_0008779,-1.8950795653
CtrSVDD_0044_E_0008780,0.3370899316
CtrSVDD_0045_E_0008781,-3.3128519795
CtrSVDD_0046_E_0008782,-0.1714530728
CtrSVDD_0047_E_0008783,-0.1393254682
CtrSVDD_0000_E_0008784,-3.7733310557
CtrSVDD_0001_E_0008785,-3.7040993316
CtrSVDD_0002_E_0008786,-3.8366267888
CtrSVDD_0003_E_0008787,-2.4491171482
CtrSVDD_0004_E_0008788,-2.6984462677
CtrSVDD_0005_E_0008789,-3.9218117148
CtrSVDD_0006_E_0008790,-1.3599639700
CtrSVDD_0007_E_0008791,1.0347594811
CtrSVDD_0008_E_0008792,-1.7815013103
CtrSVDD_0009_E_0008793,-3.7442692600
CtrSVDD_0010_E_0008794,-1.7664717509
CtrSVDD_0011_E_0008795,0.9500715601
CtrSVDD_0012_E_0008796,-3.6554505923
CtrSVDD_0013_E_0008797,-2.6205364470
CtrSVDD_0014_E_0008798,-0.1978122464
CtrSVDD_0015_E_0008799,-0.2959096162
CtrSVDD_0016_E_0008800,-3.2895201959
CtrSVDD_0017_E_0008801,-0.9512552421
CtrSVDD_0018_E_0008802,-4.9039221158
CtrSVDD_0019_E_0008803,-1.0985700370
CtrSVDD_0020_E_0008804,0.6526981539
CtrSVDD_0021_E_0008805,-1.5054507176
CtrSVDD_0022_E_0008806,-4.8631627333
CtrSVDD_0023_E_0008807,-5.1814514512
CtrSVDD_0024_E_0008808,-2.6275956848
CtrSVDD_0025_E_0008809,-1.6029418490
CtrSVDD_0026_E_0008810,-3.8597730014
CtrSVDD_0027_E_0008811,-3.1791922146
CtrSVDD_0028_E_0008812,-5.9503869380
CtrSVDD_0029_E_0008813,-1.0173171333
CtrSVDD_0030_E_0008814,-1.2310820037
CtrSVDD_0031_E_0008815,-3.7772330178
CtrSVDD_0032_E_0008816,0.3698482853
CtrSVDD_0033_E_0008817,-1.8095208740
CtrSVDD_0034_E_0008818,-1.0677603831
CtrSVDD_0035_E_0008819,-4.5137594797
CtrSVDD_0036_E_0008820,-4.3719846960
CtrSVDD_0037_E_0008821,-1.6936253828
CtrSVDD_0038_E_0008822,-0.5213535034
CtrSVDD_0039_E_0008823,-3.1531174938
CtrSVDD_0040_E_0008824,-3.0627486314
CtrSVDD_0041_E_0008825,0.6244501778
CtrSVDD_0042_E_0008826,-3.1452522833
CtrSVDD_0043_E_0008827,-1.9824130007
CtrSVDD_0044_E_0008828,-0.7599620876
CtrSVDD_0045_E_0008829,-2.7888240147
CtrSVDD_0046_E_0008830,-4.1513192994
CtrSVDD_0047_E_0008831,-0.2833000529
CtrSVDD_0000_E_0008832,0.3061550341
CtrSVDD_0001_E_0008833,0.3758308238
CtrSVDD_0002_E_0008834,-4.2372425641
CtrSVDD_0003_E_0008835,-5.0339330720
CtrSVDD_0004_E_0008836,-3.6916474560
CtrSVDD_0005_E_0008837,-4.6769083658
CtrSVDD_0006_E_0008838,-3.6542333139
CtrSVDD_0007_E_0008839,-0.4754214521
CtrSVDD_0008_E_0008840,-0.5455439463
CtrSVDD_0009_E_0008841,-2.8744766580
CtrSVDD_0010_E_0008842,-4.9944850828
CtrSVDD_0011_E_0008843,-2.7568793726
CtrSVDD_0012_E_0008844,-0.1764594083
CtrSVDD_0013_E_0008845,-0.2611376153
CtrSVDD_0014_E_0008846,-4.4404070864
CtrSVDD_0015_E_0008847,-4.4033999623
CtrSVDD_0016_E_0008848,-1.0953237960
CtrSVDD_0017_E_0008849,-3.1952101440
CtrSVDD_0018_E_0008850,-0.0650895778
CtrSVDD_0019_E_0008851,0.2792173172
CtrSVDD_0020_E_0008852,-4.8910064635
CtrSVDD_0021_E_0008853,-2.1757795479
CtrSVDD_0022_E_0008854,-3.9678245810
CtrSVDD_0023_E_0008855,-3.4531216532
CtrSVDD_0024_E_0008856,-4.8037556572
CtrSVDD_0025_E_0008857,-5.4534685667
CtrSVDD_0026_E_0008858,-3.4271915190
CtrSVDD_0027_E_0008859,-0.2222952257
CtrSVDD_0028_E_0008860,-1.7267174918
CtrSVDD_0029_E_0008861,-3.1067706579
CtrSVDD_0030_E_0008862,-2.2588966144
CtrSVDD_0031_E_0008863,-3.7176917062
CtrSVDD_0032_E_0008864,-4.3729550595
CtrSVDD_0033_E_0008865,-5.8318475622
CtrSVDD_0034_E_0008866,-4.8720895783
CtrSVDD_0035_E_0008867,-2.2197611742
CtrSVDD_0036_E_0008868,-2.5517547684
CtrSVDD_0037_E_0008869,-3.4444769605
CtrSVDD_0038_E_0008870,-2.0520441635
CtrSVDD_0039_E_0008871,-3.6636724498
CtrSVDD_0040_E_0008872,-1.1964819637
CtrSVDD_0041_E_0008873,-2.1689446525
CtrSVDD_0042_E_0008874,1.1369937987
CtrSVDD_0043_E_0008875,-0.3271602014
CtrSVDD_0044_E_0008876,0.3721890597
CtrSVDD_0045_E_0008877,-5.0144925638
CtrSVDD_0046_E_0008878,-4.3273445571
CtrSVDD_0047_E_0008879,0.5038065543
CtrSVDD_0000_E_0008880,-2.1505188862
CtrSVDD_0001_E_0008881,-2.1435322406
CtrSVDD_0002_E_0008882,0.4096927937
CtrSVDD_0003_E_0008883,-3.7340805621
CtrSVDD_0004_E_0008884,-3.8517238812
CtrSVDD_0005_E_0008885,-2.8067158007
CtrSVDD_0006_E_0008886,-1.6913053281
CtrSVDD_0007_E_0008887,-1.3808368960
CtrSVDD_0008_E_0008888,0.4458688780
CtrSVDD_0009_E_0008889,-4.1596052001
CtrSVDD_0010_E_0008890,-2.9550334097
CtrSVDD_0011_E_0008891,-2.4742478480
CtrSVDD_0012_E_0008892,-3.0959006344
CtrSVDD_0013_E_0008893,-4.4812315609
CtrSVDD_0014_E_0008894,0.2092367911
CtrSVDD_0015_E_0008895,-2.8295013586
CtrSVDD_0016_E_0008896,-4.5157331475
CtrSVDD_0017_E_0008897,0.3046894591
CtrSVDD_0018_E_0008898,-2.5935368769
CtrSVDD_0019_E_0008899,-3.1594938176
CtrSVDD_0020_E_0008900,-1.2282883880
CtrSVDD_0021_E_0008901,-4.2042880973
CtrSVDD_0022_E_0008902,-1.5545599072
CtrSVDD_0023_E_0008903,-2.4858526206
CtrSVDD_0024_E_0008904,-3.6680777255
CtrSVDD_0025_E_0008905,-3.6124742046
CtrSVDD_0026_E_0008906,-1.4603090646
CtrSVDD_0027_E_0008907,-2.8306686864
CtrSVDD_0028_E_0008908,-2.1993945350
CtrSVDD_0029_E_0008909,2.5836074161
CtrSVDD_0030_E_0008910,-3.8509905492
CtrSVDD_0031_E_0008911,-3.3813884878
CtrSVDD_0032_E_0008912,-2.9508645248
CtrSVDD_0033_E_0008913,-3.6424196140
CtrSVDD_0034_E_0008914,-2.5360706197
CtrSVDD_0035_E_0008915,-3.8064074786
CtrSVDD_0036_E_0008916,0.3296962808
CtrSVDD_0037_E_0008917,-2.9637367265
CtrSVDD_0038_E_0008918,0.5022191229
CtrSVDD_0039_E_0008919,-4.6925423697
CtrSVDD_0040_E_0008920,-0.6406295548
CtrSVDD_0041_E_0008921,0.6350400847
CtrSVDD_0042_E_0008922,-2.7358327453
CtrSVDD_0043_E_0008923,-4.1240124800
CtrSVDD_0044_E_0008924,-0.6016111041
CtrSVDD_0045_E_0008925,-3.0350717502
CtrSVDD_0046_E_0008926,-0.7037558681
CtrSVDD_0047_E_0008927,0.7717032953
CtrSVDD_0000_E_0008928,-1.3722105545
CtrSVDD_0001_E_0008929,-0.9007043491
CtrSVDD_0002_E_0008930,-1.7659379920
CtrSVDD_0003_E_0008931,-5.4765439754
CtrSVDD_0004_E_0008932,0.0146878031
CtrSVDD_0005_E_0008933,-3.8419300249
CtrSVDD_0006_E_0008934,-2.0652498042
CtrSVDD_0007_E_0008935,-3.5830708544
CtrSVDD_0008_E_0008936,-1.9666614358
CtrSVDD_0009_E_0008937,-0.3737730907
CtrSVDD_0010_E_0008938,-3.2461032464
CtrSVDD_0011_E_0008939,-0.6761762132
CtrSVDD_0012_E_0008940,-3.3438350809
CtrSVDD_0013_E_0008941,-3.3216173730
CtrSVDD_0014_E_0008942,-1.3939999483
CtrSVDD_0015_E_0008943,-3.6305724579
CtrSVDD_0016_E_0008944,-2.0584806754
CtrSVDD_0017_E_0008945,-1.5814400453
CtrSVDD_0018_E_0008946,-3.3525494021
CtrSVDD_0019_E_0008947,-1.7649809686
CtrSVDD_0020_E_0008948,-0.4673649119
CtrSVDD_0021_E_0008949,-1.8184827079
CtrSVDD_0022_E_0008950,-3.9770972035
CtrSVDD_0023_E_0008951,-2.3844972778
CtrSVDD_0024_E_0008952,-5.5785473776
CtrSVDD_0025_E_0008953,-3.6605429401
CtrSVDD_0026_E_0008954,-1.7438609032
CtrSVDD_0027_E_0008955,-5.0577552895
CtrSVDD_0028_E_0008956,-3.4034812547
CtrSVDD_0029_E_0008957,-6.0158214649
CtrSVDD_0030_E_0008958,-4.3356248445
CtrSVDD_0031_E_0008959,1.5318557475
CtrSVDD_0032_E_0008960,-2.9340842027
CtrSVDD_0033_E_0008961,-3.9101523164
CtrSVDD_0034_E_0008962,-5.6428390715
CtrSVDD_0035_E_0008963,-4.7629745452
CtrSVDD_0036_E_0008964,-5.5305905989
CtrSVDD_0037_E_0008965,-2.6550174826
CtrSVDD_0038_E_0008966,-1.9222540468
CtrSVDD_0039_E_0008967,-3.3012523133
CtrSVDD_0040_E_0008968,-0.3349511434
CtrSVDD_0041_E_0008969,-3.0500632149
CtrSVDD_0042_E_0008970,-1.9120546210
CtrSVDD_0043_E_0008971,-2.8399679915
CtrSVDD_0044_E_0008972,-2.9021282909
CtrSVDD_0045_E_0008973,-1.3094205623
CtrSVDD_0046_E_0008974,-3.0964426616
CtrSVDD_0047_E_0008975,-4.2677705632
CtrSVDD_0000_E_0008976,-4.1154726308
CtrSVDD_0001_E_0008977,0.3331175164
CtrSVDD_0002_E_0008978,-4.0640127819
CtrSVDD_0003_E_0008979,-1.1015730699
CtrSVDD_0004_E_0008980,-1.0492027322
CtrSVDD_0005_E_0008981,-0.0062945880
CtrSVDD_0006_E_0008982,-3.7919969729
CtrSVDD_0007_E_0008983,0.6085532539
CtrSVDD_0008_E_0008984,0.1994065447
CtrSVDD_0009_E_0008985,-4.1830328958
CtrSVDD_0010_E_0008986,0.4785560875
CtrSVDD_0011_E_0008987,-2.5701963918
CtrSVDD_0012_E_0008988,0.1948618951
CtrSVDD_0013_E_0008989,-2.5335544650
CtrSVDD_0014_E_0008990,-0.3208475899
CtrSVDD_0015_E_0008991,-4.2798043138
CtrSVDD_0016_E_0008992,-4.2266280590
CtrSVDD_0017_E_0008993,-5.0215958112
CtrSVDD_0018_E_0008994,-3.4859269735
CtrSVDD_0019_E_0008995,0.0286790869
CtrSVDD_0020_E_0008996,-2.5888893972
CtrSVDD_0021_E_0008997,-3.3733931174
CtrSVDD_0022_E_0008998,-3.7156206279
CtrSVDD_0023_E_0008999,-2.8856349124
CtrSVDD_0024_E_0009000,0.9448368552
CtrSVDD_0025_E_0009001,0.1339840606
CtrSVDD_0026_E_0009002,-2.4130478633
CtrSVDD_0027_E_0009003,-5.2487686711
CtrSVDD_0028_E_0009004,-3.6927791820
CtrSVDD_0029_E_0009005,-2.7639593891
CtrSVDD_0030_E_0009006,-3.4595522960
CtrSVDD_0031_E_0009007,-2.3352330401
CtrSVDD_0032_E_0009008,-3.8277262111
CtrSVDD_0033_E_0009009,-4.2167119168
CtrSVDD_0034_E_0009010,-2.4266703056
CtrSVDD_0035_E_0009011,-0.0678933459
CtrSVDD_0036_E_0009012,-3.8082739377
CtrSVDD_0037_E_0009013,-2.8643472317
CtrSVDD_0038_E_0009014,-4.2022819660
CtrSVDD_0039_E_0009015,-4.0748812670
CtrSVDD_0040_E_0009016,-1.9904769949
CtrSVDD_0041_E_0009017,-5.9053311184
CtrSVDD_0042_E_0009018,-5.6706602229
CtrSVDD_0043_E_0009019,-4.8178078891
CtrSVDD_0044_E_0009020,-3.0623945969
CtrSVDD_0045_E_0009021,-5.4114843641
CtrSVDD_0046_E_0009022,1.8207925786
CtrSVDD_0047_E_0009023,-1.0710006974
CtrSVDD_0000_E_0009024,-0.6032070528
CtrSVDD_0001_E_0009025,-4.1041868366
CtrSVDD_0002_E_0009026,1.9379537554
CtrSVDD_0003_E_0009027,-4.1039183047
CtrSVDD_0004_E_0009028,-0.9812876872
CtrSVDD_0005_E_0009029,-4.1563638485
CtrSVDD_0006_E_0009030,-3.2132937358
CtrSVDD_0007_E_0009031,-2.3846549175
CtrSVDD_0008_E_0009032,-1.6508347544
CtrSVDD_0009_E_0009033,-5.8143090905
CtrSVDD_0010_E_0009034,-1.4555857163
CtrSVDD_0011_E_0009035,-4.9428702335
CtrSVDD_0012_E_0009036,-3.8985232302
CtrSVDD_0013_E_0009037,-1.1800762300
CtrSVDD_0014_E_0009038,-1.7810346025
CtrSVDD_0015_E_0009039,-3.3285989360
CtrSVDD_0016_E_0009040,-3.4693027911
CtrSVDD_0017_E_0009041,-3.5524245478
CtrSVDD_0018_E_0009042,-3.4907375740
CtrSVDD_0019_E_0009043,-2.1192268864
CtrSVDD_0020_E_0009044,-3.4171496945
CtrSVDD_0021_E_0009045,-2.0659460909
CtrSVDD_0022_E_0009046,-3.7392320530
CtrSVDD_0023_E_0009047,-1.5879321460
CtrSVDD_0024_E_0009048,-4.3072946298
CtrSVDD_0025_E_0009049,-2.1322925254
CtrSVDD_0026_E_0009050,-4.7515030812
CtrSVDD_0027_E_0009051,-3.1003544143
CtrSVDD_0028_E_0009052,-3.1845994437
CtrSVDD_0029_E_0009053,-0.7566420251
CtrSVDD_0030_E_0009054,-4.9977042997
CtrSVDD_0031_E_0009055,-2.2947340345
CtrSVDD_0032_E_0009056,-3.2242131292
CtrSVDD_0033_E_0009057,-3.3361947508
CtrSVDD_0034_E_0009058,-3.5660398680
CtrSVDD_0035_E_0009059,0.2283259462
CtrSVDD_0036_E_0009060,0.5700579520
CtrSVDD_0037_E_0009061,-5.2619545546
CtrSVDD_0038_E_0009062,-3.4152068236
CtrSVDD_0039_E_0009063,-1.8738208376
CtrSVDD_0040_E_0009064,-4.2313891984
CtrSVDD_0041_E_0009065,-3.8262425979
CtrSVDD_0042_E_0009066,-0.0056697387
CtrSVDD_0043_E_0009067,-2.4855238332
CtrSVDD_0044_E_0009068,-1.5787329597
CtrSVDD_0045_E_0009069,-4.0776864696
CtrSVDD_0046_E_0009070,-0.2350446126
CtrSVDD_0047_E_0009071,-1.8627118320
CtrSVDD_0000_E_0009072,-3.6681220517
CtrSVDD_0001_E_0009073,-4.8924712512
CtrSVDD_0002_E_0009074,-5.1246698488
CtrSVDD_0003_E_0009075,-0.6140183784
CtrSVDD_0004_E_0009076,-2.9554055938
CtrSVDD_0005_E_0009077,0.2451224673
CtrSVDD_0006_E_0009078,-1.7728284040
CtrSVDD_0007_E_0009079,-2.1638842560
CtrSVDD_0008_E_0009080,-4.2356830028
CtrSVDD_0009_E_0009081,-6.0589732077
CtrSVDD_0010_E_0009082,-0.1325727936
CtrSVDD_0011_E_0009083,-5.3525780435
CtrSVDD_0012_E_0009084,-2.5500644983
CtrSVDD_0013_E_0009085,-3.8460393946
CtrSVDD_0014_E_0009086,-0.2149592275
CtrSVDD_0015_E_0009087,-4.1752332183
CtrSVDD_0016_E_0009088,-2.8928008794
CtrSVDD_0017_E_0009089,-1.6422784455
CtrSVDD_0018_E_0009090,-0.5229565873
CtrSVDD_0019_E_0009091,-3.9897002268
CtrSVDD_0020_E_0009092,-2.9765609179
CtrSVDD_0021_E_0009093,-3.8915597066
CtrSVDD_0022_E_0009094,0.4707282311
CtrSVDD_0023_E_0009095,-3.0590170867
CtrSVDD_0024_E_0009096,-2.5003249789
CtrSVDD_0025_E_0009097,-2.9510127767
CtrSVDD_0026_E_0009098,-1.4445199269
CtrSVDD_0027_E_0009099,-3.9078718191
CtrSVDD_0028_E_0009100,-5.2960195282
CtrSVDD_0029_E_0009101,-3.4730888294
CtrSVDD_0030_E_0009102,-3.8330678708
CtrSVDD_0031_E_0009103,-4.6039863033
CtrSVDD_0032_E_0009104,-1.7081333224
CtrSVDD_0033_E_0009105,-0.4136173164
CtrSVDD_0034_E_0009106,-2.7902476912
CtrSVDD_0035_E_0009107,-4.7004975367
CtrSVDD_0036_E_0009108,1.0088261121
CtrSVDD_0037_E_0009109,-3.2070673283
CtrSVDD_0038_E_0009110,-4.4468701782
CtrSVDD_0039_E_0009111,-4.7185638649
CtrSVDD_0040_E_0009112,-6.0708103247
CtrSVDD_0041_E_0009113,-1.7135361547
CtrSVDD_0042_E_0009114,-3.0786404689
CtrSVDD_0043_E_0009115,0.4274043749
CtrSVDD_0044_E_0009116,-4.9323796854
CtrSVDD_0045_E_0009117,-2.9729815471
CtrSVDD_0046_E_0009118,-3.2298217434
CtrSVDD_0047_E_0009119,-2.9521087839
CtrSVDD_0000_E_0009120,-4.5944364630
CtrSVDD_0001_E_0009121,-5.0621224720
CtrSVDD_0002_E_0009122,-2.6884379522
CtrSVDD_0003_E_0009123,-3.1029232080
CtrSVDD_0004_E_0009124,-0.1636081623
CtrSVDD_0005_E_0009125,-5.3002177347
CtrSVDD_0006_E_0009126,-3.6903766401
CtrSVDD_0007_E_0009127,-0.7529054659
CtrSVDD_0008_E_0009128,-3.3825539571
CtrSVDD_0009_E_0009129,-5.1572378414
CtrSVDD_0010_E_0009130,-4.8968592827
CtrSVDD_0011_E_0009131,-2.6786025561
CtrSVDD_0012_E_0009132,-0.5921076798
CtrSVDD_0013_E_0009133,-3.5626373385
CtrSVDD_0014_E_0009134,-4.9191140161
CtrSVDD_0015_E_0009135,-4.0905099624
CtrSVDD_0016_E_0009136,-4.2215009245
CtrSVDD_0017_E_0009137,-4.4925472144
CtrSVDD_0018_E_0009138,-3.0947534303
CtrSVDD_0019_E_0009139,-4.9379818920
CtrSVDD_0020_E_0009140,1.3478708836
CtrSVDD_0021_E_0009141,-5.5479482906
CtrSVDD_0022_E_0009142,-4.5172929971
CtrSVDD_0023_E_0009143,-4.0020208454
CtrSVDD_0024_E_0009144,-0.1793015971
CtrSVDD_0025_E_0009145,-3.2420787383
CtrSVDD_0026_E_0009146,-4.6678683169
CtrSVDD_0027_E_0009147,-4.9629461196
CtrSVDD_0028_E_0009148,0.5733521972
CtrSVDD_0029_E_0009149,-4.1695755428
CtrSVDD_0030_E_0009150,-4.3792183949
CtrSVDD_0031_E_0009151,0.3623695476
CtrSVDD_0032_E_0009152,-3.3926031856
CtrSVDD_0033_E_0009153,0.4289374437
CtrSVDD_0034_E_0009154,-0.3133284690
CtrSVDD_0035_E_0009155,-4.1949363061
CtrSVDD_0036_E_0009156,-2.8219269951
CtrSVDD_0037_E_0009157,-3.5652879081
CtrSVDD_0038_E_0009158,-1.7623362144
CtrSVDD_0039_E_0009159,-4.1732115017
CtrSVDD_0040_E_0009160,0.6879377687
CtrSVDD_0041_E_0009161,-2.3485601827
CtrSVDD_0042_E_0009162,-4.1840575000
CtrSVDD_0043_E_0009163,-3.7608170034
CtrSVDD_0044_E_0009164,-2.1468850115
CtrSVDD_0045_E_0009165,-2.8143419699
CtrSVDD_0046_E_0009166,-0.8586410379
CtrSVDD_0047_E_0009167,-4.6824337718
CtrSVDD_0000_E_0009168,-1.4101247215
CtrSVDD_0001_E_0009169,-1.3386271155
CtrSVDD_0002_E_0009170,-1.3026969964
CtrSVDD_0003_E_0009171,0.5500786843
CtrSVDD_0004_E_0009172,0.1949601979
CtrSVDD_0005_E_0009173,-3.8910915894
CtrSVDD_0006_E_0009174,-1.2096380231
CtrSVDD_0007_E_0009175,-3.7071190453
CtrSVDD_0008_E_0009176,-2.5755657617
CtrSVDD_0009_E_0009177,0.9133678526
CtrSVDD_0010_E_0009178,-2.3631959595
CtrSVDD_0011_E_0009179,-3.1347813859
CtrSVDD_0012_E_0009180,-4.0406600664
CtrSVDD_0013_E_0009181,-3.3565540645
CtrSVDD_0014_E_0009182,-2.6148188373
CtrSVDD_0015_E_0009183,-5.7247308023
CtrSVDD_0016_E_0009184,-4.0829071058
CtrSVDD_0017_E_0009185,-4.4449246090
CtrSVDD_0018_E_0009186,-1.5253929382
CtrSVDD_0019_E_0009187,-0.3623695476
CtrSVDD_0020_E_0009188,-5.0894891801
CtrSVDD_0021_E_0009189,-5.6490444303
CtrSVDD_0022_E_0009190,-5.5054676423
CtrSVDD_0023_E_0009191,-4.0737665882
CtrSVDD_0024_E_0009192,-2.8091491630
CtrSVDD_0025_E_0009193,-0.6421305150
CtrSVDD_0026_E_0009194,-3.5582760276
CtrSVDD_0027_E_0009195,-3.4023210936
CtrSVDD_0028_E_0009196,-3.7790246960
CtrSVDD_0029_E_0009197,1.1249678019
CtrSVDD_0030_E_0009198,-3.7084331762
CtrSVDD_0031_E_0009199,-2.3831062763
CtrSVDD_0032_E_0009200,-3.3250538824
CtrSVDD_0033_E_0009201,-3.7474330152
CtrSVDD_0034_E_0009202,1.4794189075
CtrSVDD_0035_E_0009203,-3.7920973075
CtrSVDD_0036_E_0009204,0.4261121056
CtrSVDD_0037_E_0009205,-4.4106283920
CtrSVDD_0038_E_0009206,-4.1152560765
CtrSVDD_0039_E_0009207,-2.5827849240
CtrSVDD_0040_E_0009208,-5.7334037086
CtrSVDD_0041_E_0009209,-2.3633532501
CtrSVDD_0042_E_0009210,-5.6481508421
CtrSVDD_0043_E_0009211,-4.2946104265
CtrSVDD_0044_E_0009212,-4.8743628058
CtrSVDD_0045_E_0009213,-4.8332821475
CtrSVDD_0046_E_0009214,-2.8166232242
CtrSVDD_0047_E_0009215,-3.0964954285
CtrSVDD_0000_E_0009216,-3.9889251334
CtrSVDD_0001_E_0009217,-3.0726148842
CtrSVDD_0002_E_0009218,-2.7252138497
CtrSVDD_0003_E_0009219,-4.7073114445
CtrSVDD_0004_E_0009220,-5.4580256752
CtrSVDD_0005_E_0009221,1.8829302476
CtrSVDD_0006_E_0009222,-0.2109499790
CtrSVDD_0007_E_0009223,-3.3003828884
CtrSVDD_0008_E_0009224,0.2221222082
CtrSVDD_0009_E_0009225,-2.4958224382
CtrSVDD_0010_E_0009226,-4.1645848964
CtrSVDD_0011_E_0009227,-0.5245610163
CtrSVDD_0012_E_0009228,-2.2208461367
CtrSVDD_0013_E_0009229,-5.7739967524
CtrSVDD_0014_E_0009230,-1.7749117754
CtrSVDD_0015_E_0009231,-2.6026312936
CtrSVDD_0016_E_0009232,-4.2946515991
CtrSVDD_0017_E_0009233,-4.9085866918
CtrSVDD_0018_E_0009234,-5.3883363970
CtrSVDD_0019_E_0009235,0.5932506910
CtrSVDD_0020_E_0009236,1.3503700232
CtrSVDD_0021_E_0009237,-3.6013714408
CtrSVDD_0022_E_0009238,-3.3708851702
CtrSVDD_0023_E_0009239,-3.2908069213
CtrSVDD_0024_E_0009240,-2.2006414448
CtrSVDD_0025_E_0009241,-3.6696053238
CtrSVDD_0026_E_0009242,-5.3401923516
CtrSVDD_0027_E_0009243,-2.0847458364
CtrSVDD_0028_E_0009244,-2.5574203361
CtrSVDD_0029_E_0009245,-5.1732874737
CtrSVDD_0030_E_0009246,-2.8559336039
CtrSVDD_0031_E_0009247,-4.9234471886
CtrSVDD_0032_E_0009248,-5.8276780207
CtrSVDD_0033_E_0009249,-3.3778902189
CtrSVDD_0034_E_0009250,-4.4281172043
CtrSVDD_0035_E_0009251,-1.0787662039
CtrSVDD_0036_E_0009252,-2.9159037605
CtrSVDD_0037_E_0009253,-3.7188893702
CtrSVDD_0038_E_0009254,-5.6000037306
CtrSVDD_0039_E_0009255,-2.7835820042
CtrSVDD_0040_E_0009256,-3.5891930432
CtrSVDD_0041_E_0009257,-5.8489419367
CtrSVDD_0042_E_0009258,-4.3079881826
CtrSVDD_0043_E_0009259,1.4364759249
CtrSVDD_0044_E_0009260,-3.3251730593
CtrSVDD_0045_E_0009261,-1.7503039881
CtrSVDD_0046_E_0009262,-0.6947613455
CtrSVDD_0047_E_0009263,-4.2785087311
CtrSVDD_0000_E_0009264,0.6201542326
CtrSVDD_0001_E_0009265,-4.5789200927
CtrSVDD_0002_E_0009266,-3.0981305511
CtrSVDD_0003_E_0009267,0.4243412441
CtrSVDD_0004_E_0009268,-2.0462009173
CtrSVDD_0005_E_0009269,0.4536071489
CtrSVDD_0006_E_0009270,-4.5688561316
CtrSVDD_0007_E_0009271,-1.2224429156
CtrSVDD_0008_E_0009272,-3.7545085650
CtrSVDD_0009_E_0009273,-3.2026399079
CtrSVDD_0010_E_0009274,-2.6186724147
CtrSVDD_0011_E_0009275,-2.5875873430
CtrSVDD_0012_E_0009276,-3.6162113269
CtrSVDD_0013_E_0009277,-5.3069840536
CtrSVDD_0014_E_0009278,-5.1652080084
CtrSVDD_0015_E_0009279,-4.8066598157
CtrSVDD_0016_E_0009280,-1.4473320645
CtrSVDD_0017_E_0009281,-3.1662011277
CtrSVDD_0018_E_0009282,-4.5582548400
CtrSVDD_0019_E_0009283,-3.6520581839
CtrSVDD_0020_E_0009284,-0.9995624115
CtrSVDD_0021_E_0009285,-4.5278659796
CtrSVDD_0022_E_0009286,-0.0384761641
CtrSVDD_0023_E_0009287,-3.6861244329
CtrSVDD_0024_E_0009288,-2.0576833914
CtrSVDD_0025_E_0009289,-4.1425174752
CtrSVDD_0026_E_0009290,-4.2482861459
CtrSVDD_0027_E_0009291,-4.2833101948
CtrSVDD_0028_E_0009292,0.1537711546
CtrSVDD_0029_E_0009293,-4.2721195971
CtrSVDD_0030_E_0009294,-5.9575737261
CtrSVDD_0031_E_0009295,-3.7007027002
CtrSVDD_0032_E_0009296,-3.6588430729
CtrSVDD_0033_E_0009297,-1.5883409829
CtrSVDD_0034_E_0009298,-3.0416972295
CtrSVDD_0035_E_0009299,-3.8603437808
CtrSVDD_0036_E_0009300,-0.0145376379
CtrSVDD_0037_E_0009301,-4.3040956664
CtrSVDD_0038_E_0009302,-3.8224004162
CtrSVDD_0039_E_0009303,-3.7185926578
CtrSVDD_0040_E_0009304,1.5885360383
CtrSVDD_0041_E_0009305,-2.9582952773
CtrSVDD_0042_E_0009306,-1.3466182783
CtrSVDD_0043_E_0009307,0.5553094215
CtrSVDD_0044_E_0009308,-2.5133167329
CtrSVDD_0045_E_0009309,-4.7349320242
CtrSVDD_0046_E_0009310,-2.7573413064
CtrSVDD_0047_E_0009311,-1.6010594036
CtrSVDD_0000_E_0009312,-3.2068558383
CtrSVDD_0001_E_0009313,0.7038046679
CtrSVDD_0002_E_0009314,-3.2579459668
CtrSVDD_0003_E_0009315,-4.4216426008
CtrSVDD_0004_E_0009316,-4.9629267432
CtrSVDD_0005_E_0009317,-0.2485810021
CtrSVDD_0006_E_0009318,-1.9192068764
CtrSVDD_0007_E_0009319,-3.7872834018
CtrSVDD_0008_E_0009320,-3.3120253491
CtrSVDD_0009_E_0009321,-4.5191434587
CtrSVDD_0010_E_0009322,-3.8927818596
CtrSVDD_0011_E_0009323,-1.0395498058
CtrSVDD_0012_E_0009324,-3.7349489259
CtrSVDD_0013_E_0009325,-3.7605257206
CtrSVDD_0014_E_0009326,-4.2919094788
CtrSVDD_0015_E_0009327,-0.6077216214
CtrSVDD_0016_E_0009328,-5.2475989512
CtrSVDD_0017_E_0009329,-3.3421398789
CtrSVDD_0018_E_0009330,-4.1690239497
CtrSVDD_0019_E_0009331,-2.7951342012
CtrSVDD_0020_E_0009332,-2.3033089601
CtrSVDD_0021_E_0009333,0.5277759583
CtrSVDD_0022_E_0009334,-3.7528614543
CtrSVDD_0023_E_0009335,-0.5520484215
CtrSVDD_0024_E_0009336,-2.0409262088
CtrSVDD_0025_E_0009337,0.3710873993
CtrSVDD_0026_E_0009338,0.6354858275
CtrSVDD_0027_E_0009339,-0.8373918598
CtrSVDD_0028_E_0009340,-3.5649057832
CtrSVDD_0029_E_0009341,-0.8065556559
CtrSVDD_0030_E_0009342,-2.4639094764
CtrSVDD_0031_E_0009343,-3.0364747831
CtrSVDD_0032_E_0009344,-2.8820645226
CtrSVDD_0033_E_0009345,-4.1011442131
CtrSVDD_0034_E_0009346,-2.0358311055
CtrSVDD_0035_E_0009347,-1.3263921989
CtrSVDD_0036_E_0009348,-2.1676526588
CtrSVDD_0037_E_0009349,-0.4378836486
CtrSVDD_0038_E_0009350,-3.9744275215
CtrSVDD_0039_E_0009351,-0.6354858275
CtrSVDD_0040_E_0009352,-0.6111800672
CtrSVDD_0041_E_0009353,-1.6237701191
CtrSVDD_0042_E_0009354,-3.0324151311
CtrSVDD_0043_E_0009355,-5.9929561792
CtrSVDD_0044_E_0009356,-2.5269365842
CtrSVDD_0045_E_0009357,-3.1600857351
CtrSVDD_0046_E_0009358,-4.2479007641
CtrSVDD_0047_E_0009359,-3.8718685504
CtrSVDD_0000_E_0009360,-3.6211986899
CtrSVDD_0001_E_0009361,-1.8913105525
CtrSVDD_0002_E_0009362,-3.7256255221
CtrSVDD_0003_E_0009363,-3.8104201999
CtrSVDD_0004_E_0009364,-5.1094977595
CtrSVDD_0005_E_0009365,-3.4625628881
CtrSVDD_0006_E_0009366,-3.0996853590
CtrSVDD_0007_E_0009367,-3.6059854401
CtrSVDD_0008_E_0009368,-3.3476650229
CtrSVDD_0009_E_0009369,0.7178988224
CtrSVDD_0010_E_0009370,0.3863752869
CtrSVDD_0011_E_0009371,-1.8677896147
CtrSVDD_0012_E_0009372,-5.9247920673
CtrSVDD_0013_E_0009373,-3.5180257508
CtrSVDD_0014_E_0009374,-3.4196946894
CtrSVDD_0015_E_0009375,-3.3792812245
CtrSVDD_0016_E_0009376,-0.0454762832
CtrSVDD_0017_E_0009377,-2.6971792281
CtrSVDD_0018_E_0009378,0.1770828183
CtrSVDD_0019_E_0009379,-3.0329924983
CtrSVDD_0020_E_0009380,-2.7547290315
CtrSVDD_0021_E_0009381,-4.3157859245
CtrSVDD_0022_E_0009382,-3.4568495981
CtrSVDD_0023_E_0009383,-4.4577276572
CtrSVDD_0024_E_0009384,-2.6450969172
CtrSVDD_0025_E_0009385,-5.0190434864
CtrSVDD_0026_E_0009386,-1.0434737973
CtrSVDD_0027_E_0009387,-1.1408582154
CtrSVDD_0028_E_0009388,-4.4878346143
CtrSVDD_0029_E_0009389,-4.8505952235
CtrSVDD_0030_E_0009390,-1.2112846124
CtrSVDD_0031_E_0009391,-3.6185142527
CtrSVDD_0032_E_0009392,-4.0016604115
CtrSVDD_0033_E_0009393,-4.6734538949
CtrSVDD_0034_E_0009394,-4.4310517720
CtrSVDD_0035_E_0009395,-4.5547881145
CtrSVDD_0036_E_0009396,-3.5776298439
CtrSVDD_0037_E_0009397,-2.6568891889
CtrSVDD_0038_E_0009398,-3.0298609145
CtrSVDD_0039_E_0009399,-4.1871623260
CtrSVDD_0040_E_0009400,-4.4305110888
CtrSVDD_0041_E_0009401,-3.5010320715
CtrSVDD_0042_E_0009402,-2.1127460909
CtrSVDD_0043_E_0009403,-0.1184741650
CtrSVDD_0044_E_0009404,-3.0198900874
CtrSVDD_0045_E_0009405,-4.1858170048
CtrSVDD_0046_E_0009406,-4.7940301617
CtrSVDD_0047_E_0009407,-3.6667593287
CtrSVDD_0000_E_0009408,-5.1043163967
CtrSVDD_0001_E_0009409,-4.6910083436
CtrSVDD_0002_E_0009410,-3.3345674360
CtrSVDD_0003_E_0009411,-2.6212624897
CtrSVDD_0004_E_0009412,-4.5519357645
CtrSVDD_0005_E_0009413,0.4932923763
CtrSVDD_0006_E_0009414,-2.5947521025
CtrSVDD_0007_E_0009415,-2.5213339823
CtrSVDD_0008_E_0009416,-3.2327797245
CtrSVDD_0009_E_0009417,-4.4256081280
CtrSVDD_0010_E_0009418,-0.5965898493
CtrSVDD_0011_E_0009419,-5.2178972119
CtrSVDD_0012_E_0009420,-3.1565126976
CtrSVDD_0013_E_0009421,-3.5376569760
CtrSVDD_0014_E_0009422,-2.5886491838
CtrSVDD_0015_E_0009423,-3.8065157253
CtrSVDD_0016_E_0009424,-2.5205022172
CtrSVDD_0017_E_0009425,-2.3394159935
CtrSVDD_0018_E_0009426,0.3024001211
CtrSVDD_0019_E_0009427,-3.4459862235
CtrSVDD_0020_E_0009428,-3.2812774842
CtrSVDD_0021_E_0009429,-3.9286239288
CtrSVDD_0022_E_0009430,-0.5053952563
CtrSVDD_0023_E_0009431,-2.3675489135
CtrSVDD_0024_E_0009432,-3.8547435977
CtrSVDD_0025_E_0009433,-3.1144451582
CtrSVDD_0026_E_0009434,-3.8938797481
CtrSVDD_0027_E_0009435,-4.8310077705
CtrSVDD_0028_E_0009436,-2.3332547221
CtrSVDD_0029_E_0009437,-4.4690412290
CtrSVDD_0030_E_0009438,-1.9367244000
CtrSVDD_0031_E_0009439,-0.2711543501
CtrSVDD_0032_E_0009440,-0.6561637812
CtrSVDD_0033_E_0009441,-5.6684536025
CtrSVDD_0034_E_0009442,1.0293330175
CtrSVDD_0035_E_0009443,-1.8196182872
CtrSVDD_0036_E_0009444,-4.3229200281
CtrSVDD_0037_E_0009445,-0.8830897625
CtrSVDD_0038_E_0009446,1.0540660493
CtrSVDD_0039_E_0009447,0.2924055437
CtrSVDD_0040_E_0009448,-3.6249175175
CtrSVDD_0041_E_0009449,-3.2376104301
CtrSVDD_0042_E_0009450,-3.1912297930
CtrSVDD_0043_E_0009451,2.6170276295
CtrSVDD_0044_E_0009452,-3.8217913879
CtrSVDD_0045_E_0009453,-4.7044014230
CtrSVDD_0046_E_0009454,-5.1571109199
CtrSVDD_0047_E_0009455,-4.6647096862
CtrSVDD_0000_E_0009456,-4.3764995931
CtrSVDD_0001_E_0009457,-1.3602428577
CtrSVDD_0002_E_0009458,-2.9525864284
CtrSVDD_0003_E_0009459,0.5117628915
CtrSVDD_0004_E_0009460,1.9847402495
CtrSVDD_0005_E_0009461,-3.1743876337
CtrSVDD_0006_E_0009462,-3.4984814243
CtrSVDD_0007_E_0009463,-0.3863752869
CtrSVDD_0008_E_0009464,-3.2433403238
CtrSVDD_0009_E_0009465,-2.7360241103
CtrSVDD_0010_E_0009466,-6.1766114133
CtrSVDD_0011_E_0009467,0.0768622262
CtrSVDD_0012_E_0009468,-3.9077805064
CtrSVDD_0013_E_0009469,0.2711543501
CtrSVDD_0014_E_0009470,-5.7197419147
CtrSVDD_0015_E_0009471,1.2313500657
CtrSVDD_0016_E_0009472,-2.4360617571
CtrSVDD_0017_E_0009473,-3.1809447652
CtrSVDD_0018_E_0009474,-4.6965096898
CtrSVDD_0019_E_0009475,-3.9941833364
CtrSVDD_0020_E_0009476,-2.6763260649
CtrSVDD_0021_E_0009477,-4.8090528846
CtrSVDD_0022_E_0009478,-4.6297342570
CtrSVDD_0023_E_0009479,-4.0542127324
CtrSVDD_0024_E_0009480,-3.8766700882
CtrSVDD_0025_E_0009481,-0.5340837339
CtrSVDD_0026_E_0009482,-5.4518837113
CtrSVDD_0027_E_0009483,-0.2784173997
CtrSVDD_0028_E_0009484,-6.6929937889
CtrSVDD_0029_E_0009485,0.3954344060
CtrSVDD_0030_E_0009486,-2.9050275927
CtrSVDD_0031_E_0009487,1.6265283966
CtrSVDD_0032_E_0009488,-2.8906525178
CtrSVDD_0033_E_0009489,-1.9082291381
CtrSVDD_0034_E_0009490,-2.1099771422
CtrSVDD_0035_E_0009491,-1.8105909291
CtrSVDD_0036_E_0009492,-3.1596938806
CtrSVDD_0037_E_0009493,-3.4916230907
CtrSVDD_0038_E_0009494,-2.6831987173
CtrSVDD_0039_E_0009495,0.3924111291
CtrSVDD_0040_E_0009496,1.1560378349
CtrSVDD_0041_E_0009497,-4.5226889920
CtrSVDD_0042_E_0009498,0.8301909916
CtrSVDD_0043_E_0009499,-3.1912228937
CtrSVDD_0044_E_0009500,-3.7036033035
CtrSVDD_0045_E_0009501,-2.6388567966
CtrSVDD_0046_E_0009502,-0.6966064677
CtrSVDD_0047_E_0009503,-0.3087460368
CtrSVDD_0000_E_0009504,-5.5461648721
CtrSVDD_0001_E_0009505,-1.7736912235
CtrSVDD_0002_E_0009506,-2.1035145886
CtrSVDD_0003_E_0009507,-3.6045533857
CtrSVDD_0004_E_0009508,-3.2606053429
CtrSVDD_0005_E_0009509,-3.0058906309
CtrSVDD_0006_E_0009510,-4.5809616000
CtrSVDD_0007_E_0009511,-3.2737298327
CtrSVDD_0008_E_0009512,-2.9225925958
CtrSVDD_0009_E_0009513,-3.6592231108
CtrSVDD_0010_E_0009514,-3.9136468846
CtrSVDD_0011_E_0009515,-2.6728808072
CtrSVDD_0012_E_0009516,-3.2557791596
CtrSVDD_0013_E_0009517,-2.1343996998
CtrSVDD_0014_E_0009518,-3.9911367266
CtrSVDD_0015_E_0009519,-3.3650387642
CtrSVDD_0016_E_0009520,-4.1552661325
CtrSVDD_0017_E_0009521,-3.7324292345
CtrSVDD_0018_E_0009522,-4.7036678522
CtrSVDD_0019_E_0009523,-0.7868637889
CtrSVDD_0020_E_0009524,-3.0966830032
CtrSVDD_0021_E_0009525,-1.5200799367
CtrSVDD_0022_E_0009526,-4.1266759706
CtrSVDD_0023_E_0009527,-3.5560568987
CtrSVDD_0024_E_0009528,-5.1769739552
CtrSVDD_0025_E_0009529,-4.1900751649
CtrSVDD_0026_E_0009530,-5.2989201700
CtrSVDD_0027_E_0009531,-3.5569505857
CtrSVDD_0028_E_0009532,-2.0943066059
CtrSVDD_0029_E_0009533,-4.0079083993
CtrSVDD_0030_E_0009534,-4.7451576684
CtrSVDD_0031_E_0009535,0.5358302223
CtrSVDD_0032_E_0009536,-0.3795164952
CtrSVDD_0033_E_0009537,0.5213535034
CtrSVDD_0034_E_0009538,-2.3696416858
CtrSVDD_0035_E_0009539,-4.0738437696
CtrSVDD_0036_E_0009540,-4.8654743628
CtrSVDD_0037_E_0009541,-2.9644819888
CtrSVDD_0038_E_0009542,-1.3155797609
CtrSVDD_0039_E_0009543,-1.9768272037
CtrSVDD_0040_E_0009544,-0.8196978204
CtrSVDD_0041_E_0009545,-3.3883290225
CtrSVDD_0042_E_0009546,-1.5090521441
CtrSVDD_0043_E_0009547,-0.7743927554
CtrSVDD_0044_E_0009548,-2.6967838633
CtrSVDD_0045_E_0009549,-3.8826032629
CtrSVDD_0046_E_0009550,1.1709236590
CtrSVDD_0047_E_0009551,0.5634879274
CtrSVDD_0000_E_0009552,-4.4521014193
CtrSVDD_0001_E_0009553,-5.5766875004
CtrSVDD_0002_E_0009554,-4.4767282741
CtrSVDD_0003_E_0009555,-1.0272941149
CtrSVDD_0004_E_0009556,-2.8971218115
CtrSVDD_0005_E_0009557,-3.6758077245
CtrSVDD_0006_E_0009558,-3.9288225341
CtrSVDD_0007_E_0009559,-3.5822684036
CtrSVDD_0008_E_0009560,-2.4916621943
CtrSVDD_0009_E_0009561,-4.1896507539
CtrSVDD_0010_E_0009562,-5.3750162974
CtrSVDD_0011_E_0009563,-1.7615205549
CtrSVDD_0012_E_0009564,-0.5641333577
CtrSVDD_0013_E_0009565,-2.0297280232
CtrSVDD_0014_E_0009566,-5.6967112386
CtrSVDD_0015_E_0009567,-4.4020846621
CtrSVDD_0016_E_0009568,-1.4173560350
CtrSVDD_0017_E_0009569,-0.5651350204
CtrSVDD_0018_E_0009570,-2.3117197514
CtrSVDD_0019_E_0009571,-4.0422047740
CtrSVDD_0020_E_0009572,-4.7086664665
CtrSVDD_0021_E_0009573,-3.9763756735
CtrSVDD_0022_E_0009574,-1.8872735668
CtrSVDD_0023_E_0009575,0.2630121473
CtrSVDD_0024_E_0009576,-5.4765825544
CtrSVDD_0025_E_0009577,-4.3947700263
CtrSVDD_0026_E_0009578,-0.2422405838
CtrSVDD_0027_E_0009579,-2.6087478608
CtrSVDD_0028_E_0009580,-1.8064828769
CtrSVDD_0029_E_0009581,-3.1971695725
CtrSVDD_0030_E_0009582,-3.7323872677
CtrSVDD_0031_E_0009583,0.4582631533
CtrSVDD_0032_E_0009584,-3.3330206110
CtrSVDD_0033_E_0009585,-5.3430934895
CtrSVDD_0034_E_0009586,-2.0988871028
CtrSVDD_0035_E_0009587,-4.5976527875
CtrSVDD_0036_E_0009588,-3.9405175875
CtrSVDD_0037_E_0009589,-4.5017745743
CtrSVDD_0038_E_0009590,-5.7583977692
CtrSVDD_0039_E_0009591,-3.3287662445
CtrSVDD_0040_E_0009592,-3.6105545078
CtrSVDD_0041_E_0009593,-3.1922825370
CtrSVDD_0042_E_0009594,-4.1378275599
CtrSVDD_0043_E_0009595,-3.0119938052
CtrSVDD_0044_E_0009596,-3.9569967541
CtrSVDD_0045_E_0009597,0.4629291134
CtrSVDD_0046_E_0009598,-4.7352914444
CtrSVDD_0047_E_0009599,-6.8324670280
CtrSVDD_0000_E_0009600,-5.8260275922
CtrSVDD_0001_E_0009601,-4.9043610850
CtrSVDD_0002_E_0009602,-3.3717388047
CtrSVDD_0003_E_0009603,-3.7197373135
CtrSVDD_0004_E_0009604,-3.5343236570
CtrSVDD_0005_E_0009605,-2.5039241922
CtrSVDD_0006_E_0009606,0.6320660016
CtrSVDD_0007_E_0009607,-4.0340577518
CtrSVDD_0008_E_0009608,-1.9744152612
CtrSVDD_0009_E_0009609,-1.5711788374
CtrSVDD_0010_E_0009610,-3.3697251516
CtrSVDD_0011_E_0009611,-3.2119980680
CtrSVDD_0012_E_0009612,-2.5235892973
CtrSVDD_0013_E_0009613,-2.4153255999
CtrSVDD_0014_E_0009614,-1.8084600130
CtrSVDD_0015_E_0009615,-4.1619843207
CtrSVDD_0016_E_0009616,-3.8855701147
CtrSVDD_0017_E_0009617,-4.4849043561
CtrSVDD_0018_E_0009618,-2.7166273979
CtrSVDD_0019_E_0009619,-0.7199753406
CtrSVDD_0020_E_0009620,-1.1559960922
CtrSVDD_0021_E_0009621,0.9091304899
CtrSVDD_0022_E_0009622,-1.0386191656
CtrSVDD_0023_E_0009623,-5.3686715721
CtrSVDD_0024_E_0009624,0.3326515560
CtrSVDD_0025_E_0009625,-3.4790344450
CtrSVDD_0026_E_0009626,-5.9156958089
CtrSVDD_0027_E_0009627,1.4733533227
CtrSVDD_0028_E_0009628,-3.8588731915
CtrSVDD_0029_E_0009629,-3.4925939753
CtrSVDD_0030_E_0009630,-0.9155934205
CtrSVDD_0031_E_0009631,-1.6842030342
CtrSVDD_0032_E_0009632,-4.6873588752
CtrSVDD_0033_E_0009633,-1.5637764187
CtrSVDD_0034_E_0009634,-5.0172753080
CtrSVDD_0035_E_0009635,-3.5337572905
CtrSVDD_0036_E_0009636,-2.0296881372
CtrSVDD_0037_E_0009637,-3.5223833823
CtrSVDD_0038_E_0009638,-3.4162248151
CtrSVDD_0039_E_0009639,-1.4014658671
CtrSVDD_0040_E_0009640,0.4769881839
CtrSVDD_0041_E_0009641,-4.1997581800
CtrSVDD_0042_E_0009642,-2.4730874903
CtrSVDD_0043_E_0009643,0.4643194410
CtrSVDD_0044_E_0009644,-0.1679777064
CtrSVDD_0045_E_0009645,-1.2244748149
CtrSVDD_0046_E_0009646,-2.2611669494
CtrSVDD_0047_E_0009647,0.7001766943
CtrSVDD_0000_E_0009648,-1.4240331855
CtrSVDD_0001_E_0009649,0.9284408188
CtrSVDD_0002_E_0009650,-4.7134159177
CtrSVDD_0003_E_0009651,-5.4347202364
CtrSVDD_0004_E_0009652,-2.0549060536
CtrSVDD_0005_E_0009653,-2.5257187657
CtrSVDD_0006_E_0009654,-2.1175380879
CtrSVDD_0007_E_0009655,-3.9440535402
CtrSVDD_0008_E_0009656,0.3821620437
CtrSVDD_0009_E_0009657,-5.1151415058
CtrSVDD_0010_E_0009658,-2.3332740985
CtrSVDD_0011_E_0009659,-0.8160777391
CtrSVDD_0012_E_0009660,-3.2997594212
CtrSVDD_0013_E_0009661,-4.5166918579
CtrSVDD_0014_E_0009662,-0.1382194746
CtrSVDD_0015_E_0009663,0.8758006938
CtrSVDD_0016_E_0009664,-4.6314411088
CtrSVDD_0017_E_0009665,-2.9100135705
CtrSVDD_0018_E_0009666,-3.9048606719
CtrSVDD_0019_E_0009667,-0.6492403483
CtrSVDD_0020_E_0009668,-4.6027485348
CtrSVDD_0021_E_0009669,-5.5730297479
CtrSVDD_0022_E_0009670,-3.5800888501
CtrSVDD_0023_E_0009671,-4.8902848813
CtrSVDD_0024_E_0009672,-2.9491872259
CtrSVDD_0025_E_0009673,-3.1278718142
CtrSVDD_0026_E_0009674,1.0167797877
CtrSVDD_0027_E_0009675,-4.5207900346
CtrSVDD_0028_E_0009676,0.3803534882
CtrSVDD_0029_E_0009677,-4.2458594936
CtrSVDD_0030_E_0009678,-3.0241760725
CtrSVDD_0031_E_0009679,-3.4220066341
CtrSVDD_0032_E_0009680,-0.8819752741
CtrSVDD_0033_E_0009681,-3.1051655271
CtrSVDD_0034_E_0009682,-2.5020533323
CtrSVDD_0035_E_0009683,-0.3223206095
CtrSVDD_0036_E_0009684,-3.8381100609
CtrSVDD_0037_E_0009685,-1.3739238552
CtrSVDD_0038_E_0009686,-3.5000821910
CtrSVDD_0039_E_0009687,-1.4797091119
CtrSVDD_0040_E_0009688,-5.0690429170
CtrSVDD_0041_E_0009689,1.4083070176
CtrSVDD_0042_E_0009690,-2.3993415590
CtrSVDD_0043_E_0009691,1.8063061245
CtrSVDD_0044_E_0009692,-4.3397232529
CtrSVDD_0045_E_0009693,-2.7247472473
CtrSVDD_0046_E_0009694,-2.3838193815
CtrSVDD_0047_E_0009695,-3.4002512442
CtrSVDD_0000_E_0009696,-2.4448667133
CtrSVDD_0001_E_0009697,-5.2680892792
CtrSVDD_0002_E_0009698,-1.4928888556
CtrSVDD_0003_E_0009699,-3.9004079110
CtrSVDD_0004_E_0009700,-3.6368396477
CtrSVDD_0005_E_0009701,-3.0693497707
CtrSVDD_0006_E_0009702,1.4839023761
CtrSVDD_0007_E_0009703,-4.3234332060
CtrSVDD_0008_E_0009704,-2.3932470961
CtrSVDD_0009_E_0009705,1.7781257629
CtrSVDD_0010_E_0009706,-4.7444300199
CtrSVDD_0011_E_0009707,0.9335743847
CtrSVDD_0012_E_0009708,-2.0123352690
CtrSVDD_0013_E_0009709,-4.3162421876
CtrSVDD_0014_E_0009710,-5.1018345488
CtrSVDD_0015_E_0009711,-2.6357873993
CtrSVDD_0016_E_0009712,-3.2815918198
CtrSVDD_0017_E_0009713,-2.8532192322
CtrSVDD_0018_E_0009714,-0.9868583375
CtrSVDD_0019_E_0009715,-2.6424943441
CtrSVDD_0020_E_0009716,-5.1931969066
CtrSVDD_0021_E_0009717,-4.8881035653
CtrSVDD_0022_E_0009718,-3.4313508456
CtrSVDD_0023_E_0009719,-4.6784898387
CtrSVDD_0024_E_0009720,-3.8321767192
CtrSVDD_0025_E_0009721,1.2049137313
CtrSVDD_0026_E_0009722,-3.7647999073
CtrSVDD_0027_E_0009723,1.4435348120
CtrSVDD_0028_E_0009724,-4.7654053315
CtrSVDD_0029_E_0009725,0.0819206398
CtrSVDD_0030_E_0009726,-4.6838606980
CtrSVDD_0031_E_0009727,-0.6215314715
CtrSVDD_0032_E_0009728,-0.7949408640
CtrSVDD_0033_E_0009729,-2.1782697221
CtrSVDD_0034_E_0009730,-2.8198296435
CtrSVDD_0035_E_0009731,-0.9858255004
CtrSVDD_0036_E_0009732,-3.0310854312
CtrSVDD_0037_E_0009733,-4.5266902882
CtrSVDD_0038_E_0009734,-2.0433273455
CtrSVDD_0039_E_0009735,-2.2418351197
CtrSVDD_0040_E_0009736,-2.2061501778
CtrSVDD_0041_E_0009737,-2.4369292898
CtrSVDD_0042_E_0009738,-1.3097211719
CtrSVDD_0043_E_0009739,-2.7897892722
CtrSVDD_0044_E_0009740,-3.5345980455
CtrSVDD_0045_E_0009741,-3.6439321317
CtrSVDD_0046_E_0009742,-2.9053878986
CtrSVDD_0047_E_0009743,-0.9820054125
CtrSVDD_0000_E_0009744,-2.1660397610
CtrSVDD_0001_E_0009745,0.8986077914
CtrSVDD_0002_E_0009746,-1.8670104076
CtrSVDD_0003_E_0009747,-3.7653657379
CtrSVDD_0004_E_0009748,-0.6526981539
CtrSVDD_0005_E_0009749,0.3939223175
CtrSVDD_0006_E_0009750,1.9367095375
CtrSVDD_0007_E_0009751,-4.5366711018
CtrSVDD_0008_E_0009752,1.7649809686
CtrSVDD_0009_E_0009753,-2.9381579595
CtrSVDD_0010_E_0009754,-4.6982247688
CtrSVDD_0011_E_0009755,0.6788864349
CtrSVDD_0012_E_0009756,-3.9758790979
CtrSVDD_0013_E_0009757,-4.7586433236
CtrSVDD_0014_E_0009758,-2.8744262933
CtrSVDD_0015_E_0009759,-3.2116857110
CtrSVDD_0016_E_0009760,-1.8355718897
CtrSVDD_0017_E_0009761,-0.4173696973
CtrSVDD_0018_E_0009762,-5.4810507154
CtrSVDD_0019_E_0009763,1.8912292378
CtrSVDD_0020_E_0009764,-0.6876405847
CtrSVDD_0021_E_0009765,0.0118899790
CtrSVDD_0022_E_0009766,1.2189045269
CtrSVDD_0023_E_0009767,-6.7726518406
CtrSVDD_0024_E_0009768,-3.2694130942
CtrSVDD_0025_E_0009769,-1.9704279868
CtrSVDD_0026_E_0009770,-3.5627396124
CtrSVDD_0027_E_0009771,-1.2692449490
CtrSVDD_0028_E_0009772,-2.2423441217
CtrSVDD_0029_E_0009773,-4.5717217147
CtrSVDD_0030_E_0009774,-3.4738317707
CtrSVDD_0031_E_0009775,-2.3206216599
CtrSVDD_0032_E_0009776,-1.3790693178
CtrSVDD_0033_E_0009777,-5.2240136927
CtrSVDD_0034_E_0009778,-2.1079331807
CtrSVDD_0035_E_0009779,-1.3594420360
CtrSVDD_0036_E_0009780,-4.3804911281
CtrSVDD_0037_E_0009781,-2.8666170712
CtrSVDD_0038_E_0009782,-0.8193614084
CtrSVDD_0039_E_0009783,0.8944264796
CtrSVDD_0040_E_0009784,-1.5056104053
CtrSVDD_0041_E_0009785,-4.4254686963
CtrSVDD_0042_E_0009786,-5.9109815355
CtrSVDD_0043_E_0009787,-3.6430118609
CtrSVDD_0044_E_0009788,1.3281712446
CtrSVDD_0045_E_0009789,-0.5999356728
CtrSVDD_0046_E_0009790,0.5713830644
CtrSVDD_0047_E_0009791,-3.7886375089
CtrSVDD_0000_E_0009792,-0.6744819171
CtrSVDD_0001_E_0009793,-3.5538109156
CtrSVDD_0002_E_0009794,-1.6256748775
CtrSVDD_0003_E_0009795,-4.7801261431
CtrSVDD_0004_E_0009796,-4.4971531853
CtrSVDD_0005_E_0009797,-1.4345099277
CtrSVDD_0006_E_0009798,-5.6539223962
CtrSVDD_0007_E_0009799,-3.1140801133
CtrSVDD_0008_E_0009800,-7.6008542236
CtrSVDD_0009_E_0009801,-0.5569421364
CtrSVDD_0010_E_0009802,-2.7918812519
CtrSVDD_0011_E_0009803,-0.7455095040
CtrSVDD_0012_E_0009804,0.3577755015
CtrSVDD_0013_E_0009805,-2.3162674010
CtrSVDD_0014_E_0009806,-2.0404584020
CtrSVDD_0015_E_0009807,-2.7684825952
CtrSVDD_0016_E_0009808,-3.1155654556
CtrSVDD_0017_E_0009809,-2.0521262813
CtrSVDD_0018_E_0009810,-3.9734239800
CtrSVDD_0019_E_0009811,-2.4785701200
CtrSVDD_0020_E_0009812,-3.6464042398
CtrSVDD_0021_E_0009813,0.6683561956
CtrSVDD_0022_E_0009814,-0.9772627694
CtrSVDD_0023_E_0009815,-3.8281566998
CtrSVDD_0024_E_0009816,-1.7831264500
CtrSVDD_0025_E_0009817,-3.1393174602
CtrSVDD_0026_E_0009818,0.1396159775
CtrSVDD_0027_E_0009819,-3.4391958526
CtrSVDD_0028_E_0009820,-1.5235404502
CtrSVDD_0029_E_0009821,-4.2338062448
CtrSVDD_0030_E_0009822,-3.3199399964
CtrSVDD_0031_E_0009823,-3.5729969755
CtrSVDD_0032_E_0009824,-0.8912248765
CtrSVDD_0033_E_0009825,-5.8728867238
CtrSVDD_0034_E_0009826,-3.5658122181
CtrSVDD_0035_E_0009827,-0.7233068531
CtrSVDD_0036_E_0009828,1.4470623406
CtrSVDD_0037_E_0009829,-3.0537926343
CtrSVDD_0038_E_0009830,-4.8031522153
CtrSVDD_0039_E_0009831,-3.5864565144
CtrSVDD_0040_E_0009832,-4.4384135029
CtrSVDD_0041_E_0009833,-4.1508082198
CtrSVDD_0042_E_0009834,0.8060727672
CtrSVDD_0043_E_0009835,-4.7711990717
CtrSVDD_0044_E_0009836,-3.5943659902
CtrSVDD_0045_E_0009837,-2.1270604333
CtrSVDD_0046_E_0009838,-5.1800447878
CtrSVDD_0047_E_0009839,-3.1728990885
CtrSVDD_0000_E_0009840,-5.4956926808
CtrSVDD_0001_E_0009841,0.5103419625
CtrSVDD_0002_E_0009842,-4.3003291092
CtrSVDD_0003_E_0009843,-1.5132759335
CtrSVDD_0004_E_0009844,-4.0187636134
CtrSVDD_0005_E_0009845,-4.1365069611
CtrSVDD_0006_E_0009846,-1.2550261044
CtrSVDD_0007_E_0009847,-0.1896245038
CtrSVDD_0008_E_0009848,-3.8036068664
CtrSVDD_0009_E_0009849,-2.5093922292
CtrSVDD_0010_E_0009850,-5.9466902642
CtrSVDD_0011_E_0009851,-2.4428865137
CtrSVDD_0012_E_0009852,-4.5575499838
CtrSVDD_0013_E_0009853,-0.8799133538
CtrSVDD_0014_E_0009854,-2.5208823186
CtrSVDD_0015_E_0009855,-2.7663633918
CtrSVDD_0016_E_0009856,-0.8095051396
CtrSVDD_0017_E_0009857,-3.2357075403
CtrSVDD_0018_E_0009858,-3.9093983837
CtrSVDD_0019_E_0009859,-1.9116503616
CtrSVDD_0020_E_0009860,-4.8623105777
CtrSVDD_0021_E_0009861,0.1156573525
CtrSVDD_0022_E_0009862,-2.3152255910
CtrSVDD_0023_E_0009863,-0.0301861656
CtrSVDD_0024_E_0009864,-1.5501990408
CtrSVDD_0025_E_0009865,-2.5707823564
CtrSVDD_0026_E_0009866,-4.2372289387
CtrSVDD_0027_E_0009867,-2.1272484951
CtrSVDD_0028_E_0009868,-3.6987821002
CtrSVDD_0029_E_0009869,-3.3790566202
CtrSVDD_0030_E_0009870,-3.2792808909
CtrSVDD_0031_E_0009871,-2.0238757393
CtrSVDD_0032_E_0009872,-3.2666272757
CtrSVDD_0033_E_0009873,-3.0218899212
CtrSVDD_0034_E_0009874,-3.3025194992
CtrSVDD_0035_E_0009875,-0.1297510487
CtrSVDD_0036_E_0009876,-2.4278840736
CtrSVDD_0037_E_0009877,-4.1439276872
CtrSVDD_0038_E_0009878,0.3599747356
CtrSVDD_0039_E_0009879,-3.5558297124
CtrSVDD_0040_E_0009880,-2.1297204866
CtrSVDD_0041_E_0009881,-1.4977046281
CtrSVDD_0042_E_0009882,-0.2916468333
CtrSVDD_0043_E_0009883,-3.4876445636
CtrSVDD_0044_E_0009884,1.1223380117
CtrSVDD_0045_E_0009885,-0.5482685595
CtrSVDD_0046_E_0009886,-5.5402489762
CtrSVDD_0047_E_0009887,-5.7653563156
CtrSVDD_0000_E_0009888,-2.6641529848
CtrSVDD_0001_E_0009889,-1.3483183550
CtrSVDD_0002_E_0009890,-3.9807786167
CtrSVDD_0003_E_0009891,-1.9002582153
CtrSVDD_0004_E_0009892,-3.5072897318
CtrSVDD_0005_E_0009893,0.3942786820
CtrSVDD_0006_E_0009894,-2.0686423391
CtrSVDD_0007_E_0009895,2.8288644327
CtrSVDD_0008_E_0009896,-2.7959684550
CtrSVDD_0009_E_0009897,-3.5626489120
CtrSVDD_0010_E_0009898,-4.1902698603
CtrSVDD_0011_E_0009899,-3.2724258679
CtrSVDD_0012_E_0009900,-3.4201913557
CtrSVDD_0013_E_0009901,-0.0805172304
CtrSVDD_0014_E_0009902,-2.2137829978
CtrSVDD_0015_E_0009903,-1.6787952007
CtrSVDD_0016_E_0009904,-6.2917701711
CtrSVDD_0017_E_0009905,-2.1312158152
CtrSVDD_0018_E_0009906,-0.2665177615
CtrSVDD_0019_E_0009907,-5.3535849355
CtrSVDD_0020_E_0009908,-1.4608811088
CtrSVDD_0021_E_0009909,-3.7306953340
CtrSVDD_0022_E_0009910,-1.0175888767
CtrSVDD_0023_E_0009911,-4.3270398980
CtrSVDD_0024_E_0009912,-2.9691106094
CtrSVDD_0025_E_0009913,-3.3132175016
CtrSVDD_0026_E_0009914,-6.8705895891
CtrSVDD_0027_E_0009915,-1.3644275699
CtrSVDD_0028_E_0009916,-1.9303908842
CtrSVDD_0029_E_0009917,-2.1701313462
CtrSVDD_0030_E_0009918,-4.2378976080
CtrSVDD_0031_E_0009919,-0.3999761177
CtrSVDD_0032_E_0009920,0.4093350144
CtrSVDD_0033_E_0009921,-4.1980507442
CtrSVDD_0034_E_0009922,-0.0791139796
CtrSVDD_0035_E_0009923,-2.1009927324
CtrSVDD_0036_E_0009924,-3.3687245197
CtrSVDD_0037_E_0009925,1.0467803551
CtrSVDD_0038_E_0009926,-3.3638397161
CtrSVDD_0039_E_0009927,-1.6564191446
CtrSVDD_0040_E_0009928,-0.5667698816
CtrSVDD_0041_E_0009929,-1.7992027972
CtrSVDD_0042_E_0009930,-4.1071307870
CtrSVDD_0043_E_0009931,0.2871525250
CtrSVDD_0044_E_0009932,0.8046007029
CtrSVDD_0045_E_0009933,-4.1287515010
CtrSVDD_0046_E_0009934,-1.2397801191
CtrSVDD_0047_E_0009935,-3.7409013809
CtrSVDD_0000_E_0009936,-2.4413535835
CtrSVDD_0001_E_0009937,-2.4385896845
CtrSVDD_0002_E_0009938,-6.2415239299
CtrSVDD_0003_E_0009939,-4.0099025499
CtrSVDD_0004_E_0009940,-4.5220424260
CtrSVDD_0005_E_0009941,-3.3243105541
CtrSVDD_0006_E_0009942,-5.5346802868
CtrSVDD_0007_E_0009943,-4.1881492205
CtrSVDD_0008_E_0009944,-3.1678891322
CtrSVDD_0009_E_0009945,-3.2277233816
CtrSVDD_0010_E_0009946,-3.2946207828
CtrSVDD_0011_E_0009947,-3.5195193681
CtrSVDD_0012_E_0009948,-3.9171275922
CtrSVDD_0013_E_0009949,-1.5398954853
CtrSVDD_0014_E_0009950,-3.1185356849
CtrSVDD_0015_E_0009951,-3.5415044135
CtrSVDD_0016_E_0009952,-1.3538593641
CtrSVDD_0017_E_0009953,-3.3386598716
CtrSVDD_0018_E_0009954,-4.5124554736
CtrSVDD_0019_E_0009955,0.0706976479
CtrSVDD_0020_E_0009956,-2.0304347399
CtrSVDD_0021_E_0009957,-3.5739760113
CtrSVDD_0022_E_0009958,-3.3672179396
CtrSVDD_0023_E_0009959,-4.1869498472
CtrSVDD_0024_E_0009960,-5.4680301096
CtrSVDD_0025_E_0009961,-3.1971515889
CtrSVDD_0026_E_0009962,-4.7535891756
CtrSVDD_0027_E_0009963,-3.2058384367
CtrSVDD_0028_E_0009964,-4.6943298140
CtrSVDD_0029_E_0009965,-0.3713465049
CtrSVDD_0030_E_0009966,-2.9368927515
CtrSVDD_0031_E_0009967,-1.0499478458
CtrSVDD_0032_E_0009968,-5.3739343665
CtrSVDD_0033_E_0009969,-5.1850296035
CtrSVDD_0034_E_0009970,-3.3965160242
CtrSVDD_0035_E_0009971,-2.3680328960
CtrSVDD_0036_E_0009972,0.0805172304
CtrSVDD_0037_E_0009973,-4.6207415926
CtrSVDD_0038_E_0009974,-3.3852753737
CtrSVDD_0039_E_0009975,-4.0708191521
CtrSVDD_0040_E_0009976,-3.2861127870
CtrSVDD_0041_E_0009977,-3.3898573242
CtrSVDD_0042_E_0009978,-5.5694833499
CtrSVDD_0043_E_0009979,-0.6718579897
CtrSVDD_0044_E_0009980,0.2160220938
CtrSVDD_0045_E_0009981,0.3534216980
CtrSVDD_0046_E_0009982,-4.7287706580
CtrSVDD_0047_E_0009983,-4.6686295676
CtrSVDD_0000_E_0009984,-3.1071856685
CtrSVDD_0001_E_0009985,-0.2020933456
CtrSVDD_0002_E_0009986,-2.1601731688
CtrSVDD_0003_E_0009987,-4.7377495174
CtrSVDD_0004_E_0009988,-1.9008638370
CtrSVDD_0005_E_0009989,-4.5882370062
CtrSVDD_0006_E_0009990,-5.0845790092
CtrSVDD_0007_E_0009991,-0.7880929155
CtrSVDD_0008_E_0009992,-4.9622775797
CtrSVDD_0009_E_0009993,0.1513526443
CtrSVDD_0010_E_0009994,-4.9114800102
CtrSVDD_0011_E_0009995,-3.7022524630
CtrSVDD_0012_E_0009996,-2.3192869420
CtrSVDD_0013_E_0009997,-1.2993395234
CtrSVDD_0014_E_0009998,-3.1524279753
CtrSVDD_0015_E_0009999,-2.5586736530
CtrSVDD_0016_E_0010000,-3.2404872651
CtrSVDD_0017_E_0010001,-4.8715505083
CtrSVDD_0018_E_0010002,-0.1452840503
CtrSVDD_0019_E_0010003,0.6841798459
CtrSVDD_0020_E_0010004,-2.7100210437
CtrSVDD_0021_E_0010005,-1.7500359696
CtrSVDD_0022_E_0010006,-3.4947624591
CtrSVDD_0023_E_0010007,-4.6077628895
CtrSVDD_0024_E_0010008,1.1544251897
CtrSVDD_0025_E_0010009,0.2502497329
CtrSVDD_0026_E_0010010,-0.2973810619
CtrSVDD_0027_E_0010011,-2.7484607406
CtrSVDD_0028_E_0010012,-0.4707282311
CtrSVDD_0029_E_0010013,-2.7472736393
CtrSVDD_0030_E_0010014,-1.7632701984
CtrSVDD_0031_E_0010015,-1.6973728223
CtrSVDD_0032_E_0010016,-3.9911943422
CtrSVDD_0033_E_0010017,-1.3581745965
CtrSVDD_0034_E_0010018,-3.6640643043
CtrSVDD_0035_E_0010019,-5.0216820554
CtrSVDD_0036_E_0010020,-4.7000361757
CtrSVDD_0037_E_0010021,1.9724519057
CtrSVDD_0038_E_0010022,-1.3873402852
CtrSVDD_0039_E_0010023,-4.3543358071
CtrSVDD_0040_E_0010024,-3.4537006058
CtrSVDD_0041_E_0010025,-0.6124412706
CtrSVDD_0042_E_0010026,-3.5535597061
CtrSVDD_0043_E_0010027,-3.6904811318
CtrSVDD_0044_E_0010028,-1.6017614892
CtrSVDD_0045_E_0010029,-3.7886637157
CtrSVDD_0046_E_0010030,-4.0316409500
CtrSVDD_0047_E_0010031,-3.9497423132
CtrSVDD_0000_E_0010032,-0.1032051049
CtrSVDD_0001_E_0010033,-3.6605096880
CtrSVDD_0002_E_0010034,-1.2459793500
CtrSVDD_0003_E_0010035,-4.0247645112
CtrSVDD_0004_E_0010036,-4.5614904153
CtrSVDD_0005_E_0010037,-2.6070462681
CtrSVDD_0006_E_0010038,-0.9836231017
CtrSVDD_0007_E_0010039,-3.5030754758
CtrSVDD_0008_E_0010040,-3.3699751999
CtrSVDD_0009_E_0010041,-5.0928810328
CtrSVDD_0010_E_0010042,-5.0111688370
CtrSVDD_0011_E_0010043,-1.7898251129
CtrSVDD_0012_E_0010044,-3.6221454482
CtrSVDD_0013_E_0010045,-0.0518309728
CtrSVDD_0014_E_0010046,-2.1222854688
CtrSVDD_0015_E_0010047,-2.5517708217
CtrSVDD_0016_E_0010048,-2.2049487498
CtrSVDD_0017_E_0010049,-3.4553160111
CtrSVDD_0018_E_0010050,-2.9382952320
CtrSVDD_0019_E_0010051,-3.9616334057
CtrSVDD_0020_E_0010052,-3.3777719615
CtrSVDD_0021_E_0010053,-3.8396323516
CtrSVDD_0022_E_0010054,-5.1352156466
CtrSVDD_0023_E_0010055,-0.2178230759
CtrSVDD_0024_E_0010056,-3.3314731425
CtrSVDD_0025_E_0010057,-2.5830733564
CtrSVDD_0026_E_0010058,-4.5331603648
CtrSVDD_0027_E_0010059,-3.1216235478
CtrSVDD_0028_E_0010060,-3.2312947130
CtrSVDD_0029_E_0010061,-3.1311369492
CtrSVDD_0030_E_0010062,-0.1622693499
CtrSVDD_0031_E_0010063,-1.6209529214
CtrSVDD_0032_E_0010064,-0.2527055250
CtrSVDD_0033_E_0010065,-4.4541643644
CtrSVDD_0034_E_0010066,0.1594353462
CtrSVDD_0035_E_0010067,-4.8422146428
CtrSVDD_0036_E_0010068,-3.6716196798
CtrSVDD_0037_E_0010069,0.2981000670
CtrSVDD_0038_E_0010070,0.6406295548
CtrSVDD_0039_E_0010071,-3.1000214391
CtrSVDD_0040_E_0010072,-3.0828568040
CtrSVDD_0041_E_0010073,-5.1377670712
CtrSVDD_0042_E_0010074,1.7038531091
CtrSVDD_0043_E_0010075,-3.2249123745
CtrSVDD_0044_E_0010076,-2.0350059780
CtrSVDD_0045_E_0010077,-3.2689895485
CtrSVDD_0046_E_0010078,-2.7231090443
CtrSVDD_0047_E_0010079,-5.6317798059
CtrSVDD_0000_E_0010080,-3.7712831868
CtrSVDD_0001_E_0010081,-0.2928532576
CtrSVDD_0002_E_0010082,-4.0294196511
CtrSVDD_0003_E_0010083,-0.8227141811
CtrSVDD_0004_E_0010084,-2.8414612596
CtrSVDD_0005_E_0010085,-2.1780490065
CtrSVDD_0006_E_0010086,-5.3178022283
CtrSVDD_0007_E_0010087,-5.2018942357
CtrSVDD_0008_E_0010088,-5.7292138091
CtrSVDD_0009_E_0010089,-4.9983264309
CtrSVDD_0010_E_0010090,-2.6408195351
CtrSVDD_0011_E_0010091,-1.6255406188
CtrSVDD_0012_E_0010092,1.0276181900
CtrSVDD_0013_E_0010093,-1.5934953657
CtrSVDD_0014_E_0010094,-5.6296804982
CtrSVDD_0015_E_0010095,-2.3569162825
CtrSVDD_0016_E_0010096,-5.2082545544
CtrSVDD_0017_E_0010097,-0.3698482853
CtrSVDD_0018_E_0010098,-4.4977974924
CtrSVDD_0019_E_0010099,0.0777108845
CtrSVDD_0020_E_0010100,1.6189001435
CtrSVDD_0021_E_0010101,-4.4443292930
CtrSVDD_0022_E_0010102,-2.9852990871
CtrSVDD_0023_E_0010103,-0.2067097348
CtrSVDD_0024_E_0010104,-4.6434582379
CtrSVDD_0025_E_0010105,-2.1392774905
CtrSVDD_0026_E_0010106,-3.0216495454
CtrSVDD_0027_E_0010107,-4.3416177539
CtrSVDD_0028_E_0010108,-1.3653358534
CtrSVDD_0029_E_0010109,-1.5935475193
CtrSVDD_0030_E_0010110,0.7254239831
CtrSVDD_0031_E_0010111,-2.9921277563
CtrSVDD_0032_E_0010112,-4.7369921293
CtrSVDD_0033_E_0010113,-6.0459968981
CtrSVDD_0034_E_0010114,-0.7567181311
CtrSVDD_0035_E_0010115,-4.2902037199
CtrSVDD_0036_E_0010116,-2.8934509666
CtrSVDD_0037_E_0010117,-4.1766542298
CtrSVDD_0038_E_0010118,0.1580188258
CtrSVDD_0039_E_0010119,-0.6389131017
CtrSVDD_0040_E_0010120,-5.1454810272
CtrSVDD_0041_E_0010121,0.4324463064
CtrSVDD_0042_E_0010122,-3.2351792876
CtrSVDD_0043_E_0010123,-2.5760412399
CtrSVDD_0044_E_0010124,-2.3425266240
CtrSVDD_0045_E_0010125,-2.7457219828
CtrSVDD_0046_E_0010126,-2.9163466338
CtrSVDD_0047_E_0010127,-2.5443586855
CtrSVDD_0000_E_0010128,-2.6849131991
CtrSVDD_0001_E_0010129,-3.1233650098
CtrSVDD_0002_E_0010130,0.6826494433
CtrSVDD_0003_E_0010131,-3.4062302698
CtrSVDD_0004_E_0010132,-4.0573059311
CtrSVDD_0005_E_0010133,-3.1907506804
CtrSVDD_0006_E_0010134,-4.0861241186
CtrSVDD_0007_E_0010135,-0.1100533795
CtrSVDD_0008_E_0010136,-1.2709113200
CtrSVDD_0009_E_0010137,-2.5865156208
CtrSVDD_0010_E_0010138,-4.1028168189
CtrSVDD_0011_E_0010139,-0.8619049241
CtrSVDD_0012_E_0010140,-3.0882814685
CtrSVDD_0013_E_0010141,-2.0651148613
CtrSVDD_0014_E_0010142,-3.8941555656
CtrSVDD_0015_E_0010143,-1.4701732494
CtrSVDD_0016_E_0010144,-4.2482164501
CtrSVDD_0017_E_0010145,-2.9770970317
CtrSVDD_0018_E_0010146,-3.1118899886
CtrSVDD_0019_E_0010147,-1.7335717212
CtrSVDD_0020_E_0010148,-2.1130728475
CtrSVDD_0021_E_0010149,-1.5271441470
CtrSVDD_0022_E_0010150,-4.6375598474
CtrSVDD_0023_E_0010151,-2.2349117666
CtrSVDD_0024_E_0010152,-2.6324261579
CtrSVDD_0025_E_0010153,-6.0126916330
CtrSVDD_0026_E_0010154,0.2436812725
CtrSVDD_0027_E_0010155,-4.9175829289
CtrSVDD_0028_E_0010156,-1.0515665974
CtrSVDD_0029_E_0010157,-4.4763711981
CtrSVDD_0030_E_0010158,0.3032245382
CtrSVDD_0031_E_0010159,-1.9238166499
CtrSVDD_0032_E_0010160,-3.3236759939
CtrSVDD_0033_E_0010161,-1.5656245646
CtrSVDD_0034_E_0010162,-1.6715948737
CtrSVDD_0035_E_0010163,-3.0828907110
CtrSVDD_0036_E_0010164,-4.2137555275
CtrSVDD_0037_E_0010165,-2.8833574518
CtrSVDD_0038_E_0010166,-2.4569429283
CtrSVDD_0039_E_0010167,-0.7715643641
CtrSVDD_0040_E_0010168,-5.5734803913
CtrSVDD_0041_E_0010169,-4.5735655172
CtrSVDD_0042_E_0010170,-2.8884678834
CtrSVDD_0043_E_0010171,-2.8611669112
CtrSVDD_0044_E_0010172,-1.2613949067
CtrSVDD_0045_E_0010173,-0.2444454657
CtrSVDD_0046_E_0010174,-4.9626488120
CtrSVDD_0047_E_0010175,-4.2072526899
CtrSVDD_0000_E_0010176,0.9049093884
CtrSVDD_0001_E_0010177,-4.1200533006
CtrSVDD_0002_E_0010178,0.8394306710
CtrSVDD_0003_E_0010179,-1.3434402402
CtrSVDD_0004_E_0010180,-1.3585367539
CtrSVDD_0005_E_0010181,-1.4391373656
CtrSVDD_0006_E_0010182,-1.8255957860
CtrSVDD_0007_E_0010183,0.5069852349
CtrSVDD_0008_E_0010184,-0.3153113074
CtrSVDD_0009_E_0010185,-4.7220073967
CtrSVDD_0010_E_0010186,-4.8377400602
CtrSVDD_0011_E_0010187,-4.0226338582
CtrSVDD_0012_E_0010188,-2.5553144428
CtrSVDD_0013_E_0010189,-3.9241473651
CtrSVDD_0014_E_0010190,-5.4405328882
CtrSVDD_0015_E_0010191,0.9176216787
CtrSVDD_0016_E_0010192,-2.0160012904
CtrSVDD_0017_E_0010193,-4.5002323866
CtrSVDD_0018_E_0010194,-4.0543232218
CtrSVDD_0019_E_0010195,-1.7055434648
CtrSVDD_0020_E_0010196,-5.0272307712
CtrSVDD_0021_E_0010197,-1.7418213982
CtrSVDD_0022_E_0010198,-3.7438786494
CtrSVDD_0023_E_0010199,-2.1245570560
CtrSVDD_0024_E_0010200,-2.2269156190
CtrSVDD_0025_E_0010201,-2.4238181516
CtrSVDD_0026_E_0010202,-4.2074445211
CtrSVDD_0027_E_0010203,-2.4402316989
CtrSVDD_0028_E_0010204,-0.2629694186
CtrSVDD_0029_E_0010205,-4.0648668804
CtrSVDD_0030_E_0010206,-3.8024947429
CtrSVDD_0031_E_0010207,-3.4485227885
CtrSVDD_0032_E_0010208,-4.5860044303
CtrSVDD_0033_E_0010209,-4.2426345126
CtrSVDD_0034_E_0010210,-2.5479878360
CtrSVDD_0035_E_0010211,-0.6676965743
CtrSVDD_0036_E_0010212,-2.8016600876
CtrSVDD_0037_E_0010213,-0.3718546735
CtrSVDD_0038_E_0010214,-3.8532335400
CtrSVDD_0039_E_0010215,-0.4258723100
CtrSVDD_0040_E_0010216,2.0694437537
CtrSVDD_0041_E_0010217,-0.0524786315
CtrSVDD_0042_E_0010218,-3.5846022186
CtrSVDD_0043_E_0010219,-2.5559876217
CtrSVDD_0044_E_0010220,-3.9103893851
CtrSVDD_0045_E_0010221,-2.8434784062
CtrSVDD_0046_E_0010222,-2.3923813328
CtrSVDD_0047_E_0010223,-2.2786141880
CtrSVDD_0000_E_0010224,0.7437441897
CtrSVDD_0001_E_0010225,0.8717027939
CtrSVDD_0002_E_0010226,0.5019121261
CtrSVDD_0003_E_0010227,-2.6951192130
CtrSVDD_0004_E_0010228,-5.0498747711
CtrSVDD_0005_E_0010229,0.8796325195
CtrSVDD_0006_E_0010230,-4.7673330172
CtrSVDD_0007_E_0010231,-4.4602323331
CtrSVDD_0008_E_0010232,-2.7744052581
CtrSVDD_0009_E_0010233,-1.6467562277
CtrSVDD_0010_E_0010234,-2.0211508233
CtrSVDD_0011_E_0010235,-1.9798392583
CtrSVDD_0012_E_0010236,-3.2702347670
CtrSVDD_0013_E_0010237,-0.1212919178
CtrSVDD_0014_E_0010238,-2.7461018907
CtrSVDD_0015_E_0010239,-0.6642989382
CtrSVDD_0016_E_0010240,-5.0343326938
CtrSVDD_0017_E_0010241,-3.7086290367
CtrSVDD_0018_E_0010242,-5.4267752367
CtrSVDD_0019_E_0010243,-4.6111172586
CtrSVDD_0020_E_0010244,-3.8171046710
CtrSVDD_0021_E_0010245,0.0579941125
CtrSVDD_0022_E_0010246,-4.8990610100
CtrSVDD_0023_E_0010247,-1.6667233239
CtrSVDD_0024_E_0010248,-5.7012262980
CtrSVDD_0025_E_0010249,-4.2152123149
CtrSVDD_0026_E_0010250,-4.8694237749
CtrSVDD_0027_E_0010251,-2.5057210164
CtrSVDD_0028_E_0010252,-1.7159872276
CtrSVDD_0029_E_0010253,-3.8892802703
CtrSVDD_0030_E_0010254,-3.1034822376
CtrSVDD_0031_E_0010255,-3.3296659827
CtrSVDD_0032_E_0010256,-5.6306213475
CtrSVDD_0033_E_0010257,-4.9162513680
CtrSVDD_0034_E_0010258,-2.4381224988
CtrSVDD_0035_E_0010259,-4.6055819993
CtrSVDD_0036_E_0010260,-0.6303588592
CtrSVDD_0037_E_0010261,-4.0798980834
CtrSVDD_0038_E_0010262,-4.6298926639
CtrSVDD_0039_E_0010263,-1.2343887363
CtrSVDD_0040_E_0010264,-3.0794889249
CtrSVDD_0041_E_0010265,-3.5953066447
CtrSVDD_0042_E_0010266,-0.5766526762
CtrSVDD_0043_E_0010267,-3.1935178164
CtrSVDD_0044_E_0010268,-2.5834014039
CtrSVDD_0045_E_0010269,-0.9949625801
CtrSVDD_0046_E_0010270,2.1610436950
CtrSVDD_0047_E_0010271,-3.2738380680
CtrSVDD_0000_E_0010272,-3.2941799963
CtrSVDD_0001_E_0010273,-2.1929406001
CtrSVDD_0002_E_0010274,-2.5485623489
CtrSVDD_0003_E_0010275,-4.3616904438
CtrSVDD_0004_E_0010276,-3.9371253414
CtrSVDD_0005_E_0010277,-4.4065360277
CtrSVDD_0006_E_0010278,-1.0758622790
CtrSVDD_0007_E_0010279,-4.2048299245
CtrSVDD_0008_E_0010280,-2.1390899218
CtrSVDD_0009_E_0010281,-4.1209567390
CtrSVDD_0010_E_0010282,-2.1773134487
CtrSVDD_0011_E_0010283,-5.1667790483
CtrSVDD_0012_E_0010284,-2.4102735706
CtrSVDD_0013_E_0010285,-2.6527567470
CtrSVDD_0014_E_0010286,-3.8188235779
CtrSVDD_0015_E_0010287,-4.7463198369
CtrSVDD_0016_E_0010288,1.1041426793
CtrSVDD_0017_E_0010289,-3.2809910163
CtrSVDD_0018_E_0010290,-3.0378445226
CtrSVDD_0019_E_0010291,-0.8127923269
CtrSVDD_0020_E_0010292,-3.7744695017
CtrSVDD_0021_E_0010293,-4.0485396533
CtrSVDD_0022_E_0010294,-3.8321331968
CtrSVDD_0023_E_0010295,-4.0732088425
CtrSVDD_0024_E_0010296,1.2194953228
CtrSVDD_0025_E_0010297,-2.6508493849
CtrSVDD_0026_E_0010298,-2.0849712671
CtrSVDD_0027_E_0010299,-3.7751881009
CtrSVDD_0028_E_0010300,-3.9020088626
CtrSVDD_0029_E_0010301,-1.6587731585
CtrSVDD_0030_E_0010302,-3.7619539974
CtrSVDD_0031_E_0010303,-5.1038934462
CtrSVDD_0032_E_0010304,-4.4135292897
CtrSVDD_0033_E_0010305,-3.3361136213
CtrSVDD_0034_E_0010306,-3.4844136104
CtrSVDD_0035_E_0010307,-1.9032214863
CtrSVDD_0036_E_0010308,-0.5602120314
CtrSVDD_0037_E_0010309,-0.7583023469
CtrSVDD_0038_E_0010310,-3.7504369157
CtrSVDD_0039_E_0010311,-0.3073659600
CtrSVDD_0040_E_0010312,-1.8996605653
CtrSVDD_0041_E_0010313,-3.5314597434
CtrSVDD_0042_E_0010314,0.1382194746
CtrSVDD_0043_E_0010315,-2.9289727489
CtrSVDD_0044_E_0010316,-2.3140844947
CtrSVDD_0045_E_0010317,-5.4953349979
CtrSVDD_0046_E_0010318,-1.1294552914
CtrSVDD_0047_E_0010319,0.3091349525
CtrSVDD_0000_E_0010320,-3.2664470941
CtrSVDD_0001_E_0010321,-0.6544299850
CtrSVDD_0002_E_0010322,-5.0457473808
CtrSVDD_0003_E_0010323,-1.9831601075
CtrSVDD_0004_E_0010324,1.7454005008
CtrSVDD_0005_E_0010325,-3.9617010658
CtrSVDD_0006_E_0010326,0.7811575769
CtrSVDD_0007_E_0010327,-0.6628312663
CtrSVDD_0008_E_0010328,-0.5204622378
CtrSVDD_0009_E_0010329,-5.0509255082
CtrSVDD_0010_E_0010330,-2.3213556707
CtrSVDD_0011_E_0010331,-2.4876683669
CtrSVDD_0012_E_0010332,-3.9054971286
CtrSVDD_0013_E_0010333,-4.4963844579
CtrSVDD_0014_E_0010334,-2.0938614812
CtrSVDD_0015_E_0010335,-2.7664522538
CtrSVDD_0016_E_0010336,-3.0332925403
CtrSVDD_0017_E_0010337,-3.8087389268
CtrSVDD_0018_E_0010338,-2.2995239621
CtrSVDD_0019_E_0010339,-2.6590389251
CtrSVDD_0020_E_0010340,-0.7864424016
CtrSVDD_0021_E_0010341,-3.3631487648
CtrSVDD_0022_E_0010342,-4.7558195568
CtrSVDD_0023_E_0010343,-5.7053662689
CtrSVDD_0024_E_0010344,0.9566822130
CtrSVDD_0025_E_0010345,-0.6683561956
CtrSVDD_0026_E_0010346,-1.5508844525
CtrSVDD_0027_E_0010347,-2.3985971566
CtrSVDD_0028_E_0010348,-1.4881218960
CtrSVDD_0029_E_0010349,-3.5835517350
CtrSVDD_0030_E_0010350,-0.8295238696
CtrSVDD_0031_E_0010351,-1.0888337076
CtrSVDD_0032_E_0010352,-3.5103389805
CtrSVDD_0033_E_0010353,-6.3155427248
CtrSVDD_0034_E_0010354,-1.7852212044
CtrSVDD_0035_E_0010355,-2.3440347329
CtrSVDD_0036_E_0010356,-0.4974643919
CtrSVDD_0037_E_0010357,-0.6913891930
CtrSVDD_0038_E_0010358,-1.4283537940
CtrSVDD_0039_E_0010359,-1.1849199287
CtrSVDD_0040_E_0010360,2.5205022172
CtrSVDD_0041_E_0010361,-2.5385807827
CtrSVDD_0042_E_0010362,-1.7459030318
CtrSVDD_0043_E_0010363,-4.0610215540
CtrSVDD_0044_E_0010364,0.4849052217
CtrSVDD_0045_E_0010365,-1.0205289246
CtrSVDD_0046_E_0010366,1.7852624904
CtrSVDD_0047_E_0010367,-4.5993411117
CtrSVDD_0000_E_0010368,-0.6893569079
CtrSVDD_0001_E_0010369,-0.7616212516
CtrSVDD_0002_E_0010370,-2.5570611818
CtrSVDD_0003_E_0010371,-4.1963837367
CtrSVDD_0004_E_0010372,-2.9402434679
CtrSVDD_0005_E_0010373,-2.9942531768
CtrSVDD_0006_E_0010374,-2.6033927433
CtrSVDD_0007_E_0010375,-5.3531223307
CtrSVDD_0008_E_0010376,-1.1083139023
CtrSVDD_0009_E_0010377,-3.7141348051
CtrSVDD_0010_E_0010378,1.0684723294
CtrSVDD_0011_E_0010379,-0.0835241769
CtrSVDD_0012_E_0010380,-4.2105369603
CtrSVDD_0013_E_0010381,-3.2572170781
CtrSVDD_0014_E_0010382,-3.0913391805
CtrSVDD_0015_E_0010383,-4.0793226491
CtrSVDD_0016_E_0010384,-3.2581932197
CtrSVDD_0017_E_0010385,-3.4572425601
CtrSVDD_0018_E_0010386,-2.7145054254
CtrSVDD_0019_E_0010387,-4.6121777297
CtrSVDD_0020_E_0010388,-2.6458401436
CtrSVDD_0021_E_0010389,0.5982619239
CtrSVDD_0022_E_0010390,-2.0761196922
CtrSVDD_0023_E_0010391,-1.4380110733
CtrSVDD_0024_E_0010392,-3.0619999085
CtrSVDD_0025_E_0010393,-4.2204070846
CtrSVDD_0026_E_0010394,-1.5532389275
CtrSVDD_0027_E_0010395,-2.6206201942
CtrSVDD_0028_E_0010396,-3.0951813349
CtrSVDD_0029_E_0010397,-2.1734241186
CtrSVDD_0030_E_0010398,-2.8354789296
CtrSVDD_0031_E_0010399,-3.3883452244
CtrSVDD_0032_E_0010400,-3.9652404406
CtrSVDD_0033_E_0010401,-2.1968494145
CtrSVDD_0034_E_0010402,-4.8169487612
CtrSVDD_0035_E_0010403,-0.4728478546
CtrSVDD_0036_E_0010404,-4.2716189596
CtrSVDD_0037_E_0010405,-2.8959651465
CtrSVDD_0038_E_0010406,-1.2625856671
CtrSVDD_0039_E_0010407,-2.5803758374
CtrSVDD_0040_E_0010408,-3.7278419362
CtrSVDD_0041_E_0010409,-1.7377699277
CtrSVDD_0042_E_0010410,0.9812876872
CtrSVDD_0043_E_0010411,-1.8639262652
CtrSVDD_0044_E_0010412,1.1784885851
CtrSVDD_0045_E_0010413,-3.1574455630
CtrSVDD_0046_E_0010414,-2.1171260267
CtrSVDD_0047_E_0010415,-4.9558822732
CtrSVDD_0000_E_0010416,-2.8114010927
CtrSVDD_0001_E_0010417,-2.3171298190
CtrSVDD_0002_E_0010418,-3.6621893113
CtrSVDD_0003_E_0010419,-0.3131933876
CtrSVDD_0004_E_0010420,0.7641892626
CtrSVDD_0005_E_0010421,-2.1873383936
CtrSVDD_0006_E_0010422,-3.3665307925
CtrSVDD_0007_E_0010423,0.1020453384
CtrSVDD_0008_E_0010424,-1.1615270458
CtrSVDD_0009_E_0010425,-4.4386940635
CtrSVDD_0010_E_0010426,1.1197159605
CtrSVDD_0011_E_0010427,-3.9974484713
CtrSVDD_0012_E_0010428,-4.3453363169
CtrSVDD_0013_E_0010429,-2.9158863658
CtrSVDD_0014_E_0010430,-3.1852973865
CtrSVDD_0015_E_0010431,-2.4512146823
CtrSVDD_0016_E_0010432,-0.1001806688
CtrSVDD_0017_E_0010433,-3.4445964127
CtrSVDD_0018_E_0010434,-5.8373621907
CtrSVDD_0019_E_0010435,-5.0269800322
CtrSVDD_0020_E_0010436,-4.0764845456
CtrSVDD_0021_E_0010437,-2.7456694207
CtrSVDD_0022_E_0010438,-3.4722170894
CtrSVDD_0023_E_0010439,2.7118881535
CtrSVDD_0024_E_0010440,-3.3087204145
CtrSVDD_0025_E_0010441,-0.3212459980
CtrSVDD_0026_E_0010442,-5.5043673642
CtrSVDD_0027_E_0010443,-4.5485435241
CtrSVDD_0028_E_0010444,-2.9605847839
CtrSVDD_0029_E_0010445,-4.1763070857
CtrSVDD_0030_E_0010446,-3.7250690414
CtrSVDD_0031_E_0010447,-4.2878655497
CtrSVDD_0032_E_0010448,-3.2509451681
CtrSVDD_0033_E_0010449,-0.5884333222
CtrSVDD_0034_E_0010450,-0.4710217313
CtrSVDD_0035_E_0010451,2.3087101115
CtrSVDD_0036_E_0010452,-1.7864539576
CtrSVDD_0037_E_0010453,-4.4910152848
CtrSVDD_0038_E_0010454,1.8509683456
CtrSVDD_0039_E_0010455,-4.0056013272
CtrSVDD_0040_E_0010456,-3.5453088180
CtrSVDD_0041_E_0010457,-2.4077158947
CtrSVDD_0042_E_0010458,0.3341302823
CtrSVDD_0043_E_0010459,-4.5031025507
CtrSVDD_0044_E_0010460,-2.7641701799
CtrSVDD_0045_E_0010461,-3.0861702735
CtrSVDD_0046_E_0010462,-3.1867804541
CtrSVDD_0047_E_0010463,1.0279947747
CtrSVDD_0000_E_0010464,-3.2535824497
CtrSVDD_0001_E_0010465,-4.8011375661
CtrSVDD_0002_E_0010466,-3.0417339850
CtrSVDD_0003_E_0010467,-1.6067121727
CtrSVDD_0004_E_0010468,1.6563238653
CtrSVDD_0005_E_0010469,-2.1867030822
CtrSVDD_0006_E_0010470,-2.8650487536
CtrSVDD_0007_E_0010471,-3.8804786914
CtrSVDD_0008_E_0010472,-3.9676019057
CtrSVDD_0009_E_0010473,-5.5081784240
CtrSVDD_0010_E_0010474,-0.3909508884
CtrSVDD_0011_E_0010475,-4.4704223012
CtrSVDD_0012_E_0010476,-5.0834043219
CtrSVDD_0013_E_0010477,-4.5648615705
CtrSVDD_0014_E_0010478,-3.7138494595
CtrSVDD_0015_E_0010479,-1.5108549466
CtrSVDD_0016_E_0010480,-3.3482844044
CtrSVDD_0017_E_0010481,-3.1937237955
CtrSVDD_0018_E_0010482,-4.6099713043
CtrSVDD_0019_E_0010483,-3.0743756868
CtrSVDD_0020_E_0010484,1.9603556855
CtrSVDD_0021_E_0010485,-1.9075457905
CtrSVDD_0022_E_0010486,-3.5135434015
CtrSVDD_0023_E_0010487,-5.4765040894
CtrSVDD_0024_E_0010488,0.8534403046
CtrSVDD_0025_E_0010489,-0.2214977181
CtrSVDD_0026_E_0010490,-2.7722056667
CtrSVDD_0027_E_0010491,0.6367431544
CtrSVDD_0028_E_0010492,-0.4764955671
CtrSVDD_0029_E_0010493,-3.7423899260
CtrSVDD_0030_E_0010494,-4.1348656856
CtrSVDD_0031_E_0010495,-5.1115354091
CtrSVDD_0032_E_0010496,-2.6468452724
CtrSVDD_0033_E_0010497,-0.7602192821
CtrSVDD_0034_E_0010498,-2.6617738642
CtrSVDD_0035_E_0010499,-0.1849903467
CtrSVDD_0036_E_0010500,-3.6771073663
CtrSVDD_0037_E_0010501,-1.8381751665
CtrSVDD_0038_E_0010502,0.0946221109
CtrSVDD_0039_E_0010503,0.0269899421
CtrSVDD_0040_E_0010504,-2.1735056875
CtrSVDD_0041_E_0010505,-2.4547267892
CtrSVDD_0042_E_0010506,-4.9477807884
CtrSVDD_0043_E_0010507,0.6018379458
CtrSVDD_0044_E_0010508,-3.5769398578
CtrSVDD_0045_E_0010509,-4.4098201315
CtrSVDD_0046_E_0010510,-2.9051893819
CtrSVDD_0047_E_0010511,-1.5247479058
CtrSVDD_0000_E_0010512,-2.6998515893
CtrSVDD_0001_E_0010513,-4.0121399105
CtrSVDD_0002_E_0010514,-4.3918599389
CtrSVDD_0003_E_0010515,-3.0258810566
CtrSVDD_0004_E_0010516,-1.9998545515
CtrSVDD_0005_E_0010517,-3.9420049647
CtrSVDD_0006_E_0010518,-2.2986941847
CtrSVDD_0007_E_0010519,-2.9542963482
CtrSVDD_0008_E_0010520,-2.9334956331
CtrSVDD_0009_E_0010521,0.4212820896
CtrSVDD_0010_E_0010522,-4.5625335128
CtrSVDD_0011_E_0010523,0.4478993322
CtrSVDD_0012_E_0010524,0.9229904982
CtrSVDD_0013_E_0010525,-5.7662779318
CtrSVDD_0014_E_0010526,-2.6036388593
CtrSVDD_0015_E_0010527,-4.4546784153
CtrSVDD_0016_E_0010528,-3.2705795254
CtrSVDD_0017_E_0010529,2.1195954258
CtrSVDD_0018_E_0010530,-0.6272136920
CtrSVDD_0019_E_0010531,-5.1814797394
CtrSVDD_0020_E_0010532,-2.5727103351
CtrSVDD_0021_E_0010533,-2.5401997653
CtrSVDD_0022_E_0010534,-4.7268591302
CtrSVDD_0023_E_0010535,-2.5945285488
CtrSVDD_0024_E_0010536,-1.0424022908
CtrSVDD_0025_E_0010537,-4.3360898180
CtrSVDD_0026_E_0010538,-4.6571007622
CtrSVDD_0027_E_0010539,0.2335157953
CtrSVDD_0028_E_0010540,-1.9962425662
CtrSVDD_0029_E_0010541,-4.3126577210
CtrSVDD_0030_E_0010542,-3.2886934967
CtrSVDD_0031_E_0010543,-0.5358302223
CtrSVDD_0032_E_0010544,-4.7110120940
CtrSVDD_0033_E_0010545,-3.2387208730
CtrSVDD_0034_E_0010546,-5.5429531724
CtrSVDD_0035_E_0010547,-2.0246395809
CtrSVDD_0036_E_0010548,-1.6304550717
CtrSVDD_0037_E_0010549,-1.7914713163
CtrSVDD_0038_E_0010550,-3.3333203585
CtrSVDD_0039_E_0010551,-3.2988210382
CtrSVDD_0040_E_0010552,-2.3727008720
CtrSVDD_0041_E_0010553,-3.1315910759
CtrSVDD_0042_E_0010554,-0.2022530017
CtrSVDD_0043_E_0010555,1.4045462482
CtrSVDD_0044_E_0010556,-2.5294641952
CtrSVDD_0045_E_0010557,-3.1628676189
CtrSVDD_0046_E_0010558,0.1878369565
CtrSVDD_0047_E_0010559,-0.9642065794
CtrSVDD_0000_E_0010560,-2.8698493823
CtrSVDD_0001_E_0010561,-6.1343576390
CtrSVDD_0002_E_0010562,-3.4662854399
CtrSVDD_0003_E_0010563,-4.5698799795
CtrSVDD_0004_E_0010564,-2.5276674980
CtrSVDD_0005_E_0010565,-4.8086664149
CtrSVDD_0006_E_0010566,0.5873285288
CtrSVDD_0007_E_0010567,-0.2581165434
CtrSVDD_0008_E_0010568,0.4755339380
CtrSVDD_0009_E_0010569,-1.9438688344
CtrSVDD_0010_E_0010570,0.1800238132
CtrSVDD_0011_E_0010571,-2.6440833248
CtrSVDD_0012_E_0010572,-1.3687867016
CtrSVDD_0013_E_0010573,-4.0965838659
CtrSVDD_0014_E_0010574,-4.2492195424
CtrSVDD_0015_E_0010575,-2.9341658336
CtrSVDD_0016_E_0010576,-4.2860012823
CtrSVDD_0017_E_0010577,0.3655359218
CtrSVDD_0018_E_0010578,-0.1701573692
CtrSVDD_0019_E_0010579,-5.1337877043
CtrSVDD_0020_E_0010580,-0.9058521561
CtrSVDD_0021_E_0010581,-1.7726959682
CtrSVDD_0022_E_0010582,-5.2611948637
CtrSVDD_0023_E_0010583,-1.2494636636
CtrSVDD_0024_E_0010584,-2.4672449006
CtrSVDD_0025_E_0010585,-3.8870536165
CtrSVDD_0026_E_0010586,-3.6599739215
CtrSVDD_0027_E_0010587,-2.8058505416
CtrSVDD_0028_E_0010588,-2.6491808910
CtrSVDD_0029_E_0010589,-3.8465280026
CtrSVDD_0030_E_0010590,-3.3585011841
CtrSVDD_0031_E_0010591,1.5014510818
CtrSVDD_0032_E_0010592,-3.3109489834
CtrSVDD_0033_E_0010593,0.3608762425
CtrSVDD_0034_E_0010594,-2.1068688106
CtrSVDD_0035_E_0010595,-1.9327517214
CtrSVDD_0036_E_0010596,-3.5150377704
CtrSVDD_0037_E_0010597,-3.0015904152
CtrSVDD_0038_E_0010598,-5.2067710542
CtrSVDD_0039_E_0010599,-3.1422849971
CtrSVDD_0040_E_0010600,-0.2582732602
CtrSVDD_0041_E_0010601,-4.1235594158
CtrSVDD_0042_E_0010602,1.4008052395
CtrSVDD_0043_E_0010603,-2.5212591790
CtrSVDD_0044_E_0010604,-3.7301609736
CtrSVDD_0045_E_0010605,1.8277963206
CtrSVDD_0046_E_0010606,-3.2699472693
CtrSVDD_0047_E_0010607,-4.7390554214
CtrSVDD_0000_E_0010608,-5.1294281275
CtrSVDD_0001_E_0010609,-1.8829302476
CtrSVDD_0002_E_0010610,-4.2641533743
CtrSVDD_0003_E_0010611,-0.2100843855
CtrSVDD_0004_E_0010612,-4.1964931752
CtrSVDD_0005_E_0010613,-1.9318081121
CtrSVDD_0006_E_0010614,-1.1681518079
CtrSVDD_0007_E_0010615,1.3715585885
CtrSVDD_0008_E_0010616,-0.0763079424
CtrSVDD_0009_E_0010617,-4.4570126945
CtrSVDD_0010_E_0010618,-0.4090844621
CtrSVDD_0011_E_0010619,0.1283602739
CtrSVDD_0012_E_0010620,-4.1817556834
CtrSVDD_0013_E_0010621,-6.6744200972
CtrSVDD_0014_E_0010622,-2.3029681503
CtrSVDD_0015_E_0010623,0.4030085097
CtrSVDD_0016_E_0010624,-3.0217512677
CtrSVDD_0017_E_0010625,-2.8849362278
CtrSVDD_0018_E_0010626,-4.5536835844
CtrSVDD_0019_E_0010627,-1.1877471651
CtrSVDD_0020_E_0010628,-4.8003596231
CtrSVDD_0021_E_0010629,-0.1438705663
CtrSVDD_0022_E_0010630,-3.6936295254
CtrSVDD_0023_E_0010631,-2.0384287935
CtrSVDD_0024_E_0010632,-2.1897743279
CtrSVDD_0025_E_0010633,-5.2748037961
CtrSVDD_0026_E_0010634,-3.9593433456
CtrSVDD_0027_E_0010635,-3.8638124986
CtrSVDD_0028_E_0010636,-0.9049093884
CtrSVDD_0029_E_0010637,-2.9490131999
CtrSVDD_0030_E_0010638,-5.6878958806
CtrSVDD_0031_E_0010639,-3.1091442333
CtrSVDD_0032_E_0010640,-1.4747561264
CtrSVDD_0033_E_0010641,-2.0302875904
CtrSVDD_0034_E_0010642,-4.8828497618
CtrSVDD_0035_E_0010643,-2.3050187979
CtrSVDD_0036_E_0010644,-0.1123281864
CtrSVDD_0037_E_0010645,-2.2541330160
CtrSVDD_0038_E_0010646,-1.2030563463
CtrSVDD_0039_E_0010647,-3.5672017468
CtrSVDD_0040_E_0010648,1.2742722027
CtrSVDD_0041_E_0010649,-4.0163664493
CtrSVDD_0042_E_0010650,-4.4822509062
CtrSVDD_0043_E_0010651,-0.9496358174
CtrSVDD_0044_E_0010652,-4.7828841087
CtrSVDD_0045_E_0010653,0.8100861580
CtrSVDD_0046_E_0010654,-4.3446028596
CtrSVDD_0047_E_0010655,-4.9121413660
CtrSVDD_0000_E_0010656,-3.5865227701
CtrSVDD_0001_E_0010657,0.4396974496
CtrSVDD_0002_E_0010658,-2.5332008168
CtrSVDD_0003_E_0010659,-4.3621166390
CtrSVDD_0004_E_0010660,-2.9100889734
CtrSVDD_0005_E_0010661,-3.3392137414
CtrSVDD_0006_E_0010662,-4.7206591069
CtrSVDD_0007_E_0010663,-5.7726603915
CtrSVDD_0008_E_0010664,-5.3439861806
CtrSVDD_0009_E_0010665,-1.2063462568
CtrSVDD_0010_E_0010666,0.3076212670
CtrSVDD_0011_E_0010667,-5.9627175047
CtrSVDD_0012_E_0010668,-2.9673547708
CtrSVDD_0013_E_0010669,-1.0892614223
CtrSVDD_0014_E_0010670,-0.0020981837
CtrSVDD_0015_E_0010671,1.2555934900
CtrSVDD_0016_E_0010672,0.1495262561
CtrSVDD_0017_E_0010673,0.0898958555
CtrSVDD_0018_E_0010674,-3.3341615599
CtrSVDD_0019_E_0010675,-2.1978729713
CtrSVDD_0020_E_0010676,-1.9148746293
CtrSVDD_0021_E_0010677,-4.4629576365
CtrSVDD_0022_E_0010678,-3.4695593054
CtrSVDD_0023_E_0010679,-4.2178080603
CtrSVDD_0024_E_0010680,-2.2489939312
CtrSVDD_0025_E_0010681,-4.0235634115
CtrSVDD_0026_E_0010682,-4.5146474307
CtrSVDD_0027_E_0010683,-2.0108971148
CtrSVDD_0028_E_0010684,-0.1072123277
CtrSVDD_0029_E_0010685,0.6456249513
CtrSVDD_0030_E_0010686,-3.4369246456
CtrSVDD_0031_E_0010687,-3.7737244739
CtrSVDD_0032_E_0010688,-4.3260835432
CtrSVDD_0033_E_0010689,-3.5692633869
CtrSVDD_0034_E_0010690,0.7090947688
CtrSVDD_0035_E_0010691,-0.6948246815
CtrSVDD_0036_E_0010692,-4.0177514748
CtrSVDD_0037_E_0010693,-4.1961625001
CtrSVDD_0038_E_0010694,-0.3155008985
CtrSVDD_0039_E_0010695,-0.5955847669
CtrSVDD_0040_E_0010696,-1.3500192775
CtrSVDD_0041_E_0010697,-0.9900934072
CtrSVDD_0042_E_0010698,-4.7379755659
CtrSVDD_0043_E_0010699,-2.5464001929
CtrSVDD_0044_E_0010700,-2.8592626000
CtrSVDD_0045_E_0010701,-2.7085021084
CtrSVDD_0046_E_0010702,-0.3909008364
CtrSVDD_0047_E_0010703,-4.0313208919
CtrSVDD_0000_E_0010704,-2.5737461217
CtrSVDD_0001_E_0010705,-0.8433923634
CtrSVDD_0002_E_0010706,-4.6127811460
CtrSVDD_0003_E_0010707,-0.9977305927
CtrSVDD_0004_E_0010708,-6.2708397857
CtrSVDD_0005_E_0010709,-5.0764396675
CtrSVDD_0006_E_0010710,-4.2977653456
CtrSVDD_0007_E_0010711,-2.9735435667
CtrSVDD_0008_E_0010712,-4.3593013929
CtrSVDD_0009_E_0010713,-3.4150676626
CtrSVDD_0010_E_0010714,-2.9428141924
CtrSVDD_0011_E_0010715,-4.9282706598
CtrSVDD_0012_E_0010716,-6.0360588632
CtrSVDD_0013_E_0010717,-1.8299118536
CtrSVDD_0014_E_0010718,-0.1736186442
CtrSVDD_0015_E_0010719,-3.8099182862
CtrSVDD_0016_E_0010720,-2.8590329426
CtrSVDD_0017_E_0010721,-5.0317699800
CtrSVDD_0018_E_0010722,-4.0001644601
CtrSVDD_0019_E_0010723,1.3031536179
CtrSVDD_0020_E_0010724,-4.4451402721
CtrSVDD_0021_E_0010725,-4.0658901063
CtrSVDD_0022_E_0010726,-3.3117094087
CtrSVDD_0023_E_0010727,-2.6413873092
CtrSVDD_0024_E_0010728,0.4879884309
CtrSVDD_0025_E_0010729,-4.7205990861
CtrSVDD_0026_E_0010730,-2.2517084507
CtrSVDD_0027_E_0010731,-2.7103106034
CtrSVDD_0028_E_0010732,0.6773611918
CtrSVDD_0029_E_0010733,0.9028048733
CtrSVDD_0030_E_0010734,-2.7656109664
CtrSVDD_0031_E_0010735,-2.7540251229
CtrSVDD_0032_E_0010736,-2.8422424766
CtrSVDD_0033_E_0010737,0.3868510038
CtrSVDD_0034_E_0010738,-3.2547793266
CtrSVDD_0035_E_0010739,-5.4860660424
CtrSVDD_0036_E_0010740,1.5984941976
CtrSVDD_0037_E_0010741,-3.9167387711
CtrSVDD_0038_E_0010742,-2.0631978136
CtrSVDD_0039_E_0010743,-5.8456135825
CtrSVDD_0040_E_0010744,-2.0560613539
CtrSVDD_0041_E_0010745,-4.2230094110
CtrSVDD_0042_E_0010746,0.0818319183
CtrSVDD_0043_E_0010747,-6.4643888262
CtrSVDD_0044_E_0010748,-3.4092778775
CtrSVDD_0045_E_0010749,-4.1178856954
CtrSVDD_0046_E_0010750,1.4391373656
CtrSVDD_0047_E_0010751,-2.5943503097
CtrSVDD_0000_E_0010752,-1.4818917512
CtrSVDD_0001_E_0010753,-2.2675262359
CtrSVDD_0002_E_0010754,-2.6934638597
CtrSVDD_0003_E_0010755,-0.8138400168
CtrSVDD_0004_E_0010756,-4.5533957648
CtrSVDD_0005_E_0010757,-0.6201542326
CtrSVDD_0006_E_0010758,-1.4786122383
CtrSVDD_0007_E_0010759,-2.8807543510
CtrSVDD_0008_E_0010760,0.0833242105
CtrSVDD_0009_E_0010761,-4.0271681037
CtrSVDD_0010_E_0010762,-3.7334612292
CtrSVDD_0011_E_0010763,-4.6643495584
CtrSVDD_0012_E_0010764,-3.9488709720
CtrSVDD_0013_E_0010765,-3.2181120775
CtrSVDD_0014_E_0010766,-2.7742174284
CtrSVDD_0015_E_0010767,-2.5686311956
CtrSVDD_0016_E_0010768,-3.0861642682
CtrSVDD_0017_E_0010769,1.6400033795
CtrSVDD_0018_E_0010770,-0.4256112526
CtrSVDD_0019_E_0010771,-4.0005056893
CtrSVDD_0020_E_0010772,-0.5424936678
CtrSVDD_0021_E_0010773,-5.4240406803
CtrSVDD_0022_E_0010774,-5.1158924977
CtrSVDD_0023_E_0010775,-3.9171442215
CtrSVDD_0024_E_0010776,0.9283296332
CtrSVDD_0025_E_0010777,-4.2895328621
CtrSVDD_0026_E_0010778,-3.9752595730
CtrSVDD_0027_E_0010779,-3.9794323108
CtrSVDD_0028_E_0010780,-2.7616286273
CtrSVDD_0029_E_0010781,-2.9208361865
CtrSVDD_0030_E_0010782,-4.1546363010
CtrSVDD_0031_E_0010783,0.2347263196
CtrSVDD_0032_E_0010784,-3.7229760948
CtrSVDD_0033_E_0010785,-5.5892695290
CtrSVDD_0034_E_0010786,-6.0817389001
CtrSVDD_0035_E_0010787,-4.7887764859
CtrSVDD_0036_E_0010788,-4.2865158166
CtrSVDD_0037_E_0010789,-5.3845840227
CtrSVDD_0038_E_0010790,-2.3697280161
CtrSVDD_0039_E_0010791,-3.4703368056
CtrSVDD_0040_E_0010792,-2.8689402954
CtrSVDD_0041_E_0010793,-4.9101481078
CtrSVDD_0042_E_0010794,-3.1818277853
CtrSVDD_0043_E_0010795,-1.8379127186
CtrSVDD_0044_E_0010796,-3.7995246125
CtrSVDD_0045_E_0010797,-0.5162378609
CtrSVDD_0046_E_0010798,-2.8257785404
CtrSVDD_0047_E_0010799,-3.0835810165
CtrSVDD_0000_E_0010800,-3.6948294009
CtrSVDD_0001_E_0010801,-2.7123527711
CtrSVDD_0002_E_0010802,-3.6918608105
CtrSVDD_0003_E_0010803,1.4313017591
CtrSVDD_0004_E_0010804,-5.2485656906
CtrSVDD_0005_E_0010805,0.4131421247
CtrSVDD_0006_E_0010806,-4.8832705697
CtrSVDD_0007_E_0010807,-3.3179533298
CtrSVDD_0008_E_0010808,-3.7026252463
CtrSVDD_0009_E_0010809,-4.0954593711
CtrSVDD_0010_E_0010810,-0.1459908291
CtrSVDD_0011_E_0010811,-0.0903445830
CtrSVDD_0012_E_0010812,-1.2418406714
CtrSVDD_0013_E_0010813,-1.5748899657
CtrSVDD_0014_E_0010814,-3.7647410982
CtrSVDD_0015_E_0010815,0.4121280969
CtrSVDD_0016_E_0010816,-3.5677263609
CtrSVDD_0017_E_0010817,-4.5820149161
CtrSVDD_0018_E_0010818,-5.1179783887
CtrSVDD_0019_E_0010819,-4.6427220612
CtrSVDD_0020_E_0010820,-5.3789836175
CtrSVDD_0021_E_0010821,-4.4984017042
CtrSVDD_0022_E_0010822,-3.9647276991
CtrSVDD_0023_E_0010823,-0.4526755156
CtrSVDD_0024_E_0010824,-3.4940922022
CtrSVDD_0025_E_0010825,-0.0370763774
CtrSVDD_0026_E_0010826,1.1276053953
CtrSVDD_0027_E_0010827,0.1144606778
CtrSVDD_0028_E_0010828,-4.0842236048
CtrSVDD_0029_E_0010829,-1.7518528889
CtrSVDD_0030_E_0010830,-4.0684774601
CtrSVDD_0031_E_0010831,-5.0323061460
CtrSVDD_0032_E_0010832,-3.4122135388
CtrSVDD_0033_E_0010833,-5.1708689192
CtrSVDD_0034_E_0010834,-4.1136289270
CtrSVDD_0035_E_0010835,-5.1189148266
CtrSVDD_0036_E_0010836,-2.1365023485
CtrSVDD_0037_E_0010837,-3.0560333793
CtrSVDD_0038_E_0010838,-1.1991522510
CtrSVDD_0039_E_0010839,-4.9739550112
CtrSVDD_0040_E_0010840,0.2798717615
CtrSVDD_0041_E_0010841,-0.5787464069
CtrSVDD_0042_E_0010842,-5.1678344745
CtrSVDD_0043_E_0010843,-3.3837477664
CtrSVDD_0044_E_0010844,-3.1463834041
CtrSVDD_0045_E_0010845,-0.4396974496
CtrSVDD_0046_E_0010846,-4.0581914403
CtrSVDD_0047_E_0010847,-1.4771694434
CtrSVDD_0000_E_0010848,-3.1996853852
CtrSVDD_0001_E_0010849,0.8634738849
CtrSVDD_0002_E_0010850,0.0253011288
CtrSVDD_0003_E_0010851,1.0905115955
CtrSVDD_0004_E_0010852,-2.0206059696
CtrSVDD_0005_E_0010853,-3.3544942732
CtrSVDD_0006_E_0010854,-2.9795767235
CtrSVDD_0007_E_0010855,1.3196797484
CtrSVDD_0008_E_0010856,-5.6332782893
CtrSVDD_0009_E_0010857,-3.6735454688
CtrSVDD_0010_E_0010858,-3.7692169987
CtrSVDD_0011_E_0010859,1.3611489816
CtrSVDD_0012_E_0010860,-2.8929317786
CtrSVDD_0013_E_0010861,-5.0985814172
CtrSVDD_0014_E_0010862,1.2057240908
CtrSVDD_0015_E_0010863,-0.0326103231
CtrSVDD_0016_E_0010864,-1.8270184017
CtrSVDD_0017_E_0010865,1.2525226939
CtrSVDD_0018_E_0010866,-4.6429875250
CtrSVDD_0019_E_0010867,-2.8865141915
CtrSVDD_0020_E_0010868,-2.3940788329
CtrSVDD_0021_E_0010869,-6.0381221406
CtrSVDD_0022_E_0010870,-3.9958179532
CtrSVDD_0023_E_0010871,-2.5475612705
CtrSVDD_0024_E_0010872,-4.4863420253
CtrSVDD_0025_E_0010873,-3.6843692500
CtrSVDD_0026_E_0010874,-3.8632212663
CtrSVDD_0027_E_0010875,-4.3163655337
CtrSVDD_0028_E_0010876,0.1043990475
CtrSVDD_0029_E_0010877,-4.8126916193
CtrSVDD_0030_E_0010878,-2.7473213838
CtrSVDD_0031_E_0010879,-2.6168971459
CtrSVDD_0032_E_0010880,-0.8111489571
CtrSVDD_0033_E_0010881,-3.0760815161
CtrSVDD_0034_E_0010882,-4.6277087892
CtrSVDD_0035_E_0010883,-3.1176732985
CtrSVDD_0036_E_0010884,-4.8885501462
CtrSVDD_0037_E_0010885,1.1067196000
CtrSVDD_0038_E_0010886,-0.4618681343
CtrSVDD_0039_E_0010887,-3.6859245942
CtrSVDD_0040_E_0010888,1.3365743780
CtrSVDD_0041_E_0010889,-2.8512762327
CtrSVDD_0042_E_0010890,-5.2507201761
CtrSVDD_0043_E_0010891,-1.5518398943
CtrSVDD_0044_E_0010892,-1.9849430464
CtrSVDD_0045_E_0010893,-3.3450979862
CtrSVDD_0046_E_0010894,-4.5352668837
CtrSVDD_0047_E_0010895,-6.0829179948
CtrSVDD_0000_E_0010896,-3.9493318916
CtrSVDD_0001_E_0010897,-3.5041215957
CtrSVDD_0002_E_0010898,-3.0530487631
CtrSVDD_0003_E_0010899,-3.0287364197
CtrSVDD_0004_E_0010900,-4.7494202981
CtrSVDD_0005_E_0010901,-1.2294294282
CtrSVDD_0006_E_0010902,-2.0352766508
CtrSVDD_0007_E_0010903,-1.3060573303
CtrSVDD_0008_E_0010904,-2.3611832498
CtrSVDD_0009_E_0010905,-2.8452119897
CtrSVDD_0010_E_0010906,1.0388694495
CtrSVDD_0011_E_0010907,-3.0809885267
CtrSVDD_0012_E_0010908,-3.9515522881
CtrSVDD_0013_E_0010909,0.8434165203
CtrSVDD_0014_E_0010910,-4.5903283521
CtrSVDD_0015_E_0010911,1.4235530574
CtrSVDD_0016_E_0010912,-4.7746363437
CtrSVDD_0017_E_0010913,-3.9746954796
CtrSVDD_0018_E_0010914,-3.4248193740
CtrSVDD_0019_E_0010915,-3.5815389396
CtrSVDD_0020_E_0010916,-2.8142652423
CtrSVDD_0021_E_0010917,-1.1197159605
CtrSVDD_0022_E_0010918,-6.9895091678
CtrSVDD_0023_E_0010919,-0.4819559153
CtrSVDD_0024_E_0010920,-1.1358623043
CtrSVDD_0025_E_0010921,-4.5329920795
CtrSVDD_0026_E_0010922,-0.7303797000
CtrSVDD_0027_E_0010923,-4.3288460709
CtrSVDD_0028_E_0010924,-3.6011580601
CtrSVDD_0029_E_0010925,0.7121820517
CtrSVDD_0030_E_0010926,-2.9265580514
CtrSVDD_0031_E_0010927,-0.8216566788
CtrSVDD_0032_E_0010928,-3.2642199290
CtrSVDD_0033_E_0010929,-4.0977478003
CtrSVDD_0034_E_0010930,1.4940631617
CtrSVDD_0035_E_0010931,-4.8765523963
CtrSVDD_0036_E_0010932,-3.7074965142
CtrSVDD_0037_E_0010933,-2.9036591082
CtrSVDD_0038_E_0010934,-1.9907449385
CtrSVDD_0039_E_0010935,-0.4677856855
CtrSVDD_0040_E_0010936,-1.0111193076
CtrSVDD_0041_E_0010937,-2.6796060118
CtrSVDD_0042_E_0010938,-5.0403490185
CtrSVDD_0043_E_0010939,-2.6008399732
CtrSVDD_0044_E_0010940,-2.7976186140
CtrSVDD_0045_E_0010941,-2.0430154053
CtrSVDD_0046_E_0010942,0.2230168364
CtrSVDD_0047_E_0010943,-3.0337439030
CtrSVDD_0000_E_0010944,-4.1608546078
CtrSVDD_0001_E_0010945,-3.6136814619
CtrSVDD_0002_E_0010946,-2.6746041861
CtrSVDD_0003_E_0010947,-1.2555934900
CtrSVDD_0004_E_0010948,-5.0956321483
CtrSVDD_0005_E_0010949,-5.4224300241
CtrSVDD_0006_E_0010950,-4.7551158458
CtrSVDD_0007_E_0010951,-0.7217891729
CtrSVDD_0008_E_0010952,1.3678331905
CtrSVDD_0009_E_0010953,-3.6056461074
CtrSVDD_0010_E_0010954,-2.4172221572
CtrSVDD_0011_E_0010955,-4.1237650115
CtrSVDD_0012_E_0010956,-5.0349798885
CtrSVDD_0013_E_0010957,-2.4240593413
CtrSVDD_0014_E_0010958,-1.6661341946
CtrSVDD_0015_E_0010959,-3.7881421241
CtrSVDD_0016_E_0010960,-1.4083908965
CtrSVDD_0017_E_0010961,-2.9528363479
CtrSVDD_0018_E_0010962,-2.2572007159
CtrSVDD_0019_E_0010963,-2.4792520805
CtrSVDD_0020_E_0010964,-0.4832668847
CtrSVDD_0021_E_0010965,-4.3232192945
CtrSVDD_0022_E_0010966,-2.2057791117
CtrSVDD_0023_E_0010967,-1.7343104690
CtrSVDD_0024_E_0010968,-4.3717057140
CtrSVDD_0025_E_0010969,-3.1244752327
CtrSVDD_0026_E_0010970,1.1443000935
CtrSVDD_0027_E_0010971,0.5277739351
CtrSVDD_0028_E_0010972,-3.7426411355
CtrSVDD_0029_E_0010973,-4.4605622254
CtrSVDD_0030_E_0010974,-3.5791753932
CtrSVDD_0031_E_0010975,-2.7003504222
CtrSVDD_0032_E_0010976,-4.2558268846
CtrSVDD_0033_E_0010977,-2.1533665161
CtrSVDD_0034_E_0010978,0.3207569319
CtrSVDD_0035_E_0010979,-4.0875330215
CtrSVDD_0036_E_0010980,-6.0249580555
CtrSVDD_0037_E_0010981,1.1681518079
CtrSVDD_0038_E_0010982,-1.7377502034
CtrSVDD_0039_E_0010983,-4.0416294432
CtrSVDD_0040_E_0010984,-3.9152537710
CtrSVDD_0041_E_0010985,-2.6766569226
CtrSVDD_0042_E_0010986,-0.2624574964
CtrSVDD_0043_E_0010987,-2.3335935983
CtrSVDD_0044_E_0010988,0.0449710331
CtrSVDD_0045_E_0010989,-3.4922850424
CtrSVDD_0046_E_0010990,-5.6743474199
CtrSVDD_0047_E_0010991,-0.6184597510
CtrSVDD_0000_E_0010992,-3.9449801969
CtrSVDD_0001_E_0010993,-4.6700136811
CtrSVDD_0002_E_0010994,-4.2277827458
CtrSVDD_0003_E_0010995,1.0449002015
CtrSVDD_0004_E_0010996,-3.3629668223
CtrSVDD_0005_E_0010997,-3.9323611255
CtrSVDD_0006_E_0010998,-0.1009143149
CtrSVDD_0007_E_0010999,-1.4005111666
CtrSVDD_0008_E_0011000,-2.7356987080
CtrSVDD_0009_E_0011001,-5.2154532239
CtrSVDD_0010_E_0011002,-0.7732196107
CtrSVDD_0011_E_0011003,-3.1131803751
CtrSVDD_0012_E_0011004,-3.4758793259
CtrSVDD_0013_E_0011005,-3.7976157160
CtrSVDD_0014_E_0011006,1.3751504013
CtrSVDD_0015_E_0011007,-3.9200990767
CtrSVDD_0016_E_0011008,-2.2463260706
CtrSVDD_0017_E_0011009,2.1507868402
CtrSVDD_0018_E_0011010,-3.4361928439
CtrSVDD_0019_E_0011011,-0.4197539913
CtrSVDD_0020_E_0011012,-3.2134819374
CtrSVDD_0021_E_0011013,0.0641267737
CtrSVDD_0022_E_0011014,-3.8003520137
CtrSVDD_0023_E_0011015,-3.2166413074
CtrSVDD_0024_E_0011016,-1.2476373734
CtrSVDD_0025_E_0011017,-1.1555413997
CtrSVDD_0026_E_0011018,-3.0189990099
CtrSVDD_0027_E_0011019,-2.6121468551
CtrSVDD_0028_E_0011020,-2.9137361553
CtrSVDD_0029_E_0011021,-3.2007215851
CtrSVDD_0030_E_0011022,-4.2625627779
CtrSVDD_0031_E_0011023,-3.1788522280
CtrSVDD_0032_E_0011024,-1.8148621491
CtrSVDD_0033_E_0011025,-4.4960325533
CtrSVDD_0034_E_0011026,0.2694599523
CtrSVDD_0035_E_0011027,-0.9382961436
CtrSVDD_0036_E_0011028,-2.7209413660
CtrSVDD_0037_E_0011029,-3.6814639147
CtrSVDD_0038_E_0011030,-2.7421621484
CtrSVDD_0039_E_0011031,-2.0604417565
CtrSVDD_0040_E_0011032,-4.0115775185
CtrSVDD_0041_E_0011033,-3.1719502587
CtrSVDD_0042_E_0011034,-0.2292966039
CtrSVDD_0043_E_0011035,-2.0324392528
CtrSVDD_0044_E_0011036,-0.4520573351
CtrSVDD_0045_E_0011037,-1.0791041162
CtrSVDD_0046_E_0011038,-1.0737737290
CtrSVDD_0047_E_0011039,-4.6966977516
CtrSVDD_0000_E_0011040,-2.0113668988
CtrSVDD_0001_E_0011041,-1.3090586535
CtrSVDD_0002_E_0011042,-1.4732797790
CtrSVDD_0003_E_0011043,-3.0906743320
CtrSVDD_0004_E_0011044,-4.5796135461
CtrSVDD_0005_E_0011045,-1.1669806307
CtrSVDD_0006_E_0011046,-2.5741934450
CtrSVDD_0007_E_0011047,-0.3758461852
CtrSVDD_0008_E_0011048,-4.2531812449
CtrSVDD_0009_E_0011049,-4.7207542499
CtrSVDD_0010_E_0011050,-2.3252535671
CtrSVDD_0011_E_0011051,-4.1588902599
CtrSVDD_0012_E_0011052,-0.3341302823
CtrSVDD_0013_E_0011053,-0.0580823470
CtrSVDD_0014_E_0011054,-2.7180851106
CtrSVDD_0015_E_0011055,-1.0969468137
CtrSVDD_0016_E_0011056,-4.3525022418
CtrSVDD_0017_E_0011057,-4.7938793415
CtrSVDD_0018_E_0011058,-3.4691389069
CtrSVDD_0019_E_0011059,-1.6408846176
CtrSVDD_0020_E_0011060,-1.6533344600
CtrSVDD_0021_E_0011061,-4.0950646938
CtrSVDD_0022_E_0011062,-2.7977991375
CtrSVDD_0023_E_0011063,0.3593837417
CtrSVDD_0024_E_0011064,1.4649441180
CtrSVDD_0025_E_0011065,0.2192556688
CtrSVDD_0026_E_0011066,-3.3614780989
CtrSVDD_0027_E_0011067,-5.3209423163
CtrSVDD_0028_E_0011068,-2.8852524332
CtrSVDD_0029_E_0011069,-3.7904230085
CtrSVDD_0030_E_0011070,0.9112471260
CtrSVDD_0031_E_0011071,2.4676109108
CtrSVDD_0032_E_0011072,-4.6396690811
CtrSVDD_0033_E_0011073,-4.3379055643
CtrSVDD_0034_E_0011074,-5.6376506652
CtrSVDD_0035_E_0011075,-2.5796250915
CtrSVDD_0036_E_0011076,-0.3743454506
CtrSVDD_0037_E_0011077,-2.0694208966
CtrSVDD_0038_E_0011078,-3.5274221984
CtrSVDD_0039_E_0011079,-3.2768282162
CtrSVDD_0040_E_0011080,1.8356715369
CtrSVDD_0041_E_0011081,-3.7364367865
CtrSVDD_0042_E_0011082,-0.6824132519
CtrSVDD_0043_E_0011083,-2.4749170291
CtrSVDD_0044_E_0011084,-3.6769388971
CtrSVDD_0045_E_0011085,-3.4599184688
CtrSVDD_0046_E_0011086,-0.6880139911
CtrSVDD_0047_E_0011087,-0.0417187612
CtrSVDD_0000_E_0011088,-4.4562328502
CtrSVDD_0001_E_0011089,-0.9188388538
CtrSVDD_0002_E_0011090,-1.7580152804
CtrSVDD_0003_E_0011091,-3.7824426089
CtrSVDD_0004_E_0011092,-3.4243175482
CtrSVDD_0005_E_0011093,-0.4816954322
CtrSVDD_0006_E_0011094,-2.3292845842
CtrSVDD_0007_E_0011095,0.5287151630
CtrSVDD_0008_E_0011096,-3.3599895538
CtrSVDD_0009_E_0011097,-0.2988336633
CtrSVDD_0010_E_0011098,-3.8782280379
CtrSVDD_0011_E_0011099,0.5197517581
CtrSVDD_0012_E_0011100,-0.4489609573
CtrSVDD_0013_E_0011101,2.8854035733
CtrSVDD_0014_E_0011102,-4.7257124028
CtrSVDD_0015_E_0011103,-1.4957957943
CtrSVDD_0016_E_0011104,-2.1374174821
CtrSVDD_0017_E_0011105,-2.9997317041
CtrSVDD_0018_E_0011106,0.8724137664
CtrSVDD_0019_E_0011107,-1.1099386687
CtrSVDD_0020_E_0011108,-3.3349905611
CtrSVDD_0021_E_0011109,-1.8943028337
CtrSVDD_0022_E_0011110,-3.8662882648
CtrSVDD_0023_E_0011111,3.0257847151
CtrSVDD_0024_E_0011112,-3.9960619445
CtrSVDD_0025_E_0011113,-3.4507186015
CtrSVDD_0026_E_0011114,-1.9145966763
CtrSVDD_0027_E_0011115,-4.4182491513
CtrSVDD_0028_E_0011116,-4.2562090725
CtrSVDD_0029_E_0011117,0.3549110233
CtrSVDD_0030_E_0011118,-2.1938907981
CtrSVDD_0031_E_0011119,-4.3342420141
CtrSVDD_0032_E_0011120,-4.7761230339
CtrSVDD_0033_E_0011121,-0.8226433668
CtrSVDD_0034_E_0011122,-1.2809229120
CtrSVDD_0035_E_0011123,-4.8740209070
CtrSVDD_0036_E_0011124,-4.4307389573
CtrSVDD_0037_E_0011125,-2.0539164184
CtrSVDD_0038_E_0011126,-2.2073119427
CtrSVDD_0039_E_0011127,-0.8944264796
CtrSVDD_0040_E_0011128,0.0664913965
CtrSVDD_0041_E_0011129,-4.7086134986
CtrSVDD_0042_E_0011130,-0.8324792949
CtrSVDD_0043_E_0011131,-3.6181598760
CtrSVDD_0044_E_0011132,-3.2826997030
CtrSVDD_0045_E_0011133,-3.5737351447
CtrSVDD_0046_E_0011134,-3.3793553633
CtrSVDD_0047_E_0011135,-3.4441437865
CtrSVDD_0000_E_0011136,-3.4969313452
CtrSVDD_0001_E_0011137,-2.7133084675
CtrSVDD_0002_E_0011138,0.6100137811
CtrSVDD_0003_E_0011139,-1.4983755865
CtrSVDD_0004_E_0011140,-5.1208253993
CtrSVDD_0005_E_0011141,-4.1593127979
CtrSVDD_0006_E_0011142,-3.4869082445
CtrSVDD_0007_E_0011143,-5.7978252551
CtrSVDD_0008_E_0011144,-4.8809511564
CtrSVDD_0009_E_0011145,-1.2462404470
CtrSVDD_0010_E_0011146,1.0847652160
CtrSVDD_0011_E_0011147,1.0787662039
CtrSVDD_0012_E_0011148,-4.4628116485
CtrSVDD_0013_E_0011149,-3.8661104414
CtrSVDD_0014_E_0011150,-3.2531947456
CtrSVDD_0015_E_0011151,-0.7906822025
CtrSVDD_0016_E_0011152,-2.5936563457
CtrSVDD_0017_E_0011153,-3.4142043674
CtrSVDD_0018_E_0011154,-0.7031786349
CtrSVDD_0019_E_0011155,-2.2213981697
CtrSVDD_0020_E_0011156,-4.3509109705
CtrSVDD_0021_E_0011157,-3.5069183537
CtrSVDD_0022_E_0011158,-4.3893193896
CtrSVDD_0023_E_0011159,-3.8633222091
CtrSVDD_0024_E_0011160,-3.7892824880
CtrSVDD_0025_E_0011161,-5.7379800003
CtrSVDD_0026_E_0011162,-3.8600214584
CtrSVDD_0027_E_0011163,-1.2890778981
CtrSVDD_0028_E_0011164,-5.2901406993
CtrSVDD_0029_E_0011165,-4.6167924726
CtrSVDD_0030_E_0011166,0.1170656426
CtrSVDD_0031_E_0011167,-4.9570051925
CtrSVDD_0032_E_0011168,-3.6620942690
CtrSVDD_0033_E_0011169,1.5787329597
CtrSVDD_0034_E_0011170,0.0764893032
CtrSVDD_0035_E_0011171,-4.8501741533
CtrSVDD_0036_E_0011172,-2.7295745118
CtrSVDD_0037_E_0011173,-2.4269442915
CtrSVDD_0038_E_0011174,0.0889401633
CtrSVDD_0039_E_0011175,0.5999356728
CtrSVDD_0040_E_0011176,-3.0486134267
CtrSVDD_0041_E_0011177,-1.4275210314
CtrSVDD_0042_E_0011178,-4.8457051228
CtrSVDD_0043_E_0011179,-1.9689109268
CtrSVDD_0044_E_0011180,-4.0965154565
CtrSVDD_0045_E_0011181,-2.3394530643
CtrSVDD_0046_E_0011182,0.5569421364
CtrSVDD_0047_E_0011183,-1.8005675747
CtrSVDD_0000_E_0011184,-1.0837857127
CtrSVDD_0001_E_0011185,-1.8440009735
CtrSVDD_0002_E_0011186,-6.5950274716
CtrSVDD_0003_E_0011187,-1.7552709944
CtrSVDD_0004_E_0011188,-3.2690031740
CtrSVDD_0005_E_0011189,-4.8901076173
CtrSVDD_0006_E_0011190,-4.2977885599
CtrSVDD_0007_E_0011191,0.2376594556
CtrSVDD_0008_E_0011192,-5.0759818093
CtrSVDD_0009_E_0011193,-5.3620500871
CtrSVDD_0010_E_0011194,-3.0977330784
CtrSVDD_0011_E_0011195,-3.4783806800
CtrSVDD_0012_E_0011196,-5.6792137110
CtrSVDD_0013_E_0011197,-3.6748017495
CtrSVDD_0014_E_0011198,-3.2056109430
CtrSVDD_0015_E_0011199,-1.7064653256
CtrSVDD_0016_E_0011200,-2.8388044689
CtrSVDD_0017_E_0011201,-1.1148143950
CtrSVDD_0018_E_0011202,-1.8420325171
CtrSVDD_0019_E_0011203,-3.7132718460
CtrSVDD_0020_E_0011204,-5.2996095646
CtrSVDD_0021_E_0011205,-4.9748451709
CtrSVDD_0022_E_0011206,1.7081333224
CtrSVDD_0023_E_0011207,0.4562320453
CtrSVDD_0024_E_0011208,0.1367904758
CtrSVDD_0025_E_0011209,-0.8099502840
CtrSVDD_0026_E_0011210,-2.8667493613
CtrSVDD_0027_E_0011211,-4.8496688766
CtrSVDD_0028_E_0011212,-2.5093091435
CtrSVDD_0029_E_0011213,-6.5626205697
CtrSVDD_0030_E_0011214,-3.1222766997
CtrSVDD_0031_E_0011215,-3.5205927542
CtrSVDD_0032_E_0011216,-3.0455830940
CtrSVDD_0033_E_0011217,-3.2894051531
CtrSVDD_0034_E_0011218,-5.2306121792
CtrSVDD_0035_E_0011219,-3.9346738761
CtrSVDD_0036_E_0011220,-2.9893858651
CtrSVDD_0037_E_0011221,-3.6891274416
CtrSVDD_0038_E_0011222,-5.7361471910
CtrSVDD_0039_E_0011223,-0.4229850705
CtrSVDD_0040_E_0011224,-3.0575068005
CtrSVDD_0041_E_0011225,-0.4576264840
CtrSVDD_0042_E_0011226,-0.9197548299
CtrSVDD_0043_E_0011227,-0.9436115430
CtrSVDD_0044_E_0011228,-2.2591531122
CtrSVDD_0045_E_0011229,-2.4875344268
CtrSVDD_0046_E_0011230,-5.4655835884
CtrSVDD_0047_E_0011231,0.5592791753
CtrSVDD_0000_E_0011232,1.5228742124
CtrSVDD_0001_E_0011233,-2.1193675053
CtrSVDD_0002_E_0011234,-1.3296206994
CtrSVDD_0003_E_0011235,-3.9407208418
CtrSVDD_0004_E_0011236,-4.5636042443
CtrSVDD_0005_E_0011237,2.2228238742
CtrSVDD_0006_E_0011238,-2.8912432498
CtrSVDD_0007_E_0011239,0.6948246815
CtrSVDD_0008_E_0011240,-2.6336066430
CtrSVDD_0009_E_0011241,-2.7835947530
CtrSVDD_0010_E_0011242,-2.3865902858
CtrSVDD_0011_E_0011243,-4.1778558520
CtrSVDD_0012_E_0011244,-2.8548324041
CtrSVDD_0013_E_0011245,-3.9360563775
CtrSVDD_0014_E_0011246,-3.8796365948
CtrSVDD_0015_E_0011247,-2.1336953362
CtrSVDD_0016_E_0011248,-2.8628961376
CtrSVDD_0017_E_0011249,-3.3149000857
CtrSVDD_0018_E_0011250,0.1353955945
CtrSVDD_0019_E_0011251,-2.9128641859
CtrSVDD_0020_E_0011252,0.8312954721
CtrSVDD_0021_E_0011253,0.5504201225
CtrSVDD_0022_E_0011254,-0.2389268615
CtrSVDD_0023_E_0011255,-3.4046411350
CtrSVDD_0024_E_0011256,-2.1317913145
CtrSVDD_0025_E_0011257,-4.7615605474
CtrSVDD_0026_E_0011258,-3.5529845891
CtrSVDD_0027_E_0011259,1.0733122116
CtrSVDD_0028_E_0011260,0.1567354423
CtrSVDD_0029_E_0011261,-3.2325165918
CtrSVDD_0030_E_0011262,-1.5541292191
CtrSVDD_0031_E_0011263,1.1626348657
CtrSVDD_0032_E_0011264,2.3716313507
CtrSVDD_0033_E_0011265,-4.0130389542
CtrSVDD_0034_E_0011266,-4.9453227154
CtrSVDD_0035_E_0011267,-4.9067290226
CtrSVDD_0036_E_0011268,0.5873772916
CtrSVDD_0037_E_0011269,-0.0174857423
CtrSVDD_0038_E_0011270,0.0318393905
CtrSVDD_0039_E_0011271,-0.6369910346
CtrSVDD_0040_E_0011272,0.7514573812
CtrSVDD_0041_E_0011273,-1.1003622301
CtrSVDD_0042_E_0011274,-2.8548714901
CtrSVDD_0043_E_0011275,-4.2744495739
CtrSVDD_0044_E_0011276,-4.1120028284
CtrSVDD_0045_E_0011277,-1.5796015067
CtrSVDD_0046_E_0011278,-3.3913806064
CtrSVDD_0047_E_0011279,-3.6684410998
CtrSVDD_0000_E_0011280,-1.3364352994
CtrSVDD_0001_E_0011281,-2.9412627855
CtrSVDD_0002_E_0011282,-0.0721000060
CtrSVDD_0003_E_0011283,-5.2927525570
CtrSVDD_0004_E_0011284,-3.6447094892
CtrSVDD_0005_E_0011285,-4.5752594756
CtrSVDD_0006_E_0011286,-3.1132621919
CtrSVDD_0007_E_0011287,-1.3163457089
CtrSVDD_0008_E_0011288,-2.7376340663
CtrSVDD_0009_E_0011289,-2.2570293530
CtrSVDD_0010_E_0011290,1.5738877915
CtrSVDD_0011_E_0011291,-3.4406978519
CtrSVDD_0012_E_0011292,-3.0632505032
CtrSVDD_0013_E_0011293,-2.3533358837
CtrSVDD_0014_E_0011294,-4.2355236647
CtrSVDD_0015_E_0011295,-1.5289613012
CtrSVDD_0016_E_0011296,-3.3050641150
CtrSVDD_0017_E_0011297,-2.4273768836
CtrSVDD_0018_E_0011298,0.3773477668
CtrSVDD_0019_E_0011299,-3.9999598441
CtrSVDD_0020_E_0011300,-2.9284526307
CtrSVDD_0021_E_0011301,-2.4209188625
CtrSVDD_0022_E_0011302,-0.9611126384
CtrSVDD_0023_E_0011303,-3.6242356384
CtrSVDD_0024_E_0011304,-4.2113247940
CtrSVDD_0025_E_0011305,-4.3952050978
CtrSVDD_0026_E_0011306,-1.7397845029
CtrSVDD_0027_E_0011307,-0.6897019756
CtrSVDD_0028_E_0011308,0.9544740278
CtrSVDD_0029_E_0011309,-3.4462220103
CtrSVDD_0030_E_0011310,-0.0566812540
CtrSVDD_0031_E_0011311,-2.1475921836
CtrSVDD_0032_E_0011312,-3.5182126394
CtrSVDD_0033_E_0011313,-3.5368581107
CtrSVDD_0034_E_0011314,-3.4886503351
CtrSVDD_0035_E_0011315,-1.8822742992
CtrSVDD_0036_E_0011316,-2.6136364461
CtrSVDD_0037_E_0011317,0.8594959304
CtrSVDD_0038_E_0011318,-3.1147858190
CtrSVDD_0039_E_0011319,0.4075640663
CtrSVDD_0040_E_0011320,-4.8222748750
CtrSVDD_0041_E_0011321,0.9558069603
CtrSVDD_0042_E_0011322,-4.4467177295
CtrSVDD_0043_E_0011323,-5.1236826300
CtrSVDD_0044_E_0011324,-0.3192700600
CtrSVDD_0045_E_0011325,-3.5091989260
CtrSVDD_0046_E_0011326,-2.0277589909
CtrSVDD_0047_E_0011327,-1.5751924943
CtrSVDD_0000_E_0011328,-4.0382548749
CtrSVDD_0001_E_0011329,-3.6577122360
CtrSVDD_0002_E_0011330,-4.2269512217
CtrSVDD_0003_E_0011331,-1.0347594811
CtrSVDD_0004_E_0011332,-5.6944393524
CtrSVDD_0005_E_0011333,-0.1707792806
CtrSVDD_0006_E_0011334,-4.7576200590
CtrSVDD_0007_E_0011335,-2.4047612230
CtrSVDD_0008_E_0011336,0.8216566788
CtrSVDD_0009_E_0011337,-2.3414129783
CtrSVDD_0010_E_0011338,-0.8700590012
CtrSVDD_0011_E_0011339,-4.6144808971
CtrSVDD_0012_E_0011340,-0.3544980719
CtrSVDD_0013_E_0011341,-3.7916291405
CtrSVDD_0014_E_0011342,-0.6100137811
CtrSVDD_0015_E_0011343,-2.9659932623
CtrSVDD_0016_E_0011344,-3.3013294077
CtrSVDD_0017_E_0011345,-3.1874470783
CtrSVDD_0018_E_0011346,-0.3984613015
CtrSVDD_0019_E_0011347,-1.9448657868
CtrSVDD_0020_E_0011348,-1.8844158215
CtrSVDD_0021_E_0011349,-2.7815534110
CtrSVDD_0022_E_0011350,-6.0953104622
CtrSVDD_0023_E_0011351,-2.9690892794
CtrSVDD_0024_E_0011352,-5.3251959890
CtrSVDD_0025_E_0011353,-4.0223627737
CtrSVDD_0026_E_0011354,0.8041385478
CtrSVDD_0027_E_0011355,-3.0920957936
CtrSVDD_0028_E_0011356,0.6806487851
CtrSVDD_0029_E_0011357,-0.0565893062
CtrSVDD_0030_E_0011358,-5.4919748967
CtrSVDD_0031_E_0011359,-2.1597685489
CtrSVDD_0032_E_0011360,-2.9716075513
CtrSVDD_0033_E_0011361,-6.0543601702
CtrSVDD_0034_E_0011362,-5.5233227835
CtrSVDD_0035_E_0011363,-0.9042278491
CtrSVDD_0036_E_0011364,-1.8342410632
CtrSVDD_0037_E_0011365,0.6736119784
CtrSVDD_0038_E_0011366,0.1058055829
CtrSVDD_0039_E_0011367,1.3745482730
CtrSVDD_0040_E_0011368,-5.0657112064
CtrSVDD_0041_E_0011369,-1.3399994132
CtrSVDD_0042_E_0011370,-3.1390040199
CtrSVDD_0043_E_0011371,-3.6227226885
CtrSVDD_0044_E_0011372,0.9972598582
CtrSVDD_0045_E_0011373,0.5849315401
CtrSVDD_0046_E_0011374,-1.7155403541
CtrSVDD_0047_E_0011375,-2.6229615430
CtrSVDD_0000_E_0011376,-4.9701614929
CtrSVDD_0001_E_0011377,-3.2307851767
CtrSVDD_0002_E_0011378,1.6687566719
CtrSVDD_0003_E_0011379,-3.9299921412
CtrSVDD_0004_E_0011380,-2.4761857472
CtrSVDD_0005_E_0011381,2.5225135470
CtrSVDD_0006_E_0011382,-2.9326665955
CtrSVDD_0007_E_0011383,-3.9265302718
CtrSVDD_0008_E_0011384,-5.6650850710
CtrSVDD_0009_E_0011385,-5.7364327418
CtrSVDD_0010_E_0011386,-1.6314007213
CtrSVDD_0011_E_0011387,-2.7306742750
CtrSVDD_0012_E_0011388,-4.2290060824
CtrSVDD_0013_E_0011389,0.2857806316
CtrSVDD_0014_E_0011390,-2.6724285595
CtrSVDD_0015_E_0011391,-3.0900481475
CtrSVDD_0016_E_0011392,-4.2099139152
CtrSVDD_0017_E_0011393,-4.2082178803
CtrSVDD_0018_E_0011394,-1.1915558082
CtrSVDD_0019_E_0011395,-3.6087923070
CtrSVDD_0020_E_0011396,-2.3166784112
CtrSVDD_0021_E_0011397,-1.5693257656
CtrSVDD_0022_E_0011398,-6.5848313234
CtrSVDD_0023_E_0011399,-3.9524211970
CtrSVDD_0024_E_0011400,-4.6705934964
CtrSVDD_0025_E_0011401,-3.8529411746
CtrSVDD_0026_E_0011402,-3.8306287954
CtrSVDD_0027_E_0011403,-2.5535985708
CtrSVDD_0028_E_0011404,-3.9786844818
CtrSVDD_0029_E_0011405,-4.1629237886
CtrSVDD_0030_E_0011406,-1.4908362835
CtrSVDD_0031_E_0011407,0.2552252796
CtrSVDD_0032_E_0011408,0.5293824378
CtrSVDD_0033_E_0011409,-4.7350306034
CtrSVDD_0034_E_0011410,-4.1034303644
CtrSVDD_0035_E_0011411,-2.8532006885
CtrSVDD_0036_E_0011412,0.5487932816
CtrSVDD_0037_E_0011413,-3.8499751188
CtrSVDD_0038_E_0011414,0.4442517141
CtrSVDD_0039_E_0011415,-4.7023900422
CtrSVDD_0040_E_0011416,1.1737045358
CtrSVDD_0041_E_0011417,-3.5912415931
CtrSVDD_0042_E_0011418,-3.5896456694
CtrSVDD_0043_E_0011419,-4.1362504379
CtrSVDD_0044_E_0011420,-3.7041234732
CtrSVDD_0045_E_0011421,1.2136317090
CtrSVDD_0046_E_0011422,-2.0479439896
CtrSVDD_0047_E_0011423,-4.7682861109
CtrSVDD_0000_E_0011424,-4.6946107446
CtrSVDD_0001_E_0011425,-2.1590568734
CtrSVDD_0002_E_0011426,-3.9262256417
CtrSVDD_0003_E_0011427,-3.2707084479
CtrSVDD_0004_E_0011428,0.0076934104
CtrSVDD_0005_E_0011429,-0.8236186951
CtrSVDD_0006_E_0011430,-4.0549475704
CtrSVDD_0007_E_0011431,-2.8618667105
CtrSVDD_0008_E_0011432,-4.1324980647
CtrSVDD_0009_E_0011433,-3.3907037131
CtrSVDD_0010_E_0011434,-5.1276141999
CtrSVDD_0011_E_0011435,-1.2049137313
CtrSVDD_0012_E_0011436,-4.0199628764
CtrSVDD_0013_E_0011437,-2.4631875953
CtrSVDD_0014_E_0011438,-2.6345724202
CtrSVDD_0015_E_0011439,-4.5861797980
CtrSVDD_0016_E_0011440,-0.2120971412
CtrSVDD_0017_E_0011441,-3.5819081738
CtrSVDD_0018_E_0011442,-3.9078241223
CtrSVDD_0019_E_0011443,-5.1545473424
CtrSVDD_0020_E_0011444,-2.7289968983
CtrSVDD_0021_E_0011445,-4.0061499217
CtrSVDD_0022_E_0011446,-0.7665953261
CtrSVDD_0023_E_0011447,-5.4626150765
CtrSVDD_0024_E_0011448,-4.5105678152
CtrSVDD_0025_E_0011449,-1.0408332767
CtrSVDD_0026_E_0011450,-3.9628804832
CtrSVDD_0027_E_0011451,-2.7247269158
CtrSVDD_0028_E_0011452,-3.5384075316
CtrSVDD_0029_E_0011453,-2.2420627686
CtrSVDD_0030_E_0011454,-3.5612519158
CtrSVDD_0031_E_0011455,-5.3969400737
CtrSVDD_0032_E_0011456,-4.6864024691
CtrSVDD_0033_E_0011457,-2.6430693794
CtrSVDD_0034_E_0011458,-2.1750757946
CtrSVDD_0035_E_0011459,-2.7754108071
CtrSVDD_0036_E_0011460,-2.7692399833
CtrSVDD_0037_E_0011461,-3.0613075036
CtrSVDD_0038_E_0011462,0.2379215198
CtrSVDD_0039_E_0011463,-3.6441426578
CtrSVDD_0040_E_0011464,-5.0165539072
CtrSVDD_0041_E_0011465,-4.3580090306
CtrSVDD_0042_E_0011466,-3.0031295619
CtrSVDD_0043_E_0011467,-2.8047833735
CtrSVDD_0044_E_0011468,-3.2070962853
CtrSVDD_0045_E_0011469,-4.6964162966
CtrSVDD_0046_E_0011470,-6.0290626692
CtrSVDD_0047_E_0011471,-2.4610766154
CtrSVDD_0000_E_0011472,-5.6680657925
CtrSVDD_0001_E_0011473,-1.4602352145
CtrSVDD_0002_E_0011474,-3.5057264233
CtrSVDD_0003_E_0011475,1.8135017802
CtrSVDD_0004_E_0011476,-1.1219040415
CtrSVDD_0005_E_0011477,-2.7672613773
CtrSVDD_0006_E_0011478,-3.9216298940
CtrSVDD_0007_E_0011479,-3.2560659038
CtrSVDD_0008_E_0011480,-4.4781684869
CtrSVDD_0009_E_0011481,-4.1101036506
CtrSVDD_0010_E_0011482,-6.1480575162
CtrSVDD_0011_E_0011483,-2.9647211373
CtrSVDD_0012_E_0011484,-2.4433635229
CtrSVDD_0013_E_0011485,-2.4190174401
CtrSVDD_0014_E_0011486,1.0056070009
CtrSVDD_0015_E_0011487,-1.1462925919
CtrSVDD_0016_E_0011488,-4.2945464016
CtrSVDD_0017_E_0011489,-4.0166354877
CtrSVDD_0018_E_0011490,1.2343409229
CtrSVDD_0019_E_0011491,-3.1356200588
CtrSVDD_0020_E_0011492,-3.4095538175
CtrSVDD_0021_E_0011493,-3.0096552230
CtrSVDD_0022_E_0011494,-3.6369777308
CtrSVDD_0023_E_0011495,0.4285489261
CtrSVDD_0024_E_0011496,-2.6595260151
CtrSVDD_0025_E_0011497,-3.6088573829
CtrSVDD_0026_E_0011498,-4.5504788589
CtrSVDD_0027_E_0011499,-4.5878267569
CtrSVDD_0028_E_0011500,-3.9040569364
CtrSVDD_0029_E_0011501,-2.2350630703
CtrSVDD_0030_E_0011502,-2.1582155268
CtrSVDD_0031_E_0011503,0.9881020363
CtrSVDD_0032_E_0011504,-4.6501848812
CtrSVDD_0033_E_0011505,-1.4228775213
CtrSVDD_0034_E_0011506,-6.1296529702
CtrSVDD_0035_E_0011507,0.1172257969
CtrSVDD_0036_E_0011508,-5.9529931852
CtrSVDD_0037_E_0011509,-2.7239569876
CtrSVDD_0038_E_0011510,-1.7757806128
CtrSVDD_0039_E_0011511,-4.0079904866
CtrSVDD_0040_E_0011512,0.1864134628
CtrSVDD_0041_E_0011513,0.2957155199
CtrSVDD_0042_E_0011514,-2.4191163900
CtrSVDD_0043_E_0011515,-3.4817883879
CtrSVDD_0044_E_0011516,-3.7523137009
CtrSVDD_0045_E_0011517,-5.5839656375
CtrSVDD_0046_E_0011518,-3.5597640551
CtrSVDD_0047_E_0011519,-1.8498031737
CtrSVDD_0000_E_0011520,-2.7851364793
CtrSVDD_0001_E_0011521,-2.3130352060
CtrSVDD_0002_E_0011522,-2.4019836365
CtrSVDD_0003_E_0011523,-4.0398377761
CtrSVDD_0004_E_0011524,-2.3496513089
CtrSVDD_0005_E_0011525,-1.7999672376
CtrSVDD_0006_E_0011526,0.2463750642
CtrSVDD_0007_E_0011527,-4.0693074671
CtrSVDD_0008_E_0011528,-2.1821440722
CtrSVDD_0009_E_0011529,-3.0423924546
CtrSVDD_0010_E_0011530,-3.1786547987
CtrSVDD_0011_E_0011531,-0.3924111291
CtrSVDD_0012_E_0011532,-2.7283605801
CtrSVDD_0013_E_0011533,-1.6916471566
CtrSVDD_0014_E_0011534,-3.4829325023
CtrSVDD_0015_E_0011535,-0.5553315002
CtrSVDD_0016_E_0011536,-4.3108682180
CtrSVDD_0017_E_0011537,-3.5023553188
CtrSVDD_0018_E_0011538,-2.5346402942
CtrSVDD_0019_E_0011539,-3.8874060518
CtrSVDD_0020_E_0011540,0.1481118923
CtrSVDD_0021_E_0011541,-3.5501539142
CtrSVDD_0022_E_0011542,-3.3084637299
CtrSVDD_0023_E_0011543,-2.0173776615
CtrSVDD_0024_E_0011544,-4.5845350069
CtrSVDD_0025_E_0011545,-2.9720343037
CtrSVDD_0026_E_0011546,-1.6705545624
CtrSVDD_0027_E_0011547,-4.6768731734
CtrSVDD_0028_E_0011548,-5.8227429660
CtrSVDD_0029_E_0011549,1.3573652672
CtrSVDD_0030_E_0011550,0.3237943289
CtrSVDD_0031_E_0011551,-2.7165872955
CtrSVDD_0032_E_0011552,-3.8885273376
CtrSVDD_0033_E_0011553,-3.7256276338
CtrSVDD_0034_E_0011554,-3.7449115575
CtrSVDD_0035_E_0011555,-0.0078225554
CtrSVDD_0036_E_0011556,-2.1115333574
CtrSVDD_0037_E_0011557,0.7196775615
CtrSVDD_0038_E_0011558,-1.8897986918
CtrSVDD_0039_E_0011559,-3.8086937123
CtrSVDD_0040_E_0011560,-1.8980137066
CtrSVDD_0041_E_0011561,-0.8861104068
CtrSVDD_0042_E_0011562,-4.3833366558
CtrSVDD_0043_E_0011563,-4.9848981303
CtrSVDD_0044_E_0011564,0.1551867330
CtrSVDD_0045_E_0011565,-0.3113433064
CtrSVDD_0046_E_0011566,-2.8356386163
CtrSVDD_0047_E_0011567,0.8923416778
CtrSVDD_0000_E_0011568,-1.4327610382
CtrSVDD_0001_E_0011569,-4.9930225394
CtrSVDD_0002_E_0011570,0.0527665082
CtrSVDD_0003_E_0011571,-4.4149818004
CtrSVDD_0004_E_0011572,0.2697034673
CtrSVDD_0005_E_0011573,1.0891042226
CtrSVDD_0006_E_0011574,-3.5208588625
CtrSVDD_0007_E_0011575,-3.5610684986
CtrSVDD_0008_E_0011576,-1.1517058579
CtrSVDD_0009_E_0011577,1.7310263173
CtrSVDD_0010_E_0011578,-3.8800595851
CtrSVDD_0011_E_0011579,-2.5234290757
CtrSVDD_0012_E_0011580,-1.2671381725
CtrSVDD_0013_E_0011581,-4.5479368353
CtrSVDD_0014_E_0011582,-4.1072242585
CtrSVDD_0015_E_0011583,-1.3859431077
CtrSVDD_0016_E_0011584,-1.3573652672
CtrSVDD_0017_E_0011585,-4.9653132128
CtrSVDD_0018_E_0011586,-3.7131598016
CtrSVDD_0019_E_0011587,-4.3769002670
CtrSVDD_0020_E_0011588,-3.5374584592
CtrSVDD_0021_E_0011589,-3.1665088598
CtrSVDD_0022_E_0011590,-1.6755150382
CtrSVDD_0023_E_0011591,-2.8806378281
CtrSVDD_0024_E_0011592,0.6983904682
CtrSVDD_0025_E_0011593,-0.7267542159
CtrSVDD_0026_E_0011594,-3.1701422946
CtrSVDD_0027_E_0011595,-4.4047297833
CtrSVDD_0028_E_0011596,-2.6051924980
CtrSVDD_0029_E_0011597,-2.2549020533
CtrSVDD_0030_E_0011598,2.0462009173
CtrSVDD_0031_E_0011599,-2.9675486870
CtrSVDD_0032_E_0011600,-3.6328342915
CtrSVDD_0033_E_0011601,-5.4704010071
CtrSVDD_0034_E_0011602,-2.8000120156
CtrSVDD_0035_E_0011603,-3.3132042933
CtrSVDD_0036_E_0011604,-0.7335802720
CtrSVDD_0037_E_0011605,-4.3068149766
CtrSVDD_0038_E_0011606,-2.5146776611
CtrSVDD_0039_E_0011607,-4.5382594652
CtrSVDD_0040_E_0011608,-3.8487057479
CtrSVDD_0041_E_0011609,-0.1523558843
CtrSVDD_0042_E_0011610,-3.8259492120
CtrSVDD_0043_E_0011611,-2.9730717478
CtrSVDD_0044_E_0011612,0.3980173507
CtrSVDD_0045_E_0011613,-0.9091304899
CtrSVDD_0046_E_0011614,-3.4422001852
CtrSVDD_0047_E_0011615,-0.5101690464
CtrSVDD_0000_E_0011616,-2.9875303467
CtrSVDD_0001_E_0011617,0.0244812369
CtrSVDD_0002_E_0011618,0.6371985290
CtrSVDD_0003_E_0011619,0.9722721429
CtrSVDD_0004_E_0011620,-4.5191117948
CtrSVDD_0005_E_0011621,0.2784173997
CtrSVDD_0006_E_0011622,-1.2842653081
CtrSVDD_0007_E_0011623,-4.7606859639
CtrSVDD_0008_E_0011624,-1.8005081609
CtrSVDD_0009_E_0011625,-4.6804535722
CtrSVDD_0010_E_0011626,-0.1592248630
CtrSVDD_0011_E_0011627,-5.8954884559
CtrSVDD_0012_E_0011628,-4.1408576772
CtrSVDD_0013_E_0011629,-5.5434145409
CtrSVDD_0014_E_0011630,-0.6388488703
CtrSVDD_0015_E_0011631,-4.6577184239
CtrSVDD_0016_E_0011632,-4.5924959574
CtrSVDD_0017_E_0011633,0.2063781519
CtrSVDD_0018_E_0011634,-6.0635389028
CtrSVDD_0019_E_0011635,-0.5302928139
CtrSVDD_0020_E_0011636,-0.9478772177
CtrSVDD_0021_E_0011637,-2.6239878024
CtrSVDD_0022_E_0011638,-1.5898021892
CtrSVDD_0023_E_0011639,-2.2361522920
CtrSVDD_0024_E_0011640,-1.7604621365
CtrSVDD_0025_E_0011641,0.2129706831
CtrSVDD_0026_E_0011642,0.6544299850
CtrSVDD_0027_E_0011643,-4.3001688876
CtrSVDD_0028_E_0011644,-5.4498052474
CtrSVDD_0029_E_0011645,-0.5096618997
CtrSVDD_0030_E_0011646,-2.8605229342
CtrSVDD_0031_E_0011647,-2.9825693162
CtrSVDD_0032_E_0011648,-0.3848685318
CtrSVDD_0033_E_0011649,-3.7596476405
CtrSVDD_0034_E_0011650,0.2494491207
CtrSVDD_0035_E_0011651,-2.1036382302
CtrSVDD_0036_E_0011652,-3.0470767113
CtrSVDD_0037_E_0011653,-1.5096279205
CtrSVDD_0038_E_0011654,-5.2254813360
CtrSVDD_0039_E_0011655,-3.3838292711
CtrSVDD_0040_E_0011656,0.3149624314
CtrSVDD_0041_E_0011657,-4.9520100744
CtrSVDD_0042_E_0011658,-3.7935830060
CtrSVDD_0043_E_0011659,-3.7562201358
CtrSVDD_0044_E_0011660,-3.2501333971
CtrSVDD_0045_E_0011661,-4.2900080584
CtrSVDD_0046_E_0011662,-4.0151366621
CtrSVDD_0047_E_0011663,-1.4750559984
CtrSVDD_0000_E_0011664,1.6182838953
CtrSVDD_0001_E_0011665,0.5915835914
CtrSVDD_0002_E_0011666,-3.4300904003
CtrSVDD_0003_E_0011667,-2.0278366756
CtrSVDD_0004_E_0011668,-4.0668788123
CtrSVDD_0005_E_0011669,-4.4222651833
CtrSVDD_0006_E_0011670,1.6983121722
CtrSVDD_0007_E_0011671,-4.0224710090
CtrSVDD_0008_E_0011672,-4.1943476485
CtrSVDD_0009_E_0011673,2.9500190302
CtrSVDD_0010_E_0011674,-2.4202438555
CtrSVDD_0011_E_0011675,1.2895037781
CtrSVDD_0012_E_0011676,0.1198829224
CtrSVDD_0013_E_0011677,-0.3489584066
CtrSVDD_0014_E_0011678,1.4881218960
CtrSVDD_0015_E_0011679,-5.7313203373
CtrSVDD_0016_E_0011680,-1.4262794370
CtrSVDD_0017_E_0011681,-3.2009171483
CtrSVDD_0018_E_0011682,-3.4963309967
CtrSVDD_0019_E_0011683,-1.0018702764
CtrSVDD_0020_E_0011684,-5.9125535439
CtrSVDD_0021_E_0011685,-4.3733993210
CtrSVDD_0022_E_0011686,-3.8203075184
CtrSVDD_0023_E_0011687,-1.5435586336
CtrSVDD_0024_E_0011688,-4.1501788196
CtrSVDD_0025_E_0011689,-5.0704142320
CtrSVDD_0026_E_0011690,-5.9255953270
CtrSVDD_0027_E_0011691,-1.8895289275
CtrSVDD_0028_E_0011692,-5.3072379143
CtrSVDD_0029_E_0011693,-2.8563106087
CtrSVDD_0030_E_0011694,-3.0554630344
CtrSVDD_0031_E_0011695,-0.3370899316
CtrSVDD_0032_E_0011696,-1.0939075304
CtrSVDD_0033_E_0011697,-4.0381251584
CtrSVDD_0034_E_0011698,-2.8450737032
CtrSVDD_0035_E_0011699,-3.6414268820
CtrSVDD_0036_E_0011700,0.6613770568
CtrSVDD_0037_E_0011701,-0.7798352129
CtrSVDD_0038_E_0011702,0.7945121794
CtrSVDD_0039_E_0011703,-2.0741448544
CtrSVDD_0040_E_0011704,-3.2323320910
CtrSVDD_0041_E_0011705,-3.0793895460
CtrSVDD_0042_E_0011706,-3.1612018442
CtrSVDD_0043_E_0011707,-4.7596434112
CtrSVDD_0044_E_0011708,-3.4897933631
CtrSVDD_0045_E_0011709,-3.6039932080
CtrSVDD_0046_E_0011710,-4.2771250206
CtrSVDD_0047_E_0011711,0.1424492995
CtrSVDD_0000_E_0011712,-1.1327118112
CtrSVDD_0001_E_0011713,-4.0572285380
CtrSVDD_0002_E_0011714,-2.7222744035
CtrSVDD_0003_E_0011715,-0.1750388497
CtrSVDD_0004_E_0011716,-4.1347244440
CtrSVDD_0005_E_0011717,0.3282197238
CtrSVDD_0006_E_0011718,-2.4202522309
CtrSVDD_0007_E_0011719,-0.5849315401
CtrSVDD_0008_E_0011720,1.0199518867
CtrSVDD_0009_E_0011721,0.3758461852
CtrSVDD_0010_E_0011722,-3.4035668292
CtrSVDD_0011_E_0011723,2.4307654601
CtrSVDD_0012_E_0011724,-4.1932776337
CtrSVDD_0013_E_0011725,0.5670647677
CtrSVDD_0014_E_0011726,-3.2721550769
CtrSVDD_0015_E_0011727,2.8055985918
CtrSVDD_0016_E_0011728,-1.5299229098
CtrSVDD_0017_E_0011729,-1.7007926075
CtrSVDD_0018_E_0011730,-3.7510897528
CtrSVDD_0019_E_0011731,-3.6876261013
CtrSVDD_0020_E_0011732,-1.1530979620
CtrSVDD_0021_E_0011733,-3.4347042156
CtrSVDD_0022_E_0011734,-2.8753951298
CtrSVDD_0023_E_0011735,-4.5846723077
CtrSVDD_0024_E_0011736,0.1311617906
CtrSVDD_0025_E_0011737,-5.1606424146
CtrSVDD_0026_E_0011738,-4.5643670780
CtrSVDD_0027_E_0011739,-4.0859593399
CtrSVDD_0028_E_0011740,-3.8473913359
CtrSVDD_0029_E_0011741,-2.2442117385
CtrSVDD_0030_E_0011742,-4.4925077477
CtrSVDD_0031_E_0011743,0.6016111041
CtrSVDD_0032_E_0011744,-2.8468115545
CtrSVDD_0033_E_0011745,-0.2221222082
CtrSVDD_0034_E_0011746,-1.1882738498
CtrSVDD_0035_E_0011747,-1.6294901687
CtrSVDD_0036_E_0011748,-4.1679107678
CtrSVDD_0037_E_0011749,-4.7676968310
CtrSVDD_0038_E_0011750,-3.0499635771
CtrSVDD_0039_E_0011751,-3.6763941040
CtrSVDD_0040_E_0011752,-1.2096244766
CtrSVDD_0041_E_0011753,-3.8441814614
CtrSVDD_0042_E_0011754,-4.1516128347
CtrSVDD_0043_E_0011755,-0.9459648212
CtrSVDD_0044_E_0011756,-3.0767806323
CtrSVDD_0045_E_0011757,-0.7290684029
CtrSVDD_0046_E_0011758,-0.9631861211
CtrSVDD_0047_E_0011759,-2.4915436535
CtrSVDD_0000_E_0011760,-1.6448297837
CtrSVDD_0001_E_0011761,-0.0510779670
CtrSVDD_0002_E_0011762,-3.6104644491
CtrSVDD_0003_E_0011763,-3.7870019156
CtrSVDD_0004_E_0011764,-2.1810361237
CtrSVDD_0005_E_0011765,-1.4066581042
CtrSVDD_0006_E_0011766,-4.4684448486
CtrSVDD_0007_E_0011767,-2.5535660875
CtrSVDD_0008_E_0011768,-6.9806999432
CtrSVDD_0009_E_0011769,-5.0074342827
CtrSVDD_0010_E_0011770,-5.4643161490
CtrSVDD_0011_E_0011771,-0.7254239831
CtrSVDD_0012_E_0011772,-5.1809785456
CtrSVDD_0013_E_0011773,-4.7045061785
CtrSVDD_0014_E_0011774,-1.3728729196
CtrSVDD_0015_E_0011775,-1.3213227981
CtrSVDD_0016_E_0011776,-0.9240337388
CtrSVDD_0017_E_0011777,-4.3488411558
CtrSVDD_0018_E_0011778,-1.3144709265
CtrSVDD_0019_E_0011779,-2.3081187294
CtrSVDD_0020_E_0011780,-1.3876639433
CtrSVDD_0021_E_0011781,-5.7625833561
CtrSVDD_0022_E_0011782,-5.0539007346
CtrSVDD_0023_E_0011783,-4.9828030369
CtrSVDD_0024_E_0011784,-3.1430869366
CtrSVDD_0025_E_0011785,-4.2171662317
CtrSVDD_0026_E_0011786,-2.5425043957
CtrSVDD_0027_E_0011787,1.3151769909
CtrSVDD_0028_E_0011788,-3.6907656842
CtrSVDD_0029_E_0011789,1.6508347544
CtrSVDD_0030_E_0011790,-3.8359977271
CtrSVDD_0031_E_0011791,-0.8454144771
CtrSVDD_0032_E_0011792,-4.2246701722
CtrSVDD_0033_E_0011793,-3.5254914199
CtrSVDD_0034_E_0011794,-3.1499151904
CtrSVDD_0035_E_0011795,0.6771261906
CtrSVDD_0036_E_0011796,-4.9000552858
CtrSVDD_0037_E_0011797,0.5766526762
CtrSVDD_0038_E_0011798,-3.2205481138
CtrSVDD_0039_E_0011799,-0.3534216980
CtrSVDD_0040_E_0011800,-3.8075505066
CtrSVDD_0041_E_0011801,-3.3281680507
CtrSVDD_0042_E_0011802,0.5133580378
CtrSVDD_0043_E_0011803,-4.9475584597
CtrSVDD_0044_E_0011804,-2.2178139368
CtrSVDD_0045_E_0011805,-0.6133869154
CtrSVDD_0046_E_0011806,-0.6059908776
CtrSVDD_0047_E_0011807,-5.5711910664
CtrSVDD_0000_E_0011808,-4.2603963057
CtrSVDD_0001_E_0011809,-2.5870630953
CtrSVDD_0002_E_0011810,-2.5797274936
CtrSVDD_0003_E_0011811,-4.2811454115
CtrSVDD_0004_E_0011812,-1.2144619416
CtrSVDD_0005_E_0011813,-3.0137133605
CtrSVDD_0006_E_0011814,-4.8357161098
CtrSVDD_0007_E_0011815,0.0861318474
CtrSVDD_0008_E_0011816,-1.1089973886
CtrSVDD_0009_E_0011817,-3.6995706064
CtrSVDD_0010_E_0011818,-2.6642411648
CtrSVDD_0011_E_0011819,-0.0893990175
CtrSVDD_0012_E_0011820,0.4090844621
CtrSVDD_0013_E_0011821,-4.2579493771
CtrSVDD_0014_E_0011822,-3.8100338199
CtrSVDD_0015_E_0011823,-2.9179092112
CtrSVDD_0016_E_0011824,-4.2753123481
CtrSVDD_0017_E_0011825,-3.6460708912
CtrSVDD_0018_E_0011826,-1.0095019559
CtrSVDD_0019_E_0011827,-3.7965540411
CtrSVDD_0020_E_0011828,-0.7400603223
CtrSVDD_0021_E_0011829,-0.4212820896
CtrSVDD_0022_E_0011830,-0.8676194803
CtrSVDD_0023_E_0011831,-4.3876964278
CtrSVDD_0024_E_0011832,-2.5649071468
CtrSVDD_0025_E_0011833,-0.4489873182
CtrSVDD_0026_E_0011834,-1.9380625193
CtrSVDD_0027_E_0011835,-4.2826731891
CtrSVDD_0028_E_0011836,-4.3495155651
CtrSVDD_0029_E_0011837,0.2470862753
CtrSVDD_0030_E_0011838,-2.3841983679
CtrSVDD_0031_E_0011839,-1.9758876033
CtrSVDD_0032_E_0011840,-0.4660453558
CtrSVDD_0033_E_0011841,-0.2319715702
CtrSVDD_0034_E_0011842,-3.6510197357
CtrSVDD_0035_E_0011843,-4.5443072757
CtrSVDD_0036_E_0011844,-4.1133264803
CtrSVDD_0037_E_0011845,-2.9345103979
CtrSVDD_0038_E_0011846,-4.0893450033
CtrSVDD_0039_E_0011847,-1.9734731489
CtrSVDD_0040_E_0011848,-3.4072008435
CtrSVDD_0041_E_0011849,-2.7036143048
CtrSVDD_0042_E_0011850,-1.9465747834
CtrSVDD_0043_E_0011851,-1.2775831392
CtrSVDD_0044_E_0011852,0.6440681386
CtrSVDD_0045_E_0011853,-2.8956828328
CtrSVDD_0046_E_0011854,-3.8392074985
CtrSVDD_0047_E_0011855,-2.4414595875
CtrSVDD_0000_E_0011856,-2.1810593359
CtrSVDD_0001_E_0011857,-1.2586761719
CtrSVDD_0002_E_0011858,-2.9215598049
CtrSVDD_0003_E_0011859,-3.1348656358
CtrSVDD_0004_E_0011860,-4.9442313720
CtrSVDD_0005_E_0011861,-4.9869066712
CtrSVDD_0006_E_0011862,-1.1588079864
CtrSVDD_0007_E_0011863,-4.9802624876
CtrSVDD_0008_E_0011864,-0.9204612768
CtrSVDD_0009_E_0011865,-0.6817264225
CtrSVDD_0010_E_0011866,1.3163457089
CtrSVDD_0011_E_0011867,-3.1586983108
CtrSVDD_0012_E_0011868,0.3159210394
CtrSVDD_0013_E_0011869,-4.0895104742
CtrSVDD_0014_E_0011870,-1.0418432864
CtrSVDD_0015_E_0011871,-5.9665801423
CtrSVDD_0016_E_0011872,-4.6382931038
CtrSVDD_0017_E_0011873,-1.6048261023
CtrSVDD_0018_E_0011874,-2.4507908870
CtrSVDD_0019_E_0011875,2.4943787497
CtrSVDD_0020_E_0011876,-4.4325212143
CtrSVDD_0021_E_0011877,-2.7866891775
CtrSVDD_0022_E_0011878,-1.9988095674
CtrSVDD_0023_E_0011879,1.5544859921
CtrSVDD_0024_E_0011880,-0.1636868392
CtrSVDD_0025_E_0011881,-4.7520094702
CtrSVDD_0026_E_0011882,-2.3405684564
CtrSVDD_0027_E_0011883,-6.8922137342
CtrSVDD_0028_E_0011884,-3.5228832505
CtrSVDD_0029_E_0011885,-3.2004023014
CtrSVDD_0030_E_0011886,-5.3109060349
CtrSVDD_0031_E_0011887,-3.4354129605
CtrSVDD_0032_E_0011888,1.4224698930
CtrSVDD_0033_E_0011889,-5.2442391040
CtrSVDD_0034_E_0011890,-3.5249371467
CtrSVDD_0035_E_0011891,-6.2085898478
CtrSVDD_0036_E_0011892,-4.0466167493
CtrSVDD_0037_E_0011893,-1.8063322029
CtrSVDD_0038_E_0011894,-2.7754961278
CtrSVDD_0039_E_0011895,-2.6402815743
CtrSVDD_0040_E_0011896,-4.9722105037
CtrSVDD_0041_E_0011897,-3.6384120410
CtrSVDD_0042_E_0011898,-2.6204459416
CtrSVDD_0043_E_0011899,-2.8395638105
CtrSVDD_0044_E_0011900,-0.4884676583
CtrSVDD_0045_E_0011901,-2.0998299627
CtrSVDD_0046_E_0011902,-3.9464019035
CtrSVDD_0047_E_0011903,-0.6509682782
CtrSVDD_0000_E_0011904,0.0791139796
CtrSVDD_0001_E_0011905,-0.7145479891
CtrSVDD_0002_E_0011906,-4.2913313106
CtrSVDD_0003_E_0011907,-2.9363521331
CtrSVDD_0004_E_0011908,-3.3060872760
CtrSVDD_0005_E_0011909,-3.7116579707
CtrSVDD_0006_E_0011910,-4.7303920339
CtrSVDD_0007_E_0011911,-3.4416177066
CtrSVDD_0008_E_0011912,-0.2339135217
CtrSVDD_0009_E_0011913,-2.0694437537
CtrSVDD_0010_E_0011914,-2.5646183200
CtrSVDD_0011_E_0011915,-1.4538229819
CtrSVDD_0012_E_0011916,-3.1398369932
CtrSVDD_0013_E_0011917,-4.0219274953
CtrSVDD_0014_E_0011918,-1.7423488212
CtrSVDD_0015_E_0011919,-3.9256518989
CtrSVDD_0016_E_0011920,-3.4850983133
CtrSVDD_0017_E_0011921,-1.1490122925
CtrSVDD_0018_E_0011922,-4.3705713057
CtrSVDD_0019_E_0011923,-1.8328750536
CtrSVDD_0020_E_0011924,-0.0636926451
CtrSVDD_0021_E_0011925,-4.0874757629
CtrSVDD_0022_E_0011926,-4.5251194886
CtrSVDD_0023_E_0011927,-2.6324936612
CtrSVDD_0024_E_0011928,-3.8491900121
CtrSVDD_0025_E_0011929,0.0650895778
CtrSVDD_0026_E_0011930,-1.8195794046
CtrSVDD_0027_E_0011931,-0.1594353462
CtrSVDD_0028_E_0011932,-3.7146029722
CtrSVDD_0029_E_0011933,-3.5239987637
CtrSVDD_0030_E_0011934,-3.3096513428
CtrSVDD_0031_E_0011935,0.5229565873
CtrSVDD_0032_E_0011936,-0.4895646950
CtrSVDD_0033_E_0011937,-2.1375605406
CtrSVDD_0034_E_0011938,-4.2058492242
CtrSVDD_0035_E_0011939,-5.2339306231
CtrSVDD_0036_E_0011940,-4.0105344666
CtrSVDD_0037_E_0011941,-2.3798467501
CtrSVDD_0038_E_0011942,-4.7770251528
CtrSVDD_0039_E_0011943,-0.5868840310
CtrSVDD_0040_E_0011944,-1.9889629274
CtrSVDD_0041_E_0011945,-2.1884298844
CtrSVDD_0042_E_0011946,-2.9235115123
CtrSVDD_0043_E_0011947,-2.3213131040
CtrSVDD_0044_E_0011948,-3.6651556175
CtrSVDD_0045_E_0011949,1.2455108566
CtrSVDD_0046_E_0011950,-4.1792034827
CtrSVDD_0047_E_0011951,-3.0783906310
CtrSVDD_0000_E_0011952,0.7355604574
CtrSVDD_0001_E_0011953,3.7543430350
CtrSVDD_0002_E_0011954,-5.7008270730
CtrSVDD_0003_E_0011955,-3.6330661847
CtrSVDD_0004_E_0011956,-4.8217511060
CtrSVDD_0005_E_0011957,-3.9551779910
CtrSVDD_0006_E_0011958,-1.2014120770
CtrSVDD_0007_E_0011959,-1.7581780947
CtrSVDD_0008_E_0011960,-2.0586356990
CtrSVDD_0009_E_0011961,-3.5056407678
CtrSVDD_0010_E_0011962,-3.8276210466
CtrSVDD_0011_E_0011963,-1.3458056647
CtrSVDD_0012_E_0011964,-3.9015646496
CtrSVDD_0013_E_0011965,-5.2853431593
CtrSVDD_0014_E_0011966,-4.0757252041
CtrSVDD_0015_E_0011967,-3.0561941816
CtrSVDD_0016_E_0011968,0.5717042991
CtrSVDD_0017_E_0011969,1.8250805106
CtrSVDD_0018_E_0011970,-3.5512892842
CtrSVDD_0019_E_0011971,-5.9726146271
CtrSVDD_0020_E_0011972,-2.7965605172
CtrSVDD_0021_E_0011973,-0.1482053846
CtrSVDD_0022_E_0011974,-0.6710908874
CtrSVDD_0023_E_0011975,-4.8538645168
CtrSVDD_0024_E_0011976,-5.2848339429
CtrSVDD_0025_E_0011977,-1.7965274137
CtrSVDD_0026_E_0011978,-3.8998047673
CtrSVDD_0027_E_0011979,0.3311735569
CtrSVDD_0028_E_0011980,-4.1074328960
CtrSVDD_0029_E_0011981,-2.4317266400
CtrSVDD_0030_E_0011982,-2.9286196211
CtrSVDD_0031_E_0011983,-2.7944262674
CtrSVDD_0032_E_0011984,-4.1447302925
CtrSVDD_0033_E_0011985,-3.8443292692
CtrSVDD_0034_E_0011986,-5.0165669208
CtrSVDD_0035_E_0011987,-3.5937790374
CtrSVDD_0036_E_0011988,-5.8013887543
CtrSVDD_0037_E_0011989,-2.8376025450
CtrSVDD_0038_E_0011990,-3.6921291507
CtrSVDD_0039_E_0011991,-2.9309726370
CtrSVDD_0040_E_0011992,-3.2545828154
CtrSVDD_0041_E_0011993,-3.7699655506
CtrSVDD_0042_E_0011994,-4.1450289242
CtrSVDD_0043_E_0011995,-1.0510977934
CtrSVDD_0044_E_0011996,-5.8790798385
CtrSVDD_0045_E_0011997,-1.7519744164
CtrSVDD_0046_E_0011998,-5.1610379702
CtrSVDD_0047_E_0011999,1.0485671766
CtrSVDD_0000_E_0012000,-4.0756527278
CtrSVDD_0001_E_0012001,-4.4903503000
CtrSVDD_0002_E_0012002,-1.2679967613
CtrSVDD_0003_E_0012003,-3.8206286230
CtrSVDD_0004_E_0012004,-2.2383806488
CtrSVDD_0005_E_0012005,-1.9335633468
CtrSVDD_0006_E_0012006,-4.6919668704
CtrSVDD_0007_E_0012007,-4.4027498750
CtrSVDD_0008_E_0012008,-2.0387366183
CtrSVDD_0009_E_0012009,-1.8712017668
CtrSVDD_0010_E_0012010,-3.0483000775
CtrSVDD_0011_E_0012011,-0.6981304865
CtrSVDD_0012_E_0012012,-4.0259590474
CtrSVDD_0013_E_0012013,-3.3664392258
CtrSVDD_0014_E_0012014,-2.8189762762
CtrSVDD_0015_E_0012015,-4.2530373671
CtrSVDD_0016_E_0012016,-5.8979271516
CtrSVDD_0017_E_0012017,-2.3068618512
CtrSVDD_0018_E_0012018,-3.4677939208
CtrSVDD_0019_E_0012019,-0.1614182420
CtrSVDD_0020_E_0012020,0.2598050514
CtrSVDD_0021_E_0012021,-3.2229919991
CtrSVDD_0022_E_0012022,0.8022073322
CtrSVDD_0023_E_0012023,-3.8857851760
CtrSVDD_0024_E_0012024,-3.1639639744
CtrSVDD_0025_E_0012025,-5.5281790506
CtrSVDD_0026_E_0012026,-0.6540856901
CtrSVDD_0027_E_0012027,-1.8582934426
CtrSVDD_0028_E_0012028,1.4713997696
CtrSVDD_0029_E_0012029,-1.5144083510
CtrSVDD_0030_E_0012030,-5.8400177853
CtrSVDD_0031_E_0012031,0.2900690762
CtrSVDD_0032_E_0012032,-0.5886263241
CtrSVDD_0033_E_0012033,0.5390624707
CtrSVDD_0034_E_0012034,-0.8514287083
CtrSVDD_0035_E_0012035,-3.3974783493
CtrSVDD_0036_E_0012036,-1.2774288271
CtrSVDD_0037_E_0012037,0.9413214015
CtrSVDD_0038_E_0012038,-4.7473408081
CtrSVDD_0039_E_0012039,-3.7813031575
CtrSVDD_0040_E_0012040,-3.7108942817
CtrSVDD_0041_E_0012041,-4.2838305264
CtrSVDD_0042_E_0012042,-2.7440642576
CtrSVDD_0043_E_0012043,-4.3829400710
CtrSVDD_0044_E_0012044,-2.0911331631
CtrSVDD_0045_E_0012045,-1.0611748288
CtrSVDD_0046_E_0012046,-2.0519617377
CtrSVDD_0047_E_0012047,-2.8667614308
CtrSVDD_0000_E_0012048,-2.2669858465
CtrSVDD_0001_E_0012049,-4.5044712429
CtrSVDD_0002_E_0012050,-1.7822267961
CtrSVDD_0003_E_0012051,-1.6468093497
CtrSVDD_0004_E_0012052,-2.7791666615
CtrSVDD_0005_E_0012053,-3.0731914306
CtrSVDD_0006_E_0012054,-2.1246874692
CtrSVDD_0007_E_0012055,2.9899557576
CtrSVDD_0008_E_0012056,-4.0496918674
CtrSVDD_0009_E_0012057,-0.0707556754
CtrSVDD_0010_E_0012058,-1.5823323978
CtrSVDD_0011_E_0012059,-4.1652185138
CtrSVDD_0012_E_0012060,-2.5592969199
CtrSVDD_0013_E_0012061,-4.5958560904
CtrSVDD_0014_E_0012062,-1.8183362320
CtrSVDD_0015_E_0012063,-1.8063061245
CtrSVDD_0016_E_0012064,-2.2822184199
CtrSVDD_0017_E_0012065,-5.0714038672
CtrSVDD_0018_E_0012066,2.0576833914
CtrSVDD_0019_E_0012067,-0.8814619251
CtrSVDD_0020_E_0012068,-0.6146344947
CtrSVDD_0021_E_0012069,-3.9385057517
CtrSVDD_0022_E_0012070,-5.1424789034
CtrSVDD_0023_E_0012071,0.7412605675
CtrSVDD_0024_E_0012072,-5.2077355707
CtrSVDD_0025_E_0012073,-3.6665715163
CtrSVDD_0026_E_0012074,-1.4205496781
CtrSVDD_0027_E_0012075,-0.3179036343
CtrSVDD_0028_E_0012076,-3.8366485457
CtrSVDD_0029_E_0012077,-4.7868086124
CtrSVDD_0030_E_0012078,-0.1745065736
CtrSVDD_0031_E_0012079,0.1778803231
CtrSVDD_0032_E_0012080,-3.1793165599
CtrSVDD_0033_E_0012081,-2.7758400788
CtrSVDD_0034_E_0012082,-2.2170570424
CtrSVDD_0035_E_0012083,-4.3824046014
CtrSVDD_0036_E_0012084,-5.1188873930
CtrSVDD_0037_E_0012085,-5.8164244340
CtrSVDD_0038_E_0012086,0.1566026223
CtrSVDD_0039_E_0012087,-3.4679772378
CtrSVDD_0040_E_0012088,-5.5621421061
CtrSVDD_0041_E_0012089,-2.6945813282
CtrSVDD_0042_E_0012090,-3.5907222400
CtrSVDD_0043_E_0012091,-3.2595310370
CtrSVDD_0044_E_0012092,-0.2259133499
CtrSVDD_0045_E_0012093,-3.9474187361
CtrSVDD_0046_E_0012094,-4.6232508766
CtrSVDD_0047_E_0012095,-0.1892608309
CtrSVDD_0000_E_0012096,-2.8158497857
CtrSVDD_0001_E_0012097,-2.6866238384
CtrSVDD_0002_E_0012098,-3.1660181416
CtrSVDD_0003_E_0012099,-1.4858411653
CtrSVDD_0004_E_0012100,-3.0204140235
CtrSVDD_0005_E_0012101,-2.9781636732
CtrSVDD_0006_E_0012102,-3.5683696998
CtrSVDD_0007_E_0012103,-4.6639896360
CtrSVDD_0008_E_0012104,-4.8879235690
CtrSVDD_0009_E_0012105,-3.4700831486
CtrSVDD_0010_E_0012106,1.0638682391
CtrSVDD_0011_E_0012107,-1.4648899391
CtrSVDD_0012_E_0012108,-0.4304479701
CtrSVDD_0013_E_0012109,0.2824930581
CtrSVDD_0014_E_0012110,-3.7468566423
CtrSVDD_0015_E_0012111,0.2759532944
CtrSVDD_0016_E_0012112,-0.6438410777
CtrSVDD_0017_E_0012113,-5.4564503636
CtrSVDD_0018_E_0012114,-4.3564096581
CtrSVDD_0019_E_0012115,0.7109414228
CtrSVDD_0020_E_0012116,-2.6783469527
CtrSVDD_0021_E_0012117,-1.2901844981
CtrSVDD_0022_E_0012118,0.1608521865
CtrSVDD_0023_E_0012119,-2.8999957978
CtrSVDD_0024_E_0012120,-2.5087529868
CtrSVDD_0025_E_0012121,-4.3904728172
CtrSVDD_0026_E_0012122,-3.8840400456
CtrSVDD_0027_E_0012123,-3.5683077688
CtrSVDD_0028_E_0012124,-5.0818568876
CtrSVDD_0029_E_0012125,-2.6262197489
CtrSVDD_0030_E_0012126,-5.3181477796
CtrSVDD_0031_E_0012127,-4.5249493996
CtrSVDD_0032_E_0012128,-4.5282629394
CtrSVDD_0033_E_0012129,-0.6608979391
CtrSVDD_0034_E_0012130,0.0738278509
CtrSVDD_0035_E_0012131,-0.4471407978
CtrSVDD_0036_E_0012132,-2.3885231360
CtrSVDD_0037_E_0012133,0.0482769358
CtrSVDD_0038_E_0012134,-1.4472589050
CtrSVDD_0039_E_0012135,-5.4995297899
CtrSVDD_0040_E_0012136,-3.2388252249
CtrSVDD_0041_E_0012137,-1.7316627422
CtrSVDD_0042_E_0012138,-2.7584626784
CtrSVDD_0043_E_0012139,-4.1397350729
CtrSVDD_0044_E_0012140,-4.0200313213
CtrSVDD_0045_E_0012141,-4.0196340533
CtrSVDD_0046_E_0012142,1.3097211719
CtrSVDD_0047_E_0012143,-3.9048202353
CtrSVDD_0000_E_0012144,-4.5666466326
CtrSVDD_0001_E_0012145,-3.8336601207
CtrSVDD_0002_E_0012146,-1.3365743780
CtrSVDD_0003_E_0012147,-3.8818931503
CtrSVDD_0004_E_0012148,-2.7671766913
CtrSVDD_0005_E_0012149,-3.3014021882
CtrSVDD_0006_E_0012150,-1.3043768034
CtrSVDD_0007_E_0012151,-0.5126528370
CtrSVDD_0008_E_0012152,-2.8489047263
CtrSVDD_0009_E_0012153,-3.1719561079
CtrSVDD_0010_E_0012154,-2.7294720098
CtrSVDD_0011_E_0012155,-2.7323503648
CtrSVDD_0012_E_0012156,-4.2184149151
CtrSVDD_0013_E_0012157,-4.6539427058
CtrSVDD_0014_E_0012158,-2.9142875833
CtrSVDD_0015_E_0012159,-3.8781533227
CtrSVDD_0016_E_0012160,-0.6613746362
CtrSVDD_0017_E_0012161,-0.2812785275
CtrSVDD_0018_E_0012162,-2.9202276823
CtrSVDD_0019_E_0012163,-4.2597260585
CtrSVDD_0020_E_0012164,-3.6811764990
CtrSVDD_0021_E_0012165,-5.8806914939
CtrSVDD_0022_E_0012166,-0.3076212670
CtrSVDD_0023_E_0012167,0.7905885567
CtrSVDD_0024_E_0012168,-2.0068094237
CtrSVDD_0025_E_0012169,-2.6561885351
CtrSVDD_0026_E_0012170,0.3227594386
CtrSVDD_0027_E_0012171,-2.8605779542
CtrSVDD_0028_E_0012172,-3.4820978797
CtrSVDD_0029_E_0012173,-3.4217129088
CtrSVDD_0030_E_0012174,-4.7778715325
CtrSVDD_0031_E_0012175,-3.2642692789
CtrSVDD_0032_E_0012176,-3.5642271479
CtrSVDD_0033_E_0012177,-0.7887715581
CtrSVDD_0034_E_0012178,0.6150761009
CtrSVDD_0035_E_0012179,-1.8451225726
CtrSVDD_0036_E_0012180,-3.9817933815
CtrSVDD_0037_E_0012181,-2.5034772608
CtrSVDD_0038_E_0012182,-1.3347486074
CtrSVDD_0039_E_0012183,-3.7444738362
CtrSVDD_0040_E_0012184,-2.6032783671
CtrSVDD_0041_E_0012185,1.9533237077
CtrSVDD_0042_E_0012186,-2.2536002289
CtrSVDD_0043_E_0012187,-1.9934404374
CtrSVDD_0044_E_0012188,-3.3555249594
CtrSVDD_0045_E_0012189,-3.7578861950
CtrSVDD_0046_E_0012190,-2.9991435023
CtrSVDD_0047_E_0012191,-3.4047351229
CtrSVDD_0000_E_0012192,-5.9693241934
CtrSVDD_0001_E_0012193,-2.2352126682
CtrSVDD_0002_E_0012194,-2.3874230350
CtrSVDD_0003_E_0012195,-0.8144352529
CtrSVDD_0004_E_0012196,-3.6352680337
CtrSVDD_0005_E_0012197,1.5779813784
CtrSVDD_0006_E_0012198,-3.3748833699
CtrSVDD_0007_E_0012199,-3.6409066752
CtrSVDD_0008_E_0012200,-5.2146691755
CtrSVDD_0009_E_0012201,-2.3212025091
CtrSVDD_0010_E_0012202,-3.0947590901
CtrSVDD_0011_E_0012203,-0.7216333169
CtrSVDD_0012_E_0012204,-2.0715118762
CtrSVDD_0013_E_0012205,-3.4414572439
CtrSVDD_0014_E_0012206,-0.4167007285
CtrSVDD_0015_E_0012207,-2.0835449650
CtrSVDD_0016_E_0012208,-4.0332244920
CtrSVDD_0017_E_0012209,-2.9737074509
CtrSVDD_0018_E_0012210,-3.0594843931
CtrSVDD_0019_E_0012211,-2.2066225480
CtrSVDD_0020_E_0012212,-1.1409127093
CtrSVDD_0021_E_0012213,0.7181638739
CtrSVDD_0022_E_0012214,-2.2162182989
CtrSVDD_0023_E_0012215,-2.3089183737
CtrSVDD_0024_E_0012216,-0.8696593245
CtrSVDD_0025_E_0012217,0.1859321980
CtrSVDD_0026_E_0012218,-2.6624942932
CtrSVDD_0027_E_0012219,-3.5492353586
CtrSVDD_0028_E_0012220,-3.8972001335
CtrSVDD_0029_E_0012221,-4.5414718102
CtrSVDD_0030_E_0012222,-4.5079607356
CtrSVDD_0031_E_0012223,1.1792936900
CtrSVDD_0032_E_0012224,-3.4034854121
CtrSVDD_0033_E_0012225,-2.8959995170
CtrSVDD_0034_E_0012226,-4.0404216821
CtrSVDD_0035_E_0012227,0.8635505819
CtrSVDD_0036_E_0012228,1.1680352652
CtrSVDD_0037_E_0012229,-2.6715725672
CtrSVDD_0038_E_0012230,-5.2174655537
CtrSVDD_0039_E_0012231,-1.4184495940
CtrSVDD_0040_E_0012232,-2.3019767978
CtrSVDD_0041_E_0012233,-3.3581861387
CtrSVDD_0042_E_0012234,-2.9213856563
CtrSVDD_0043_E_0012235,-2.8990650119
CtrSVDD_0044_E_0012236,-2.5864429437
CtrSVDD_0045_E_0012237,-5.5946152937
CtrSVDD_0046_E_0012238,-3.5701757352
CtrSVDD_0047_E_0012239,-1.2759142253
CtrSVDD_0000_E_0012240,-3.1460720159
CtrSVDD_0001_E_0012241,-1.3495105775
CtrSVDD_0002_E_0012242,-5.2406065703
CtrSVDD_0003_E_0012243,-4.6033558440
CtrSVDD_0004_E_0012244,-0.7419009975
CtrSVDD_0005_E_0012245,-0.3486753838
CtrSVDD_0006_E_0012246,-4.1922096061
CtrSVDD_0007_E_0012247,-3.2563630656
CtrSVDD_0008_E_0012248,-3.2575489713
CtrSVDD_0009_E_0012249,0.3544036342
CtrSVDD_0010_E_0012250,-0.2929880969
CtrSVDD_0011_E_0012251,-2.9783202888
CtrSVDD_0012_E_0012252,-0.5938467540
CtrSVDD_0013_E_0012253,-2.0141221787
CtrSVDD_0014_E_0012254,-4.7852907466
CtrSVDD_0015_E_0012255,-0.9609693708
CtrSVDD_0016_E_0012256,0.6614954021
CtrSVDD_0017_E_0012257,-4.3498241578
CtrSVDD_0018_E_0012258,-4.3313130004
CtrSVDD_0019_E_0012259,-3.4520193803
CtrSVDD_0020_E_0012260,-4.2048616612
CtrSVDD_0021_E_0012261,-3.8052646270
CtrSVDD_0022_E_0012262,-1.8356715369
CtrSVDD_0023_E_0012263,-3.0347344339
CtrSVDD_0024_E_0012264,-1.4923680786
CtrSVDD_0025_E_0012265,-2.5682753988
CtrSVDD_0026_E_0012266,-4.2677776077
CtrSVDD_0027_E_0012267,-3.0771346274
CtrSVDD_0028_E_0012268,-5.7897667450
CtrSVDD_0029_E_0012269,-1.3239315313
CtrSVDD_0030_E_0012270,-3.9942568263
CtrSVDD_0031_E_0012271,-3.8327444612
CtrSVDD_0032_E_0012272,-0.2361408718
CtrSVDD_0033_E_0012273,-3.9321991382
CtrSVDD_0034_E_0012274,-4.0941836731
CtrSVDD_0035_E_0012275,-2.9839347294
CtrSVDD_0036_E_0012276,-3.1101836235
CtrSVDD_0037_E_0012277,-2.9071578292
CtrSVDD_0038_E_0012278,-2.7733931501
CtrSVDD_0039_E_0012279,-3.9711469592
CtrSVDD_0040_E_0012280,1.0336186357
CtrSVDD_0041_E_0012281,-1.5839842085
CtrSVDD_0042_E_0012282,-2.9871203179
CtrSVDD_0043_E_0012283,-1.5582417010
CtrSVDD_0044_E_0012284,-4.8399752552
CtrSVDD_0045_E_0012285,-2.0864002322
CtrSVDD_0046_E_0012286,-2.5791991965
CtrSVDD_0047_E_0012287,0.5261667968
CtrSVDD_0000_E_0012288,-2.0006504368
CtrSVDD_0001_E_0012289,-0.9917108889
CtrSVDD_0002_E_0012290,-3.6795814743
CtrSVDD_0003_E_0012291,-2.9147833253
CtrSVDD_0004_E_0012292,-0.6286535519
CtrSVDD_0005_E_0012293,-2.8652165139
CtrSVDD_0006_E_0012294,-2.8468396087
CtrSVDD_0007_E_0012295,-5.1100865568
CtrSVDD_0008_E_0012296,-2.8307738840
CtrSVDD_0009_E_0012297,-0.1778803231
CtrSVDD_0010_E_0012298,-0.4323094202
CtrSVDD_0011_E_0012299,-3.7704177983
CtrSVDD_0012_E_0012300,-1.9782833833
CtrSVDD_0013_E_0012301,-2.3571626578
CtrSVDD_0014_E_0012302,-1.4679586439
CtrSVDD_0015_E_0012303,-2.5395201482
CtrSVDD_0016_E_0012304,-2.9988854380
CtrSVDD_0017_E_0012305,-5.2941937628
CtrSVDD_0018_E_0012306,-2.4967182869
CtrSVDD_0019_E_0012307,-3.0806239847
CtrSVDD_0020_E_0012308,-1.5143756775
CtrSVDD_0021_E_0012309,-3.2878171976
CtrSVDD_0022_E_0012310,1.1118956117
CtrSVDD_0023_E_0012311,-3.0709970638
CtrSVDD_0024_E_0012312,-5.0731940043
CtrSVDD_0025_E_0012313,-2.6141483945
CtrSVDD_0026_E_0012314,-2.2843691578
CtrSVDD_0027_E_0012315,-3.1408519868
CtrSVDD_0028_E_0012316,-2.4014738464
CtrSVDD_0029_E_0012317,-4.1762470390
CtrSVDD_0030_E_0012318,-4.5960944055
CtrSVDD_0031_E_0012319,1.0371516685
CtrSVDD_0032_E_0012320,-3.6431339377
CtrSVDD_0033_E_0012321,-0.2298826140
CtrSVDD_0034_E_0012322,-2.5111004639
CtrSVDD_0035_E_0012323,-4.2452658723
CtrSVDD_0036_E_0012324,-0.5518024431
CtrSVDD_0037_E_0012325,-5.6140548596
CtrSVDD_0038_E_0012326,-1.5180802526
CtrSVDD_0039_E_0012327,-4.8786364278
CtrSVDD_0040_E_0012328,-0.7623174933
CtrSVDD_0041_E_0012329,-5.2897483958
CtrSVDD_0042_E_0012330,-4.6318058194
CtrSVDD_0043_E_0012331,-5.5682975486
CtrSVDD_0044_E_0012332,-2.9854420781
CtrSVDD_0045_E_0012333,-2.7457134718
CtrSVDD_0046_E_0012334,-3.8834482842
CtrSVDD_0047_E_0012335,-4.0179076433
CtrSVDD_0000_E_0012336,-3.3326627344
CtrSVDD_0001_E_0012337,-3.1251558254
CtrSVDD_0002_E_0012338,-3.1241439149
CtrSVDD_0003_E_0012339,-0.9326427283
CtrSVDD_0004_E_0012340,-1.9578656144
CtrSVDD_0005_E_0012341,-2.6527426038
CtrSVDD_0006_E_0012342,-2.9798353079
CtrSVDD_0007_E_0012343,0.1100264567
CtrSVDD_0008_E_0012344,-3.6233558835
CtrSVDD_0009_E_0012345,-4.6616887857
CtrSVDD_0010_E_0012346,-3.0081545294
CtrSVDD_0011_E_0012347,0.0244444187
CtrSVDD_0012_E_0012348,-3.5998870152
CtrSVDD_0013_E_0012349,-3.3012263108
CtrSVDD_0014_E_0012350,-3.5977726547
CtrSVDD_0015_E_0012351,-1.7789456464
CtrSVDD_0016_E_0012352,-2.2071633551
CtrSVDD_0017_E_0012353,-3.9354322818
CtrSVDD_0018_E_0012354,-2.6658104767
CtrSVDD_0019_E_0012355,-3.7986784795
CtrSVDD_0020_E_0012356,-2.8098588164
CtrSVDD_0021_E_0012357,-3.9375432967
CtrSVDD_0022_E_0012358,1.3679843837
CtrSVDD_0023_E_0012359,-2.7879927238
CtrSVDD_0024_E_0012360,0.5660619668
CtrSVDD_0025_E_0012361,-3.0671288452
CtrSVDD_0026_E_0012362,-2.9967202115
CtrSVDD_0027_E_0012363,-3.1646892197
CtrSVDD_0028_E_0012364,-3.1266515056
CtrSVDD_0029_E_0012365,-0.2769636266
CtrSVDD_0030_E_0012366,-0.8341172072
CtrSVDD_0031_E_0012367,-1.5564000077
CtrSVDD_0032_E_0012368,-1.3503700232
CtrSVDD_0033_E_0012369,-2.5706861550
CtrSVDD_0034_E_0012370,-4.1423923965
CtrSVDD_0035_E_0012371,-4.8142962822
CtrSVDD_0036_E_0012372,-2.8071613969
CtrSVDD_0037_E_0012373,-2.5584513242
CtrSVDD_0038_E_0012374,-4.3339378666
CtrSVDD_0039_E_0012375,-0.4691940863
CtrSVDD_0040_E_0012376,-3.8235721691
CtrSVDD_0041_E_0012377,-3.6469559165
CtrSVDD_0042_E_0012378,-1.1905839276
CtrSVDD_0043_E_0012379,-1.3313109487
CtrSVDD_0044_E_0012380,-3.6333355527
CtrSVDD_0045_E_0012381,-3.7335635032
CtrSVDD_0046_E_0012382,-2.4790013414
CtrSVDD_0047_E_0012383,1.2147491543
CtrSVDD_0000_E_0012384,-5.0009354927
CtrSVDD_0001_E_0012385,-0.9487088723
CtrSVDD_0002_E_0012386,-3.3146994401
CtrSVDD_0003_E_0012387,-2.3131903697
CtrSVDD_0004_E_0012388,-4.3867850039
CtrSVDD_0005_E_0012389,-1.6488161961
CtrSVDD_0006_E_0012390,-3.1803400887
CtrSVDD_0007_E_0012391,-2.4218380359
CtrSVDD_0008_E_0012392,-2.6423437531
CtrSVDD_0009_E_0012393,-3.7697953261
CtrSVDD_0010_E_0012394,-2.8940543829
CtrSVDD_0011_E_0012395,-5.1674546711
CtrSVDD_0012_E_0012396,-3.7869989407
CtrSVDD_0013_E_0012397,0.1062088101
CtrSVDD_0014_E_0012398,1.1598896185
CtrSVDD_0015_E_0012399,0.8840409509
CtrSVDD_0016_E_0012400,-2.2138402754
CtrSVDD_0017_E_0012401,-4.0124127459
CtrSVDD_0018_E_0012402,-3.4950162418
CtrSVDD_0019_E_0012403,-3.4774572895
CtrSVDD_0020_E_0012404,-3.5404056447
CtrSVDD_0021_E_0012405,-1.5072507368
CtrSVDD_0022_E_0012406,-2.3308876289
CtrSVDD_0023_E_0012407,-3.9717895474
CtrSVDD_0024_E_0012408,-1.8031772767
CtrSVDD_0025_E_0012409,0.9903837048
CtrSVDD_0026_E_0012410,-4.3074456750
CtrSVDD_0027_E_0012411,-1.5273495790
CtrSVDD_0028_E_0012412,0.3685628161
CtrSVDD_0029_E_0012413,-3.9139312459
CtrSVDD_0030_E_0012414,-1.6602988336
CtrSVDD_0031_E_0012415,-3.2485252062
CtrSVDD_0032_E_0012416,-0.8242837143
CtrSVDD_0033_E_0012417,-2.2114571594
CtrSVDD_0034_E_0012418,-0.3090881616
CtrSVDD_0035_E_0012419,-3.8527929560
CtrSVDD_0036_E_0012420,-4.0146090219
CtrSVDD_0037_E_0012421,-3.9226803776
CtrSVDD_0038_E_0012422,-5.5089514410
CtrSVDD_0039_E_0012423,-1.7233135341
CtrSVDD_0040_E_0012424,-1.6097487756
CtrSVDD_0041_E_0012425,-2.9288271104
CtrSVDD_0042_E_0012426,-3.5291010576
CtrSVDD_0043_E_0012427,-1.1441188988
CtrSVDD_0044_E_0012428,-4.0829278310
CtrSVDD_0045_E_0012429,-3.1514705492
CtrSVDD_0046_E_0012430,-1.6150990546
CtrSVDD_0047_E_0012431,-0.5197517581
CtrSVDD_0000_E_0012432,-4.6874174516
CtrSVDD_0001_E_0012433,0.7585819416
CtrSVDD_0002_E_0012434,-4.3579056096
CtrSVDD_0003_E_0012435,-1.6104898020
CtrSVDD_0004_E_0012436,-5.3104759218
CtrSVDD_0005_E_0012437,-2.2506367517
CtrSVDD_0006_E_0012438,-1.0712874999
CtrSVDD_0007_E_0012439,-0.0777791492
CtrSVDD_0008_E_0012440,-3.5405962974
CtrSVDD_0009_E_0012441,-2.0656992244
CtrSVDD_0010_E_0012442,-3.7593754703
CtrSVDD_0011_E_0012443,-2.1676505218
CtrSVDD_0012_E_0012444,-0.7249797154
CtrSVDD_0013_E_0012445,-4.9918734922
CtrSVDD_0014_E_0012446,-5.7447115578
CtrSVDD_0015_E_0012447,-2.6866262220
CtrSVDD_0016_E_0012448,-3.5984024991
CtrSVDD_0017_E_0012449,-3.5105538916
CtrSVDD_0018_E_0012450,-0.2731670132
CtrSVDD_0019_E_0012451,0.0320981888
CtrSVDD_0020_E_0012452,-4.6451849899
CtrSVDD_0021_E_0012453,-2.2225536650
CtrSVDD_0022_E_0012454,-1.3807863431
CtrSVDD_0023_E_0012455,-5.1066907176
CtrSVDD_0024_E_0012456,-2.8185581437
CtrSVDD_0025_E_0012457,-3.8270102676
CtrSVDD_0026_E_0012458,-2.8343363684
CtrSVDD_0027_E_0012459,1.0205289246
CtrSVDD_0028_E_0012460,-2.6917831348
CtrSVDD_0029_E_0012461,-0.8895983842
CtrSVDD_0030_E_0012462,-4.6077766181
CtrSVDD_0031_E_0012463,-0.2690958183
CtrSVDD_0032_E_0012464,-3.8126025872
CtrSVDD_0033_E_0012465,-3.5853065599
CtrSVDD_0034_E_0012466,-3.5514492984
CtrSVDD_0035_E_0012467,0.2694990396
CtrSVDD_0036_E_0012468,-4.2050926033
CtrSVDD_0037_E_0012469,-2.6541409116
CtrSVDD_0038_E_0012470,1.3130262377
CtrSVDD_0039_E_0012471,-0.3814270478
CtrSVDD_0040_E_0012472,-4.1915469792
CtrSVDD_0041_E_0012473,-4.4165544899
CtrSVDD_0042_E_0012474,1.0443641049
CtrSVDD_0043_E_0012475,-5.2713203460
CtrSVDD_0044_E_0012476,-2.1667727142
CtrSVDD_0045_E_0012477,-1.1392283359
CtrSVDD_0046_E_0012478,-2.3141386433
CtrSVDD_0047_E_0012479,-3.9277586679
CtrSVDD_0000_E_0012480,-3.2848429968
CtrSVDD_0001_E_0012481,-3.1518963056
CtrSVDD_0002_E_0012482,-6.4700229366
CtrSVDD_0003_E_0012483,-3.9479560850
CtrSVDD_0004_E_0012484,-3.6690212808
CtrSVDD_0005_E_0012485,-3.7572375326
CtrSVDD_0006_E_0012486,-3.2254337203
CtrSVDD_0007_E_0012487,-2.6900479183
CtrSVDD_0008_E_0012488,-0.4474143830
CtrSVDD_0009_E_0012489,-3.4508226658
CtrSVDD_0010_E_0012490,-4.1179030901
CtrSVDD_0011_E_0012491,-2.1294283709
CtrSVDD_0012_E_0012492,-4.1531516278
CtrSVDD_0013_E_0012493,-3.1473997192
CtrSVDD_0014_E_0012494,-0.9334340997
CtrSVDD_0015_E_0012495,-4.2035714194
CtrSVDD_0016_E_0012496,-3.5523233100
CtrSVDD_0017_E_0012497,-4.6802697459
CtrSVDD_0018_E_0012498,-2.7488769179
CtrSVDD_0019_E_0012499,-5.7875490089
CtrSVDD_0020_E_0012500,-4.9294553512
CtrSVDD_0021_E_0012501,-2.2934102746
CtrSVDD_0022_E_0012502,-3.8205355842
CtrSVDD_0023_E_0012503,-3.6755388437
CtrSVDD_0024_E_0012504,-2.8097712584
CtrSVDD_0025_E_0012505,-4.3370087974
CtrSVDD_0026_E_0012506,0.4911421764
CtrSVDD_0027_E_0012507,-3.9370167490
CtrSVDD_0028_E_0012508,-1.8852963740
CtrSVDD_0029_E_0012509,-1.5527213915
CtrSVDD_0030_E_0012510,-1.5490490822
CtrSVDD_0031_E_0012511,-3.1793652694
CtrSVDD_0032_E_0012512,-0.4350798563
CtrSVDD_0033_E_0012513,-4.6548135324
CtrSVDD_0034_E_0012514,-2.1281430135
CtrSVDD_0035_E_0012515,-4.1377899388
CtrSVDD_0036_E_0012516,-2.9835431206
CtrSVDD_0037_E_0012517,-2.7630404768
CtrSVDD_0038_E_0012518,-2.5744413202
CtrSVDD_0039_E_0012519,-2.3591439692
CtrSVDD_0040_E_0012520,-1.6241083858
CtrSVDD_0041_E_0012521,-2.9069556772
CtrSVDD_0042_E_0012522,-1.9953800125
CtrSVDD_0043_E_0012523,-3.6488419205
CtrSVDD_0044_E_0012524,0.4749805094
CtrSVDD_0045_E_0012525,-3.8544241865
CtrSVDD_0046_E_0012526,-1.4222908924
CtrSVDD_0047_E_0012527,-4.6661075935
CtrSVDD_0000_E_0012528,-2.3144751738
CtrSVDD_0001_E_0012529,-2.8829812361
CtrSVDD_0002_E_0012530,-2.4889568047
CtrSVDD_0003_E_0012531,-2.5183293091
CtrSVDD_0004_E_0012532,-3.2293220293
CtrSVDD_0005_E_0012533,-3.5983602935
CtrSVDD_0006_E_0012534,-2.7505143043
CtrSVDD_0007_E_0012535,-3.9841943744
CtrSVDD_0008_E_0012536,-2.8991091538
CtrSVDD_0009_E_0012537,-3.5284760360
CtrSVDD_0010_E_0012538,-2.3738172044
CtrSVDD_0011_E_0012539,-3.1971626671
CtrSVDD_0012_E_0012540,-3.1881949441
CtrSVDD_0013_E_0012541,-0.9447767796
CtrSVDD_0014_E_0012542,-4.8228257480
CtrSVDD_0015_E_0012543,-3.2272737306
CtrSVDD_0016_E_0012544,-2.4803936911
CtrSVDD_0017_E_0012545,-0.7511423942
CtrSVDD_0018_E_0012546,-1.9122977483
CtrSVDD_0019_E_0012547,-3.8336379536
CtrSVDD_0020_E_0012548,-4.1685729420
CtrSVDD_0021_E_0012549,-1.7463366680
CtrSVDD_0022_E_0012550,0.3296512399
CtrSVDD_0023_E_0012551,-0.0824398518
CtrSVDD_0024_E_0012552,-1.6525477966
CtrSVDD_0025_E_0012553,-4.0602458892
CtrSVDD_0026_E_0012554,-1.2726695206
CtrSVDD_0027_E_0012555,-3.8753382623
CtrSVDD_0028_E_0012556,-3.4749197535
CtrSVDD_0029_E_0012557,-1.4697311082
CtrSVDD_0030_E_0012558,-3.4577170028
CtrSVDD_0031_E_0012559,-3.0454222021
CtrSVDD_0032_E_0012560,-3.4120484395
CtrSVDD_0033_E_0012561,-3.8247589248
CtrSVDD_0034_E_0012562,-2.7904071084
CtrSVDD_0035_E_0012563,-3.7751447582
CtrSVDD_0036_E_0012564,-3.5433859485
CtrSVDD_0037_E_0012565,-5.7429619142
CtrSVDD_0038_E_0012566,-0.0104911032
CtrSVDD_0039_E_0012567,-1.8912292378
CtrSVDD_0040_E_0012568,-0.0230752804
CtrSVDD_0041_E_0012569,-3.8039796496
CtrSVDD_0042_E_0012570,-2.1526426379
CtrSVDD_0043_E_0012571,-3.8603561922
CtrSVDD_0044_E_0012572,-4.7850215667
CtrSVDD_0045_E_0012573,-3.7374712584
CtrSVDD_0046_E_0012574,-1.9078547318
CtrSVDD_0047_E_0012575,-2.3047790196
CtrSVDD_0000_E_0012576,0.1538620600
CtrSVDD_0001_E_0012577,-2.8036536273
CtrSVDD_0002_E_0012578,-1.6655794941
CtrSVDD_0003_E_0012579,0.6235485520
CtrSVDD_0004_E_0012580,-2.5412817082
CtrSVDD_0005_E_0012581,-4.3445061044
CtrSVDD_0006_E_0012582,-3.6531889807
CtrSVDD_0007_E_0012583,-1.0467106372
CtrSVDD_0008_E_0012584,-1.7656102427
CtrSVDD_0009_E_0012585,-4.3397472798
CtrSVDD_0010_E_0012586,-2.0535269683
CtrSVDD_0011_E_0012587,-3.9732808490
CtrSVDD_0012_E_0012588,-4.5102001586
CtrSVDD_0013_E_0012589,-7.1022450052
CtrSVDD_0014_E_0012590,-2.4955299907
CtrSVDD_0015_E_0012591,-3.6102113266
CtrSVDD_0016_E_0012592,-2.1425172486
CtrSVDD_0017_E_0012593,-2.7984047328
CtrSVDD_0018_E_0012594,-0.5057019456
CtrSVDD_0019_E_0012595,-0.5949194409
CtrSVDD_0020_E_0012596,-1.1702522410
CtrSVDD_0021_E_0012597,-0.6523804626
CtrSVDD_0022_E_0012598,-3.9113168674
CtrSVDD_0023_E_0012599,0.1695102101
CtrSVDD_0024_E_0012600,0.3252687518
CtrSVDD_0025_E_0012601,-4.9284380068
CtrSVDD_0026_E_0012602,0.1741505234
CtrSVDD_0027_E_0012603,-3.5508332878
CtrSVDD_0028_E_0012604,-3.1415940445
CtrSVDD_0029_E_0012605,-3.1166618637
CtrSVDD_0030_E_0012606,-5.1123146593
CtrSVDD_0031_E_0012607,-5.1263856399
CtrSVDD_0032_E_0012608,-1.1527056585
CtrSVDD_0033_E_0012609,0.0168417744
CtrSVDD_0034_E_0012610,-0.9561128030
CtrSVDD_0035_E_0012611,-3.5723356964
CtrSVDD_0036_E_0012612,-1.3679843837
CtrSVDD_0037_E_0012613,-5.6865752464
CtrSVDD_0038_E_0012614,-1.5184291412
CtrSVDD_0039_E_0012615,-0.5651281436
CtrSVDD_0040_E_0012616,-2.1192520064
CtrSVDD_0041_E_0012617,-4.4233414016
CtrSVDD_0042_E_0012618,-3.7608645588
CtrSVDD_0043_E_0012619,-2.4671492618
CtrSVDD_0044_E_0012620,1.4867194090
CtrSVDD_0045_E_0012621,0.0055155674
CtrSVDD_0046_E_0012622,-3.0635651334
CtrSVDD_0047_E_0012623,-1.7540980642
CtrSVDD_0000_E_0012624,-2.8404077475
CtrSVDD_0001_E_0012625,0.6470361531
CtrSVDD_0002_E_0012626,-0.9689532745
CtrSVDD_0003_E_0012627,-1.2525226939
CtrSVDD_0004_E_0012628,-2.1551530281
CtrSVDD_0005_E_0012629,-2.6485920115
CtrSVDD_0006_E_0012630,-3.3316548188
CtrSVDD_0007_E_0012631,-0.9739161086
CtrSVDD_0008_E_0012632,-3.5686888159
CtrSVDD_0009_E_0012633,-3.6418810585
CtrSVDD_0010_E_0012634,-2.5014979971
CtrSVDD_0011_E_0012635,-4.6457091784
CtrSVDD_0012_E_0012636,1.0000358995
CtrSVDD_0013_E_0012637,-5.8397117691
CtrSVDD_0014_E_0012638,-4.6135732557
CtrSVDD_0015_E_0012639,0.3578920410
CtrSVDD_0016_E_0012640,-1.6583579411
CtrSVDD_0017_E_0012641,-3.2497354359
CtrSVDD_0018_E_0012642,-5.3554785702
CtrSVDD_0019_E_0012643,-3.3743891268
CtrSVDD_0020_E_0012644,-1.0850216247
CtrSVDD_0021_E_0012645,-1.2742459538
CtrSVDD_0022_E_0012646,-1.2934727234
CtrSVDD_0023_E_0012647,-2.6527882593
CtrSVDD_0024_E_0012648,-0.0081443693
CtrSVDD_0025_E_0012649,-1.8747589502
CtrSVDD_0026_E_0012650,-3.5705634393
CtrSVDD_0027_E_0012651,-3.4863637445
CtrSVDD_0028_E_0012652,-5.0164117944
CtrSVDD_0029_E_0012653,-4.3122661122
CtrSVDD_0030_E_0012654,-2.6757305477
CtrSVDD_0031_E_0012655,0.5882543120
CtrSVDD_0032_E_0012656,-1.9816074998
CtrSVDD_0033_E_0012657,-3.6906284571
CtrSVDD_0034_E_0012658,-1.9149803783
CtrSVDD_0035_E_0012659,-2.9582922605
CtrSVDD_0036_E_0012660,-3.9688075880
CtrSVDD_0037_E_0012661,-4.1076277138
CtrSVDD_0038_E_0012662,-0.3093558075
CtrSVDD_0039_E_0012663,-0.0555106543
CtrSVDD_0040_E_0012664,-3.1953638946
CtrSVDD_0041_E_0012665,0.9995624115
CtrSVDD_0042_E_0012666,-4.5377381633
CtrSVDD_0043_E_0012667,-3.7942543463
CtrSVDD_0044_E_0012668,-0.4014918522
CtrSVDD_0045_E_0012669,0.7143856838
CtrSVDD_0046_E_0012670,0.8366467767
CtrSVDD_0047_E_0012671,-3.0522510892
CtrSVDD_0000_E_0012672,0.3385708627
CtrSVDD_0001_E_0012673,0.8334767716
CtrSVDD_0002_E_0012674,-5.3448129476
CtrSVDD_0003_E_0012675,1.6774156031
CtrSVDD_0004_E_0012676,-3.5124623784
CtrSVDD_0005_E_0012677,-3.3283762606
CtrSVDD_0006_E_0012678,1.2805982317
CtrSVDD_0007_E_0012679,-3.3072757082
CtrSVDD_0008_E_0012680,-0.0468765635
CtrSVDD_0009_E_0012681,-1.9401615411
CtrSVDD_0010_E_0012682,-3.2181020482
CtrSVDD_0011_E_0012683,-2.9038193610
CtrSVDD_0012_E_0012684,-3.1773642006
CtrSVDD_0013_E_0012685,-4.2624569387
CtrSVDD_0014_E_0012686,-3.9723294120
CtrSVDD_0015_E_0012687,-3.8850334228
CtrSVDD_0016_E_0012688,0.9833812625
CtrSVDD_0017_E_0012689,-2.8097801731
CtrSVDD_0018_E_0012690,-4.1194296547
CtrSVDD_0019_E_0012691,-3.7621715208
CtrSVDD_0020_E_0012692,-0.5390624707
CtrSVDD_0021_E_0012693,-6.0818548349
CtrSVDD_0022_E_0012694,-3.3642058889
CtrSVDD_0023_E_0012695,-5.6276156574
CtrSVDD_0024_E_0012696,-3.8453781759
CtrSVDD_0025_E_0012697,0.2206887118
CtrSVDD_0026_E_0012698,-1.7276171636
CtrSVDD_0027_E_0012699,-2.8353122272
CtrSVDD_0028_E_0012700,-3.3453775049
CtrSVDD_0029_E_0012701,-3.5148976841
CtrSVDD_0030_E_0012702,-1.0043074791
CtrSVDD_0031_E_0012703,-2.1030039350
CtrSVDD_0032_E_0012704,-3.9523657608
CtrSVDD_0033_E_0012705,-0.3893914348
CtrSVDD_0034_E_0012706,-2.7376952340
CtrSVDD_0035_E_0012707,-3.0150423420
CtrSVDD_0036_E_0012708,-2.7002786904
CtrSVDD_0037_E_0012709,-0.4864133783
CtrSVDD_0038_E_0012710,-3.0545411862
CtrSVDD_0039_E_0012711,-3.0207539058
CtrSVDD_0040_E_0012712,-1.9682384511
CtrSVDD_0041_E_0012713,-4.3663384975
CtrSVDD_0042_E_0012714,-2.3172577764
CtrSVDD_0043_E_0012715,-4.1626851040
CtrSVDD_0044_E_0012716,-4.2865195571
CtrSVDD_0045_E_0012717,-4.1887157527
CtrSVDD_0046_E_0012718,-0.1878369565
CtrSVDD_0047_E_0012719,-1.7341798913
CtrSVDD_0000_E_0012720,-4.3105538325
CtrSVDD_0001_E_0012721,-2.4076506955
CtrSVDD_0002_E_0012722,-3.6893841456
CtrSVDD_0003_E_0012723,-1.2695588841
CtrSVDD_0004_E_0012724,-1.2613666184
CtrSVDD_0005_E_0012725,-4.7703993674
CtrSVDD_0006_E_0012726,-5.3792382580
CtrSVDD_0007_E_0012727,-5.2750500183
CtrSVDD_0008_E_0012728,-3.1080516212
CtrSVDD_0009_E_0012729,-2.5609093973
CtrSVDD_0010_E_0012730,-0.5471678918
CtrSVDD_0011_E_0012731,-3.1065500878
CtrSVDD_0012_E_0012732,-4.8962289153
CtrSVDD_0013_E_0012733,0.8236186951
CtrSVDD_0014_E_0012734,1.8914150880
CtrSVDD_0015_E_0012735,-3.0739228023
CtrSVDD_0016_E_0012736,0.5447437410
CtrSVDD_0017_E_0012737,-1.5396519704
CtrSVDD_0018_E_0012738,1.1844854064
CtrSVDD_0019_E_0012739,-3.3776320386
CtrSVDD_0020_E_0012740,-2.0718053600
CtrSVDD_0021_E_0012741,-0.0146878031
CtrSVDD_0022_E_0012742,-1.7449029558
CtrSVDD_0023_E_0012743,0.6680823633
CtrSVDD_0024_E_0012744,-0.1831650302
CtrSVDD_0025_E_0012745,-1.3064303511
CtrSVDD_0026_E_0012746,-1.0661404370
CtrSVDD_0027_E_0012747,-0.8394306710
CtrSVDD_0028_E_0012748,-0.1370963790
CtrSVDD_0029_E_0012749,-3.8361874548
CtrSVDD_0030_E_0012750,-1.9826140248
CtrSVDD_0031_E_0012751,-4.6366748266
CtrSVDD_0032_E_0012752,-3.2818622877
CtrSVDD_0033_E_0012753,-2.9288309729
CtrSVDD_0034_E_0012754,0.7970229454
CtrSVDD_0035_E_0012755,-1.6896712185
CtrSVDD_0036_E_0012756,-3.1669430969
CtrSVDD_0037_E_0012757,0.1636868392
CtrSVDD_0038_E_0012758,-1.7357184859
CtrSVDD_0039_E_0012759,-4.1823708757
CtrSVDD_0040_E_0012760,0.3653585875
CtrSVDD_0041_E_0012761,-0.1580188258
CtrSVDD_0042_E_0012762,0.9066820700
CtrSVDD_0043_E_0012763,-3.3050127671
CtrSVDD_0044_E_0012764,-3.1580033611
CtrSVDD_0045_E_0012765,1.0228863013
CtrSVDD_0046_E_0012766,-5.0238993521
CtrSVDD_0047_E_0012767,-2.8729348481
CtrSVDD_0000_E_0012768,-1.2165582875
CtrSVDD_0001_E_0012769,-4.2293551391
CtrSVDD_0002_E_0012770,-4.5750567431
CtrSVDD_0003_E_0012771,-5.0292814491
CtrSVDD_0004_E_0012772,-1.0663348048
CtrSVDD_0005_E_0012773,-0.7964315437
CtrSVDD_0006_E_0012774,-2.0014833099
CtrSVDD_0007_E_0012775,0.6218504967
CtrSVDD_0008_E_0012776,-3.2036310439
CtrSVDD_0009_E_0012777,-1.1506440707
CtrSVDD_0010_E_0012778,-3.2290922800
CtrSVDD_0011_E_0012779,1.5052708191
CtrSVDD_0012_E_0012780,-3.0358098114
CtrSVDD_0013_E_0012781,-0.3638636612
CtrSVDD_0014_E_0012782,-0.5990576317
CtrSVDD_0015_E_0012783,0.7833095470
CtrSVDD_0016_E_0012784,-4.1262569884
CtrSVDD_0017_E_0012785,-2.7837025317
CtrSVDD_0018_E_0012786,-2.8419648034
CtrSVDD_0019_E_0012787,-3.6633665502
CtrSVDD_0020_E_0012788,2.5940015058
CtrSVDD_0021_E_0012789,-4.0557204436
CtrSVDD_0022_E_0012790,-3.1727930790
CtrSVDD_0023_E_0012791,-2.0476351510
CtrSVDD_0024_E_0012792,-3.7722020780
CtrSVDD_0025_E_0012793,0.3105557215
CtrSVDD_0026_E_0012794,-2.1141514485
CtrSVDD_0027_E_0012795,-3.4393533003
CtrSVDD_0028_E_0012796,-3.7280570217
CtrSVDD_0029_E_0012797,-4.4097894510
CtrSVDD_0030_E_0012798,-2.3949329188
CtrSVDD_0031_E_0012799,-3.6271795609
CtrSVDD_0032_E_0012800,-3.3283140713
CtrSVDD_0033_E_0012801,-3.9533641776
CtrSVDD_0034_E_0012802,-2.0455782090
CtrSVDD_0035_E_0012803,-0.0076934104
CtrSVDD_0036_E_0012804,0.4766065625
CtrSVDD_0037_E_0012805,-1.4803922720
CtrSVDD_0038_E_0012806,-4.5714535943
CtrSVDD_0039_E_0012807,-1.5741146133
CtrSVDD_0040_E_0012808,-2.7600466020
CtrSVDD_0041_E_0012809,-3.5805802138
CtrSVDD_0042_E_0012810,-2.8683057191
CtrSVDD_0043_E_0012811,-3.1885731279
CtrSVDD_0044_E_0012812,-1.4188095368
CtrSVDD_0045_E_0012813,-2.2604754821
CtrSVDD_0046_E_0012814,-1.5527387405
CtrSVDD_0047_E_0012815,-1.2542748350
CtrSVDD_0000_E_0012816,-3.1115861020
CtrSVDD_0001_E_0012817,-3.2516093182
CtrSVDD_0002_E_0012818,1.7128261265
CtrSVDD_0003_E_0012819,1.0562284023
CtrSVDD_0004_E_0012820,-3.4077256819
CtrSVDD_0005_E_0012821,-2.0874065197
CtrSVDD_0006_E_0012822,-4.1855895578
CtrSVDD_0007_E_0012823,-2.8590304858
CtrSVDD_0008_E_0012824,-2.4349379586
CtrSVDD_0009_E_0012825,-2.5054527066
CtrSVDD_0010_E_0012826,-4.4237260629
CtrSVDD_0011_E_0012827,-2.2618681479
CtrSVDD_0012_E_0012828,-0.2813267155
CtrSVDD_0013_E_0012829,-3.8592761961
CtrSVDD_0014_E_0012830,-3.6725941590
CtrSVDD_0015_E_0012831,-4.6631754207
CtrSVDD_0016_E_0012832,-3.3221792115
CtrSVDD_0017_E_0012833,-0.4075640663
CtrSVDD_0018_E_0012834,-4.0586479899
CtrSVDD_0019_E_0012835,-5.1144231708
CtrSVDD_0020_E_0012836,-5.1823075745
CtrSVDD_0021_E_0012837,-0.7717032953
CtrSVDD_0022_E_0012838,-3.3191377335
CtrSVDD_0023_E_0012839,-1.4734578757
CtrSVDD_0024_E_0012840,-2.6019330300
CtrSVDD_0025_E_0012841,-5.8722624101
CtrSVDD_0026_E_0012842,-4.1287618632
CtrSVDD_0027_E_0012843,-4.2876933297
CtrSVDD_0028_E_0012844,-4.1087544260
CtrSVDD_0029_E_0012845,-3.4977896936
CtrSVDD_0030_E_0012846,-3.9066604762
CtrSVDD_0031_E_0012847,-4.4607219120
CtrSVDD_0032_E_0012848,-4.4732396144
CtrSVDD_0033_E_0012849,-2.4229302433
CtrSVDD_0034_E_0012850,0.8167181129
CtrSVDD_0035_E_0012851,0.1227781196
CtrSVDD_0036_E_0012852,-3.4156295799
CtrSVDD_0037_E_0012853,-3.8358000897
CtrSVDD_0038_E_0012854,-2.6105745554
CtrSVDD_0039_E_0012855,-3.3988389106
CtrSVDD_0040_E_0012856,-3.7295506391
CtrSVDD_0041_E_0012857,-1.8880582433
CtrSVDD_0042_E_0012858,0.0594835540
CtrSVDD_0043_E_0012859,-4.1971319806
CtrSVDD_0044_E_0012860,-0.1142492917
CtrSVDD_0045_E_0012861,-1.7305739355
CtrSVDD_0046_E_0012862,-5.0566336358
CtrSVDD_0047_E_0012863,-3.6724143832
CtrSVDD_0000_E_0012864,-4.4352723673
CtrSVDD_0001_E_0012865,-3.8805545807
CtrSVDD_0002_E_0012866,-3.3415685245
CtrSVDD_0003_E_0012867,-2.4566907179
CtrSVDD_0004_E_0012868,0.5245610163
CtrSVDD_0005_E_0012869,-0.9384789937
CtrSVDD_0006_E_0012870,-2.8429529949
CtrSVDD_0007_E_0012871,-6.4435938630
CtrSVDD_0008_E_0012872,-3.4369557270
CtrSVDD_0009_E_0012873,-6.3120819618
CtrSVDD_0010_E_0012874,-4.8855609914
CtrSVDD_0011_E_0012875,-1.9100029016
CtrSVDD_0012_E_0012876,0.3905566299
CtrSVDD_0013_E_0012877,-3.2338158268
CtrSVDD_0014_E_0012878,-2.4883199322
CtrSVDD_0015_E_0012879,-0.2595629833
CtrSVDD_0016_E_0012880,-2.3788335759
CtrSVDD_0017_E_0012881,0.0272797511
CtrSVDD_0018_E_0012882,-3.4768530955
CtrSVDD_0019_E_0012883,-3.7260251065
CtrSVDD_0020_E_0012884,-4.4837249576
CtrSVDD_0021_E_0012885,-5.2056152781
CtrSVDD_0022_E_0012886,-1.4706358542
CtrSVDD_0023_E_0012887,-0.4848395315
CtrSVDD_0024_E_0012888,-4.3519271354
CtrSVDD_0025_E_0012889,-1.2136317090
CtrSVDD_0026_E_0012890,-1.8792421135
CtrSVDD_0027_E_0012891,-4.2334724423
CtrSVDD_0028_E_0012892,-1.8786164552
CtrSVDD_0029_E_0012893,-0.9972598582
CtrSVDD_0030_E_0012894,-3.8741942076
CtrSVDD_0031_E_0012895,0.3984613015
CtrSVDD_0032_E_0012896,-3.0043635466
CtrSVDD_0033_E_0012897,-2.8622087388
CtrSVDD_0034_E_0012898,-0.7499948413
CtrSVDD_0035_E_0012899,-3.9605220205
CtrSVDD_0036_E_0012900,-2.2521135938
CtrSVDD_0037_E_0012901,-0.9107237470
CtrSVDD_0038_E_0012902,1.6348377422
CtrSVDD_0039_E_0012903,0.3365975677
CtrSVDD_0040_E_0012904,-3.9679293287
CtrSVDD_0041_E_0012905,2.0027801363
CtrSVDD_0042_E_0012906,-3.8290020881
CtrSVDD_0043_E_0012907,-2.2397255884
CtrSVDD_0044_E_0012908,1.5595696761
CtrSVDD_0045_E_0012909,-4.0477649345
CtrSVDD_0046_E_0012910,-2.7087657957
CtrSVDD_0047_E_0012911,2.1908890624
CtrSVDD_0000_E_0012912,-2.5350658514
CtrSVDD_0001_E_0012913,-3.9553988249
CtrSVDD_0002_E_0012914,-2.6090663416
CtrSVDD_0003_E_0012915,-3.3167774734
CtrSVDD_0004_E_0012916,-1.7547152679
CtrSVDD_0005_E_0012917,-3.2916601648
CtrSVDD_0006_E_0012918,-1.7484462966
CtrSVDD_0007_E_0012919,-3.9864619042
CtrSVDD_0008_E_0012920,0.1875009982
CtrSVDD_0009_E_0012921,-5.2575306709
CtrSVDD_0010_E_0012922,0.0931539598
CtrSVDD_0011_E_0012923,-4.9877597450
CtrSVDD_0012_E_0012924,-0.1311617906
CtrSVDD_0013_E_0012925,-4.9229617342
CtrSVDD_0014_E_0012926,-3.9358451441
CtrSVDD_0015_E_0012927,-1.3517210508
CtrSVDD_0016_E_0012928,-3.5132437385
CtrSVDD_0017_E_0012929,-1.8765516145
CtrSVDD_0018_E_0012930,-0.0906213158
CtrSVDD_0019_E_0012931,-2.5633618792
CtrSVDD_0020_E_0012932,-4.1113425248
CtrSVDD_0021_E_0012933,-3.8654629076
CtrSVDD_0022_E_0012934,-3.2603726190
CtrSVDD_0023_E_0012935,-3.6541797417
CtrSVDD_0024_E_0012936,-3.5807215786
CtrSVDD_0025_E_0012937,-0.7748743147
CtrSVDD_0026_E_0012938,-3.0058102060
CtrSVDD_0027_E_0012939,-4.5033184959
CtrSVDD_0028_E_0012940,-3.0901898225
CtrSVDD_0029_E_0012941,-4.6479786370
CtrSVDD_0030_E_0012942,-4.4502689509
CtrSVDD_0031_E_0012943,-4.5545379292
CtrSVDD_0032_E_0012944,-3.6147276538
CtrSVDD_0033_E_0012945,-1.8407598473
CtrSVDD_0034_E_0012946,-2.5191756888
CtrSVDD_0035_E_0012947,-3.2847311881
CtrSVDD_0036_E_0012948,-3.6201271410
CtrSVDD_0037_E_0012949,-4.5235505328
CtrSVDD_0038_E_0012950,-4.3537052908
CtrSVDD_0039_E_0012951,-1.7141807469
CtrSVDD_0040_E_0012952,-2.4823327606
CtrSVDD_0041_E_0012953,-5.8777933637
CtrSVDD_0042_E_0012954,-3.9844682988
CtrSVDD_0043_E_0012955,-4.0428376942
CtrSVDD_0044_E_0012956,-3.9705389527
CtrSVDD_0045_E_0012957,-2.2718224204
CtrSVDD_0046_E_0012958,-3.6562569938
CtrSVDD_0047_E_0012959,-1.4503010699
CtrSVDD_0000_E_0012960,1.2586761719
CtrSVDD_0001_E_0012961,-3.4813881538
CtrSVDD_0002_E_0012962,-2.5985170886
CtrSVDD_0003_E_0012963,-1.9168997106
CtrSVDD_0004_E_0012964,-3.6799895148
CtrSVDD_0005_E_0012965,-4.5481382514
CtrSVDD_0006_E_0012966,-2.1712273982
CtrSVDD_0007_E_0012967,-2.4657491543
CtrSVDD_0008_E_0012968,-0.8488412470
CtrSVDD_0009_E_0012969,-2.8218153800
CtrSVDD_0010_E_0012970,-0.3603019928
CtrSVDD_0011_E_0012971,0.4857699121
CtrSVDD_0012_E_0012972,-4.9535399895
CtrSVDD_0013_E_0012973,-3.8128870495
CtrSVDD_0014_E_0012974,-5.0968063067
CtrSVDD_0015_E_0012975,1.1764945189
CtrSVDD_0016_E_0012976,-3.0921770023
CtrSVDD_0017_E_0012977,-4.2717779466
CtrSVDD_0018_E_0012978,-2.8051855569
CtrSVDD_0019_E_0012979,-1.8438851474
CtrSVDD_0020_E_0012980,-2.2120383498
CtrSVDD_0021_E_0012981,-3.1490561748
CtrSVDD_0022_E_0012982,-1.6035332955
CtrSVDD_0023_E_0012983,-3.6678902939
CtrSVDD_0024_E_0012984,-1.6798254384
CtrSVDD_0025_E_0012985,-3.7165586188
CtrSVDD_0026_E_0012986,-4.0573756168
CtrSVDD_0027_E_0012987,-4.3432567989
CtrSVDD_0028_E_0012988,-3.4860990143
CtrSVDD_0029_E_0012989,-3.8557347915
CtrSVDD_0030_E_0012990,-3.4660630950
CtrSVDD_0031_E_0012991,-2.7182493434
CtrSVDD_0032_E_0012992,-4.0401634319
CtrSVDD_0033_E_0012993,-1.8134544657
CtrSVDD_0034_E_0012994,-3.3406533920
CtrSVDD_0035_E_0012995,-3.3115336004
CtrSVDD_0036_E_0012996,0.5326035623
CtrSVDD_0037_E_0012997,-2.7632648835
CtrSVDD_0038_E_0012998,-1.4005894832
CtrSVDD_0039_E_0012999,-4.2282240644
CtrSVDD_0040_E_0013000,-3.9926887111
CtrSVDD_0041_E_0013001,-0.8110665519
CtrSVDD_0042_E_0013002,-3.9709240810
CtrSVDD_0043_E_0013003,-0.2278607921
CtrSVDD_0044_E_0013004,-1.4808098171
CtrSVDD_0045_E_0013005,-5.3379170196
CtrSVDD_0046_E_0013006,0.3743454506
CtrSVDD_0047_E_0013007,-3.5183151584
CtrSVDD_0000_E_0013008,-2.7825738319
CtrSVDD_0001_E_0013009,-4.1026652834
CtrSVDD_0002_E_0013010,-4.4923587712
CtrSVDD_0003_E_0013011,-4.3632734531
CtrSVDD_0004_E_0013012,-4.9445160714
CtrSVDD_0005_E_0013013,-3.7950685829
CtrSVDD_0006_E_0013014,0.3893914348
CtrSVDD_0007_E_0013015,-3.4265381853
CtrSVDD_0008_E_0013016,-1.8963181592
CtrSVDD_0009_E_0013017,0.0501619362
CtrSVDD_0010_E_0013018,-3.5800064709
CtrSVDD_0011_E_0013019,1.1215552445
CtrSVDD_0012_E_0013020,-2.2871546128
CtrSVDD_0013_E_0013021,-2.5132043525
CtrSVDD_0014_E_0013022,-3.3561574785
CtrSVDD_0015_E_0013023,-1.5836154758
CtrSVDD_0016_E_0013024,-1.5926722045
CtrSVDD_0017_E_0013025,0.7008900483
CtrSVDD_0018_E_0013026,-3.0440892291
CtrSVDD_0019_E_0013027,-5.1854461331
CtrSVDD_0020_E_0013028,-4.1250106842
CtrSVDD_0021_E_0013029,-2.6458203083
CtrSVDD_0022_E_0013030,-1.7926614767
CtrSVDD_0023_E_0013031,-1.7196587146
CtrSVDD_0024_E_0013032,-2.8339794697
CtrSVDD_0025_E_0013033,-3.9600872203
CtrSVDD_0026_E_0013034,-3.6591438261
CtrSVDD_0027_E_0013035,-3.1410991610
CtrSVDD_0028_E_0013036,-2.9871096392
CtrSVDD_0029_E_0013037,-1.0030326033
CtrSVDD_0030_E_0013038,-3.4753422305
CtrSVDD_0031_E_0013039,-2.6928095341
CtrSVDD_0032_E_0013040,-0.7299943045
CtrSVDD_0033_E_0013041,-1.8427322750
CtrSVDD_0034_E_0013042,-0.2915282760
CtrSVDD_0035_E_0013043,-2.4080972763
CtrSVDD_0036_E_0013044,0.5921658805
CtrSVDD_0037_E_0013045,-5.3910098166
CtrSVDD_0038_E_0013046,-4.9087778066
CtrSVDD_0039_E_0013047,-3.2452590588
CtrSVDD_0040_E_0013048,-2.6275227931
CtrSVDD_0041_E_0013049,-2.4915988919
CtrSVDD_0042_E_0013050,-3.7734168368
CtrSVDD_0043_E_0013051,0.6701060655
CtrSVDD_0044_E_0013052,-0.2049494660
CtrSVDD_0045_E_0013053,-5.2243954817
CtrSVDD_0046_E_0013054,-3.7662328398
CtrSVDD_0047_E_0013055,-3.8395932954
CtrSVDD_0000_E_0013056,-4.4371678991
CtrSVDD_0001_E_0013057,-3.0318466510
CtrSVDD_0002_E_0013058,-5.1339505063
CtrSVDD_0003_E_0013059,-4.2031207695
CtrSVDD_0004_E_0013060,-0.9755340958
CtrSVDD_0005_E_0013061,-2.0822757682
CtrSVDD_0006_E_0013062,-4.8289559410
CtrSVDD_0007_E_0013063,-2.1309154750
CtrSVDD_0008_E_0013064,-0.6489673737
CtrSVDD_0009_E_0013065,0.0295411855
CtrSVDD_0010_E_0013066,0.5865921165
CtrSVDD_0011_E_0013067,-2.2437074947
CtrSVDD_0012_E_0013068,-0.9899070206
CtrSVDD_0013_E_0013069,-2.1103422673
CtrSVDD_0014_E_0013070,-0.3564347832
CtrSVDD_0015_E_0013071,-3.8409133278
CtrSVDD_0016_E_0013072,-2.4168873104
CtrSVDD_0017_E_0013073,-3.2075468580
CtrSVDD_0018_E_0013074,-3.3673783076
CtrSVDD_0019_E_0013075,1.4017293963
CtrSVDD_0020_E_0013076,0.3002966440
CtrSVDD_0021_E_0013077,-0.9123471796
CtrSVDD_0022_E_0013078,-4.2201193256
CtrSVDD_0023_E_0013079,-3.1408012614
CtrSVDD_0024_E_0013080,-3.5869127540
CtrSVDD_0025_E_0013081,-0.4780647520
CtrSVDD_0026_E_0013082,-3.5531786595
CtrSVDD_0027_E_0013083,-1.4071105906
CtrSVDD_0028_E_0013084,-2.6662568574
CtrSVDD_0029_E_0013085,2.7402957116
CtrSVDD_0030_E_0013086,-4.4625288311
CtrSVDD_0031_E_0013087,-3.0138733414
CtrSVDD_0032_E_0013088,-5.4908611511
CtrSVDD_0033_E_0013089,-3.0260087443
CtrSVDD_0034_E_0013090,-4.3597093191
CtrSVDD_0035_E_0013091,-0.4211150273
CtrSVDD_0036_E_0013092,-3.6152914179
CtrSVDD_0037_E_0013093,-3.7683072986
CtrSVDD_0038_E_0013094,-5.1439774434
CtrSVDD_0039_E_0013095,-2.2970641851
CtrSVDD_0040_E_0013096,-3.3791617722
CtrSVDD_0041_E_0013097,-0.0986194683
CtrSVDD_0042_E_0013098,0.8861104068
CtrSVDD_0043_E_0013099,-2.7975089157
CtrSVDD_0044_E_0013100,-3.1401009136
CtrSVDD_0045_E_0013101,-0.8504754151
CtrSVDD_0046_E_0013102,0.9611126384
CtrSVDD_0047_E_0013103,-4.8458681179
CtrSVDD_0000_E_0013104,-3.3001388971
CtrSVDD_0001_E_0013105,-2.6292877323
CtrSVDD_0002_E_0013106,-3.5041623797
CtrSVDD_0003_E_0013107,-2.9861052772
CtrSVDD_0004_E_0013108,1.5096279205
CtrSVDD_0005_E_0013109,-3.8691002361
CtrSVDD_0006_E_0013110,-4.4644981276
CtrSVDD_0007_E_0013111,-5.9800680601
CtrSVDD_0008_E_0013112,-3.9802797787
CtrSVDD_0009_E_0013113,-4.2689304422
CtrSVDD_0010_E_0013114,-0.6335639850
CtrSVDD_0011_E_0013115,-3.4723217129
CtrSVDD_0012_E_0013116,-1.6783108857
CtrSVDD_0013_E_0013117,-3.5306538072
CtrSVDD_0014_E_0013118,0.3151104336
CtrSVDD_0015_E_0013119,-5.0859882572
CtrSVDD_0016_E_0013120,-1.7830692798
CtrSVDD_0017_E_0013121,-4.9620365407
CtrSVDD_0018_E_0013122,-3.8545831351
CtrSVDD_0019_E_0013123,-3.6251122054
CtrSVDD_0020_E_0013124,-4.5228438176
CtrSVDD_0021_E_0013125,-1.0159714529
CtrSVDD_0022_E_0013126,-3.2193253546
CtrSVDD_0023_E_0013127,-0.5585763374
CtrSVDD_0024_E_0013128,-5.2609610518
CtrSVDD_0025_E_0013129,-3.7721927481
CtrSVDD_0026_E_0013130,-2.7997124201
CtrSVDD_0027_E_0013131,-2.2005073084
CtrSVDD_0028_E_0013132,-3.9416936623
CtrSVDD_0029_E_0013133,-3.6158682329
CtrSVDD_0030_E_0013134,-2.5460912975
CtrSVDD_0031_E_0013135,-1.9852948068
CtrSVDD_0032_E_0013136,-2.7882401061
CtrSVDD_0033_E_0013137,-3.2858194419
CtrSVDD_0034_E_0013138,-2.2306372406
CtrSVDD_0035_E_0013139,-1.7338375634
CtrSVDD_0036_E_0013140,-4.9138631261
CtrSVDD_0037_E_0013141,0.4895646950
CtrSVDD_0038_E_0013142,-2.9066305928
CtrSVDD_0039_E_0013143,-1.1208576028
CtrSVDD_0040_E_0013144,-3.7370151140
CtrSVDD_0041_E_0013145,0.8742407230
CtrSVDD_0042_E_0013146,-2.5888097149
CtrSVDD_0043_E_0013147,-2.4486230340
CtrSVDD_0044_E_0013148,0.0632466275
CtrSVDD_0045_E_0013149,-2.9085227008
CtrSVDD_0046_E_0013150,0.3788501997
CtrSVDD_0047_E_0013151,-3.5193348455
CtrSVDD_0000_E_0013152,-2.6248029617
CtrSVDD_0001_E_0013153,-3.8373355405
CtrSVDD_0002_E_0013154,-0.7913924325
CtrSVDD_0003_E_0013155,-0.3474721907
CtrSVDD_0004_E_0013156,0.1034724993
CtrSVDD_0005_E_0013157,0.5667698816
CtrSVDD_0006_E_0013158,-1.9475162806
CtrSVDD_0007_E_0013159,-0.2886104937
CtrSVDD_0008_E_0013160,-4.7526175410
CtrSVDD_0009_E_0013161,-1.3347410034
CtrSVDD_0010_E_0013162,-0.5982619239
CtrSVDD_0011_E_0013163,-4.4472961153
CtrSVDD_0012_E_0013164,-3.8774444919
CtrSVDD_0013_E_0013165,1.5939241568
CtrSVDD_0014_E_0013166,-3.4111674189
CtrSVDD_0015_E_0013167,-3.4497169684
CtrSVDD_0016_E_0013168,-4.6010816286
CtrSVDD_0017_E_0013169,-3.5922509036
CtrSVDD_0018_E_0013170,-3.4323977976
CtrSVDD_0019_E_0013171,-1.4921516449
CtrSVDD_0020_E_0013172,-4.6390166501
CtrSVDD_0021_E_0013173,-1.6845475769
CtrSVDD_0022_E_0013174,-3.6486658143
CtrSVDD_0023_E_0013175,-3.3252767606
CtrSVDD_0024_E_0013176,-1.7936296136
CtrSVDD_0025_E_0013177,-4.8330638571
CtrSVDD_0026_E_0013178,-3.5070476076
CtrSVDD_0027_E_0013179,-2.8547957132
CtrSVDD_0028_E_0013180,-5.6389899005
CtrSVDD_0029_E_0013181,-2.5339558091
CtrSVDD_0030_E_0013182,-1.8509683456
CtrSVDD_0031_E_0013183,-4.3314797044
CtrSVDD_0032_E_0013184,-2.2802002803
CtrSVDD_0033_E_0013185,-4.9324476324
CtrSVDD_0034_E_0013186,-2.8801585515
CtrSVDD_0035_E_0013187,-5.0090606325
CtrSVDD_0036_E_0013188,-4.1639400736
CtrSVDD_0037_E_0013189,-3.4384359190
CtrSVDD_0038_E_0013190,-3.6939694400
CtrSVDD_0039_E_0013191,-5.3214905779
CtrSVDD_0040_E_0013192,1.0492027322
CtrSVDD_0041_E_0013193,-1.1817149383
CtrSVDD_0042_E_0013194,-3.1520394365
CtrSVDD_0043_E_0013195,-1.5619298983
CtrSVDD_0044_E_0013196,-3.8892407825
CtrSVDD_0045_E_0013197,1.0913665906
CtrSVDD_0046_E_0013198,-4.1362569127
CtrSVDD_0047_E_0013199,-1.9143535218
CtrSVDD_0000_E_0013200,0.2345380440
CtrSVDD_0001_E_0013201,-4.0067846007
CtrSVDD_0002_E_0013202,-4.3846085649
CtrSVDD_0003_E_0013203,-3.4616405892
CtrSVDD_0004_E_0013204,-5.7586652946
CtrSVDD_0005_E_0013205,0.0468765635
CtrSVDD_0006_E_0013206,-2.2233221442
CtrSVDD_0007_E_0013207,-3.6874085347
CtrSVDD_0008_E_0013208,-0.4443244374
CtrSVDD_0009_E_0013209,-2.0750615783
CtrSVDD_0010_E_0013210,-0.5973217242
CtrSVDD_0011_E_0013211,1.3608879341
CtrSVDD_0012_E_0013212,-4.8046571882
CtrSVDD_0013_E_0013213,-1.3893857450
CtrSVDD_0014_E_0013214,-3.2468479148
CtrSVDD_0015_E_0013215,-2.9223840421
CtrSVDD_0016_E_0013216,-4.8512146301
CtrSVDD_0017_E_0013217,-2.7696360816
CtrSVDD_0018_E_0013218,-3.7126491067
CtrSVDD_0019_E_0013219,-1.9237028991
CtrSVDD_0020_E_0013220,-4.5105014482
CtrSVDD_0021_E_0013221,-2.7820257449
CtrSVDD_0022_E_0013222,-0.3833356591
CtrSVDD_0023_E_0013223,-1.6086134433
CtrSVDD_0024_E_0013224,-1.9116168189
CtrSVDD_0025_E_0013225,-2.3118977070
CtrSVDD_0026_E_0013226,-5.4325300083
CtrSVDD_0027_E_0013227,-3.0393609457
CtrSVDD_0028_E_0013228,-3.9315964900
CtrSVDD_0029_E_0013229,-5.3157994116
CtrSVDD_0030_E_0013230,-3.5569645629
CtrSVDD_0031_E_0013231,-2.9241522880
CtrSVDD_0032_E_0013232,-4.1002142385
CtrSVDD_0033_E_0013233,-2.5773834502
CtrSVDD_0034_E_0013234,-4.5249007532
CtrSVDD_0035_E_0013235,-2.7507041182
CtrSVDD_0036_E_0013236,-4.8946830450
CtrSVDD_0037_E_0013237,-2.0768626195
CtrSVDD_0038_E_0013238,-4.4295837705
CtrSVDD_0039_E_0013239,-4.3253082700
CtrSVDD_0040_E_0013240,-2.9951899378
CtrSVDD_0041_E_0013241,-4.9146202050
CtrSVDD_0042_E_0013242,-2.7187997019
CtrSVDD_0043_E_0013243,-5.1515151567
CtrSVDD_0044_E_0013244,-3.0021485059
CtrSVDD_0045_E_0013245,-0.8562630518
CtrSVDD_0046_E_0013246,-2.9655467014
CtrSVDD_0047_E_0013247,-1.6898076786
CtrSVDD_0000_E_0013248,-4.5310906467
CtrSVDD_0001_E_0013249,-4.3919039179
CtrSVDD_0002_E_0013250,-2.3961455558
CtrSVDD_0003_E_0013251,-2.5080538396
CtrSVDD_0004_E_0013252,-3.1552173101
CtrSVDD_0005_E_0013253,-4.1026830252
CtrSVDD_0006_E_0013254,-1.8277521864
CtrSVDD_0007_E_0013255,-3.3466001987
CtrSVDD_0008_E_0013256,-2.6683979287
CtrSVDD_0009_E_0013257,-4.0671085617
CtrSVDD_0010_E_0013258,-1.0065020892
CtrSVDD_0011_E_0013259,1.6137354486
CtrSVDD_0012_E_0013260,-3.2363951184
CtrSVDD_0013_E_0013261,-3.6075089576
CtrSVDD_0014_E_0013262,1.1803056772
CtrSVDD_0015_E_0013263,-3.7235746725
CtrSVDD_0016_E_0013264,-1.1131889114
CtrSVDD_0017_E_0013265,-5.8526507649
CtrSVDD_0018_E_0013266,-0.2206887118
CtrSVDD_0019_E_0013267,-4.0466798167
CtrSVDD_0020_E_0013268,-2.0381896570
CtrSVDD_0021_E_0013269,-4.5945030351
CtrSVDD_0022_E_0013270,-3.0887563206
CtrSVDD_0023_E_0013271,-5.2224987374
CtrSVDD_0024_E_0013272,0.2856951664
CtrSVDD_0025_E_0013273,-0.3668543308
CtrSVDD_0026_E_0013274,-1.2711282247
CtrSVDD_0027_E_0013275,-0.6552973490
CtrSVDD_0028_E_0013276,-3.6429099036
CtrSVDD_0029_E_0013277,-3.9475766109
CtrSVDD_0030_E_0013278,-3.9589341953
CtrSVDD_0031_E_0013279,-4.0046531393
CtrSVDD_0032_E_0013280,-1.9061752560
CtrSVDD_0033_E_0013281,0.4169668571
CtrSVDD_0034_E_0013282,-4.4883447231
CtrSVDD_0035_E_0013283,1.2901844981
CtrSVDD_0036_E_0013284,-2.6919358304
CtrSVDD_0037_E_0013285,-0.8928511109
CtrSVDD_0038_E_0013286,-2.7230794085
CtrSVDD_0039_E_0013287,0.7654651014
CtrSVDD_0040_E_0013288,-3.1232920417
CtrSVDD_0041_E_0013289,-0.0007047398
CtrSVDD_0042_E_0013290,-3.8018371175
CtrSVDD_0043_E_0013291,-0.5865921165
CtrSVDD_0044_E_0013292,-3.0822851771
CtrSVDD_0045_E_0013293,-1.0197089881
CtrSVDD_0046_E_0013294,-0.2013224279
CtrSVDD_0047_E_0013295,-4.2115841303
CtrSVDD_0000_E_0013296,-3.7474557956
CtrSVDD_0001_E_0013297,-3.1848583169
CtrSVDD_0002_E_0013298,-4.1843108530
CtrSVDD_0003_E_0013299,-3.0952075434
CtrSVDD_0004_E_0013300,-0.8570085961
CtrSVDD_0005_E_0013301,-2.6476603710
CtrSVDD_0006_E_0013302,-3.3333233126
CtrSVDD_0007_E_0013303,-3.4875071294
CtrSVDD_0008_E_0013304,0.1892608309
CtrSVDD_0009_E_0013305,-3.6532909381
CtrSVDD_0010_E_0013306,-1.4757415990
CtrSVDD_0011_E_0013307,-2.9605759971
CtrSVDD_0012_E_0013308,-0.2740578323
CtrSVDD_0013_E_0013309,-3.5060676525
CtrSVDD_0014_E_0013310,-1.3890379485
CtrSVDD_0015_E_0013311,-3.4278482505
CtrSVDD_0016_E_0013312,-1.1144948228
CtrSVDD_0017_E_0013313,-2.9397107092
CtrSVDD_0018_E_0013314,-2.4712522242
CtrSVDD_0019_E_0013315,-3.8707282192
CtrSVDD_0020_E_0013316,-6.4865434482
CtrSVDD_0021_E_0013317,-0.1145990573
CtrSVDD_0022_E_0013318,-1.0888326775
CtrSVDD_0023_E_0013319,-4.8686939433
CtrSVDD_0024_E_0013320,-2.9396965225
CtrSVDD_0025_E_0013321,-4.2230702252
CtrSVDD_0026_E_0013322,-1.0531854521
CtrSVDD_0027_E_0013323,0.9338985295
CtrSVDD_0028_E_0013324,-3.4277820124
CtrSVDD_0029_E_0013325,-3.4752976708
CtrSVDD_0030_E_0013326,-2.6391434453
CtrSVDD_0031_E_0013327,-0.9176216787
CtrSVDD_0032_E_0013328,-2.5106472197
CtrSVDD_0033_E_0013329,-3.3462737564
CtrSVDD_0034_E_0013330,-2.5125391396
CtrSVDD_0035_E_0013331,-2.7037048843
CtrSVDD_0036_E_0013332,-2.6371093871
CtrSVDD_0037_E_0013333,-2.6856088252
CtrSVDD_0038_E_0013334,-0.1414404467
CtrSVDD_0039_E_0013335,-0.4181151277
CtrSVDD_0040_E_0013336,-2.1505331941
CtrSVDD_0041_E_0013337,-2.3443020226
CtrSVDD_0042_E_0013338,-4.2065232189
CtrSVDD_0043_E_0013339,-4.9817256678
CtrSVDD_0044_E_0013340,-0.1307643960
CtrSVDD_0045_E_0013341,-1.3654700618
CtrSVDD_0046_E_0013342,-3.7142926678
CtrSVDD_0047_E_0013343,-3.9608620473
CtrSVDD_0000_E_0013344,-4.4489942207
CtrSVDD_0001_E_0013345,-4.0271976677
CtrSVDD_0002_E_0013346,-2.7104590901
CtrSVDD_0003_E_0013347,-1.1849935704
CtrSVDD_0004_E_0013348,1.4308399829
CtrSVDD_0005_E_0013349,-5.4719858255
CtrSVDD_0006_E_0013350,-3.2430237693
CtrSVDD_0007_E_0013351,-3.1586025674
CtrSVDD_0008_E_0013352,-2.3378878748
CtrSVDD_0009_E_0013353,-1.7998588328
CtrSVDD_0010_E_0013354,-2.8404093227
CtrSVDD_0011_E_0013355,-6.6224357570
CtrSVDD_0012_E_0013356,-1.5881059467
CtrSVDD_0013_E_0013357,-5.2372620422
CtrSVDD_0014_E_0013358,-3.1848026980
CtrSVDD_0015_E_0013359,-3.9434925002
CtrSVDD_0016_E_0013360,0.2408003976
CtrSVDD_0017_E_0013361,-1.2575975953
CtrSVDD_0018_E_0013362,-4.3425559158
CtrSVDD_0019_E_0013363,-1.2143460068
CtrSVDD_0020_E_0013364,-4.3578750908
CtrSVDD_0021_E_0013365,-3.1016391957
CtrSVDD_0022_E_0013366,-0.4320066126
CtrSVDD_0023_E_0013367,-1.0035729494
CtrSVDD_0024_E_0013368,-3.2517176577
CtrSVDD_0025_E_0013369,-3.0680917476
CtrSVDD_0026_E_0013370,-4.6222639900
CtrSVDD_0027_E_0013371,-0.3756895267
CtrSVDD_0028_E_0013372,-2.2489364723
CtrSVDD_0029_E_0013373,-3.9802385893
CtrSVDD_0030_E_0013374,0.5949194409
CtrSVDD_0031_E_0013375,-2.7407117207
CtrSVDD_0032_E_0013376,-5.2818150395
CtrSVDD_0033_E_0013377,-2.6406015812
CtrSVDD_0034_E_0013378,-3.9157047728
CtrSVDD_0035_E_0013379,-4.2373822899
CtrSVDD_0036_E_0013380,-0.5537352875
CtrSVDD_0037_E_0013381,-4.9488736615
CtrSVDD_0038_E_0013382,-2.6707758104
CtrSVDD_0039_E_0013383,-4.5838480706
CtrSVDD_0040_E_0013384,-1.8385835646
CtrSVDD_0041_E_0013385,-5.4827463759
CtrSVDD_0042_E_0013386,-4.0985443353
CtrSVDD_0043_E_0013387,-2.8444432033
CtrSVDD_0044_E_0013388,-4.1488011225
CtrSVDD_0045_E_0013389,-3.2783112837
CtrSVDD_0046_E_0013390,-0.3134928526
CtrSVDD_0047_E_0013391,-4.0716775112
CtrSVDD_0000_E_0013392,-3.6710890438
CtrSVDD_0001_E_0013393,-4.2409732609
CtrSVDD_0002_E_0013394,-1.0371516685
CtrSVDD_0003_E_0013395,-3.2894345279
CtrSVDD_0004_E_0013396,-4.4458119554
CtrSVDD_0005_E_0013397,-4.4743854617
CtrSVDD_0006_E_0013398,-3.5499145792
CtrSVDD_0007_E_0013399,-3.2107506043
CtrSVDD_0008_E_0013400,-1.8207925786
CtrSVDD_0009_E_0013401,-2.2030165923
CtrSVDD_0010_E_0013402,0.2581165434
CtrSVDD_0011_E_0013403,-3.3657117304
CtrSVDD_0012_E_0013404,-2.8738674995
CtrSVDD_0013_E_0013405,-2.2633900885
CtrSVDD_0014_E_0013406,2.4420658437
CtrSVDD_0015_E_0013407,-4.9691488332
CtrSVDD_0016_E_0013408,0.1268671111
CtrSVDD_0017_E_0013409,-3.7961280065
CtrSVDD_0018_E_0013410,-0.1949601979
CtrSVDD_0019_E_0013411,-3.1873354607
CtrSVDD_0020_E_0013412,-0.7533196212
CtrSVDD_0021_E_0013413,-5.1605737467
CtrSVDD_0022_E_0013414,-2.0267388684
CtrSVDD_0023_E_0013415,-4.3605705896
CtrSVDD_0024_E_0013416,-3.8156036555
CtrSVDD_0025_E_0013417,-4.0974478976
CtrSVDD_0026_E_0013418,-3.7710545777
CtrSVDD_0027_E_0013419,0.2752454191
CtrSVDD_0028_E_0013420,-6.2302057259
CtrSVDD_0029_E_0013421,-3.7340300347
CtrSVDD_0030_E_0013422,-3.0456698872
CtrSVDD_0031_E_0013423,2.1757241556
CtrSVDD_0032_E_0013424,-3.0848760476
CtrSVDD_0033_E_0013425,0.3017602678
CtrSVDD_0034_E_0013426,-1.1118956117
CtrSVDD_0035_E_0013427,0.3999761177
CtrSVDD_0036_E_0013428,-2.2697194917
CtrSVDD_0037_E_0013429,0.5309923114
CtrSVDD_0038_E_0013430,-1.3704981717
CtrSVDD_0039_E_0013431,-2.9242161457
CtrSVDD_0040_E_0013432,0.7163547607
CtrSVDD_0041_E_0013433,-2.6572738965
CtrSVDD_0042_E_0013434,-3.1081375570
CtrSVDD_0043_E_0013435,-3.2395351096
CtrSVDD_0044_E_0013436,-0.1874745823
CtrSVDD_0045_E_0013437,0.4350798563
CtrSVDD_0046_E_0013438,-5.6127550343
CtrSVDD_0047_E_0013439,-4.1349989974
CtrSVDD_0000_E_0013440,-2.9751414659
CtrSVDD_0001_E_0013441,-1.6387285814
CtrSVDD_0002_E_0013442,-3.5275476309
CtrSVDD_0003_E_0013443,-4.0493529268
CtrSVDD_0004_E_0013444,-3.3929056323
CtrSVDD_0005_E_0013445,-1.3127867300
CtrSVDD_0006_E_0013446,-2.4472796253
CtrSVDD_0007_E_0013447,-3.5992348545
CtrSVDD_0008_E_0013448,-2.9521934194
CtrSVDD_0009_E_0013449,-3.2878245336
CtrSVDD_0010_E_0013450,-0.5832725752
CtrSVDD_0011_E_0013451,-3.6411862703
CtrSVDD_0012_E_0013452,2.1353653312
CtrSVDD_0013_E_0013453,1.6787952007
CtrSVDD_0014_E_0013454,-4.3042149441
CtrSVDD_0015_E_0013455,-3.7096780716
CtrSVDD_0016_E_0013456,-6.3303794215
CtrSVDD_0017_E_0013457,-2.5028773967
CtrSVDD_0018_E_0013458,-0.2537804489
CtrSVDD_0019_E_0013459,-1.9397071475
CtrSVDD_0020_E_0013460,-4.1913320270
CtrSVDD_0021_E_0013461,-3.4211968124
CtrSVDD_0022_E_0013462,-3.6008815544
CtrSVDD_0023_E_0013463,-4.0525315069
CtrSVDD_0024_E_0013464,-0.3438424740
CtrSVDD_0025_E_0013465,1.2464162809
CtrSVDD_0026_E_0013466,0.7199753406
CtrSVDD_0027_E_0013467,-1.3670761388
CtrSVDD_0028_E_0013468,-4.5334644769
CtrSVDD_0029_E_0013469,-3.1646143588
CtrSVDD_0030_E_0013470,-2.9438932974
CtrSVDD_0031_E_0013471,-3.0028359393
CtrSVDD_0032_E_0013472,-3.4136623148
CtrSVDD_0033_E_0013473,-4.1469999967
CtrSVDD_0034_E_0013474,-3.1206671463
CtrSVDD_0035_E_0013475,-3.6350960585
CtrSVDD_0036_E_0013476,0.7455899122
CtrSVDD_0037_E_0013477,-2.4210808190
CtrSVDD_0038_E_0013478,-1.7554874826
CtrSVDD_0039_E_0013479,-4.1996090171
CtrSVDD_0040_E_0013480,-3.9284175999
CtrSVDD_0041_E_0013481,-2.7647870143
CtrSVDD_0042_E_0013482,-2.7205905023
CtrSVDD_0043_E_0013483,0.0384761641
CtrSVDD_0044_E_0013484,-3.7483459176
CtrSVDD_0045_E_0013485,-2.8178746106
CtrSVDD_0046_E_0013486,-3.3533209605
CtrSVDD_0047_E_0013487,-4.0031566369
CtrSVDD_0000_E_0013488,-4.7158944796
CtrSVDD_0001_E_0013489,-3.4490035746
CtrSVDD_0002_E_0013490,1.0619105681
CtrSVDD_0003_E_0013491,-2.5979760728
CtrSVDD_0004_E_0013492,-0.6778697032
CtrSVDD_0005_E_0013493,-0.0272797511
CtrSVDD_0006_E_0013494,0.0034969774
CtrSVDD_0007_E_0013495,-0.8455718363
CtrSVDD_0008_E_0013496,-4.6555992605
CtrSVDD_0009_E_0013497,-4.4622213720
CtrSVDD_0010_E_0013498,-2.8264585989
CtrSVDD_0011_E_0013499,-2.5052966199
CtrSVDD_0012_E_0013500,-2.1070985480
CtrSVDD_0013_E_0013501,0.8138400168
CtrSVDD_0014_E_0013502,-3.3403913149
CtrSVDD_0015_E_0013503,-3.6339651827
CtrSVDD_0016_E_0013504,-3.3161948522
CtrSVDD_0017_E_0013505,-2.6492865598
CtrSVDD_0018_E_0013506,-3.8153235647
CtrSVDD_0019_E_0013507,-2.7083740847
CtrSVDD_0020_E_0013508,-4.4714976788
CtrSVDD_0021_E_0013509,-3.3154019993
CtrSVDD_0022_E_0013510,-5.4856261430
CtrSVDD_0023_E_0013511,-3.2442003783
CtrSVDD_0024_E_0013512,-6.4228295948
CtrSVDD_0025_E_0013513,-2.9113051096
CtrSVDD_0026_E_0013514,-2.2644308617
CtrSVDD_0027_E_0013515,0.0917491809
CtrSVDD_0028_E_0013516,-5.6990408485
CtrSVDD_0029_E_0013517,-2.8760178573
CtrSVDD_0030_E_0013518,-3.4201079940
CtrSVDD_0031_E_0013519,-1.0920783627
CtrSVDD_0032_E_0013520,-3.0589582776
CtrSVDD_0033_E_0013521,-4.0879254396
CtrSVDD_0034_E_0013522,0.5651281436
CtrSVDD_0035_E_0013523,-2.2999973706
CtrSVDD_0036_E_0013524,-2.6112931591
CtrSVDD_0037_E_0013525,-6.0901779129
CtrSVDD_0038_E_0013526,-4.2303758155
CtrSVDD_0039_E_0013527,-0.6320660016
CtrSVDD_0040_E_0013528,-4.4662813604
CtrSVDD_0041_E_0013529,-3.8411671764
CtrSVDD_0042_E_0013530,-2.1683150931
CtrSVDD_0043_E_0013531,-1.1180661056
CtrSVDD_0044_E_0013532,-3.7424959356
CtrSVDD_0045_E_0013533,-3.3019440154
CtrSVDD_0046_E_0013534,-1.4661874182
CtrSVDD_0047_E_0013535,-3.4023441908
CtrSVDD_0000_E_0013536,-0.8737065351
CtrSVDD_0001_E_0013537,0.2653542101
CtrSVDD_0002_E_0013538,-1.1302508567
CtrSVDD_0003_E_0013539,-5.3364166336
CtrSVDD_0004_E_0013540,-3.8084337700
CtrSVDD_0005_E_0013541,-2.3651598882
CtrSVDD_0006_E_0013542,1.9924932571
CtrSVDD_0007_E_0013543,-3.4152752032
CtrSVDD_0008_E_0013544,-2.4935144662
CtrSVDD_0009_E_0013545,-1.2927521004
CtrSVDD_0010_E_0013546,-5.8639536671
CtrSVDD_0011_E_0013547,-1.5952505772
CtrSVDD_0012_E_0013548,0.5190095503
CtrSVDD_0013_E_0013549,-3.4775948303
CtrSVDD_0014_E_0013550,-4.4202257390
CtrSVDD_0015_E_0013551,0.8778551678
CtrSVDD_0016_E_0013552,-3.2658480549
CtrSVDD_0017_E_0013553,-2.8975325432
CtrSVDD_0018_E_0013554,-3.5117221854
CtrSVDD_0019_E_0013555,-4.6452663199
CtrSVDD_0020_E_0013556,-4.7054881514
CtrSVDD_0021_E_0013557,-0.7983538465
CtrSVDD_0022_E_0013558,0.8157895069
CtrSVDD_0023_E_0013559,-4.2609730538
CtrSVDD_0024_E_0013560,-3.3321405674
CtrSVDD_0025_E_0013561,-3.4623089251
CtrSVDD_0026_E_0013562,-3.3872127731
CtrSVDD_0027_E_0013563,-2.2443691291
CtrSVDD_0028_E_0013564,0.5406807072
CtrSVDD_0029_E_0013565,-5.3991335647
CtrSVDD_0030_E_0013566,-2.9178405432
CtrSVDD_0031_E_0013567,-4.6071191503
CtrSVDD_0032_E_0013568,-4.4907478654
CtrSVDD_0033_E_0013569,-3.2303107353
CtrSVDD_0034_E_0013570,-4.2602715320
CtrSVDD_0035_E_0013571,-2.5126876651
CtrSVDD_0036_E_0013572,0.0448336442
CtrSVDD_0037_E_0013573,0.1835676051
CtrSVDD_0038_E_0013574,-2.2789255337
CtrSVDD_0039_E_0013575,0.1815220500
CtrSVDD_0040_E_0013576,-2.8317027141
CtrSVDD_0041_E_0013577,-2.3654527745
CtrSVDD_0042_E_0013578,-2.1698154791
CtrSVDD_0043_E_0013579,-3.8437995309
CtrSVDD_0044_E_0013580,-4.2400066600
CtrSVDD_0045_E_0013581,-3.6136055846
CtrSVDD_0046_E_0013582,0.6269500708
CtrSVDD_0047_E_0013583,1.0419539366
CtrSVDD_0000_E_0013584,-1.2464162809
CtrSVDD_0001_E_0013585,-2.5465563531
CtrSVDD_0002_E_0013586,-3.9789368815
CtrSVDD_0003_E_0013587,-4.1562914104
CtrSVDD_0004_E_0013588,-3.0469812992
CtrSVDD_0005_E_0013589,-4.2670668099
CtrSVDD_0006_E_0013590,-1.7015614091
CtrSVDD_0007_E_0013591,1.2711282247
CtrSVDD_0008_E_0013592,-4.5349916260
CtrSVDD_0009_E_0013593,-1.6618633406
CtrSVDD_0010_E_0013594,-0.8132383237
CtrSVDD_0011_E_0013595,-2.4875237791
CtrSVDD_0012_E_0013596,-0.2993828379
CtrSVDD_0013_E_0013597,-2.9874927257
CtrSVDD_0014_E_0013598,-4.6348621660
CtrSVDD_0015_E_0013599,-4.7673313196
CtrSVDD_0016_E_0013600,-0.4927208810
CtrSVDD_0017_E_0013601,-3.9093142232
CtrSVDD_0018_E_0013602,-3.6283105477
CtrSVDD_0019_E_0013603,-3.0711075532
CtrSVDD_0020_E_0013604,0.1184741650
CtrSVDD_0021_E_0013605,-5.2801995513
CtrSVDD_0022_E_0013606,0.1665228078
CtrSVDD_0023_E_0013607,-0.7019651572
CtrSVDD_0024_E_0013608,-4.2897251983
CtrSVDD_0025_E_0013609,-4.3870994488
CtrSVDD_0026_E_0013610,-4.6280019940
CtrSVDD_0027_E_0013611,-3.5832709198
CtrSVDD_0028_E_0013612,-2.6510158518
CtrSVDD_0029_E_0013613,-4.5977276988
CtrSVDD_0030_E_0013614,-3.0190758211
CtrSVDD_0031_E_0013615,-3.9021983800
CtrSVDD_0032_E_0013616,-2.2512993786
CtrSVDD_0033_E_0013617,-4.6471991701
CtrSVDD_0034_E_0013618,-3.5760849270
CtrSVDD_0035_E_0013619,-4.3790702603
CtrSVDD_0036_E_0013620,-2.9350504253
CtrSVDD_0037_E_0013621,-0.2423735300
CtrSVDD_0038_E_0013622,-3.2197162960
CtrSVDD_0039_E_0013623,-2.0251813972
CtrSVDD_0040_E_0013624,0.6720728664
CtrSVDD_0041_E_0013625,-3.3607685599
CtrSVDD_0042_E_0013626,2.2337171702
CtrSVDD_0043_E_0013627,-3.1195466119
CtrSVDD_0044_E_0013628,-4.1135617736
CtrSVDD_0045_E_0013629,-4.0934736346
CtrSVDD_0046_E_0013630,-4.7182393888
CtrSVDD_0047_E_0013631,-4.0537343148
CtrSVDD_0000_E_0013632,-3.7392362788
CtrSVDD_0001_E_0013633,0.3223206095
CtrSVDD_0002_E_0013634,-3.9190036369
CtrSVDD_0003_E_0013635,-0.8571780426
CtrSVDD_0004_E_0013636,-4.0445915235
CtrSVDD_0005_E_0013637,-2.1908890624
CtrSVDD_0006_E_0013638,-0.5406807072
CtrSVDD_0007_E_0013639,-0.5216053715
CtrSVDD_0008_E_0013640,-5.4198318805
CtrSVDD_0009_E_0013641,-3.7836730693
CtrSVDD_0010_E_0013642,-2.8420100908
CtrSVDD_0011_E_0013643,-2.9523767172
CtrSVDD_0012_E_0013644,-5.4444491177
CtrSVDD_0013_E_0013645,-3.0246451176
CtrSVDD_0014_E_0013646,-3.3500011065
CtrSVDD_0015_E_0013647,-3.4760650025
CtrSVDD_0016_E_0013648,0.5374456446
CtrSVDD_0017_E_0013649,-5.6622311391
CtrSVDD_0018_E_0013650,-2.1403863896
CtrSVDD_0019_E_0013651,-1.7085934669
CtrSVDD_0020_E_0013652,-4.6696317414
CtrSVDD_0021_E_0013653,-3.6961746577
CtrSVDD_0022_E_0013654,-3.8788142315
CtrSVDD_0023_E_0013655,0.0048957779
CtrSVDD_0024_E_0013656,-3.0896108909
CtrSVDD_0025_E_0013657,-1.0516312817
CtrSVDD_0026_E_0013658,0.1029927185
CtrSVDD_0027_E_0013659,-2.9961764023
CtrSVDD_0028_E_0013660,-3.7121720829
CtrSVDD_0029_E_0013661,-5.3764992799
CtrSVDD_0030_E_0013662,-0.9588950729
CtrSVDD_0031_E_0013663,-2.5731166475
