filename,score
CtrSVDD_0000_E_0000000,-3.2488055408
CtrSVDD_0001_E_0000001,1.5836154758
CtrSVDD_0002_E_0000002,-7.8929052550
CtrSVDD_0003_E_0000003,-3.4762421635
CtrSVDD_0004_E_0000004,-5.1172059466
CtrSVDD_0005_E_0000005,-2.7906018919
CtrSVDD_0006_E_0000006,-4.5487000606
CtrSVDD_0007_E_0000007,-2.6868884036
CtrSVDD_0008_E_0000008,-3.6483731062
CtrSVDD_0009_E_0000009,-2.0502195444
CtrSVDD_0010_E_0000010,-2.4138347951
CtrSVDD_0011_E_0000011,-2.5614929866
CtrSVDD_0012_E_0000012,-5.4737315524
CtrSVDD_0013_E_0000013,0.2581165434
CtrSVDD_0014_E_0000014,-5.5897931581
CtrSVDD_0015_E_0000015,-2.9805724043
CtrSVDD_0016_E_0000016,-1.9009117199
CtrSVDD_0017_E_0000017,-5.2236043592
CtrSVDD_0018_E_0000018,-5.2381816954
CtrSVDD_0019_E_0000019,-6.1280392898
CtrSVDD_0020_E_0000020,-5.1356969218
CtrSVDD_0021_E_0000021,-4.9340610363
CtrSVDD_0022_E_0000022,-2.6312239345
CtrSVDD_0023_E_0000023,-0.3607407941
CtrSVDD_0024_E_0000024,-4.7991597469
CtrSVDD_0025_E_0000025,-0.1978122464
CtrSVDD_0026_E_0000026,-5.1821081223
CtrSVDD_0027_E_0000027,-4.7366481919
CtrSVDD_0028_E_0000028,-5.2897943258
CtrSVDD_0029_E_0000029,1.2934064059
CtrSVDD_0030_E_0000030,-1.7227936870
CtrSVDD_0031_E_0000031,-2.5566803961
CtrSVDD_0032_E_0000032,-2.3372968827
CtrSVDD_0033_E_0000033,-2.4965308203
CtrSVDD_0034_E_0000034,-3.6587660523
CtrSVDD_0035_E_0000035,-3.8496849405
CtrSVDD_0036_E_0000036,-4.0429326008
CtrSVDD_0037_E_0000037,-3.9026489625
CtrSVDD_0038_E_0000038,-0.4443244374
CtrSVDD_0039_E_0000039,-3.8464033946
CtrSVDD_0040_E_0000040,-1.0443641049
CtrSVDD_0041_E_0000041,-5.2705810855
CtrSVDD_0042_E_0000042,-0.9522704869
CtrSVDD_0043_E_0000043,-6.2873872175
CtrSVDD_0044_E_0000044,-1.4454913524
CtrSVDD_0045_E_0000045,-5.2624351511
CtrSVDD_0046_E_0000046,-4.7939347394
CtrSVDD_0047_E_0000047,-6.1134439109
CtrSVDD_0000_E_0000048,0.1523558843
CtrSVDD_0001_E_0000049,-3.8154346608
CtrSVDD_0002_E_0000050,-4.4284296464
CtrSVDD_0003_E_0000051,-4.7700892975
CtrSVDD_0004_E_0000052,-4.9805727612
CtrSVDD_0005_E_0000053,-2.6629155816
CtrSVDD_0006_E_0000054,-0.0485973836
CtrSVDD_0007_E_0000055,-3.9311628447
CtrSVDD_0008_E_0000056,-3.2008498042
CtrSVDD_0009_E_0000057,-3.1564987134
CtrSVDD_0010_E_0000058,-3.3247456274
CtrSVDD_0011_E_0000059,-1.3160673097
CtrSVDD_0012_E_0000060,-2.8940115966
CtrSVDD_0013_E_0000061,0.0008610728
CtrSVDD_0014_E_0000062,-2.8719608632
CtrSVDD_0015_E_0000063,-1.0577315351
CtrSVDD_0016_E_0000064,-4.0083908918
CtrSVDD_0017_E_0000065,-4.5037308833
CtrSVDD_0018_E_0000066,-6.6063721869
CtrSVDD_0019_E_0000067,-5.1095107183
CtrSVDD_0020_E_0000068,-5.5953198325
CtrSVDD_0021_E_0000069,-0.9245864292
CtrSVDD_0022_E_0000070,-5.1649846935
CtrSVDD_0023_E_0000071,-5.2388573335
CtrSVDD_0024_E_0000072,-4.7151685961
CtrSVDD_0025_E_0000073,-4.0622623625
CtrSVDD_0026_E_0000074,-2.0036135675
CtrSVDD_0027_E_0000075,-6.2753158663
CtrSVDD_0028_E_0000076,-0.7807990672
CtrSVDD_0029_E_0000077,0.4412387283
CtrSVDD_0030_E_0000078,-2.9780746980
CtrSVDD_0031_E_0000079,-4.2166406755
CtrSVDD_0032_E_0000080,-3.1808554310
CtrSVDD_0033_E_0000081,-4.5133954032
CtrSVDD_0034_E_0000082,-3.9130787220
CtrSVDD_0035_E_0000083,-4.8788316635
CtrSVDD_0036_E_0000084,-3.4738940817
CtrSVDD_0037_E_0000085,-1.9594222928
CtrSVDD_0038_E_0000086,-4.9659663627
CtrSVDD_0039_E_0000087,-2.6976292598
CtrSVDD_0040_E_0000088,-5.4992761483
CtrSVDD_0041_E_0000089,-6.1403950036
CtrSVDD_0042_E_0000090,-3.5827679473
CtrSVDD_0043_E_0000091,-3.2263159595
CtrSVDD_0044_E_0000092,-5.9803282603
CtrSVDD_0045_E_0000093,-1.4550792554
CtrSVDD_0046_E_0000094,-5.0788918865
CtrSVDD_0047_E_0000095,-4.6022417617
CtrSVDD_0000_E_0000096,-6.5898424667
CtrSVDD_0001_E_0000097,-6.1428878369
CtrSVDD_0002_E_0000098,-5.8659239227
CtrSVDD_0003_E_0000099,-4.8145023796
CtrSVDD_0004_E_0000100,-5.6490688065
CtrSVDD_0005_E_0000101,-4.6837118977
CtrSVDD_0006_E_0000102,-2.3770885115
CtrSVDD_0007_E_0000103,0.6596373073
CtrSVDD_0008_E_0000104,-3.7052451021
CtrSVDD_0009_E_0000105,-4.5288517039
CtrSVDD_0010_E_0000106,-0.6023446563
CtrSVDD_0011_E_0000107,-3.1877504835
CtrSVDD_0012_E_0000108,-2.1429150746
CtrSVDD_0013_E_0000109,-0.8041385478
CtrSVDD_0014_E_0000110,-0.3022621156
CtrSVDD_0015_E_0000111,-2.0379085643
CtrSVDD_0016_E_0000112,-3.7402274842
CtrSVDD_0017_E_0000113,-1.0276181900
CtrSVDD_0018_E_0000114,-3.8994768601
CtrSVDD_0019_E_0000115,-1.4069709143
CtrSVDD_0020_E_0000116,-4.9080968000
CtrSVDD_0021_E_0000117,-0.6841798459
CtrSVDD_0022_E_0000118,-3.1701934635
CtrSVDD_0023_E_0000119,-4.7339739019
CtrSVDD_0024_E_0000120,-2.4733541634
CtrSVDD_0025_E_0000121,-5.1989470280
CtrSVDD_0026_E_0000122,-2.8964716286
CtrSVDD_0027_E_0000123,-4.7454649194
CtrSVDD_0028_E_0000124,-6.7473082325
CtrSVDD_0029_E_0000125,-3.2097230532
CtrSVDD_0030_E_0000126,-0.6115120658
CtrSVDD_0031_E_0000127,-0.0689392547
CtrSVDD_0032_E_0000128,-5.8341503668
CtrSVDD_0033_E_0000129,0.0076934104
CtrSVDD_0034_E_0000130,-3.1311988504
CtrSVDD_0035_E_0000131,-1.8537722044
CtrSVDD_0036_E_0000132,-0.6066475734
CtrSVDD_0037_E_0000133,-5.2451862918
CtrSVDD_0038_E_0000134,-4.4488632150
CtrSVDD_0039_E_0000135,-6.2454403465
CtrSVDD_0040_E_0000136,-5.4116909677
CtrSVDD_0041_E_0000137,0.9995624115
CtrSVDD_0042_E_0000138,-5.2960577615
CtrSVDD_0043_E_0000139,-0.1867502548
CtrSVDD_0044_E_0000140,-5.1744076035
CtrSVDD_0045_E_0000141,-2.6968951956
CtrSVDD_0046_E_0000142,0.6720728664
CtrSVDD_0047_E_0000143,-4.9657894701
CtrSVDD_0000_E_0000144,-4.0457761162
CtrSVDD_0001_E_0000145,-4.7217465470
CtrSVDD_0002_E_0000146,-2.1594311793
CtrSVDD_0003_E_0000147,-4.0095241604
CtrSVDD_0004_E_0000148,-4.4746468649
CtrSVDD_0005_E_0000149,-5.4791551232
CtrSVDD_0006_E_0000150,-6.7545279108
CtrSVDD_0007_E_0000151,0.0034969774
CtrSVDD_0008_E_0000152,0.2682531520
CtrSVDD_0009_E_0000153,-1.0088261121
CtrSVDD_0010_E_0000154,0.8099502840
CtrSVDD_0011_E_0000155,-0.9015381024
CtrSVDD_0012_E_0000156,-0.2813267155
CtrSVDD_0013_E_0000157,-6.7170247699
CtrSVDD_0014_E_0000158,-3.6930736913
CtrSVDD_0015_E_0000159,-0.7533503528
CtrSVDD_0016_E_0000160,-1.6900581433
CtrSVDD_0017_E_0000161,-4.6148397449
CtrSVDD_0018_E_0000162,-4.9429243198
CtrSVDD_0019_E_0000163,-2.1187361684
CtrSVDD_0020_E_0000164,-5.4402334201
CtrSVDD_0021_E_0000165,0.3893914348
CtrSVDD_0022_E_0000166,0.0987749424
CtrSVDD_0023_E_0000167,-1.1625029119
CtrSVDD_0024_E_0000168,-2.2089560765
CtrSVDD_0025_E_0000169,-4.8697407481
CtrSVDD_0026_E_0000170,-4.5790716599
CtrSVDD_0027_E_0000171,-2.5968602255
CtrSVDD_0028_E_0000172,1.4274166951
CtrSVDD_0029_E_0000173,-6.1939298125
CtrSVDD_0030_E_0000174,-5.6018743769
CtrSVDD_0031_E_0000175,-6.0756784064
CtrSVDD_0032_E_0000176,-4.5129931790
CtrSVDD_0033_E_0000177,0.5893387166
CtrSVDD_0034_E_0000178,-5.5218004307
CtrSVDD_0035_E_0000179,-3.2826628696
CtrSVDD_0036_E_0000180,-5.7187477497
CtrSVDD_0037_E_0000181,-2.8679601668
CtrSVDD_0038_E_0000182,-4.1598661127
CtrSVDD_0039_E_0000183,0.9176216787
CtrSVDD_0040_E_0000184,-0.4128307753
CtrSVDD_0041_E_0000185,-3.7296281692
CtrSVDD_0042_E_0000186,-3.8198979724
CtrSVDD_0043_E_0000187,-3.0236069675
CtrSVDD_0044_E_0000188,-5.1237839519
CtrSVDD_0045_E_0000189,-1.9183131054
CtrSVDD_0046_E_0000190,-2.6915708628
CtrSVDD_0047_E_0000191,-3.9249538156
CtrSVDD_0000_E_0000192,-4.2404830511
CtrSVDD_0001_E_0000193,-3.4300198673
CtrSVDD_0002_E_0000194,-6.4798102313
CtrSVDD_0003_E_0000195,-0.5255150845
CtrSVDD_0004_E_0000196,-5.4333877406
CtrSVDD_0005_E_0000197,-1.9815176285
CtrSVDD_0006_E_0000198,-5.7438887114
CtrSVDD_0007_E_0000199,-4.1412199747
CtrSVDD_0008_E_0000200,-0.7279874024
CtrSVDD_0009_E_0000201,-5.0171273506
CtrSVDD_0010_E_0000202,-4.4131659182
CtrSVDD_0011_E_0000203,-1.1267708241
CtrSVDD_0012_E_0000204,-4.2456302554
CtrSVDD_0013_E_0000205,-4.4991394474
CtrSVDD_0014_E_0000206,-3.1953299982
CtrSVDD_0015_E_0000207,-7.4267913002
CtrSVDD_0016_E_0000208,-3.7369961954
CtrSVDD_0017_E_0000209,-1.7937810003
CtrSVDD_0018_E_0000210,-2.5227287036
CtrSVDD_0019_E_0000211,0.3876856126
CtrSVDD_0020_E_0000212,-3.1409351047
CtrSVDD_0021_E_0000213,-5.5189672592
CtrSVDD_0022_E_0000214,-5.0409493305
CtrSVDD_0023_E_0000215,-3.5636757971
CtrSVDD_0024_E_0000216,-0.5082160688
CtrSVDD_0025_E_0000217,-4.2611559173
CtrSVDD_0026_E_0000218,-4.7973656524
CtrSVDD_0027_E_0000219,-3.3878417070
CtrSVDD_0028_E_0000220,-4.3702284492
CtrSVDD_0029_E_0000221,-2.7159702050
CtrSVDD_0030_E_0000222,-5.1229383125
CtrSVDD_0031_E_0000223,-1.0067017410
CtrSVDD_0032_E_0000224,0.1175718901
CtrSVDD_0033_E_0000225,-5.3452078694
CtrSVDD_0034_E_0000226,-0.3328933083
CtrSVDD_0035_E_0000227,-4.9879191534
CtrSVDD_0036_E_0000228,-4.4121947626
CtrSVDD_0037_E_0000229,-4.4370796672
CtrSVDD_0038_E_0000230,-6.0733708567
CtrSVDD_0039_E_0000231,-5.3367753906
CtrSVDD_0040_E_0000232,1.4235530574
CtrSVDD_0041_E_0000233,-1.3747754626
CtrSVDD_0042_E_0000234,-0.6613770568
CtrSVDD_0043_E_0000235,-3.0701605117
CtrSVDD_0044_E_0000236,-4.3557398938
CtrSVDD_0045_E_0000237,-4.4828125274
CtrSVDD_0046_E_0000238,-5.6184355931
CtrSVDD_0047_E_0000239,-4.2756343972
CtrSVDD_0000_E_0000240,0.6952506110
CtrSVDD_0001_E_0000241,-3.8546283782
CtrSVDD_0002_E_0000242,-5.7322540908
CtrSVDD_0003_E_0000243,-1.6657740800
CtrSVDD_0004_E_0000244,-4.8344235809
CtrSVDD_0005_E_0000245,-4.2933729966
CtrSVDD_0006_E_0000246,-4.9752512726
CtrSVDD_0007_E_0000247,0.3193752661
CtrSVDD_0008_E_0000248,-2.2548127390
CtrSVDD_0009_E_0000249,-1.6400033795
CtrSVDD_0010_E_0000250,-3.8026103299
CtrSVDD_0011_E_0000251,-2.6875637387
CtrSVDD_0012_E_0000252,-5.8330695990
CtrSVDD_0013_E_0000253,-3.9428616453
CtrSVDD_0014_E_0000254,-1.8667109463
CtrSVDD_0015_E_0000255,-3.9151347018
CtrSVDD_0016_E_0000256,-6.5423365189
CtrSVDD_0017_E_0000257,-4.8792688275
CtrSVDD_0018_E_0000258,-4.1422860044
CtrSVDD_0019_E_0000259,-3.5310278123
CtrSVDD_0020_E_0000260,-1.4737721805
CtrSVDD_0021_E_0000261,-1.0512911512
CtrSVDD_0022_E_0000262,-1.2582339829
CtrSVDD_0023_E_0000263,1.7218830818
CtrSVDD_0024_E_0000264,-4.0930695715
CtrSVDD_0025_E_0000265,-2.0310061682
CtrSVDD_0026_E_0000266,-6.1504107311
CtrSVDD_0027_E_0000267,-1.4966413405
CtrSVDD_0028_E_0000268,-4.9626614040
CtrSVDD_0029_E_0000269,-1.6421419415
CtrSVDD_0030_E_0000270,-4.4652925409
CtrSVDD_0031_E_0000271,-3.1904135833
CtrSVDD_0032_E_0000272,-1.3081955111
CtrSVDD_0033_E_0000273,-4.1336495265
CtrSVDD_0034_E_0000274,-5.7592241525
CtrSVDD_0035_E_0000275,-2.7185518093
CtrSVDD_0036_E_0000276,-3.7420703759
CtrSVDD_0037_E_0000277,-5.2989526175
CtrSVDD_0038_E_0000278,-6.8911741733
CtrSVDD_0039_E_0000279,-4.0330346727
CtrSVDD_0040_E_0000280,-3.3991628582
CtrSVDD_0041_E_0000281,-5.1497186783
CtrSVDD_0042_E_0000282,-0.5388555923
CtrSVDD_0043_E_0000283,-5.7607082544
CtrSVDD_0044_E_0000284,-2.7645058180
CtrSVDD_0045_E_0000285,-4.4960946158
CtrSVDD_0046_E_0000286,-3.1265069790
CtrSVDD_0047_E_0000287,-5.7269103078
CtrSVDD_0000_E_0000288,-0.3176641022
CtrSVDD_0001_E_0000289,-2.8521391828
CtrSVDD_0002_E_0000290,-5.8359589643
CtrSVDD_0003_E_0000291,-6.1631003878
CtrSVDD_0004_E_0000292,-4.2592529372
CtrSVDD_0005_E_0000293,-2.6482538715
CtrSVDD_0006_E_0000294,-2.4899338192
CtrSVDD_0007_E_0000295,-2.3408686111
CtrSVDD_0008_E_0000296,-3.8567528880
CtrSVDD_0009_E_0000297,-1.7375457936
CtrSVDD_0010_E_0000298,-0.0982229457
CtrSVDD_0011_E_0000299,-4.0520194026
CtrSVDD_0012_E_0000300,-5.9305524316
CtrSVDD_0013_E_0000301,-5.0725989059
CtrSVDD_0014_E_0000302,-3.1549103412
CtrSVDD_0015_E_0000303,-3.9174892282
CtrSVDD_0016_E_0000304,-0.9566822130
CtrSVDD_0017_E_0000305,2.6367465081
CtrSVDD_0018_E_0000306,0.1577496760
CtrSVDD_0019_E_0000307,-6.2637073618
CtrSVDD_0020_E_0000308,-4.9289429306
CtrSVDD_0021_E_0000309,-3.4374547655
CtrSVDD_0022_E_0000310,-3.8370077744
CtrSVDD_0023_E_0000311,-6.2990749225
CtrSVDD_0024_E_0000312,-4.7918162804
CtrSVDD_0025_E_0000313,-0.7136504974
CtrSVDD_0026_E_0000314,0.9668103579
CtrSVDD_0027_E_0000315,-2.2944721524
CtrSVDD_0028_E_0000316,-4.7420825494
CtrSVDD_0029_E_0000317,-5.3913745316
CtrSVDD_0030_E_0000318,0.6667843191
CtrSVDD_0031_E_0000319,-2.9304947830
CtrSVDD_0032_E_0000320,0.3207569319
CtrSVDD_0033_E_0000321,0.5089527795
CtrSVDD_0034_E_0000322,-3.0028654550
CtrSVDD_0035_E_0000323,0.5072823611
CtrSVDD_0036_E_0000324,-4.5724049191
CtrSVDD_0037_E_0000325,-1.2110454959
CtrSVDD_0038_E_0000326,-2.8050146977
CtrSVDD_0039_E_0000327,-5.4955337628
CtrSVDD_0040_E_0000328,-4.2478560784
CtrSVDD_0041_E_0000329,-3.4437121964
CtrSVDD_0042_E_0000330,-2.2434805990
CtrSVDD_0043_E_0000331,1.3970837332
CtrSVDD_0044_E_0000332,-1.1849199287
CtrSVDD_0045_E_0000333,-5.2252065469
CtrSVDD_0046_E_0000334,-4.2453152224
CtrSVDD_0047_E_0000335,-4.0683405633
CtrSVDD_0000_E_0000336,2.1992855108
CtrSVDD_0001_E_0000337,-1.9575273403
CtrSVDD_0002_E_0000338,-4.0390449990
CtrSVDD_0003_E_0000339,-1.9037666996
CtrSVDD_0004_E_0000340,-2.0808427772
CtrSVDD_0005_E_0000341,0.5873285288
CtrSVDD_0006_E_0000342,0.0510779670
CtrSVDD_0007_E_0000343,-4.7924659496
CtrSVDD_0008_E_0000344,-0.4632041150
CtrSVDD_0009_E_0000345,-6.5128335019
CtrSVDD_0010_E_0000346,-4.4831607686
CtrSVDD_0011_E_0000347,-6.5088889637
CtrSVDD_0012_E_0000348,-4.6227735112
CtrSVDD_0013_E_0000349,-5.1341964538
CtrSVDD_0014_E_0000350,-5.9167782142
CtrSVDD_0015_E_0000351,-0.4660453558
CtrSVDD_0016_E_0000352,-4.7462803782
CtrSVDD_0017_E_0000353,-6.3114981999
CtrSVDD_0018_E_0000354,-0.4004945672
CtrSVDD_0019_E_0000355,-3.2493047287
CtrSVDD_0020_E_0000356,0.3504453938
CtrSVDD_0021_E_0000357,-4.3426681394
CtrSVDD_0022_E_0000358,-4.6674418839
CtrSVDD_0023_E_0000359,-4.7330507594
CtrSVDD_0024_E_0000360,0.1198829224
CtrSVDD_0025_E_0000361,-5.9940203975
CtrSVDD_0026_E_0000362,-4.2868668085
CtrSVDD_0027_E_0000363,-5.1891610050
CtrSVDD_0028_E_0000364,1.1821021320
CtrSVDD_0029_E_0000365,-5.5478517169
CtrSVDD_0030_E_0000366,0.9218921745
CtrSVDD_0031_E_0000367,1.5984941976
CtrSVDD_0032_E_0000368,-4.4252539194
CtrSVDD_0033_E_0000369,-5.0655040250
CtrSVDD_0034_E_0000370,-3.3753254095
CtrSVDD_0035_E_0000371,-2.9074307060
CtrSVDD_0036_E_0000372,-3.9908152034
CtrSVDD_0037_E_0000373,-2.6960006118
CtrSVDD_0038_E_0000374,-4.6557067227
CtrSVDD_0039_E_0000375,-5.2735890007
CtrSVDD_0040_E_0000376,-5.4809669263
CtrSVDD_0041_E_0000377,-5.1462275755
CtrSVDD_0042_E_0000378,-4.2721400981
CtrSVDD_0043_E_0000379,-0.8965836958
CtrSVDD_0044_E_0000380,-2.9707275988
CtrSVDD_0045_E_0000381,-5.2723470930
CtrSVDD_0046_E_0000382,-4.5932945177
CtrSVDD_0047_E_0000383,-4.3104513128
CtrSVDD_0000_E_0000384,-5.8014806600
CtrSVDD_0001_E_0000385,0.5569421364
CtrSVDD_0002_E_0000386,-0.5915835914
CtrSVDD_0003_E_0000387,-3.8979006920
CtrSVDD_0004_E_0000388,-3.1049430013
CtrSVDD_0005_E_0000389,-2.1655956558
CtrSVDD_0006_E_0000390,-5.8296525838
CtrSVDD_0007_E_0000391,-2.4398836308
CtrSVDD_0008_E_0000392,-6.8693911935
CtrSVDD_0009_E_0000393,0.8354581133
CtrSVDD_0010_E_0000394,-4.4624411831
CtrSVDD_0011_E_0000395,-4.8815316517
CtrSVDD_0012_E_0000396,0.0095727518
CtrSVDD_0013_E_0000397,-0.2339135217
CtrSVDD_0014_E_0000398,0.3519331562
CtrSVDD_0015_E_0000399,-4.3176395839
CtrSVDD_0016_E_0000400,-1.0930911942
CtrSVDD_0017_E_0000401,-3.1889276376
CtrSVDD_0018_E_0000402,-3.8195101810
CtrSVDD_0019_E_0000403,-0.5875905065
CtrSVDD_0020_E_0000404,-5.0643664707
CtrSVDD_0021_E_0000405,-3.9230085263
CtrSVDD_0022_E_0000406,-3.8012062208
CtrSVDD_0023_E_0000407,-3.0046217892
CtrSVDD_0024_E_0000408,-6.3576288137
CtrSVDD_0025_E_0000409,-2.4052765611
CtrSVDD_0026_E_0000410,-0.5326035623
CtrSVDD_0027_E_0000411,0.2639055764
CtrSVDD_0028_E_0000412,1.3399994132
CtrSVDD_0029_E_0000413,-4.9667480504
CtrSVDD_0030_E_0000414,-4.5490668395
CtrSVDD_0031_E_0000415,-1.8757947034
CtrSVDD_0032_E_0000416,-5.1641743143
CtrSVDD_0033_E_0000417,-0.7455095040
CtrSVDD_0034_E_0000418,-5.8993382777
CtrSVDD_0035_E_0000419,-4.2437587280
CtrSVDD_0036_E_0000420,-3.5458211492
CtrSVDD_0037_E_0000421,-4.1747483130
CtrSVDD_0038_E_0000422,-5.8440145870
CtrSVDD_0039_E_0000423,0.0187347586
CtrSVDD_0040_E_0000424,0.7773675288
CtrSVDD_0041_E_0000425,-1.4630937375
CtrSVDD_0042_E_0000426,-3.9643861078
CtrSVDD_0043_E_0000427,-3.1597964987
CtrSVDD_0044_E_0000428,-4.8052460015
CtrSVDD_0045_E_0000429,-2.9589682930
CtrSVDD_0046_E_0000430,-1.8857603781
CtrSVDD_0047_E_0000431,-4.9284097333
CtrSVDD_0000_E_0000432,-5.7776445545
CtrSVDD_0001_E_0000433,-5.8189545444
CtrSVDD_0002_E_0000434,-5.0747428155
CtrSVDD_0003_E_0000435,-2.7950162800
CtrSVDD_0004_E_0000436,-4.3812547495
CtrSVDD_0005_E_0000437,-4.8321424765
CtrSVDD_0006_E_0000438,-5.9163183197
CtrSVDD_0007_E_0000439,-2.9507045014
CtrSVDD_0008_E_0000440,-2.6248491273
CtrSVDD_0009_E_0000441,-2.8778819276
CtrSVDD_0010_E_0000442,2.4420658437
CtrSVDD_0011_E_0000443,-3.8503684544
CtrSVDD_0012_E_0000444,-7.0615145304
CtrSVDD_0013_E_0000445,-4.8079728010
CtrSVDD_0014_E_0000446,-5.4619619753
CtrSVDD_0015_E_0000447,-3.6571634427
CtrSVDD_0016_E_0000448,1.2903646021
CtrSVDD_0017_E_0000449,1.1849199287
CtrSVDD_0018_E_0000450,-1.2628844451
CtrSVDD_0019_E_0000451,-0.5165522584
CtrSVDD_0020_E_0000452,-2.5949359421
CtrSVDD_0021_E_0000453,-4.4940194156
CtrSVDD_0022_E_0000454,-1.4871544376
CtrSVDD_0023_E_0000455,-4.3402491448
CtrSVDD_0024_E_0000456,-4.5173609995
CtrSVDD_0025_E_0000457,-3.7750186447
CtrSVDD_0026_E_0000458,-0.2886104937
CtrSVDD_0027_E_0000459,-5.1715796952
CtrSVDD_0028_E_0000460,-1.8442149377
CtrSVDD_0029_E_0000461,-2.7707429442
CtrSVDD_0030_E_0000462,-1.9680941866
CtrSVDD_0031_E_0000463,-5.0666839877
CtrSVDD_0032_E_0000464,1.1428720206
CtrSVDD_0033_E_0000465,-4.1136025602
CtrSVDD_0034_E_0000466,-0.2552252796
CtrSVDD_0035_E_0000467,-0.1318371637
CtrSVDD_0036_E_0000468,-5.1215516560
CtrSVDD_0037_E_0000469,-4.6081921843
CtrSVDD_0038_E_0000470,-4.8123798677
CtrSVDD_0039_E_0000471,1.5925263384
CtrSVDD_0040_E_0000472,-3.2172866502
CtrSVDD_0041_E_0000473,0.1509409192
CtrSVDD_0042_E_0000474,-3.3636689336
CtrSVDD_0043_E_0000475,0.9972598582
CtrSVDD_0044_E_0000476,-0.8366493187
CtrSVDD_0045_E_0000477,-4.2668178828
CtrSVDD_0046_E_0000478,-1.7430963891
CtrSVDD_0047_E_0000479,1.0001577883
CtrSVDD_0000_E_0000480,-3.5343361742
CtrSVDD_0001_E_0000481,0.2288793099
CtrSVDD_0002_E_0000482,-3.5310619663
CtrSVDD_0003_E_0000483,-4.8968313328
CtrSVDD_0004_E_0000484,-0.9996008781
CtrSVDD_0005_E_0000485,-3.7834312241
CtrSVDD_0006_E_0000486,-3.8266718724
CtrSVDD_0007_E_0000487,-3.1456789370
CtrSVDD_0008_E_0000488,-6.0108053143
CtrSVDD_0009_E_0000489,-1.5565858172
CtrSVDD_0010_E_0000490,-0.6976121688
CtrSVDD_0011_E_0000491,-1.9959416724
CtrSVDD_0012_E_0000492,-3.6659975192
CtrSVDD_0013_E_0000493,0.6467309549
CtrSVDD_0014_E_0000494,-6.3485830903
CtrSVDD_0015_E_0000495,-6.3834167138
CtrSVDD_0016_E_0000496,-4.6539269869
CtrSVDD_0017_E_0000497,0.8413584828
CtrSVDD_0018_E_0000498,-0.7687101261
CtrSVDD_0019_E_0000499,-4.7600090542
CtrSVDD_0020_E_0000500,-5.1606296776
CtrSVDD_0021_E_0000501,-0.4691440772
CtrSVDD_0022_E_0000502,-2.6699437768
CtrSVDD_0023_E_0000503,-3.3478216676
CtrSVDD_0024_E_0000504,-1.8341925722
CtrSVDD_0025_E_0000505,-2.5031084527
CtrSVDD_0026_E_0000506,-1.3017335948
CtrSVDD_0027_E_0000507,1.2136317090
CtrSVDD_0028_E_0000508,-6.2316661794
CtrSVDD_0029_E_0000509,-5.8585706312
CtrSVDD_0030_E_0000510,2.9500190302
CtrSVDD_0031_E_0000511,-5.0033244603
CtrSVDD_0032_E_0000512,-5.1337856618
CtrSVDD_0033_E_0000513,-4.4891538569
CtrSVDD_0034_E_0000514,-4.4985789437
CtrSVDD_0035_E_0000515,-2.6107184765
CtrSVDD_0036_E_0000516,-2.7524015064
CtrSVDD_0037_E_0000517,-4.6659654632
CtrSVDD_0038_E_0000518,-4.4854191443
CtrSVDD_0039_E_0000519,-3.8279296112
CtrSVDD_0040_E_0000520,0.6244501778
CtrSVDD_0041_E_0000521,-3.5026012164
CtrSVDD_0042_E_0000522,-1.9759075471
CtrSVDD_0043_E_0000523,-2.5853299175
CtrSVDD_0044_E_0000524,-4.2567254778
CtrSVDD_0045_E_0000525,-5.2127348037
CtrSVDD_0046_E_0000526,-4.1360960392
CtrSVDD_0047_E_0000527,-3.7872321952
CtrSVDD_0000_E_0000528,1.6432135432
CtrSVDD_0001_E_0000529,-4.3448608133
CtrSVDD_0002_E_0000530,-3.4645104784
CtrSVDD_0003_E_0000531,-6.8828511323
CtrSVDD_0004_E_0000532,-4.8785828893
CtrSVDD_0005_E_0000533,-0.3263872155
CtrSVDD_0006_E_0000534,-5.1165453307
CtrSVDD_0007_E_0000535,-4.6104043198
CtrSVDD_0008_E_0000536,-5.9506471539
CtrSVDD_0009_E_0000537,-2.7371007773
CtrSVDD_0010_E_0000538,-0.5569421364
CtrSVDD_0011_E_0000539,0.0118899790
CtrSVDD_0012_E_0000540,-5.0906027408
CtrSVDD_0013_E_0000541,-3.9893409474
CtrSVDD_0014_E_0000542,-1.6305660569
CtrSVDD_0015_E_0000543,-3.8887647194
CtrSVDD_0016_E_0000544,-0.1889479656
CtrSVDD_0017_E_0000545,-4.1503103262
CtrSVDD_0018_E_0000546,-5.7207299305
CtrSVDD_0019_E_0000547,-6.1040366590
CtrSVDD_0020_E_0000548,-3.4098678447
CtrSVDD_0021_E_0000549,-4.0205170987
CtrSVDD_0022_E_0000550,0.7172639039
CtrSVDD_0023_E_0000551,-1.6346590772
CtrSVDD_0024_E_0000552,-4.3930997576
CtrSVDD_0025_E_0000553,-3.5463737772
CtrSVDD_0026_E_0000554,-5.8251517782
CtrSVDD_0027_E_0000555,-2.4643232720
CtrSVDD_0028_E_0000556,-2.8645536014
CtrSVDD_0029_E_0000557,-4.2715783889
CtrSVDD_0030_E_0000558,-2.0024477653
CtrSVDD_0031_E_0000559,-2.7767943100
CtrSVDD_0032_E_0000560,2.2572007159
CtrSVDD_0033_E_0000561,-2.3471976133
CtrSVDD_0034_E_0000562,-3.9840892035
CtrSVDD_0035_E_0000563,-4.7865910524
CtrSVDD_0036_E_0000564,-2.2545109270
CtrSVDD_0037_E_0000565,-3.8602140733
CtrSVDD_0038_E_0000566,-3.2382784284
CtrSVDD_0039_E_0000567,-4.4771937507
CtrSVDD_0040_E_0000568,0.0314779298
CtrSVDD_0041_E_0000569,-5.3506787822
CtrSVDD_0042_E_0000570,-3.3007481310
CtrSVDD_0043_E_0000571,-5.0946003905
CtrSVDD_0044_E_0000572,-1.4876246110
CtrSVDD_0045_E_0000573,-4.7847111127
CtrSVDD_0046_E_0000574,-3.0708514131
CtrSVDD_0047_E_0000575,-2.4998220350
CtrSVDD_0000_E_0000576,-2.8244252172
CtrSVDD_0001_E_0000577,-2.5084008549
CtrSVDD_0002_E_0000578,-5.0631128655
CtrSVDD_0003_E_0000579,-4.4535652031
CtrSVDD_0004_E_0000580,0.4468449301
CtrSVDD_0005_E_0000581,-5.0141678922
CtrSVDD_0006_E_0000582,1.1653889030
CtrSVDD_0007_E_0000583,-5.3485906963
CtrSVDD_0008_E_0000584,-4.4078621793
CtrSVDD_0009_E_0000585,-3.6919997854
CtrSVDD_0010_E_0000586,-0.3534216980
CtrSVDD_0011_E_0000587,-1.8815773006
CtrSVDD_0012_E_0000588,-7.6725068009
CtrSVDD_0013_E_0000589,-4.8541240963
CtrSVDD_0014_E_0000590,-1.2403559942
CtrSVDD_0015_E_0000591,-4.7712092257
CtrSVDD_0016_E_0000592,1.4017293963
CtrSVDD_0017_E_0000593,-4.8336130921
CtrSVDD_0018_E_0000594,-3.4755075536
CtrSVDD_0019_E_0000595,-2.2754413992
CtrSVDD_0020_E_0000596,-1.1611505347
CtrSVDD_0021_E_0000597,-4.2831210940
CtrSVDD_0022_E_0000598,-5.7012612062
CtrSVDD_0023_E_0000599,-0.4848395315
CtrSVDD_0024_E_0000600,-3.7753252664
CtrSVDD_0025_E_0000601,-1.7726978641
CtrSVDD_0026_E_0000602,-2.6404719580
CtrSVDD_0027_E_0000603,-3.3207915738
CtrSVDD_0028_E_0000604,-4.8791989285
CtrSVDD_0029_E_0000605,-4.1726075873
CtrSVDD_0030_E_0000606,1.7141807469
CtrSVDD_0031_E_0000607,-4.7448107500
CtrSVDD_0032_E_0000608,-4.0814544313
CtrSVDD_0033_E_0000609,-2.7478646614
CtrSVDD_0034_E_0000610,1.3230285222
CtrSVDD_0035_E_0000611,-3.7720418781
CtrSVDD_0036_E_0000612,-3.9429598486
CtrSVDD_0037_E_0000613,0.6389131017
CtrSVDD_0038_E_0000614,-2.9958227868
CtrSVDD_0039_E_0000615,-2.6622137914
CtrSVDD_0040_E_0000616,-2.7990290082
CtrSVDD_0041_E_0000617,-5.4476158564
CtrSVDD_0042_E_0000618,-3.3844120458
CtrSVDD_0043_E_0000619,0.3432308474
CtrSVDD_0044_E_0000620,-5.1833891804
CtrSVDD_0045_E_0000621,-4.2786940246
CtrSVDD_0046_E_0000622,-3.6061677993
CtrSVDD_0047_E_0000623,-4.3461753466
CtrSVDD_0000_E_0000624,-4.1569810814
CtrSVDD_0001_E_0000625,-6.8409883118
CtrSVDD_0002_E_0000626,-5.6032024150
CtrSVDD_0003_E_0000627,-1.7468054116
CtrSVDD_0004_E_0000628,-3.0735776008
CtrSVDD_0005_E_0000629,-5.8425813953
CtrSVDD_0006_E_0000630,-2.6525569175
CtrSVDD_0007_E_0000631,-5.3792990853
CtrSVDD_0008_E_0000632,-0.7815936635
CtrSVDD_0009_E_0000633,-3.8577237379
CtrSVDD_0010_E_0000634,-3.3239296605
CtrSVDD_0011_E_0000635,-4.3032098752
CtrSVDD_0012_E_0000636,-3.5244259121
CtrSVDD_0013_E_0000637,-0.2915282760
CtrSVDD_0014_E_0000638,-4.6807206612
CtrSVDD_0015_E_0000639,-6.0088844191
CtrSVDD_0016_E_0000640,-6.2493249566
CtrSVDD_0017_E_0000641,-0.2866801301
CtrSVDD_0018_E_0000642,-5.1546531104
CtrSVDD_0019_E_0000643,-4.5291538859
CtrSVDD_0020_E_0000644,0.2254530393
CtrSVDD_0021_E_0000645,-5.2349722939
CtrSVDD_0022_E_0000646,-1.0737737290
CtrSVDD_0023_E_0000647,-5.3281756408
CtrSVDD_0024_E_0000648,-1.8983246457
CtrSVDD_0025_E_0000649,-4.0785350221
CtrSVDD_0026_E_0000650,-3.0216130356
CtrSVDD_0027_E_0000651,-1.5228742124
CtrSVDD_0028_E_0000652,-6.9532462937
CtrSVDD_0029_E_0000653,-3.6976342629
CtrSVDD_0030_E_0000654,-4.0693847091
CtrSVDD_0031_E_0000655,-3.3009176350
CtrSVDD_0032_E_0000656,-2.8827076346
CtrSVDD_0033_E_0000657,-4.1777493242
CtrSVDD_0034_E_0000658,-4.9794343013
CtrSVDD_0035_E_0000659,-4.1830603239
CtrSVDD_0036_E_0000660,1.9972288352
CtrSVDD_0037_E_0000661,-5.8020911021
CtrSVDD_0038_E_0000662,0.6270263250
CtrSVDD_0039_E_0000663,-5.4422666002
CtrSVDD_0040_E_0000664,1.0762666132
CtrSVDD_0041_E_0000665,-1.8984019029
CtrSVDD_0042_E_0000666,-0.0370763774
CtrSVDD_0043_E_0000667,-2.3210606320
CtrSVDD_0044_E_0000668,-2.4554973127
CtrSVDD_0045_E_0000669,-3.7193195568
CtrSVDD_0046_E_0000670,-3.4014249938
CtrSVDD_0047_E_0000671,-1.4992739137
CtrSVDD_0000_E_0000672,-3.2049342080
CtrSVDD_0001_E_0000673,-3.2430091869
CtrSVDD_0002_E_0000674,-4.9182472976
CtrSVDD_0003_E_0000675,-4.7947536105
CtrSVDD_0004_E_0000676,-5.5816306000
CtrSVDD_0005_E_0000677,-5.6700391839
CtrSVDD_0006_E_0000678,-3.6589267259
CtrSVDD_0007_E_0000679,-3.9797666078
CtrSVDD_0008_E_0000680,-4.6415883760
CtrSVDD_0009_E_0000681,-7.2879509214
CtrSVDD_0010_E_0000682,-4.0043479785
CtrSVDD_0011_E_0000683,-5.0240101596
CtrSVDD_0012_E_0000684,-5.5661445762
CtrSVDD_0013_E_0000685,-3.2083010957
CtrSVDD_0014_E_0000686,-3.0933754890
CtrSVDD_0015_E_0000687,0.5700579520
CtrSVDD_0016_E_0000688,-2.1270062863
CtrSVDD_0017_E_0000689,-4.2572125524
CtrSVDD_0018_E_0000690,-5.0713229813
CtrSVDD_0019_E_0000691,-3.6536421168
CtrSVDD_0020_E_0000692,-3.0302746665
CtrSVDD_0021_E_0000693,-3.7588620461
CtrSVDD_0022_E_0000694,-4.7719046775
CtrSVDD_0023_E_0000695,-5.3327405168
CtrSVDD_0024_E_0000696,-0.9130767843
CtrSVDD_0025_E_0000697,-4.9066278532
CtrSVDD_0026_E_0000698,-1.4888307174
CtrSVDD_0027_E_0000699,-2.2358768959
CtrSVDD_0028_E_0000700,-2.3985860683
CtrSVDD_0029_E_0000701,-7.5741944733
CtrSVDD_0030_E_0000702,-3.8652150600
CtrSVDD_0031_E_0000703,-2.6761150577
CtrSVDD_0032_E_0000704,2.3143720728
CtrSVDD_0033_E_0000705,-4.2014620776
CtrSVDD_0034_E_0000706,-4.9786943926
CtrSVDD_0035_E_0000707,-4.9466293851
CtrSVDD_0036_E_0000708,0.1082836437
CtrSVDD_0037_E_0000709,-6.0136321233
CtrSVDD_0038_E_0000710,-5.2967657143
CtrSVDD_0039_E_0000711,-0.1767713104
CtrSVDD_0040_E_0000712,-4.6800324686
CtrSVDD_0041_E_0000713,-2.5972326931
CtrSVDD_0042_E_0000714,-4.6829834854
CtrSVDD_0043_E_0000715,-4.0199928230
CtrSVDD_0044_E_0000716,0.0121397515
CtrSVDD_0045_E_0000717,-4.3786967738
CtrSVDD_0046_E_0000718,-0.1086192847
CtrSVDD_0047_E_0000719,-2.7513277766
CtrSVDD_0000_E_0000720,-1.4923680786
CtrSVDD_0001_E_0000721,-2.7311887224
CtrSVDD_0002_E_0000722,-4.8556866587
CtrSVDD_0003_E_0000723,-2.8189373191
CtrSVDD_0004_E_0000724,-1.3057628851
CtrSVDD_0005_E_0000725,-3.5576374482
CtrSVDD_0006_E_0000726,2.8288644327
CtrSVDD_0007_E_0000727,-6.7970663661
CtrSVDD_0008_E_0000728,-4.9349789166
CtrSVDD_0009_E_0000729,-3.6221542296
CtrSVDD_0010_E_0000730,-4.3128054518
CtrSVDD_0011_E_0000731,0.5406807072
CtrSVDD_0012_E_0000732,0.6534371478
CtrSVDD_0013_E_0000733,-2.1775557619
CtrSVDD_0014_E_0000734,-3.2699318522
CtrSVDD_0015_E_0000735,-4.8035661189
CtrSVDD_0016_E_0000736,-3.1118786061
CtrSVDD_0017_E_0000737,-5.7489096621
CtrSVDD_0018_E_0000738,-2.0774549096
CtrSVDD_0019_E_0000739,0.4261121056
CtrSVDD_0020_E_0000740,-4.7364364073
CtrSVDD_0021_E_0000741,1.1487662800
CtrSVDD_0022_E_0000742,-5.3391292009
CtrSVDD_0023_E_0000743,-4.4380505305
CtrSVDD_0024_E_0000744,-1.2586761719
CtrSVDD_0025_E_0000745,-5.3037953131
CtrSVDD_0026_E_0000746,-5.6063716180
CtrSVDD_0027_E_0000747,-3.5982011664
CtrSVDD_0028_E_0000748,0.8374427401
CtrSVDD_0029_E_0000749,-4.8457279393
CtrSVDD_0030_E_0000750,-4.9051498977
CtrSVDD_0031_E_0000751,-3.3960269157
CtrSVDD_0032_E_0000752,-2.6202307390
CtrSVDD_0033_E_0000753,-7.2538378740
CtrSVDD_0034_E_0000754,-4.8709653964
CtrSVDD_0035_E_0000755,-1.7616689951
CtrSVDD_0036_E_0000756,-2.8824505752
CtrSVDD_0037_E_0000757,-1.0313901587
CtrSVDD_0038_E_0000758,-4.8962868497
CtrSVDD_0039_E_0000759,-6.2225652289
CtrSVDD_0040_E_0000760,-3.2930073432
CtrSVDD_0041_E_0000761,-5.0469974302
CtrSVDD_0042_E_0000762,-5.0829467402
CtrSVDD_0043_E_0000763,-0.7961280489
CtrSVDD_0044_E_0000764,-4.4018195837
CtrSVDD_0045_E_0000765,-5.7968359343
CtrSVDD_0046_E_0000766,-5.9886347234
CtrSVDD_0047_E_0000767,0.5634879274
CtrSVDD_0000_E_0000768,-4.1867902022
CtrSVDD_0001_E_0000769,-5.4601629843
CtrSVDD_0002_E_0000770,-2.8789385563
CtrSVDD_0003_E_0000771,-5.4380113531
CtrSVDD_0004_E_0000772,-4.5820628963
CtrSVDD_0005_E_0000773,-2.0468855783
CtrSVDD_0006_E_0000774,-3.9908760138
CtrSVDD_0007_E_0000775,-3.2608658211
CtrSVDD_0008_E_0000776,-1.8908356529
CtrSVDD_0009_E_0000777,-0.7567181311
CtrSVDD_0010_E_0000778,-1.5309655608
CtrSVDD_0011_E_0000779,0.2465641713
CtrSVDD_0012_E_0000780,-0.8096908001
CtrSVDD_0013_E_0000781,-3.2322716001
CtrSVDD_0014_E_0000782,-5.8914466153
CtrSVDD_0015_E_0000783,-2.7049393970
CtrSVDD_0016_E_0000784,-2.5635691028
CtrSVDD_0017_E_0000785,-0.9926705409
CtrSVDD_0018_E_0000786,-3.7104890973
CtrSVDD_0019_E_0000787,-3.4706702847
CtrSVDD_0020_E_0000788,-6.2417364589
CtrSVDD_0021_E_0000789,-5.2000153406
CtrSVDD_0022_E_0000790,-4.5873417044
CtrSVDD_0023_E_0000791,2.4047612230
CtrSVDD_0024_E_0000792,-5.0273704952
CtrSVDD_0025_E_0000793,-5.8832840572
CtrSVDD_0026_E_0000794,-3.4468884614
CtrSVDD_0027_E_0000795,-5.3404092938
CtrSVDD_0028_E_0000796,-6.7316273585
CtrSVDD_0029_E_0000797,-0.9031883195
CtrSVDD_0030_E_0000798,-5.4241122324
CtrSVDD_0031_E_0000799,-2.2149694742
CtrSVDD_0032_E_0000800,-2.2281333047
CtrSVDD_0033_E_0000801,-0.2410984354
CtrSVDD_0034_E_0000802,-3.7443685640
CtrSVDD_0035_E_0000803,-4.9110631155
CtrSVDD_0036_E_0000804,-4.0343705144
CtrSVDD_0037_E_0000805,-1.5378080782
CtrSVDD_0038_E_0000806,-6.2952652664
CtrSVDD_0039_E_0000807,-5.8857878136
CtrSVDD_0040_E_0000808,-3.9755529660
CtrSVDD_0041_E_0000809,-3.2287929924
CtrSVDD_0042_E_0000810,-4.0694195952
CtrSVDD_0043_E_0000811,-2.5537533059
CtrSVDD_0044_E_0000812,-1.4505187065
CtrSVDD_0045_E_0000813,0.1856012984
CtrSVDD_0046_E_0000814,-4.3096513608
CtrSVDD_0047_E_0000815,-5.0608926356
CtrSVDD_0000_E_0000816,-5.2852336928
CtrSVDD_0001_E_0000817,-1.0018702764
CtrSVDD_0002_E_0000818,-6.0641997611
CtrSVDD_0003_E_0000819,-2.3096621300
CtrSVDD_0004_E_0000820,-6.0193115074
CtrSVDD_0005_E_0000821,-6.7023184986
CtrSVDD_0006_E_0000822,0.2106667507
CtrSVDD_0007_E_0000823,-1.5939573836
CtrSVDD_0008_E_0000824,-3.5679255803
CtrSVDD_0009_E_0000825,-4.4288061782
CtrSVDD_0010_E_0000826,-1.9894660542
CtrSVDD_0011_E_0000827,-3.5197988468
CtrSVDD_0012_E_0000828,-4.6733455171
CtrSVDD_0013_E_0000829,-4.3030289000
CtrSVDD_0014_E_0000830,-3.2942010946
CtrSVDD_0015_E_0000831,-0.3922139869
CtrSVDD_0016_E_0000832,-5.2550279147
CtrSVDD_0017_E_0000833,-5.1027814930
CtrSVDD_0018_E_0000834,-2.5288041138
CtrSVDD_0019_E_0000835,-5.9585231373
CtrSVDD_0020_E_0000836,-5.3483067575
CtrSVDD_0021_E_0000837,-4.1171559038
CtrSVDD_0022_E_0000838,-1.7673317713
CtrSVDD_0023_E_0000839,-2.8443962771
CtrSVDD_0024_E_0000840,0.2264254499
CtrSVDD_0025_E_0000841,-5.1575083295
CtrSVDD_0026_E_0000842,-6.4342560065
CtrSVDD_0027_E_0000843,-3.9687603882
CtrSVDD_0028_E_0000844,-4.0054761945
CtrSVDD_0029_E_0000845,-4.9227624060
CtrSVDD_0030_E_0000846,-2.1068005328
CtrSVDD_0031_E_0000847,-2.6264150371
CtrSVDD_0032_E_0000848,-2.5276081400
CtrSVDD_0033_E_0000849,-2.9030038833
CtrSVDD_0034_E_0000850,-4.2494729516
CtrSVDD_0035_E_0000851,-5.3926273943
CtrSVDD_0036_E_0000852,-4.8619810010
CtrSVDD_0037_E_0000853,-5.7165898260
CtrSVDD_0038_E_0000854,-1.3845810772
CtrSVDD_0039_E_0000855,-2.9295402215
CtrSVDD_0040_E_0000856,-5.8889488769
CtrSVDD_0041_E_0000857,-2.0787036306
CtrSVDD_0042_E_0000858,-1.3795186994
CtrSVDD_0043_E_0000859,-4.9206639369
CtrSVDD_0044_E_0000860,-0.4505086063
CtrSVDD_0045_E_0000861,-4.6585801428
CtrSVDD_0046_E_0000862,-2.9601841546
CtrSVDD_0047_E_0000863,-0.6531791413
CtrSVDD_0000_E_0000864,-3.2985449511
CtrSVDD_0001_E_0000865,-5.6855954963
CtrSVDD_0002_E_0000866,0.9448368552
CtrSVDD_0003_E_0000867,-0.6252484071
CtrSVDD_0004_E_0000868,-2.0829782330
CtrSVDD_0005_E_0000869,-3.5765143194
CtrSVDD_0006_E_0000870,-0.6912677074
CtrSVDD_0007_E_0000871,-3.5879832791
CtrSVDD_0008_E_0000872,-2.4105563946
CtrSVDD_0009_E_0000873,-5.0895799805
CtrSVDD_0010_E_0000874,-0.0202838183
CtrSVDD_0011_E_0000875,-0.1651046575
CtrSVDD_0012_E_0000876,-4.2525148154
CtrSVDD_0013_E_0000877,-4.1082588325
CtrSVDD_0014_E_0000878,-5.2510603330
CtrSVDD_0015_E_0000879,-4.1569701836
CtrSVDD_0016_E_0000880,-3.7311014440
CtrSVDD_0017_E_0000881,-2.3053742965
CtrSVDD_0018_E_0000882,-3.2896398689
CtrSVDD_0019_E_0000883,-3.6403508757
CtrSVDD_0020_E_0000884,-3.9821573663
CtrSVDD_0021_E_0000885,-2.1718159140
CtrSVDD_0022_E_0000886,-0.2572382684
CtrSVDD_0023_E_0000887,-3.8836278031
CtrSVDD_0024_E_0000888,-2.3011974698
CtrSVDD_0025_E_0000889,-3.3096268910
CtrSVDD_0026_E_0000890,-5.8731558492
CtrSVDD_0027_E_0000891,-4.1596273401
CtrSVDD_0028_E_0000892,-6.3277737953
CtrSVDD_0029_E_0000893,0.3878829198
CtrSVDD_0030_E_0000894,-3.5598767440
CtrSVDD_0031_E_0000895,0.9098404493
CtrSVDD_0032_E_0000896,-5.9558317185
CtrSVDD_0033_E_0000897,0.3932002772
CtrSVDD_0034_E_0000898,-5.3165207335
CtrSVDD_0035_E_0000899,-4.6682202034
CtrSVDD_0036_E_0000900,-7.0132684281
CtrSVDD_0037_E_0000901,-4.9024624483
CtrSVDD_0038_E_0000902,-3.3323879863
CtrSVDD_0039_E_0000903,-0.4809605430
CtrSVDD_0040_E_0000904,1.7976633338
CtrSVDD_0041_E_0000905,-1.2614500093
CtrSVDD_0042_E_0000906,-3.2908254277
CtrSVDD_0043_E_0000907,-4.6578728597
CtrSVDD_0044_E_0000908,-6.5463450307
CtrSVDD_0045_E_0000909,1.5738877915
CtrSVDD_0046_E_0000910,-5.8019089950
CtrSVDD_0047_E_0000911,-4.6851435387
CtrSVDD_0000_E_0000912,0.0468765635
CtrSVDD_0001_E_0000913,1.1792936900
CtrSVDD_0002_E_0000914,-5.2364501709
CtrSVDD_0003_E_0000915,-5.3647448214
CtrSVDD_0004_E_0000916,-5.6867870679
CtrSVDD_0005_E_0000917,-4.7084338699
CtrSVDD_0006_E_0000918,-4.9214205755
CtrSVDD_0007_E_0000919,-3.5425187782
CtrSVDD_0008_E_0000920,-3.9975924995
CtrSVDD_0009_E_0000921,-5.2860445267
CtrSVDD_0010_E_0000922,-4.8185210246
CtrSVDD_0011_E_0000923,-4.3954933209
CtrSVDD_0012_E_0000924,-4.0032683094
CtrSVDD_0013_E_0000925,-3.3155565189
CtrSVDD_0014_E_0000926,-6.1153638515
CtrSVDD_0015_E_0000927,-1.8806597947
CtrSVDD_0016_E_0000928,-3.1606864935
CtrSVDD_0017_E_0000929,-4.0049415535
CtrSVDD_0018_E_0000930,-1.6882527135
CtrSVDD_0019_E_0000931,-4.9295601258
CtrSVDD_0020_E_0000932,-4.8294530765
CtrSVDD_0021_E_0000933,-6.2992599245
CtrSVDD_0022_E_0000934,-4.1365718100
CtrSVDD_0023_E_0000935,-6.2009936924
CtrSVDD_0024_E_0000936,-3.2555866545
CtrSVDD_0025_E_0000937,-4.9147386702
CtrSVDD_0026_E_0000938,-4.7039423855
CtrSVDD_0027_E_0000939,-4.6304615503
CtrSVDD_0028_E_0000940,-4.7895284542
CtrSVDD_0029_E_0000941,-2.4205915698
CtrSVDD_0030_E_0000942,-0.1840924784
CtrSVDD_0031_E_0000943,-2.5996799889
CtrSVDD_0032_E_0000944,-2.7554235079
CtrSVDD_0033_E_0000945,1.7021477290
CtrSVDD_0034_E_0000946,-4.5422508773
CtrSVDD_0035_E_0000947,-5.4837172908
CtrSVDD_0036_E_0000948,0.1424573696
CtrSVDD_0037_E_0000949,-7.8862290405
CtrSVDD_0038_E_0000950,-0.5423003608
CtrSVDD_0039_E_0000951,-3.3566357090
CtrSVDD_0040_E_0000952,-5.5047048976
CtrSVDD_0041_E_0000953,-1.3780420058
CtrSVDD_0042_E_0000954,-4.1515141496
CtrSVDD_0043_E_0000955,-2.7849236275
CtrSVDD_0044_E_0000956,-4.6042005888
CtrSVDD_0045_E_0000957,-4.4886739208
CtrSVDD_0046_E_0000958,-0.0566812540
CtrSVDD_0047_E_0000959,-5.7209094948
CtrSVDD_0000_E_0000960,-3.4690599495
CtrSVDD_0001_E_0000961,-5.9085996364
CtrSVDD_0002_E_0000962,-1.1927939333
CtrSVDD_0003_E_0000963,-6.2241273006
CtrSVDD_0004_E_0000964,0.1142492917
CtrSVDD_0005_E_0000965,-3.2649846103
CtrSVDD_0006_E_0000966,1.2331435240
CtrSVDD_0007_E_0000967,-1.8896101811
CtrSVDD_0008_E_0000968,-4.9689463498
CtrSVDD_0009_E_0000969,-4.6780862073
CtrSVDD_0010_E_0000970,-3.5175490069
CtrSVDD_0011_E_0000971,-4.9635182318
CtrSVDD_0012_E_0000972,-3.2260714859
CtrSVDD_0013_E_0000973,-6.5238150884
CtrSVDD_0014_E_0000974,-0.9849989231
CtrSVDD_0015_E_0000975,-3.5393081124
CtrSVDD_0016_E_0000976,0.5832725752
CtrSVDD_0017_E_0000977,-1.6618633406
CtrSVDD_0018_E_0000978,-0.8840409509
CtrSVDD_0019_E_0000979,-3.3431942544
CtrSVDD_0020_E_0000980,-1.4797091119
CtrSVDD_0021_E_0000981,-3.2346287172
CtrSVDD_0022_E_0000982,-6.7792435203
CtrSVDD_0023_E_0000983,-1.3764084883
CtrSVDD_0024_E_0000984,-3.6497202847
CtrSVDD_0025_E_0000985,-1.7327094646
CtrSVDD_0026_E_0000986,-6.6145347450
CtrSVDD_0027_E_0000987,-4.4512038974
CtrSVDD_0028_E_0000988,-3.0937623417
CtrSVDD_0029_E_0000989,0.5277739351
CtrSVDD_0030_E_0000990,-4.3752327683
CtrSVDD_0031_E_0000991,-1.0141723267
CtrSVDD_0032_E_0000992,0.6079088172
CtrSVDD_0033_E_0000993,-5.0748057401
CtrSVDD_0034_E_0000994,-3.6814659941
CtrSVDD_0035_E_0000995,-3.3433229792
CtrSVDD_0036_E_0000996,-4.6649038334
CtrSVDD_0037_E_0000997,-4.5106795359
CtrSVDD_0038_E_0000998,-2.7521005502
CtrSVDD_0039_E_0000999,-4.5236822686
CtrSVDD_0040_E_0001000,-3.6067570553
CtrSVDD_0041_E_0001001,-0.3438424740
CtrSVDD_0042_E_0001002,-2.9107272775
CtrSVDD_0043_E_0001003,-4.0519112848
CtrSVDD_0044_E_0001004,0.5500786843
CtrSVDD_0045_E_0001005,-3.1220681419
CtrSVDD_0046_E_0001006,-4.1947518395
CtrSVDD_0047_E_0001007,-5.0241834558
CtrSVDD_0000_E_0001008,-5.7240114763
CtrSVDD_0001_E_0001009,-3.5590882692
CtrSVDD_0002_E_0001010,0.7382221511
CtrSVDD_0003_E_0001011,-5.2562608884
CtrSVDD_0004_E_0001012,-5.9689286167
CtrSVDD_0005_E_0001013,-2.9044796892
CtrSVDD_0006_E_0001014,-6.2842341978
CtrSVDD_0007_E_0001015,0.2292966039
CtrSVDD_0008_E_0001016,-5.7183013197
CtrSVDD_0009_E_0001017,-3.4117403258
CtrSVDD_0010_E_0001018,-6.3979117491
CtrSVDD_0011_E_0001019,-3.9747710813
CtrSVDD_0012_E_0001020,-5.2445123025
CtrSVDD_0013_E_0001021,-3.2304839588
CtrSVDD_0014_E_0001022,-0.2665177615
CtrSVDD_0015_E_0001023,-2.8008928104
CtrSVDD_0016_E_0001024,-0.5832725752
CtrSVDD_0017_E_0001025,-6.5719324746
CtrSVDD_0018_E_0001026,-3.1814818990
CtrSVDD_0019_E_0001027,-4.9808807431
CtrSVDD_0020_E_0001028,-5.3519661041
CtrSVDD_0021_E_0001029,-5.1785126275
CtrSVDD_0022_E_0001030,-3.7724294324
CtrSVDD_0023_E_0001031,-6.0371460370
CtrSVDD_0024_E_0001032,-1.2774288271
CtrSVDD_0025_E_0001033,-3.4991923733
CtrSVDD_0026_E_0001034,-5.7649827208
CtrSVDD_0027_E_0001035,-0.4366180187
CtrSVDD_0028_E_0001036,-1.5634437147
CtrSVDD_0029_E_0001037,-3.3002907648
CtrSVDD_0030_E_0001038,-5.2542904488
CtrSVDD_0031_E_0001039,-3.7278334757
CtrSVDD_0032_E_0001040,-3.9640432530
CtrSVDD_0033_E_0001041,0.3851515764
CtrSVDD_0034_E_0001042,-5.7490591409
CtrSVDD_0035_E_0001043,-4.8833289097
CtrSVDD_0036_E_0001044,1.0517699870
CtrSVDD_0037_E_0001045,-5.7899490329
CtrSVDD_0038_E_0001046,-4.2538941375
CtrSVDD_0039_E_0001047,-4.5314577316
CtrSVDD_0040_E_0001048,-0.2889174328
CtrSVDD_0041_E_0001049,-3.4933265369
CtrSVDD_0042_E_0001050,-4.9489635223
CtrSVDD_0043_E_0001051,-4.9453762211
CtrSVDD_0044_E_0001052,-3.4658253981
CtrSVDD_0045_E_0001053,-3.6881658321
CtrSVDD_0046_E_0001054,-4.7644893843
CtrSVDD_0047_E_0001055,-1.6189271165
CtrSVDD_0000_E_0001056,1.5509759560
CtrSVDD_0001_E_0001057,-3.5059201484
CtrSVDD_0002_E_0001058,-4.3080303927
CtrSVDD_0003_E_0001059,-3.3269357322
CtrSVDD_0004_E_0001060,-1.7423379963
CtrSVDD_0005_E_0001061,-3.2175674884
CtrSVDD_0006_E_0001062,-0.4030085097
CtrSVDD_0007_E_0001063,-2.8926674240
CtrSVDD_0008_E_0001064,-2.3296960536
CtrSVDD_0009_E_0001065,-7.9764574874
CtrSVDD_0010_E_0001066,-4.7801682046
CtrSVDD_0011_E_0001067,-1.1988590314
CtrSVDD_0012_E_0001068,-3.0408206342
CtrSVDD_0013_E_0001069,-0.6124412706
CtrSVDD_0014_E_0001070,-4.9380122969
CtrSVDD_0015_E_0001071,-2.5580070934
CtrSVDD_0016_E_0001072,-3.8597332327
CtrSVDD_0017_E_0001073,-1.4120878115
CtrSVDD_0018_E_0001074,-4.5693108248
CtrSVDD_0019_E_0001075,-3.4999938020
CtrSVDD_0020_E_0001076,-1.3773677909
CtrSVDD_0021_E_0001077,-5.0722543887
CtrSVDD_0022_E_0001078,-2.8060453680
CtrSVDD_0023_E_0001079,-4.0051725724
CtrSVDD_0024_E_0001080,-3.6757951989
CtrSVDD_0025_E_0001081,-2.6498079592
CtrSVDD_0026_E_0001082,-4.6679524227
CtrSVDD_0027_E_0001083,-4.2750656939
CtrSVDD_0028_E_0001084,-4.9114790307
CtrSVDD_0029_E_0001085,-1.0299927843
CtrSVDD_0030_E_0001086,-0.7753546961
CtrSVDD_0031_E_0001087,-6.9450837356
CtrSVDD_0032_E_0001088,-1.5497439265
CtrSVDD_0033_E_0001089,0.4206468217
CtrSVDD_0034_E_0001090,-6.4655381428
CtrSVDD_0035_E_0001091,-1.8755335327
CtrSVDD_0036_E_0001092,-4.2170444435
CtrSVDD_0037_E_0001093,-4.1622045934
CtrSVDD_0038_E_0001094,-1.2494636636
CtrSVDD_0039_E_0001095,-5.3250996486
CtrSVDD_0040_E_0001096,-2.1270765981
CtrSVDD_0041_E_0001097,-5.0841081636
CtrSVDD_0042_E_0001098,-1.2759333599
CtrSVDD_0043_E_0001099,0.8615214857
CtrSVDD_0044_E_0001100,-5.2847959560
CtrSVDD_0045_E_0001101,-3.7488420822
CtrSVDD_0046_E_0001102,-4.7050930009
CtrSVDD_0047_E_0001103,-5.9293156731
CtrSVDD_0000_E_0001104,-2.7083388932
CtrSVDD_0001_E_0001105,-3.3385730456
CtrSVDD_0002_E_0001106,-2.9810131033
CtrSVDD_0003_E_0001107,-0.4895646950
CtrSVDD_0004_E_0001108,-3.6431194756
CtrSVDD_0005_E_0001109,-5.0957010018
CtrSVDD_0006_E_0001110,-4.0286357738
CtrSVDD_0007_E_0001111,1.1681518079
CtrSVDD_0008_E_0001112,1.0939075304
CtrSVDD_0009_E_0001113,-6.8597611424
CtrSVDD_0010_E_0001114,-3.7935889796
CtrSVDD_0011_E_0001115,-5.2613722629
CtrSVDD_0012_E_0001116,-4.4863067074
CtrSVDD_0013_E_0001117,-4.4871532385
CtrSVDD_0014_E_0001118,-2.7382976220
CtrSVDD_0015_E_0001119,-3.4325664245
CtrSVDD_0016_E_0001120,-4.3847067850
CtrSVDD_0017_E_0001121,-3.6091046059
CtrSVDD_0018_E_0001122,-0.0011383465
CtrSVDD_0019_E_0001123,-3.2787738885
CtrSVDD_0020_E_0001124,-3.8456624869
CtrSVDD_0021_E_0001125,-2.6420298842
CtrSVDD_0022_E_0001126,1.2455108566
CtrSVDD_0023_E_0001127,-5.0379283415
CtrSVDD_0024_E_0001128,-1.4091777955
CtrSVDD_0025_E_0001129,-4.1409451216
CtrSVDD_0026_E_0001130,-0.2618119847
CtrSVDD_0027_E_0001131,-4.3545262585
CtrSVDD_0028_E_0001132,0.1268671111
CtrSVDD_0029_E_0001133,-4.8374140357
CtrSVDD_0030_E_0001134,0.0454762832
CtrSVDD_0031_E_0001135,-5.2046783293
CtrSVDD_0032_E_0001136,-4.4879320577
CtrSVDD_0033_E_0001137,-0.6459896823
CtrSVDD_0034_E_0001138,-2.3462123389
CtrSVDD_0035_E_0001139,-0.8063055145
CtrSVDD_0036_E_0001140,-5.0108557863
CtrSVDD_0037_E_0001141,-2.5854233277
CtrSVDD_0038_E_0001142,-1.3340978916
CtrSVDD_0039_E_0001143,-0.9622174102
CtrSVDD_0040_E_0001144,-2.5768591442
CtrSVDD_0041_E_0001145,0.7090947688
CtrSVDD_0042_E_0001146,-0.0498709095
CtrSVDD_0043_E_0001147,-0.6870239784
CtrSVDD_0044_E_0001148,-4.0267693829
CtrSVDD_0045_E_0001149,-0.6628312663
CtrSVDD_0046_E_0001150,-1.0416228428
CtrSVDD_0047_E_0001151,-7.0108090773
CtrSVDD_0000_E_0001152,-3.7383762000
CtrSVDD_0001_E_0001153,-6.0803115263
CtrSVDD_0002_E_0001154,-3.1651376052
CtrSVDD_0003_E_0001155,-3.9342076763
CtrSVDD_0004_E_0001156,-4.1830808240
CtrSVDD_0005_E_0001157,-2.4816597730
CtrSVDD_0006_E_0001158,-3.7085557451
CtrSVDD_0007_E_0001159,-3.8006810635
CtrSVDD_0008_E_0001160,-3.8804343258
CtrSVDD_0009_E_0001161,-3.7514603266
CtrSVDD_0010_E_0001162,-0.1049334829
CtrSVDD_0011_E_0001163,-4.6307895743
CtrSVDD_0012_E_0001164,-3.1780211432
CtrSVDD_0013_E_0001165,-4.3386479537
CtrSVDD_0014_E_0001166,0.6191529613
CtrSVDD_0015_E_0001167,-4.0921267029
CtrSVDD_0016_E_0001168,-3.0001084810
CtrSVDD_0017_E_0001169,0.5799594487
CtrSVDD_0018_E_0001170,-0.5062834521
CtrSVDD_0019_E_0001171,-4.1125622817
CtrSVDD_0020_E_0001172,-2.4883199322
CtrSVDD_0021_E_0001173,-3.1503908899
CtrSVDD_0022_E_0001174,-4.7131219327
CtrSVDD_0023_E_0001175,-2.9530864414
CtrSVDD_0024_E_0001176,-5.7122853538
CtrSVDD_0025_E_0001177,-1.4438340396
CtrSVDD_0026_E_0001178,-4.6420051376
CtrSVDD_0027_E_0001179,-0.2149592275
CtrSVDD_0028_E_0001180,-5.4729308129
CtrSVDD_0029_E_0001181,-3.4194465058
CtrSVDD_0030_E_0001182,-2.8883701296
CtrSVDD_0031_E_0001183,-4.4419167889
CtrSVDD_0032_E_0001184,-4.6981479215
CtrSVDD_0033_E_0001185,-4.4145732175
CtrSVDD_0034_E_0001186,-4.9137345473
CtrSVDD_0035_E_0001187,-8.4916476592
CtrSVDD_0036_E_0001188,-3.6806392822
CtrSVDD_0037_E_0001189,-3.6518840576
CtrSVDD_0038_E_0001190,-1.2704438157
CtrSVDD_0039_E_0001191,-1.7118418512
CtrSVDD_0040_E_0001192,0.5832640465
CtrSVDD_0041_E_0001193,-1.3909348601
CtrSVDD_0042_E_0001194,-4.8771087742
CtrSVDD_0043_E_0001195,-0.9347308047
CtrSVDD_0044_E_0001196,-4.9720251077
CtrSVDD_0045_E_0001197,-5.1059632669
CtrSVDD_0046_E_0001198,0.5253896601
CtrSVDD_0047_E_0001199,0.9348057945
CtrSVDD_0000_E_0001200,-3.1561780057
CtrSVDD_0001_E_0001201,0.7401002168
CtrSVDD_0002_E_0001202,-3.0272692779
CtrSVDD_0003_E_0001203,-0.8255838870
CtrSVDD_0004_E_0001204,0.8143561565
CtrSVDD_0005_E_0001205,-5.5104982776
CtrSVDD_0006_E_0001206,-6.9061122428
CtrSVDD_0007_E_0001207,-5.2030933582
CtrSVDD_0008_E_0001208,-5.0759673372
CtrSVDD_0009_E_0001209,0.5365721978
CtrSVDD_0010_E_0001210,-3.7694718803
CtrSVDD_0011_E_0001211,-7.5660319152
CtrSVDD_0012_E_0001212,-4.8799558176
CtrSVDD_0013_E_0001213,-4.6563937216
CtrSVDD_0014_E_0001214,1.3151769909
CtrSVDD_0015_E_0001215,-0.4212820896
CtrSVDD_0016_E_0001216,-1.4462790012
CtrSVDD_0017_E_0001217,-4.5999779967
CtrSVDD_0018_E_0001218,-6.2380498719
CtrSVDD_0019_E_0001219,-3.2046234992
CtrSVDD_0020_E_0001220,-4.1028984404
CtrSVDD_0021_E_0001221,-4.0504367450
CtrSVDD_0022_E_0001222,-3.3817915421
CtrSVDD_0023_E_0001223,-1.7393942786
CtrSVDD_0024_E_0001224,-2.3533117929
CtrSVDD_0025_E_0001225,-1.4795364825
CtrSVDD_0026_E_0001226,-1.9034154762
CtrSVDD_0027_E_0001227,-2.2726965989
CtrSVDD_0028_E_0001228,-3.6250562906
CtrSVDD_0029_E_0001229,-4.0480867846
CtrSVDD_0030_E_0001230,-1.8415599879
CtrSVDD_0031_E_0001231,-5.1239050723
CtrSVDD_0032_E_0001232,-3.6729962097
CtrSVDD_0033_E_0001233,1.0614081289
CtrSVDD_0034_E_0001234,-4.1109043346
CtrSVDD_0035_E_0001235,-6.4247359340
CtrSVDD_0036_E_0001236,-5.4744221661
CtrSVDD_0037_E_0001237,-3.9087443308
CtrSVDD_0038_E_0001238,-0.0454762832
CtrSVDD_0039_E_0001239,-3.0870466760
CtrSVDD_0040_E_0001240,-6.0067390739
CtrSVDD_0041_E_0001241,-5.1794258162
CtrSVDD_0042_E_0001242,-3.5511033636
CtrSVDD_0043_E_0001243,-4.6510390205
CtrSVDD_0044_E_0001244,-4.8346924005
CtrSVDD_0045_E_0001245,1.7402582720
CtrSVDD_0046_E_0001246,-1.5927767507
CtrSVDD_0047_E_0001247,-3.1469089208
CtrSVDD_0000_E_0001248,-4.1220652128
CtrSVDD_0001_E_0001249,-5.2704924898
CtrSVDD_0002_E_0001250,-3.2926801179
CtrSVDD_0003_E_0001251,-3.0456426736
CtrSVDD_0004_E_0001252,-6.1411094111
CtrSVDD_0005_E_0001253,-3.6137673022
CtrSVDD_0006_E_0001254,-4.3227718366
CtrSVDD_0007_E_0001255,-5.3707203877
CtrSVDD_0008_E_0001256,-4.8777936108
CtrSVDD_0009_E_0001257,-4.9487742005
CtrSVDD_0010_E_0001258,-5.2012762058
CtrSVDD_0011_E_0001259,-2.5308555538
CtrSVDD_0012_E_0001260,0.2595482374
CtrSVDD_0013_E_0001261,-0.7109414228
CtrSVDD_0014_E_0001262,-1.3841684272
CtrSVDD_0015_E_0001263,-0.2221222082
CtrSVDD_0016_E_0001264,0.5767010881
CtrSVDD_0017_E_0001265,-3.3033391071
CtrSVDD_0018_E_0001266,-3.9169068889
CtrSVDD_0019_E_0001267,-3.3490386287
CtrSVDD_0020_E_0001268,-0.1509409192
CtrSVDD_0021_E_0001269,-2.0505489239
CtrSVDD_0022_E_0001270,0.7037558681
CtrSVDD_0023_E_0001271,-4.1797316668
CtrSVDD_0024_E_0001272,-4.5653868461
CtrSVDD_0025_E_0001273,-5.9748305017
CtrSVDD_0026_E_0001274,-6.7855910708
CtrSVDD_0027_E_0001275,-3.1467440038
CtrSVDD_0028_E_0001276,-3.5441882583
CtrSVDD_0029_E_0001277,-0.1339840606
CtrSVDD_0030_E_0001278,-0.3969473992
CtrSVDD_0031_E_0001279,-4.6866174800
CtrSVDD_0032_E_0001280,-5.4882341237
CtrSVDD_0033_E_0001281,-4.6811820026
CtrSVDD_0034_E_0001282,-3.1774845793
CtrSVDD_0035_E_0001283,0.9304840170
CtrSVDD_0036_E_0001284,0.5287151630
CtrSVDD_0037_E_0001285,-0.8561078188
CtrSVDD_0038_E_0001286,-3.5723422331
CtrSVDD_0039_E_0001287,-4.9124115163
CtrSVDD_0040_E_0001288,-4.4406190839
CtrSVDD_0041_E_0001289,-4.6939846800
CtrSVDD_0042_E_0001290,3.7543430350
CtrSVDD_0043_E_0001291,-5.1637542106
CtrSVDD_0044_E_0001292,-6.0872877065
CtrSVDD_0045_E_0001293,-4.3336867861
CtrSVDD_0046_E_0001294,-4.3999367737
CtrSVDD_0047_E_0001295,-3.0290337959
CtrSVDD_0000_E_0001296,-2.0731656752
CtrSVDD_0001_E_0001297,-2.0557519347
CtrSVDD_0002_E_0001298,-0.4492596087
CtrSVDD_0003_E_0001299,1.9628364706
CtrSVDD_0004_E_0001300,-0.2978288126
CtrSVDD_0005_E_0001301,-3.7452630928
CtrSVDD_0006_E_0001302,-2.0901743727
CtrSVDD_0007_E_0001303,-5.4254501117
CtrSVDD_0008_E_0001304,-5.5246387548
CtrSVDD_0009_E_0001305,-4.1310081559
CtrSVDD_0010_E_0001306,0.8574738954
CtrSVDD_0011_E_0001307,-5.6078739106
CtrSVDD_0012_E_0001308,-3.2038348684
CtrSVDD_0013_E_0001309,-5.8733287896
CtrSVDD_0014_E_0001310,-2.7539127611
CtrSVDD_0015_E_0001311,-3.7075466258
CtrSVDD_0016_E_0001312,-3.6135148986
CtrSVDD_0017_E_0001313,-5.3686383788
CtrSVDD_0018_E_0001314,-4.5006609969
CtrSVDD_0019_E_0001315,-2.2641921456
CtrSVDD_0020_E_0001316,-4.6635124170
CtrSVDD_0021_E_0001317,-4.5548179965
CtrSVDD_0022_E_0001318,-0.0875359191
CtrSVDD_0023_E_0001319,-2.0765607719
CtrSVDD_0024_E_0001320,-4.2019738352
CtrSVDD_0025_E_0001321,-0.3132814736
CtrSVDD_0026_E_0001322,1.6508347544
CtrSVDD_0027_E_0001323,-2.3639074030
CtrSVDD_0028_E_0001324,-4.8979573047
CtrSVDD_0029_E_0001325,-5.4442868183
CtrSVDD_0030_E_0001326,0.2112443551
CtrSVDD_0031_E_0001327,-4.7674987024
CtrSVDD_0032_E_0001328,-4.8542141537
CtrSVDD_0033_E_0001329,-3.2593565780
CtrSVDD_0034_E_0001330,-5.4204217696
CtrSVDD_0035_E_0001331,-3.1516472443
CtrSVDD_0036_E_0001332,-5.0539920908
CtrSVDD_0037_E_0001333,-6.3317683541
CtrSVDD_0038_E_0001334,-5.2044544754
CtrSVDD_0039_E_0001335,-5.1028858574
CtrSVDD_0040_E_0001336,-5.7694819964
CtrSVDD_0041_E_0001337,-4.2930962043
CtrSVDD_0042_E_0001338,-2.1230648116
CtrSVDD_0043_E_0001339,-3.3741658989
CtrSVDD_0044_E_0001340,0.6016598023
CtrSVDD_0045_E_0001341,-1.8875981593
CtrSVDD_0046_E_0001342,-4.6437922666
CtrSVDD_0047_E_0001343,-4.1902050393
CtrSVDD_0000_E_0001344,-6.9338590158
CtrSVDD_0001_E_0001345,-4.5076830023
CtrSVDD_0002_E_0001346,-0.1679412931
CtrSVDD_0003_E_0001347,-6.6245691625
CtrSVDD_0004_E_0001348,-5.7200187080
CtrSVDD_0005_E_0001349,-3.1824678523
CtrSVDD_0006_E_0001350,-5.0880512817
CtrSVDD_0007_E_0001351,-3.6303167876
CtrSVDD_0008_E_0001352,1.3823877397
CtrSVDD_0009_E_0001353,-3.9550051156
CtrSVDD_0010_E_0001354,-2.3124995939
CtrSVDD_0011_E_0001355,-3.8020621016
CtrSVDD_0012_E_0001356,-1.1475994055
CtrSVDD_0013_E_0001357,-3.4658423813
CtrSVDD_0014_E_0001358,-1.3373423523
CtrSVDD_0015_E_0001359,-4.5555796539
CtrSVDD_0016_E_0001360,0.3032245382
CtrSVDD_0017_E_0001361,-6.5020310430
CtrSVDD_0018_E_0001362,-3.6157992410
CtrSVDD_0019_E_0001363,-2.7587059080
CtrSVDD_0020_E_0001364,-6.7554707906
CtrSVDD_0021_E_0001365,-3.9966972817
CtrSVDD_0022_E_0001366,-5.2464143604
CtrSVDD_0023_E_0001367,-5.4558133056
CtrSVDD_0024_E_0001368,0.5926382516
CtrSVDD_0025_E_0001369,-2.2648280502
CtrSVDD_0026_E_0001370,-6.0608929514
CtrSVDD_0027_E_0001371,-5.2366065775
CtrSVDD_0028_E_0001372,0.6205906358
CtrSVDD_0029_E_0001373,-1.8343764077
CtrSVDD_0030_E_0001374,-4.5559283383
CtrSVDD_0031_E_0001375,-4.7976910123
CtrSVDD_0032_E_0001376,-5.8180053097
CtrSVDD_0033_E_0001377,-2.9020143801
CtrSVDD_0034_E_0001378,-0.4567100527
CtrSVDD_0035_E_0001379,-3.3923739506
CtrSVDD_0036_E_0001380,-3.3300038853
CtrSVDD_0037_E_0001381,-5.4547742850
CtrSVDD_0038_E_0001382,-0.2663693352
CtrSVDD_0039_E_0001383,-3.2681138828
CtrSVDD_0040_E_0001384,-1.7057859904
CtrSVDD_0041_E_0001385,-4.1369103511
CtrSVDD_0042_E_0001386,0.6509682782
CtrSVDD_0043_E_0001387,-2.1065540882
CtrSVDD_0044_E_0001388,-3.8712674145
CtrSVDD_0045_E_0001389,-3.6606917667
CtrSVDD_0046_E_0001390,-0.8394306710
CtrSVDD_0047_E_0001391,-1.5997726301
CtrSVDD_0000_E_0001392,-4.1483593944
CtrSVDD_0001_E_0001393,-5.0773674202
CtrSVDD_0002_E_0001394,-5.4784422694
CtrSVDD_0003_E_0001395,-4.0317746566
CtrSVDD_0004_E_0001396,-0.5618492257
CtrSVDD_0005_E_0001397,-3.9819801346
CtrSVDD_0006_E_0001398,0.7355604574
CtrSVDD_0007_E_0001399,-4.0400838551
CtrSVDD_0008_E_0001400,-4.6724575663
CtrSVDD_0009_E_0001401,-1.3979372908
CtrSVDD_0010_E_0001402,-5.2413951607
CtrSVDD_0011_E_0001403,-5.4384326920
CtrSVDD_0012_E_0001404,-3.1319710209
CtrSVDD_0013_E_0001405,-3.7524095612
CtrSVDD_0014_E_0001406,0.1707792806
CtrSVDD_0015_E_0001407,-2.9055430014
CtrSVDD_0016_E_0001408,-1.7132775222
CtrSVDD_0017_E_0001409,-3.5314769244
CtrSVDD_0018_E_0001410,-4.1925267270
CtrSVDD_0019_E_0001411,-5.3720472736
CtrSVDD_0020_E_0001412,-4.3252285791
CtrSVDD_0021_E_0001413,-5.4186722550
CtrSVDD_0022_E_0001414,-4.4377665708
CtrSVDD_0023_E_0001415,-6.0307753885
CtrSVDD_0024_E_0001416,-3.8097066165
CtrSVDD_0025_E_0001417,-0.2163909299
CtrSVDD_0026_E_0001418,-4.9451441777
CtrSVDD_0027_E_0001419,-1.8636484951
CtrSVDD_0028_E_0001420,-4.1582186924
CtrSVDD_0029_E_0001421,-6.0051771069
CtrSVDD_0030_E_0001422,-5.7339093358
CtrSVDD_0031_E_0001423,-5.0439723511
CtrSVDD_0032_E_0001424,-4.7741925699
CtrSVDD_0033_E_0001425,-4.1540420353
CtrSVDD_0034_E_0001426,-1.1780319381
CtrSVDD_0035_E_0001427,-4.3559880953
CtrSVDD_0036_E_0001428,-4.0271573374
CtrSVDD_0037_E_0001429,-2.9154199971
CtrSVDD_0038_E_0001430,-0.3385708627
CtrSVDD_0039_E_0001431,-3.7994987117
CtrSVDD_0040_E_0001432,0.6561637812
CtrSVDD_0041_E_0001433,0.2610099665
CtrSVDD_0042_E_0001434,-2.5512850304
CtrSVDD_0043_E_0001435,-2.5237413568
CtrSVDD_0044_E_0001436,-3.1577205358
CtrSVDD_0045_E_0001437,-3.2744718152
CtrSVDD_0046_E_0001438,-1.4247044487
CtrSVDD_0047_E_0001439,-3.4792154142
CtrSVDD_0000_E_0001440,-4.9177007666
CtrSVDD_0001_E_0001441,1.3544950677
CtrSVDD_0002_E_0001442,-2.6206590740
CtrSVDD_0003_E_0001443,-3.8181461357
CtrSVDD_0004_E_0001444,-5.1218312803
CtrSVDD_0005_E_0001445,-4.1820609856
CtrSVDD_0006_E_0001446,0.0132888781
CtrSVDD_0007_E_0001447,-5.1416086927
CtrSVDD_0008_E_0001448,0.5553094215
CtrSVDD_0009_E_0001449,-2.2789640712
CtrSVDD_0010_E_0001450,-2.6612678086
CtrSVDD_0011_E_0001451,-3.5855850887
CtrSVDD_0012_E_0001452,1.4783757358
CtrSVDD_0013_E_0001453,-5.5288009137
CtrSVDD_0014_E_0001454,-6.6020681583
CtrSVDD_0015_E_0001455,-4.0858183622
CtrSVDD_0016_E_0001456,-3.6987851652
CtrSVDD_0017_E_0001457,-4.7697863633
CtrSVDD_0018_E_0001458,1.0018702764
CtrSVDD_0019_E_0001459,-6.3145890309
CtrSVDD_0020_E_0001460,-6.1072012934
CtrSVDD_0021_E_0001461,-3.3038394051
CtrSVDD_0022_E_0001462,-4.2576947048
CtrSVDD_0023_E_0001463,-1.4377254747
CtrSVDD_0024_E_0001464,-5.7909157995
CtrSVDD_0025_E_0001465,-4.3128900434
CtrSVDD_0026_E_0001466,-5.6173063296
CtrSVDD_0027_E_0001467,0.9435021675
CtrSVDD_0028_E_0001468,-5.6252681264
CtrSVDD_0029_E_0001469,-3.8606627987
CtrSVDD_0030_E_0001470,-6.1027739829
CtrSVDD_0031_E_0001471,-2.6280384158
CtrSVDD_0032_E_0001472,-4.6460327273
CtrSVDD_0033_E_0001473,-3.4500530959
CtrSVDD_0034_E_0001474,-5.8807863188
CtrSVDD_0035_E_0001475,-5.4197012126
CtrSVDD_0036_E_0001476,-4.7563476098
CtrSVDD_0037_E_0001477,-1.5858467778
CtrSVDD_0038_E_0001478,-5.6138993139
CtrSVDD_0039_E_0001479,-5.1713348392
CtrSVDD_0040_E_0001480,-7.0393674320
CtrSVDD_0041_E_0001481,-2.8169671625
CtrSVDD_0042_E_0001482,-4.4811051302
CtrSVDD_0043_E_0001483,-3.6084727877
CtrSVDD_0044_E_0001484,-1.1329042518
CtrSVDD_0045_E_0001485,-2.7614614825
CtrSVDD_0046_E_0001486,-5.1653176819
CtrSVDD_0047_E_0001487,-4.6953272198
CtrSVDD_0000_E_0001488,-5.5777434570
CtrSVDD_0001_E_0001489,-0.5816152139
CtrSVDD_0002_E_0001490,-4.0190333785
CtrSVDD_0003_E_0001491,-1.6154250819
CtrSVDD_0004_E_0001492,-5.2705057934
CtrSVDD_0005_E_0001493,-5.5475355638
CtrSVDD_0006_E_0001494,-0.3713465049
CtrSVDD_0007_E_0001495,-5.2439588264
CtrSVDD_0008_E_0001496,-4.6821951321
CtrSVDD_0009_E_0001497,-1.0351718009
CtrSVDD_0010_E_0001498,0.3987062333
CtrSVDD_0011_E_0001499,-5.8246012056
CtrSVDD_0012_E_0001500,-5.5344148256
CtrSVDD_0013_E_0001501,-3.5152935714
CtrSVDD_0014_E_0001502,-5.1762848576
CtrSVDD_0015_E_0001503,-4.6747093869
CtrSVDD_0016_E_0001504,-2.8432229518
CtrSVDD_0017_E_0001505,-2.1668459721
CtrSVDD_0018_E_0001506,-2.8867560522
CtrSVDD_0019_E_0001507,-4.2122590661
CtrSVDD_0020_E_0001508,-5.1419482199
CtrSVDD_0021_E_0001509,-2.1145811781
CtrSVDD_0022_E_0001510,1.0941496551
CtrSVDD_0023_E_0001511,0.0448336442
CtrSVDD_0024_E_0001512,-0.1736186442
CtrSVDD_0025_E_0001513,-0.9784986297
CtrSVDD_0026_E_0001514,-4.5197124869
CtrSVDD_0027_E_0001515,-4.8933342161
CtrSVDD_0028_E_0001516,-5.0509563132
CtrSVDD_0029_E_0001517,-3.7456328918
CtrSVDD_0030_E_0001518,-0.7944285986
CtrSVDD_0031_E_0001519,-0.0006993941
CtrSVDD_0032_E_0001520,1.1276053953
CtrSVDD_0033_E_0001521,-2.4783413581
CtrSVDD_0034_E_0001522,-3.4479280742
CtrSVDD_0035_E_0001523,-1.1572099810
CtrSVDD_0036_E_0001524,0.3415349575
CtrSVDD_0037_E_0001525,-3.8562218890
CtrSVDD_0038_E_0001526,-2.0673835542
CtrSVDD_0039_E_0001527,-2.6925445957
CtrSVDD_0040_E_0001528,-6.3528473825
CtrSVDD_0041_E_0001529,-4.9784275377
CtrSVDD_0042_E_0001530,-0.7983538465
CtrSVDD_0043_E_0001531,-1.3933772497
CtrSVDD_0044_E_0001532,-3.5285886180
CtrSVDD_0045_E_0001533,-4.2363981789
CtrSVDD_0046_E_0001534,-2.2989385064
CtrSVDD_0047_E_0001535,-4.0472075571
CtrSVDD_0000_E_0001536,-3.7076628477
CtrSVDD_0001_E_0001537,0.1978122464
CtrSVDD_0002_E_0001538,0.8902607472
CtrSVDD_0003_E_0001539,-4.7712551241
CtrSVDD_0004_E_0001540,-3.6046981712
CtrSVDD_0005_E_0001541,-3.4931968034
CtrSVDD_0006_E_0001542,-2.0814974982
CtrSVDD_0007_E_0001543,-3.6713193931
CtrSVDD_0008_E_0001544,-0.1944753570
CtrSVDD_0009_E_0001545,-5.9751277724
CtrSVDD_0010_E_0001546,-0.6692723521
CtrSVDD_0011_E_0001547,-0.6441886821
CtrSVDD_0012_E_0001548,-2.6393864926
CtrSVDD_0013_E_0001549,-4.3701203315
CtrSVDD_0014_E_0001550,-3.8563955566
CtrSVDD_0015_E_0001551,-3.9213613191
CtrSVDD_0016_E_0001552,-1.3860337204
CtrSVDD_0017_E_0001553,-4.7557484450
CtrSVDD_0018_E_0001554,-6.0639058465
CtrSVDD_0019_E_0001555,0.1001806688
CtrSVDD_0020_E_0001556,-0.9176216787
CtrSVDD_0021_E_0001557,-3.0752411602
CtrSVDD_0022_E_0001558,-0.5689925351
CtrSVDD_0023_E_0001559,-5.5489171824
CtrSVDD_0024_E_0001560,-1.9828983025
CtrSVDD_0025_E_0001561,-1.7852624904
CtrSVDD_0026_E_0001562,-0.9700305792
CtrSVDD_0027_E_0001563,0.3924111291
CtrSVDD_0028_E_0001564,-1.6903562409
CtrSVDD_0029_E_0001565,-1.9723428214
CtrSVDD_0030_E_0001566,-4.6844587021
CtrSVDD_0031_E_0001567,-3.5929381806
CtrSVDD_0032_E_0001568,-3.0101509789
CtrSVDD_0033_E_0001569,-4.8735195444
CtrSVDD_0034_E_0001570,-3.2094049304
CtrSVDD_0035_E_0001571,-3.0603410191
CtrSVDD_0036_E_0001572,-3.9026234691
CtrSVDD_0037_E_0001573,-1.3297709502
CtrSVDD_0038_E_0001574,-4.4716495721
CtrSVDD_0039_E_0001575,-6.1362204085
CtrSVDD_0040_E_0001576,-5.1384456619
CtrSVDD_0041_E_0001577,-6.4848618434
CtrSVDD_0042_E_0001578,0.0577215216
CtrSVDD_0043_E_0001579,-1.8927644368
CtrSVDD_0044_E_0001580,-4.8131895248
CtrSVDD_0045_E_0001581,-0.6940878787
CtrSVDD_0046_E_0001582,-3.5660218770
CtrSVDD_0047_E_0001583,-5.0782915572
CtrSVDD_0000_E_0001584,-4.3390425443
CtrSVDD_0001_E_0001585,-3.7060755678
CtrSVDD_0002_E_0001586,-3.3205158540
CtrSVDD_0003_E_0001587,-4.2427713308
CtrSVDD_0004_E_0001588,-3.6789682557
CtrSVDD_0005_E_0001589,-7.0668746892
CtrSVDD_0006_E_0001590,-7.4874089294
CtrSVDD_0007_E_0001591,-1.3796760194
CtrSVDD_0008_E_0001592,-5.1606004002
CtrSVDD_0009_E_0001593,-5.0646349914
CtrSVDD_0010_E_0001594,-3.5947893074
CtrSVDD_0011_E_0001595,-0.5899181344
CtrSVDD_0012_E_0001596,-5.1451609516
CtrSVDD_0013_E_0001597,-2.6549095549
CtrSVDD_0014_E_0001598,-4.0911804099
CtrSVDD_0015_E_0001599,-4.6046254009
CtrSVDD_0016_E_0001600,-4.6623088316
CtrSVDD_0017_E_0001601,-3.4940630192
CtrSVDD_0018_E_0001602,-4.7346408217
CtrSVDD_0019_E_0001603,0.3324328278
CtrSVDD_0020_E_0001604,-3.3710554406
CtrSVDD_0021_E_0001605,-4.2901265610
CtrSVDD_0022_E_0001606,-5.8038012310
CtrSVDD_0023_E_0001607,-4.8830063048
CtrSVDD_0024_E_0001608,-4.2491253747
CtrSVDD_0025_E_0001609,-3.6889235233
CtrSVDD_0026_E_0001610,-4.4547397007
CtrSVDD_0027_E_0001611,-4.6571024152
CtrSVDD_0028_E_0001612,-3.1725621228
CtrSVDD_0029_E_0001613,-2.9539816691
CtrSVDD_0030_E_0001614,-3.3848176605
CtrSVDD_0031_E_0001615,-2.7822545204
CtrSVDD_0032_E_0001616,-5.5338306636
CtrSVDD_0033_E_0001617,-2.2411677192
CtrSVDD_0034_E_0001618,-1.4158888988
CtrSVDD_0035_E_0001619,-1.7518528889
CtrSVDD_0036_E_0001620,-4.0393132373
CtrSVDD_0037_E_0001621,-3.0735490377
CtrSVDD_0038_E_0001622,-0.2336068896
CtrSVDD_0039_E_0001623,-4.0620267666
CtrSVDD_0040_E_0001624,-2.5883832181
CtrSVDD_0041_E_0001625,-0.5932506910
CtrSVDD_0042_E_0001626,-3.3130963455
CtrSVDD_0043_E_0001627,-2.6571570132
CtrSVDD_0044_E_0001628,-0.1935347696
CtrSVDD_0045_E_0001629,1.3031536179
CtrSVDD_0046_E_0001630,-1.9725302450
CtrSVDD_0047_E_0001631,1.6730978450
CtrSVDD_0000_E_0001632,-3.3109704189
CtrSVDD_0001_E_0001633,-2.0287876694
CtrSVDD_0002_E_0001634,-3.9114263884
CtrSVDD_0003_E_0001635,-1.1011152945
CtrSVDD_0004_E_0001636,-0.7739611230
CtrSVDD_0005_E_0001637,-5.6537245970
CtrSVDD_0006_E_0001638,1.3608879341
CtrSVDD_0007_E_0001639,-0.5801724439
CtrSVDD_0008_E_0001640,-4.7153985569
CtrSVDD_0009_E_0001641,-3.7927703165
CtrSVDD_0010_E_0001642,-4.8327178644
CtrSVDD_0011_E_0001643,-4.1859923225
CtrSVDD_0012_E_0001644,-2.1278348918
CtrSVDD_0013_E_0001645,-4.0776558042
CtrSVDD_0014_E_0001646,-3.8736208114
CtrSVDD_0015_E_0001647,-0.0388147119
CtrSVDD_0016_E_0001648,-5.7388886965
CtrSVDD_0017_E_0001649,-3.5572249994
CtrSVDD_0018_E_0001650,-3.6873840637
CtrSVDD_0019_E_0001651,-0.4372102207
CtrSVDD_0020_E_0001652,-1.1989362071
CtrSVDD_0021_E_0001653,0.0331917324
CtrSVDD_0022_E_0001654,-4.1038874729
CtrSVDD_0023_E_0001655,-5.0174931144
CtrSVDD_0024_E_0001656,-5.2195328390
CtrSVDD_0025_E_0001657,-2.9280674170
CtrSVDD_0026_E_0001658,-1.9345465461
CtrSVDD_0027_E_0001659,-2.9677882665
CtrSVDD_0028_E_0001660,-6.8904951260
CtrSVDD_0029_E_0001661,-3.0338889974
CtrSVDD_0030_E_0001662,-3.4200041398
CtrSVDD_0031_E_0001663,-5.3844225485
CtrSVDD_0032_E_0001664,-4.1639424772
CtrSVDD_0033_E_0001665,-5.4873712048
CtrSVDD_0034_E_0001666,-1.3960443415
CtrSVDD_0035_E_0001667,-2.4125522568
CtrSVDD_0036_E_0001668,-2.8010358564
CtrSVDD_0037_E_0001669,-3.6536366568
CtrSVDD_0038_E_0001670,-4.7513415148
CtrSVDD_0039_E_0001671,-0.5331502063
CtrSVDD_0040_E_0001672,-3.8094881533
CtrSVDD_0041_E_0001673,-1.5457003491
CtrSVDD_0042_E_0001674,-4.2522330215
CtrSVDD_0043_E_0001675,-4.4932855952
CtrSVDD_0044_E_0001676,-1.5531628931
CtrSVDD_0045_E_0001677,-2.8301485878
CtrSVDD_0046_E_0001678,-2.6815988217
CtrSVDD_0047_E_0001679,-5.4881317053
CtrSVDD_0000_E_0001680,-4.6672148571
CtrSVDD_0001_E_0001681,-4.3544012853
CtrSVDD_0002_E_0001682,-4.7859417470
CtrSVDD_0003_E_0001683,-1.6438937264
CtrSVDD_0004_E_0001684,-1.9566015912
CtrSVDD_0005_E_0001685,-4.3178510430
CtrSVDD_0006_E_0001686,-5.0570300903
CtrSVDD_0007_E_0001687,-2.2306120350
CtrSVDD_0008_E_0001688,-5.6290787530
CtrSVDD_0009_E_0001689,-3.7236431656
CtrSVDD_0010_E_0001690,-1.3509541995
CtrSVDD_0011_E_0001691,0.2959096162
CtrSVDD_0012_E_0001692,-1.8855886809
CtrSVDD_0013_E_0001693,1.1567933073
CtrSVDD_0014_E_0001694,0.6286535519
CtrSVDD_0015_E_0001695,-2.4496863575
CtrSVDD_0016_E_0001696,-0.0496774027
CtrSVDD_0017_E_0001697,-3.0838793563
CtrSVDD_0018_E_0001698,0.1156573525
CtrSVDD_0019_E_0001699,-3.6839577570
CtrSVDD_0020_E_0001700,-3.5063699422
CtrSVDD_0021_E_0001701,-1.5056379557
CtrSVDD_0022_E_0001702,-0.4014918522
CtrSVDD_0023_E_0001703,1.2224429156
CtrSVDD_0024_E_0001704,-5.1797106324
CtrSVDD_0025_E_0001705,-2.9365965148
CtrSVDD_0026_E_0001706,-3.7373452720
CtrSVDD_0027_E_0001707,-1.9742805447
CtrSVDD_0028_E_0001708,-5.5408006679
CtrSVDD_0029_E_0001709,-3.6594830678
CtrSVDD_0030_E_0001710,-4.0905918763
CtrSVDD_0031_E_0001711,-5.1291323908
CtrSVDD_0032_E_0001712,-5.6397004002
CtrSVDD_0033_E_0001713,-6.2050649308
CtrSVDD_0034_E_0001714,-0.2020933456
CtrSVDD_0035_E_0001715,-7.6117602521
CtrSVDD_0036_E_0001716,-5.4611444143
CtrSVDD_0037_E_0001717,-3.4291255499
CtrSVDD_0038_E_0001718,-4.5464261523
CtrSVDD_0039_E_0001719,-4.6541462735
CtrSVDD_0040_E_0001720,-4.3799688024
CtrSVDD_0041_E_0001721,-3.7770689211
CtrSVDD_0042_E_0001722,-3.6957812197
CtrSVDD_0043_E_0001723,-5.5120798652
CtrSVDD_0044_E_0001724,-5.0332026224
CtrSVDD_0045_E_0001725,-4.5164612723
CtrSVDD_0046_E_0001726,-2.4689920270
CtrSVDD_0047_E_0001727,-2.4023938365
CtrSVDD_0000_E_0001728,0.8454144771
CtrSVDD_0001_E_0001729,-5.2868774985
CtrSVDD_0002_E_0001730,-1.3049639148
CtrSVDD_0003_E_0001731,-6.1158593734
CtrSVDD_0004_E_0001732,-3.8065168062
CtrSVDD_0005_E_0001733,-5.5076853358
CtrSVDD_0006_E_0001734,-1.5501990408
CtrSVDD_0007_E_0001735,-1.9307388342
CtrSVDD_0008_E_0001736,-1.2020280035
CtrSVDD_0009_E_0001737,-4.5954678616
CtrSVDD_0010_E_0001738,-2.5361003474
CtrSVDD_0011_E_0001739,-2.8070289446
CtrSVDD_0012_E_0001740,1.0000358995
CtrSVDD_0013_E_0001741,-4.7992056453
CtrSVDD_0014_E_0001742,-4.4848803363
CtrSVDD_0015_E_0001743,-4.3111919799
CtrSVDD_0016_E_0001744,-1.2952986337
CtrSVDD_0017_E_0001745,-4.0712189259
CtrSVDD_0018_E_0001746,-4.9007173871
CtrSVDD_0019_E_0001747,-1.9359913093
CtrSVDD_0020_E_0001748,-4.6363538347
CtrSVDD_0021_E_0001749,-2.4516064754
CtrSVDD_0022_E_0001750,-4.8934541508
CtrSVDD_0023_E_0001751,-3.9980319007
CtrSVDD_0024_E_0001752,-1.9366209938
CtrSVDD_0025_E_0001753,-5.2269663143
CtrSVDD_0026_E_0001754,-4.3590833662
CtrSVDD_0027_E_0001755,-3.2136692226
CtrSVDD_0028_E_0001756,-2.2456057876
CtrSVDD_0029_E_0001757,-4.8020972975
CtrSVDD_0030_E_0001758,-4.8350838141
CtrSVDD_0031_E_0001759,1.5163632225
CtrSVDD_0032_E_0001760,-3.2987674758
CtrSVDD_0033_E_0001761,-5.3248391758
CtrSVDD_0034_E_0001762,0.3076212670
CtrSVDD_0035_E_0001763,-4.8527417943
CtrSVDD_0036_E_0001764,-5.2568122219
CtrSVDD_0037_E_0001765,-5.7158239752
CtrSVDD_0038_E_0001766,-3.2865322892
CtrSVDD_0039_E_0001767,-0.1892608309
CtrSVDD_0040_E_0001768,-3.6546410317
CtrSVDD_0041_E_0001769,2.1065540882
CtrSVDD_0042_E_0001770,1.9847402495
CtrSVDD_0043_E_0001771,-1.0614081289
CtrSVDD_0044_E_0001772,-5.1838613056
CtrSVDD_0045_E_0001773,-5.2786703506
CtrSVDD_0046_E_0001774,-3.8130896511
CtrSVDD_0047_E_0001775,-3.1681064977
CtrSVDD_0000_E_0001776,-4.0740949971
CtrSVDD_0001_E_0001777,-3.0186113244
CtrSVDD_0002_E_0001778,-6.4967679667
CtrSVDD_0003_E_0001779,1.2831484089
CtrSVDD_0004_E_0001780,-5.3870425412
CtrSVDD_0005_E_0001781,-4.6960788071
CtrSVDD_0006_E_0001782,-3.4546129467
CtrSVDD_0007_E_0001783,-2.7094492262
CtrSVDD_0008_E_0001784,-5.3449379486
CtrSVDD_0009_E_0001785,-5.7405530594
CtrSVDD_0010_E_0001786,-0.9409813096
CtrSVDD_0011_E_0001787,-1.1821021320
CtrSVDD_0012_E_0001788,-5.9855490274
CtrSVDD_0013_E_0001789,-4.7005728404
CtrSVDD_0014_E_0001790,-2.6012595513
CtrSVDD_0015_E_0001791,-3.2563395725
CtrSVDD_0016_E_0001792,1.4435348120
CtrSVDD_0017_E_0001793,-2.4364152898
CtrSVDD_0018_E_0001794,-4.2240295369
CtrSVDD_0019_E_0001795,-1.9324749772
CtrSVDD_0020_E_0001796,-4.3925599553
CtrSVDD_0021_E_0001797,-0.7091416044
CtrSVDD_0022_E_0001798,-0.6710535542
CtrSVDD_0023_E_0001799,-0.2387756566
CtrSVDD_0024_E_0001800,-1.3538593641
CtrSVDD_0025_E_0001801,-5.5356547508
CtrSVDD_0026_E_0001802,-3.9817187014
CtrSVDD_0027_E_0001803,0.9456874299
CtrSVDD_0028_E_0001804,1.4083070176
CtrSVDD_0029_E_0001805,-1.9880578396
CtrSVDD_0030_E_0001806,-4.6096789705
CtrSVDD_0031_E_0001807,-4.7958459473
CtrSVDD_0032_E_0001808,-5.2509810703
CtrSVDD_0033_E_0001809,-4.5624498062
CtrSVDD_0034_E_0001810,-2.0332283832
CtrSVDD_0035_E_0001811,-3.1336172306
CtrSVDD_0036_E_0001812,-4.6397451026
CtrSVDD_0037_E_0001813,-3.3970220191
CtrSVDD_0038_E_0001814,-5.1528322074
CtrSVDD_0039_E_0001815,0.1934623919
CtrSVDD_0040_E_0001816,0.4943008145
CtrSVDD_0041_E_0001817,-6.2550354677
CtrSVDD_0042_E_0001818,-3.4180497608
CtrSVDD_0043_E_0001819,-3.1705578939
CtrSVDD_0044_E_0001820,-3.9289757955
CtrSVDD_0045_E_0001821,-0.9903837048
CtrSVDD_0046_E_0001822,-5.2461278907
CtrSVDD_0047_E_0001823,-2.8511058387
CtrSVDD_0000_E_0001824,0.1475320886
CtrSVDD_0001_E_0001825,-5.4646975069
CtrSVDD_0002_E_0001826,-6.4604818935
CtrSVDD_0003_E_0001827,-3.2550892619
CtrSVDD_0004_E_0001828,0.2915282760
CtrSVDD_0005_E_0001829,-6.4914008998
CtrSVDD_0006_E_0001830,1.9251456555
CtrSVDD_0007_E_0001831,-5.1510901967
CtrSVDD_0008_E_0001832,-3.4239783175
CtrSVDD_0009_E_0001833,3.0257847151
CtrSVDD_0010_E_0001834,-0.0833242105
CtrSVDD_0011_E_0001835,-4.0443550098
CtrSVDD_0012_E_0001836,-3.9107770008
CtrSVDD_0013_E_0001837,-4.3148104251
CtrSVDD_0014_E_0001838,-1.0778373217
CtrSVDD_0015_E_0001839,-5.5869860685
CtrSVDD_0016_E_0001840,-0.4090844621
CtrSVDD_0017_E_0001841,-5.1555916526
CtrSVDD_0018_E_0001842,-4.3047274853
CtrSVDD_0019_E_0001843,-4.3056158607
CtrSVDD_0020_E_0001844,-3.3391929938
CtrSVDD_0021_E_0001845,-1.3679843837
CtrSVDD_0022_E_0001846,-4.2105711783
CtrSVDD_0023_E_0001847,-4.4133842188
CtrSVDD_0024_E_0001848,-1.0467803551
CtrSVDD_0025_E_0001849,-3.0342232214
CtrSVDD_0026_E_0001850,-0.9229439162
CtrSVDD_0027_E_0001851,-4.4342441450
CtrSVDD_0028_E_0001852,-5.1534650211
CtrSVDD_0029_E_0001853,-4.6074270997
CtrSVDD_0030_E_0001854,-4.9340121224
CtrSVDD_0031_E_0001855,1.7390199717
CtrSVDD_0032_E_0001856,-4.3354248668
CtrSVDD_0033_E_0001857,-2.2166464223
CtrSVDD_0034_E_0001858,1.0492027322
CtrSVDD_0035_E_0001859,-3.7618437933
CtrSVDD_0036_E_0001860,1.4197105540
CtrSVDD_0037_E_0001861,-0.0553548084
CtrSVDD_0038_E_0001862,-4.6888832193
CtrSVDD_0039_E_0001863,0.8022073322
CtrSVDD_0040_E_0001864,-4.9570346784
CtrSVDD_0041_E_0001865,-2.9621442271
CtrSVDD_0042_E_0001866,0.4613726783
CtrSVDD_0043_E_0001867,-4.8969873396
CtrSVDD_0044_E_0001868,-1.4921856620
CtrSVDD_0045_E_0001869,-3.5429408055
CtrSVDD_0046_E_0001870,-4.5846398052
CtrSVDD_0047_E_0001871,-2.3726891143
CtrSVDD_0000_E_0001872,-0.8562630518
CtrSVDD_0001_E_0001873,-5.7991648779
CtrSVDD_0002_E_0001874,-6.4390651964
CtrSVDD_0003_E_0001875,1.1403828705
CtrSVDD_0004_E_0001876,0.2092367911
CtrSVDD_0005_E_0001877,-0.3017602678
CtrSVDD_0006_E_0001878,0.8046007029
CtrSVDD_0007_E_0001879,-3.5901589168
CtrSVDD_0008_E_0001880,-1.2869759279
CtrSVDD_0009_E_0001881,-6.6443921792
CtrSVDD_0010_E_0001882,-4.3067595936
CtrSVDD_0011_E_0001883,0.2180646434
CtrSVDD_0012_E_0001884,-5.0981043440
CtrSVDD_0013_E_0001885,-2.1064421916
CtrSVDD_0014_E_0001886,-1.5419612332
CtrSVDD_0015_E_0001887,-4.3067429726
CtrSVDD_0016_E_0001888,-1.2936631798
CtrSVDD_0017_E_0001889,-0.8079986015
CtrSVDD_0018_E_0001890,-4.5590158909
CtrSVDD_0019_E_0001891,-4.7905190387
CtrSVDD_0020_E_0001892,-6.1428058071
CtrSVDD_0021_E_0001893,-5.8955026033
CtrSVDD_0022_E_0001894,-0.8982357950
CtrSVDD_0023_E_0001895,-3.7577394444
CtrSVDD_0024_E_0001896,-2.3908346410
CtrSVDD_0025_E_0001897,-5.4348434008
CtrSVDD_0026_E_0001898,-5.9559642350
CtrSVDD_0027_E_0001899,-5.2317669173
CtrSVDD_0028_E_0001900,-5.6782017419
CtrSVDD_0029_E_0001901,0.6049670462
CtrSVDD_0030_E_0001902,1.8063061245
CtrSVDD_0031_E_0001903,-2.4211081457
CtrSVDD_0032_E_0001904,-3.3115552583
CtrSVDD_0033_E_0001905,-1.1299759493
CtrSVDD_0034_E_0001906,-4.9592936222
CtrSVDD_0035_E_0001907,-0.2916468333
CtrSVDD_0036_E_0001908,-5.5680712848
CtrSVDD_0037_E_0001909,-5.6651163453
CtrSVDD_0038_E_0001910,-3.0667662336
CtrSVDD_0039_E_0001911,-3.9922517616
CtrSVDD_0040_E_0001912,-3.6064205944
CtrSVDD_0041_E_0001913,-6.0284173000
CtrSVDD_0042_E_0001914,-3.8080114525
CtrSVDD_0043_E_0001915,-4.1724465514
CtrSVDD_0044_E_0001916,-3.3913291823
CtrSVDD_0045_E_0001917,1.2517269914
CtrSVDD_0046_E_0001918,-3.5620346592
CtrSVDD_0047_E_0001919,-1.4090827287
CtrSVDD_0000_E_0001920,-3.0162635010
CtrSVDD_0001_E_0001921,-0.0049042308
CtrSVDD_0002_E_0001922,-5.2221745511
CtrSVDD_0003_E_0001923,-2.3399390875
CtrSVDD_0004_E_0001924,-3.6654649427
CtrSVDD_0005_E_0001925,0.1452614808
CtrSVDD_0006_E_0001926,-5.8323447489
CtrSVDD_0007_E_0001927,-3.6884310289
CtrSVDD_0008_E_0001928,-5.0761699052
CtrSVDD_0009_E_0001929,-5.0343208242
CtrSVDD_0010_E_0001930,-4.4150653301
CtrSVDD_0011_E_0001931,-4.9712250897
CtrSVDD_0012_E_0001932,-4.7715362398
CtrSVDD_0013_E_0001933,-2.0645109203
CtrSVDD_0014_E_0001934,-1.1346241588
CtrSVDD_0015_E_0001935,-4.1714324289
CtrSVDD_0016_E_0001936,-3.8017515377
CtrSVDD_0017_E_0001937,-4.0248557402
CtrSVDD_0018_E_0001938,-3.5295849050
CtrSVDD_0019_E_0001939,-2.2790818279
CtrSVDD_0020_E_0001940,-4.1965382083
CtrSVDD_0021_E_0001941,-3.3435270061
CtrSVDD_0022_E_0001942,-3.4194757914
CtrSVDD_0023_E_0001943,-2.9367033142
CtrSVDD_0024_E_0001944,-4.2372246433
CtrSVDD_0025_E_0001945,-1.5225294662
CtrSVDD_0026_E_0001946,-5.2204029687
CtrSVDD_0027_E_0001947,-2.5980995362
CtrSVDD_0028_E_0001948,0.1807232334
CtrSVDD_0029_E_0001949,-3.4434453414
CtrSVDD_0030_E_0001950,-1.9546664289
CtrSVDD_0031_E_0001951,-4.9644768940
CtrSVDD_0032_E_0001952,-0.7437441897
CtrSVDD_0033_E_0001953,-5.1356074448
CtrSVDD_0034_E_0001954,1.5544859921
CtrSVDD_0035_E_0001955,-3.0030458111
CtrSVDD_0036_E_0001956,-4.1697763747
CtrSVDD_0037_E_0001957,-6.4309026383
CtrSVDD_0038_E_0001958,-4.3496352794
CtrSVDD_0039_E_0001959,-4.4699727023
CtrSVDD_0040_E_0001960,-4.1253184618
CtrSVDD_0041_E_0001961,-4.2158716677
CtrSVDD_0042_E_0001962,-0.6133406859
CtrSVDD_0043_E_0001963,-6.0933763818
CtrSVDD_0044_E_0001964,-2.2224791212
CtrSVDD_0045_E_0001965,-6.0221642275
CtrSVDD_0046_E_0001966,-4.7443239191
CtrSVDD_0047_E_0001967,1.4591230250
CtrSVDD_0000_E_0001968,-5.6015186528
CtrSVDD_0001_E_0001969,-6.9310283784
CtrSVDD_0002_E_0001970,-5.4895205901
CtrSVDD_0003_E_0001971,-3.3802776975
CtrSVDD_0004_E_0001972,-5.8027101168
CtrSVDD_0005_E_0001973,-2.4047612230
CtrSVDD_0006_E_0001974,-6.8252321273
CtrSVDD_0007_E_0001975,-6.5466396086
CtrSVDD_0008_E_0001976,-0.4990480477
CtrSVDD_0009_E_0001977,-0.1034622233
CtrSVDD_0010_E_0001978,-0.1764594083
CtrSVDD_0011_E_0001979,-3.2218317807
CtrSVDD_0012_E_0001980,-3.7513813589
CtrSVDD_0013_E_0001981,-5.4016776478
CtrSVDD_0014_E_0001982,-1.7449500319
CtrSVDD_0015_E_0001983,-6.2757200237
CtrSVDD_0016_E_0001984,-1.5754846279
CtrSVDD_0017_E_0001985,-0.5766989024
CtrSVDD_0018_E_0001986,-2.4662672562
CtrSVDD_0019_E_0001987,-5.1121540492
CtrSVDD_0020_E_0001988,-5.4537816426
CtrSVDD_0021_E_0001989,-4.0781129585
CtrSVDD_0022_E_0001990,-5.1509060494
CtrSVDD_0023_E_0001991,-4.3496661760
CtrSVDD_0024_E_0001992,-2.2021028226
CtrSVDD_0025_E_0001993,-3.2805325085
CtrSVDD_0026_E_0001994,-5.4871410868
CtrSVDD_0027_E_0001995,-4.7611291749
CtrSVDD_0028_E_0001996,-4.4441547494
CtrSVDD_0029_E_0001997,-5.6844493891
CtrSVDD_0030_E_0001998,-0.8314986965
CtrSVDD_0031_E_0001999,-3.5973488364
CtrSVDD_0032_E_0002000,-4.1056837030
CtrSVDD_0033_E_0002001,-3.9471415235
CtrSVDD_0034_E_0002002,-3.2083152960
CtrSVDD_0035_E_0002003,-4.6476524650
CtrSVDD_0036_E_0002004,-4.2541950782
CtrSVDD_0037_E_0002005,-5.5157802636
CtrSVDD_0038_E_0002006,-5.6240373902
CtrSVDD_0039_E_0002007,-3.8611020250
CtrSVDD_0040_E_0002008,-2.8704799478
CtrSVDD_0041_E_0002009,-5.9244808777
CtrSVDD_0042_E_0002010,-2.9790949245
CtrSVDD_0043_E_0002011,-3.4868316988
CtrSVDD_0044_E_0002012,-1.3460774279
CtrSVDD_0045_E_0002013,-4.2098806680
CtrSVDD_0046_E_0002014,-4.4429766081
CtrSVDD_0047_E_0002015,-4.0283344756
CtrSVDD_0000_E_0002016,-0.9295106094
CtrSVDD_0001_E_0002017,-0.4189616670
CtrSVDD_0002_E_0002018,-3.7926435217
CtrSVDD_0003_E_0002019,-4.3350315981
CtrSVDD_0004_E_0002020,-4.0378736248
CtrSVDD_0005_E_0002021,-5.0075566623
CtrSVDD_0006_E_0002022,-5.1481630673
CtrSVDD_0007_E_0002023,-5.1404254772
CtrSVDD_0008_E_0002024,-5.1168496679
CtrSVDD_0009_E_0002025,-4.8350576008
CtrSVDD_0010_E_0002026,-4.7433410459
CtrSVDD_0011_E_0002027,-6.2579064248
CtrSVDD_0012_E_0002028,-2.4313260330
CtrSVDD_0013_E_0002029,-2.7037527932
CtrSVDD_0014_E_0002030,-2.3935935953
CtrSVDD_0015_E_0002031,-1.6952073271
CtrSVDD_0016_E_0002032,-4.1488185234
CtrSVDD_0017_E_0002033,-6.6941559405
CtrSVDD_0018_E_0002034,-1.7454005008
CtrSVDD_0019_E_0002035,-4.1330574166
CtrSVDD_0020_E_0002036,-4.4457934362
CtrSVDD_0021_E_0002037,-4.8550163140
CtrSVDD_0022_E_0002038,-4.4551750076
CtrSVDD_0023_E_0002039,-1.8573838603
CtrSVDD_0024_E_0002040,-5.6599579179
CtrSVDD_0025_E_0002041,-0.7722491635
CtrSVDD_0026_E_0002042,-2.7357432203
CtrSVDD_0027_E_0002043,-4.5589278526
CtrSVDD_0028_E_0002044,-5.0969359900
CtrSVDD_0029_E_0002045,-3.2650605654
CtrSVDD_0030_E_0002046,-5.9967972815
CtrSVDD_0031_E_0002047,-4.7293046208
CtrSVDD_0032_E_0002048,-4.8104058168
CtrSVDD_0033_E_0002049,-5.1493457715
CtrSVDD_0034_E_0002050,-4.9555472396
CtrSVDD_0035_E_0002051,0.1566026223
CtrSVDD_0036_E_0002052,-3.7349750723
CtrSVDD_0037_E_0002053,-2.1159032862
CtrSVDD_0038_E_0002054,-5.1916557752
CtrSVDD_0039_E_0002055,-4.7465651101
CtrSVDD_0040_E_0002056,-0.3430181294
CtrSVDD_0041_E_0002057,-4.3678463330
CtrSVDD_0042_E_0002058,-7.2139854714
CtrSVDD_0043_E_0002059,-2.7269237698
CtrSVDD_0044_E_0002060,-4.4614060739
CtrSVDD_0045_E_0002061,-4.1953161703
CtrSVDD_0046_E_0002062,-5.5331850314
CtrSVDD_0047_E_0002063,-5.0865231983
CtrSVDD_0000_E_0002064,-4.6526678537
CtrSVDD_0001_E_0002065,-4.2753748144
CtrSVDD_0002_E_0002066,-3.4545554976
CtrSVDD_0003_E_0002067,-2.3430145856
CtrSVDD_0004_E_0002068,-5.7076239347
CtrSVDD_0005_E_0002069,-6.6602379328
CtrSVDD_0006_E_0002070,0.7455899122
CtrSVDD_0007_E_0002071,-5.3481065795
CtrSVDD_0008_E_0002072,-4.8329534557
CtrSVDD_0009_E_0002073,-3.4593797002
CtrSVDD_0010_E_0002074,1.3365743780
CtrSVDD_0011_E_0002075,-2.3560677141
CtrSVDD_0012_E_0002076,-5.4415835101
CtrSVDD_0013_E_0002077,-3.9389789654
CtrSVDD_0014_E_0002078,-5.0377276883
CtrSVDD_0015_E_0002079,1.5455643299
CtrSVDD_0016_E_0002080,-1.2662756954
CtrSVDD_0017_E_0002081,-7.0006987822
CtrSVDD_0018_E_0002082,-4.3241019850
CtrSVDD_0019_E_0002083,-4.3525870630
CtrSVDD_0020_E_0002084,-6.8532952644
CtrSVDD_0021_E_0002085,-5.5700531112
CtrSVDD_0022_E_0002086,-2.4166701688
CtrSVDD_0023_E_0002087,-0.4243412441
CtrSVDD_0024_E_0002088,-4.1242409598
CtrSVDD_0025_E_0002089,-1.7553944404
CtrSVDD_0026_E_0002090,-2.6091441634
CtrSVDD_0027_E_0002091,0.1045722835
CtrSVDD_0028_E_0002092,-1.5511099200
CtrSVDD_0029_E_0002093,1.2025863788
CtrSVDD_0030_E_0002094,-4.7242267243
CtrSVDD_0031_E_0002095,-4.2552226091
CtrSVDD_0032_E_0002096,-3.9841978134
CtrSVDD_0033_E_0002097,-2.1626621433
CtrSVDD_0034_E_0002098,-5.2785632109
CtrSVDD_0035_E_0002099,0.3017602678
CtrSVDD_0036_E_0002100,-5.6091437715
CtrSVDD_0037_E_0002101,-5.5374760229
CtrSVDD_0038_E_0002102,-1.4554494960
CtrSVDD_0039_E_0002103,-2.9182224270
CtrSVDD_0040_E_0002104,-2.8268199015
CtrSVDD_0041_E_0002105,-4.5544279334
CtrSVDD_0042_E_0002106,-2.5323165714
CtrSVDD_0043_E_0002107,-6.2186346066
CtrSVDD_0044_E_0002108,-4.2737803396
CtrSVDD_0045_E_0002109,-4.7544080136
CtrSVDD_0046_E_0002110,-1.4882807182
CtrSVDD_0047_E_0002111,-3.5797006159
CtrSVDD_0000_E_0002112,-3.4985115296
CtrSVDD_0001_E_0002113,-2.6090060192
CtrSVDD_0002_E_0002114,-3.9193777960
CtrSVDD_0003_E_0002115,0.4587511246
CtrSVDD_0004_E_0002116,0.9767699911
CtrSVDD_0005_E_0002117,-3.0612272163
CtrSVDD_0006_E_0002118,-1.0545118388
CtrSVDD_0007_E_0002119,-4.4050483176
CtrSVDD_0008_E_0002120,-5.8859750224
CtrSVDD_0009_E_0002121,-3.0515210456
CtrSVDD_0010_E_0002122,-6.9387687891
CtrSVDD_0011_E_0002123,-1.9281289022
CtrSVDD_0012_E_0002124,-4.0718158562
CtrSVDD_0013_E_0002125,-1.9533221343
CtrSVDD_0014_E_0002126,-0.3134928526
CtrSVDD_0015_E_0002127,1.2895037781
CtrSVDD_0016_E_0002128,-4.8115634779
CtrSVDD_0017_E_0002129,-5.9265977145
CtrSVDD_0018_E_0002130,-2.6403335917
CtrSVDD_0019_E_0002131,-3.3053839774
CtrSVDD_0020_E_0002132,-0.4770310082
CtrSVDD_0021_E_0002133,-5.7247523841
CtrSVDD_0022_E_0002134,-2.0592816510
CtrSVDD_0023_E_0002135,-4.6938312081
CtrSVDD_0024_E_0002136,1.6386821132
CtrSVDD_0025_E_0002137,-3.0376748978
CtrSVDD_0026_E_0002138,-3.6722672888
CtrSVDD_0027_E_0002139,0.6666083698
CtrSVDD_0028_E_0002140,-4.0456053493
CtrSVDD_0029_E_0002141,-5.6740534384
CtrSVDD_0030_E_0002142,-5.5700005513
CtrSVDD_0031_E_0002143,-2.3352330401
CtrSVDD_0032_E_0002144,-3.9669324804
CtrSVDD_0033_E_0002145,-0.8737065351
CtrSVDD_0034_E_0002146,-2.1715887440
CtrSVDD_0035_E_0002147,-3.6252673173
CtrSVDD_0036_E_0002148,-1.6918650648
CtrSVDD_0037_E_0002149,-3.8964558388
CtrSVDD_0038_E_0002150,-4.8260909519
CtrSVDD_0039_E_0002151,-3.1985313540
CtrSVDD_0040_E_0002152,-2.5144362791
CtrSVDD_0041_E_0002153,-2.1693282441
CtrSVDD_0042_E_0002154,-4.7162907747
CtrSVDD_0043_E_0002155,1.5787329597
CtrSVDD_0044_E_0002156,-2.1474557468
CtrSVDD_0045_E_0002157,-6.5660718181
CtrSVDD_0046_E_0002158,0.4848395315
CtrSVDD_0047_E_0002159,-5.6761259231
CtrSVDD_0000_E_0002160,-1.2711282247
CtrSVDD_0001_E_0002161,-2.7385814621
CtrSVDD_0002_E_0002162,-0.6369699160
CtrSVDD_0003_E_0002163,-4.5498473282
CtrSVDD_0004_E_0002164,-6.5597220626
CtrSVDD_0005_E_0002165,-0.4671664689
CtrSVDD_0006_E_0002166,-0.1693601163
CtrSVDD_0007_E_0002167,-5.1013481602
CtrSVDD_0008_E_0002168,-2.4022346973
CtrSVDD_0009_E_0002169,-2.7909883032
CtrSVDD_0010_E_0002170,-4.8844811429
CtrSVDD_0011_E_0002171,-4.1812328694
CtrSVDD_0012_E_0002172,0.6167670433
CtrSVDD_0013_E_0002173,-7.0179894074
CtrSVDD_0014_E_0002174,-4.0409050701
CtrSVDD_0015_E_0002175,-3.3742170042
CtrSVDD_0016_E_0002176,-6.2372777885
CtrSVDD_0017_E_0002177,-2.6838136761
CtrSVDD_0018_E_0002178,-4.6578081525
CtrSVDD_0019_E_0002179,-7.0051058700
CtrSVDD_0020_E_0002180,-4.3290197103
CtrSVDD_0021_E_0002181,-2.3761898365
CtrSVDD_0022_E_0002182,-1.4274166951
CtrSVDD_0023_E_0002183,-2.1635920943
CtrSVDD_0024_E_0002184,-5.4522103979
CtrSVDD_0025_E_0002185,-0.8615214857
CtrSVDD_0026_E_0002186,-1.7805095205
CtrSVDD_0027_E_0002187,-3.2412832989
CtrSVDD_0028_E_0002188,-4.4438538073
CtrSVDD_0029_E_0002189,-0.7419009975
CtrSVDD_0030_E_0002190,2.0099263107
CtrSVDD_0031_E_0002191,-2.0242279849
CtrSVDD_0032_E_0002192,-4.7565658827
CtrSVDD_0033_E_0002193,-0.6060165149
CtrSVDD_0034_E_0002194,-2.8623947355
CtrSVDD_0035_E_0002195,-4.1688973531
CtrSVDD_0036_E_0002196,-5.0168360784
CtrSVDD_0037_E_0002197,-3.8880514148
CtrSVDD_0038_E_0002198,-5.2526009521
CtrSVDD_0039_E_0002199,-5.4867439991
CtrSVDD_0040_E_0002200,-4.2523433134
CtrSVDD_0041_E_0002201,-3.0106928084
CtrSVDD_0042_E_0002202,-3.9525266598
CtrSVDD_0043_E_0002203,-5.3571235959
CtrSVDD_0044_E_0002204,-3.5826430875
CtrSVDD_0045_E_0002205,-1.7493890453
CtrSVDD_0046_E_0002206,-4.5372122486
CtrSVDD_0047_E_0002207,-0.6116994783
CtrSVDD_0000_E_0002208,-3.2509816232
CtrSVDD_0001_E_0002209,-4.4479197230
CtrSVDD_0002_E_0002210,-3.1000820535
CtrSVDD_0003_E_0002211,0.1043990475
CtrSVDD_0004_E_0002212,-0.0524786315
CtrSVDD_0005_E_0002213,-6.0826371811
CtrSVDD_0006_E_0002214,-4.2610083101
CtrSVDD_0007_E_0002215,-1.7412444742
CtrSVDD_0008_E_0002216,-4.3210318354
CtrSVDD_0009_E_0002217,-3.5679518798
CtrSVDD_0010_E_0002218,1.4352085477
CtrSVDD_0011_E_0002219,-3.7495168293
CtrSVDD_0012_E_0002220,-0.5968244650
CtrSVDD_0013_E_0002221,-0.1216035192
CtrSVDD_0014_E_0002222,-2.9905223576
CtrSVDD_0015_E_0002223,-1.2775438295
CtrSVDD_0016_E_0002224,-3.7791663469
CtrSVDD_0017_E_0002225,-5.5083881044
CtrSVDD_0018_E_0002226,-1.9716595006
CtrSVDD_0019_E_0002227,0.2347263196
CtrSVDD_0020_E_0002228,-1.8281763962
CtrSVDD_0021_E_0002229,-4.9310438287
CtrSVDD_0022_E_0002230,-4.3762891990
CtrSVDD_0023_E_0002231,-4.6874085662
CtrSVDD_0024_E_0002232,-3.9550918249
CtrSVDD_0025_E_0002233,-4.1348154758
CtrSVDD_0026_E_0002234,-1.7044988870
CtrSVDD_0027_E_0002235,-6.3462217422
CtrSVDD_0028_E_0002236,-3.3695013529
CtrSVDD_0029_E_0002237,-4.0582313240
CtrSVDD_0030_E_0002238,-8.0855004212
CtrSVDD_0031_E_0002239,-2.3117621756
CtrSVDD_0032_E_0002240,-3.3878189098
CtrSVDD_0033_E_0002241,-3.9971823700
CtrSVDD_0034_E_0002242,-4.3990800318
CtrSVDD_0035_E_0002243,-3.8537136563
CtrSVDD_0036_E_0002244,-4.6178415286
CtrSVDD_0037_E_0002245,-3.2589166710
CtrSVDD_0038_E_0002246,-4.6044485083
CtrSVDD_0039_E_0002247,-4.3193545379
CtrSVDD_0040_E_0002248,-5.2798084202
CtrSVDD_0041_E_0002249,-3.8069329257
CtrSVDD_0042_E_0002250,-1.0383978921
CtrSVDD_0043_E_0002251,-1.2966417965
CtrSVDD_0044_E_0002252,-6.4455335384
CtrSVDD_0045_E_0002253,-2.0351114987
CtrSVDD_0046_E_0002254,-2.5486390275
CtrSVDD_0047_E_0002255,-1.5934953657
CtrSVDD_0000_E_0002256,-5.6048709358
CtrSVDD_0001_E_0002257,-5.0228529417
CtrSVDD_0002_E_0002258,-4.5998263084
CtrSVDD_0003_E_0002259,1.7921891094
CtrSVDD_0004_E_0002260,1.0253297935
CtrSVDD_0005_E_0002261,-4.9578436118
CtrSVDD_0006_E_0002262,-1.7075743851
CtrSVDD_0007_E_0002263,-5.7785333989
CtrSVDD_0008_E_0002264,-3.6195274640
CtrSVDD_0009_E_0002265,-4.2234234797
CtrSVDD_0010_E_0002266,-4.7438587059
CtrSVDD_0011_E_0002267,-2.4296267201
CtrSVDD_0012_E_0002268,-4.0257602769
CtrSVDD_0013_E_0002269,-5.1936025403
CtrSVDD_0014_E_0002270,-1.4108220219
CtrSVDD_0015_E_0002271,-5.0296761448
CtrSVDD_0016_E_0002272,-6.4318936538
CtrSVDD_0017_E_0002273,-3.7700782009
CtrSVDD_0018_E_0002274,-4.5880406531
CtrSVDD_0019_E_0002275,-2.2186282486
CtrSVDD_0020_E_0002276,-2.6451434132
CtrSVDD_0021_E_0002277,-2.4549670284
CtrSVDD_0022_E_0002278,-1.4995968252
CtrSVDD_0023_E_0002279,1.0371516685
CtrSVDD_0024_E_0002280,-4.3103165794
CtrSVDD_0025_E_0002281,-0.4582631533
CtrSVDD_0026_E_0002282,-5.0116810283
CtrSVDD_0027_E_0002283,-3.7178474801
CtrSVDD_0028_E_0002284,-3.4148932892
CtrSVDD_0029_E_0002285,-2.5684431662
CtrSVDD_0030_E_0002286,-0.2480063880
CtrSVDD_0031_E_0002287,-4.4712523942
CtrSVDD_0032_E_0002288,-0.2176714566
CtrSVDD_0033_E_0002289,-4.0340904386
CtrSVDD_0034_E_0002290,-4.6992008481
CtrSVDD_0035_E_0002291,-0.4209998833
CtrSVDD_0036_E_0002292,-0.5216853640
CtrSVDD_0037_E_0002293,-2.3283346935
CtrSVDD_0038_E_0002294,-4.9614989913
CtrSVDD_0039_E_0002295,-2.5697160887
CtrSVDD_0040_E_0002296,-3.6632762032
CtrSVDD_0041_E_0002297,-4.0645657504
CtrSVDD_0042_E_0002298,-2.5468996241
CtrSVDD_0043_E_0002299,-5.2333691049
CtrSVDD_0044_E_0002300,0.0721000060
CtrSVDD_0045_E_0002301,-5.8109044326
CtrSVDD_0046_E_0002302,-4.1575161722
CtrSVDD_0047_E_0002303,-4.6983260145
CtrSVDD_0000_E_0002304,0.4832668847
CtrSVDD_0001_E_0002305,-5.8236395641
CtrSVDD_0002_E_0002306,-5.2819227216
CtrSVDD_0003_E_0002307,-6.1834478931
CtrSVDD_0004_E_0002308,-3.9509967194
CtrSVDD_0005_E_0002309,-2.8597928575
CtrSVDD_0006_E_0002310,-1.2254011678
CtrSVDD_0007_E_0002311,-1.9201086910
CtrSVDD_0008_E_0002312,0.2206887118
CtrSVDD_0009_E_0002313,-3.0368270883
CtrSVDD_0010_E_0002314,-3.2127991953
CtrSVDD_0011_E_0002315,-2.9721971538
CtrSVDD_0012_E_0002316,-6.5293752973
CtrSVDD_0013_E_0002317,-4.5635939353
CtrSVDD_0014_E_0002318,-5.8215727887
CtrSVDD_0015_E_0002319,-2.1643690614
CtrSVDD_0016_E_0002320,-3.2571550405
CtrSVDD_0017_E_0002321,0.0020981837
CtrSVDD_0018_E_0002322,-0.1128414574
CtrSVDD_0019_E_0002323,-0.9262283796
CtrSVDD_0020_E_0002324,-2.7144451448
CtrSVDD_0021_E_0002325,-4.3581655165
CtrSVDD_0022_E_0002326,-1.3130453649
CtrSVDD_0023_E_0002327,-4.9936627865
CtrSVDD_0024_E_0002328,0.9858255004
CtrSVDD_0025_E_0002329,0.6423478973
CtrSVDD_0026_E_0002330,-5.8126754265
CtrSVDD_0027_E_0002331,-0.0906213158
CtrSVDD_0028_E_0002332,-3.1727774645
CtrSVDD_0029_E_0002333,-4.7936062086
CtrSVDD_0030_E_0002334,1.3281712446
CtrSVDD_0031_E_0002335,-2.9369020326
CtrSVDD_0032_E_0002336,-4.9243821437
CtrSVDD_0033_E_0002337,-4.1529771950
CtrSVDD_0034_E_0002338,-2.7765224885
CtrSVDD_0035_E_0002339,-3.6326574981
CtrSVDD_0036_E_0002340,-4.4022874877
CtrSVDD_0037_E_0002341,0.3474721907
CtrSVDD_0038_E_0002342,-2.7353717167
CtrSVDD_0039_E_0002343,-5.9912515982
CtrSVDD_0040_E_0002344,-4.3862712559
CtrSVDD_0041_E_0002345,1.4923680786
CtrSVDD_0042_E_0002346,-7.3914276115
CtrSVDD_0043_E_0002347,-2.8124878736
CtrSVDD_0044_E_0002348,-3.8857515914
CtrSVDD_0045_E_0002349,-3.4085908356
CtrSVDD_0046_E_0002350,-0.7945121794
CtrSVDD_0047_E_0002351,-5.0424605851
CtrSVDD_0000_E_0002352,-0.0929580848
CtrSVDD_0001_E_0002353,-2.2585713960
CtrSVDD_0002_E_0002354,-3.9005731437
CtrSVDD_0003_E_0002355,-3.1662957544
CtrSVDD_0004_E_0002356,-2.9409488463
CtrSVDD_0005_E_0002357,-4.2605259174
CtrSVDD_0006_E_0002358,-4.8999434813
CtrSVDD_0007_E_0002359,-1.7318021520
CtrSVDD_0008_E_0002360,-6.7485096158
CtrSVDD_0009_E_0002361,-3.7612786384
CtrSVDD_0010_E_0002362,-4.5438497529
CtrSVDD_0011_E_0002363,0.3002966440
CtrSVDD_0012_E_0002364,-5.7829394856
CtrSVDD_0013_E_0002365,-0.5884333222
CtrSVDD_0014_E_0002366,-5.9385089762
CtrSVDD_0015_E_0002367,-3.5287429964
CtrSVDD_0016_E_0002368,-4.9757055173
CtrSVDD_0017_E_0002369,-0.0314779298
CtrSVDD_0018_E_0002370,-6.0164674970
CtrSVDD_0019_E_0002371,-4.8048054637
CtrSVDD_0020_E_0002372,1.1913461550
CtrSVDD_0021_E_0002373,-1.8599968508
CtrSVDD_0022_E_0002374,0.0154238602
CtrSVDD_0023_E_0002375,-3.5051482498
CtrSVDD_0024_E_0002376,1.4577681199
CtrSVDD_0025_E_0002377,0.4030085097
CtrSVDD_0026_E_0002378,-0.4230833333
CtrSVDD_0027_E_0002379,-0.5085764963
CtrSVDD_0028_E_0002380,-5.0615913160
CtrSVDD_0029_E_0002381,-4.1029774022
CtrSVDD_0030_E_0002382,-1.7027383466
CtrSVDD_0031_E_0002383,-0.7653912661
CtrSVDD_0032_E_0002384,-4.5258337124
CtrSVDD_0033_E_0002385,-3.6414232922
CtrSVDD_0034_E_0002386,-1.0818506372
CtrSVDD_0035_E_0002387,-3.6096907517
CtrSVDD_0036_E_0002388,-4.7815358710
CtrSVDD_0037_E_0002389,-4.4394396974
CtrSVDD_0038_E_0002390,-0.8002791039
CtrSVDD_0039_E_0002391,-5.1466082200
CtrSVDD_0040_E_0002392,-3.8338373745
CtrSVDD_0041_E_0002393,1.8667109463
CtrSVDD_0042_E_0002394,-5.5884679146
CtrSVDD_0043_E_0002395,-4.9876705253
CtrSVDD_0044_E_0002396,0.1636868392
CtrSVDD_0045_E_0002397,-4.4371587053
CtrSVDD_0046_E_0002398,-5.3183441950
CtrSVDD_0047_E_0002399,-4.7219005600
CtrSVDD_0000_E_0002400,-1.3097211719
CtrSVDD_0001_E_0002401,-1.5140728629
CtrSVDD_0002_E_0002402,-1.8400427496
CtrSVDD_0003_E_0002403,1.5390871702
CtrSVDD_0004_E_0002404,-3.3330694604
CtrSVDD_0005_E_0002405,-5.0366544646
CtrSVDD_0006_E_0002406,-0.9413214015
CtrSVDD_0007_E_0002407,-4.4588276020
CtrSVDD_0008_E_0002408,-0.0716350996
CtrSVDD_0009_E_0002409,-3.9087273467
CtrSVDD_0010_E_0002410,-4.3416730740
CtrSVDD_0011_E_0002411,-0.7290684029
CtrSVDD_0012_E_0002412,-5.1180245636
CtrSVDD_0013_E_0002413,0.1651046575
CtrSVDD_0014_E_0002414,-4.7800672356
CtrSVDD_0015_E_0002415,-5.2661473060
CtrSVDD_0016_E_0002416,-4.9117776244
CtrSVDD_0017_E_0002417,-4.2770572974
CtrSVDD_0018_E_0002418,-5.7141929820
CtrSVDD_0019_E_0002419,-4.3609175830
CtrSVDD_0020_E_0002420,-5.6153230461
CtrSVDD_0021_E_0002421,-6.5778470061
CtrSVDD_0022_E_0002422,1.7649809686
CtrSVDD_0023_E_0002423,-2.2900202689
CtrSVDD_0024_E_0002424,-0.6859485777
CtrSVDD_0025_E_0002425,-4.1713483968
CtrSVDD_0026_E_0002426,-6.1106762611
CtrSVDD_0027_E_0002427,-3.8326571746
CtrSVDD_0028_E_0002428,-4.3793768057
CtrSVDD_0029_E_0002429,-5.1791305471
CtrSVDD_0030_E_0002430,-5.4839721047
CtrSVDD_0031_E_0002431,-4.4619539061
CtrSVDD_0032_E_0002432,-0.2582732602
CtrSVDD_0033_E_0002433,0.7302647993
CtrSVDD_0034_E_0002434,-4.2697558156
CtrSVDD_0035_E_0002435,-5.2799114022
CtrSVDD_0036_E_0002436,2.5205022172
CtrSVDD_0037_E_0002437,-0.3090881616
CtrSVDD_0038_E_0002438,-3.5331824568
CtrSVDD_0039_E_0002439,-0.4677856855
CtrSVDD_0040_E_0002440,-4.9148625183
CtrSVDD_0041_E_0002441,-4.6000804816
CtrSVDD_0042_E_0002442,-2.5758772016
CtrSVDD_0043_E_0002443,-2.8764020453
CtrSVDD_0044_E_0002444,-3.7882534965
CtrSVDD_0045_E_0002445,-5.1996884695
CtrSVDD_0046_E_0002446,-4.1662535059
CtrSVDD_0047_E_0002447,0.3989328255
CtrSVDD_0000_E_0002448,-5.8616008135
CtrSVDD_0001_E_0002449,-3.9940838749
CtrSVDD_0002_E_0002450,0.3999761177
CtrSVDD_0003_E_0002451,-0.7717032953
CtrSVDD_0004_E_0002452,-0.6005062547
CtrSVDD_0005_E_0002453,-1.6524459556
CtrSVDD_0006_E_0002454,-4.9589781440
CtrSVDD_0007_E_0002455,-1.3823877397
CtrSVDD_0008_E_0002456,-4.5215749454
CtrSVDD_0009_E_0002457,-4.5976451175
CtrSVDD_0010_E_0002458,-3.0894755409
CtrSVDD_0011_E_0002459,-4.0259616174
CtrSVDD_0012_E_0002460,-3.5727539781
CtrSVDD_0013_E_0002461,-0.3489584066
CtrSVDD_0014_E_0002462,-1.6508347544
CtrSVDD_0015_E_0002463,-3.2256239628
CtrSVDD_0016_E_0002464,-4.4129065414
CtrSVDD_0017_E_0002465,-3.6575784334
CtrSVDD_0018_E_0002466,0.9112471260
CtrSVDD_0019_E_0002467,-4.4731820392
CtrSVDD_0020_E_0002468,-2.8789207996
CtrSVDD_0021_E_0002469,-2.5922613574
CtrSVDD_0022_E_0002470,-3.5593116390
CtrSVDD_0023_E_0002471,-4.4899979242
CtrSVDD_0024_E_0002472,-2.3801297058
CtrSVDD_0025_E_0002473,-5.0737800464
CtrSVDD_0026_E_0002474,-2.5917687333
CtrSVDD_0027_E_0002475,-2.9834301196
CtrSVDD_0028_E_0002476,-0.6806487851
CtrSVDD_0029_E_0002477,-5.8091362326
CtrSVDD_0030_E_0002478,-5.7692086502
CtrSVDD_0031_E_0002479,-5.6292664358
CtrSVDD_0032_E_0002480,-4.2982457752
CtrSVDD_0033_E_0002481,-4.2950229200
CtrSVDD_0034_E_0002482,-1.7407213022
CtrSVDD_0035_E_0002483,-0.6683561956
CtrSVDD_0036_E_0002484,-1.7347850075
CtrSVDD_0037_E_0002485,0.4419079635
CtrSVDD_0038_E_0002486,-6.7799977925
CtrSVDD_0039_E_0002487,-3.5359922283
CtrSVDD_0040_E_0002488,-1.1571530850
CtrSVDD_0041_E_0002489,-2.8217349966
CtrSVDD_0042_E_0002490,-6.1573116838
CtrSVDD_0043_E_0002491,-5.7109374268
CtrSVDD_0044_E_0002492,0.9028048733
CtrSVDD_0045_E_0002493,-4.5475525221
CtrSVDD_0046_E_0002494,-0.4911421764
CtrSVDD_0047_E_0002495,-2.6730308113
CtrSVDD_0000_E_0002496,-5.2183175413
CtrSVDD_0001_E_0002497,-5.6909848984
CtrSVDD_0002_E_0002498,-0.9790263415
CtrSVDD_0003_E_0002499,-4.0278374873
CtrSVDD_0004_E_0002500,-1.6336713718
CtrSVDD_0005_E_0002501,-3.5376005553
CtrSVDD_0006_E_0002502,-0.1267087739
CtrSVDD_0007_E_0002503,-3.8397702667
CtrSVDD_0008_E_0002504,-5.1341426159
CtrSVDD_0009_E_0002505,-5.0481796666
CtrSVDD_0010_E_0002506,-2.4592327787
CtrSVDD_0011_E_0002507,-3.5476201234
CtrSVDD_0012_E_0002508,-0.6781648267
CtrSVDD_0013_E_0002509,-4.9977358676
CtrSVDD_0014_E_0002510,-3.0834575310
CtrSVDD_0015_E_0002511,-1.3701261576
CtrSVDD_0016_E_0002512,-6.1576056932
CtrSVDD_0017_E_0002513,-2.4307654601
CtrSVDD_0018_E_0002514,-2.6183385030
CtrSVDD_0019_E_0002515,0.3198044597
CtrSVDD_0020_E_0002516,-6.5375378553
CtrSVDD_0021_E_0002517,1.6907024966
CtrSVDD_0022_E_0002518,0.1963860225
CtrSVDD_0023_E_0002519,-6.4966948422
CtrSVDD_0024_E_0002520,-3.6882266341
CtrSVDD_0025_E_0002521,-1.1251681372
CtrSVDD_0026_E_0002522,-2.9033627181
CtrSVDD_0027_E_0002523,-3.8273436014
CtrSVDD_0028_E_0002524,-1.1844393626
CtrSVDD_0029_E_0002525,-5.2574671356
CtrSVDD_0030_E_0002526,-4.2352525349
CtrSVDD_0031_E_0002527,-4.2139455554
CtrSVDD_0032_E_0002528,-0.0230820531
CtrSVDD_0033_E_0002529,-5.6970372529
CtrSVDD_0034_E_0002530,-3.7309926575
CtrSVDD_0035_E_0002531,-2.7720091499
CtrSVDD_0036_E_0002532,-3.7346801309
CtrSVDD_0037_E_0002533,-3.1426765601
CtrSVDD_0038_E_0002534,-3.4747550525
CtrSVDD_0039_E_0002535,-4.6748209273
CtrSVDD_0040_E_0002536,-3.5952870986
CtrSVDD_0041_E_0002537,-2.8366113868
CtrSVDD_0042_E_0002538,-5.6555778283
CtrSVDD_0043_E_0002539,0.2249905740
CtrSVDD_0044_E_0002540,-2.2352128307
CtrSVDD_0045_E_0002541,-4.7740897179
CtrSVDD_0046_E_0002542,-4.9652564425
CtrSVDD_0047_E_0002543,0.6773611918
CtrSVDD_0000_E_0002544,-5.3133453700
CtrSVDD_0001_E_0002545,-3.2775010921
CtrSVDD_0002_E_0002546,-5.9031882638
CtrSVDD_0003_E_0002547,-0.4075640663
CtrSVDD_0004_E_0002548,-0.6596373073
CtrSVDD_0005_E_0002549,-3.8838761398
CtrSVDD_0006_E_0002550,-1.8883011562
CtrSVDD_0007_E_0002551,2.1844414024
CtrSVDD_0008_E_0002552,-5.2008833719
CtrSVDD_0009_E_0002553,-3.4275270340
CtrSVDD_0010_E_0002554,-2.2104328634
CtrSVDD_0011_E_0002555,-3.8239085667
CtrSVDD_0012_E_0002556,-0.1060723848
CtrSVDD_0013_E_0002557,-4.0360000454
CtrSVDD_0014_E_0002558,0.9881020363
CtrSVDD_0015_E_0002559,-3.7650373188
CtrSVDD_0016_E_0002560,-0.8916360143
CtrSVDD_0017_E_0002561,-5.4673748876
CtrSVDD_0018_E_0002562,-3.8525002406
CtrSVDD_0019_E_0002563,-4.7580350033
CtrSVDD_0020_E_0002564,-6.6739432424
CtrSVDD_0021_E_0002565,-5.4637650522
CtrSVDD_0022_E_0002566,-4.5195252913
CtrSVDD_0023_E_0002567,-2.2566932242
CtrSVDD_0024_E_0002568,-3.8752204301
CtrSVDD_0025_E_0002569,-6.9918488991
CtrSVDD_0026_E_0002570,-4.5544337190
CtrSVDD_0027_E_0002571,-1.9057995642
CtrSVDD_0028_E_0002572,-4.4002746406
CtrSVDD_0029_E_0002573,-3.4149692831
CtrSVDD_0030_E_0002574,-4.2933919410
CtrSVDD_0031_E_0002575,-4.3153869563
CtrSVDD_0032_E_0002576,-3.6663884324
CtrSVDD_0033_E_0002577,-6.2117068707
CtrSVDD_0034_E_0002578,0.7511423942
CtrSVDD_0035_E_0002579,-5.4245536641
CtrSVDD_0036_E_0002580,1.4461836640
CtrSVDD_0037_E_0002581,-4.0916543384
CtrSVDD_0038_E_0002582,-2.8109940161
CtrSVDD_0039_E_0002583,-2.4510702206
CtrSVDD_0040_E_0002584,-4.8065038679
CtrSVDD_0041_E_0002585,-3.9244408947
CtrSVDD_0042_E_0002586,-5.2639708299
CtrSVDD_0043_E_0002587,-1.6238215837
CtrSVDD_0044_E_0002588,-2.9163733127
CtrSVDD_0045_E_0002589,-6.5007839677
CtrSVDD_0046_E_0002590,1.2285340668
CtrSVDD_0047_E_0002591,-6.2871027083
CtrSVDD_0000_E_0002592,-5.1594100238
CtrSVDD_0001_E_0002593,-4.0808942809
CtrSVDD_0002_E_0002594,-1.5685978567
CtrSVDD_0003_E_0002595,-1.1700233143
CtrSVDD_0004_E_0002596,-3.2727939626
CtrSVDD_0005_E_0002597,-2.3268092006
CtrSVDD_0006_E_0002598,-3.4856282880
CtrSVDD_0007_E_0002599,-1.4631907961
CtrSVDD_0008_E_0002600,-0.2988336633
CtrSVDD_0009_E_0002601,-3.2129107925
CtrSVDD_0010_E_0002602,-5.1845075984
CtrSVDD_0011_E_0002603,1.6563238653
CtrSVDD_0012_E_0002604,-4.8957054841
CtrSVDD_0013_E_0002605,-0.2364828216
CtrSVDD_0014_E_0002606,-0.2200344119
CtrSVDD_0015_E_0002607,-5.7821613745
CtrSVDD_0016_E_0002608,-3.6787337848
CtrSVDD_0017_E_0002609,-1.7842916610
CtrSVDD_0018_E_0002610,-3.6076460900
CtrSVDD_0019_E_0002611,-4.3590471667
CtrSVDD_0020_E_0002612,-4.4496805792
CtrSVDD_0021_E_0002613,-5.6459739763
CtrSVDD_0022_E_0002614,-1.5009421083
CtrSVDD_0023_E_0002615,-0.3415349575
CtrSVDD_0024_E_0002616,-5.1244857421
CtrSVDD_0025_E_0002617,-2.9192272586
CtrSVDD_0026_E_0002618,-6.2872157899
CtrSVDD_0027_E_0002619,-4.5603835739
CtrSVDD_0028_E_0002620,-4.7733733130
CtrSVDD_0029_E_0002621,-0.5613731309
CtrSVDD_0030_E_0002622,-3.3806049678
CtrSVDD_0031_E_0002623,-3.4718891083
CtrSVDD_0032_E_0002624,-3.0632817432
CtrSVDD_0033_E_0002625,-3.8200910102
CtrSVDD_0034_E_0002626,-4.3116861631
CtrSVDD_0035_E_0002627,-3.1874349918
CtrSVDD_0036_E_0002628,-5.0263066038
CtrSVDD_0037_E_0002629,-1.0157896158
CtrSVDD_0038_E_0002630,-2.0354543367
CtrSVDD_0039_E_0002631,-4.1118231547
CtrSVDD_0040_E_0002632,-0.5261667968
CtrSVDD_0041_E_0002633,-4.9236282045
CtrSVDD_0042_E_0002634,-1.3259934660
CtrSVDD_0043_E_0002635,-1.8775759335
CtrSVDD_0044_E_0002636,-4.7779285173
CtrSVDD_0045_E_0002637,-0.3628603844
CtrSVDD_0046_E_0002638,-2.3550821571
CtrSVDD_0047_E_0002639,-4.8896009229
CtrSVDD_0000_E_0002640,-3.4104587057
CtrSVDD_0001_E_0002641,-4.7331150876
CtrSVDD_0002_E_0002642,-2.1411344226
CtrSVDD_0003_E_0002643,-5.3231729028
CtrSVDD_0004_E_0002644,-3.2469267038
CtrSVDD_0005_E_0002645,-1.7563590497
CtrSVDD_0006_E_0002646,-5.0275488546
CtrSVDD_0007_E_0002647,0.0981418885
CtrSVDD_0008_E_0002648,-1.1395895930
CtrSVDD_0009_E_0002649,-5.5094711704
CtrSVDD_0010_E_0002650,-3.2590266189
CtrSVDD_0011_E_0002651,-2.7098775134
CtrSVDD_0012_E_0002652,-4.2206776565
CtrSVDD_0013_E_0002653,-4.6063937254
CtrSVDD_0014_E_0002654,-5.9267621103
CtrSVDD_0015_E_0002655,-4.3768123307
CtrSVDD_0016_E_0002656,-5.3149542242
CtrSVDD_0017_E_0002657,-4.1678998695
CtrSVDD_0018_E_0002658,-4.2793692416
CtrSVDD_0019_E_0002659,0.5585763374
CtrSVDD_0020_E_0002660,-3.1964609411
CtrSVDD_0021_E_0002661,-1.4510591404
CtrSVDD_0022_E_0002662,-5.9214970820
CtrSVDD_0023_E_0002663,-4.1708777813
CtrSVDD_0024_E_0002664,-4.8733690936
CtrSVDD_0025_E_0002665,-1.6756558395
CtrSVDD_0026_E_0002666,-0.5374456446
CtrSVDD_0027_E_0002667,0.5133580378
CtrSVDD_0028_E_0002668,-3.0098344089
CtrSVDD_0029_E_0002669,-5.1822835105
CtrSVDD_0030_E_0002670,-3.8437554965
CtrSVDD_0031_E_0002671,1.5501990408
CtrSVDD_0032_E_0002672,-2.4954370514
CtrSVDD_0033_E_0002673,1.6962225050
CtrSVDD_0034_E_0002674,-3.0324950084
CtrSVDD_0035_E_0002675,-5.6453454240
CtrSVDD_0036_E_0002676,-3.9622049169
CtrSVDD_0037_E_0002677,-3.3168119664
CtrSVDD_0038_E_0002678,0.3400525366
CtrSVDD_0039_E_0002679,-6.0024629912
CtrSVDD_0040_E_0002680,-1.8478744377
CtrSVDD_0041_E_0002681,-4.8238497609
CtrSVDD_0042_E_0002682,-4.9737452586
CtrSVDD_0043_E_0002683,-4.9261503344
CtrSVDD_0044_E_0002684,-0.2434168890
CtrSVDD_0045_E_0002685,-2.4585253458
CtrSVDD_0046_E_0002686,-4.1271413726
CtrSVDD_0047_E_0002687,-6.1345999462
CtrSVDD_0000_E_0002688,-3.3891536209
CtrSVDD_0001_E_0002689,0.1481118923
CtrSVDD_0002_E_0002690,-2.6040093431
CtrSVDD_0003_E_0002691,-4.1206509314
CtrSVDD_0004_E_0002692,-4.7240106785
CtrSVDD_0005_E_0002693,-4.3246185892
CtrSVDD_0006_E_0002694,-0.8851666962
CtrSVDD_0007_E_0002695,-5.2737601635
CtrSVDD_0008_E_0002696,-5.6514709866
CtrSVDD_0009_E_0002697,-3.7559656428
CtrSVDD_0010_E_0002698,-3.7827886494
CtrSVDD_0011_E_0002699,-4.0546346074
CtrSVDD_0012_E_0002700,-5.2810542969
CtrSVDD_0013_E_0002701,-4.0284827084
CtrSVDD_0014_E_0002702,-4.2422392302
CtrSVDD_0015_E_0002703,-2.5179822707
CtrSVDD_0016_E_0002704,0.5607376411
CtrSVDD_0017_E_0002705,-6.2159023114
CtrSVDD_0018_E_0002706,1.9724519057
CtrSVDD_0019_E_0002707,-2.3779376662
CtrSVDD_0020_E_0002708,-4.4388778658
CtrSVDD_0021_E_0002709,-5.0148352171
CtrSVDD_0022_E_0002710,-4.8983904630
CtrSVDD_0023_E_0002711,-5.9371960223
CtrSVDD_0024_E_0002712,-5.2086150098
CtrSVDD_0025_E_0002713,-4.0767090936
CtrSVDD_0026_E_0002714,1.6774156031
CtrSVDD_0027_E_0002715,-5.1949308001
CtrSVDD_0028_E_0002716,-3.5624278720
CtrSVDD_0029_E_0002717,-5.5470153509
CtrSVDD_0030_E_0002718,-7.5248755630
CtrSVDD_0031_E_0002719,-5.8377705567
CtrSVDD_0032_E_0002720,-3.6149841295
CtrSVDD_0033_E_0002721,-4.0111431776
CtrSVDD_0034_E_0002722,0.8534403046
CtrSVDD_0035_E_0002723,-3.7090437293
CtrSVDD_0036_E_0002724,-4.6792460081
CtrSVDD_0037_E_0002725,-4.7013479605
CtrSVDD_0038_E_0002726,-3.6749122676
CtrSVDD_0039_E_0002727,1.9824130007
CtrSVDD_0040_E_0002728,-2.4770001885
CtrSVDD_0041_E_0002729,-5.9995823163
CtrSVDD_0042_E_0002730,-3.0776390353
CtrSVDD_0043_E_0002731,-0.8227141811
CtrSVDD_0044_E_0002732,-5.4746181602
CtrSVDD_0045_E_0002733,-4.3690540301
CtrSVDD_0046_E_0002734,-3.7365270857
CtrSVDD_0047_E_0002735,-4.6634452079
CtrSVDD_0000_E_0002736,-2.3918605808
CtrSVDD_0001_E_0002737,0.1340912232
CtrSVDD_0002_E_0002738,-4.4234070147
CtrSVDD_0003_E_0002739,-4.0222029604
CtrSVDD_0004_E_0002740,-4.1383264273
CtrSVDD_0005_E_0002741,-5.5844037228
CtrSVDD_0006_E_0002742,-3.5148017595
CtrSVDD_0007_E_0002743,-0.9081352768
CtrSVDD_0008_E_0002744,-2.4683553385
CtrSVDD_0009_E_0002745,-1.2421659228
CtrSVDD_0010_E_0002746,0.0512947251
CtrSVDD_0011_E_0002747,-4.2068788124
CtrSVDD_0012_E_0002748,1.9725302450
CtrSVDD_0013_E_0002749,-4.9533369001
CtrSVDD_0014_E_0002750,0.0822613380
CtrSVDD_0015_E_0002751,-1.8912292378
CtrSVDD_0016_E_0002752,-0.7019651572
CtrSVDD_0017_E_0002753,-6.0483717423
CtrSVDD_0018_E_0002754,-4.4098144708
CtrSVDD_0019_E_0002755,-4.8726874601
CtrSVDD_0020_E_0002756,-4.7792478133
CtrSVDD_0021_E_0002757,-1.7617120410
CtrSVDD_0022_E_0002758,-3.5652377640
CtrSVDD_0023_E_0002759,-4.3215425552
CtrSVDD_0024_E_0002760,-3.3469423686
CtrSVDD_0025_E_0002761,-3.1592033716
CtrSVDD_0026_E_0002762,-4.4758144805
CtrSVDD_0027_E_0002763,-5.3943524434
CtrSVDD_0028_E_0002764,-2.5785659718
CtrSVDD_0029_E_0002765,-4.1664680128
CtrSVDD_0030_E_0002766,-5.9857379935
CtrSVDD_0031_E_0002767,-5.2433041350
CtrSVDD_0032_E_0002768,-1.7167372158
CtrSVDD_0033_E_0002769,-4.1320208091
CtrSVDD_0034_E_0002770,-4.4624970925
CtrSVDD_0035_E_0002771,-3.0220920145
CtrSVDD_0036_E_0002772,-0.3120239506
CtrSVDD_0037_E_0002773,0.6613770568
CtrSVDD_0038_E_0002774,-4.7271684988
CtrSVDD_0039_E_0002775,-3.0971120644
CtrSVDD_0040_E_0002776,-7.1060915990
CtrSVDD_0041_E_0002777,-4.1777874767
CtrSVDD_0042_E_0002778,-2.7651859468
CtrSVDD_0043_E_0002779,-0.1520273848
CtrSVDD_0044_E_0002780,0.2711543501
CtrSVDD_0045_E_0002781,2.8856349124
CtrSVDD_0046_E_0002782,-4.7144768863
CtrSVDD_0047_E_0002783,-3.3249745244
CtrSVDD_0000_E_0002784,-0.6151677044
CtrSVDD_0001_E_0002785,-4.7595040728
CtrSVDD_0002_E_0002786,-5.0998111298
CtrSVDD_0003_E_0002787,-6.5254010644
CtrSVDD_0004_E_0002788,-4.5249302393
CtrSVDD_0005_E_0002789,-5.6899805452
CtrSVDD_0006_E_0002790,0.8799133538
CtrSVDD_0007_E_0002791,-0.6567652490
CtrSVDD_0008_E_0002792,-0.5410242175
CtrSVDD_0009_E_0002793,-1.5022699261
CtrSVDD_0010_E_0002794,-0.3984613015
CtrSVDD_0011_E_0002795,-3.9724742042
CtrSVDD_0012_E_0002796,-3.9675170939
CtrSVDD_0013_E_0002797,-3.7679934605
CtrSVDD_0014_E_0002798,-3.1872988626
CtrSVDD_0015_E_0002799,-5.2803094152
CtrSVDD_0016_E_0002800,-4.9642371371
CtrSVDD_0017_E_0002801,-0.4520573351
CtrSVDD_0018_E_0002802,-0.4711193230
CtrSVDD_0019_E_0002803,-0.2006659048
CtrSVDD_0020_E_0002804,-3.0813156645
CtrSVDD_0021_E_0002805,-4.1609838167
CtrSVDD_0022_E_0002806,-3.1104580465
CtrSVDD_0023_E_0002807,1.2958838614
CtrSVDD_0024_E_0002808,1.2711282247
CtrSVDD_0025_E_0002809,-4.6152068084
CtrSVDD_0026_E_0002810,-2.3603825862
CtrSVDD_0027_E_0002811,-6.2962309923
CtrSVDD_0028_E_0002812,-2.3953250019
CtrSVDD_0029_E_0002813,-3.1204133385
CtrSVDD_0030_E_0002814,2.0197921944
CtrSVDD_0031_E_0002815,-4.0228202134
CtrSVDD_0032_E_0002816,-5.3516811346
CtrSVDD_0033_E_0002817,-1.2839882977
CtrSVDD_0034_E_0002818,-5.1809091301
CtrSVDD_0035_E_0002819,-2.7451827437
CtrSVDD_0036_E_0002820,-4.0575168195
CtrSVDD_0037_E_0002821,-2.0421548506
CtrSVDD_0038_E_0002822,-5.3115450078
CtrSVDD_0039_E_0002823,-6.2891678696
CtrSVDD_0040_E_0002824,-6.3443433851
CtrSVDD_0041_E_0002825,-3.6142529820
CtrSVDD_0042_E_0002826,-6.1476692411
CtrSVDD_0043_E_0002827,-4.0127522088
CtrSVDD_0044_E_0002828,2.0938614812
CtrSVDD_0045_E_0002829,-2.7519847557
CtrSVDD_0046_E_0002830,-5.6171055683
CtrSVDD_0047_E_0002831,-1.7283287261
CtrSVDD_0000_E_0002832,-2.2282099215
CtrSVDD_0001_E_0002833,-4.8512695776
CtrSVDD_0002_E_0002834,-0.6887918851
CtrSVDD_0003_E_0002835,-3.7016630713
CtrSVDD_0004_E_0002836,-0.2755104387
CtrSVDD_0005_E_0002837,1.5140138711
CtrSVDD_0006_E_0002838,-4.7675928137
CtrSVDD_0007_E_0002839,-5.0412609851
CtrSVDD_0008_E_0002840,-4.6893347952
CtrSVDD_0009_E_0002841,-3.4344692088
CtrSVDD_0010_E_0002842,-3.3407568517
CtrSVDD_0011_E_0002843,-4.0158362607
CtrSVDD_0012_E_0002844,-4.1681215713
CtrSVDD_0013_E_0002845,-5.5988841835
CtrSVDD_0014_E_0002846,-0.6753680420
CtrSVDD_0015_E_0002847,-0.2022530017
CtrSVDD_0016_E_0002848,-4.1880630619
CtrSVDD_0017_E_0002849,-4.2051794995
CtrSVDD_0018_E_0002850,0.3252687518
CtrSVDD_0019_E_0002851,-1.1459975324
CtrSVDD_0020_E_0002852,-3.7001924557
CtrSVDD_0021_E_0002853,-3.4494215490
CtrSVDD_0022_E_0002854,0.9611126384
CtrSVDD_0023_E_0002855,0.2694990396
CtrSVDD_0024_E_0002856,-1.2985045208
CtrSVDD_0025_E_0002857,-3.0779918608
CtrSVDD_0026_E_0002858,-2.9367437980
CtrSVDD_0027_E_0002859,-0.3350552079
CtrSVDD_0028_E_0002860,-1.5789343658
CtrSVDD_0029_E_0002861,-6.3236057960
CtrSVDD_0030_E_0002862,-5.7605007752
CtrSVDD_0031_E_0002863,-3.0676935927
CtrSVDD_0032_E_0002864,0.1274466765
CtrSVDD_0033_E_0002865,-5.0458722368
CtrSVDD_0034_E_0002866,-2.9033681538
CtrSVDD_0035_E_0002867,1.3933814760
CtrSVDD_0036_E_0002868,-5.1737254971
CtrSVDD_0037_E_0002869,-3.8282908344
CtrSVDD_0038_E_0002870,0.4396974496
CtrSVDD_0039_E_0002871,1.2403559942
CtrSVDD_0040_E_0002872,-4.7763105659
CtrSVDD_0041_E_0002873,-4.3300130312
CtrSVDD_0042_E_0002874,-1.1480297757
CtrSVDD_0043_E_0002875,-3.8333064217
CtrSVDD_0044_E_0002876,-4.6735835382
CtrSVDD_0045_E_0002877,-3.8827403628
CtrSVDD_0046_E_0002878,-1.8997089193
CtrSVDD_0047_E_0002879,-4.3528135490
CtrSVDD_0000_E_0002880,-3.0855530276
CtrSVDD_0001_E_0002881,-3.1327725466
CtrSVDD_0002_E_0002882,-3.7476545344
CtrSVDD_0003_E_0002883,-1.7456080312
CtrSVDD_0004_E_0002884,1.9924932571
CtrSVDD_0005_E_0002885,-1.1413634746
CtrSVDD_0006_E_0002886,-4.7278287320
CtrSVDD_0007_E_0002887,-5.4665273981
CtrSVDD_0008_E_0002888,-4.9092240727
CtrSVDD_0009_E_0002889,-3.3509101076
CtrSVDD_0010_E_0002890,-3.4877776899
CtrSVDD_0011_E_0002891,-4.4156440929
CtrSVDD_0012_E_0002892,-1.2807655382
CtrSVDD_0013_E_0002893,0.3773477668
CtrSVDD_0014_E_0002894,-4.5803353331
CtrSVDD_0015_E_0002895,-2.7569337501
CtrSVDD_0016_E_0002896,-4.6126515807
CtrSVDD_0017_E_0002897,-6.9096953954
CtrSVDD_0018_E_0002898,-3.3555480911
CtrSVDD_0019_E_0002899,-2.8259157418
CtrSVDD_0020_E_0002900,-2.1290656174
CtrSVDD_0021_E_0002901,-0.3519331562
CtrSVDD_0022_E_0002902,-5.3594508790
CtrSVDD_0023_E_0002903,-0.1793015971
CtrSVDD_0024_E_0002904,-2.7201192760
CtrSVDD_0025_E_0002905,-4.1470740401
CtrSVDD_0026_E_0002906,-1.9898456792
CtrSVDD_0027_E_0002907,-2.9060799448
CtrSVDD_0028_E_0002908,0.4424632490
CtrSVDD_0029_E_0002909,1.7992027972
CtrSVDD_0030_E_0002910,-2.5790630284
CtrSVDD_0031_E_0002911,-4.2638342793
CtrSVDD_0032_E_0002912,-5.3857428343
CtrSVDD_0033_E_0002913,0.3623695476
CtrSVDD_0034_E_0002914,-4.8608583435
CtrSVDD_0035_E_0002915,-2.7342256075
CtrSVDD_0036_E_0002916,0.9588950729
CtrSVDD_0037_E_0002917,-1.5568122196
CtrSVDD_0038_E_0002918,-2.6529138716
CtrSVDD_0039_E_0002919,-5.2558439796
CtrSVDD_0040_E_0002920,-4.9441103057
CtrSVDD_0041_E_0002921,-1.0367849910
CtrSVDD_0042_E_0002922,-2.5726875405
CtrSVDD_0043_E_0002923,-4.5745817876
CtrSVDD_0044_E_0002924,-2.9052326834
CtrSVDD_0045_E_0002925,-0.4331733375
CtrSVDD_0046_E_0002926,-1.7975905408
CtrSVDD_0047_E_0002927,-2.0199504030
CtrSVDD_0000_E_0002928,-4.4884722665
CtrSVDD_0001_E_0002929,-0.5439214382
CtrSVDD_0002_E_0002930,-3.7106659989
CtrSVDD_0003_E_0002931,-7.2751168637
CtrSVDD_0004_E_0002932,2.0694437537
CtrSVDD_0005_E_0002933,-4.2402243820
CtrSVDD_0006_E_0002934,-5.0282560424
CtrSVDD_0007_E_0002935,-5.5213472428
CtrSVDD_0008_E_0002936,-3.8139475498
CtrSVDD_0009_E_0002937,-6.0811686401
CtrSVDD_0010_E_0002938,-5.4565686099
CtrSVDD_0011_E_0002939,-3.4486867449
CtrSVDD_0012_E_0002940,-1.5910425904
CtrSVDD_0013_E_0002941,-5.3017263955
CtrSVDD_0014_E_0002942,-3.5507294422
CtrSVDD_0015_E_0002943,-4.9816155472
CtrSVDD_0016_E_0002944,-3.5542930656
CtrSVDD_0017_E_0002945,-3.4038730367
CtrSVDD_0018_E_0002946,-1.9712225275
CtrSVDD_0019_E_0002947,-2.1041343722
CtrSVDD_0020_E_0002948,-4.7492194179
CtrSVDD_0021_E_0002949,-3.5486201896
CtrSVDD_0022_E_0002950,0.4489609573
CtrSVDD_0023_E_0002951,-3.7591277470
CtrSVDD_0024_E_0002952,-5.5693215619
CtrSVDD_0025_E_0002953,-2.7311548356
CtrSVDD_0026_E_0002954,2.0359854633
CtrSVDD_0027_E_0002955,-5.3033824497
CtrSVDD_0028_E_0002956,-3.7428937259
CtrSVDD_0029_E_0002957,-3.9724591548
CtrSVDD_0030_E_0002958,1.4086080187
CtrSVDD_0031_E_0002959,-2.9648486196
CtrSVDD_0032_E_0002960,0.0889401633
CtrSVDD_0033_E_0002961,-0.1369188675
CtrSVDD_0034_E_0002962,-1.5096279205
CtrSVDD_0035_E_0002963,-4.6089158796
CtrSVDD_0036_E_0002964,-6.4578675212
CtrSVDD_0037_E_0002965,-0.1241106340
CtrSVDD_0038_E_0002966,-3.9229383240
CtrSVDD_0039_E_0002967,-0.3193752661
CtrSVDD_0040_E_0002968,1.3022891135
CtrSVDD_0041_E_0002969,-3.8377898194
CtrSVDD_0042_E_0002970,-4.0685465356
CtrSVDD_0043_E_0002971,-3.0956612434
CtrSVDD_0044_E_0002972,-1.5737613557
CtrSVDD_0045_E_0002973,-5.7093128460
CtrSVDD_0046_E_0002974,-3.6784407010
CtrSVDD_0047_E_0002975,-4.6930916722
CtrSVDD_0000_E_0002976,-5.6931820692
CtrSVDD_0001_E_0002977,-5.6820117898
CtrSVDD_0002_E_0002978,-5.1981016595
CtrSVDD_0003_E_0002979,-3.0485817133
CtrSVDD_0004_E_0002980,-1.3163457089
CtrSVDD_0005_E_0002981,-2.5662965648
CtrSVDD_0006_E_0002982,0.3046894591
CtrSVDD_0007_E_0002983,-3.3839737782
CtrSVDD_0008_E_0002984,-2.5186534735
CtrSVDD_0009_E_0002985,-5.1016116426
CtrSVDD_0010_E_0002986,-4.7477499333
CtrSVDD_0011_E_0002987,-7.4611482757
CtrSVDD_0012_E_0002988,-5.0906152081
CtrSVDD_0013_E_0002989,-0.6354858275
CtrSVDD_0014_E_0002990,-3.7398727751
CtrSVDD_0015_E_0002991,0.8995308219
CtrSVDD_0016_E_0002992,-4.1799424782
CtrSVDD_0017_E_0002993,-2.3211305391
CtrSVDD_0018_E_0002994,-3.7198780307
CtrSVDD_0019_E_0002995,-0.7941633093
CtrSVDD_0020_E_0002996,-1.8835817324
CtrSVDD_0021_E_0002997,0.1821452351
CtrSVDD_0022_E_0002998,-3.7148836772
CtrSVDD_0023_E_0002999,-0.1749392813
CtrSVDD_0024_E_0003000,0.9778485914
CtrSVDD_0025_E_0003001,-6.4153433921
CtrSVDD_0026_E_0003002,-0.8517218325
CtrSVDD_0027_E_0003003,-3.6832350512
CtrSVDD_0028_E_0003004,-0.4121280969
CtrSVDD_0029_E_0003005,-4.7588635308
CtrSVDD_0030_E_0003006,-6.1609441682
CtrSVDD_0031_E_0003007,-2.7113932282
CtrSVDD_0032_E_0003008,-4.5590348776
CtrSVDD_0033_E_0003009,1.8590092135
CtrSVDD_0034_E_0003010,-4.8189112669
CtrSVDD_0035_E_0003011,-4.5000976640
CtrSVDD_0036_E_0003012,-4.6123383978
CtrSVDD_0037_E_0003013,-5.2935503069
CtrSVDD_0038_E_0003014,-2.8813390661
CtrSVDD_0039_E_0003015,0.5651281436
CtrSVDD_0040_E_0003016,-3.9128151997
CtrSVDD_0041_E_0003017,-4.9414719904
CtrSVDD_0042_E_0003018,-5.6480477717
CtrSVDD_0043_E_0003019,-0.8474158143
CtrSVDD_0044_E_0003020,-1.0472842044
CtrSVDD_0045_E_0003021,-3.3093514545
CtrSVDD_0046_E_0003022,-4.5925199420
CtrSVDD_0047_E_0003023,-3.1740296421
CtrSVDD_0000_E_0003024,-5.9400980833
CtrSVDD_0001_E_0003025,-4.4336034710
CtrSVDD_0002_E_0003026,-4.1328785212
CtrSVDD_0003_E_0003027,-2.9984823964
CtrSVDD_0004_E_0003028,-4.1157945239
CtrSVDD_0005_E_0003029,-2.7911713507
CtrSVDD_0006_E_0003030,-3.7745955694
CtrSVDD_0007_E_0003031,-6.1264373881
CtrSVDD_0008_E_0003032,-0.9112471260
CtrSVDD_0009_E_0003033,-3.8861347448
CtrSVDD_0010_E_0003034,-3.0074517201
CtrSVDD_0011_E_0003035,-4.8216087387
CtrSVDD_0012_E_0003036,0.5849315401
CtrSVDD_0013_E_0003037,-0.3989879760
CtrSVDD_0014_E_0003038,-0.9835540622
CtrSVDD_0015_E_0003039,-0.8574738954
CtrSVDD_0016_E_0003040,-3.3787633248
CtrSVDD_0017_E_0003041,-1.2100785043
CtrSVDD_0018_E_0003042,-0.0889401633
CtrSVDD_0019_E_0003043,-2.9438879848
CtrSVDD_0020_E_0003044,-4.2786612322
CtrSVDD_0021_E_0003045,0.1962840397
CtrSVDD_0022_E_0003046,-4.6182410474
CtrSVDD_0023_E_0003047,-4.6285507545
CtrSVDD_0024_E_0003048,0.2900690762
CtrSVDD_0025_E_0003049,0.4151737799
CtrSVDD_0026_E_0003050,-1.5310084063
CtrSVDD_0027_E_0003051,1.6348377422
CtrSVDD_0028_E_0003052,-4.4874707272
CtrSVDD_0029_E_0003053,-4.6949550572
CtrSVDD_0030_E_0003054,-4.3811023006
CtrSVDD_0031_E_0003055,-5.1394768644
CtrSVDD_0032_E_0003056,-1.0335583182
CtrSVDD_0033_E_0003057,-3.6193914940
CtrSVDD_0034_E_0003058,-0.8046115341
CtrSVDD_0035_E_0003059,-4.1517426160
CtrSVDD_0036_E_0003060,-4.5773042085
CtrSVDD_0037_E_0003061,-2.0624656455
CtrSVDD_0038_E_0003062,-4.5889594740
CtrSVDD_0039_E_0003063,-5.2353832729
CtrSVDD_0040_E_0003064,-4.9273447741
CtrSVDD_0041_E_0003065,-3.3975944721
CtrSVDD_0042_E_0003066,-4.2982814830
CtrSVDD_0043_E_0003067,-0.7310515452
CtrSVDD_0044_E_0003068,-4.2998678346
CtrSVDD_0045_E_0003069,-6.9420215739
CtrSVDD_0046_E_0003070,-5.2430034295
CtrSVDD_0047_E_0003071,-4.4206961927
CtrSVDD_0000_E_0003072,-4.9868569507
CtrSVDD_0001_E_0003073,1.4839023761
CtrSVDD_0002_E_0003074,1.1965339706
CtrSVDD_0003_E_0003075,-6.8146627724
CtrSVDD_0004_E_0003076,-5.9960849309
CtrSVDD_0005_E_0003077,-0.9858255004
CtrSVDD_0006_E_0003078,-4.1627152232
CtrSVDD_0007_E_0003079,-5.0834688633
CtrSVDD_0008_E_0003080,-4.6420487956
CtrSVDD_0009_E_0003081,-0.0594835540
CtrSVDD_0010_E_0003082,-0.2581165434
CtrSVDD_0011_E_0003083,-6.0699623177
CtrSVDD_0012_E_0003084,0.4167007285
CtrSVDD_0013_E_0003085,-3.2367754439
CtrSVDD_0014_E_0003086,-3.1520523611
CtrSVDD_0015_E_0003087,-2.6217148400
CtrSVDD_0016_E_0003088,-5.5413243252
CtrSVDD_0017_E_0003089,-0.0945589226
CtrSVDD_0018_E_0003090,-4.0341241754
CtrSVDD_0019_E_0003091,-4.5326092146
CtrSVDD_0020_E_0003092,-1.4754422869
CtrSVDD_0021_E_0003093,1.8509683456
CtrSVDD_0022_E_0003094,-1.1924496757
CtrSVDD_0023_E_0003095,-2.5373372639
CtrSVDD_0024_E_0003096,-6.0873068951
CtrSVDD_0025_E_0003097,-0.6995930100
CtrSVDD_0026_E_0003098,-5.3690092169
CtrSVDD_0027_E_0003099,-6.3302372866
CtrSVDD_0028_E_0003100,-1.6774510378
CtrSVDD_0029_E_0003101,-5.4082102776
CtrSVDD_0030_E_0003102,-6.2056166039
CtrSVDD_0031_E_0003103,-4.9719277569
CtrSVDD_0032_E_0003104,2.2396815046
CtrSVDD_0033_E_0003105,-4.4160247374
CtrSVDD_0034_E_0003106,-3.5576148321
CtrSVDD_0035_E_0003107,-5.1250823920
CtrSVDD_0036_E_0003108,-1.5927697209
CtrSVDD_0037_E_0003109,-5.2673859710
CtrSVDD_0038_E_0003110,-4.5852860534
CtrSVDD_0039_E_0003111,0.3806142455
CtrSVDD_0040_E_0003112,-1.9082291381
CtrSVDD_0041_E_0003113,-3.6010302915
CtrSVDD_0042_E_0003114,-4.2325649740
CtrSVDD_0043_E_0003115,-5.4683255424
CtrSVDD_0044_E_0003116,-3.6407552309
CtrSVDD_0045_E_0003117,-3.0494188110
CtrSVDD_0046_E_0003118,-1.8439540616
CtrSVDD_0047_E_0003119,-4.8609043524
CtrSVDD_0000_E_0003120,-0.9377066327
CtrSVDD_0001_E_0003121,-4.9720866382
CtrSVDD_0002_E_0003122,0.3149624314
CtrSVDD_0003_E_0003123,-5.4964828440
CtrSVDD_0004_E_0003124,-5.8119637891
CtrSVDD_0005_E_0003125,-3.0393983760
CtrSVDD_0006_E_0003126,-0.0791139796
CtrSVDD_0007_E_0003127,0.0574066394
CtrSVDD_0008_E_0003128,-4.4582608218
CtrSVDD_0009_E_0003129,-0.1849903467
CtrSVDD_0010_E_0003130,-3.2914569939
CtrSVDD_0011_E_0003131,-0.1937835298
CtrSVDD_0012_E_0003132,-4.0766243656
CtrSVDD_0013_E_0003133,-6.2718699199
CtrSVDD_0014_E_0003134,-1.9782426705
CtrSVDD_0015_E_0003135,-5.6930986482
CtrSVDD_0016_E_0003136,-5.9296596401
CtrSVDD_0017_E_0003137,-3.8331882425
CtrSVDD_0018_E_0003138,-5.5919911462
CtrSVDD_0019_E_0003139,-6.1785873955
CtrSVDD_0020_E_0003140,-5.2344377785
CtrSVDD_0021_E_0003141,-0.3942884347
CtrSVDD_0022_E_0003142,-3.2921093274
CtrSVDD_0023_E_0003143,-5.5218714832
CtrSVDD_0024_E_0003144,-5.1297957871
CtrSVDD_0025_E_0003145,-2.5924871502
CtrSVDD_0026_E_0003146,-5.5781631094
CtrSVDD_0027_E_0003147,-4.5460565508
CtrSVDD_0028_E_0003148,-4.2016381209
CtrSVDD_0029_E_0003149,-4.3014888027
CtrSVDD_0030_E_0003150,-0.8299297537
CtrSVDD_0031_E_0003151,-4.4346695356
CtrSVDD_0032_E_0003152,-6.5730741709
CtrSVDD_0033_E_0003153,2.7784602291
CtrSVDD_0034_E_0003154,-0.4396974496
CtrSVDD_0035_E_0003155,-3.7180419266
CtrSVDD_0036_E_0003156,-2.5035401818
CtrSVDD_0037_E_0003157,-1.5140138711
CtrSVDD_0038_E_0003158,-1.1068977958
CtrSVDD_0039_E_0003159,-0.0823500882
CtrSVDD_0040_E_0003160,-5.6108833528
CtrSVDD_0041_E_0003161,-1.3894907471
CtrSVDD_0042_E_0003162,-4.0864427662
CtrSVDD_0043_E_0003163,1.7454005008
CtrSVDD_0044_E_0003164,-5.6392437866
CtrSVDD_0045_E_0003165,-1.1748284224
CtrSVDD_0046_E_0003166,-1.4290707198
CtrSVDD_0047_E_0003167,-2.1507128488
CtrSVDD_0000_E_0003168,-4.4373339982
CtrSVDD_0001_E_0003169,-0.6746118838
CtrSVDD_0002_E_0003170,-5.1941256720
CtrSVDD_0003_E_0003171,-4.9567092730
CtrSVDD_0004_E_0003172,-4.4523903074
CtrSVDD_0005_E_0003173,0.4289374437
CtrSVDD_0006_E_0003174,-4.6274961619
CtrSVDD_0007_E_0003175,0.3385708627
CtrSVDD_0008_E_0003176,-3.1414273845
CtrSVDD_0009_E_0003177,-4.4057084706
CtrSVDD_0010_E_0003178,-3.9433562844
CtrSVDD_0011_E_0003179,-4.9510868779
CtrSVDD_0012_E_0003180,-6.6468323158
CtrSVDD_0013_E_0003181,-0.8733854847
CtrSVDD_0014_E_0003182,-3.8353420051
CtrSVDD_0015_E_0003183,-5.1857080860
CtrSVDD_0016_E_0003184,-4.0297110668
CtrSVDD_0017_E_0003185,-4.5989437351
CtrSVDD_0018_E_0003186,-5.1689460993
CtrSVDD_0019_E_0003187,-3.3620693948
CtrSVDD_0020_E_0003188,-5.3703420868
CtrSVDD_0021_E_0003189,-3.4423755812
CtrSVDD_0022_E_0003190,-2.7988300891
CtrSVDD_0023_E_0003191,-5.7487034704
CtrSVDD_0024_E_0003192,-0.3349511434
CtrSVDD_0025_E_0003193,-3.6652961981
CtrSVDD_0026_E_0003194,-3.5256912234
CtrSVDD_0027_E_0003195,0.2451224673
CtrSVDD_0028_E_0003196,-3.1621699044
CtrSVDD_0029_E_0003197,-5.1854399822
CtrSVDD_0030_E_0003198,-4.3352859986
CtrSVDD_0031_E_0003199,-4.9801894166
CtrSVDD_0032_E_0003200,-4.3909890548
CtrSVDD_0033_E_0003201,0.4641671859
CtrSVDD_0034_E_0003202,-2.9493353659
CtrSVDD_0035_E_0003203,1.1598896185
CtrSVDD_0036_E_0003204,-2.7719141778
CtrSVDD_0037_E_0003205,-2.7810316998
CtrSVDD_0038_E_0003206,-4.1335489341
CtrSVDD_0039_E_0003207,-4.2031430373
CtrSVDD_0040_E_0003208,-5.7922459615
CtrSVDD_0041_E_0003209,-3.5096422361
CtrSVDD_0042_E_0003210,-5.0056770588
CtrSVDD_0043_E_0003211,-4.0980691166
CtrSVDD_0044_E_0003212,-3.8545908958
CtrSVDD_0045_E_0003213,-3.2051156960
CtrSVDD_0046_E_0003214,-4.9125420113
CtrSVDD_0047_E_0003215,0.3766293726
CtrSVDD_0000_E_0003216,-3.3459698289
CtrSVDD_0001_E_0003217,-1.6674542859
CtrSVDD_0002_E_0003218,-2.4005096482
CtrSVDD_0003_E_0003219,-2.9887519935
CtrSVDD_0004_E_0003220,0.6879377687
CtrSVDD_0005_E_0003221,-0.9426178649
CtrSVDD_0006_E_0003222,-5.7846673561
CtrSVDD_0007_E_0003223,-0.2929880969
CtrSVDD_0008_E_0003224,-0.8717027939
CtrSVDD_0009_E_0003225,1.5052708191
CtrSVDD_0010_E_0003226,-5.5576626621
CtrSVDD_0011_E_0003227,-4.8720888564
CtrSVDD_0012_E_0003228,-0.6405822672
CtrSVDD_0013_E_0003229,-4.4322703914
CtrSVDD_0014_E_0003230,-5.4918798489
CtrSVDD_0015_E_0003231,-5.7717381998
CtrSVDD_0016_E_0003232,-5.7575329141
CtrSVDD_0017_E_0003233,-0.5043486947
CtrSVDD_0018_E_0003234,-4.4195366820
CtrSVDD_0019_E_0003235,-2.9169162541
CtrSVDD_0020_E_0003236,-2.9001152558
CtrSVDD_0021_E_0003237,-0.9809032663
CtrSVDD_0022_E_0003238,-3.7891587262
CtrSVDD_0023_E_0003239,-1.6471928504
CtrSVDD_0024_E_0003240,0.2624574964
CtrSVDD_0025_E_0003241,-0.6297189743
CtrSVDD_0026_E_0003242,-5.9365138951
CtrSVDD_0027_E_0003243,-5.6596378702
CtrSVDD_0028_E_0003244,-4.1260077667
CtrSVDD_0029_E_0003245,-4.9585224479
CtrSVDD_0030_E_0003246,0.2230168364
CtrSVDD_0031_E_0003247,-2.8348515403
CtrSVDD_0032_E_0003248,-5.8233608375
CtrSVDD_0033_E_0003249,-1.5772089627
CtrSVDD_0034_E_0003250,-4.6111654350
CtrSVDD_0035_E_0003251,1.4881218960
CtrSVDD_0036_E_0003252,-4.7212844908
CtrSVDD_0037_E_0003253,-2.0132834216
CtrSVDD_0038_E_0003254,-3.6963283902
CtrSVDD_0039_E_0003255,-3.4259565203
CtrSVDD_0040_E_0003256,-5.3567532544
CtrSVDD_0041_E_0003257,-3.2262725651
CtrSVDD_0042_E_0003258,-3.7119605164
CtrSVDD_0043_E_0003259,-1.2180954040
CtrSVDD_0044_E_0003260,1.2648776829
CtrSVDD_0045_E_0003261,-0.2827822652
CtrSVDD_0046_E_0003262,-0.6100137811
CtrSVDD_0047_E_0003263,-2.6138645282
CtrSVDD_0000_E_0003264,-4.2781172488
CtrSVDD_0001_E_0003265,-4.2038055112
CtrSVDD_0002_E_0003266,-3.3575047426
CtrSVDD_0003_E_0003267,-2.6914955316
CtrSVDD_0004_E_0003268,-5.5603796672
CtrSVDD_0005_E_0003269,-5.4575652089
CtrSVDD_0006_E_0003270,-0.7554946596
CtrSVDD_0007_E_0003271,-3.9511224067
CtrSVDD_0008_E_0003272,-1.1865914477
CtrSVDD_0009_E_0003273,0.6562059672
CtrSVDD_0010_E_0003274,-4.7498724452
CtrSVDD_0011_E_0003275,-2.4663080155
CtrSVDD_0012_E_0003276,-4.7528105361
CtrSVDD_0013_E_0003277,1.5409625827
CtrSVDD_0014_E_0003278,-3.1914449586
CtrSVDD_0015_E_0003279,-4.6237854859
CtrSVDD_0016_E_0003280,-0.6513839430
CtrSVDD_0017_E_0003281,-0.2798717615
CtrSVDD_0018_E_0003282,-4.5739003382
CtrSVDD_0019_E_0003283,-2.2147671449
CtrSVDD_0020_E_0003284,-5.6630856872
CtrSVDD_0021_E_0003285,-1.2453780228
CtrSVDD_0022_E_0003286,-2.9158680961
CtrSVDD_0023_E_0003287,-4.7476856417
CtrSVDD_0024_E_0003288,-1.6577814265
CtrSVDD_0025_E_0003289,1.2768173084
CtrSVDD_0026_E_0003290,-5.0651926483
CtrSVDD_0027_E_0003291,-3.5722086885
CtrSVDD_0028_E_0003292,-4.1450824367
CtrSVDD_0029_E_0003293,-2.1878931553
CtrSVDD_0030_E_0003294,-1.6668303593
CtrSVDD_0031_E_0003295,-7.0509617985
CtrSVDD_0032_E_0003296,-4.7193178397
CtrSVDD_0033_E_0003297,-3.3351874290
CtrSVDD_0034_E_0003298,-5.3300542718
CtrSVDD_0035_E_0003299,1.3064303511
CtrSVDD_0036_E_0003300,0.3445020561
CtrSVDD_0037_E_0003301,-4.2507073051
CtrSVDD_0038_E_0003302,-3.6582258743
CtrSVDD_0039_E_0003303,-4.3049838303
CtrSVDD_0040_E_0003304,-2.6607194756
CtrSVDD_0041_E_0003305,-1.1668199774
CtrSVDD_0042_E_0003306,-3.7126813443
CtrSVDD_0043_E_0003307,-4.3798997922
CtrSVDD_0044_E_0003308,1.2966417965
CtrSVDD_0045_E_0003309,-5.3416901786
CtrSVDD_0046_E_0003310,0.1269303366
CtrSVDD_0047_E_0003311,-2.5058214144
CtrSVDD_0000_E_0003312,-4.1499931013
CtrSVDD_0001_E_0003313,-2.0261987582
CtrSVDD_0002_E_0003314,-3.1794836527
CtrSVDD_0003_E_0003315,0.5504201225
CtrSVDD_0004_E_0003316,-3.1844577718
CtrSVDD_0005_E_0003317,-3.9571202529
CtrSVDD_0006_E_0003318,-5.6151107894
CtrSVDD_0007_E_0003319,-0.0272797511
CtrSVDD_0008_E_0003320,-3.5874218112
CtrSVDD_0009_E_0003321,-7.0304918921
CtrSVDD_0010_E_0003322,-5.2835910807
CtrSVDD_0011_E_0003323,-0.0819206398
CtrSVDD_0012_E_0003324,-3.7434692458
CtrSVDD_0013_E_0003325,-5.5375422453
CtrSVDD_0014_E_0003326,-1.5979859834
CtrSVDD_0015_E_0003327,-3.9257084268
CtrSVDD_0016_E_0003328,-3.0816076332
CtrSVDD_0017_E_0003329,-4.4570875084
CtrSVDD_0018_E_0003330,-0.9254708981
CtrSVDD_0019_E_0003331,-4.8948104290
CtrSVDD_0020_E_0003332,-1.5600127429
CtrSVDD_0021_E_0003333,0.1410444574
CtrSVDD_0022_E_0003334,-1.2501975447
CtrSVDD_0023_E_0003335,-3.4149513006
CtrSVDD_0024_E_0003336,-5.7058567563
CtrSVDD_0025_E_0003337,-4.7286392208
CtrSVDD_0026_E_0003338,-0.2292966039
CtrSVDD_0027_E_0003339,-0.8567321563
CtrSVDD_0028_E_0003340,-3.2387505536
CtrSVDD_0029_E_0003341,0.9949625801
CtrSVDD_0030_E_0003342,-4.6929570201
CtrSVDD_0031_E_0003343,-1.5208363793
CtrSVDD_0032_E_0003344,-4.3209938519
CtrSVDD_0033_E_0003345,-0.0526164945
CtrSVDD_0034_E_0003346,-6.4503463912
CtrSVDD_0035_E_0003347,-1.3292341026
CtrSVDD_0036_E_0003348,-1.9504920608
CtrSVDD_0037_E_0003349,-3.0307652024
CtrSVDD_0038_E_0003350,-6.6809132468
CtrSVDD_0039_E_0003351,-4.3463017285
CtrSVDD_0040_E_0003352,-0.3076212670
CtrSVDD_0041_E_0003353,-3.3124985023
CtrSVDD_0042_E_0003354,-5.5446545941
CtrSVDD_0043_E_0003355,-4.1981042510
CtrSVDD_0044_E_0003356,-5.1983439028
CtrSVDD_0045_E_0003357,-5.9319355252
CtrSVDD_0046_E_0003358,-1.7700643593
CtrSVDD_0047_E_0003359,-3.7874753853
CtrSVDD_0000_E_0003360,0.8894085637
CtrSVDD_0001_E_0003361,-0.2776924050
CtrSVDD_0002_E_0003362,-4.6289789977
CtrSVDD_0003_E_0003363,-4.2223082914
CtrSVDD_0004_E_0003364,-4.7835276973
CtrSVDD_0005_E_0003365,-5.9897494335
CtrSVDD_0006_E_0003366,-4.5294655405
CtrSVDD_0007_E_0003367,1.3129208674
CtrSVDD_0008_E_0003368,-1.9962203976
CtrSVDD_0009_E_0003369,-4.3517672700
CtrSVDD_0010_E_0003370,-4.0993154698
CtrSVDD_0011_E_0003371,-3.4512310058
CtrSVDD_0012_E_0003372,0.6456249513
CtrSVDD_0013_E_0003373,-2.2253727574
CtrSVDD_0014_E_0003374,-2.7599527341
CtrSVDD_0015_E_0003375,-2.5388556768
CtrSVDD_0016_E_0003376,-4.2085766739
CtrSVDD_0017_E_0003377,-4.2421972559
CtrSVDD_0018_E_0003378,-4.3208571522
CtrSVDD_0019_E_0003379,-3.9259856230
CtrSVDD_0020_E_0003380,-1.0150491124
CtrSVDD_0021_E_0003381,-3.5567827477
CtrSVDD_0022_E_0003382,-3.4029317969
CtrSVDD_0023_E_0003383,1.1737662357
CtrSVDD_0024_E_0003384,-4.2838133067
CtrSVDD_0025_E_0003385,-4.6998756011
CtrSVDD_0026_E_0003386,-3.4161343999
CtrSVDD_0027_E_0003387,-1.0939075304
CtrSVDD_0028_E_0003388,1.5939241568
CtrSVDD_0029_E_0003389,-4.5025716322
CtrSVDD_0030_E_0003390,-4.7061883011
CtrSVDD_0031_E_0003391,-2.8512028144
CtrSVDD_0032_E_0003392,-1.7716607253
CtrSVDD_0033_E_0003393,-4.7389046829
CtrSVDD_0034_E_0003394,-4.6695306392
CtrSVDD_0035_E_0003395,-3.4861919864
CtrSVDD_0036_E_0003396,-0.8248814586
CtrSVDD_0037_E_0003397,-1.2460602562
CtrSVDD_0038_E_0003398,-5.9479993309
CtrSVDD_0039_E_0003399,-6.4392160205
CtrSVDD_0040_E_0003400,-3.2634203304
CtrSVDD_0041_E_0003401,-2.9070949782
CtrSVDD_0042_E_0003402,-2.0513323797
CtrSVDD_0043_E_0003403,-4.2440704635
CtrSVDD_0044_E_0003404,-4.1174122488
CtrSVDD_0045_E_0003405,-5.6952159642
CtrSVDD_0046_E_0003406,-5.7853690641
CtrSVDD_0047_E_0003407,-0.0276375109
CtrSVDD_0000_E_0003408,-2.9993476035
CtrSVDD_0001_E_0003409,-1.8129096323
CtrSVDD_0002_E_0003410,-5.1472746387
CtrSVDD_0003_E_0003411,-0.6096818361
CtrSVDD_0004_E_0003412,1.4510591404
CtrSVDD_0005_E_0003413,-3.3984099402
CtrSVDD_0006_E_0003414,-2.1811405496
CtrSVDD_0007_E_0003415,-2.3862416201
CtrSVDD_0008_E_0003416,-2.8035188805
CtrSVDD_0009_E_0003417,-5.5400493525
CtrSVDD_0010_E_0003418,-3.8754842956
CtrSVDD_0011_E_0003419,-6.1943707007
CtrSVDD_0012_E_0003420,-1.6312228119
CtrSVDD_0013_E_0003421,-4.0830971897
CtrSVDD_0014_E_0003422,-3.0353580187
CtrSVDD_0015_E_0003423,0.7925957377
CtrSVDD_0016_E_0003424,-3.0615259072
CtrSVDD_0017_E_0003425,-1.0576107825
CtrSVDD_0018_E_0003426,1.2555934900
CtrSVDD_0019_E_0003427,-4.0939267705
CtrSVDD_0020_E_0003428,-5.6245072743
CtrSVDD_0021_E_0003429,-4.4245989268
CtrSVDD_0022_E_0003430,-4.4004019068
CtrSVDD_0023_E_0003431,-3.3067346382
CtrSVDD_0024_E_0003432,0.1892608309
CtrSVDD_0025_E_0003433,-0.5766526762
CtrSVDD_0026_E_0003434,-3.2743534525
CtrSVDD_0027_E_0003435,-4.4641215510
CtrSVDD_0028_E_0003436,-4.5452566269
CtrSVDD_0029_E_0003437,-4.2655672514
CtrSVDD_0030_E_0003438,-4.3079618641
CtrSVDD_0031_E_0003439,0.2020933456
CtrSVDD_0032_E_0003440,-1.5494217450
CtrSVDD_0033_E_0003441,-5.9270669290
CtrSVDD_0034_E_0003442,-3.9937592200
CtrSVDD_0035_E_0003443,-5.2092289415
CtrSVDD_0036_E_0003444,-2.4223152932
CtrSVDD_0037_E_0003445,-4.1288313609
CtrSVDD_0038_E_0003446,-5.9348652408
CtrSVDD_0039_E_0003447,-3.5014757972
CtrSVDD_0040_E_0003448,-0.8483778259
CtrSVDD_0041_E_0003449,-5.6351980343
CtrSVDD_0042_E_0003450,-5.5551779090
CtrSVDD_0043_E_0003451,-4.3765343848
CtrSVDD_0044_E_0003452,-2.5292323978
CtrSVDD_0045_E_0003453,-5.0217148104
CtrSVDD_0046_E_0003454,-3.5443461232
CtrSVDD_0047_E_0003455,-3.7846077584
CtrSVDD_0000_E_0003456,-5.6474063447
CtrSVDD_0001_E_0003457,-5.9322590606
CtrSVDD_0002_E_0003458,-3.7134076602
CtrSVDD_0003_E_0003459,-3.0043430529
CtrSVDD_0004_E_0003460,-4.9612477933
CtrSVDD_0005_E_0003461,-3.2836940721
CtrSVDD_0006_E_0003462,-6.0110346746
CtrSVDD_0007_E_0003463,-0.8334767716
CtrSVDD_0008_E_0003464,-2.6912224988
CtrSVDD_0009_E_0003465,-0.7395254352
CtrSVDD_0010_E_0003466,-0.6877194580
CtrSVDD_0011_E_0003467,-3.6820124294
CtrSVDD_0012_E_0003468,-3.9464106195
CtrSVDD_0013_E_0003469,-4.9229012283
CtrSVDD_0014_E_0003470,-5.4387096144
CtrSVDD_0015_E_0003471,-3.6938812933
CtrSVDD_0016_E_0003472,-1.8335518265
CtrSVDD_0017_E_0003473,-6.5380615468
CtrSVDD_0018_E_0003474,-4.2672122563
CtrSVDD_0019_E_0003475,1.2774288271
CtrSVDD_0020_E_0003476,-0.6648625781
CtrSVDD_0021_E_0003477,-2.2495396365
CtrSVDD_0022_E_0003478,-4.4016226353
CtrSVDD_0023_E_0003479,-6.2792246595
CtrSVDD_0024_E_0003480,-2.5555281466
CtrSVDD_0025_E_0003481,-1.6889576990
CtrSVDD_0026_E_0003482,-3.3295786043
CtrSVDD_0027_E_0003483,-4.7843682989
CtrSVDD_0028_E_0003484,-4.7439956292
CtrSVDD_0029_E_0003485,-6.3208091106
CtrSVDD_0030_E_0003486,0.6066475734
CtrSVDD_0031_E_0003487,-5.5973914581
CtrSVDD_0032_E_0003488,0.7109414228
CtrSVDD_0033_E_0003489,-4.2507913373
CtrSVDD_0034_E_0003490,-7.4507328581
CtrSVDD_0035_E_0003491,0.1144997785
CtrSVDD_0036_E_0003492,-0.6387768374
CtrSVDD_0037_E_0003493,-5.6444292480
CtrSVDD_0038_E_0003494,-4.6555523527
CtrSVDD_0039_E_0003495,-6.3658729985
CtrSVDD_0040_E_0003496,-3.6633621519
CtrSVDD_0041_E_0003497,-3.7362645042
CtrSVDD_0042_E_0003498,-3.4390510853
CtrSVDD_0043_E_0003499,-4.9036721701
CtrSVDD_0044_E_0003500,-2.4473092324
CtrSVDD_0045_E_0003501,-4.9502506257
CtrSVDD_0046_E_0003502,-2.6239825040
CtrSVDD_0047_E_0003503,-5.9525878825
CtrSVDD_0000_E_0003504,-3.5710007147
CtrSVDD_0001_E_0003505,-5.4909106577
CtrSVDD_0002_E_0003506,-4.7622492694
CtrSVDD_0003_E_0003507,-1.7834699763
CtrSVDD_0004_E_0003508,-4.4535783264
CtrSVDD_0005_E_0003509,-4.8417848418
CtrSVDD_0006_E_0003510,-5.9970145489
CtrSVDD_0007_E_0003511,0.5536781855
CtrSVDD_0008_E_0003512,-3.3741061272
CtrSVDD_0009_E_0003513,-4.1807487386
CtrSVDD_0010_E_0003514,-2.5995977832
CtrSVDD_0011_E_0003515,0.1680887671
CtrSVDD_0012_E_0003516,-4.5298058188
CtrSVDD_0013_E_0003517,-5.0454846316
CtrSVDD_0014_E_0003518,-3.3048641673
CtrSVDD_0015_E_0003519,-5.1136189404
CtrSVDD_0016_E_0003520,-4.4125336346
CtrSVDD_0017_E_0003521,-2.8110098278
CtrSVDD_0018_E_0003522,-0.7116594853
CtrSVDD_0019_E_0003523,-5.0401089151
CtrSVDD_0020_E_0003524,-4.0613236871
CtrSVDD_0021_E_0003525,-4.4014687717
CtrSVDD_0022_E_0003526,-5.3765839083
CtrSVDD_0023_E_0003527,-3.9109859517
CtrSVDD_0024_E_0003528,-2.8333631002
CtrSVDD_0025_E_0003529,-3.5896825920
CtrSVDD_0026_E_0003530,0.3638636612
CtrSVDD_0027_E_0003531,2.4585253458
CtrSVDD_0028_E_0003532,-5.8283444951
CtrSVDD_0029_E_0003533,-2.7870377120
CtrSVDD_0030_E_0003534,2.0814974982
CtrSVDD_0031_E_0003535,-3.3711834208
CtrSVDD_0032_E_0003536,-1.4041503266
CtrSVDD_0033_E_0003537,-7.2892617046
CtrSVDD_0034_E_0003538,-3.2618552376
CtrSVDD_0035_E_0003539,-6.1231465975
CtrSVDD_0036_E_0003540,1.5273495790
CtrSVDD_0037_E_0003541,-5.9813669632
CtrSVDD_0038_E_0003542,-4.6589358403
CtrSVDD_0039_E_0003543,-4.7613855994
CtrSVDD_0040_E_0003544,-2.3275283092
CtrSVDD_0041_E_0003545,-2.1389862141
CtrSVDD_0042_E_0003546,-5.5622987802
CtrSVDD_0043_E_0003547,-5.7556373271
CtrSVDD_0044_E_0003548,-3.4405241869
CtrSVDD_0045_E_0003549,1.0796308446
CtrSVDD_0046_E_0003550,-0.9283296332
CtrSVDD_0047_E_0003551,-5.1039517216
CtrSVDD_0000_E_0003552,-0.0258804687
CtrSVDD_0001_E_0003553,-3.2001365659
CtrSVDD_0002_E_0003554,-0.5651350204
CtrSVDD_0003_E_0003555,-6.4809366484
CtrSVDD_0004_E_0003556,-1.0181772056
CtrSVDD_0005_E_0003557,-1.1203595358
CtrSVDD_0006_E_0003558,-6.2436556781
CtrSVDD_0007_E_0003559,-1.1740001753
CtrSVDD_0008_E_0003560,-5.9772030185
CtrSVDD_0009_E_0003561,-5.5337696044
CtrSVDD_0010_E_0003562,-3.5487706404
CtrSVDD_0011_E_0003563,-2.7281496016
CtrSVDD_0012_E_0003564,-4.7846475230
CtrSVDD_0013_E_0003565,-2.2571998811
CtrSVDD_0014_E_0003566,0.6406295548
CtrSVDD_0015_E_0003567,-6.0054695652
CtrSVDD_0016_E_0003568,-2.8383111459
CtrSVDD_0017_E_0003569,-4.3670702102
CtrSVDD_0018_E_0003570,-4.6371415558
CtrSVDD_0019_E_0003571,-5.2256787929
CtrSVDD_0020_E_0003572,-3.7326443143
CtrSVDD_0021_E_0003573,-3.1183444209
CtrSVDD_0022_E_0003574,-3.7648067106
CtrSVDD_0023_E_0003575,-0.6988909143
CtrSVDD_0024_E_0003576,-2.7418082200
CtrSVDD_0025_E_0003577,-3.5145594354
CtrSVDD_0026_E_0003578,-4.2884902075
CtrSVDD_0027_E_0003579,-5.1202888105
CtrSVDD_0028_E_0003580,-2.9221746315
CtrSVDD_0029_E_0003581,-2.0243617337
CtrSVDD_0030_E_0003582,-5.1776935142
CtrSVDD_0031_E_0003583,-4.5222352044
CtrSVDD_0032_E_0003584,-4.1385424690
CtrSVDD_0033_E_0003585,1.2254011678
CtrSVDD_0034_E_0003586,-4.9880272636
CtrSVDD_0035_E_0003587,2.3087101115
CtrSVDD_0036_E_0003588,-0.9327906393
CtrSVDD_0037_E_0003589,-2.7562488537
CtrSVDD_0038_E_0003590,-1.1962863813
CtrSVDD_0039_E_0003591,-3.4422750285
CtrSVDD_0040_E_0003592,-1.6787952007
CtrSVDD_0041_E_0003593,-0.2153038940
CtrSVDD_0042_E_0003594,-6.7553093747
CtrSVDD_0043_E_0003595,-5.1477862815
CtrSVDD_0044_E_0003596,-3.9578543171
CtrSVDD_0045_E_0003597,-0.2457310441
CtrSVDD_0046_E_0003598,-4.6954576384
CtrSVDD_0047_E_0003599,-0.6603456867
CtrSVDD_0000_E_0003600,-4.8822044394
CtrSVDD_0001_E_0003601,-3.2508764759
CtrSVDD_0002_E_0003602,-3.0133778667
CtrSVDD_0003_E_0003603,0.6859485777
CtrSVDD_0004_E_0003604,0.8696593245
CtrSVDD_0005_E_0003605,-1.6506701540
CtrSVDD_0006_E_0003606,-1.5893095455
CtrSVDD_0007_E_0003607,-3.9188982566
CtrSVDD_0008_E_0003608,-3.2852481598
CtrSVDD_0009_E_0003609,1.6265283966
CtrSVDD_0010_E_0003610,-5.2941434276
CtrSVDD_0011_E_0003611,-4.9374537940
CtrSVDD_0012_E_0003612,-2.6771923047
CtrSVDD_0013_E_0003613,-4.8849131521
CtrSVDD_0014_E_0003614,-2.5646963654
CtrSVDD_0015_E_0003615,-1.0323732006
CtrSVDD_0016_E_0003616,-4.9943360527
CtrSVDD_0017_E_0003617,-6.2913160780
CtrSVDD_0018_E_0003618,-5.0342980271
CtrSVDD_0019_E_0003619,-4.6445515463
CtrSVDD_0020_E_0003620,-5.4362445462
CtrSVDD_0021_E_0003621,-5.6233593540
CtrSVDD_0022_E_0003622,-4.2768118465
CtrSVDD_0023_E_0003623,-0.7623174933
CtrSVDD_0024_E_0003624,-4.1028908506
CtrSVDD_0025_E_0003625,1.8912292378
CtrSVDD_0026_E_0003626,-5.0768331686
CtrSVDD_0027_E_0003627,-3.6448689902
CtrSVDD_0028_E_0003628,-1.4956270435
CtrSVDD_0029_E_0003629,-1.0786374361
CtrSVDD_0030_E_0003630,1.9533237077
CtrSVDD_0031_E_0003631,-4.3961781167
CtrSVDD_0032_E_0003632,-4.9874081950
CtrSVDD_0033_E_0003633,-5.8821882369
CtrSVDD_0034_E_0003634,-4.9669253925
CtrSVDD_0035_E_0003635,-5.1665530796
CtrSVDD_0036_E_0003636,-4.4886343961
CtrSVDD_0037_E_0003637,-4.0353181746
CtrSVDD_0038_E_0003638,-4.4284666511
CtrSVDD_0039_E_0003639,-3.5013593615
CtrSVDD_0040_E_0003640,-2.3586175454
CtrSVDD_0041_E_0003641,-2.9673654490
CtrSVDD_0042_E_0003642,-1.7246535739
CtrSVDD_0043_E_0003643,-5.4134337895
CtrSVDD_0044_E_0003644,-6.4103751169
CtrSVDD_0045_E_0003645,-1.9960462857
CtrSVDD_0046_E_0003646,-4.2555539792
CtrSVDD_0047_E_0003647,-3.8796871517
CtrSVDD_0000_E_0003648,-0.0973694111
CtrSVDD_0001_E_0003649,0.2393607108
CtrSVDD_0002_E_0003650,-3.8497348149
CtrSVDD_0003_E_0003651,-6.3554589086
CtrSVDD_0004_E_0003652,-7.8248068398
CtrSVDD_0005_E_0003653,0.3105557215
CtrSVDD_0006_E_0003654,-4.0838776392
CtrSVDD_0007_E_0003655,-3.6624585737
CtrSVDD_0008_E_0003656,-5.3086720847
CtrSVDD_0009_E_0003657,-4.4698875671
CtrSVDD_0010_E_0003658,-1.9354316729
CtrSVDD_0011_E_0003659,-3.8708053354
CtrSVDD_0012_E_0003660,1.8135017802
CtrSVDD_0013_E_0003661,-4.7418712632
CtrSVDD_0014_E_0003662,-0.5006329560
CtrSVDD_0015_E_0003663,-5.6996095356
CtrSVDD_0016_E_0003664,2.1330075465
CtrSVDD_0017_E_0003665,-3.7768675851
CtrSVDD_0018_E_0003666,-0.1419775944
CtrSVDD_0019_E_0003667,-3.4982093259
CtrSVDD_0020_E_0003668,-4.1899156198
CtrSVDD_0021_E_0003669,-4.1020893286
CtrSVDD_0022_E_0003670,-2.1011040372
CtrSVDD_0023_E_0003671,-5.5243786881
CtrSVDD_0024_E_0003672,-3.7134320614
CtrSVDD_0025_E_0003673,-2.9689298572
CtrSVDD_0026_E_0003674,-0.6771261906
CtrSVDD_0027_E_0003675,-4.0453452622
CtrSVDD_0028_E_0003676,-1.6649144686
CtrSVDD_0029_E_0003677,0.3716216784
CtrSVDD_0030_E_0003678,-0.5053952563
CtrSVDD_0031_E_0003679,-1.4223480784
CtrSVDD_0032_E_0003680,1.2617708616
CtrSVDD_0033_E_0003681,-3.2548318033
CtrSVDD_0034_E_0003682,-4.8992403258
CtrSVDD_0035_E_0003683,-2.6201464539
CtrSVDD_0036_E_0003684,-5.3238288425
CtrSVDD_0037_E_0003685,-1.0738161803
CtrSVDD_0038_E_0003686,-4.7065656542
CtrSVDD_0039_E_0003687,-2.0943659387
CtrSVDD_0040_E_0003688,-1.6136758696
CtrSVDD_0041_E_0003689,-4.8153181626
CtrSVDD_0042_E_0003690,-5.2268097359
CtrSVDD_0043_E_0003691,-4.5424087265
CtrSVDD_0044_E_0003692,-0.7134098989
CtrSVDD_0045_E_0003693,-2.6563222381
CtrSVDD_0046_E_0003694,-4.0334513992
CtrSVDD_0047_E_0003695,1.1355656473
CtrSVDD_0000_E_0003696,-4.8439105372
CtrSVDD_0001_E_0003697,-3.6764644993
CtrSVDD_0002_E_0003698,-4.7252655897
CtrSVDD_0003_E_0003699,-0.0955937367
CtrSVDD_0004_E_0003700,-5.2140119930
CtrSVDD_0005_E_0003701,-2.1083233604
CtrSVDD_0006_E_0003702,-5.1749215501
CtrSVDD_0007_E_0003703,-2.5093178117
CtrSVDD_0008_E_0003704,-3.2751496046
CtrSVDD_0009_E_0003705,-3.1760118433
CtrSVDD_0010_E_0003706,-0.8737499097
CtrSVDD_0011_E_0003707,-4.5082602221
CtrSVDD_0012_E_0003708,-5.1665592626
CtrSVDD_0013_E_0003709,-6.7798129791
CtrSVDD_0014_E_0003710,-2.5961582675
CtrSVDD_0015_E_0003711,-5.1074646930
CtrSVDD_0016_E_0003712,0.9566822130
CtrSVDD_0017_E_0003713,-5.0213480315
CtrSVDD_0018_E_0003714,-7.8780664824
CtrSVDD_0019_E_0003715,-3.8435045632
CtrSVDD_0020_E_0003716,-5.1841436150
CtrSVDD_0021_E_0003717,-3.4023021362
CtrSVDD_0022_E_0003718,-3.9331163737
CtrSVDD_0023_E_0003719,1.6101026823
CtrSVDD_0024_E_0003720,-5.4201045447
CtrSVDD_0025_E_0003721,-1.1492012411
CtrSVDD_0026_E_0003722,-1.1517058579
CtrSVDD_0027_E_0003723,1.6687566719
CtrSVDD_0028_E_0003724,-1.6224340067
CtrSVDD_0029_E_0003725,-3.4354746515
CtrSVDD_0030_E_0003726,-3.1562379831
CtrSVDD_0031_E_0003727,-4.4772565862
CtrSVDD_0032_E_0003728,-2.5518586620
CtrSVDD_0033_E_0003729,-3.8288452164
CtrSVDD_0034_E_0003730,-5.0584708005
CtrSVDD_0035_E_0003731,-2.3901259508
CtrSVDD_0036_E_0003732,-4.3891050613
CtrSVDD_0037_E_0003733,-5.4028389721
CtrSVDD_0038_E_0003734,-0.2092367911
CtrSVDD_0039_E_0003735,-4.2065090814
CtrSVDD_0040_E_0003736,-0.5894407021
CtrSVDD_0041_E_0003737,-0.3046894591
CtrSVDD_0042_E_0003738,-4.1141778700
CtrSVDD_0043_E_0003739,-5.6212814652
CtrSVDD_0044_E_0003740,-4.7120645662
CtrSVDD_0045_E_0003741,0.2752454191
CtrSVDD_0046_E_0003742,-4.2055301019
CtrSVDD_0047_E_0003743,-0.1714530728
CtrSVDD_0000_E_0003744,-6.6596875935
CtrSVDD_0001_E_0003745,-5.7695828165
CtrSVDD_0002_E_0003746,-2.4228148180
CtrSVDD_0003_E_0003747,-2.4056800900
CtrSVDD_0004_E_0003748,-5.5034752192
CtrSVDD_0005_E_0003749,-4.1631646075
CtrSVDD_0006_E_0003750,0.6966064677
CtrSVDD_0007_E_0003751,-4.8807442377
CtrSVDD_0008_E_0003752,-3.1500139822
CtrSVDD_0009_E_0003753,-5.9586837236
CtrSVDD_0010_E_0003754,-4.1002329777
CtrSVDD_0011_E_0003755,-3.2401775844
CtrSVDD_0012_E_0003756,-6.8612286354
CtrSVDD_0013_E_0003757,-1.5785796075
CtrSVDD_0014_E_0003758,-5.2659617283
CtrSVDD_0015_E_0003759,-3.5251523944
CtrSVDD_0016_E_0003760,-5.3948389526
CtrSVDD_0017_E_0003761,-5.4812048729
CtrSVDD_0018_E_0003762,-4.1110609985
CtrSVDD_0019_E_0003763,-4.8409678221
CtrSVDD_0020_E_0003764,-6.3701576428
CtrSVDD_0021_E_0003765,-2.2518288117
CtrSVDD_0022_E_0003766,-5.3771717750
CtrSVDD_0023_E_0003767,-4.9103514825
CtrSVDD_0024_E_0003768,-4.4222518036
CtrSVDD_0025_E_0003769,-2.1350514509
CtrSVDD_0026_E_0003770,-4.1649301706
CtrSVDD_0027_E_0003771,0.0861318474
CtrSVDD_0028_E_0003772,-2.8080051409
CtrSVDD_0029_E_0003773,-4.4664631494
CtrSVDD_0030_E_0003774,-0.9091304899
CtrSVDD_0031_E_0003775,-6.2834784244
CtrSVDD_0032_E_0003776,-5.8144492282
CtrSVDD_0033_E_0003777,-0.2179707433
CtrSVDD_0034_E_0003778,-1.6634983058
CtrSVDD_0035_E_0003779,-1.0109367190
CtrSVDD_0036_E_0003780,-6.4355452157
CtrSVDD_0037_E_0003781,-4.8836956501
CtrSVDD_0038_E_0003782,-2.3731982290
CtrSVDD_0039_E_0003783,-3.6399546567
CtrSVDD_0040_E_0003784,-3.9975408073
CtrSVDD_0041_E_0003785,-0.8617357703
CtrSVDD_0042_E_0003786,0.8840409509
CtrSVDD_0043_E_0003787,-3.8738843337
CtrSVDD_0044_E_0003788,-2.6373537620
CtrSVDD_0045_E_0003789,-4.9533074027
CtrSVDD_0046_E_0003790,-4.7463445351
CtrSVDD_0047_E_0003791,0.5198666490
CtrSVDD_0000_E_0003792,-2.4529779128
CtrSVDD_0001_E_0003793,0.7906822025
CtrSVDD_0002_E_0003794,-3.2337724410
CtrSVDD_0003_E_0003795,-4.9928394297
CtrSVDD_0004_E_0003796,-2.9697724153
CtrSVDD_0005_E_0003797,-4.6297244863
CtrSVDD_0006_E_0003798,-7.2334889607
CtrSVDD_0007_E_0003799,-3.0582550186
CtrSVDD_0008_E_0003800,-2.5363519205
CtrSVDD_0009_E_0003801,0.9944747133
CtrSVDD_0010_E_0003802,-5.1279263121
CtrSVDD_0011_E_0003803,-6.3933222837
CtrSVDD_0012_E_0003804,-3.2303761427
CtrSVDD_0013_E_0003805,-3.0533212005
CtrSVDD_0014_E_0003806,-5.6979995947
CtrSVDD_0015_E_0003807,-1.0963012886
CtrSVDD_0016_E_0003808,-6.2023781434
CtrSVDD_0017_E_0003809,0.0174857423
CtrSVDD_0018_E_0003810,-3.9172746247
CtrSVDD_0019_E_0003811,-4.5219041209
CtrSVDD_0020_E_0003812,-4.2523633593
CtrSVDD_0021_E_0003813,-4.9697323709
CtrSVDD_0022_E_0003814,-1.0638682391
CtrSVDD_0023_E_0003815,-4.3228242642
CtrSVDD_0024_E_0003816,-4.7190059407
CtrSVDD_0025_E_0003817,-0.3337138158
CtrSVDD_0026_E_0003818,-1.6206799514
CtrSVDD_0027_E_0003819,1.7081333224
CtrSVDD_0028_E_0003820,0.3090881616
CtrSVDD_0029_E_0003821,-2.8224623963
CtrSVDD_0030_E_0003822,-1.6587175102
CtrSVDD_0031_E_0003823,-6.5696844480
CtrSVDD_0032_E_0003824,-2.9236480687
CtrSVDD_0033_E_0003825,-4.2819428977
CtrSVDD_0034_E_0003826,-3.2179089278
CtrSVDD_0035_E_0003827,-4.3686497726
CtrSVDD_0036_E_0003828,-0.7849588792
CtrSVDD_0037_E_0003829,-4.5569246740
CtrSVDD_0038_E_0003830,-1.4621021798
CtrSVDD_0039_E_0003831,-0.5445433197
CtrSVDD_0040_E_0003832,-2.2415835945
CtrSVDD_0041_E_0003833,-5.0527981940
CtrSVDD_0042_E_0003834,-4.3303516131
CtrSVDD_0043_E_0003835,-3.2306284038
CtrSVDD_0044_E_0003836,-4.9782960604
CtrSVDD_0045_E_0003837,-3.9931105539
CtrSVDD_0046_E_0003838,-4.0932565261
CtrSVDD_0047_E_0003839,-3.4613687701
CtrSVDD_0000_E_0003840,-3.0133262205
CtrSVDD_0001_E_0003841,-5.0549768826
CtrSVDD_0002_E_0003842,-4.3609761071
CtrSVDD_0003_E_0003843,-2.1108997597
CtrSVDD_0004_E_0003844,-4.4450463663
CtrSVDD_0005_E_0003845,0.9700305792
CtrSVDD_0006_E_0003846,-0.1353955945
CtrSVDD_0007_E_0003847,-4.1565724826
CtrSVDD_0008_E_0003848,-1.6542230969
CtrSVDD_0009_E_0003849,-2.6884247710
CtrSVDD_0010_E_0003850,-5.0797568499
CtrSVDD_0011_E_0003851,-1.3130262377
CtrSVDD_0012_E_0003852,-4.0066085951
CtrSVDD_0013_E_0003853,-4.9465087005
CtrSVDD_0014_E_0003854,-0.4965880364
CtrSVDD_0015_E_0003855,-2.6655237463
CtrSVDD_0016_E_0003856,-4.4188714247
CtrSVDD_0017_E_0003857,-0.3859732120
CtrSVDD_0018_E_0003858,-4.2197360888
CtrSVDD_0019_E_0003859,-5.0758435443
CtrSVDD_0020_E_0003860,-0.6561637812
CtrSVDD_0021_E_0003861,-1.5668787772
CtrSVDD_0022_E_0003862,-3.3401127654
CtrSVDD_0023_E_0003863,-1.5720391402
CtrSVDD_0024_E_0003864,-3.3819555501
CtrSVDD_0025_E_0003865,-1.0303304599
CtrSVDD_0026_E_0003866,-2.6390537681
CtrSVDD_0027_E_0003867,-1.6775096160
CtrSVDD_0028_E_0003868,0.9419768880
CtrSVDD_0029_E_0003869,-0.3400525366
CtrSVDD_0030_E_0003870,-1.5363932377
CtrSVDD_0031_E_0003871,-0.6315401255
CtrSVDD_0032_E_0003872,-7.1953688029
CtrSVDD_0033_E_0003873,-5.7866959570
CtrSVDD_0034_E_0003874,-4.2803091908
CtrSVDD_0035_E_0003875,-5.2477785984
CtrSVDD_0036_E_0003876,-4.5739067355
CtrSVDD_0037_E_0003877,0.0543457318
CtrSVDD_0038_E_0003878,-5.2390549524
CtrSVDD_0039_E_0003879,-6.2675574656
CtrSVDD_0040_E_0003880,-4.2136616166
CtrSVDD_0041_E_0003881,-6.0461329812
CtrSVDD_0042_E_0003882,-2.5063901183
CtrSVDD_0043_E_0003883,-4.9981614165
CtrSVDD_0044_E_0003884,-5.0320525810
CtrSVDD_0045_E_0003885,-4.5955322335
CtrSVDD_0046_E_0003886,-5.9445183190
CtrSVDD_0047_E_0003887,-4.2081941787
CtrSVDD_0000_E_0003888,1.8747589502
CtrSVDD_0001_E_0003889,-1.1093038909
CtrSVDD_0002_E_0003890,-2.5194701406
CtrSVDD_0003_E_0003891,-5.0987652989
CtrSVDD_0004_E_0003892,0.0452220617
CtrSVDD_0005_E_0003893,0.0949436556
CtrSVDD_0006_E_0003894,-0.2379215198
CtrSVDD_0007_E_0003895,-6.7245163017
CtrSVDD_0008_E_0003896,-4.1609544779
CtrSVDD_0009_E_0003897,-3.9665712571
CtrSVDD_0010_E_0003898,0.0875359191
CtrSVDD_0011_E_0003899,-5.8212945815
CtrSVDD_0012_E_0003900,-3.8213864125
CtrSVDD_0013_E_0003901,0.2350446126
CtrSVDD_0014_E_0003902,-3.6279037061
CtrSVDD_0015_E_0003903,-4.5865467956
CtrSVDD_0016_E_0003904,-3.6178269885
CtrSVDD_0017_E_0003905,2.6912104161
CtrSVDD_0018_E_0003906,-2.7226783574
CtrSVDD_0019_E_0003907,-5.6994613766
CtrSVDD_0020_E_0003908,-2.6367706699
CtrSVDD_0021_E_0003909,-4.3161244222
CtrSVDD_0022_E_0003910,-2.5858161615
CtrSVDD_0023_E_0003911,-0.8514287083
CtrSVDD_0024_E_0003912,-4.6431349160
CtrSVDD_0025_E_0003913,-0.8374427401
CtrSVDD_0026_E_0003914,-0.3743454506
CtrSVDD_0027_E_0003915,-4.0372298396
CtrSVDD_0028_E_0003916,-6.7160948798
CtrSVDD_0029_E_0003917,-2.5975385284
CtrSVDD_0030_E_0003918,-4.5858983768
CtrSVDD_0031_E_0003919,-5.0138303917
CtrSVDD_0032_E_0003920,-1.1223380117
CtrSVDD_0033_E_0003921,0.1891472900
CtrSVDD_0034_E_0003922,-3.8985119265
CtrSVDD_0035_E_0003923,-4.3943022467
CtrSVDD_0036_E_0003924,0.7474381782
CtrSVDD_0037_E_0003925,-4.2054990585
CtrSVDD_0038_E_0003926,-1.1551854284
CtrSVDD_0039_E_0003927,-3.9066744846
CtrSVDD_0040_E_0003928,-1.4754595592
CtrSVDD_0041_E_0003929,-3.5901613252
CtrSVDD_0042_E_0003930,-5.4105096969
CtrSVDD_0043_E_0003931,-3.0803090453
CtrSVDD_0044_E_0003932,-4.3639084101
CtrSVDD_0045_E_0003933,-2.4445642986
CtrSVDD_0046_E_0003934,-4.8300134720
CtrSVDD_0047_E_0003935,-3.9351288589
CtrSVDD_0000_E_0003936,-0.2033959263
CtrSVDD_0001_E_0003937,-5.0524739260
CtrSVDD_0002_E_0003938,1.0111555966
CtrSVDD_0003_E_0003939,0.8506486720
CtrSVDD_0004_E_0003940,-4.3569529791
CtrSVDD_0005_E_0003941,-3.4924229221
CtrSVDD_0006_E_0003942,-4.7454432805
CtrSVDD_0007_E_0003943,-5.0551093156
CtrSVDD_0008_E_0003944,-3.4349836775
CtrSVDD_0009_E_0003945,-3.8963226040
CtrSVDD_0010_E_0003946,-0.8012208723
CtrSVDD_0011_E_0003947,-0.1523558843
CtrSVDD_0012_E_0003948,-4.2966226192
CtrSVDD_0013_E_0003949,0.9049093884
CtrSVDD_0014_E_0003950,-4.0112998597
CtrSVDD_0015_E_0003951,0.6032882259
CtrSVDD_0016_E_0003952,-1.1276053953
CtrSVDD_0017_E_0003953,0.1875009982
CtrSVDD_0018_E_0003954,0.1608521865
CtrSVDD_0019_E_0003955,-3.5177602808
CtrSVDD_0020_E_0003956,-5.4107875309
CtrSVDD_0021_E_0003957,-6.4693059514
CtrSVDD_0022_E_0003958,-5.5642204122
CtrSVDD_0023_E_0003959,-2.2626408586
CtrSVDD_0024_E_0003960,-1.3343311149
CtrSVDD_0025_E_0003961,-3.7109844524
CtrSVDD_0026_E_0003962,-3.9864484848
CtrSVDD_0027_E_0003963,0.1353955945
CtrSVDD_0028_E_0003964,-3.7732823345
CtrSVDD_0029_E_0003965,-1.0770305483
CtrSVDD_0030_E_0003966,1.4506319509
CtrSVDD_0031_E_0003967,0.0650895778
CtrSVDD_0032_E_0003968,-3.5542653140
CtrSVDD_0033_E_0003969,-0.8972641710
CtrSVDD_0034_E_0003970,0.2405581457
CtrSVDD_0035_E_0003971,-3.7090178014
CtrSVDD_0036_E_0003972,-5.6617558396
CtrSVDD_0037_E_0003973,-3.3928942750
CtrSVDD_0038_E_0003974,-3.8396540534
CtrSVDD_0039_E_0003975,-5.8709091112
CtrSVDD_0040_E_0003976,-5.9410990153
CtrSVDD_0041_E_0003977,-6.8052289242
CtrSVDD_0042_E_0003978,-2.3165769969
CtrSVDD_0043_E_0003979,0.3459867419
CtrSVDD_0044_E_0003980,0.6631188104
CtrSVDD_0045_E_0003981,-1.0395498058
CtrSVDD_0046_E_0003982,0.3282197238
CtrSVDD_0047_E_0003983,-5.7560359489
CtrSVDD_0000_E_0003984,-3.1015559948
CtrSVDD_0001_E_0003985,-3.8050315988
CtrSVDD_0002_E_0003986,0.9544740278
CtrSVDD_0003_E_0003987,-3.9922879590
CtrSVDD_0004_E_0003988,-3.5428709066
CtrSVDD_0005_E_0003989,-4.6718699105
CtrSVDD_0006_E_0003990,-5.0842083630
CtrSVDD_0007_E_0003991,-4.2785880099
CtrSVDD_0008_E_0003992,-0.4785560875
CtrSVDD_0009_E_0003993,-0.5004727136
CtrSVDD_0010_E_0003994,1.5548672921
CtrSVDD_0011_E_0003995,1.3468970466
CtrSVDD_0012_E_0003996,-6.7715847819
CtrSVDD_0013_E_0003997,-2.3937412026
CtrSVDD_0014_E_0003998,-5.5317573624
CtrSVDD_0015_E_0003999,-4.8373641116
CtrSVDD_0016_E_0004000,-6.2153099443
CtrSVDD_0017_E_0004001,-3.6485134338
CtrSVDD_0018_E_0004002,-4.0641341423
CtrSVDD_0019_E_0004003,-3.2772007997
CtrSVDD_0020_E_0004004,-4.8844534880
CtrSVDD_0021_E_0004005,-4.6933060967
CtrSVDD_0022_E_0004006,-0.3797059517
CtrSVDD_0023_E_0004007,-4.5828646651
CtrSVDD_0024_E_0004008,-5.4510635141
CtrSVDD_0025_E_0004009,-3.8947967786
CtrSVDD_0026_E_0004010,-3.2714446507
CtrSVDD_0027_E_0004011,-4.0214367570
CtrSVDD_0028_E_0004012,0.3758461852
CtrSVDD_0029_E_0004013,-4.1489754185
CtrSVDD_0030_E_0004014,-3.3718314917
CtrSVDD_0031_E_0004015,-0.8883135692
CtrSVDD_0032_E_0004016,-5.4064723938
CtrSVDD_0033_E_0004017,-2.9745238777
CtrSVDD_0034_E_0004018,-4.3063452101
CtrSVDD_0035_E_0004019,-4.0852555052
CtrSVDD_0036_E_0004020,-0.2689701498
CtrSVDD_0037_E_0004021,-5.3896447256
CtrSVDD_0038_E_0004022,-4.6815080752
CtrSVDD_0039_E_0004023,-3.2819572367
CtrSVDD_0040_E_0004024,1.1764945189
CtrSVDD_0041_E_0004025,-2.3460794075
CtrSVDD_0042_E_0004026,-3.1275085553
CtrSVDD_0043_E_0004027,-0.1325727936
CtrSVDD_0044_E_0004028,-2.8542246409
CtrSVDD_0045_E_0004029,-4.9384668270
CtrSVDD_0046_E_0004030,1.8380753872
CtrSVDD_0047_E_0004031,-1.0393913009
CtrSVDD_0000_E_0004032,-1.0882748446
CtrSVDD_0001_E_0004033,-2.9420681684
CtrSVDD_0002_E_0004034,-1.9873141970
CtrSVDD_0003_E_0004035,-3.2491804843
CtrSVDD_0004_E_0004036,-3.3648436077
CtrSVDD_0005_E_0004037,-5.0479227299
CtrSVDD_0006_E_0004038,-0.0332414775
CtrSVDD_0007_E_0004039,-1.3263921989
CtrSVDD_0008_E_0004040,-3.1295971183
CtrSVDD_0009_E_0004041,-3.0706353672
CtrSVDD_0010_E_0004042,-1.8958859819
CtrSVDD_0011_E_0004043,0.2053337646
CtrSVDD_0012_E_0004044,-5.1958237745
CtrSVDD_0013_E_0004045,-4.7789548093
CtrSVDD_0014_E_0004046,-4.3558110063
CtrSVDD_0015_E_0004047,-3.3192538766
CtrSVDD_0016_E_0004048,-1.3438360577
CtrSVDD_0017_E_0004049,-4.6702052483
CtrSVDD_0018_E_0004050,-4.4238066510
CtrSVDD_0019_E_0004051,-4.7633693388
CtrSVDD_0020_E_0004052,-3.8963614326
CtrSVDD_0021_E_0004053,-4.4924984388
CtrSVDD_0022_E_0004054,-4.4109772559
CtrSVDD_0023_E_0004055,-6.2714268852
CtrSVDD_0024_E_0004056,1.0737737290
CtrSVDD_0025_E_0004057,-1.9617924926
CtrSVDD_0026_E_0004058,-5.7355804405
CtrSVDD_0027_E_0004059,-5.6615208703
CtrSVDD_0028_E_0004060,-3.8627909363
CtrSVDD_0029_E_0004061,-3.8303242955
CtrSVDD_0030_E_0004062,-0.6133869154
CtrSVDD_0031_E_0004063,0.3489584066
CtrSVDD_0032_E_0004064,0.1086192847
CtrSVDD_0033_E_0004065,-4.1158938359
CtrSVDD_0034_E_0004066,-2.2572007159
CtrSVDD_0035_E_0004067,-3.3540013816
CtrSVDD_0036_E_0004068,-4.4793055727
CtrSVDD_0037_E_0004069,0.5245610163
CtrSVDD_0038_E_0004070,-4.1133960974
CtrSVDD_0039_E_0004071,-5.0982747625
CtrSVDD_0040_E_0004072,-4.3721164617
CtrSVDD_0041_E_0004073,-4.0863063465
CtrSVDD_0042_E_0004074,-3.3177155090
CtrSVDD_0043_E_0004075,-5.1965353103
CtrSVDD_0044_E_0004076,-1.9944535719
CtrSVDD_0045_E_0004077,-5.3048560116
CtrSVDD_0046_E_0004078,-1.9221597707
CtrSVDD_0047_E_0004079,-3.8798109367
CtrSVDD_0000_E_0004080,0.7345532687
CtrSVDD_0001_E_0004081,-3.1829696685
CtrSVDD_0002_E_0004082,0.5293824378
CtrSVDD_0003_E_0004083,-5.5150447558
CtrSVDD_0004_E_0004084,-1.0820552086
CtrSVDD_0005_E_0004085,-7.1268760757
CtrSVDD_0006_E_0004086,-5.4041613651
CtrSVDD_0007_E_0004087,-4.8306719645
CtrSVDD_0008_E_0004088,-5.4715557891
CtrSVDD_0009_E_0004089,-5.6949305754
CtrSVDD_0010_E_0004090,-0.5585763374
CtrSVDD_0011_E_0004091,-6.2607879800
CtrSVDD_0012_E_0004092,-4.6014685212
CtrSVDD_0013_E_0004093,-0.1198829224
CtrSVDD_0014_E_0004094,-3.7517456293
CtrSVDD_0015_E_0004095,-5.3949242135
CtrSVDD_0016_E_0004096,-5.5758038281
CtrSVDD_0017_E_0004097,-1.2020641566
CtrSVDD_0018_E_0004098,1.0962715625
CtrSVDD_0019_E_0004099,-5.6756722828
CtrSVDD_0020_E_0004100,-4.3831217658
CtrSVDD_0021_E_0004101,-3.4243733700
CtrSVDD_0022_E_0004102,-5.1392426941
CtrSVDD_0023_E_0004103,-3.2292712232
CtrSVDD_0024_E_0004104,-4.3575739836
CtrSVDD_0025_E_0004105,-3.0294821954
CtrSVDD_0026_E_0004106,-1.4637671330
CtrSVDD_0027_E_0004107,-2.6466990242
CtrSVDD_0028_E_0004108,-4.5349113083
CtrSVDD_0029_E_0004109,-3.6002888201
CtrSVDD_0030_E_0004110,-0.9100854533
CtrSVDD_0031_E_0004111,-3.5596095567
CtrSVDD_0032_E_0004112,-0.4864133783
CtrSVDD_0033_E_0004113,-1.0174065667
CtrSVDD_0034_E_0004114,-0.7492890010
CtrSVDD_0035_E_0004115,-0.5520999501
CtrSVDD_0036_E_0004116,-4.7248882013
CtrSVDD_0037_E_0004117,-4.0740181892
CtrSVDD_0038_E_0004118,-5.7044517797
CtrSVDD_0039_E_0004119,-3.3632925187
CtrSVDD_0040_E_0004120,-5.3066983337
CtrSVDD_0041_E_0004121,-4.7116506367
CtrSVDD_0042_E_0004122,-4.2881140274
CtrSVDD_0043_E_0004123,-6.8515985843
CtrSVDD_0044_E_0004124,-1.8956616433
CtrSVDD_0045_E_0004125,1.7685124083
CtrSVDD_0046_E_0004126,-0.5245610163
CtrSVDD_0047_E_0004127,-3.6358920785
CtrSVDD_0000_E_0004128,-3.3590268685
CtrSVDD_0001_E_0004129,-5.2748315640
CtrSVDD_0002_E_0004130,-4.5316847011
CtrSVDD_0003_E_0004131,1.3715585885
CtrSVDD_0004_E_0004132,-2.0385995667
CtrSVDD_0005_E_0004133,-3.2957226442
CtrSVDD_0006_E_0004134,-4.1418101427
CtrSVDD_0007_E_0004135,-5.1617912396
CtrSVDD_0008_E_0004136,0.9722721429
CtrSVDD_0009_E_0004137,-3.1799944602
CtrSVDD_0010_E_0004138,-2.1195954258
CtrSVDD_0011_E_0004139,-3.5956098916
CtrSVDD_0012_E_0004140,-3.9494674017
CtrSVDD_0013_E_0004141,1.0134905810
CtrSVDD_0014_E_0004142,-4.7168946319
CtrSVDD_0015_E_0004143,-5.2501022071
CtrSVDD_0016_E_0004144,-5.4121156278
CtrSVDD_0017_E_0004145,-3.2946948473
CtrSVDD_0018_E_0004146,-5.2607635102
CtrSVDD_0019_E_0004147,-2.0265728652
CtrSVDD_0020_E_0004148,-1.9852188735
CtrSVDD_0021_E_0004149,-4.7909971888
CtrSVDD_0022_E_0004150,-4.2312856701
CtrSVDD_0023_E_0004151,-0.9963587352
CtrSVDD_0024_E_0004152,-6.6534986169
CtrSVDD_0025_E_0004153,-3.7054141468
CtrSVDD_0026_E_0004154,-4.3129203856
CtrSVDD_0027_E_0004155,-5.1136687222
CtrSVDD_0028_E_0004156,-4.8955096120
CtrSVDD_0029_E_0004157,-4.4864087686
CtrSVDD_0030_E_0004158,-3.6938658848
CtrSVDD_0031_E_0004159,-2.1124986354
CtrSVDD_0032_E_0004160,-6.3657913718
CtrSVDD_0033_E_0004161,-2.5488109444
CtrSVDD_0034_E_0004162,-0.6423478973
CtrSVDD_0035_E_0004163,-2.9015013784
CtrSVDD_0036_E_0004164,-3.4293054599
CtrSVDD_0037_E_0004165,-5.7889699784
CtrSVDD_0038_E_0004166,-5.3056588147
CtrSVDD_0039_E_0004167,-2.9683467127
CtrSVDD_0040_E_0004168,-1.0913665906
CtrSVDD_0041_E_0004169,-2.0636244500
CtrSVDD_0042_E_0004170,-5.4351598960
CtrSVDD_0043_E_0004171,-3.9411484352
CtrSVDD_0044_E_0004172,-2.5297907815
CtrSVDD_0045_E_0004173,-3.5763944735
CtrSVDD_0046_E_0004174,-3.6343970202
CtrSVDD_0047_E_0004175,-4.0133351305
CtrSVDD_0000_E_0004176,1.4294545314
CtrSVDD_0001_E_0004177,-4.1259453988
CtrSVDD_0002_E_0004178,-4.1730897397
CtrSVDD_0003_E_0004179,-5.6658908803
CtrSVDD_0004_E_0004180,0.5717042991
CtrSVDD_0005_E_0004181,-7.7225467241
CtrSVDD_0006_E_0004182,-0.5857385916
CtrSVDD_0007_E_0004183,-1.2389545204
CtrSVDD_0008_E_0004184,-1.9305687214
CtrSVDD_0009_E_0004185,-5.9193285588
CtrSVDD_0010_E_0004186,-4.0173957507
CtrSVDD_0011_E_0004187,-3.1369892319
CtrSVDD_0012_E_0004188,-2.7795290826
CtrSVDD_0013_E_0004189,0.0594835540
CtrSVDD_0014_E_0004190,-1.0111555966
CtrSVDD_0015_E_0004191,-4.0527811425
CtrSVDD_0016_E_0004192,-0.4107816815
CtrSVDD_0017_E_0004193,-2.0466409642
CtrSVDD_0018_E_0004194,-1.9108908068
CtrSVDD_0019_E_0004195,-6.0690555095
CtrSVDD_0020_E_0004196,-2.3181030751
CtrSVDD_0021_E_0004197,0.1206941383
CtrSVDD_0022_E_0004198,-4.5001672442
CtrSVDD_0023_E_0004199,-1.1653889030
CtrSVDD_0024_E_0004200,-2.6653079305
CtrSVDD_0025_E_0004201,-4.6895648528
CtrSVDD_0026_E_0004202,-0.4148771277
CtrSVDD_0027_E_0004203,-4.9195458291
CtrSVDD_0028_E_0004204,-1.6119278522
CtrSVDD_0029_E_0004205,-1.8063712732
CtrSVDD_0030_E_0004206,-0.3803534882
CtrSVDD_0031_E_0004207,-0.8434165203
CtrSVDD_0032_E_0004208,0.8635505819
CtrSVDD_0033_E_0004209,-6.0250257310
CtrSVDD_0034_E_0004210,-2.3390836771
CtrSVDD_0035_E_0004211,-3.5399198897
CtrSVDD_0036_E_0004212,-5.3289166311
CtrSVDD_0037_E_0004213,-3.6309196144
CtrSVDD_0038_E_0004214,-1.0287160768
CtrSVDD_0039_E_0004215,-4.8900780423
CtrSVDD_0040_E_0004216,-2.8601059405
CtrSVDD_0041_E_0004217,0.2163909299
CtrSVDD_0042_E_0004218,-4.3435784494
CtrSVDD_0043_E_0004219,-5.3675356301
CtrSVDD_0044_E_0004220,-5.5820293678
CtrSVDD_0045_E_0004221,-7.3374433325
CtrSVDD_0046_E_0004222,-3.8627244870
CtrSVDD_0047_E_0004223,-3.7268125142
CtrSVDD_0000_E_0004224,-4.7790483643
CtrSVDD_0001_E_0004225,-4.5430443758
CtrSVDD_0002_E_0004226,-0.9833744772
CtrSVDD_0003_E_0004227,-0.6477892208
CtrSVDD_0004_E_0004228,-2.8753162624
CtrSVDD_0005_E_0004229,-3.0412562530
CtrSVDD_0006_E_0004230,-4.3372327206
CtrSVDD_0007_E_0004231,1.7038531091
CtrSVDD_0008_E_0004232,-4.8511390193
CtrSVDD_0009_E_0004233,-4.0361722787
CtrSVDD_0010_E_0004234,-4.4357894259
CtrSVDD_0011_E_0004235,-4.4361212641
CtrSVDD_0012_E_0004236,-1.8495035111
CtrSVDD_0013_E_0004237,-0.5615032094
CtrSVDD_0014_E_0004238,0.0833242105
CtrSVDD_0015_E_0004239,-5.8605862034
CtrSVDD_0016_E_0004240,-2.3068326642
CtrSVDD_0017_E_0004241,-2.1793116829
CtrSVDD_0018_E_0004242,-4.6711745451
CtrSVDD_0019_E_0004243,-0.8902607472
CtrSVDD_0020_E_0004244,-4.6630119871
CtrSVDD_0021_E_0004245,-5.7118838585
CtrSVDD_0022_E_0004246,-2.4696209977
CtrSVDD_0023_E_0004247,-5.2025685380
CtrSVDD_0024_E_0004248,-3.7506272534
CtrSVDD_0025_E_0004249,-4.9021946675
CtrSVDD_0026_E_0004250,-5.2156082731
CtrSVDD_0027_E_0004251,-5.0875384437
CtrSVDD_0028_E_0004252,-2.8751243831
CtrSVDD_0029_E_0004253,-0.5314044529
CtrSVDD_0030_E_0004254,-2.1471777998
CtrSVDD_0031_E_0004255,-5.5346140278
CtrSVDD_0032_E_0004256,-1.0852357123
CtrSVDD_0033_E_0004257,-3.8377823501
CtrSVDD_0034_E_0004258,-5.4688091212
CtrSVDD_0035_E_0004259,-2.1326410583
CtrSVDD_0036_E_0004260,-3.6036187094
CtrSVDD_0037_E_0004261,-0.9348057945
CtrSVDD_0038_E_0004262,-4.0358008432
CtrSVDD_0039_E_0004263,-4.1897332662
CtrSVDD_0040_E_0004264,-6.2198694287
CtrSVDD_0041_E_0004265,-4.8406634875
CtrSVDD_0042_E_0004266,-6.4406221055
CtrSVDD_0043_E_0004267,-2.5357184632
CtrSVDD_0044_E_0004268,-4.6962538085
CtrSVDD_0045_E_0004269,-5.0591188713
CtrSVDD_0046_E_0004270,-1.6504893130
CtrSVDD_0047_E_0004271,-5.3661812450
CtrSVDD_0000_E_0004272,-3.7943611158
CtrSVDD_0001_E_0004273,0.4274043749
CtrSVDD_0002_E_0004274,-4.8664724855
CtrSVDD_0003_E_0004275,-0.2526479844
CtrSVDD_0004_E_0004276,-2.6594001390
CtrSVDD_0005_E_0004277,-3.7526090948
CtrSVDD_0006_E_0004278,-4.7830044996
CtrSVDD_0007_E_0004279,-2.2317189128
CtrSVDD_0008_E_0004280,-0.1058055829
CtrSVDD_0009_E_0004281,-3.0015771536
CtrSVDD_0010_E_0004282,-4.5807263843
CtrSVDD_0011_E_0004283,-4.5012199243
CtrSVDD_0012_E_0004284,-7.4955714875
CtrSVDD_0013_E_0004285,-6.5129786704
CtrSVDD_0014_E_0004286,-4.6067050733
CtrSVDD_0015_E_0004287,-4.3144178731
CtrSVDD_0016_E_0004288,-2.6784356151
CtrSVDD_0017_E_0004289,-3.8259658733
CtrSVDD_0018_E_0004290,-4.3368842288
CtrSVDD_0019_E_0004291,-4.6163547423
CtrSVDD_0020_E_0004292,-2.8169596932
CtrSVDD_0021_E_0004293,-4.2000727841
CtrSVDD_0022_E_0004294,-3.6802256350
CtrSVDD_0023_E_0004295,-5.6721183553
CtrSVDD_0024_E_0004296,-2.4435387953
CtrSVDD_0025_E_0004297,-4.7678493903
CtrSVDD_0026_E_0004298,-3.8985006590
CtrSVDD_0027_E_0004299,-1.6032054706
CtrSVDD_0028_E_0004300,-1.3653823252
CtrSVDD_0029_E_0004301,-1.5893139803
CtrSVDD_0030_E_0004302,-5.1512750570
CtrSVDD_0031_E_0004303,-4.2183342228
CtrSVDD_0032_E_0004304,-0.8816856437
CtrSVDD_0033_E_0004305,-5.6074181268
CtrSVDD_0034_E_0004306,-0.7842121798
CtrSVDD_0035_E_0004307,-6.6294660247
CtrSVDD_0036_E_0004308,-5.2128736691
CtrSVDD_0037_E_0004309,-3.9209777578
CtrSVDD_0038_E_0004310,-1.3389651748
CtrSVDD_0039_E_0004311,-4.5337604063
CtrSVDD_0040_E_0004312,-1.1462925919
CtrSVDD_0041_E_0004313,-3.6480500161
CtrSVDD_0042_E_0004314,-4.2251227926
CtrSVDD_0043_E_0004315,-0.6260966341
CtrSVDD_0044_E_0004316,-0.0538793990
CtrSVDD_0045_E_0004317,-7.8005833178
CtrSVDD_0046_E_0004318,-4.3481215449
CtrSVDD_0047_E_0004319,-4.8912032946
CtrSVDD_0000_E_0004320,-4.8462708906
CtrSVDD_0001_E_0004321,-3.1517919947
CtrSVDD_0002_E_0004322,0.4707282311
CtrSVDD_0003_E_0004323,-4.1532836720
CtrSVDD_0004_E_0004324,-3.7905141131
CtrSVDD_0005_E_0004325,-3.3863299410
CtrSVDD_0006_E_0004326,-5.6537276690
CtrSVDD_0007_E_0004327,-3.0250757283
CtrSVDD_0008_E_0004328,-3.8557205045
CtrSVDD_0009_E_0004329,-0.5197452279
CtrSVDD_0010_E_0004330,-1.8030486265
CtrSVDD_0011_E_0004331,-4.2540181627
CtrSVDD_0012_E_0004332,-2.0027801363
CtrSVDD_0013_E_0004333,-5.0125441326
CtrSVDD_0014_E_0004334,-5.8618591259
CtrSVDD_0015_E_0004335,-3.8673217375
CtrSVDD_0016_E_0004336,-3.3468334288
CtrSVDD_0017_E_0004337,-3.0904072290
CtrSVDD_0018_E_0004338,-4.3783910073
CtrSVDD_0019_E_0004339,-0.8881836646
CtrSVDD_0020_E_0004340,-2.3084144389
CtrSVDD_0021_E_0004341,-0.5140011849
CtrSVDD_0022_E_0004342,-5.4440478398
CtrSVDD_0023_E_0004343,-3.3099817553
CtrSVDD_0024_E_0004344,-4.4665513111
CtrSVDD_0025_E_0004345,-1.4190519350
CtrSVDD_0026_E_0004346,-5.0210781409
CtrSVDD_0027_E_0004347,-3.1021266513
CtrSVDD_0028_E_0004348,-3.1788355991
CtrSVDD_0029_E_0004349,-6.1838148521
CtrSVDD_0030_E_0004350,-5.4557784144
CtrSVDD_0031_E_0004351,-3.2903823930
CtrSVDD_0032_E_0004352,-4.0725044546
CtrSVDD_0033_E_0004353,-2.0008225258
CtrSVDD_0034_E_0004354,-5.5250696087
CtrSVDD_0035_E_0004355,-4.1997824842
CtrSVDD_0036_E_0004356,-4.7513340364
CtrSVDD_0037_E_0004357,-0.9736189342
CtrSVDD_0038_E_0004358,0.2911123908
CtrSVDD_0039_E_0004359,-5.8740864808
CtrSVDD_0040_E_0004360,-4.8552462749
CtrSVDD_0041_E_0004361,-4.2048253698
CtrSVDD_0042_E_0004362,-1.8871566990
CtrSVDD_0043_E_0004363,-4.4323545293
CtrSVDD_0044_E_0004364,-3.9449459833
CtrSVDD_0045_E_0004365,-5.0514978724
CtrSVDD_0046_E_0004366,-0.8414219247
CtrSVDD_0047_E_0004367,-5.2770229300
CtrSVDD_0000_E_0004368,-3.8362900047
CtrSVDD_0001_E_0004369,-4.1166332283
CtrSVDD_0002_E_0004370,-4.0756864843
CtrSVDD_0003_E_0004371,-3.0359498488
CtrSVDD_0004_E_0004372,-7.4040986062
CtrSVDD_0005_E_0004373,-3.7012362494
CtrSVDD_0006_E_0004374,-2.2623208454
CtrSVDD_0007_E_0004375,-4.1437757794
CtrSVDD_0008_E_0004376,-4.2390794101
CtrSVDD_0009_E_0004377,-4.8372997833
CtrSVDD_0010_E_0004378,-2.4022741968
CtrSVDD_0011_E_0004379,-1.5738877915
CtrSVDD_0012_E_0004380,0.7091416044
CtrSVDD_0013_E_0004381,-2.8541717069
CtrSVDD_0014_E_0004382,-4.3092158325
CtrSVDD_0015_E_0004383,-4.0613967209
CtrSVDD_0016_E_0004384,-3.0313361509
CtrSVDD_0017_E_0004385,-1.8933639133
CtrSVDD_0018_E_0004386,-0.6966064677
CtrSVDD_0019_E_0004387,-4.7322388409
CtrSVDD_0020_E_0004388,-2.5870110639
CtrSVDD_0021_E_0004389,-2.8067815223
CtrSVDD_0022_E_0004390,-0.9456874299
CtrSVDD_0023_E_0004391,-0.8216566788
CtrSVDD_0024_E_0004392,-5.8784150856
CtrSVDD_0025_E_0004393,-4.4823635892
CtrSVDD_0026_E_0004394,-2.3287633522
CtrSVDD_0027_E_0004395,-0.3154745609
CtrSVDD_0028_E_0004396,-4.3354425770
CtrSVDD_0029_E_0004397,-1.5641343046
CtrSVDD_0030_E_0004398,-2.7727108854
CtrSVDD_0031_E_0004399,-1.2213029792
CtrSVDD_0032_E_0004400,0.5932506910
CtrSVDD_0033_E_0004401,-6.1811969758
CtrSVDD_0034_E_0004402,1.1905004250
CtrSVDD_0035_E_0004403,-5.2753957303
CtrSVDD_0036_E_0004404,-6.6148889604
CtrSVDD_0037_E_0004405,-0.8594959304
CtrSVDD_0038_E_0004406,-2.9744507815
CtrSVDD_0039_E_0004407,-3.7340484836
CtrSVDD_0040_E_0004408,-3.1493628479
CtrSVDD_0041_E_0004409,-1.9330029656
CtrSVDD_0042_E_0004410,0.1580188258
CtrSVDD_0043_E_0004411,-6.6208619163
CtrSVDD_0044_E_0004412,-1.7524786321
CtrSVDD_0045_E_0004413,-4.2884921494
CtrSVDD_0046_E_0004414,-5.5929226928
CtrSVDD_0047_E_0004415,-1.0837857127
CtrSVDD_0000_E_0004416,-5.7223696061
CtrSVDD_0001_E_0004417,1.2586761719
CtrSVDD_0002_E_0004418,-2.4823029612
CtrSVDD_0003_E_0004419,-2.5582856024
CtrSVDD_0004_E_0004420,-3.0633661495
CtrSVDD_0005_E_0004421,-4.0202665221
CtrSVDD_0006_E_0004422,-1.9824130007
CtrSVDD_0007_E_0004423,-0.9689532745
CtrSVDD_0008_E_0004424,0.3954344060
CtrSVDD_0009_E_0004425,-2.9255973945
CtrSVDD_0010_E_0004426,-4.9883519747
CtrSVDD_0011_E_0004427,0.4090844621
CtrSVDD_0012_E_0004428,0.2992034351
CtrSVDD_0013_E_0004429,-3.3505454422
CtrSVDD_0014_E_0004430,-3.3514104056
CtrSVDD_0015_E_0004431,-3.5761283552
CtrSVDD_0016_E_0004432,-6.0168631729
CtrSVDD_0017_E_0004433,-5.3618381971
CtrSVDD_0018_E_0004434,-4.4803097084
CtrSVDD_0019_E_0004435,-0.9979799969
CtrSVDD_0020_E_0004436,-3.8901339576
CtrSVDD_0021_E_0004437,-4.6521675734
CtrSVDD_0022_E_0004438,-5.2672293929
CtrSVDD_0023_E_0004439,-1.8509683456
CtrSVDD_0024_E_0004440,-0.3066807273
CtrSVDD_0025_E_0004441,-2.2772283631
CtrSVDD_0026_E_0004442,-5.2638146525
CtrSVDD_0027_E_0004443,-5.8287423928
CtrSVDD_0028_E_0004444,-3.8499669591
CtrSVDD_0029_E_0004445,-3.3672174378
CtrSVDD_0030_E_0004446,-4.4967703882
CtrSVDD_0031_E_0004447,-0.7308489974
CtrSVDD_0032_E_0004448,-5.4017872416
CtrSVDD_0033_E_0004449,-2.1618974758
CtrSVDD_0034_E_0004450,-2.6616389588
CtrSVDD_0035_E_0004451,-3.0836806318
CtrSVDD_0036_E_0004452,-5.3050397605
CtrSVDD_0037_E_0004453,-5.3298458450
CtrSVDD_0038_E_0004454,-4.5681679430
CtrSVDD_0039_E_0004455,-5.4728043682
CtrSVDD_0040_E_0004456,1.1136355709
CtrSVDD_0041_E_0004457,-2.2490410420
CtrSVDD_0042_E_0004458,-3.1253740198
CtrSVDD_0043_E_0004459,-4.3756676847
CtrSVDD_0044_E_0004460,-0.2933806440
CtrSVDD_0045_E_0004461,-5.0957680060
CtrSVDD_0046_E_0004462,-3.0460988846
CtrSVDD_0047_E_0004463,-2.0013304693
CtrSVDD_0000_E_0004464,-2.0417521041
CtrSVDD_0001_E_0004465,-6.9304166724
CtrSVDD_0002_E_0004466,-5.5678591474
CtrSVDD_0003_E_0004467,-6.1869269034
CtrSVDD_0004_E_0004468,-2.1708247014
CtrSVDD_0005_E_0004469,1.2464162809
CtrSVDD_0006_E_0004470,-2.5210999862
CtrSVDD_0007_E_0004471,1.0336186357
CtrSVDD_0008_E_0004472,0.4974643919
CtrSVDD_0009_E_0004473,-3.1279963064
CtrSVDD_0010_E_0004474,-1.2068724841
CtrSVDD_0011_E_0004475,-4.3775211496
CtrSVDD_0012_E_0004476,-0.8416157979
CtrSVDD_0013_E_0004477,-0.0118899790
CtrSVDD_0014_E_0004478,1.4120878115
CtrSVDD_0015_E_0004479,-1.6170218244
CtrSVDD_0016_E_0004480,-5.9607241193
CtrSVDD_0017_E_0004481,-5.3519792223
CtrSVDD_0018_E_0004482,-3.7853379311
CtrSVDD_0019_E_0004483,-3.2089637147
CtrSVDD_0020_E_0004484,-5.8154770060
CtrSVDD_0021_E_0004485,-4.4838916726
CtrSVDD_0022_E_0004486,-5.1885999973
CtrSVDD_0023_E_0004487,-6.0822006465
CtrSVDD_0024_E_0004488,2.3499176557
CtrSVDD_0025_E_0004489,-6.5212343402
CtrSVDD_0026_E_0004490,-3.0679413301
CtrSVDD_0027_E_0004491,-4.5529270924
CtrSVDD_0028_E_0004492,-1.4322512849
CtrSVDD_0029_E_0004493,-4.1622806600
CtrSVDD_0030_E_0004494,-0.9589556843
CtrSVDD_0031_E_0004495,-4.6196380140
CtrSVDD_0032_E_0004496,-4.7374614152
CtrSVDD_0033_E_0004497,-3.2933362270
CtrSVDD_0034_E_0004498,-1.5800066972
CtrSVDD_0035_E_0004499,-2.7848238002
CtrSVDD_0036_E_0004500,-1.6471225426
CtrSVDD_0037_E_0004501,-5.9648177340
CtrSVDD_0038_E_0004502,-1.2405601362
CtrSVDD_0039_E_0004503,-5.6947858704
CtrSVDD_0040_E_0004504,-4.5696394934
CtrSVDD_0041_E_0004505,-4.0612221510
CtrSVDD_0042_E_0004506,-2.4716891887
CtrSVDD_0043_E_0004507,-2.9477175679
CtrSVDD_0044_E_0004508,-0.6169931295
CtrSVDD_0045_E_0004509,-2.5032353631
CtrSVDD_0046_E_0004510,-5.9137388791
CtrSVDD_0047_E_0004511,-4.7413787688
CtrSVDD_0000_E_0004512,-3.1457675778
CtrSVDD_0001_E_0004513,-0.6763890251
CtrSVDD_0002_E_0004514,-2.4431809569
CtrSVDD_0003_E_0004515,-0.6350036152
CtrSVDD_0004_E_0004516,-3.5396394825
CtrSVDD_0005_E_0004517,1.1369937987
CtrSVDD_0006_E_0004518,-4.3306269533
CtrSVDD_0007_E_0004519,-2.9089550493
CtrSVDD_0008_E_0004520,-5.3212894962
CtrSVDD_0009_E_0004521,-3.3175140126
CtrSVDD_0010_E_0004522,-0.4598173600
CtrSVDD_0011_E_0004523,1.3087199986
CtrSVDD_0012_E_0004524,-3.3289927691
CtrSVDD_0013_E_0004525,0.4927208810
CtrSVDD_0014_E_0004526,1.6601712470
CtrSVDD_0015_E_0004527,-4.0693261850
CtrSVDD_0016_E_0004528,1.1194524894
CtrSVDD_0017_E_0004529,-1.4604379441
CtrSVDD_0018_E_0004530,-4.9503598898
CtrSVDD_0019_E_0004531,-4.6758351138
CtrSVDD_0020_E_0004532,-1.0946963195
CtrSVDD_0021_E_0004533,-3.9610370509
CtrSVDD_0022_E_0004534,-4.1418305432
CtrSVDD_0023_E_0004535,-2.0046233263
CtrSVDD_0024_E_0004536,-3.5973578964
CtrSVDD_0025_E_0004537,-6.5338142601
CtrSVDD_0026_E_0004538,-4.9823742179
CtrSVDD_0027_E_0004539,-4.5333750146
CtrSVDD_0028_E_0004540,-2.9413174513
CtrSVDD_0029_E_0004541,-5.7060700316
CtrSVDD_0030_E_0004542,-4.8395421937
CtrSVDD_0031_E_0004543,-0.0356766635
CtrSVDD_0032_E_0004544,-6.0990905959
CtrSVDD_0033_E_0004545,-6.1350042848
CtrSVDD_0034_E_0004546,-3.6555891926
CtrSVDD_0035_E_0004547,-5.7912485240
CtrSVDD_0036_E_0004548,-4.9533364333
CtrSVDD_0037_E_0004549,-4.2268235638
CtrSVDD_0038_E_0004550,-4.1092704567
CtrSVDD_0039_E_0004551,0.1750509193
CtrSVDD_0040_E_0004552,-3.9148459682
CtrSVDD_0041_E_0004553,-3.8201282764
CtrSVDD_0042_E_0004554,-5.3181818494
CtrSVDD_0043_E_0004555,-4.6732318842
CtrSVDD_0044_E_0004556,-2.5885978739
CtrSVDD_0045_E_0004557,-5.3061157519
CtrSVDD_0046_E_0004558,-3.5605615440
CtrSVDD_0047_E_0004559,-1.5411305723
CtrSVDD_0000_E_0004560,-2.6275921753
CtrSVDD_0001_E_0004561,-5.1322338291
CtrSVDD_0002_E_0004562,-5.5723829703
CtrSVDD_0003_E_0004563,-1.7583010020
CtrSVDD_0004_E_0004564,-5.9998244409
CtrSVDD_0005_E_0004565,-5.7196485635
CtrSVDD_0006_E_0004566,2.6170276295
CtrSVDD_0007_E_0004567,-6.9558761447
CtrSVDD_0008_E_0004568,-4.9703343893
CtrSVDD_0009_E_0004569,-2.1111635241
CtrSVDD_0010_E_0004570,-2.9472028869
CtrSVDD_0011_E_0004571,-0.7641892626
CtrSVDD_0012_E_0004572,-4.0964639103
CtrSVDD_0013_E_0004573,0.2871525250
CtrSVDD_0014_E_0004574,-2.2282364729
CtrSVDD_0015_E_0004575,-5.6494371132
CtrSVDD_0016_E_0004576,-3.7069588992
CtrSVDD_0017_E_0004577,-4.8520730952
CtrSVDD_0018_E_0004578,-0.2842384143
CtrSVDD_0019_E_0004579,-0.7602371241
CtrSVDD_0020_E_0004580,-2.7120009725
CtrSVDD_0021_E_0004581,-3.9311008821
CtrSVDD_0022_E_0004582,0.1029927185
CtrSVDD_0023_E_0004583,-4.3400777618
CtrSVDD_0024_E_0004584,-0.6286535519
CtrSVDD_0025_E_0004585,-5.3804992512
CtrSVDD_0026_E_0004586,-1.0834569579
CtrSVDD_0027_E_0004587,-5.5232189463
CtrSVDD_0028_E_0004588,0.2521773470
CtrSVDD_0029_E_0004589,-4.1990391916
CtrSVDD_0030_E_0004590,-1.6731339655
CtrSVDD_0031_E_0004591,-6.3663877993
CtrSVDD_0032_E_0004592,-3.2591441813
CtrSVDD_0033_E_0004593,-4.0767205121
CtrSVDD_0034_E_0004594,-4.4711430146
CtrSVDD_0035_E_0004595,-3.4227456299
CtrSVDD_0036_E_0004596,0.0286790869
CtrSVDD_0037_E_0004597,-1.5713895891
CtrSVDD_0038_E_0004598,-6.3031081316
CtrSVDD_0039_E_0004599,-2.3337556608
CtrSVDD_0040_E_0004600,-4.2852293829
CtrSVDD_0041_E_0004601,-1.5677701997
CtrSVDD_0042_E_0004602,-2.0601446493
CtrSVDD_0043_E_0004603,-5.8746554244
CtrSVDD_0044_E_0004604,-5.3489866276
CtrSVDD_0045_E_0004605,-4.3138809015
CtrSVDD_0046_E_0004606,-3.3360344896
CtrSVDD_0047_E_0004607,-0.8332911619
CtrSVDD_0000_E_0004608,-2.7930037948
CtrSVDD_0001_E_0004609,-4.5910272232
CtrSVDD_0002_E_0004610,-4.7118015950
CtrSVDD_0003_E_0004611,-3.9068106767
CtrSVDD_0004_E_0004612,-0.1297510487
CtrSVDD_0005_E_0004613,-0.3149624314
CtrSVDD_0006_E_0004614,-4.8506016762
CtrSVDD_0007_E_0004615,-5.6616875242
CtrSVDD_0008_E_0004616,-3.6913976092
CtrSVDD_0009_E_0004617,-2.5262758535
CtrSVDD_0010_E_0004618,-5.1701402304
CtrSVDD_0011_E_0004619,-0.4829218700
CtrSVDD_0012_E_0004620,-4.5775754413
CtrSVDD_0013_E_0004621,-2.6326705476
CtrSVDD_0014_E_0004622,1.3679843837
CtrSVDD_0015_E_0004623,-1.8780998970
CtrSVDD_0016_E_0004624,-0.6799392954
CtrSVDD_0017_E_0004625,-2.8655907865
CtrSVDD_0018_E_0004626,0.4443244374
CtrSVDD_0019_E_0004627,-6.2783055435
CtrSVDD_0020_E_0004628,-5.7101830161
CtrSVDD_0021_E_0004629,-4.6593517554
CtrSVDD_0022_E_0004630,-2.5781251471
CtrSVDD_0023_E_0004631,-1.9426849465
CtrSVDD_0024_E_0004632,-2.1992183019
CtrSVDD_0025_E_0004633,-2.7624464868
CtrSVDD_0026_E_0004634,-2.6745732811
CtrSVDD_0027_E_0004635,-0.4046178023
CtrSVDD_0028_E_0004636,-3.6267361732
CtrSVDD_0029_E_0004637,-4.6319438228
CtrSVDD_0030_E_0004638,-6.1478956431
CtrSVDD_0031_E_0004639,-4.4031837054
CtrSVDD_0032_E_0004640,-4.3288832080
CtrSVDD_0033_E_0004641,-2.9545570570
CtrSVDD_0034_E_0004642,-0.4789969264
CtrSVDD_0035_E_0004643,0.0819206398
CtrSVDD_0036_E_0004644,-3.3707146452
CtrSVDD_0037_E_0004645,-6.7634222238
CtrSVDD_0038_E_0004646,-0.3522308004
CtrSVDD_0039_E_0004647,-1.4009201706
CtrSVDD_0040_E_0004648,1.1489950162
CtrSVDD_0041_E_0004649,-3.1630483406
CtrSVDD_0042_E_0004650,-4.5370142619
CtrSVDD_0043_E_0004651,-5.3635360586
CtrSVDD_0044_E_0004652,-5.4743069686
CtrSVDD_0045_E_0004653,-3.8381607802
CtrSVDD_0046_E_0004654,-2.1818213180
CtrSVDD_0047_E_0004655,0.8742407230
CtrSVDD_0000_E_0004656,-0.0145376379
CtrSVDD_0001_E_0004657,0.6670670072
CtrSVDD_0002_E_0004658,-0.9442539035
CtrSVDD_0003_E_0004659,-1.2630583481
CtrSVDD_0004_E_0004660,-2.4595977129
CtrSVDD_0005_E_0004661,-0.1750388497
CtrSVDD_0006_E_0004662,-2.1208086531
CtrSVDD_0007_E_0004663,-0.5213535034
CtrSVDD_0008_E_0004664,-5.9427248489
CtrSVDD_0009_E_0004665,-2.9766054078
CtrSVDD_0010_E_0004666,-5.5584630605
CtrSVDD_0011_E_0004667,-2.5617430101
CtrSVDD_0012_E_0004668,-4.9476413598
CtrSVDD_0013_E_0004669,-2.5710912603
CtrSVDD_0014_E_0004670,-3.9168736483
CtrSVDD_0015_E_0004671,-2.0373767499
CtrSVDD_0016_E_0004672,-0.5808766201
CtrSVDD_0017_E_0004673,-6.2307277870
CtrSVDD_0018_E_0004674,-4.5484219212
CtrSVDD_0019_E_0004675,-0.8231970250
CtrSVDD_0020_E_0004676,-3.4713242751
CtrSVDD_0021_E_0004677,-1.4184495940
CtrSVDD_0022_E_0004678,-2.6028382278
CtrSVDD_0023_E_0004679,-4.9966614446
CtrSVDD_0024_E_0004680,-4.9839894682
CtrSVDD_0025_E_0004681,-3.5870559199
CtrSVDD_0026_E_0004682,-5.9710695134
CtrSVDD_0027_E_0004683,-5.0585499318
CtrSVDD_0028_E_0004684,-4.5761630141
CtrSVDD_0029_E_0004685,-3.9005647887
CtrSVDD_0030_E_0004686,-4.5527148252
CtrSVDD_0031_E_0004687,-6.3023009882
CtrSVDD_0032_E_0004688,-3.9685404940
CtrSVDD_0033_E_0004689,-0.1343809079
CtrSVDD_0034_E_0004690,-1.1803273466
CtrSVDD_0035_E_0004691,-3.2790272351
CtrSVDD_0036_E_0004692,-1.1676084259
CtrSVDD_0037_E_0004693,-1.1620150033
CtrSVDD_0038_E_0004694,-3.4892462309
CtrSVDD_0039_E_0004695,-6.5838165957
CtrSVDD_0040_E_0004696,-3.3216800523
CtrSVDD_0041_E_0004697,-3.7644965731
CtrSVDD_0042_E_0004698,-4.7395873752
CtrSVDD_0043_E_0004699,-5.2028648729
CtrSVDD_0044_E_0004700,-3.9088966097
CtrSVDD_0045_E_0004701,-4.6200776324
CtrSVDD_0046_E_0004702,-0.8275522725
CtrSVDD_0047_E_0004703,-5.4681580650
CtrSVDD_0000_E_0004704,-5.4001969992
CtrSVDD_0001_E_0004705,-5.0621546489
CtrSVDD_0002_E_0004706,-5.1712632581
CtrSVDD_0003_E_0004707,-3.8025017201
CtrSVDD_0004_E_0004708,-5.5020743077
CtrSVDD_0005_E_0004709,-2.2279892217
CtrSVDD_0006_E_0004710,-5.1262601216
CtrSVDD_0007_E_0004711,-2.4948834000
CtrSVDD_0008_E_0004712,-4.3905573670
CtrSVDD_0009_E_0004713,-4.9931106625
CtrSVDD_0010_E_0004714,-3.9213460645
CtrSVDD_0011_E_0004715,-2.4398009597
CtrSVDD_0012_E_0004716,-0.5520484215
CtrSVDD_0013_E_0004717,-5.3823098347
CtrSVDD_0014_E_0004718,2.2754413992
CtrSVDD_0015_E_0004719,-3.9151749399
CtrSVDD_0016_E_0004720,-5.9189043709
CtrSVDD_0017_E_0004721,-4.2573240405
CtrSVDD_0018_E_0004722,-5.1629825437
CtrSVDD_0019_E_0004723,-5.5992555687
CtrSVDD_0020_E_0004724,-3.7665152743
CtrSVDD_0021_E_0004725,0.0202838183
CtrSVDD_0022_E_0004726,-4.4311514424
CtrSVDD_0023_E_0004727,-3.2638858042
CtrSVDD_0024_E_0004728,0.4014918522
CtrSVDD_0025_E_0004729,-4.7129240075
CtrSVDD_0026_E_0004730,-5.1977409083
CtrSVDD_0027_E_0004731,-3.1679178138
CtrSVDD_0028_E_0004732,-3.1313496746
CtrSVDD_0029_E_0004733,-0.8533926939
CtrSVDD_0030_E_0004734,0.2422405838
CtrSVDD_0031_E_0004735,2.0240136237
CtrSVDD_0032_E_0004736,-3.5958787112
CtrSVDD_0033_E_0004737,-0.5293824378
CtrSVDD_0034_E_0004738,-3.7414190728
CtrSVDD_0035_E_0004739,-4.9976768668
CtrSVDD_0036_E_0004740,-4.5909805696
CtrSVDD_0037_E_0004741,-2.3691815887
CtrSVDD_0038_E_0004742,-0.9028048733
CtrSVDD_0039_E_0004743,-3.5514469986
CtrSVDD_0040_E_0004744,-1.5514529179
CtrSVDD_0041_E_0004745,0.4258723100
CtrSVDD_0042_E_0004746,-3.2578478296
CtrSVDD_0043_E_0004747,-2.1149766830
CtrSVDD_0044_E_0004748,-3.1087557165
CtrSVDD_0045_E_0004749,-1.2846684904
CtrSVDD_0046_E_0004750,-4.2490694227
CtrSVDD_0047_E_0004751,-5.3502842436
CtrSVDD_0000_E_0004752,-1.5705411497
CtrSVDD_0001_E_0004753,-4.7851223798
CtrSVDD_0002_E_0004754,0.8394306710
CtrSVDD_0003_E_0004755,-6.4995634579
CtrSVDD_0004_E_0004756,-0.0552802723
CtrSVDD_0005_E_0004757,-0.3668543308
CtrSVDD_0006_E_0004758,-4.6785566628
CtrSVDD_0007_E_0004759,-3.7017925200
CtrSVDD_0008_E_0004760,-2.1302355492
CtrSVDD_0009_E_0004761,-3.3529348719
CtrSVDD_0010_E_0004762,-3.4419503174
CtrSVDD_0011_E_0004763,-0.6337749880
CtrSVDD_0012_E_0004764,-2.9633786712
CtrSVDD_0013_E_0004765,-2.4766802421
CtrSVDD_0014_E_0004766,-3.0118575920
CtrSVDD_0015_E_0004767,-5.2300191374
CtrSVDD_0016_E_0004768,-1.2837805526
CtrSVDD_0017_E_0004769,-4.2440436574
CtrSVDD_0018_E_0004770,-4.8027482401
CtrSVDD_0019_E_0004771,-2.1584323722
CtrSVDD_0020_E_0004772,-1.1556082795
CtrSVDD_0021_E_0004773,2.4307654601
CtrSVDD_0022_E_0004774,-5.3335881220
CtrSVDD_0023_E_0004775,-4.9846768716
CtrSVDD_0024_E_0004776,-0.4629291134
CtrSVDD_0025_E_0004777,-3.7473188067
CtrSVDD_0026_E_0004778,-4.7351784879
CtrSVDD_0027_E_0004779,-3.4530127473
CtrSVDD_0028_E_0004780,-1.1921766381
CtrSVDD_0029_E_0004781,-4.8428804809
CtrSVDD_0030_E_0004782,-3.9685614076
CtrSVDD_0031_E_0004783,-3.9104569531
CtrSVDD_0032_E_0004784,-5.0562653462
CtrSVDD_0033_E_0004785,-2.4109907847
CtrSVDD_0034_E_0004786,-4.7024688164
CtrSVDD_0035_E_0004787,-4.6263162144
CtrSVDD_0036_E_0004788,-4.0142775547
CtrSVDD_0037_E_0004789,-4.5279542858
CtrSVDD_0038_E_0004790,-1.1716249997
CtrSVDD_0039_E_0004791,-5.9639284296
CtrSVDD_0040_E_0004792,0.2740578323
CtrSVDD_0041_E_0004793,-1.4405214116
CtrSVDD_0042_E_0004794,-1.8547640082
CtrSVDD_0043_E_0004795,-4.7072359989
CtrSVDD_0044_E_0004796,-3.6531505994
CtrSVDD_0045_E_0004797,-1.5191441806
CtrSVDD_0046_E_0004798,-3.1809229032
CtrSVDD_0047_E_0004799,-6.7425525499
CtrSVDD_0000_E_0004800,-5.7522687353
CtrSVDD_0001_E_0004801,1.3097211719
CtrSVDD_0002_E_0004802,-2.3084477842
CtrSVDD_0003_E_0004803,-6.4071808340
CtrSVDD_0004_E_0004804,-2.7394269824
CtrSVDD_0005_E_0004805,-4.2961319673
CtrSVDD_0006_E_0004806,-5.1487171660
CtrSVDD_0007_E_0004807,0.2697034673
CtrSVDD_0008_E_0004808,-0.4985314676
CtrSVDD_0009_E_0004809,-5.1499034580
CtrSVDD_0010_E_0004810,-3.5988188717
CtrSVDD_0011_E_0004811,-2.2453752082
CtrSVDD_0012_E_0004812,-6.0131898716
CtrSVDD_0013_E_0004813,0.0242669920
CtrSVDD_0014_E_0004814,-3.0386731033
CtrSVDD_0015_E_0004815,-2.3310396666
CtrSVDD_0016_E_0004816,0.0342770194
CtrSVDD_0017_E_0004817,-3.6339009759
CtrSVDD_0018_E_0004818,2.2700960885
CtrSVDD_0019_E_0004819,-2.5948624934
CtrSVDD_0020_E_0004820,-4.2439129883
CtrSVDD_0021_E_0004821,-4.5303059559
CtrSVDD_0022_E_0004822,-5.4965423395
CtrSVDD_0023_E_0004823,-2.7119567179
CtrSVDD_0024_E_0004824,0.4177194748
CtrSVDD_0025_E_0004825,0.7992729940
CtrSVDD_0026_E_0004826,-5.9566475688
CtrSVDD_0027_E_0004827,-1.5293108002
CtrSVDD_0028_E_0004828,-6.6197103696
CtrSVDD_0029_E_0004829,1.8176371191
CtrSVDD_0030_E_0004830,-4.0593858369
CtrSVDD_0031_E_0004831,-2.9973407001
CtrSVDD_0032_E_0004832,-0.1865227288
CtrSVDD_0033_E_0004833,-5.0911092983
CtrSVDD_0034_E_0004834,-4.9714711359
CtrSVDD_0035_E_0004835,-0.3458145883
CtrSVDD_0036_E_0004836,-3.5517194028
CtrSVDD_0037_E_0004837,1.3678331905
CtrSVDD_0038_E_0004838,-5.0500245946
CtrSVDD_0039_E_0004839,-1.8815004567
CtrSVDD_0040_E_0004840,-1.7436749149
CtrSVDD_0041_E_0004841,-5.5855283472
CtrSVDD_0042_E_0004842,0.1283405650
CtrSVDD_0043_E_0004843,-6.7985006932
CtrSVDD_0044_E_0004844,0.7638346876
CtrSVDD_0045_E_0004845,-1.9078350975
CtrSVDD_0046_E_0004846,0.8634738849
CtrSVDD_0047_E_0004847,-3.9190062924
CtrSVDD_0000_E_0004848,-3.8942889478
CtrSVDD_0001_E_0004849,-6.1696777091
CtrSVDD_0002_E_0004850,-5.1761180882
CtrSVDD_0003_E_0004851,-3.2524473764
CtrSVDD_0004_E_0004852,-1.1091358510
CtrSVDD_0005_E_0004853,-2.5038859000
CtrSVDD_0006_E_0004854,-2.7906995931
CtrSVDD_0007_E_0004855,-0.0146878031
CtrSVDD_0008_E_0004856,-6.1778402671
CtrSVDD_0009_E_0004857,-3.6170746148
CtrSVDD_0010_E_0004858,-4.3264560445
CtrSVDD_0011_E_0004859,-2.6945636847
CtrSVDD_0012_E_0004860,-1.3617284783
CtrSVDD_0013_E_0004861,0.0057212263
CtrSVDD_0014_E_0004862,-4.5112959997
CtrSVDD_0015_E_0004863,-6.4060743072
CtrSVDD_0016_E_0004864,-0.8265650546
CtrSVDD_0017_E_0004865,-5.6413325032
CtrSVDD_0018_E_0004866,1.9137459226
CtrSVDD_0019_E_0004867,-3.8062163640
CtrSVDD_0020_E_0004868,-1.8282341338
CtrSVDD_0021_E_0004869,-0.5999356728
CtrSVDD_0022_E_0004870,-1.3715108708
CtrSVDD_0023_E_0004871,-0.1644659193
CtrSVDD_0024_E_0004872,-2.0488898210
CtrSVDD_0025_E_0004873,-6.0760603265
CtrSVDD_0026_E_0004874,-2.0284332983
CtrSVDD_0027_E_0004875,0.2798717615
CtrSVDD_0028_E_0004876,-6.6969404559
CtrSVDD_0029_E_0004877,-4.0598135706
CtrSVDD_0030_E_0004878,-2.2957023459
CtrSVDD_0031_E_0004879,-4.4347179492
CtrSVDD_0032_E_0004880,-4.1152725521
CtrSVDD_0033_E_0004881,1.7518528889
CtrSVDD_0034_E_0004882,1.4391373656
CtrSVDD_0035_E_0004883,-3.1670691338
CtrSVDD_0036_E_0004884,-4.9221459320
CtrSVDD_0037_E_0004885,-1.4849144497
CtrSVDD_0038_E_0004886,-4.9704368743
CtrSVDD_0039_E_0004887,-4.6814619655
CtrSVDD_0040_E_0004888,-3.4358149248
CtrSVDD_0041_E_0004889,-3.1905143745
CtrSVDD_0042_E_0004890,-5.1051223301
CtrSVDD_0043_E_0004891,0.4567100527
CtrSVDD_0044_E_0004892,-1.0866690580
CtrSVDD_0045_E_0004893,-4.9442439203
CtrSVDD_0046_E_0004894,-6.2324378494
CtrSVDD_0047_E_0004895,-4.6193744399
CtrSVDD_0000_E_0004896,-1.0979061050
CtrSVDD_0001_E_0004897,-3.7302192084
CtrSVDD_0002_E_0004898,-2.1352242214
CtrSVDD_0003_E_0004899,-0.4738558864
CtrSVDD_0004_E_0004900,-4.6378701692
CtrSVDD_0005_E_0004901,0.5520484215
CtrSVDD_0006_E_0004902,-5.0418620366
CtrSVDD_0007_E_0004903,-4.2588698632
CtrSVDD_0008_E_0004904,-0.8400042633
CtrSVDD_0009_E_0004905,-1.0307121225
CtrSVDD_0010_E_0004906,-1.5229921716
CtrSVDD_0011_E_0004907,-7.1430884095
CtrSVDD_0012_E_0004908,-4.7021472381
CtrSVDD_0013_E_0004909,-3.9709358366
CtrSVDD_0014_E_0004910,-4.4203040930
CtrSVDD_0015_E_0004911,0.3803534882
CtrSVDD_0016_E_0004912,-0.3000473113
CtrSVDD_0017_E_0004913,-0.2307328886
CtrSVDD_0018_E_0004914,-4.9471751276
CtrSVDD_0019_E_0004915,-5.8671760063
CtrSVDD_0020_E_0004916,-6.4200239811
CtrSVDD_0021_E_0004917,-6.0459782313
CtrSVDD_0022_E_0004918,-3.1163181798
CtrSVDD_0023_E_0004919,-5.6367321826
CtrSVDD_0024_E_0004920,-5.7812142025
CtrSVDD_0025_E_0004921,-4.5611486274
CtrSVDD_0026_E_0004922,2.5168929585
CtrSVDD_0027_E_0004923,-4.7106791021
CtrSVDD_0028_E_0004924,-0.5849315401
CtrSVDD_0029_E_0004925,0.6841798459
CtrSVDD_0030_E_0004926,-2.5615535307
CtrSVDD_0031_E_0004927,-5.1792899535
CtrSVDD_0032_E_0004928,-5.3132023186
CtrSVDD_0033_E_0004929,-0.0415899562
CtrSVDD_0034_E_0004930,-5.8363235725
CtrSVDD_0035_E_0004931,-6.4636253654
CtrSVDD_0036_E_0004932,-5.1121262524
CtrSVDD_0037_E_0004933,-4.6668258163
CtrSVDD_0038_E_0004934,-0.2419726189
CtrSVDD_0039_E_0004935,-0.4722914813
CtrSVDD_0040_E_0004936,-2.8154744437
CtrSVDD_0041_E_0004937,-3.1832824005
CtrSVDD_0042_E_0004938,-5.3857320966
CtrSVDD_0043_E_0004939,-6.6001080858
CtrSVDD_0044_E_0004940,-3.0927148535
CtrSVDD_0045_E_0004941,-4.4516678371
CtrSVDD_0046_E_0004942,-5.4000477195
CtrSVDD_0047_E_0004943,-3.0412346141
CtrSVDD_0000_E_0004944,-4.5401683345
CtrSVDD_0001_E_0004945,-3.7995127178
CtrSVDD_0002_E_0004946,1.3538593641
CtrSVDD_0003_E_0004947,-0.4182268725
CtrSVDD_0004_E_0004948,-3.3146367472
CtrSVDD_0005_E_0004949,-5.3788829457
CtrSVDD_0006_E_0004950,-1.8283622671
CtrSVDD_0007_E_0004951,-3.8318151780
CtrSVDD_0008_E_0004952,-2.2883166546
CtrSVDD_0009_E_0004953,-1.2517164984
CtrSVDD_0010_E_0004954,-5.0435660136
CtrSVDD_0011_E_0004955,-4.4909768893
CtrSVDD_0012_E_0004956,-1.0125546957
CtrSVDD_0013_E_0004957,-4.6363889882
CtrSVDD_0014_E_0004958,-2.6279801298
CtrSVDD_0015_E_0004959,-3.4983464664
CtrSVDD_0016_E_0004960,-0.9344298397
CtrSVDD_0017_E_0004961,-3.1270251057
CtrSVDD_0018_E_0004962,-2.7184184336
CtrSVDD_0019_E_0004963,-3.9448831478
CtrSVDD_0020_E_0004964,-4.5188759037
CtrSVDD_0021_E_0004965,-1.7768036752
CtrSVDD_0022_E_0004966,-6.3270813046
CtrSVDD_0023_E_0004967,-5.7399388873
CtrSVDD_0024_E_0004968,-2.4251251852
CtrSVDD_0025_E_0004969,-4.9555751261
CtrSVDD_0026_E_0004970,-1.6667011833
CtrSVDD_0027_E_0004971,0.2192556688
CtrSVDD_0028_E_0004972,-3.4841274371
CtrSVDD_0029_E_0004973,-5.4187706204
CtrSVDD_0030_E_0004974,-4.6156229278
CtrSVDD_0031_E_0004975,-4.0803589033
CtrSVDD_0032_E_0004976,-5.5504220480
CtrSVDD_0033_E_0004977,-2.9795439289
CtrSVDD_0034_E_0004978,-4.8130328950
CtrSVDD_0035_E_0004979,-2.8630713290
CtrSVDD_0036_E_0004980,-1.3634276029
CtrSVDD_0037_E_0004981,0.7236053830
CtrSVDD_0038_E_0004982,-3.1236875464
CtrSVDD_0039_E_0004983,-2.2396815046
CtrSVDD_0040_E_0004984,-4.4300184838
CtrSVDD_0041_E_0004985,-5.9374782312
CtrSVDD_0042_E_0004986,0.8655832398
CtrSVDD_0043_E_0004987,-1.1076002757
CtrSVDD_0044_E_0004988,-0.6817124382
CtrSVDD_0045_E_0004989,-5.0655250655
CtrSVDD_0046_E_0004990,-2.1757241556
CtrSVDD_0047_E_0004991,-1.4955438188
CtrSVDD_0000_E_0004992,-4.4417980535
CtrSVDD_0001_E_0004993,0.9197548299
CtrSVDD_0002_E_0004994,-1.1604133393
CtrSVDD_0003_E_0004995,-3.4569709601
CtrSVDD_0004_E_0004996,-1.4771131482
CtrSVDD_0005_E_0004997,-3.9413361180
CtrSVDD_0006_E_0004998,-3.0616639133
CtrSVDD_0007_E_0004999,-5.2522811489
CtrSVDD_0008_E_0005000,-1.4547341721
CtrSVDD_0009_E_0005001,-1.9139578530
CtrSVDD_0010_E_0005002,-5.6917208300
CtrSVDD_0011_E_0005003,-1.2357437865
CtrSVDD_0012_E_0005004,-6.6914763147
CtrSVDD_0013_E_0005005,-4.2149485530
CtrSVDD_0014_E_0005006,0.7290684029
CtrSVDD_0015_E_0005007,-4.7792159799
CtrSVDD_0016_E_0005008,-5.3960790707
CtrSVDD_0017_E_0005009,-4.5132763831
CtrSVDD_0018_E_0005010,-2.1615855742
CtrSVDD_0019_E_0005011,-1.8091240981
CtrSVDD_0020_E_0005012,-4.2965156251
CtrSVDD_0021_E_0005013,-0.9691540164
CtrSVDD_0022_E_0005014,-5.9246261672
CtrSVDD_0023_E_0005015,0.0426759874
CtrSVDD_0024_E_0005016,2.0462009173
CtrSVDD_0025_E_0005017,-5.3136893932
CtrSVDD_0026_E_0005018,-2.4482404312
CtrSVDD_0027_E_0005019,-0.2956065975
CtrSVDD_0028_E_0005020,-1.4835914019
CtrSVDD_0029_E_0005021,-2.7205502198
CtrSVDD_0030_E_0005022,-1.6084353772
CtrSVDD_0031_E_0005023,-1.8227711038
CtrSVDD_0032_E_0005024,-0.6372182001
CtrSVDD_0033_E_0005025,-5.8683864281
CtrSVDD_0034_E_0005026,-5.4415502986
CtrSVDD_0035_E_0005027,0.2135279657
CtrSVDD_0036_E_0005028,-3.3866387645
CtrSVDD_0037_E_0005029,-2.7077040327
CtrSVDD_0038_E_0005030,-4.2999090776
CtrSVDD_0039_E_0005031,-4.1938309627
CtrSVDD_0040_E_0005032,-3.8122954884
CtrSVDD_0041_E_0005033,-4.5613054234
CtrSVDD_0042_E_0005034,-2.2332412440
CtrSVDD_0043_E_0005035,-1.5857058411
CtrSVDD_0044_E_0005036,0.0183626325
CtrSVDD_0045_E_0005037,0.5667698816
CtrSVDD_0046_E_0005038,-0.0132888781
CtrSVDD_0047_E_0005039,-6.3625608748
CtrSVDD_0000_E_0005040,-4.3956992333
CtrSVDD_0001_E_0005041,-1.7154942948
CtrSVDD_0002_E_0005042,-0.3564921593
CtrSVDD_0003_E_0005043,0.5233638584
CtrSVDD_0004_E_0005044,-5.2984180336
CtrSVDD_0005_E_0005045,0.4598173600
CtrSVDD_0006_E_0005046,-4.8211954530
CtrSVDD_0007_E_0005047,-4.1593124613
CtrSVDD_0008_E_0005048,-4.0076149972
CtrSVDD_0009_E_0005049,-5.1145010691
CtrSVDD_0010_E_0005050,-5.1274382628
CtrSVDD_0011_E_0005051,-2.9133304398
CtrSVDD_0012_E_0005052,-2.5822450581
CtrSVDD_0013_E_0005053,-3.2338251472
CtrSVDD_0014_E_0005054,-1.6171754954
CtrSVDD_0015_E_0005055,-3.9693981394
CtrSVDD_0016_E_0005056,-4.1541068607
CtrSVDD_0017_E_0005057,-2.7266291942
CtrSVDD_0018_E_0005058,-4.9565509456
CtrSVDD_0019_E_0005059,-3.4211429018
CtrSVDD_0020_E_0005060,0.2870977691
CtrSVDD_0021_E_0005061,-3.6381558104
CtrSVDD_0022_E_0005062,-5.3378498970
CtrSVDD_0023_E_0005063,-5.1357453354
CtrSVDD_0024_E_0005064,-2.7609699227
CtrSVDD_0025_E_0005065,-5.5020703523
CtrSVDD_0026_E_0005066,0.5439214382
CtrSVDD_0027_E_0005067,-2.8453800357
CtrSVDD_0028_E_0005068,-2.6090077107
CtrSVDD_0029_E_0005069,-0.4816954322
CtrSVDD_0030_E_0005070,-5.4259592393
CtrSVDD_0031_E_0005071,-1.4916363976
CtrSVDD_0032_E_0005072,-4.9329304498
CtrSVDD_0033_E_0005073,0.2552252796
CtrSVDD_0034_E_0005074,-5.8634671477
CtrSVDD_0035_E_0005075,-6.3334067119
CtrSVDD_0036_E_0005076,-3.9367492468
CtrSVDD_0037_E_0005077,-5.4719276103
CtrSVDD_0038_E_0005078,-0.1594353462
CtrSVDD_0039_E_0005079,-2.9292721302
CtrSVDD_0040_E_0005080,0.4785560875
CtrSVDD_0041_E_0005081,-0.1072123277
CtrSVDD_0042_E_0005082,-2.8710685303
CtrSVDD_0043_E_0005083,-6.2642267002
CtrSVDD_0044_E_0005084,-5.0539535987
CtrSVDD_0045_E_0005085,-4.4639775504
CtrSVDD_0046_E_0005086,-3.4674506501
CtrSVDD_0047_E_0005087,-4.7290660428
CtrSVDD_0000_E_0005088,0.9531222559
CtrSVDD_0001_E_0005089,-5.0516430999
CtrSVDD_0002_E_0005090,-1.4313017591
CtrSVDD_0003_E_0005091,-2.6705516993
CtrSVDD_0004_E_0005092,-5.1920238637
CtrSVDD_0005_E_0005093,-2.0715967124
CtrSVDD_0006_E_0005094,-5.2823008436
CtrSVDD_0007_E_0005095,-3.6891783886
CtrSVDD_0008_E_0005096,-5.2378304699
CtrSVDD_0009_E_0005097,-4.7072560568
CtrSVDD_0010_E_0005098,-3.5806654374
CtrSVDD_0011_E_0005099,-3.2669078057
CtrSVDD_0012_E_0005100,-3.7470540334
CtrSVDD_0013_E_0005101,-4.9169801639
CtrSVDD_0014_E_0005102,-5.4267889885
CtrSVDD_0015_E_0005103,-4.2589751265
CtrSVDD_0016_E_0005104,-4.8878278829
CtrSVDD_0017_E_0005105,0.3120239506
CtrSVDD_0018_E_0005106,-4.2943400858
CtrSVDD_0019_E_0005107,-4.3591589547
CtrSVDD_0020_E_0005108,-5.8443700308
CtrSVDD_0021_E_0005109,-4.5768899943
CtrSVDD_0022_E_0005110,-4.3384814817
CtrSVDD_0023_E_0005111,-4.8682676329
CtrSVDD_0024_E_0005112,0.0370763774
CtrSVDD_0025_E_0005113,-7.4760821946
CtrSVDD_0026_E_0005114,-3.7036023437
CtrSVDD_0027_E_0005115,-2.2729906083
CtrSVDD_0028_E_0005116,0.8737499097
CtrSVDD_0029_E_0005117,-5.3438148027
CtrSVDD_0030_E_0005118,-3.1889071314
CtrSVDD_0031_E_0005119,-0.8667328009
CtrSVDD_0032_E_0005120,-5.4450964091
CtrSVDD_0033_E_0005121,-3.8740231617
CtrSVDD_0034_E_0005122,-5.7204479119
CtrSVDD_0035_E_0005123,0.5653688237
CtrSVDD_0036_E_0005124,-1.3944051410
CtrSVDD_0037_E_0005125,-0.3895708518
CtrSVDD_0038_E_0005126,-1.4804571548
CtrSVDD_0039_E_0005127,-5.0403481920
CtrSVDD_0040_E_0005128,-3.4917011721
CtrSVDD_0041_E_0005129,0.2755104387
CtrSVDD_0042_E_0005130,-3.9504638683
CtrSVDD_0043_E_0005131,-4.2387703669
CtrSVDD_0044_E_0005132,-3.4399187154
CtrSVDD_0045_E_0005133,-1.6086134433
CtrSVDD_0046_E_0005134,-5.0011040462
CtrSVDD_0047_E_0005135,-4.6511359452
CtrSVDD_0000_E_0005136,-5.6836015688
CtrSVDD_0001_E_0005137,-1.5123841661
CtrSVDD_0002_E_0005138,-1.5900083951
CtrSVDD_0003_E_0005139,-4.0040166835
CtrSVDD_0004_E_0005140,-2.3521774163
CtrSVDD_0005_E_0005141,-4.6467517803
CtrSVDD_0006_E_0005142,-3.5236744390
CtrSVDD_0007_E_0005143,-3.7800909384
CtrSVDD_0008_E_0005144,-5.2268364215
CtrSVDD_0009_E_0005145,-1.1876433287
CtrSVDD_0010_E_0005146,-4.1012825818
CtrSVDD_0011_E_0005147,-2.8405091340
CtrSVDD_0012_E_0005148,-4.1193513569
CtrSVDD_0013_E_0005149,-6.3319653614
CtrSVDD_0014_E_0005150,-4.1436258825
CtrSVDD_0015_E_0005151,-5.2428977750
CtrSVDD_0016_E_0005152,-0.8932775846
CtrSVDD_0017_E_0005153,-4.3320865867
CtrSVDD_0018_E_0005154,0.3743454506
CtrSVDD_0019_E_0005155,-4.3085371738
CtrSVDD_0020_E_0005156,-3.5453891400
CtrSVDD_0021_E_0005157,-5.9666424213
CtrSVDD_0022_E_0005158,-1.5157624275
CtrSVDD_0023_E_0005159,-0.0580859072
CtrSVDD_0024_E_0005160,-4.5978067791
CtrSVDD_0025_E_0005161,-0.3564011362
CtrSVDD_0026_E_0005162,2.4883199322
CtrSVDD_0027_E_0005163,-0.0417187612
CtrSVDD_0028_E_0005164,-5.3442543351
CtrSVDD_0029_E_0005165,-2.4414916641
CtrSVDD_0030_E_0005166,-1.0347594811
CtrSVDD_0031_E_0005167,-0.2106667507
CtrSVDD_0032_E_0005168,-4.0152369620
CtrSVDD_0033_E_0005169,-5.8512678605
CtrSVDD_0034_E_0005170,-1.6738620732
CtrSVDD_0035_E_0005171,-2.3943323999
CtrSVDD_0036_E_0005172,-6.3592637352
CtrSVDD_0037_E_0005173,-0.3710156822
CtrSVDD_0038_E_0005174,-5.6928274041
CtrSVDD_0039_E_0005175,-3.6257157168
CtrSVDD_0040_E_0005176,-4.4680825076
CtrSVDD_0041_E_0005177,-0.5096618997
CtrSVDD_0042_E_0005178,-1.6936734855
CtrSVDD_0043_E_0005179,-3.1532737155
CtrSVDD_0044_E_0005180,-6.6670521529
CtrSVDD_0045_E_0005181,-1.0371516685
CtrSVDD_0046_E_0005182,-2.9565707397
CtrSVDD_0047_E_0005183,-3.3201482223
CtrSVDD_0000_E_0005184,-5.6552801692
CtrSVDD_0001_E_0005185,-4.0457418020
CtrSVDD_0002_E_0005186,-5.0676809862
CtrSVDD_0003_E_0005187,-2.1330075465
CtrSVDD_0004_E_0005188,-4.5966696124
CtrSVDD_0005_E_0005189,-4.6465833781
CtrSVDD_0006_E_0005190,-1.8157675472
CtrSVDD_0007_E_0005191,-0.7811575769
CtrSVDD_0008_E_0005192,0.0705068570
CtrSVDD_0009_E_0005193,-0.2508923729
CtrSVDD_0010_E_0005194,-2.8318743203
CtrSVDD_0011_E_0005195,-2.0081661345
CtrSVDD_0012_E_0005196,-2.1569701363
CtrSVDD_0013_E_0005197,-4.8092856960
CtrSVDD_0014_E_0005198,-3.3999177094
CtrSVDD_0015_E_0005199,-4.2466114480
CtrSVDD_0016_E_0005200,-1.0787672117
CtrSVDD_0017_E_0005201,-1.2904370886
CtrSVDD_0018_E_0005202,-1.1015730699
CtrSVDD_0019_E_0005203,-3.3462875704
CtrSVDD_0020_E_0005204,-2.6560167934
CtrSVDD_0021_E_0005205,-1.6137354486
CtrSVDD_0022_E_0005206,-3.0028293960
CtrSVDD_0023_E_0005207,-4.9623829132
CtrSVDD_0024_E_0005208,-4.6171074683
CtrSVDD_0025_E_0005209,-3.9649659938
CtrSVDD_0026_E_0005210,-0.0764652898
CtrSVDD_0027_E_0005211,-3.6864435862
CtrSVDD_0028_E_0005212,0.7719603041
CtrSVDD_0029_E_0005213,-1.2679967613
CtrSVDD_0030_E_0005214,-1.9084049775
CtrSVDD_0031_E_0005215,-2.0688511358
CtrSVDD_0032_E_0005216,-2.0817192018
CtrSVDD_0033_E_0005217,-2.5006426520
CtrSVDD_0034_E_0005218,-5.1016238801
CtrSVDD_0035_E_0005219,-6.6101042680
CtrSVDD_0036_E_0005220,-0.7221440737
CtrSVDD_0037_E_0005221,-4.3514299810
CtrSVDD_0038_E_0005222,-1.0561218090
CtrSVDD_0039_E_0005223,-4.6519548247
CtrSVDD_0040_E_0005224,-3.0081293149
CtrSVDD_0041_E_0005225,-0.2726058039
CtrSVDD_0042_E_0005226,-5.2220031681
CtrSVDD_0043_E_0005227,-3.6311425452
CtrSVDD_0044_E_0005228,-4.2516617175
CtrSVDD_0045_E_0005229,-4.3853913888
CtrSVDD_0046_E_0005230,-5.9111660007
CtrSVDD_0047_E_0005231,-5.0697538741
CtrSVDD_0000_E_0005232,-2.9816525395
CtrSVDD_0001_E_0005233,-5.3674785710
CtrSVDD_0002_E_0005234,-4.0975211449
CtrSVDD_0003_E_0005235,-1.8916247600
CtrSVDD_0004_E_0005236,0.0512906365
CtrSVDD_0005_E_0005237,-4.7689693527
CtrSVDD_0006_E_0005238,1.0392537032
CtrSVDD_0007_E_0005239,-5.0485107500
CtrSVDD_0008_E_0005240,-4.6091670777
CtrSVDD_0009_E_0005241,-4.7307688925
CtrSVDD_0010_E_0005242,-2.6119383757
CtrSVDD_0011_E_0005243,-3.8798888567
CtrSVDD_0012_E_0005244,-5.2462230641
CtrSVDD_0013_E_0005245,-3.0647522551
CtrSVDD_0014_E_0005246,-2.7508897405
CtrSVDD_0015_E_0005247,-2.8452275430
CtrSVDD_0016_E_0005248,-6.0365610895
CtrSVDD_0017_E_0005249,-0.0440760921
CtrSVDD_0018_E_0005250,-3.5459551487
CtrSVDD_0019_E_0005251,0.4212820896
CtrSVDD_0020_E_0005252,-0.7343229485
CtrSVDD_0021_E_0005253,-0.2973713219
CtrSVDD_0022_E_0005254,-4.2756111852
CtrSVDD_0023_E_0005255,-2.8567770092
CtrSVDD_0024_E_0005256,-0.7773675288
CtrSVDD_0025_E_0005257,-4.8429062581
CtrSVDD_0026_E_0005258,-5.2985680133
CtrSVDD_0027_E_0005259,-3.9459075967
CtrSVDD_0028_E_0005260,-3.0411202905
CtrSVDD_0029_E_0005261,1.4045462482
CtrSVDD_0030_E_0005262,-2.9971710793
CtrSVDD_0031_E_0005263,-5.9858578394
CtrSVDD_0032_E_0005264,-4.1936139341
CtrSVDD_0033_E_0005265,-3.7798276036
CtrSVDD_0034_E_0005266,-4.6882319163
CtrSVDD_0035_E_0005267,-0.6235485520
CtrSVDD_0036_E_0005268,-4.4773480789
CtrSVDD_0037_E_0005269,-3.9189438843
CtrSVDD_0038_E_0005270,-4.4696130742
CtrSVDD_0039_E_0005271,-3.9715306875
CtrSVDD_0040_E_0005272,-1.3276135980
CtrSVDD_0041_E_0005273,-5.7945475587
CtrSVDD_0042_E_0005274,-4.5875645277
CtrSVDD_0043_E_0005275,-0.8029166551
CtrSVDD_0044_E_0005276,-5.9533021036
CtrSVDD_0045_E_0005277,-1.2805982317
CtrSVDD_0046_E_0005278,-5.2300450639
CtrSVDD_0047_E_0005279,-0.7735886145
CtrSVDD_0000_E_0005280,-3.9418300256
CtrSVDD_0001_E_0005281,0.2566706433
CtrSVDD_0002_E_0005282,-2.3243978996
CtrSVDD_0003_E_0005283,-4.5273429554
CtrSVDD_0004_E_0005284,-1.7580152804
CtrSVDD_0005_E_0005285,-0.0020257801
CtrSVDD_0006_E_0005286,-5.8964601887
CtrSVDD_0007_E_0005287,1.5643068011
CtrSVDD_0008_E_0005288,-3.8228751924
CtrSVDD_0009_E_0005289,-5.7531099874
CtrSVDD_0010_E_0005290,-4.1619254518
CtrSVDD_0011_E_0005291,-1.8264231952
CtrSVDD_0012_E_0005292,-4.3486271752
CtrSVDD_0013_E_0005293,-3.1117720795
CtrSVDD_0014_E_0005294,-0.0034969774
CtrSVDD_0015_E_0005295,-3.8782270242
CtrSVDD_0016_E_0005296,-3.4692178512
CtrSVDD_0017_E_0005297,-1.9254448918
CtrSVDD_0018_E_0005298,1.1078332881
CtrSVDD_0019_E_0005299,-4.3654897575
CtrSVDD_0020_E_0005300,-2.7828959474
CtrSVDD_0021_E_0005301,-3.8657797237
CtrSVDD_0022_E_0005302,-7.0587121311
CtrSVDD_0023_E_0005303,-6.0600770841
CtrSVDD_0024_E_0005304,-3.6037291756
CtrSVDD_0025_E_0005305,1.6182838953
CtrSVDD_0026_E_0005306,-4.1964368137
CtrSVDD_0027_E_0005307,-4.3689055712
CtrSVDD_0028_E_0005308,-3.5309654145
CtrSVDD_0029_E_0005309,-1.0565070817
CtrSVDD_0030_E_0005310,-1.9407785892
CtrSVDD_0031_E_0005311,-6.8228253305
CtrSVDD_0032_E_0005312,-4.8530019932
CtrSVDD_0033_E_0005313,-5.2737621054
CtrSVDD_0034_E_0005314,-6.4118614230
CtrSVDD_0035_E_0005315,-5.6433540563
CtrSVDD_0036_E_0005316,-2.7006922863
CtrSVDD_0037_E_0005317,-0.4060446121
CtrSVDD_0038_E_0005318,-6.6950986085
CtrSVDD_0039_E_0005319,-6.3176926238
CtrSVDD_0040_E_0005320,-4.1109477542
CtrSVDD_0041_E_0005321,0.2595629833
CtrSVDD_0042_E_0005322,-1.1764301668
CtrSVDD_0043_E_0005323,-0.3311735569
CtrSVDD_0044_E_0005324,-2.1995745051
CtrSVDD_0045_E_0005325,-0.9995624115
CtrSVDD_0046_E_0005326,-1.1796337397
CtrSVDD_0047_E_0005327,-2.9457057834
CtrSVDD_0000_E_0005328,0.0791139796
CtrSVDD_0001_E_0005329,-2.8199514831
CtrSVDD_0002_E_0005330,-5.3401441995
CtrSVDD_0003_E_0005331,0.6683561956
CtrSVDD_0004_E_0005332,-2.4334072642
CtrSVDD_0005_E_0005333,-5.3965735826
CtrSVDD_0006_E_0005334,-5.6033718575
CtrSVDD_0007_E_0005335,-2.6960967927
CtrSVDD_0008_E_0005336,-4.9973305247
CtrSVDD_0009_E_0005337,-0.3002966440
CtrSVDD_0010_E_0005338,-2.1675962742
CtrSVDD_0011_E_0005339,2.9899557576
CtrSVDD_0012_E_0005340,-0.9326427283
CtrSVDD_0013_E_0005341,-3.5764464627
CtrSVDD_0014_E_0005342,-0.2480409275
CtrSVDD_0015_E_0005343,-2.8852776323
CtrSVDD_0016_E_0005344,-3.7355222541
CtrSVDD_0017_E_0005345,-4.0410666416
CtrSVDD_0018_E_0005346,-6.4466163535
CtrSVDD_0019_E_0005347,-5.4469943229
CtrSVDD_0020_E_0005348,-6.8050665126
CtrSVDD_0021_E_0005349,-1.6702788077
CtrSVDD_0022_E_0005350,-5.6211038777
CtrSVDD_0023_E_0005351,-4.1857574856
CtrSVDD_0024_E_0005352,-5.5451159390
CtrSVDD_0025_E_0005353,-5.8259895244
CtrSVDD_0026_E_0005354,-2.8883444723
CtrSVDD_0027_E_0005355,-4.1567062812
CtrSVDD_0028_E_0005356,-4.6260130400
CtrSVDD_0029_E_0005357,-5.5722507772
CtrSVDD_0030_E_0005358,-6.5959258844
CtrSVDD_0031_E_0005359,0.4474143830
CtrSVDD_0032_E_0005360,0.6826494433
CtrSVDD_0033_E_0005361,-0.4801251684
CtrSVDD_0034_E_0005362,-5.5389090317
CtrSVDD_0035_E_0005363,-1.4334109353
CtrSVDD_0036_E_0005364,1.9025043029
CtrSVDD_0037_E_0005365,-1.0076997129
CtrSVDD_0038_E_0005366,-5.6336656242
CtrSVDD_0039_E_0005367,-3.8707139218
CtrSVDD_0040_E_0005368,-2.2846291812
CtrSVDD_0041_E_0005369,-0.4392247996
CtrSVDD_0042_E_0005370,-1.9863944001
CtrSVDD_0043_E_0005371,-6.0255011368
CtrSVDD_0044_E_0005372,-4.4634870140
CtrSVDD_0045_E_0005373,-4.4747138692
CtrSVDD_0046_E_0005374,-2.9235825552
CtrSVDD_0047_E_0005375,-5.6051800408
CtrSVDD_0000_E_0005376,0.3608762425
CtrSVDD_0001_E_0005377,-0.5426493560
CtrSVDD_0002_E_0005378,-3.5419975710
CtrSVDD_0003_E_0005379,-4.8990834009
CtrSVDD_0004_E_0005380,-5.0258641703
CtrSVDD_0005_E_0005381,-3.0159072822
CtrSVDD_0006_E_0005382,-5.4511913144
CtrSVDD_0007_E_0005383,-4.7006741229
CtrSVDD_0008_E_0005384,-3.6607541346
CtrSVDD_0009_E_0005385,-3.9083981712
CtrSVDD_0010_E_0005386,-5.6677914019
CtrSVDD_0011_E_0005387,-4.4650194812
CtrSVDD_0012_E_0005388,-5.7372266284
CtrSVDD_0013_E_0005389,-1.6453949376
CtrSVDD_0014_E_0005390,-0.0876672615
CtrSVDD_0015_E_0005391,-5.5738668097
CtrSVDD_0016_E_0005392,-2.8228369838
CtrSVDD_0017_E_0005393,-5.8473686357
CtrSVDD_0018_E_0005394,-6.4888072377
CtrSVDD_0019_E_0005395,-6.2594775907
CtrSVDD_0020_E_0005396,-2.8941447045
CtrSVDD_0021_E_0005397,-2.2660062575
CtrSVDD_0022_E_0005398,-5.5274822702
CtrSVDD_0023_E_0005399,-4.5715958540
CtrSVDD_0024_E_0005400,-5.9128768816
CtrSVDD_0025_E_0005401,-3.6222545042
CtrSVDD_0026_E_0005402,0.5326035623
CtrSVDD_0027_E_0005403,-4.5197917278
CtrSVDD_0028_E_0005404,-5.4701256100
CtrSVDD_0029_E_0005405,-5.2636718984
CtrSVDD_0030_E_0005406,-4.9410560613
CtrSVDD_0031_E_0005407,-0.2206887118
CtrSVDD_0032_E_0005408,-4.0408849845
CtrSVDD_0033_E_0005409,-0.0304433665
CtrSVDD_0034_E_0005410,-5.1380603416
CtrSVDD_0035_E_0005411,-4.3209680099
CtrSVDD_0036_E_0005412,-2.0177501613
CtrSVDD_0037_E_0005413,-4.8581587774
CtrSVDD_0038_E_0005414,-3.4308885272
CtrSVDD_0039_E_0005415,0.4879884309
CtrSVDD_0040_E_0005416,-4.3754155857
CtrSVDD_0041_E_0005417,-2.7296694432
CtrSVDD_0042_E_0005418,0.3223206095
CtrSVDD_0043_E_0005419,0.7098381226
CtrSVDD_0044_E_0005420,0.0608848778
CtrSVDD_0045_E_0005421,-4.2003390858
CtrSVDD_0046_E_0005422,-6.0738728925
CtrSVDD_0047_E_0005423,-3.5080055089
CtrSVDD_0000_E_0005424,-5.3741472767
CtrSVDD_0001_E_0005425,-0.0847279455
CtrSVDD_0002_E_0005426,-3.7987543548
CtrSVDD_0003_E_0005427,-3.4910959053
CtrSVDD_0004_E_0005428,-6.8390878275
CtrSVDD_0005_E_0005429,-2.4307199758
CtrSVDD_0006_E_0005430,-3.7397103621
CtrSVDD_0007_E_0005431,-0.5931359702
CtrSVDD_0008_E_0005432,-5.8249070409
CtrSVDD_0009_E_0005433,-3.9067041965
CtrSVDD_0010_E_0005434,-2.4758461122
CtrSVDD_0011_E_0005435,-3.6428919207
CtrSVDD_0012_E_0005436,-1.6329843242
CtrSVDD_0013_E_0005437,-5.2301657262
CtrSVDD_0014_E_0005438,-4.2917598231
CtrSVDD_0015_E_0005439,-4.2705906767
CtrSVDD_0016_E_0005440,-2.0938614812
CtrSVDD_0017_E_0005441,-3.4112839477
CtrSVDD_0018_E_0005442,-5.8450471776
CtrSVDD_0019_E_0005443,-2.3149384406
CtrSVDD_0020_E_0005444,-4.4762450657
CtrSVDD_0021_E_0005445,-0.8282478180
CtrSVDD_0022_E_0005446,1.1626348657
CtrSVDD_0023_E_0005447,-0.1142492917
CtrSVDD_0024_E_0005448,-4.0985337014
CtrSVDD_0025_E_0005449,-4.1270924169
CtrSVDD_0026_E_0005450,-3.8698258852
CtrSVDD_0027_E_0005451,-5.3638847155
CtrSVDD_0028_E_0005452,1.5228742124
CtrSVDD_0029_E_0005453,-3.5795083524
CtrSVDD_0030_E_0005454,-1.6631291426
CtrSVDD_0031_E_0005455,-4.3886883348
CtrSVDD_0032_E_0005456,-3.3084710118
CtrSVDD_0033_E_0005457,-3.3570955207
CtrSVDD_0034_E_0005458,-3.7207917735
CtrSVDD_0035_E_0005459,-2.5542880200
CtrSVDD_0036_E_0005460,-4.7196568624
CtrSVDD_0037_E_0005461,-4.6859613830
CtrSVDD_0038_E_0005462,-4.0500316677
CtrSVDD_0039_E_0005463,-5.1187470338
CtrSVDD_0040_E_0005464,-4.9891679666
CtrSVDD_0041_E_0005465,-2.0076884846
CtrSVDD_0042_E_0005466,-3.3601599423
CtrSVDD_0043_E_0005467,-3.0240855918
CtrSVDD_0044_E_0005468,-3.8984306016
CtrSVDD_0045_E_0005469,-1.1382351104
CtrSVDD_0046_E_0005470,-3.7003931870
CtrSVDD_0047_E_0005471,-0.2078072593
CtrSVDD_0000_E_0005472,-0.4475833594
CtrSVDD_0001_E_0005473,-2.2864739871
CtrSVDD_0002_E_0005474,-0.7203996036
CtrSVDD_0003_E_0005475,0.5684131487
CtrSVDD_0004_E_0005476,-2.4849731380
CtrSVDD_0005_E_0005477,-0.0861318474
CtrSVDD_0006_E_0005478,-2.3791151155
CtrSVDD_0007_E_0005479,-4.2273878945
CtrSVDD_0008_E_0005480,-4.1898192410
CtrSVDD_0009_E_0005481,-3.0529908283
CtrSVDD_0010_E_0005482,0.6138540366
CtrSVDD_0011_E_0005483,-1.0232773096
CtrSVDD_0012_E_0005484,-0.0443576981
CtrSVDD_0013_E_0005485,-3.8002798642
CtrSVDD_0014_E_0005486,-1.2293242083
CtrSVDD_0015_E_0005487,0.6235485520
CtrSVDD_0016_E_0005488,1.4161859442
CtrSVDD_0017_E_0005489,-5.4456400442
CtrSVDD_0018_E_0005490,1.3331649506
CtrSVDD_0019_E_0005491,-5.8916810862
CtrSVDD_0020_E_0005492,-4.0300714829
CtrSVDD_0021_E_0005493,-5.0852725357
CtrSVDD_0022_E_0005494,-2.7033919843
CtrSVDD_0023_E_0005495,-5.2513327104
CtrSVDD_0024_E_0005496,-2.0614549950
CtrSVDD_0025_E_0005497,-0.6701060655
CtrSVDD_0026_E_0005498,-0.2223927892
CtrSVDD_0027_E_0005499,-5.8594304186
CtrSVDD_0028_E_0005500,-2.6199473715
CtrSVDD_0029_E_0005501,-5.5762338429
CtrSVDD_0030_E_0005502,-4.0792961348
CtrSVDD_0031_E_0005503,-3.9197959478
CtrSVDD_0032_E_0005504,-3.6396254934
CtrSVDD_0033_E_0005505,-4.4818353662
CtrSVDD_0034_E_0005506,-3.1007952849
CtrSVDD_0035_E_0005507,-4.6057611207
CtrSVDD_0036_E_0005508,-4.6637870178
CtrSVDD_0037_E_0005509,-1.1709236590
CtrSVDD_0038_E_0005510,-2.4464068709
CtrSVDD_0039_E_0005511,0.3549110233
CtrSVDD_0040_E_0005512,-4.7968724167
CtrSVDD_0041_E_0005513,-4.0322460036
CtrSVDD_0042_E_0005514,-5.1618504061
CtrSVDD_0043_E_0005515,-3.3925746038
CtrSVDD_0044_E_0005516,-3.0462767250
CtrSVDD_0045_E_0005517,-5.9009391554
CtrSVDD_0046_E_0005518,2.1195954258
CtrSVDD_0047_E_0005519,-4.7748419415
CtrSVDD_0000_E_0005520,-4.7745689237
CtrSVDD_0001_E_0005521,-5.9453585804
CtrSVDD_0002_E_0005522,1.0888326775
CtrSVDD_0003_E_0005523,-4.0570986505
CtrSVDD_0004_E_0005524,-3.6438171565
CtrSVDD_0005_E_0005525,-3.7362627885
CtrSVDD_0006_E_0005526,-2.2385190382
CtrSVDD_0007_E_0005527,-3.1698585851
CtrSVDD_0008_E_0005528,-5.5203832033
CtrSVDD_0009_E_0005529,-4.9595421856
CtrSVDD_0010_E_0005530,1.0505583578
CtrSVDD_0011_E_0005531,-7.3515350804
CtrSVDD_0012_E_0005532,-3.9265999110
CtrSVDD_0013_E_0005533,-2.4636165967
CtrSVDD_0014_E_0005534,2.3716313507
CtrSVDD_0015_E_0005535,-3.7325748812
CtrSVDD_0016_E_0005536,-4.1675758989
CtrSVDD_0017_E_0005537,-4.0503334897
CtrSVDD_0018_E_0005538,-0.2740578323
CtrSVDD_0019_E_0005539,-5.4827807183
CtrSVDD_0020_E_0005540,-5.3922933479
CtrSVDD_0021_E_0005541,-3.3286784121
CtrSVDD_0022_E_0005542,-3.9068848513
CtrSVDD_0023_E_0005543,-5.3032771864
CtrSVDD_0024_E_0005544,-3.5539473740
CtrSVDD_0025_E_0005545,-5.0303845827
CtrSVDD_0026_E_0005546,-3.5561412296
CtrSVDD_0027_E_0005547,-1.3644275699
CtrSVDD_0028_E_0005548,-5.3791932572
CtrSVDD_0029_E_0005549,-2.3995269036
CtrSVDD_0030_E_0005550,-4.8193678755
CtrSVDD_0031_E_0005551,-3.3069278450
CtrSVDD_0032_E_0005552,-3.2160947161
CtrSVDD_0033_E_0005553,-4.9110745978
CtrSVDD_0034_E_0005554,-5.5187715803
CtrSVDD_0035_E_0005555,-4.5992645416
CtrSVDD_0036_E_0005556,-1.1059280247
CtrSVDD_0037_E_0005557,-4.3322331755
CtrSVDD_0038_E_0005558,-1.6241892886
CtrSVDD_0039_E_0005559,-3.6955191236
CtrSVDD_0040_E_0005560,1.0228863013
CtrSVDD_0041_E_0005561,-5.1450541323
CtrSVDD_0042_E_0005562,-1.8388978565
CtrSVDD_0043_E_0005563,-2.2472674340
CtrSVDD_0044_E_0005564,1.3366299620
CtrSVDD_0045_E_0005565,-5.3148608918
CtrSVDD_0046_E_0005566,-4.3241918069
CtrSVDD_0047_E_0005567,-3.7467753069
CtrSVDD_0000_E_0005568,-6.9120936810
CtrSVDD_0001_E_0005569,-1.5090093556
CtrSVDD_0002_E_0005570,-2.3893125181
CtrSVDD_0003_E_0005571,-0.9304840170
CtrSVDD_0004_E_0005572,0.0422002317
CtrSVDD_0005_E_0005573,0.3653585875
CtrSVDD_0006_E_0005574,-4.3224643952
CtrSVDD_0007_E_0005575,-2.5338421034
CtrSVDD_0008_E_0005576,-4.9081060394
CtrSVDD_0009_E_0005577,-2.7561327588
CtrSVDD_0010_E_0005578,-5.7256555510
CtrSVDD_0011_E_0005579,-6.3404205322
CtrSVDD_0012_E_0005580,-4.8461881466
CtrSVDD_0013_E_0005581,-4.0753268697
CtrSVDD_0014_E_0005582,-2.9558613057
CtrSVDD_0015_E_0005583,-0.8600686367
CtrSVDD_0016_E_0005584,-3.5841141455
CtrSVDD_0017_E_0005585,-3.3186170258
CtrSVDD_0018_E_0005586,-4.7645613006
CtrSVDD_0019_E_0005587,-5.1759810570
CtrSVDD_0020_E_0005588,-2.7313270435
CtrSVDD_0021_E_0005589,-0.7325865396
CtrSVDD_0022_E_0005590,-2.1017390549
CtrSVDD_0023_E_0005591,-4.0627295352
CtrSVDD_0024_E_0005592,-2.6859891245
CtrSVDD_0025_E_0005593,-5.5161392018
CtrSVDD_0026_E_0005594,-0.5149544913
CtrSVDD_0027_E_0005595,-0.1551867330
CtrSVDD_0028_E_0005596,-5.6332765174
CtrSVDD_0029_E_0005597,1.4713997696
CtrSVDD_0030_E_0005598,-1.4905077906
CtrSVDD_0031_E_0005599,-3.2980256127
CtrSVDD_0032_E_0005600,-5.1368784181
CtrSVDD_0033_E_0005601,-1.4421773942
CtrSVDD_0034_E_0005602,-0.2105548283
CtrSVDD_0035_E_0005603,-4.4228835522
CtrSVDD_0036_E_0005604,-1.3195165880
CtrSVDD_0037_E_0005605,-2.3612467826
CtrSVDD_0038_E_0005606,0.1441525774
CtrSVDD_0039_E_0005607,-2.9126685637
CtrSVDD_0040_E_0005608,-4.0564858916
CtrSVDD_0041_E_0005609,-8.5692808119
CtrSVDD_0042_E_0005610,-3.2397802296
CtrSVDD_0043_E_0005611,-2.4582113044
CtrSVDD_0044_E_0005612,-4.3031609195
CtrSVDD_0045_E_0005613,1.0467803551
CtrSVDD_0046_E_0005614,-2.5550741739
CtrSVDD_0047_E_0005615,-5.6251139593
CtrSVDD_0000_E_0005616,-4.7639138598
CtrSVDD_0001_E_0005617,-0.7529983711
CtrSVDD_0002_E_0005618,0.3578920410
CtrSVDD_0003_E_0005619,-5.2205792389
CtrSVDD_0004_E_0005620,-1.7880815306
CtrSVDD_0005_E_0005621,-6.0453085951
CtrSVDD_0006_E_0005622,-4.2935027301
CtrSVDD_0007_E_0005623,-5.0237297938
CtrSVDD_0008_E_0005624,-4.3738164005
CtrSVDD_0009_E_0005625,-5.2061948157
CtrSVDD_0010_E_0005626,-3.7718299192
CtrSVDD_0011_E_0005627,-6.1354311935
CtrSVDD_0012_E_0005628,0.0160867570
CtrSVDD_0013_E_0005629,-2.5243562982
CtrSVDD_0014_E_0005630,-6.9140926329
CtrSVDD_0015_E_0005631,-2.2859193256
CtrSVDD_0016_E_0005632,-1.0706009978
CtrSVDD_0017_E_0005633,-2.4081380646
CtrSVDD_0018_E_0005634,-5.9345622908
CtrSVDD_0019_E_0005635,-5.2415056963
CtrSVDD_0020_E_0005636,-3.2496057604
CtrSVDD_0021_E_0005637,-0.4868377022
CtrSVDD_0022_E_0005638,-3.6906226071
CtrSVDD_0023_E_0005639,-5.3352936454
CtrSVDD_0024_E_0005640,-4.4160576718
CtrSVDD_0025_E_0005641,-1.5609110987
CtrSVDD_0026_E_0005642,-0.6893569079
CtrSVDD_0027_E_0005643,-5.7190924399
CtrSVDD_0028_E_0005644,-2.6727693781
CtrSVDD_0029_E_0005645,-5.6113649730
CtrSVDD_0030_E_0005646,-5.8765335776
CtrSVDD_0031_E_0005647,-5.3909039161
CtrSVDD_0032_E_0005648,-0.7636742489
CtrSVDD_0033_E_0005649,-2.4800011997
CtrSVDD_0034_E_0005650,-3.2518177158
CtrSVDD_0035_E_0005651,-2.2084668039
CtrSVDD_0036_E_0005652,0.3897168286
CtrSVDD_0037_E_0005653,-0.7671072605
CtrSVDD_0038_E_0005654,-4.4931639385
CtrSVDD_0039_E_0005655,-5.9834557166
CtrSVDD_0040_E_0005656,-4.3859072726
CtrSVDD_0041_E_0005657,-4.9436592772
CtrSVDD_0042_E_0005658,-3.3833048619
CtrSVDD_0043_E_0005659,-4.2966527656
CtrSVDD_0044_E_0005660,-6.0914922064
CtrSVDD_0045_E_0005661,-3.9135772960
CtrSVDD_0046_E_0005662,-4.5415375727
CtrSVDD_0047_E_0005663,-5.4298487950
CtrSVDD_0000_E_0005664,-3.4524073631
CtrSVDD_0001_E_0005665,-7.1111820923
CtrSVDD_0002_E_0005666,-4.1741738478
CtrSVDD_0003_E_0005667,-3.7872470943
CtrSVDD_0004_E_0005668,-5.3285318727
CtrSVDD_0005_E_0005669,-4.5118344381
CtrSVDD_0006_E_0005670,-0.6333515677
CtrSVDD_0007_E_0005671,-5.0817804749
CtrSVDD_0008_E_0005672,-5.2122493545
CtrSVDD_0009_E_0005673,0.0361851503
CtrSVDD_0010_E_0005674,0.5038065543
CtrSVDD_0011_E_0005675,-5.0091094476
CtrSVDD_0012_E_0005676,-3.5354918631
CtrSVDD_0013_E_0005677,-3.0384372245
CtrSVDD_0014_E_0005678,-3.9357309654
CtrSVDD_0015_E_0005679,-0.0694438963
CtrSVDD_0016_E_0005680,-2.0089848627
CtrSVDD_0017_E_0005681,-1.2464162809
CtrSVDD_0018_E_0005682,-2.2924538457
CtrSVDD_0019_E_0005683,-3.7857507458
CtrSVDD_0020_E_0005684,-4.9319558257
CtrSVDD_0021_E_0005685,-5.4936943589
CtrSVDD_0022_E_0005686,-0.1488734770
CtrSVDD_0023_E_0005687,-0.9097830457
CtrSVDD_0024_E_0005688,-4.2101852140
CtrSVDD_0025_E_0005689,0.9310545851
CtrSVDD_0026_E_0005690,-2.1026786964
CtrSVDD_0027_E_0005691,-5.7641010287
CtrSVDD_0028_E_0005692,-5.9187345098
CtrSVDD_0029_E_0005693,-3.5192391766
CtrSVDD_0030_E_0005694,-3.8045421672
CtrSVDD_0031_E_0005695,-5.8004085196
CtrSVDD_0032_E_0005696,1.1171015851
CtrSVDD_0033_E_0005697,-4.0598870193
CtrSVDD_0034_E_0005698,-5.0819426045
CtrSVDD_0035_E_0005699,-5.3536756390
CtrSVDD_0036_E_0005700,-4.5664192296
CtrSVDD_0037_E_0005701,-6.4554628073
CtrSVDD_0038_E_0005702,-3.2461586771
CtrSVDD_0039_E_0005703,-5.3235127865
CtrSVDD_0040_E_0005704,-4.6273030740
CtrSVDD_0041_E_0005705,0.4370201369
CtrSVDD_0042_E_0005706,-5.8378151419
CtrSVDD_0043_E_0005707,-4.7241807913
CtrSVDD_0044_E_0005708,-5.4468721725
CtrSVDD_0045_E_0005709,-2.7068108098
CtrSVDD_0046_E_0005710,-1.1144948228
CtrSVDD_0047_E_0005711,-0.3001606119
CtrSVDD_0000_E_0005712,-2.0194693544
CtrSVDD_0001_E_0005713,-3.1978662212
CtrSVDD_0002_E_0005714,1.1546768705
CtrSVDD_0003_E_0005715,-4.7857673480
CtrSVDD_0004_E_0005716,-4.2254769223
CtrSVDD_0005_E_0005717,-5.0041656653
CtrSVDD_0006_E_0005718,-3.1877019555
CtrSVDD_0007_E_0005719,-2.8452613593
CtrSVDD_0008_E_0005720,-4.4976173215
CtrSVDD_0009_E_0005721,-4.2943669264
CtrSVDD_0010_E_0005722,-5.2110373631
CtrSVDD_0011_E_0005723,-1.5253929382
CtrSVDD_0012_E_0005724,-5.5835781413
CtrSVDD_0013_E_0005725,0.9240337388
CtrSVDD_0014_E_0005726,0.3452723289
CtrSVDD_0015_E_0005727,-3.8772328018
CtrSVDD_0016_E_0005728,-1.1067196000
CtrSVDD_0017_E_0005729,-3.6840219139
CtrSVDD_0018_E_0005730,-0.8450307422
CtrSVDD_0019_E_0005731,-0.0286790869
CtrSVDD_0020_E_0005732,-1.8534465784
CtrSVDD_0021_E_0005733,-4.5670248146
CtrSVDD_0022_E_0005734,-5.1512034992
CtrSVDD_0023_E_0005735,-2.7856576362
CtrSVDD_0024_E_0005736,-1.3362193000
CtrSVDD_0025_E_0005737,-2.6643026282
CtrSVDD_0026_E_0005738,-0.5133580378
CtrSVDD_0027_E_0005739,-3.4949530139
CtrSVDD_0028_E_0005740,-3.8943656182
CtrSVDD_0029_E_0005741,-4.2237932107
CtrSVDD_0030_E_0005742,-4.7301098364
CtrSVDD_0031_E_0005743,0.4182268725
CtrSVDD_0032_E_0005744,-4.6465233098
CtrSVDD_0033_E_0005745,-4.6020114577
CtrSVDD_0034_E_0005746,0.3208475899
CtrSVDD_0035_E_0005747,-0.2900690762
CtrSVDD_0036_E_0005748,-2.3011563142
CtrSVDD_0037_E_0005749,-0.8198256251
CtrSVDD_0038_E_0005750,-4.2663598149
CtrSVDD_0039_E_0005751,-3.8169220995
CtrSVDD_0040_E_0005752,0.1015865932
CtrSVDD_0041_E_0005753,-0.5982619239
CtrSVDD_0042_E_0005754,-4.7824078699
CtrSVDD_0043_E_0005755,-1.0496804264
CtrSVDD_0044_E_0005756,-4.0243204787
CtrSVDD_0045_E_0005757,-2.3564293996
CtrSVDD_0046_E_0005758,-0.4532560087
CtrSVDD_0047_E_0005759,-1.6760232724
CtrSVDD_0000_E_0005760,-3.5738141728
CtrSVDD_0001_E_0005761,-4.0156957446
CtrSVDD_0002_E_0005762,-1.8322469443
CtrSVDD_0003_E_0005763,-4.3988351758
CtrSVDD_0004_E_0005764,-4.2606249849
CtrSVDD_0005_E_0005765,-1.5035460135
CtrSVDD_0006_E_0005766,-6.3071630510
CtrSVDD_0007_E_0005767,-1.4352085477
CtrSVDD_0008_E_0005768,-3.9834288025
CtrSVDD_0009_E_0005769,0.6648625781
CtrSVDD_0010_E_0005770,-4.6608304118
CtrSVDD_0011_E_0005771,-3.5792592531
CtrSVDD_0012_E_0005772,-2.3120813733
CtrSVDD_0013_E_0005773,-4.3005496360
CtrSVDD_0014_E_0005774,-1.0888326775
CtrSVDD_0015_E_0005775,-3.8414645181
CtrSVDD_0016_E_0005776,-2.7945354394
CtrSVDD_0017_E_0005777,0.2809784640
CtrSVDD_0018_E_0005778,-0.1792168030
CtrSVDD_0019_E_0005779,-4.9397164776
CtrSVDD_0020_E_0005780,-2.6145387263
CtrSVDD_0021_E_0005781,-1.5382041819
CtrSVDD_0022_E_0005782,-4.4816470885
CtrSVDD_0023_E_0005783,-0.1608521865
CtrSVDD_0024_E_0005784,-5.7383437462
CtrSVDD_0025_E_0005785,-4.6777711700
CtrSVDD_0026_E_0005786,-0.3788501997
CtrSVDD_0027_E_0005787,1.6949617785
CtrSVDD_0028_E_0005788,-5.9267026827
CtrSVDD_0029_E_0005789,1.0562284023
CtrSVDD_0030_E_0005790,-5.8307045089
CtrSVDD_0031_E_0005791,-4.9280767148
CtrSVDD_0032_E_0005792,-1.9402726264
CtrSVDD_0033_E_0005793,-3.0916200891
CtrSVDD_0034_E_0005794,-4.0315058393
CtrSVDD_0035_E_0005795,-6.5545075887
CtrSVDD_0036_E_0005796,0.0006993941
CtrSVDD_0037_E_0005797,-4.1182044731
CtrSVDD_0038_E_0005798,-3.9046183969
CtrSVDD_0039_E_0005799,-4.6713314701
CtrSVDD_0040_E_0005800,-5.7538098906
CtrSVDD_0041_E_0005801,-3.4164719004
CtrSVDD_0042_E_0005802,-4.9419798496
CtrSVDD_0043_E_0005803,-5.5532784971
CtrSVDD_0044_E_0005804,-6.0140016694
CtrSVDD_0045_E_0005805,-1.7320105157
CtrSVDD_0046_E_0005806,-5.0632082019
CtrSVDD_0047_E_0005807,-0.0510779670
CtrSVDD_0000_E_0005808,-3.5384181662
CtrSVDD_0001_E_0005809,0.0604775373
CtrSVDD_0002_E_0005810,-1.1409127093
CtrSVDD_0003_E_0005811,-2.3582338876
CtrSVDD_0004_E_0005812,-3.5162740816
CtrSVDD_0005_E_0005813,-0.4197539913
CtrSVDD_0006_E_0005814,-4.8456254146
CtrSVDD_0007_E_0005815,-2.8378274131
CtrSVDD_0008_E_0005816,2.7328835547
CtrSVDD_0009_E_0005817,-3.2748650954
CtrSVDD_0010_E_0005818,-3.3938836916
CtrSVDD_0011_E_0005819,-3.7595104384
CtrSVDD_0012_E_0005820,-5.0849957267
CtrSVDD_0013_E_0005821,-0.6406295548
CtrSVDD_0014_E_0005822,-0.7887715581
CtrSVDD_0015_E_0005823,-1.4537880843
CtrSVDD_0016_E_0005824,0.8944264796
CtrSVDD_0017_E_0005825,-5.4047361407
CtrSVDD_0018_E_0005826,-5.0494392490
CtrSVDD_0019_E_0005827,-4.2319346947
CtrSVDD_0020_E_0005828,-1.4391373656
CtrSVDD_0021_E_0005829,-4.0996753388
CtrSVDD_0022_E_0005830,-2.8636766735
CtrSVDD_0023_E_0005831,-4.4742010312
CtrSVDD_0024_E_0005832,-3.5649804220
CtrSVDD_0025_E_0005833,-4.0377423368
CtrSVDD_0026_E_0005834,-2.7212640011
CtrSVDD_0027_E_0005835,1.6453949376
CtrSVDD_0028_E_0005836,-3.6299932523
CtrSVDD_0029_E_0005837,-6.1281398425
CtrSVDD_0030_E_0005838,-3.9382799257
CtrSVDD_0031_E_0005839,-3.8788345739
CtrSVDD_0032_E_0005840,-3.4373243173
CtrSVDD_0033_E_0005841,-6.3239386255
CtrSVDD_0034_E_0005842,-3.3772794279
CtrSVDD_0035_E_0005843,-6.0218607102
CtrSVDD_0036_E_0005844,-4.7096576350
CtrSVDD_0037_E_0005845,-2.3709362059
CtrSVDD_0038_E_0005846,-3.9994524391
CtrSVDD_0039_E_0005847,-5.1368915743
CtrSVDD_0040_E_0005848,1.3434402402
CtrSVDD_0041_E_0005849,-5.2173914996
CtrSVDD_0042_E_0005850,-2.2604472660
CtrSVDD_0043_E_0005851,1.0279947747
CtrSVDD_0044_E_0005852,-4.4358990201
CtrSVDD_0045_E_0005853,-3.6807609652
CtrSVDD_0046_E_0005854,-2.9555259106
CtrSVDD_0047_E_0005855,-4.8389819655
CtrSVDD_0000_E_0005856,-4.1287667374
CtrSVDD_0001_E_0005857,-1.0516312817
CtrSVDD_0002_E_0005858,0.5197517581
CtrSVDD_0003_E_0005859,-2.4280471152
CtrSVDD_0004_E_0005860,-3.4509146443
CtrSVDD_0005_E_0005861,-4.2978987743
CtrSVDD_0006_E_0005862,-5.1917635914
CtrSVDD_0007_E_0005863,-3.0147948559
CtrSVDD_0008_E_0005864,-0.3459867419
CtrSVDD_0009_E_0005865,-5.1110484155
CtrSVDD_0010_E_0005866,0.4082657965
CtrSVDD_0011_E_0005867,-6.1461179130
CtrSVDD_0012_E_0005868,-4.4516281205
CtrSVDD_0013_E_0005869,-0.7906822025
CtrSVDD_0014_E_0005870,-2.1545822684
CtrSVDD_0015_E_0005871,-4.5858497293
CtrSVDD_0016_E_0005872,-5.3861898853
CtrSVDD_0017_E_0005873,-1.3970837332
CtrSVDD_0018_E_0005874,-4.1209074093
CtrSVDD_0019_E_0005875,-0.5229565873
CtrSVDD_0020_E_0005876,-2.0221542534
CtrSVDD_0021_E_0005877,-2.8248534150
CtrSVDD_0022_E_0005878,-6.4654718697
CtrSVDD_0023_E_0005879,-5.8560545735
CtrSVDD_0024_E_0005880,1.4550792554
CtrSVDD_0025_E_0005881,-4.7425262769
CtrSVDD_0026_E_0005882,-4.9035890547
CtrSVDD_0027_E_0005883,-2.2301505859
CtrSVDD_0028_E_0005884,-3.9489097140
CtrSVDD_0029_E_0005885,-4.9363227071
CtrSVDD_0030_E_0005886,-4.2189966968
CtrSVDD_0031_E_0005887,-3.9625409603
CtrSVDD_0032_E_0005888,0.7548569455
CtrSVDD_0033_E_0005889,-4.1489280983
CtrSVDD_0034_E_0005890,-3.6105762562
CtrSVDD_0035_E_0005891,-4.5072937659
CtrSVDD_0036_E_0005892,-2.5073882519
CtrSVDD_0037_E_0005893,-5.1004421687
CtrSVDD_0038_E_0005894,-4.7140463408
CtrSVDD_0039_E_0005895,-5.4674374688
CtrSVDD_0040_E_0005896,0.8420025708
CtrSVDD_0041_E_0005897,1.1223380117
CtrSVDD_0042_E_0005898,-5.8201819370
CtrSVDD_0043_E_0005899,-3.6766576185
CtrSVDD_0044_E_0005900,-4.3174526300
CtrSVDD_0045_E_0005901,-6.6453360588
CtrSVDD_0046_E_0005902,-1.4008052395
CtrSVDD_0047_E_0005903,-5.0798887237
CtrSVDD_0000_E_0005904,-4.3338082935
CtrSVDD_0001_E_0005905,-4.5067415018
CtrSVDD_0002_E_0005906,-5.0033900564
CtrSVDD_0003_E_0005907,-3.6945728306
CtrSVDD_0004_E_0005908,-5.1353382422
CtrSVDD_0005_E_0005909,-2.7277678063
CtrSVDD_0006_E_0005910,-3.3666289230
CtrSVDD_0007_E_0005911,-2.4915849052
CtrSVDD_0008_E_0005912,-4.9002096227
CtrSVDD_0009_E_0005913,-5.7950896046
CtrSVDD_0010_E_0005914,0.4228111722
CtrSVDD_0011_E_0005915,-5.8368098165
CtrSVDD_0012_E_0005916,-3.4322982482
CtrSVDD_0013_E_0005917,-3.2550148323
CtrSVDD_0014_E_0005918,-3.8348480260
CtrSVDD_0015_E_0005919,-5.2037767648
CtrSVDD_0016_E_0005920,-4.9014219011
CtrSVDD_0017_E_0005921,-5.1053277677
CtrSVDD_0018_E_0005922,-3.9860184700
CtrSVDD_0019_E_0005923,-4.3655566317
CtrSVDD_0020_E_0005924,-4.0179788428
CtrSVDD_0021_E_0005925,-3.4803543234
CtrSVDD_0022_E_0005926,-2.6793976021
CtrSVDD_0023_E_0005927,-4.9081305610
CtrSVDD_0024_E_0005928,0.8778551678
CtrSVDD_0025_E_0005929,-4.4000607690
CtrSVDD_0026_E_0005930,-2.6436063351
CtrSVDD_0027_E_0005931,0.2366609884
CtrSVDD_0028_E_0005932,-5.4935989779
CtrSVDD_0029_E_0005933,-4.8877835139
CtrSVDD_0030_E_0005934,-3.9296412952
CtrSVDD_0031_E_0005935,0.5750016537
CtrSVDD_0032_E_0005936,1.0905115955
CtrSVDD_0033_E_0005937,-1.8254775120
CtrSVDD_0034_E_0005938,-3.3153794032
CtrSVDD_0035_E_0005939,0.7585819416
CtrSVDD_0036_E_0005940,-2.5571464429
CtrSVDD_0037_E_0005941,-2.1904735546
CtrSVDD_0038_E_0005942,-4.4527415946
CtrSVDD_0039_E_0005943,0.0383500604
CtrSVDD_0040_E_0005944,1.2165582875
CtrSVDD_0041_E_0005945,-4.6972024592
CtrSVDD_0042_E_0005946,-5.5475946575
CtrSVDD_0043_E_0005947,-1.5595696761
CtrSVDD_0044_E_0005948,-3.5280314116
CtrSVDD_0045_E_0005949,-4.8674722748
CtrSVDD_0046_E_0005950,-2.2734801724
CtrSVDD_0047_E_0005951,-5.6331699451
CtrSVDD_0000_E_0005952,-3.0134504775
CtrSVDD_0001_E_0005953,-3.8281951434
CtrSVDD_0002_E_0005954,-4.5363881426
CtrSVDD_0003_E_0005955,-0.9544740278
CtrSVDD_0004_E_0005956,-3.1258635822
CtrSVDD_0005_E_0005957,-3.1635631567
CtrSVDD_0006_E_0005958,-4.2088818854
CtrSVDD_0007_E_0005959,-0.3713076404
CtrSVDD_0008_E_0005960,-3.4807638295
CtrSVDD_0009_E_0005961,-3.1310750737
CtrSVDD_0010_E_0005962,-1.2004615537
CtrSVDD_0011_E_0005963,-0.9655620099
CtrSVDD_0012_E_0005964,-7.9978720060
CtrSVDD_0013_E_0005965,-3.9770933677
CtrSVDD_0014_E_0005966,-6.1950894614
CtrSVDD_0015_E_0005967,-4.1077218609
CtrSVDD_0016_E_0005968,0.0903445830
CtrSVDD_0017_E_0005969,-3.0853643435
CtrSVDD_0018_E_0005970,-4.0386575085
CtrSVDD_0019_E_0005971,-0.8944264796
CtrSVDD_0020_E_0005972,0.2929880969
CtrSVDD_0021_E_0005973,-3.4254782895
CtrSVDD_0022_E_0005974,-3.9632539811
CtrSVDD_0023_E_0005975,-2.9925678649
CtrSVDD_0024_E_0005976,-4.0010933091
CtrSVDD_0025_E_0005977,-3.1251646076
CtrSVDD_0026_E_0005978,0.4304715213
CtrSVDD_0027_E_0005979,-3.5201811358
CtrSVDD_0028_E_0005980,-4.3398110721
CtrSVDD_0029_E_0005981,0.7400603223
CtrSVDD_0030_E_0005982,-6.0045986082
CtrSVDD_0031_E_0005983,0.0831933267
CtrSVDD_0032_E_0005984,-3.3100134816
CtrSVDD_0033_E_0005985,-0.7238873738
CtrSVDD_0034_E_0005986,-0.4946424085
CtrSVDD_0035_E_0005987,-5.1870195446
CtrSVDD_0036_E_0005988,-3.3022941243
CtrSVDD_0037_E_0005989,2.2891032161
CtrSVDD_0038_E_0005990,-4.6282401905
CtrSVDD_0039_E_0005991,0.7641892626
CtrSVDD_0040_E_0005992,-2.8228841653
CtrSVDD_0041_E_0005993,-0.2959096162
CtrSVDD_0042_E_0005994,-3.3407223116
CtrSVDD_0043_E_0005995,-4.0669396518
CtrSVDD_0044_E_0005996,-2.6399981986
CtrSVDD_0045_E_0005997,-4.2388974990
CtrSVDD_0046_E_0005998,-4.5679162602
CtrSVDD_0047_E_0005999,-1.2437718837
CtrSVDD_0000_E_0006000,-5.3111619338
CtrSVDD_0001_E_0006001,-0.6150761009
CtrSVDD_0002_E_0006002,-2.9744889866
CtrSVDD_0003_E_0006003,-5.3652353715
CtrSVDD_0004_E_0006004,-0.2057869747
CtrSVDD_0005_E_0006005,-3.9391448738
CtrSVDD_0006_E_0006006,-0.6242790561
CtrSVDD_0007_E_0006007,-4.7963796951
CtrSVDD_0008_E_0006008,-4.3726739627
CtrSVDD_0009_E_0006009,-4.2324342195
CtrSVDD_0010_E_0006010,-3.8757135817
CtrSVDD_0011_E_0006011,-4.2338749206
CtrSVDD_0012_E_0006012,-1.5531256326
CtrSVDD_0013_E_0006013,-0.0134898594
CtrSVDD_0014_E_0006014,-2.7970257747
CtrSVDD_0015_E_0006015,-4.0556877920
CtrSVDD_0016_E_0006016,-3.8480452649
CtrSVDD_0017_E_0006017,-5.4318198957
CtrSVDD_0018_E_0006018,-4.6352230827
CtrSVDD_0019_E_0006019,-0.8783676409
CtrSVDD_0020_E_0006020,-1.0641680718
CtrSVDD_0021_E_0006021,-3.5976801168
CtrSVDD_0022_E_0006022,-2.9458457085
CtrSVDD_0023_E_0006023,-1.2872121379
CtrSVDD_0024_E_0006024,0.5618492257
CtrSVDD_0025_E_0006025,-4.3859674553
CtrSVDD_0026_E_0006026,-3.7273136965
CtrSVDD_0027_E_0006027,-5.2951146283
CtrSVDD_0028_E_0006028,-1.0990107135
CtrSVDD_0029_E_0006029,-0.2549452101
CtrSVDD_0030_E_0006030,-3.7777257176
CtrSVDD_0031_E_0006031,-6.0416718746
CtrSVDD_0032_E_0006032,-5.5010301619
CtrSVDD_0033_E_0006033,-2.3413289056
CtrSVDD_0034_E_0006034,-3.2366997519
CtrSVDD_0035_E_0006035,-6.0423834594
CtrSVDD_0036_E_0006036,-4.3301348438
CtrSVDD_0037_E_0006037,-5.1881105701
CtrSVDD_0038_E_0006038,-6.1807626556
CtrSVDD_0039_E_0006039,-2.3642495740
CtrSVDD_0040_E_0006040,-3.1743611357
CtrSVDD_0041_E_0006041,-3.1369060412
CtrSVDD_0042_E_0006042,-4.5268488574
CtrSVDD_0043_E_0006043,-4.7550967084
CtrSVDD_0044_E_0006044,-3.4568832915
CtrSVDD_0045_E_0006045,0.2653542101
CtrSVDD_0046_E_0006046,0.2508923729
CtrSVDD_0047_E_0006047,1.4155212894
CtrSVDD_0000_E_0006048,-4.9637651988
CtrSVDD_0001_E_0006049,-6.1135655680
CtrSVDD_0002_E_0006050,1.2901844981
CtrSVDD_0003_E_0006051,-5.0707293284
CtrSVDD_0004_E_0006052,-3.3023759801
CtrSVDD_0005_E_0006053,-1.1107395767
CtrSVDD_0006_E_0006054,-5.6638217113
CtrSVDD_0007_E_0006055,-3.3262793799
CtrSVDD_0008_E_0006056,-6.4340818945
CtrSVDD_0009_E_0006057,-2.9942335838
CtrSVDD_0010_E_0006058,-1.6066909070
CtrSVDD_0011_E_0006059,-5.5102329103
CtrSVDD_0012_E_0006060,-2.9243051901
CtrSVDD_0013_E_0006061,-1.4042485515
CtrSVDD_0014_E_0006062,-0.0104911032
CtrSVDD_0015_E_0006063,-0.7907762051
CtrSVDD_0016_E_0006064,-2.2339713810
CtrSVDD_0017_E_0006065,-4.5167676813
CtrSVDD_0018_E_0006066,-1.9491290290
CtrSVDD_0019_E_0006067,-1.6563238653
CtrSVDD_0020_E_0006068,-2.5178391616
CtrSVDD_0021_E_0006069,0.0768622262
CtrSVDD_0022_E_0006070,-1.0206394697
CtrSVDD_0023_E_0006071,-4.0936258422
CtrSVDD_0024_E_0006072,-2.0970538847
CtrSVDD_0025_E_0006073,1.7264672134
CtrSVDD_0026_E_0006074,-5.0606364841
CtrSVDD_0027_E_0006075,0.6578995520
CtrSVDD_0028_E_0006076,-1.8173354769
CtrSVDD_0029_E_0006077,-4.2875071601
CtrSVDD_0030_E_0006078,-0.3474721907
CtrSVDD_0031_E_0006079,-5.7292786146
CtrSVDD_0032_E_0006080,-2.2707490735
CtrSVDD_0033_E_0006081,0.5149544913
CtrSVDD_0034_E_0006082,-6.5579092600
CtrSVDD_0035_E_0006083,-2.2386918409
CtrSVDD_0036_E_0006084,-5.2110274310
CtrSVDD_0037_E_0006085,-5.9451395456
CtrSVDD_0038_E_0006086,-5.3621795288
CtrSVDD_0039_E_0006087,-2.6668539237
CtrSVDD_0040_E_0006088,-4.3095774523
CtrSVDD_0041_E_0006089,-2.7906675310
CtrSVDD_0042_E_0006090,-4.4315695728
CtrSVDD_0043_E_0006091,-4.6267555938
CtrSVDD_0044_E_0006092,1.9082291381
CtrSVDD_0045_E_0006093,-0.1718648444
CtrSVDD_0046_E_0006094,-3.4702917409
CtrSVDD_0047_E_0006095,-3.5819240526
CtrSVDD_0000_E_0006096,-6.7014638212
CtrSVDD_0001_E_0006097,-1.7009223142
CtrSVDD_0002_E_0006098,-6.2636802327
CtrSVDD_0003_E_0006099,-1.0012213828
CtrSVDD_0004_E_0006100,-5.4565040748
CtrSVDD_0005_E_0006101,-0.5684131487
CtrSVDD_0006_E_0006102,0.0524786315
CtrSVDD_0007_E_0006103,-4.8518799644
CtrSVDD_0008_E_0006104,-1.7861856248
CtrSVDD_0009_E_0006105,-4.4055922245
CtrSVDD_0010_E_0006106,-0.8746058525
CtrSVDD_0011_E_0006107,0.2634263767
CtrSVDD_0012_E_0006108,-4.0025557236
CtrSVDD_0013_E_0006109,-1.5997246650
CtrSVDD_0014_E_0006110,-5.2922976222
CtrSVDD_0015_E_0006111,-3.7665666098
CtrSVDD_0016_E_0006112,-4.4157617606
CtrSVDD_0017_E_0006113,-4.2687875430
CtrSVDD_0018_E_0006114,-4.0795042133
CtrSVDD_0019_E_0006115,-1.6277035582
CtrSVDD_0020_E_0006116,-4.3434485566
CtrSVDD_0021_E_0006117,-3.3315369932
CtrSVDD_0022_E_0006118,-6.0250305384
CtrSVDD_0023_E_0006119,-3.2224512645
CtrSVDD_0024_E_0006120,-5.2913219097
CtrSVDD_0025_E_0006121,0.9790263415
CtrSVDD_0026_E_0006122,-3.1515586485
CtrSVDD_0027_E_0006123,-4.7572173381
CtrSVDD_0028_E_0006124,-1.5651607318
CtrSVDD_0029_E_0006125,-1.7191531446
CtrSVDD_0030_E_0006126,-5.0887677825
CtrSVDD_0031_E_0006127,-4.0434807326
CtrSVDD_0032_E_0006128,-5.0597353351
CtrSVDD_0033_E_0006129,-5.8162258513
CtrSVDD_0034_E_0006130,-3.6972515327
CtrSVDD_0035_E_0006131,-4.4515391124
CtrSVDD_0036_E_0006132,-4.1930776488
CtrSVDD_0037_E_0006133,-5.6034823906
CtrSVDD_0038_E_0006134,-4.1139107962
CtrSVDD_0039_E_0006135,-4.4542786250
CtrSVDD_0040_E_0006136,-3.7783474674
CtrSVDD_0041_E_0006137,-2.7324194409
CtrSVDD_0042_E_0006138,0.8600926569
CtrSVDD_0043_E_0006139,-2.2491572882
CtrSVDD_0044_E_0006140,0.6788864349
CtrSVDD_0045_E_0006141,0.0104911032
CtrSVDD_0046_E_0006142,-1.6595626286
CtrSVDD_0047_E_0006143,-6.0083049389
CtrSVDD_0000_E_0006144,-3.8419776599
CtrSVDD_0001_E_0006145,-5.5562117290
CtrSVDD_0002_E_0006146,-4.8571593120
CtrSVDD_0003_E_0006147,0.4911560677
CtrSVDD_0004_E_0006148,-0.3237943289
CtrSVDD_0005_E_0006149,-4.0096060994
CtrSVDD_0006_E_0006150,-2.1494834269
CtrSVDD_0007_E_0006151,-0.9156697194
CtrSVDD_0008_E_0006152,-3.9705116136
CtrSVDD_0009_E_0006153,-2.9108129075
CtrSVDD_0010_E_0006154,-1.0041834899
CtrSVDD_0011_E_0006155,-0.7382221511
CtrSVDD_0012_E_0006156,-1.3862171159
CtrSVDD_0013_E_0006157,-5.1075029868
CtrSVDD_0014_E_0006158,-2.8689987669
CtrSVDD_0015_E_0006159,-3.2145032289
CtrSVDD_0016_E_0006160,-2.4934636462
CtrSVDD_0017_E_0006161,-4.1516442506
CtrSVDD_0018_E_0006162,-5.4122592116
CtrSVDD_0019_E_0006163,-3.3809910628
CtrSVDD_0020_E_0006164,-4.3749592077
CtrSVDD_0021_E_0006165,-5.9829930598
CtrSVDD_0022_E_0006166,-1.9851656494
CtrSVDD_0023_E_0006167,-1.5100460530
CtrSVDD_0024_E_0006168,-4.2107075657
CtrSVDD_0025_E_0006169,1.1093038909
CtrSVDD_0026_E_0006170,-5.5260598611
CtrSVDD_0027_E_0006171,-3.0323533242
CtrSVDD_0028_E_0006172,-4.4253607386
CtrSVDD_0029_E_0006173,-1.3633577149
CtrSVDD_0030_E_0006174,0.5261667968
CtrSVDD_0031_E_0006175,-0.2640926932
CtrSVDD_0032_E_0006176,-0.9947370892
CtrSVDD_0033_E_0006177,-4.9919697036
CtrSVDD_0034_E_0006178,-2.6710781396
CtrSVDD_0035_E_0006179,-3.7199809834
CtrSVDD_0036_E_0006180,-6.0079869989
CtrSVDD_0037_E_0006181,-3.7444253465
CtrSVDD_0038_E_0006182,-0.6993724220
CtrSVDD_0039_E_0006183,-4.9885482259
CtrSVDD_0040_E_0006184,-4.7207787465
CtrSVDD_0041_E_0006185,-5.7274178824
CtrSVDD_0042_E_0006186,-4.4439519839
CtrSVDD_0043_E_0006187,-4.7083746021
CtrSVDD_0044_E_0006188,-4.8914993734
CtrSVDD_0045_E_0006189,0.9761252008
CtrSVDD_0046_E_0006190,-2.3153451213
CtrSVDD_0047_E_0006191,-5.3974252765
CtrSVDD_0000_E_0006192,0.1374322755
CtrSVDD_0001_E_0006193,0.0847279455
CtrSVDD_0002_E_0006194,2.1353653312
CtrSVDD_0003_E_0006195,-2.5395762985
CtrSVDD_0004_E_0006196,-3.6223294911
CtrSVDD_0005_E_0006197,-4.5903245560
CtrSVDD_0006_E_0006198,-5.4321545438
CtrSVDD_0007_E_0006199,-4.1543091630
CtrSVDD_0008_E_0006200,-1.5480359135
CtrSVDD_0009_E_0006201,-1.5604817102
CtrSVDD_0010_E_0006202,-3.8348344305
CtrSVDD_0011_E_0006203,0.3534216980
CtrSVDD_0012_E_0006204,-4.3399189805
CtrSVDD_0013_E_0006205,0.0957844592
CtrSVDD_0014_E_0006206,-6.0934494790
CtrSVDD_0015_E_0006207,-2.4796551383
CtrSVDD_0016_E_0006208,-2.9301776588
CtrSVDD_0017_E_0006209,-3.1090336623
CtrSVDD_0018_E_0006210,-3.1266418881
CtrSVDD_0019_E_0006211,-5.7726261720
CtrSVDD_0020_E_0006212,-5.2786550479
CtrSVDD_0021_E_0006213,-2.3650201311
CtrSVDD_0022_E_0006214,-5.5649386765
CtrSVDD_0023_E_0006215,-5.5620239792
CtrSVDD_0024_E_0006216,-4.3530233714
CtrSVDD_0025_E_0006217,0.5342161970
CtrSVDD_0026_E_0006218,-4.0790366857
CtrSVDD_0027_E_0006219,-4.1043479389
CtrSVDD_0028_E_0006220,-6.9802638905
CtrSVDD_0029_E_0006221,-4.1247748268
CtrSVDD_0030_E_0006222,-6.6753742774
CtrSVDD_0031_E_0006223,-1.2791545544
CtrSVDD_0032_E_0006224,-5.1554755990
CtrSVDD_0033_E_0006225,-4.9564340524
CtrSVDD_0034_E_0006226,-0.0216829145
CtrSVDD_0035_E_0006227,-1.5327069318
CtrSVDD_0036_E_0006228,-5.7933459499
CtrSVDD_0037_E_0006229,-0.6206392316
CtrSVDD_0038_E_0006230,-1.7710874716
CtrSVDD_0039_E_0006231,-5.9709905981
CtrSVDD_0040_E_0006232,-1.3211352678
CtrSVDD_0041_E_0006233,-3.5325388111
CtrSVDD_0042_E_0006234,-2.5845236194
CtrSVDD_0043_E_0006235,-3.2335397367
CtrSVDD_0044_E_0006236,-4.9126067185
CtrSVDD_0045_E_0006237,-6.0226128304
CtrSVDD_0046_E_0006238,-5.4344795053
CtrSVDD_0047_E_0006239,-2.9844053068
CtrSVDD_0000_E_0006240,-0.1015865932
CtrSVDD_0001_E_0006241,1.0565070817
CtrSVDD_0002_E_0006242,-3.6296737844
CtrSVDD_0003_E_0006243,-3.5194872771
CtrSVDD_0004_E_0006244,-2.9959019879
CtrSVDD_0005_E_0006245,-5.0078243795
CtrSVDD_0006_E_0006246,-2.9413903966
CtrSVDD_0007_E_0006247,-5.5067197369
CtrSVDD_0008_E_0006248,-4.8265731165
CtrSVDD_0009_E_0006249,2.0768933054
CtrSVDD_0010_E_0006250,-4.4726723324
CtrSVDD_0011_E_0006251,-5.0343529491
CtrSVDD_0012_E_0006252,-3.4970289769
CtrSVDD_0013_E_0006253,-4.5360133443
CtrSVDD_0014_E_0006254,-3.2053279637
CtrSVDD_0015_E_0006255,-2.3954846495
CtrSVDD_0016_E_0006256,-3.7031337933
CtrSVDD_0017_E_0006257,0.4582631533
CtrSVDD_0018_E_0006258,-2.9220151008
CtrSVDD_0019_E_0006259,-2.0196086277
CtrSVDD_0020_E_0006260,-3.0428406487
CtrSVDD_0021_E_0006261,-2.5901066295
CtrSVDD_0022_E_0006262,-3.5928677334
CtrSVDD_0023_E_0006263,-0.5671229398
CtrSVDD_0024_E_0006264,0.1110486501
CtrSVDD_0025_E_0006265,-4.8574908635
CtrSVDD_0026_E_0006266,-0.4381572148
CtrSVDD_0027_E_0006267,-3.6378810101
CtrSVDD_0028_E_0006268,-4.5061670249
CtrSVDD_0029_E_0006269,-1.1636166619
CtrSVDD_0030_E_0006270,-0.0959640721
CtrSVDD_0031_E_0006271,-6.0996547645
CtrSVDD_0032_E_0006272,-5.0560852880
CtrSVDD_0033_E_0006273,-2.0877365453
CtrSVDD_0034_E_0006274,-4.5843573839
CtrSVDD_0035_E_0006275,0.1921097344
CtrSVDD_0036_E_0006276,-1.6453507190
CtrSVDD_0037_E_0006277,-0.4258723100
CtrSVDD_0038_E_0006278,-7.1187135176
CtrSVDD_0039_E_0006279,-0.1112739814
CtrSVDD_0040_E_0006280,-3.1770205630
CtrSVDD_0041_E_0006281,-2.7190185473
CtrSVDD_0042_E_0006282,-7.0529345012
CtrSVDD_0043_E_0006283,-4.1850805379
CtrSVDD_0044_E_0006284,-4.1781215231
CtrSVDD_0045_E_0006285,-1.4713997696
CtrSVDD_0046_E_0006286,1.3812948212
CtrSVDD_0047_E_0006287,-1.9666769267
CtrSVDD_0000_E_0006288,-1.6435802078
CtrSVDD_0001_E_0006289,-3.1355103361
CtrSVDD_0002_E_0006290,-1.6720697317
CtrSVDD_0003_E_0006291,0.3311735569
CtrSVDD_0004_E_0006292,-3.6136292221
CtrSVDD_0005_E_0006293,-2.6362136775
CtrSVDD_0006_E_0006294,-5.2753919509
CtrSVDD_0007_E_0006295,-3.8517130379
CtrSVDD_0008_E_0006296,-5.2157990632
CtrSVDD_0009_E_0006297,0.1227011540
CtrSVDD_0010_E_0006298,-4.7488362980
CtrSVDD_0011_E_0006299,-2.8149792460
CtrSVDD_0012_E_0006300,-0.4489609573
CtrSVDD_0013_E_0006301,-4.6769607202
CtrSVDD_0014_E_0006302,-3.5593801964
CtrSVDD_0015_E_0006303,-3.6120456084
CtrSVDD_0016_E_0006304,-4.1100419150
CtrSVDD_0017_E_0006305,-1.7767350307
CtrSVDD_0018_E_0006306,-4.2305198079
CtrSVDD_0019_E_0006307,-2.7960337116
CtrSVDD_0020_E_0006308,-0.9722721429
CtrSVDD_0021_E_0006309,-3.6854915421
CtrSVDD_0022_E_0006310,0.6932263160
CtrSVDD_0023_E_0006311,-1.4388660873
CtrSVDD_0024_E_0006312,-4.4915229845
CtrSVDD_0025_E_0006313,-2.8742880171
CtrSVDD_0026_E_0006314,0.4533285651
CtrSVDD_0027_E_0006315,-2.7885381169
CtrSVDD_0028_E_0006316,0.4520573351
CtrSVDD_0029_E_0006317,-4.8889529055
CtrSVDD_0030_E_0006318,-2.7387768036
CtrSVDD_0031_E_0006319,-1.5039535221
CtrSVDD_0032_E_0006320,-5.5956437897
CtrSVDD_0033_E_0006321,-6.4068517143
CtrSVDD_0034_E_0006322,-4.8535446403
CtrSVDD_0035_E_0006323,-3.3541323869
CtrSVDD_0036_E_0006324,-4.6216406705
CtrSVDD_0037_E_0006325,0.2579652618
CtrSVDD_0038_E_0006326,-4.3875366753
CtrSVDD_0039_E_0006327,-2.9912959726
CtrSVDD_0040_E_0006328,-5.3513232962
CtrSVDD_0041_E_0006329,-1.2901844981
CtrSVDD_0042_E_0006330,-5.9070527191
CtrSVDD_0043_E_0006331,-4.6947800381
CtrSVDD_0044_E_0006332,-0.8676194803
CtrSVDD_0045_E_0006333,-0.5504201225
CtrSVDD_0046_E_0006334,-5.3198442457
CtrSVDD_0047_E_0006335,-4.4093743044
CtrSVDD_0000_E_0006336,-5.7619724487
CtrSVDD_0001_E_0006337,0.6930450984
CtrSVDD_0002_E_0006338,-4.2688560620
CtrSVDD_0003_E_0006339,-3.1636536073
CtrSVDD_0004_E_0006340,-4.5037023811
CtrSVDD_0005_E_0006341,-3.5293754929
CtrSVDD_0006_E_0006342,1.1015730699
CtrSVDD_0007_E_0006343,-1.7495534965
CtrSVDD_0008_E_0006344,-1.7965907353
CtrSVDD_0009_E_0006345,-3.1163054288
CtrSVDD_0010_E_0006346,-4.6491831545
CtrSVDD_0011_E_0006347,-2.4633447196
CtrSVDD_0012_E_0006348,-5.2402800272
CtrSVDD_0013_E_0006349,-2.1249436939
CtrSVDD_0014_E_0006350,-4.7704360325
CtrSVDD_0015_E_0006351,-3.6164533038
CtrSVDD_0016_E_0006352,-2.9237568551
CtrSVDD_0017_E_0006353,-4.8314834204
CtrSVDD_0018_E_0006354,-4.9377226838
CtrSVDD_0019_E_0006355,-5.4147747130
CtrSVDD_0020_E_0006356,-7.0012423693
CtrSVDD_0021_E_0006357,-0.7073440802
CtrSVDD_0022_E_0006358,0.5554099322
CtrSVDD_0023_E_0006359,1.5131426791
CtrSVDD_0024_E_0006360,-2.3021624496
CtrSVDD_0025_E_0006361,-5.6003784877
CtrSVDD_0026_E_0006362,-4.3938052584
CtrSVDD_0027_E_0006363,-0.2206676182
CtrSVDD_0028_E_0006364,1.5096279205
CtrSVDD_0029_E_0006365,-3.6614244485
CtrSVDD_0030_E_0006366,-0.8923416778
CtrSVDD_0031_E_0006367,-1.4470623406
CtrSVDD_0032_E_0006368,-3.9753519106
CtrSVDD_0033_E_0006369,-2.9430536034
CtrSVDD_0034_E_0006370,-3.4134662137
CtrSVDD_0035_E_0006371,-3.8457286858
CtrSVDD_0036_E_0006372,-4.8597357689
CtrSVDD_0037_E_0006373,-4.0534899614
CtrSVDD_0038_E_0006374,-2.0104356599
CtrSVDD_0039_E_0006375,-3.8080023234
CtrSVDD_0040_E_0006376,-3.8358121936
CtrSVDD_0041_E_0006377,-4.8712140229
CtrSVDD_0042_E_0006378,-4.1499996359
CtrSVDD_0043_E_0006379,-4.8903824024
CtrSVDD_0044_E_0006380,-3.9250362063
CtrSVDD_0045_E_0006381,0.1665228078
CtrSVDD_0046_E_0006382,-0.8316108667
CtrSVDD_0047_E_0006383,-4.3812346639
CtrSVDD_0000_E_0006384,-3.8922131290
CtrSVDD_0001_E_0006385,-4.5687906056
CtrSVDD_0002_E_0006386,-3.1859462119
CtrSVDD_0003_E_0006387,-3.5211322820
CtrSVDD_0004_E_0006388,-6.7716504210
CtrSVDD_0005_E_0006389,-1.7136934514
CtrSVDD_0006_E_0006390,-1.5841170432
CtrSVDD_0007_E_0006391,-5.0844766806
CtrSVDD_0008_E_0006392,-0.8750468964
CtrSVDD_0009_E_0006393,-5.1591224692
CtrSVDD_0010_E_0006394,1.1737045358
CtrSVDD_0011_E_0006395,-2.2524620250
CtrSVDD_0012_E_0006396,-5.2973125365
CtrSVDD_0013_E_0006397,-4.9193758504
CtrSVDD_0014_E_0006398,-4.9351917883
CtrSVDD_0015_E_0006399,-6.8057962672
CtrSVDD_0016_E_0006400,-4.9760202298
CtrSVDD_0017_E_0006401,0.1325727936
CtrSVDD_0018_E_0006402,-6.2054933118
CtrSVDD_0019_E_0006403,-0.0174857423
CtrSVDD_0020_E_0006404,-5.3124252973
CtrSVDD_0021_E_0006405,-1.9169401488
CtrSVDD_0022_E_0006406,-2.3497656824
CtrSVDD_0023_E_0006407,-3.6009420478
CtrSVDD_0024_E_0006408,-3.6282049947
CtrSVDD_0025_E_0006409,-0.5236012462
CtrSVDD_0026_E_0006410,-6.3619950847
CtrSVDD_0027_E_0006411,-3.0382962088
CtrSVDD_0028_E_0006412,-3.2177011233
CtrSVDD_0029_E_0006413,0.5783052720
CtrSVDD_0030_E_0006414,-3.5708325546
CtrSVDD_0031_E_0006415,-3.8931606361
CtrSVDD_0032_E_0006416,-5.4052712315
CtrSVDD_0033_E_0006417,-2.8129959625
CtrSVDD_0034_E_0006418,-3.4379298025
CtrSVDD_0035_E_0006419,-5.3700810222
CtrSVDD_0036_E_0006420,-4.8249703347
CtrSVDD_0037_E_0006421,-4.2873242582
CtrSVDD_0038_E_0006422,-5.0243583202
CtrSVDD_0039_E_0006423,-0.9491589613
CtrSVDD_0040_E_0006424,-3.4374628624
CtrSVDD_0041_E_0006425,-2.0483557873
CtrSVDD_0042_E_0006426,-2.8921334247
CtrSVDD_0043_E_0006427,0.5309578768
CtrSVDD_0044_E_0006428,-0.0468765635
CtrSVDD_0045_E_0006429,-4.7432032572
CtrSVDD_0046_E_0006430,-3.7163755405
CtrSVDD_0047_E_0006431,-1.8380904633
CtrSVDD_0000_E_0006432,-4.1884414972
CtrSVDD_0001_E_0006433,-4.9742116598
CtrSVDD_0002_E_0006434,-4.1449647593
CtrSVDD_0003_E_0006435,-0.0931539598
CtrSVDD_0004_E_0006436,-6.6190911076
CtrSVDD_0005_E_0006437,-3.9235946771
CtrSVDD_0006_E_0006438,-2.5877208968
CtrSVDD_0007_E_0006439,0.2006659048
CtrSVDD_0008_E_0006440,-5.0205675428
CtrSVDD_0009_E_0006441,-4.5738799133
CtrSVDD_0010_E_0006442,-0.0106362023
CtrSVDD_0011_E_0006443,-1.7352036836
CtrSVDD_0012_E_0006444,-5.2396718817
CtrSVDD_0013_E_0006445,-1.3227543048
CtrSVDD_0014_E_0006446,1.1462925919
CtrSVDD_0015_E_0006447,-2.6344829905
CtrSVDD_0016_E_0006448,-0.0077743487
CtrSVDD_0017_E_0006449,0.8474158143
CtrSVDD_0018_E_0006450,-4.2240354830
CtrSVDD_0019_E_0006451,-5.0208315893
CtrSVDD_0020_E_0006452,-0.4943008145
CtrSVDD_0021_E_0006453,-4.3969346310
CtrSVDD_0022_E_0006454,-6.6604707389
CtrSVDD_0023_E_0006455,-3.5658162628
CtrSVDD_0024_E_0006456,-3.9998399577
CtrSVDD_0025_E_0006457,-1.4355573961
CtrSVDD_0026_E_0006458,-5.2253680841
CtrSVDD_0027_E_0006459,-0.7029888095
CtrSVDD_0028_E_0006460,-4.5506151405
CtrSVDD_0029_E_0006461,-0.3504453938
CtrSVDD_0030_E_0006462,-4.8070455322
CtrSVDD_0031_E_0006463,-0.8494205515
CtrSVDD_0032_E_0006464,-6.1799836276
CtrSVDD_0033_E_0006465,-4.6205076472
CtrSVDD_0034_E_0006466,-6.0967211714
CtrSVDD_0035_E_0006467,-2.9015278754
CtrSVDD_0036_E_0006468,-3.6191995829
CtrSVDD_0037_E_0006469,-3.1911401179
CtrSVDD_0038_E_0006470,-3.5928882564
CtrSVDD_0039_E_0006471,-0.1452840503
CtrSVDD_0040_E_0006472,-2.5096670760
CtrSVDD_0041_E_0006473,-4.3978849435
CtrSVDD_0042_E_0006474,-6.3887622427
CtrSVDD_0043_E_0006475,-1.5548738577
CtrSVDD_0044_E_0006476,0.7698207150
CtrSVDD_0045_E_0006477,-0.9147227626
CtrSVDD_0046_E_0006478,-6.0175152168
CtrSVDD_0047_E_0006479,-4.5406615224
CtrSVDD_0000_E_0006480,-3.5266301220
CtrSVDD_0001_E_0006481,1.0111882266
CtrSVDD_0002_E_0006482,-4.5083646137
CtrSVDD_0003_E_0006483,-1.8014080915
CtrSVDD_0004_E_0006484,1.2869759279
CtrSVDD_0005_E_0006485,-1.9439844904
CtrSVDD_0006_E_0006486,-4.5977754189
CtrSVDD_0007_E_0006487,-4.9828503433
CtrSVDD_0008_E_0006488,-4.0142031420
CtrSVDD_0009_E_0006489,-3.3835158281
CtrSVDD_0010_E_0006490,-4.9272799550
CtrSVDD_0011_E_0006491,-1.4158921792
CtrSVDD_0012_E_0006492,-5.4087618673
CtrSVDD_0013_E_0006493,-4.3781086979
CtrSVDD_0014_E_0006494,0.8138400168
CtrSVDD_0015_E_0006495,-4.2926036433
CtrSVDD_0016_E_0006496,0.7408576739
CtrSVDD_0017_E_0006497,-3.6247740817
CtrSVDD_0018_E_0006498,-4.0427629283
CtrSVDD_0019_E_0006499,-4.7187582034
CtrSVDD_0020_E_0006500,-1.8303035131
CtrSVDD_0021_E_0006501,-1.9665175964
CtrSVDD_0022_E_0006502,-4.4594450705
CtrSVDD_0023_E_0006503,-1.1812355752
CtrSVDD_0024_E_0006504,-2.8845974888
CtrSVDD_0025_E_0006505,-0.5181513452
CtrSVDD_0026_E_0006506,-5.5874812316
CtrSVDD_0027_E_0006507,-1.3600996972
CtrSVDD_0028_E_0006508,-4.2285257999
CtrSVDD_0029_E_0006509,-4.4562890460
CtrSVDD_0030_E_0006510,-2.3239307499
CtrSVDD_0031_E_0006511,-4.5750215828
CtrSVDD_0032_E_0006512,-2.9145220285
CtrSVDD_0033_E_0006513,-4.3325844011
CtrSVDD_0034_E_0006514,-3.5442914662
CtrSVDD_0035_E_0006515,-2.3102655828
CtrSVDD_0036_E_0006516,-4.9051960162
CtrSVDD_0037_E_0006517,-5.1869090759
CtrSVDD_0038_E_0006518,-2.3568507384
CtrSVDD_0039_E_0006519,-2.8675173174
CtrSVDD_0040_E_0006520,0.8232173804
CtrSVDD_0041_E_0006521,-2.9603106029
CtrSVDD_0042_E_0006522,0.6269500708
CtrSVDD_0043_E_0006523,-4.1057173640
CtrSVDD_0044_E_0006524,-1.0914859090
CtrSVDD_0045_E_0006525,-2.9940577459
CtrSVDD_0046_E_0006526,-3.6957594466
CtrSVDD_0047_E_0006527,-2.7750185052
CtrSVDD_0000_E_0006528,-4.6696974839
CtrSVDD_0001_E_0006529,-1.2036668435
CtrSVDD_0002_E_0006530,0.3539537545
CtrSVDD_0003_E_0006531,0.0384761641
CtrSVDD_0004_E_0006532,-2.1854719377
CtrSVDD_0005_E_0006533,-3.2619948702
CtrSVDD_0006_E_0006534,-4.2409147175
CtrSVDD_0007_E_0006535,-7.7671268411
CtrSVDD_0008_E_0006536,-5.6494288486
CtrSVDD_0009_E_0006537,-4.2720835997
CtrSVDD_0010_E_0006538,-0.5783135643
CtrSVDD_0011_E_0006539,-2.2697924828
CtrSVDD_0012_E_0006540,0.1382194746
CtrSVDD_0013_E_0006541,-3.6153511367
CtrSVDD_0014_E_0006542,-4.7381178201
CtrSVDD_0015_E_0006543,-2.2660611778
CtrSVDD_0016_E_0006544,-2.1834971185
CtrSVDD_0017_E_0006545,-3.9321467946
CtrSVDD_0018_E_0006546,-4.7375992348
CtrSVDD_0019_E_0006547,-2.7656213926
CtrSVDD_0020_E_0006548,-3.2891507181
CtrSVDD_0021_E_0006549,-4.3276829090
CtrSVDD_0022_E_0006550,0.7247810564
CtrSVDD_0023_E_0006551,-1.1546248794
CtrSVDD_0024_E_0006552,-4.3282129635
CtrSVDD_0025_E_0006553,-4.0550695238
CtrSVDD_0026_E_0006554,1.3573652672
CtrSVDD_0027_E_0006555,-6.4487846636
CtrSVDD_0028_E_0006556,-4.9906658218
CtrSVDD_0029_E_0006557,-3.2684195717
CtrSVDD_0030_E_0006558,-4.7185349066
CtrSVDD_0031_E_0006559,-4.8401433753
CtrSVDD_0032_E_0006560,-3.5029575180
CtrSVDD_0033_E_0006561,-4.8718946227
CtrSVDD_0034_E_0006562,-5.2773186667
CtrSVDD_0035_E_0006563,-2.7220645420
CtrSVDD_0036_E_0006564,-0.8767076136
CtrSVDD_0037_E_0006565,-5.7641985070
CtrSVDD_0038_E_0006566,-3.2533245188
CtrSVDD_0039_E_0006567,-1.2403545028
CtrSVDD_0040_E_0006568,-0.3032245382
CtrSVDD_0041_E_0006569,-0.8528405177
CtrSVDD_0042_E_0006570,1.4224698930
CtrSVDD_0043_E_0006571,-3.5526228614
CtrSVDD_0044_E_0006572,-0.1495232978
CtrSVDD_0045_E_0006573,-1.7896849846
CtrSVDD_0046_E_0006574,0.5899181344
CtrSVDD_0047_E_0006575,-3.4736936996
CtrSVDD_0000_E_0006576,-5.4404871946
CtrSVDD_0001_E_0006577,-4.6625975380
CtrSVDD_0002_E_0006578,0.2866984235
CtrSVDD_0003_E_0006579,-4.6318298205
CtrSVDD_0004_E_0006580,-3.0324200216
CtrSVDD_0005_E_0006581,-1.4938643364
CtrSVDD_0006_E_0006582,-3.1071293893
CtrSVDD_0007_E_0006583,-3.8298618116
CtrSVDD_0008_E_0006584,-5.6214680815
CtrSVDD_0009_E_0006585,-2.6991610898
CtrSVDD_0010_E_0006586,-4.8763549181
CtrSVDD_0011_E_0006587,-3.3892178951
CtrSVDD_0012_E_0006588,-2.3966385972
CtrSVDD_0013_E_0006589,-6.0946114248
CtrSVDD_0014_E_0006590,-4.4990918897
CtrSVDD_0015_E_0006591,-6.3759009762
CtrSVDD_0016_E_0006592,-4.2893605740
CtrSVDD_0017_E_0006593,-0.1906850892
CtrSVDD_0018_E_0006594,-0.7145479891
CtrSVDD_0019_E_0006595,-0.4291260615
CtrSVDD_0020_E_0006596,-3.0479924574
CtrSVDD_0021_E_0006597,-6.0548973815
CtrSVDD_0022_E_0006598,-0.9654772658
CtrSVDD_0023_E_0006599,-2.4875774432
CtrSVDD_0024_E_0006600,-4.0657099734
CtrSVDD_0025_E_0006601,-4.7664483565
CtrSVDD_0026_E_0006602,-3.5677028367
CtrSVDD_0027_E_0006603,0.7025011702
CtrSVDD_0028_E_0006604,-3.9369841865
CtrSVDD_0029_E_0006605,0.7529983711
CtrSVDD_0030_E_0006606,-2.6714876445
CtrSVDD_0031_E_0006607,-4.0974840581
CtrSVDD_0032_E_0006608,-6.0438997041
CtrSVDD_0033_E_0006609,-5.7762638736
CtrSVDD_0034_E_0006610,-1.6962225050
CtrSVDD_0035_E_0006611,-4.2819640030
CtrSVDD_0036_E_0006612,-2.6513612912
CtrSVDD_0037_E_0006613,-5.2885225034
CtrSVDD_0038_E_0006614,-4.6825869881
CtrSVDD_0039_E_0006615,-3.0397653832
CtrSVDD_0040_E_0006616,-3.5708701564
CtrSVDD_0041_E_0006617,-3.6562125742
CtrSVDD_0042_E_0006618,-1.2287902734
CtrSVDD_0043_E_0006619,0.7199753406
CtrSVDD_0044_E_0006620,-2.7889697889
CtrSVDD_0045_E_0006621,-3.6218700073
CtrSVDD_0046_E_0006622,1.5318557475
CtrSVDD_0047_E_0006623,-0.1570190667
CtrSVDD_0000_E_0006624,-7.5961343263
CtrSVDD_0001_E_0006625,-1.5306353913
CtrSVDD_0002_E_0006626,-2.4262237127
CtrSVDD_0003_E_0006627,0.3134928526
CtrSVDD_0004_E_0006628,-1.3715585885
CtrSVDD_0005_E_0006629,-2.5405716427
CtrSVDD_0006_E_0006630,-5.7801436602
CtrSVDD_0007_E_0006631,-4.4169498499
CtrSVDD_0008_E_0006632,-3.2457952521
CtrSVDD_0009_E_0006633,-1.8432660285
CtrSVDD_0010_E_0006634,-5.4660669321
CtrSVDD_0011_E_0006635,-1.2555934900
CtrSVDD_0012_E_0006636,-3.1054631163
CtrSVDD_0013_E_0006637,-2.0549232043
CtrSVDD_0014_E_0006638,-1.7466189517
CtrSVDD_0015_E_0006639,-2.8985752419
CtrSVDD_0016_E_0006640,-5.9867634968
CtrSVDD_0017_E_0006641,0.1114338467
CtrSVDD_0018_E_0006642,-1.8587820645
CtrSVDD_0019_E_0006643,-5.9014981783
CtrSVDD_0020_E_0006644,-2.5109049927
CtrSVDD_0021_E_0006645,-5.7935316222
CtrSVDD_0022_E_0006646,-3.7723032800
CtrSVDD_0023_E_0006647,-3.9849091187
CtrSVDD_0024_E_0006648,-3.7235408982
CtrSVDD_0025_E_0006649,-5.3918650676
CtrSVDD_0026_E_0006650,-4.7947260728
CtrSVDD_0027_E_0006651,-2.2072314615
CtrSVDD_0028_E_0006652,-3.8109742990
CtrSVDD_0029_E_0006653,-3.0151240193
CtrSVDD_0030_E_0006654,-5.2819496567
CtrSVDD_0031_E_0006655,-3.6117311474
CtrSVDD_0032_E_0006656,-4.6803368287
CtrSVDD_0033_E_0006657,0.7479079030
CtrSVDD_0034_E_0006658,-5.4494026508
CtrSVDD_0035_E_0006659,-2.3923934972
CtrSVDD_0036_E_0006660,-4.1284736592
CtrSVDD_0037_E_0006661,-3.8767234995
CtrSVDD_0038_E_0006662,-2.6951025782
CtrSVDD_0039_E_0006663,-2.9177533173
CtrSVDD_0040_E_0006664,-3.4359662394
CtrSVDD_0041_E_0006665,-2.7855368711
CtrSVDD_0042_E_0006666,-3.1743951893
CtrSVDD_0043_E_0006667,-0.4270984914
CtrSVDD_0044_E_0006668,-4.2407443848
CtrSVDD_0045_E_0006669,1.0812725529
CtrSVDD_0046_E_0006670,-4.2204216242
CtrSVDD_0047_E_0006671,-4.0988590819
CtrSVDD_0000_E_0006672,-0.6032882259
CtrSVDD_0001_E_0006673,-3.5869591544
CtrSVDD_0002_E_0006674,-6.2020923706
CtrSVDD_0003_E_0006675,-4.2081205159
CtrSVDD_0004_E_0006676,-4.3736523156
CtrSVDD_0005_E_0006677,-5.0068209356
CtrSVDD_0006_E_0006678,-2.3444329333
CtrSVDD_0007_E_0006679,-4.4951734332
CtrSVDD_0008_E_0006680,-1.6954834131
CtrSVDD_0009_E_0006681,-3.7344559066
CtrSVDD_0010_E_0006682,-5.3382168299
CtrSVDD_0011_E_0006683,-2.9118557867
CtrSVDD_0012_E_0006684,-5.4524220424
CtrSVDD_0013_E_0006685,-3.4562141378
CtrSVDD_0014_E_0006686,-2.1695939651
CtrSVDD_0015_E_0006687,-6.4737007009
CtrSVDD_0016_E_0006688,1.1197159605
CtrSVDD_0017_E_0006689,-0.5440732516
CtrSVDD_0018_E_0006690,-3.2283658026
CtrSVDD_0019_E_0006691,-1.7136672763
CtrSVDD_0020_E_0006692,-4.6788419656
CtrSVDD_0021_E_0006693,-3.1547557107
CtrSVDD_0022_E_0006694,-4.5634239330
CtrSVDD_0023_E_0006695,-2.3384077325
CtrSVDD_0024_E_0006696,-0.1790765351
CtrSVDD_0025_E_0006697,-1.7698315532
CtrSVDD_0026_E_0006698,-1.9059132147
CtrSVDD_0027_E_0006699,-2.6881782556
CtrSVDD_0028_E_0006700,-2.2871354492
CtrSVDD_0029_E_0006701,-2.1848619456
CtrSVDD_0030_E_0006702,-0.9540595181
CtrSVDD_0031_E_0006703,-4.7410568599
CtrSVDD_0032_E_0006704,-4.3015355547
CtrSVDD_0033_E_0006705,-6.1542804711
CtrSVDD_0034_E_0006706,0.2436812725
CtrSVDD_0035_E_0006707,-4.0948774253
CtrSVDD_0036_E_0006708,-3.5338537814
CtrSVDD_0037_E_0006709,-6.1744334031
CtrSVDD_0038_E_0006710,-3.8124607635
CtrSVDD_0039_E_0006711,-5.4429346416
CtrSVDD_0040_E_0006712,-1.2350483001
CtrSVDD_0041_E_0006713,-3.3671628515
CtrSVDD_0042_E_0006714,-4.0397449251
CtrSVDD_0043_E_0006715,-3.2712336846
CtrSVDD_0044_E_0006716,0.9066820700
CtrSVDD_0045_E_0006717,-0.3105557215
CtrSVDD_0046_E_0006718,0.2143949400
CtrSVDD_0047_E_0006719,-3.6678602221
CtrSVDD_0000_E_0006720,-4.1061104852
CtrSVDD_0001_E_0006721,-5.0574216919
CtrSVDD_0002_E_0006722,0.8157895069
CtrSVDD_0003_E_0006723,-5.8061266216
CtrSVDD_0004_E_0006724,-5.9720909877
CtrSVDD_0005_E_0006725,-4.1794355854
CtrSVDD_0006_E_0006726,-3.9956266943
CtrSVDD_0007_E_0006727,-6.3112399743
CtrSVDD_0008_E_0006728,-2.1374667591
CtrSVDD_0009_E_0006729,-2.9003144038
CtrSVDD_0010_E_0006730,-4.9354967191
CtrSVDD_0011_E_0006731,-2.3143720728
CtrSVDD_0012_E_0006732,-4.8050349748
CtrSVDD_0013_E_0006733,-1.0190231834
CtrSVDD_0014_E_0006734,-4.2288402146
CtrSVDD_0015_E_0006735,-0.0048957779
CtrSVDD_0016_E_0006736,-3.3462785008
CtrSVDD_0017_E_0006737,-2.1436235708
CtrSVDD_0018_E_0006738,-5.7334070965
CtrSVDD_0019_E_0006739,-4.9600105512
CtrSVDD_0020_E_0006740,-3.8902720039
CtrSVDD_0021_E_0006741,-4.6910382900
CtrSVDD_0022_E_0006742,-3.5767576518
CtrSVDD_0023_E_0006743,0.9903837048
CtrSVDD_0024_E_0006744,-4.3256758237
CtrSVDD_0025_E_0006745,-3.8691536647
CtrSVDD_0026_E_0006746,-6.2343803814
CtrSVDD_0027_E_0006747,-0.7876214439
CtrSVDD_0028_E_0006748,-0.8349706443
CtrSVDD_0029_E_0006749,-4.3190821606
CtrSVDD_0030_E_0006750,0.8099319508
CtrSVDD_0031_E_0006751,-4.3719672863
CtrSVDD_0032_E_0006752,-3.3912118051
CtrSVDD_0033_E_0006753,-2.0133604198
CtrSVDD_0034_E_0006754,-4.9689335221
CtrSVDD_0035_E_0006755,-4.0646428832
CtrSVDD_0036_E_0006756,-2.3193246459
CtrSVDD_0037_E_0006757,0.3943104318
CtrSVDD_0038_E_0006758,-0.0641528094
CtrSVDD_0039_E_0006759,0.7272449856
CtrSVDD_0040_E_0006760,-4.2698372208
CtrSVDD_0041_E_0006761,-2.6638734988
CtrSVDD_0042_E_0006762,1.8356715369
CtrSVDD_0043_E_0006763,-3.7842695648
CtrSVDD_0044_E_0006764,-0.1311617906
CtrSVDD_0045_E_0006765,-2.4981223840
CtrSVDD_0046_E_0006766,-1.9522806963
CtrSVDD_0047_E_0006767,-1.7654566946
CtrSVDD_0000_E_0006768,-4.4485835907
CtrSVDD_0001_E_0006769,-4.1359353657
CtrSVDD_0002_E_0006770,0.7308942474
CtrSVDD_0003_E_0006771,-0.7217891729
CtrSVDD_0004_E_0006772,-3.9568034357
CtrSVDD_0005_E_0006773,-4.3980562885
CtrSVDD_0006_E_0006774,-5.0267467994
CtrSVDD_0007_E_0006775,-4.0703724640
CtrSVDD_0008_E_0006776,-3.7788099137
CtrSVDD_0009_E_0006777,-4.0677384487
CtrSVDD_0010_E_0006778,-0.1396318267
CtrSVDD_0011_E_0006779,1.7781257629
CtrSVDD_0012_E_0006780,-1.9498897169
CtrSVDD_0013_E_0006781,-1.3196797484
CtrSVDD_0014_E_0006782,-4.0601819606
CtrSVDD_0015_E_0006783,-4.0156526646
CtrSVDD_0016_E_0006784,-0.5197674273
CtrSVDD_0017_E_0006785,-3.0063764065
CtrSVDD_0018_E_0006786,-4.8316947325
CtrSVDD_0019_E_0006787,-5.0829441438
CtrSVDD_0020_E_0006788,-3.6205262913
CtrSVDD_0021_E_0006789,-6.4294797663
CtrSVDD_0022_E_0006790,-0.9196571853
CtrSVDD_0023_E_0006791,-3.4970440143
CtrSVDD_0024_E_0006792,-2.9751360556
CtrSVDD_0025_E_0006793,-5.1933467417
CtrSVDD_0026_E_0006794,-4.4207781317
CtrSVDD_0027_E_0006795,-4.6159737012
CtrSVDD_0028_E_0006796,-5.2158886125
CtrSVDD_0029_E_0006797,-5.0967390544
CtrSVDD_0030_E_0006798,-4.4777756323
CtrSVDD_0031_E_0006799,-4.2835819623
CtrSVDD_0032_E_0006800,-3.7972695921
CtrSVDD_0033_E_0006801,-4.6023533520
CtrSVDD_0034_E_0006802,-4.9680615190
CtrSVDD_0035_E_0006803,2.5555281466
CtrSVDD_0036_E_0006804,-4.6499103191
CtrSVDD_0037_E_0006805,-5.3265067531
CtrSVDD_0038_E_0006806,0.0124939248
CtrSVDD_0039_E_0006807,-4.3906726177
CtrSVDD_0040_E_0006808,-3.4275405788
CtrSVDD_0041_E_0006809,-0.1537711546
CtrSVDD_0042_E_0006810,-1.7377580284
CtrSVDD_0043_E_0006811,-4.6915832075
CtrSVDD_0044_E_0006812,-6.2812641529
CtrSVDD_0045_E_0006813,-4.6611907983
CtrSVDD_0046_E_0006814,2.6527627355
CtrSVDD_0047_E_0006815,-4.9159906329
CtrSVDD_0000_E_0006816,-5.3669361426
CtrSVDD_0001_E_0006817,-3.1352622356
CtrSVDD_0002_E_0006818,-3.9451467446
CtrSVDD_0003_E_0006819,-1.6504791250
CtrSVDD_0004_E_0006820,-5.7958193016
CtrSVDD_0005_E_0006821,-7.0447719431
CtrSVDD_0006_E_0006822,-4.7874103714
CtrSVDD_0007_E_0006823,-0.4311510055
CtrSVDD_0008_E_0006824,0.6083298156
CtrSVDD_0009_E_0006825,-4.6644888319
CtrSVDD_0010_E_0006826,-2.9000516625
CtrSVDD_0011_E_0006827,-0.1595067366
CtrSVDD_0012_E_0006828,-4.4574867875
CtrSVDD_0013_E_0006829,-0.6016111041
CtrSVDD_0014_E_0006830,-2.4562816572
CtrSVDD_0015_E_0006831,-1.1328780294
CtrSVDD_0016_E_0006832,-4.6386148433
CtrSVDD_0017_E_0006833,-1.1139466716
CtrSVDD_0018_E_0006834,-4.9205045519
CtrSVDD_0019_E_0006835,0.6085532539
CtrSVDD_0020_E_0006836,-5.2998241943
CtrSVDD_0021_E_0006837,-4.2529287693
CtrSVDD_0022_E_0006838,-6.3708073543
CtrSVDD_0023_E_0006839,-4.8622629901
CtrSVDD_0024_E_0006840,0.0037563982
CtrSVDD_0025_E_0006841,-5.5972863191
CtrSVDD_0026_E_0006842,-5.8840799163
CtrSVDD_0027_E_0006843,-1.6537526804
CtrSVDD_0028_E_0006844,-2.6528259746
CtrSVDD_0029_E_0006845,-0.3445020561
CtrSVDD_0030_E_0006846,0.2981000670
CtrSVDD_0031_E_0006847,-2.2956661465
CtrSVDD_0032_E_0006848,-3.9789786503
CtrSVDD_0033_E_0006849,-0.5390624707
CtrSVDD_0034_E_0006850,-4.2145818845
CtrSVDD_0035_E_0006851,-5.3086373935
CtrSVDD_0036_E_0006852,-4.5256958959
CtrSVDD_0037_E_0006853,-4.1199857127
CtrSVDD_0038_E_0006854,-2.9975860699
CtrSVDD_0039_E_0006855,-0.5553094215
CtrSVDD_0040_E_0006856,-6.7193090322
CtrSVDD_0041_E_0006857,-6.3532885982
CtrSVDD_0042_E_0006858,-1.3064303511
CtrSVDD_0043_E_0006859,-1.1435985132
CtrSVDD_0044_E_0006860,-2.9558801260
CtrSVDD_0045_E_0006861,-1.4655885077
CtrSVDD_0046_E_0006862,0.1396318267
CtrSVDD_0047_E_0006863,-3.4466217716
CtrSVDD_0000_E_0006864,-6.8791923721
CtrSVDD_0001_E_0006865,-0.6320660016
CtrSVDD_0002_E_0006866,-3.7857475149
CtrSVDD_0003_E_0006867,-4.4578280879
CtrSVDD_0004_E_0006868,-3.3544587478
CtrSVDD_0005_E_0006869,-2.8482327065
CtrSVDD_0006_E_0006870,-0.5537352875
CtrSVDD_0007_E_0006871,-4.2968258703
CtrSVDD_0008_E_0006872,-3.6459339932
CtrSVDD_0009_E_0006873,1.7583790479
CtrSVDD_0010_E_0006874,-4.8497975009
CtrSVDD_0011_E_0006875,-5.5685422253
CtrSVDD_0012_E_0006876,-1.2309288757
CtrSVDD_0013_E_0006877,-4.3145077682
CtrSVDD_0014_E_0006878,-4.6792115764
CtrSVDD_0015_E_0006879,-1.8829302476
CtrSVDD_0016_E_0006880,-2.7479388359
CtrSVDD_0017_E_0006881,-5.4210323382
CtrSVDD_0018_E_0006882,-5.2999786915
CtrSVDD_0019_E_0006883,-2.8497179138
CtrSVDD_0020_E_0006884,-1.2229296170
CtrSVDD_0021_E_0006885,0.4320066126
CtrSVDD_0022_E_0006886,-4.8646844327
CtrSVDD_0023_E_0006887,1.4364759249
CtrSVDD_0024_E_0006888,-0.2129316945
CtrSVDD_0025_E_0006889,-2.8270445703
CtrSVDD_0026_E_0006890,-0.1008457590
CtrSVDD_0027_E_0006891,-4.6193279931
CtrSVDD_0028_E_0006892,-5.4578669145
CtrSVDD_0029_E_0006893,-0.3838870897
CtrSVDD_0030_E_0006894,-3.7561742708
CtrSVDD_0031_E_0006895,-4.0557068759
CtrSVDD_0032_E_0006896,-1.6365111522
CtrSVDD_0033_E_0006897,-2.6000741831
CtrSVDD_0034_E_0006898,-6.3725428761
CtrSVDD_0035_E_0006899,-3.5140091731
CtrSVDD_0036_E_0006900,-3.6619847186
CtrSVDD_0037_E_0006901,-5.2332326026
CtrSVDD_0038_E_0006902,-7.7307092821
CtrSVDD_0039_E_0006903,-4.6556244597
CtrSVDD_0040_E_0006904,-4.5052660858
CtrSVDD_0041_E_0006905,0.5423003608
CtrSVDD_0042_E_0006906,-3.8964314899
CtrSVDD_0043_E_0006907,-5.5878482679
CtrSVDD_0044_E_0006908,-4.5233890709
CtrSVDD_0045_E_0006909,-2.5442629055
CtrSVDD_0046_E_0006910,-6.1103775585
CtrSVDD_0047_E_0006911,-0.2350446126
CtrSVDD_0000_E_0006912,3.2373150989
CtrSVDD_0001_E_0006913,-2.3987830208
CtrSVDD_0002_E_0006914,-6.1304961555
CtrSVDD_0003_E_0006915,-4.6600576454
CtrSVDD_0004_E_0006916,-4.8889067958
CtrSVDD_0005_E_0006917,-5.9089904224
CtrSVDD_0006_E_0006918,-4.0220789651
CtrSVDD_0007_E_0006919,-3.8923339152
CtrSVDD_0008_E_0006920,-2.8363396436
CtrSVDD_0009_E_0006921,-5.2478344398
CtrSVDD_0010_E_0006922,-3.1711586637
CtrSVDD_0011_E_0006923,-6.9764361514
CtrSVDD_0012_E_0006924,-4.0487565717
CtrSVDD_0013_E_0006925,-3.4482180518
CtrSVDD_0014_E_0006926,-1.6163434668
CtrSVDD_0015_E_0006927,-0.1086762891
CtrSVDD_0016_E_0006928,-4.3630102271
CtrSVDD_0017_E_0006929,0.6739944153
CtrSVDD_0018_E_0006930,-3.5737614945
CtrSVDD_0019_E_0006931,-1.4721028244
CtrSVDD_0020_E_0006932,-4.5505712846
CtrSVDD_0021_E_0006933,-3.3324209085
CtrSVDD_0022_E_0006934,-3.3055944033
CtrSVDD_0023_E_0006935,-4.8935511160
CtrSVDD_0024_E_0006936,-4.4140892456
CtrSVDD_0025_E_0006937,-2.6231612037
CtrSVDD_0026_E_0006938,-6.2795894433
CtrSVDD_0027_E_0006939,-2.5212005786
CtrSVDD_0028_E_0006940,-4.0667185501
CtrSVDD_0029_E_0006941,-3.7683237688
CtrSVDD_0030_E_0006942,-5.7289503529
CtrSVDD_0031_E_0006943,0.6967855677
CtrSVDD_0032_E_0006944,0.6440681386
CtrSVDD_0033_E_0006945,-3.7561256913
CtrSVDD_0034_E_0006946,-5.6372161066
CtrSVDD_0035_E_0006947,-0.0662364664
CtrSVDD_0036_E_0006948,-1.8148337958
CtrSVDD_0037_E_0006949,-2.3831807125
CtrSVDD_0038_E_0006950,-1.9017364894
CtrSVDD_0039_E_0006951,-3.1919034008
CtrSVDD_0040_E_0006952,-4.7734490376
CtrSVDD_0041_E_0006953,-2.5174803698
CtrSVDD_0042_E_0006954,-4.1983675974
CtrSVDD_0043_E_0006955,-0.0763079424
CtrSVDD_0044_E_0006956,-7.0261519655
CtrSVDD_0045_E_0006957,-5.0177016122
CtrSVDD_0046_E_0006958,-5.8392060776
CtrSVDD_0047_E_0006959,-4.4911574183
CtrSVDD_0000_E_0006960,-0.5783052720
CtrSVDD_0001_E_0006961,-4.7256976676
CtrSVDD_0002_E_0006962,0.6526981539
CtrSVDD_0003_E_0006963,-2.1736443825
CtrSVDD_0004_E_0006964,-3.0885516120
CtrSVDD_0005_E_0006965,0.1297510487
CtrSVDD_0006_E_0006966,-3.8391772294
CtrSVDD_0007_E_0006967,0.2034815907
CtrSVDD_0008_E_0006968,-3.9832618682
CtrSVDD_0009_E_0006969,-3.7281550540
CtrSVDD_0010_E_0006970,-1.2598418888
CtrSVDD_0011_E_0006971,0.1241429321
CtrSVDD_0012_E_0006972,-5.0286041546
CtrSVDD_0013_E_0006973,-3.7541890197
CtrSVDD_0014_E_0006974,-4.4019678165
CtrSVDD_0015_E_0006975,-5.7658010964
CtrSVDD_0016_E_0006976,-4.0033882214
CtrSVDD_0017_E_0006977,-3.5372265819
CtrSVDD_0018_E_0006978,-0.1001806688
CtrSVDD_0019_E_0006979,-1.0238710659
CtrSVDD_0020_E_0006980,-3.3379770215
CtrSVDD_0021_E_0006981,-4.8689462162
CtrSVDD_0022_E_0006982,-4.1582992431
CtrSVDD_0023_E_0006983,-3.6355496302
CtrSVDD_0024_E_0006984,-0.8700605594
CtrSVDD_0025_E_0006985,-5.2476430343
CtrSVDD_0026_E_0006986,-4.1476395238
CtrSVDD_0027_E_0006987,-6.1864410928
CtrSVDD_0028_E_0006988,-0.9180129588
CtrSVDD_0029_E_0006989,-5.4227921305
CtrSVDD_0030_E_0006990,-5.6453786646
CtrSVDD_0031_E_0006991,-3.5369680760
CtrSVDD_0032_E_0006992,-6.5877633263
CtrSVDD_0033_E_0006993,-1.4839023761
CtrSVDD_0034_E_0006994,-0.3356097395
CtrSVDD_0035_E_0006995,-4.1846720367
CtrSVDD_0036_E_0006996,-2.4609177126
CtrSVDD_0037_E_0006997,0.7885534938
CtrSVDD_0038_E_0006998,-4.5397728297
CtrSVDD_0039_E_0006999,-2.6853513732
CtrSVDD_0040_E_0007000,-0.6836799992
CtrSVDD_0041_E_0007001,-4.5499240895
CtrSVDD_0042_E_0007002,-2.2421561064
CtrSVDD_0043_E_0007003,-4.8432463722
CtrSVDD_0044_E_0007004,-2.5806823354
CtrSVDD_0045_E_0007005,-4.2380793438
CtrSVDD_0046_E_0007006,-5.8038482612
CtrSVDD_0047_E_0007007,-3.5192276943
CtrSVDD_0000_E_0007008,-3.7961266940
CtrSVDD_0001_E_0007009,-3.5277244069
CtrSVDD_0002_E_0007010,0.9723250225
CtrSVDD_0003_E_0007011,-1.0093183927
CtrSVDD_0004_E_0007012,-5.2526748606
CtrSVDD_0005_E_0007013,-6.7884683622
CtrSVDD_0006_E_0007014,-5.1433658455
CtrSVDD_0007_E_0007015,-4.1128496621
CtrSVDD_0008_E_0007016,-0.8147621178
CtrSVDD_0009_E_0007017,-3.8497153470
CtrSVDD_0010_E_0007018,-3.0544606925
CtrSVDD_0011_E_0007019,-5.8320331045
CtrSVDD_0012_E_0007020,-0.7790910543
CtrSVDD_0013_E_0007021,-5.1728350053
CtrSVDD_0014_E_0007022,0.2379215198
CtrSVDD_0015_E_0007023,1.6086134433
CtrSVDD_0016_E_0007024,-4.9908289788
CtrSVDD_0017_E_0007025,-6.3571366169
CtrSVDD_0018_E_0007026,-4.7624420700
CtrSVDD_0019_E_0007027,-6.6588895948
CtrSVDD_0020_E_0007028,0.8594959304
CtrSVDD_0021_E_0007029,-1.4672829233
CtrSVDD_0022_E_0007030,-1.6845475769
CtrSVDD_0023_E_0007031,-4.2955833070
CtrSVDD_0024_E_0007032,-1.0593410207
CtrSVDD_0025_E_0007033,-5.9478016769
CtrSVDD_0026_E_0007034,-0.0062945880
CtrSVDD_0027_E_0007035,-3.6443605451
CtrSVDD_0028_E_0007036,-3.2274177810
CtrSVDD_0029_E_0007037,-3.6398624394
CtrSVDD_0030_E_0007038,-4.1394601824
CtrSVDD_0031_E_0007039,-1.0754234643
CtrSVDD_0032_E_0007040,-5.1951821027
CtrSVDD_0033_E_0007041,-4.8115259650
CtrSVDD_0034_E_0007042,-0.9290925809
CtrSVDD_0035_E_0007043,-3.9961077367
CtrSVDD_0036_E_0007044,-5.3150103447
CtrSVDD_0037_E_0007045,-4.5947961326
CtrSVDD_0038_E_0007046,-1.4591230250
CtrSVDD_0039_E_0007047,-5.0938384140
CtrSVDD_0040_E_0007048,-2.7603838944
CtrSVDD_0041_E_0007049,-0.5342161970
CtrSVDD_0042_E_0007050,-4.4723105269
CtrSVDD_0043_E_0007051,-2.9148049107
CtrSVDD_0044_E_0007052,-3.5081115235
CtrSVDD_0045_E_0007053,-5.6740922669
CtrSVDD_0046_E_0007054,-3.5509539737
CtrSVDD_0047_E_0007055,-3.6050428505
CtrSVDD_0000_E_0007056,1.2688451361
CtrSVDD_0001_E_0007057,-4.7048597957
CtrSVDD_0002_E_0007058,-2.5806545155
CtrSVDD_0003_E_0007059,-3.2802058282
CtrSVDD_0004_E_0007060,-3.9886457276
CtrSVDD_0005_E_0007061,-1.3927664779
CtrSVDD_0006_E_0007062,-2.6812431512
CtrSVDD_0007_E_0007063,-5.7627395950
CtrSVDD_0008_E_0007064,-4.5933059631
CtrSVDD_0009_E_0007065,0.2769636266
CtrSVDD_0010_E_0007066,-3.7230462353
CtrSVDD_0011_E_0007067,-5.0736444828
CtrSVDD_0012_E_0007068,-2.9961804948
CtrSVDD_0013_E_0007069,-0.8850009411
CtrSVDD_0014_E_0007070,-2.1545143116
CtrSVDD_0015_E_0007071,-6.7966309203
CtrSVDD_0016_E_0007072,-5.0153330090
CtrSVDD_0017_E_0007073,-4.5565844793
CtrSVDD_0018_E_0007074,-6.0660527181
CtrSVDD_0019_E_0007075,-4.4205114129
CtrSVDD_0020_E_0007076,-2.9360132097
CtrSVDD_0021_E_0007077,-4.9657918137
CtrSVDD_0022_E_0007078,-2.6066627281
CtrSVDD_0023_E_0007079,-4.1463486578
CtrSVDD_0024_E_0007080,-3.4993456127
CtrSVDD_0025_E_0007081,-4.5567253266
CtrSVDD_0026_E_0007082,-3.6502350565
CtrSVDD_0027_E_0007083,-6.2162824840
CtrSVDD_0028_E_0007084,-4.4216977050
CtrSVDD_0029_E_0007085,-1.0205289246
CtrSVDD_0030_E_0007086,1.0787662039
CtrSVDD_0031_E_0007087,-0.0917491809
CtrSVDD_0032_E_0007088,-3.5559645925
CtrSVDD_0033_E_0007089,-3.2272089339
CtrSVDD_0034_E_0007090,-4.3482403199
CtrSVDD_0035_E_0007091,-6.1676614335
CtrSVDD_0036_E_0007092,-3.8029112379
CtrSVDD_0037_E_0007093,-2.9755659357
CtrSVDD_0038_E_0007094,-1.9916212398
CtrSVDD_0039_E_0007095,-4.4187515126
CtrSVDD_0040_E_0007096,-4.9988190170
CtrSVDD_0041_E_0007097,-3.7950221338
CtrSVDD_0042_E_0007098,-4.0849070134
CtrSVDD_0043_E_0007099,-3.5848658436
CtrSVDD_0044_E_0007100,-2.2529299290
CtrSVDD_0045_E_0007101,-3.0574006763
CtrSVDD_0046_E_0007102,-5.3384591022
CtrSVDD_0047_E_0007103,1.0299927843
CtrSVDD_0000_E_0007104,-1.9766061956
CtrSVDD_0001_E_0007105,-4.4265130397
CtrSVDD_0002_E_0007106,-3.6748763788
CtrSVDD_0003_E_0007107,-2.7463513415
CtrSVDD_0004_E_0007108,-2.7780260132
CtrSVDD_0005_E_0007109,-0.4691661305
CtrSVDD_0006_E_0007110,-5.5090911839
CtrSVDD_0007_E_0007111,-3.0273007814
CtrSVDD_0008_E_0007112,-4.2917465195
CtrSVDD_0009_E_0007113,-6.0482431398
CtrSVDD_0010_E_0007114,-5.6131189071
CtrSVDD_0011_E_0007115,1.0847652160
CtrSVDD_0012_E_0007116,-6.1185401165
CtrSVDD_0013_E_0007117,-3.4955461411
CtrSVDD_0014_E_0007118,-3.0972531810
CtrSVDD_0015_E_0007119,-2.1755696273
CtrSVDD_0016_E_0007120,-4.6356587200
CtrSVDD_0017_E_0007121,-5.4593538725
CtrSVDD_0018_E_0007122,-3.8482329985
CtrSVDD_0019_E_0007123,-7.3208752345
CtrSVDD_0020_E_0007124,1.2147491543
CtrSVDD_0021_E_0007125,-5.3883538854
CtrSVDD_0022_E_0007126,-0.4536071489
CtrSVDD_0023_E_0007127,-4.5228137292
CtrSVDD_0024_E_0007128,-1.6792476755
CtrSVDD_0025_E_0007129,-3.0574362006
CtrSVDD_0026_E_0007130,-4.9095844592
CtrSVDD_0027_E_0007131,-4.9053604673
CtrSVDD_0028_E_0007132,-4.1183975922
CtrSVDD_0029_E_0007133,-4.4399823677
CtrSVDD_0030_E_0007134,-4.3718062443
CtrSVDD_0031_E_0007135,-4.8424391181
CtrSVDD_0032_E_0007136,-2.9354299558
CtrSVDD_0033_E_0007137,-1.6920881087
CtrSVDD_0034_E_0007138,-4.6208141388
CtrSVDD_0035_E_0007139,-0.2393607108
CtrSVDD_0036_E_0007140,-2.9324853797
CtrSVDD_0037_E_0007141,-2.8395983707
CtrSVDD_0038_E_0007142,-4.0648884975
CtrSVDD_0039_E_0007143,-3.6144506360
CtrSVDD_0040_E_0007144,-2.2598957261
CtrSVDD_0041_E_0007145,-2.1166603496
CtrSVDD_0042_E_0007146,-2.7332650392
CtrSVDD_0043_E_0007147,-3.4079718418
CtrSVDD_0044_E_0007148,-7.3053501557
CtrSVDD_0045_E_0007149,-7.1178889035
CtrSVDD_0046_E_0007150,-4.9058426608
CtrSVDD_0047_E_0007151,0.6701060655
CtrSVDD_0000_E_0007152,-4.8042173096
CtrSVDD_0001_E_0007153,-2.3879188327
CtrSVDD_0002_E_0007154,-4.6511891974
CtrSVDD_0003_E_0007155,0.4965367502
CtrSVDD_0004_E_0007156,-0.1394510830
CtrSVDD_0005_E_0007157,-5.6192924643
CtrSVDD_0006_E_0007158,-2.8219052551
CtrSVDD_0007_E_0007159,-4.4676333780
CtrSVDD_0008_E_0007160,-3.1776274315
CtrSVDD_0009_E_0007161,1.0589544258
CtrSVDD_0010_E_0007162,-3.8659630913
CtrSVDD_0011_E_0007163,-4.9942518569
CtrSVDD_0012_E_0007164,-3.4276523667
CtrSVDD_0013_E_0007165,-2.9839512934
CtrSVDD_0014_E_0007166,-1.6067159058
CtrSVDD_0015_E_0007167,-6.4536960965
CtrSVDD_0016_E_0007168,-5.5796857098
CtrSVDD_0017_E_0007169,-5.1773151134
CtrSVDD_0018_E_0007170,0.2178230759
CtrSVDD_0019_E_0007171,-6.4174750527
CtrSVDD_0020_E_0007172,-6.2081199260
CtrSVDD_0021_E_0007173,-4.7263871335
CtrSVDD_0022_E_0007174,-5.8782945559
CtrSVDD_0023_E_0007175,-3.3788044197
CtrSVDD_0024_E_0007176,-0.1481118923
CtrSVDD_0025_E_0007177,-3.5062151098
CtrSVDD_0026_E_0007178,-1.5984941976
CtrSVDD_0027_E_0007179,1.7310263173
CtrSVDD_0028_E_0007180,-1.8976839752
CtrSVDD_0029_E_0007181,-3.9646529465
CtrSVDD_0030_E_0007182,-0.9458894297
CtrSVDD_0031_E_0007183,-5.7125641357
CtrSVDD_0032_E_0007184,-4.0069342621
CtrSVDD_0033_E_0007185,0.1128414574
CtrSVDD_0034_E_0007186,-5.0101770450
CtrSVDD_0035_E_0007187,-3.8617457178
CtrSVDD_0036_E_0007188,-1.8703812138
CtrSVDD_0037_E_0007189,-1.4854789462
CtrSVDD_0038_E_0007190,-5.1872931052
CtrSVDD_0039_E_0007191,-2.7583180228
CtrSVDD_0040_E_0007192,-3.7149037352
CtrSVDD_0041_E_0007193,-3.7916781837
CtrSVDD_0042_E_0007194,-4.3374764522
CtrSVDD_0043_E_0007195,-2.6661037851
CtrSVDD_0044_E_0007196,-4.5002521369
CtrSVDD_0045_E_0007197,-4.9250208703
CtrSVDD_0046_E_0007198,-4.7124548120
CtrSVDD_0047_E_0007199,-6.0920014397
CtrSVDD_0000_E_0007200,1.4867194090
CtrSVDD_0001_E_0007201,-1.8676156363
CtrSVDD_0002_E_0007202,-2.2046641669
CtrSVDD_0003_E_0007203,-4.1261280526
CtrSVDD_0004_E_0007204,-3.7254424964
CtrSVDD_0005_E_0007205,-1.2345981994
CtrSVDD_0006_E_0007206,-5.2304958905
CtrSVDD_0007_E_0007207,-3.7909233766
CtrSVDD_0008_E_0007208,-6.1730986920
CtrSVDD_0009_E_0007209,0.2784173997
CtrSVDD_0010_E_0007210,-2.1310672441
CtrSVDD_0011_E_0007211,-3.6928408769
CtrSVDD_0012_E_0007212,-3.4514135349
CtrSVDD_0013_E_0007213,-5.3840255671
CtrSVDD_0014_E_0007214,-5.2851950155
CtrSVDD_0015_E_0007215,-2.8533901011
CtrSVDD_0016_E_0007216,-3.5409679540
CtrSVDD_0017_E_0007217,-2.7840355909
CtrSVDD_0018_E_0007218,-4.2806205452
CtrSVDD_0019_E_0007219,-4.1636058898
CtrSVDD_0020_E_0007220,-0.3728455586
CtrSVDD_0021_E_0007221,-4.8964485107
CtrSVDD_0022_E_0007222,-5.0093252205
CtrSVDD_0023_E_0007223,-4.0265975621
CtrSVDD_0024_E_0007224,-6.7475778872
CtrSVDD_0025_E_0007225,-3.8063138423
CtrSVDD_0026_E_0007226,-0.5277739351
CtrSVDD_0027_E_0007227,-6.4213172082
CtrSVDD_0028_E_0007228,-4.4736089631
CtrSVDD_0029_E_0007229,0.0300784789
CtrSVDD_0030_E_0007230,-6.1765339465
CtrSVDD_0031_E_0007231,-2.0511425757
CtrSVDD_0032_E_0007232,0.3114986109
CtrSVDD_0033_E_0007233,1.4313017591
CtrSVDD_0034_E_0007234,-3.1401900773
CtrSVDD_0035_E_0007235,-5.0056678336
CtrSVDD_0036_E_0007236,-3.8477205681
CtrSVDD_0037_E_0007237,0.8334767716
CtrSVDD_0038_E_0007238,-6.5867094438
CtrSVDD_0039_E_0007239,-0.3198501180
CtrSVDD_0040_E_0007240,-6.1453880310
CtrSVDD_0041_E_0007241,-2.6232823964
CtrSVDD_0042_E_0007242,-2.1913797009
CtrSVDD_0043_E_0007243,-5.3532542435
CtrSVDD_0044_E_0007244,-3.4925796083
CtrSVDD_0045_E_0007245,0.8676194803
CtrSVDD_0046_E_0007246,-2.1104127024
CtrSVDD_0047_E_0007247,-1.1684216414
CtrSVDD_0000_E_0007248,-4.6007533216
CtrSVDD_0001_E_0007249,2.0493675430
CtrSVDD_0002_E_0007250,-3.5502451113
CtrSVDD_0003_E_0007251,-0.0650895778
CtrSVDD_0004_E_0007252,-1.2170150855
CtrSVDD_0005_E_0007253,-4.9726080919
CtrSVDD_0006_E_0007254,-4.8094417768
CtrSVDD_0007_E_0007255,-1.0341626049
CtrSVDD_0008_E_0007256,-3.1483795705
CtrSVDD_0009_E_0007257,-1.7992027972
CtrSVDD_0010_E_0007258,0.4722914813
CtrSVDD_0011_E_0007259,-5.5039173071
CtrSVDD_0012_E_0007260,-1.7228184659
CtrSVDD_0013_E_0007261,-0.8949309605
CtrSVDD_0014_E_0007262,-0.3773477668
CtrSVDD_0015_E_0007263,-5.4709925651
CtrSVDD_0016_E_0007264,-2.3850218857
CtrSVDD_0017_E_0007265,-5.7709161593
CtrSVDD_0018_E_0007266,-3.4851581144
CtrSVDD_0019_E_0007267,0.5816152139
CtrSVDD_0020_E_0007268,-4.3338383818
CtrSVDD_0021_E_0007269,-0.9588950729
CtrSVDD_0022_E_0007270,-1.2727131717
CtrSVDD_0023_E_0007271,1.7716607253
CtrSVDD_0024_E_0007272,-3.0497066621
CtrSVDD_0025_E_0007273,-3.7606048082
CtrSVDD_0026_E_0007274,-3.5744404674
CtrSVDD_0027_E_0007275,-1.5074748740
CtrSVDD_0028_E_0007276,-3.1473484489
CtrSVDD_0029_E_0007277,-5.3250276696
CtrSVDD_0030_E_0007278,-5.8497702139
CtrSVDD_0031_E_0007279,-3.4780294283
CtrSVDD_0032_E_0007280,-6.2352274420
CtrSVDD_0033_E_0007281,-3.1074535254
CtrSVDD_0034_E_0007282,1.6241083858
CtrSVDD_0035_E_0007283,-4.1743358003
CtrSVDD_0036_E_0007284,-3.8609911067
CtrSVDD_0037_E_0007285,-3.5700826783
CtrSVDD_0038_E_0007286,-4.1884983670
CtrSVDD_0039_E_0007287,-2.6482221359
CtrSVDD_0040_E_0007288,-7.1772304272
CtrSVDD_0041_E_0007289,-5.9034862605
CtrSVDD_0042_E_0007290,-1.0540660493
CtrSVDD_0043_E_0007291,-2.7433231242
CtrSVDD_0044_E_0007292,-2.0851100192
CtrSVDD_0045_E_0007293,-3.4749646064
CtrSVDD_0046_E_0007294,-5.0334006090
CtrSVDD_0047_E_0007295,-4.5324865295
CtrSVDD_0000_E_0007296,-4.9458975706
CtrSVDD_0001_E_0007297,0.9522704869
CtrSVDD_0002_E_0007298,-5.9504710454
CtrSVDD_0003_E_0007299,-1.5184291412
CtrSVDD_0004_E_0007300,0.6252484071
CtrSVDD_0005_E_0007301,-5.3584150345
CtrSVDD_0006_E_0007302,-0.2120971412
CtrSVDD_0007_E_0007303,-2.9251213434
CtrSVDD_0008_E_0007304,-4.8256041209
CtrSVDD_0009_E_0007305,-0.2754357291
CtrSVDD_0010_E_0007306,-4.4341945554
CtrSVDD_0011_E_0007307,-3.5220431287
CtrSVDD_0012_E_0007308,-0.8998872624
CtrSVDD_0013_E_0007309,-2.4448688447
CtrSVDD_0014_E_0007310,-3.1303236006
CtrSVDD_0015_E_0007311,-4.6037298650
CtrSVDD_0016_E_0007312,-2.3247364815
CtrSVDD_0017_E_0007313,-2.1660755919
CtrSVDD_0018_E_0007314,-3.6963748309
CtrSVDD_0019_E_0007315,-4.4930474508
CtrSVDD_0020_E_0007316,-3.4901033447
CtrSVDD_0021_E_0007317,-0.2911509299
CtrSVDD_0022_E_0007318,-2.7139865571
CtrSVDD_0023_E_0007319,-6.9202562391
CtrSVDD_0024_E_0007320,-2.7957777712
CtrSVDD_0025_E_0007321,-4.0471959247
CtrSVDD_0026_E_0007322,-3.8677118006
CtrSVDD_0027_E_0007323,-5.8667331893
CtrSVDD_0028_E_0007324,-5.6382680764
CtrSVDD_0029_E_0007325,-2.2175908074
CtrSVDD_0030_E_0007326,1.3412758765
CtrSVDD_0031_E_0007327,-2.9837054271
CtrSVDD_0032_E_0007328,-2.6591167561
CtrSVDD_0033_E_0007329,0.5143879711
CtrSVDD_0034_E_0007330,-4.9362392729
CtrSVDD_0035_E_0007331,-0.0212841861
CtrSVDD_0036_E_0007332,-1.2224429156
CtrSVDD_0037_E_0007333,-0.4907445174
CtrSVDD_0038_E_0007334,-0.7236053830
CtrSVDD_0039_E_0007335,-2.0693077959
CtrSVDD_0040_E_0007336,-5.2599635581
CtrSVDD_0041_E_0007337,-4.0240834455
CtrSVDD_0042_E_0007338,0.7886275707
CtrSVDD_0043_E_0007339,-3.8184098690
CtrSVDD_0044_E_0007340,-5.0448913134
CtrSVDD_0045_E_0007341,-5.4030330142
CtrSVDD_0046_E_0007342,-3.6326112798
CtrSVDD_0047_E_0007343,-4.8704203312
CtrSVDD_0000_E_0007344,-3.2503113908
CtrSVDD_0001_E_0007345,-2.5586725863
CtrSVDD_0002_E_0007346,-4.6168409484
CtrSVDD_0003_E_0007347,-2.2793339269
CtrSVDD_0004_E_0007348,-4.3508820320
CtrSVDD_0005_E_0007349,-1.0271013859
CtrSVDD_0006_E_0007350,-2.0571043952
CtrSVDD_0007_E_0007351,-3.2427912753
CtrSVDD_0008_E_0007352,-6.4504802334
CtrSVDD_0009_E_0007353,-1.7956847744
CtrSVDD_0010_E_0007354,-5.3724330719
CtrSVDD_0011_E_0007355,-1.7264903245
CtrSVDD_0012_E_0007356,1.1244952299
CtrSVDD_0013_E_0007357,-4.8483782395
CtrSVDD_0014_E_0007358,-3.7162026875
CtrSVDD_0015_E_0007359,-1.1828374483
CtrSVDD_0016_E_0007360,-3.8482393958
CtrSVDD_0017_E_0007361,-1.0663348048
CtrSVDD_0018_E_0007362,-3.4771220812
CtrSVDD_0019_E_0007363,-1.9981069580
CtrSVDD_0020_E_0007364,-4.2338434915
CtrSVDD_0021_E_0007365,-1.0802441311
CtrSVDD_0022_E_0007366,-3.6536526765
CtrSVDD_0023_E_0007367,-4.7219472783
CtrSVDD_0024_E_0007368,0.0735025060
CtrSVDD_0025_E_0007369,0.7073440802
CtrSVDD_0026_E_0007370,-0.6621337974
CtrSVDD_0027_E_0007371,-5.2542219202
CtrSVDD_0028_E_0007372,-5.8354397987
CtrSVDD_0029_E_0007373,-1.4704342138
CtrSVDD_0030_E_0007374,-0.0903445830
CtrSVDD_0031_E_0007375,-4.1111840291
CtrSVDD_0032_E_0007376,1.6137354486
CtrSVDD_0033_E_0007377,-2.2919956156
CtrSVDD_0034_E_0007378,-5.1965157712
CtrSVDD_0035_E_0007379,-0.2264254499
CtrSVDD_0036_E_0007380,-4.0984872607
CtrSVDD_0037_E_0007381,-4.4171981806
CtrSVDD_0038_E_0007382,-6.1255894547
CtrSVDD_0039_E_0007383,-6.3789699124
CtrSVDD_0040_E_0007384,0.0959640721
CtrSVDD_0041_E_0007385,-5.3584468017
CtrSVDD_0042_E_0007386,-4.8507580085
CtrSVDD_0043_E_0007387,-5.8003366701
CtrSVDD_0044_E_0007388,-6.1217281260
CtrSVDD_0045_E_0007389,-3.8157460086
CtrSVDD_0046_E_0007390,-2.4074004482
CtrSVDD_0047_E_0007391,-4.2754194042
CtrSVDD_0000_E_0007392,-3.1429072668
CtrSVDD_0001_E_0007393,-4.7766496156
CtrSVDD_0002_E_0007394,-2.8005260388
CtrSVDD_0003_E_0007395,-3.7537954499
CtrSVDD_0004_E_0007396,-6.7239411670
CtrSVDD_0005_E_0007397,-0.7499006149
CtrSVDD_0006_E_0007398,-0.5651281436
CtrSVDD_0007_E_0007399,0.5471678918
CtrSVDD_0008_E_0007400,-7.1815615804
CtrSVDD_0009_E_0007401,-4.8328156362
CtrSVDD_0010_E_0007402,-5.2846233551
CtrSVDD_0011_E_0007403,0.2120971412
CtrSVDD_0012_E_0007404,-7.5627263864
CtrSVDD_0013_E_0007405,-4.5303599610
CtrSVDD_0014_E_0007406,-2.6849316373
CtrSVDD_0015_E_0007407,-4.2156306526
CtrSVDD_0016_E_0007408,-0.2135279657
CtrSVDD_0017_E_0007409,-0.7291103158
CtrSVDD_0018_E_0007410,-4.3849570299
CtrSVDD_0019_E_0007411,0.0391879558
CtrSVDD_0020_E_0007412,-2.9120990272
CtrSVDD_0021_E_0007413,-4.0098460892
CtrSVDD_0022_E_0007414,-0.9671065024
CtrSVDD_0023_E_0007415,-4.5824856806
CtrSVDD_0024_E_0007416,0.0062945880
CtrSVDD_0025_E_0007417,-1.9554232163
CtrSVDD_0026_E_0007418,-3.1085562164
CtrSVDD_0027_E_0007419,-2.8094997729
CtrSVDD_0028_E_0007420,-2.2070138237
CtrSVDD_0029_E_0007421,-4.5429596308
CtrSVDD_0030_E_0007422,-2.2891928810
CtrSVDD_0031_E_0007423,-5.4782850946
CtrSVDD_0032_E_0007424,0.3818576368
CtrSVDD_0033_E_0007425,-1.5174528651
CtrSVDD_0034_E_0007426,-3.7457944633
CtrSVDD_0035_E_0007427,-4.8109107981
CtrSVDD_0036_E_0007428,-1.7063750562
CtrSVDD_0037_E_0007429,-4.9043794532
CtrSVDD_0038_E_0007430,-6.3692002751
CtrSVDD_0039_E_0007431,-5.0159811520
CtrSVDD_0040_E_0007432,-1.8356715369
CtrSVDD_0041_E_0007433,-4.3493752162
CtrSVDD_0042_E_0007434,-4.6430700969
CtrSVDD_0043_E_0007435,-1.2927521004
CtrSVDD_0044_E_0007436,-3.6258965520
CtrSVDD_0045_E_0007437,-5.3988774128
CtrSVDD_0046_E_0007438,-3.4881276116
CtrSVDD_0047_E_0007439,-6.4686444516
CtrSVDD_0000_E_0007440,-4.2200292015
CtrSVDD_0001_E_0007441,-0.9261795494
CtrSVDD_0002_E_0007442,-0.3649768469
CtrSVDD_0003_E_0007443,-1.2738660316
CtrSVDD_0004_E_0007444,-5.6568375750
CtrSVDD_0005_E_0007445,-4.2217256182
CtrSVDD_0006_E_0007446,-1.1027196749
CtrSVDD_0007_E_0007447,-5.2477445447
CtrSVDD_0008_E_0007448,-4.9303084901
CtrSVDD_0009_E_0007449,-0.9720367611
CtrSVDD_0010_E_0007450,-4.3498356321
CtrSVDD_0011_E_0007451,0.5358302223
CtrSVDD_0012_E_0007452,-0.2192556688
CtrSVDD_0013_E_0007453,1.2283701829
CtrSVDD_0014_E_0007454,-0.5038065543
CtrSVDD_0015_E_0007455,-5.3263712136
CtrSVDD_0016_E_0007456,-3.2176852586
CtrSVDD_0017_E_0007457,-5.5006746189
CtrSVDD_0018_E_0007458,-5.1098085949
CtrSVDD_0019_E_0007459,-0.4926945727
CtrSVDD_0020_E_0007460,0.1935347696
CtrSVDD_0021_E_0007461,-3.1969331872
CtrSVDD_0022_E_0007462,-3.3979562783
CtrSVDD_0023_E_0007463,-3.8288337709
CtrSVDD_0024_E_0007464,0.5422335495
CtrSVDD_0025_E_0007465,-4.4732300200
CtrSVDD_0026_E_0007466,-4.0416139573
CtrSVDD_0027_E_0007467,0.4691661305
CtrSVDD_0028_E_0007468,-4.7095565275
CtrSVDD_0029_E_0007469,-2.5694940075
CtrSVDD_0030_E_0007470,-1.4672384958
CtrSVDD_0031_E_0007471,-2.3656671953
CtrSVDD_0032_E_0007472,0.9745186026
CtrSVDD_0033_E_0007473,-2.5145737816
CtrSVDD_0034_E_0007474,-3.2098095392
CtrSVDD_0035_E_0007475,-5.8959211695
CtrSVDD_0036_E_0007476,-6.3210356969
CtrSVDD_0037_E_0007477,-0.8500502114
CtrSVDD_0038_E_0007478,-2.0058921131
CtrSVDD_0039_E_0007479,-3.2187832733
CtrSVDD_0040_E_0007480,0.9070179191
CtrSVDD_0041_E_0007481,-0.5652515265
CtrSVDD_0042_E_0007482,-5.2060450179
CtrSVDD_0043_E_0007483,-5.8272772406
CtrSVDD_0044_E_0007484,-1.5242234466
CtrSVDD_0045_E_0007485,-2.3814283020
CtrSVDD_0046_E_0007486,-4.0947306105
CtrSVDD_0047_E_0007487,-4.7101792177
CtrSVDD_0000_E_0007488,-4.3014377198
CtrSVDD_0001_E_0007489,-3.3572355952
CtrSVDD_0002_E_0007490,0.5954702094
CtrSVDD_0003_E_0007491,-3.7635595913
CtrSVDD_0004_E_0007492,-6.1708077557
CtrSVDD_0005_E_0007493,-4.1702178717
CtrSVDD_0006_E_0007494,-6.6255489987
CtrSVDD_0007_E_0007495,-5.1857179281
CtrSVDD_0008_E_0007496,-3.5770983714
CtrSVDD_0009_E_0007497,-3.6981787730
CtrSVDD_0010_E_0007498,-4.6836694236
CtrSVDD_0011_E_0007499,-4.8687187577
CtrSVDD_0012_E_0007500,-0.4512590472
CtrSVDD_0013_E_0007501,0.8904337118
CtrSVDD_0014_E_0007502,-4.4559138019
CtrSVDD_0015_E_0007503,-2.7686147679
CtrSVDD_0016_E_0007504,-4.9258633247
CtrSVDD_0017_E_0007505,-1.4488079980
CtrSVDD_0018_E_0007506,0.9012595106
CtrSVDD_0019_E_0007507,-5.0146903836
CtrSVDD_0020_E_0007508,-3.7949085588
CtrSVDD_0021_E_0007509,-1.7783945946
CtrSVDD_0022_E_0007510,-1.7632501392
CtrSVDD_0023_E_0007511,-2.9619767497
CtrSVDD_0024_E_0007512,-4.7308726772
CtrSVDD_0025_E_0007513,-5.8488446527
CtrSVDD_0026_E_0007514,-3.2623755620
CtrSVDD_0027_E_0007515,-4.0464720493
CtrSVDD_0028_E_0007516,-5.8468739728
CtrSVDD_0029_E_0007517,-6.0720684045
CtrSVDD_0030_E_0007518,-4.8453091368
CtrSVDD_0031_E_0007519,-2.3040111321
CtrSVDD_0032_E_0007520,-4.3894173076
CtrSVDD_0033_E_0007521,-0.5700579520
CtrSVDD_0034_E_0007522,-3.8902680436
CtrSVDD_0035_E_0007523,-4.0711387227
CtrSVDD_0036_E_0007524,-4.1505613452
CtrSVDD_0037_E_0007525,-4.5234174408
CtrSVDD_0038_E_0007526,-5.2316253596
CtrSVDD_0039_E_0007527,0.9091304899
CtrSVDD_0040_E_0007528,-0.6666083698
CtrSVDD_0041_E_0007529,-4.7566485221
CtrSVDD_0042_E_0007530,-4.6718512102
CtrSVDD_0043_E_0007531,0.7419009975
CtrSVDD_0044_E_0007532,-5.7981115910
CtrSVDD_0045_E_0007533,-2.6136828711
CtrSVDD_0046_E_0007534,-0.3802476369
CtrSVDD_0047_E_0007535,-2.1254390545
CtrSVDD_0000_E_0007536,-1.2194953228
CtrSVDD_0001_E_0007537,-3.0548401814
CtrSVDD_0002_E_0007538,-4.9216334033
CtrSVDD_0003_E_0007539,-5.7161584610
CtrSVDD_0004_E_0007540,-5.2537955620
CtrSVDD_0005_E_0007541,-6.2335739008
CtrSVDD_0006_E_0007542,-2.3138951653
CtrSVDD_0007_E_0007543,-3.8039860777
CtrSVDD_0008_E_0007544,-3.7432977685
CtrSVDD_0009_E_0007545,0.1849903467
CtrSVDD_0010_E_0007546,1.1249678019
CtrSVDD_0011_E_0007547,-4.7630925660
CtrSVDD_0012_E_0007548,-7.2669543056
CtrSVDD_0013_E_0007549,-0.7028891771
CtrSVDD_0014_E_0007550,-2.5678957772
CtrSVDD_0015_E_0007551,-3.2850837046
CtrSVDD_0016_E_0007552,-4.9265935929
CtrSVDD_0017_E_0007553,-2.5730538280
CtrSVDD_0018_E_0007554,-0.3223206095
CtrSVDD_0019_E_0007555,-0.4458688780
CtrSVDD_0020_E_0007556,1.2373428625
CtrSVDD_0021_E_0007557,-3.4583745352
CtrSVDD_0022_E_0007558,-6.1662708450
CtrSVDD_0023_E_0007559,-0.5965898493
CtrSVDD_0024_E_0007560,-5.0198435864
CtrSVDD_0025_E_0007561,-4.9444107843
CtrSVDD_0026_E_0007562,-2.7242685582
CtrSVDD_0027_E_0007563,-3.7551171665
CtrSVDD_0028_E_0007564,1.1067196000
CtrSVDD_0029_E_0007565,-5.4134446874
CtrSVDD_0030_E_0007566,-4.3313599185
CtrSVDD_0031_E_0007567,-1.7338539207
CtrSVDD_0032_E_0007568,-0.0020981837
CtrSVDD_0033_E_0007569,-3.4124134300
CtrSVDD_0034_E_0007570,-3.4722816604
CtrSVDD_0035_E_0007571,-2.1933434388
CtrSVDD_0036_E_0007572,-4.1557799191
CtrSVDD_0037_E_0007573,-2.5502493626
CtrSVDD_0038_E_0007574,-0.3436693314
CtrSVDD_0039_E_0007575,-6.1199772844
CtrSVDD_0040_E_0007576,-4.5031334416
CtrSVDD_0041_E_0007577,-3.9952289923
CtrSVDD_0042_E_0007578,-2.4831654816
CtrSVDD_0043_E_0007579,-2.6321907011
CtrSVDD_0044_E_0007580,-2.0149589000
CtrSVDD_0045_E_0007581,-5.9424845958
CtrSVDD_0046_E_0007582,-2.3442588409
CtrSVDD_0047_E_0007583,-0.4612193444
CtrSVDD_0000_E_0007584,-4.9317907625
CtrSVDD_0001_E_0007585,-2.7174946714
CtrSVDD_0002_E_0007586,-0.4927208810
CtrSVDD_0003_E_0007587,-4.7342362068
CtrSVDD_0004_E_0007588,-3.1458677961
CtrSVDD_0005_E_0007589,-5.2640065377
CtrSVDD_0006_E_0007590,-3.6642271550
CtrSVDD_0007_E_0007591,-3.4179740688
CtrSVDD_0008_E_0007592,-4.6475136427
CtrSVDD_0009_E_0007593,-2.2050689334
CtrSVDD_0010_E_0007594,-0.6475143547
CtrSVDD_0011_E_0007595,0.9284408188
CtrSVDD_0012_E_0007596,-7.1030195342
CtrSVDD_0013_E_0007597,-3.3018191972
CtrSVDD_0014_E_0007598,-1.2743231419
CtrSVDD_0015_E_0007599,-3.8243643152
CtrSVDD_0016_E_0007600,-2.1196820129
CtrSVDD_0017_E_0007601,-1.7173229149
CtrSVDD_0018_E_0007602,-4.9748826375
CtrSVDD_0019_E_0007603,-0.8965151763
CtrSVDD_0020_E_0007604,-3.3772484206
CtrSVDD_0021_E_0007605,-3.1710766056
CtrSVDD_0022_E_0007606,-1.6602621454
CtrSVDD_0023_E_0007607,-5.5647115056
CtrSVDD_0024_E_0007608,-1.3552160465
CtrSVDD_0025_E_0007609,-4.8810800758
CtrSVDD_0026_E_0007610,-0.3164326907
CtrSVDD_0027_E_0007611,-3.2045418725
CtrSVDD_0028_E_0007612,-3.0255661514
CtrSVDD_0029_E_0007613,-5.8166194211
CtrSVDD_0030_E_0007614,1.2194953228
CtrSVDD_0031_E_0007615,-4.8417756502
CtrSVDD_0032_E_0007616,-4.6059379769
CtrSVDD_0033_E_0007617,-5.3533704275
CtrSVDD_0034_E_0007618,-2.7665619058
CtrSVDD_0035_E_0007619,-4.7337087051
CtrSVDD_0036_E_0007620,-4.4588857530
CtrSVDD_0037_E_0007621,-3.5626699966
CtrSVDD_0038_E_0007622,-4.2119998364
CtrSVDD_0039_E_0007623,-4.8388345226
CtrSVDD_0040_E_0007624,-2.7689979213
CtrSVDD_0041_E_0007625,-3.5847256983
CtrSVDD_0042_E_0007626,-2.8098059709
CtrSVDD_0043_E_0007627,-0.3755128464
CtrSVDD_0044_E_0007628,-2.2827822264
CtrSVDD_0045_E_0007629,-5.1999261495
CtrSVDD_0046_E_0007630,-5.8570072108
CtrSVDD_0047_E_0007631,-6.5264640205
CtrSVDD_0000_E_0007632,-1.2872138826
CtrSVDD_0001_E_0007633,-4.4443166493
CtrSVDD_0002_E_0007634,-3.3706418617
CtrSVDD_0003_E_0007635,-1.3896982195
CtrSVDD_0004_E_0007636,-0.1619890086
CtrSVDD_0005_E_0007637,0.3296962808
CtrSVDD_0006_E_0007638,-4.7924863537
CtrSVDD_0007_E_0007639,-6.3397864672
CtrSVDD_0008_E_0007640,-6.1881461857
CtrSVDD_0009_E_0007641,0.7363864709
CtrSVDD_0010_E_0007642,-5.1587194037
CtrSVDD_0011_E_0007643,-1.6560015849
CtrSVDD_0012_E_0007644,-6.4770393820
CtrSVDD_0013_E_0007645,-0.9898698060
CtrSVDD_0014_E_0007646,-6.2270918918
CtrSVDD_0015_E_0007647,-4.1523025132
CtrSVDD_0016_E_0007648,-5.9505643018
CtrSVDD_0017_E_0007649,1.1665482432
CtrSVDD_0018_E_0007650,-4.2818711618
CtrSVDD_0019_E_0007651,-5.7808074203
CtrSVDD_0020_E_0007652,-3.6329366398
CtrSVDD_0021_E_0007653,-3.0954378737
CtrSVDD_0022_E_0007654,-4.0236416318
CtrSVDD_0023_E_0007655,0.7038046679
CtrSVDD_0024_E_0007656,-4.5946048634
CtrSVDD_0025_E_0007657,-4.2843703443
CtrSVDD_0026_E_0007658,-7.6199228102
CtrSVDD_0027_E_0007659,-1.3682481977
CtrSVDD_0028_E_0007660,-5.5362906955
CtrSVDD_0029_E_0007661,-3.7805482568
CtrSVDD_0030_E_0007662,-4.3883067487
CtrSVDD_0031_E_0007663,-4.6397881790
CtrSVDD_0032_E_0007664,-0.8635505819
CtrSVDD_0033_E_0007665,-0.4250682811
CtrSVDD_0034_E_0007666,-2.0306635845
CtrSVDD_0035_E_0007667,-1.0850630970
CtrSVDD_0036_E_0007668,1.2078095279
CtrSVDD_0037_E_0007669,-5.1668819617
CtrSVDD_0038_E_0007670,-3.7124820990
CtrSVDD_0039_E_0007671,-0.8383271901
CtrSVDD_0040_E_0007672,0.8819752741
CtrSVDD_0041_E_0007673,-3.3524553884
CtrSVDD_0042_E_0007674,-0.9445664966
CtrSVDD_0043_E_0007675,-1.2792892168
CtrSVDD_0044_E_0007676,-2.8467471893
CtrSVDD_0045_E_0007677,0.1622693499
CtrSVDD_0046_E_0007678,-4.0057033654
CtrSVDD_0047_E_0007679,-2.3796838187
CtrSVDD_0000_E_0007680,-4.4629501780
CtrSVDD_0001_E_0007681,-2.1959219107
CtrSVDD_0002_E_0007682,-3.6055971369
CtrSVDD_0003_E_0007683,-1.9702169224
CtrSVDD_0004_E_0007684,-5.7898666142
CtrSVDD_0005_E_0007685,-2.4527756775
CtrSVDD_0006_E_0007686,-3.3416531671
CtrSVDD_0007_E_0007687,-6.7321037251
CtrSVDD_0008_E_0007688,-5.5549860297
CtrSVDD_0009_E_0007689,-4.4191398140
CtrSVDD_0010_E_0007690,-1.7755505841
CtrSVDD_0011_E_0007691,-2.7737839507
CtrSVDD_0012_E_0007692,-3.2157904316
CtrSVDD_0013_E_0007693,-0.4085017731
CtrSVDD_0014_E_0007694,-3.3577033862
CtrSVDD_0015_E_0007695,-5.2623432353
CtrSVDD_0016_E_0007696,-4.7653798962
CtrSVDD_0017_E_0007697,-2.1372706849
CtrSVDD_0018_E_0007698,-4.8081656016
CtrSVDD_0019_E_0007699,-6.0430246186
CtrSVDD_0020_E_0007700,-1.3230285222
CtrSVDD_0021_E_0007701,-1.6905123755
CtrSVDD_0022_E_0007702,-4.3642200552
CtrSVDD_0023_E_0007703,-3.6117812675
CtrSVDD_0024_E_0007704,-4.7619850759
CtrSVDD_0025_E_0007705,-2.4583221412
CtrSVDD_0026_E_0007706,-4.2414982399
CtrSVDD_0027_E_0007707,-3.2631773904
CtrSVDD_0028_E_0007708,-5.0600703392
CtrSVDD_0029_E_0007709,-1.0585235339
CtrSVDD_0030_E_0007710,-6.5821320136
CtrSVDD_0031_E_0007711,-2.1515080353
CtrSVDD_0032_E_0007712,-4.9951619023
CtrSVDD_0033_E_0007713,-2.1092665953
CtrSVDD_0034_E_0007714,-4.3408543474
CtrSVDD_0035_E_0007715,-5.8084568630
CtrSVDD_0036_E_0007716,-3.2861806732
CtrSVDD_0037_E_0007717,-5.7033785223
CtrSVDD_0038_E_0007718,-3.5031022684
CtrSVDD_0039_E_0007719,-6.4033457372
CtrSVDD_0040_E_0007720,-4.1355714702
CtrSVDD_0041_E_0007721,0.2537804489
CtrSVDD_0042_E_0007722,-1.2373428625
CtrSVDD_0043_E_0007723,-5.9775266146
CtrSVDD_0044_E_0007724,-4.3429873371
CtrSVDD_0045_E_0007725,-4.3666381062
CtrSVDD_0046_E_0007726,-1.1343681146
CtrSVDD_0047_E_0007727,-1.9201051493
CtrSVDD_0000_E_0007728,-3.5964944941
CtrSVDD_0001_E_0007729,-5.3843056969
CtrSVDD_0002_E_0007730,-0.4730922186
CtrSVDD_0003_E_0007731,-1.8109875550
CtrSVDD_0004_E_0007732,-4.1447343681
CtrSVDD_0005_E_0007733,-1.8404598254
CtrSVDD_0006_E_0007734,-5.1888691506
CtrSVDD_0007_E_0007735,-4.0575474153
CtrSVDD_0008_E_0007736,-5.9060397387
CtrSVDD_0009_E_0007737,1.0443641049
CtrSVDD_0010_E_0007738,-3.7990938079
CtrSVDD_0011_E_0007739,0.7055488387
CtrSVDD_0012_E_0007740,1.5595696761
CtrSVDD_0013_E_0007741,-5.3610004112
CtrSVDD_0014_E_0007742,-5.0113989801
CtrSVDD_0015_E_0007743,-1.6272006581
CtrSVDD_0016_E_0007744,0.9880063269
CtrSVDD_0017_E_0007745,-0.5350539804
CtrSVDD_0018_E_0007746,-2.6458758605
CtrSVDD_0019_E_0007747,-3.5133108078
CtrSVDD_0020_E_0007748,-2.4237786364
CtrSVDD_0021_E_0007749,-3.6198505692
CtrSVDD_0022_E_0007750,-4.8754598138
CtrSVDD_0023_E_0007751,-0.4412368214
CtrSVDD_0024_E_0007752,-4.3535931985
CtrSVDD_0025_E_0007753,-1.3731429248
CtrSVDD_0026_E_0007754,-5.8727806081
CtrSVDD_0027_E_0007755,-3.1286749641
CtrSVDD_0028_E_0007756,-2.9495529547
CtrSVDD_0029_E_0007757,-3.3651096438
CtrSVDD_0030_E_0007758,-4.3240005106
CtrSVDD_0031_E_0007759,-2.0943326764
CtrSVDD_0032_E_0007760,-4.8182475004
CtrSVDD_0033_E_0007761,-5.1317573410
CtrSVDD_0034_E_0007762,-1.6667222491
CtrSVDD_0035_E_0007763,0.1574242564
CtrSVDD_0036_E_0007764,-4.8653218701
CtrSVDD_0037_E_0007765,-4.0111624781
CtrSVDD_0038_E_0007766,-3.7892006685
CtrSVDD_0039_E_0007767,-4.1098190102
CtrSVDD_0040_E_0007768,-3.9786741716
CtrSVDD_0041_E_0007769,-0.1913682217
CtrSVDD_0042_E_0007770,-3.5932118525
CtrSVDD_0043_E_0007771,-5.7054994249
CtrSVDD_0044_E_0007772,-4.3166193090
CtrSVDD_0045_E_0007773,-1.9423295027
CtrSVDD_0046_E_0007774,-0.1470136627
CtrSVDD_0047_E_0007775,-3.6237984242
CtrSVDD_0000_E_0007776,-0.7273704887
CtrSVDD_0001_E_0007777,-0.9278697716
CtrSVDD_0002_E_0007778,-0.1283405650
CtrSVDD_0003_E_0007779,-4.1886087420
CtrSVDD_0004_E_0007780,-0.9882465835
CtrSVDD_0005_E_0007781,-4.2726903604
CtrSVDD_0006_E_0007782,-0.8113821157
CtrSVDD_0007_E_0007783,-0.3863752869
CtrSVDD_0008_E_0007784,-5.9065609353
CtrSVDD_0009_E_0007785,-4.5095222354
CtrSVDD_0010_E_0007786,-2.3301309235
CtrSVDD_0011_E_0007787,-1.1652183188
CtrSVDD_0012_E_0007788,-0.9703636132
CtrSVDD_0013_E_0007789,-4.7345210724
CtrSVDD_0014_E_0007790,0.1241106340
CtrSVDD_0015_E_0007791,-0.9768724973
CtrSVDD_0016_E_0007792,-4.1715374582
CtrSVDD_0017_E_0007793,-2.3212561912
CtrSVDD_0018_E_0007794,-4.7998102429
CtrSVDD_0019_E_0007795,-5.3754602959
CtrSVDD_0020_E_0007796,-3.3170864592
CtrSVDD_0021_E_0007797,-3.9987327193
CtrSVDD_0022_E_0007798,-3.0089203445
CtrSVDD_0023_E_0007799,-3.9047281340
CtrSVDD_0024_E_0007800,-4.0876341527
CtrSVDD_0025_E_0007801,-2.1398870152
CtrSVDD_0026_E_0007802,-3.8542234739
CtrSVDD_0027_E_0007803,-6.2234725024
CtrSVDD_0028_E_0007804,-2.8422887491
CtrSVDD_0029_E_0007805,0.3179036343
CtrSVDD_0030_E_0007806,-5.0394385837
CtrSVDD_0031_E_0007807,-5.0576018070
CtrSVDD_0032_E_0007808,-4.9999614097
CtrSVDD_0033_E_0007809,-4.5753953622
CtrSVDD_0034_E_0007810,-3.5326813707
CtrSVDD_0035_E_0007811,-3.6899008931
CtrSVDD_0036_E_0007812,-3.3517802644
CtrSVDD_0037_E_0007813,-4.2918516601
CtrSVDD_0038_E_0007814,-0.3698482853
CtrSVDD_0039_E_0007815,-5.5065454370
CtrSVDD_0040_E_0007816,-0.0796814969
CtrSVDD_0041_E_0007817,-6.0551212995
CtrSVDD_0042_E_0007818,1.1606040904
CtrSVDD_0043_E_0007819,-2.0807940533
CtrSVDD_0044_E_0007820,-0.2408003976
CtrSVDD_0045_E_0007821,-0.8454144771
CtrSVDD_0046_E_0007822,0.1072123277
CtrSVDD_0047_E_0007823,-4.6726513900
CtrSVDD_0000_E_0007824,-0.4472576802
CtrSVDD_0001_E_0007825,-4.2357455598
CtrSVDD_0002_E_0007826,-4.4701164641
CtrSVDD_0003_E_0007827,-6.2521750106
CtrSVDD_0004_E_0007828,-0.9478772177
CtrSVDD_0005_E_0007829,-4.9288264949
CtrSVDD_0006_E_0007830,-3.3626542071
CtrSVDD_0007_E_0007831,-4.3336189736
CtrSVDD_0008_E_0007832,-3.5828940223
CtrSVDD_0009_E_0007833,-5.7985849518
CtrSVDD_0010_E_0007834,2.1610436950
CtrSVDD_0011_E_0007835,-2.1908890624
CtrSVDD_0012_E_0007836,-3.0864874894
CtrSVDD_0013_E_0007837,-4.7404013990
CtrSVDD_0014_E_0007838,-3.4164710843
CtrSVDD_0015_E_0007839,-4.3830947350
CtrSVDD_0016_E_0007840,-1.3487106463
CtrSVDD_0017_E_0007841,-2.7570233887
CtrSVDD_0018_E_0007842,-6.4943109828
CtrSVDD_0019_E_0007843,-1.8090675534
CtrSVDD_0020_E_0007844,-4.1235426985
CtrSVDD_0021_E_0007845,-6.9228658203
CtrSVDD_0022_E_0007846,-5.1731472516
CtrSVDD_0023_E_0007847,0.5374456446
CtrSVDD_0024_E_0007848,-4.9140282105
CtrSVDD_0025_E_0007849,-3.2866018694
CtrSVDD_0026_E_0007850,-0.9972598582
CtrSVDD_0027_E_0007851,-4.9861734946
CtrSVDD_0028_E_0007852,-5.1311008705
CtrSVDD_0029_E_0007853,-2.5691725017
CtrSVDD_0030_E_0007854,-3.1148296229
CtrSVDD_0031_E_0007855,-0.7567958405
CtrSVDD_0032_E_0007856,-1.9449478911
CtrSVDD_0033_E_0007857,-2.0461586212
CtrSVDD_0034_E_0007858,-0.0412759663
CtrSVDD_0035_E_0007859,-3.8164630351
CtrSVDD_0036_E_0007860,-3.7569884667
CtrSVDD_0037_E_0007861,0.0253011288
CtrSVDD_0038_E_0007862,-4.4547493261
CtrSVDD_0039_E_0007863,-5.6012275958
CtrSVDD_0040_E_0007864,-2.9957023446
CtrSVDD_0041_E_0007865,-0.4989985784
CtrSVDD_0042_E_0007866,-5.5139289794
CtrSVDD_0043_E_0007867,-1.1940519118
CtrSVDD_0044_E_0007868,-2.4269768692
CtrSVDD_0045_E_0007869,-4.3607430131
CtrSVDD_0046_E_0007870,-6.5756540376
CtrSVDD_0047_E_0007871,-2.7706644219
CtrSVDD_0000_E_0007872,-4.5730303109
CtrSVDD_0001_E_0007873,-5.7493703560
CtrSVDD_0002_E_0007874,-6.4260934484
CtrSVDD_0003_E_0007875,-2.3066279678
CtrSVDD_0004_E_0007876,-4.1516410599
CtrSVDD_0005_E_0007877,-0.9048379180
CtrSVDD_0006_E_0007878,-3.3993743632
CtrSVDD_0007_E_0007879,-3.2883540722
CtrSVDD_0008_E_0007880,-0.5708603218
CtrSVDD_0009_E_0007881,-6.2296580193
CtrSVDD_0010_E_0007882,-3.8932880302
CtrSVDD_0011_E_0007883,-5.1227281609
CtrSVDD_0012_E_0007884,0.4618646123
CtrSVDD_0013_E_0007885,-1.0252493761
CtrSVDD_0014_E_0007886,-1.4687663441
CtrSVDD_0015_E_0007887,-1.7598424456
CtrSVDD_0016_E_0007888,-3.5899972575
CtrSVDD_0017_E_0007889,-3.8084136067
CtrSVDD_0018_E_0007890,-3.8128819569
CtrSVDD_0019_E_0007891,-3.8064765883
CtrSVDD_0020_E_0007892,-4.7042922539
CtrSVDD_0021_E_0007893,-3.7607716529
CtrSVDD_0022_E_0007894,-7.3127126764
CtrSVDD_0023_E_0007895,-5.2488723158
CtrSVDD_0024_E_0007896,-3.6999846662
CtrSVDD_0025_E_0007897,-6.5816799086
CtrSVDD_0026_E_0007898,-3.3680367276
CtrSVDD_0027_E_0007899,-3.8691933303
CtrSVDD_0028_E_0007900,-1.0319445392
CtrSVDD_0029_E_0007901,-4.4454965563
CtrSVDD_0030_E_0007902,-3.6361381883
CtrSVDD_0031_E_0007903,-4.0527917157
CtrSVDD_0032_E_0007904,-6.4014848418
CtrSVDD_0033_E_0007905,-2.5162070437
CtrSVDD_0034_E_0007906,-5.9206945863
CtrSVDD_0035_E_0007907,-5.8642933702
CtrSVDD_0036_E_0007908,-2.0936008853
CtrSVDD_0037_E_0007909,-0.2494491207
CtrSVDD_0038_E_0007910,-5.9914197583
CtrSVDD_0039_E_0007911,-2.7584434910
CtrSVDD_0040_E_0007912,-2.4024061993
CtrSVDD_0041_E_0007913,-1.5191420679
CtrSVDD_0042_E_0007914,0.8514287083
CtrSVDD_0043_E_0007915,-4.1369164083
CtrSVDD_0044_E_0007916,-4.9578038046
CtrSVDD_0045_E_0007917,-0.0850119931
CtrSVDD_0046_E_0007918,-5.6907277193
CtrSVDD_0047_E_0007919,-6.1656615878
CtrSVDD_0000_E_0007920,-2.3181987784
CtrSVDD_0001_E_0007921,-5.5028664760
CtrSVDD_0002_E_0007922,-3.1384683699
CtrSVDD_0003_E_0007923,-7.1299755666
CtrSVDD_0004_E_0007924,-5.0389571394
CtrSVDD_0005_E_0007925,-4.2868565826
CtrSVDD_0006_E_0007926,-4.5097783869
CtrSVDD_0007_E_0007927,-3.0536160371
CtrSVDD_0008_E_0007928,0.5394049451
CtrSVDD_0009_E_0007929,-2.8149440804
CtrSVDD_0010_E_0007930,-2.3265365492
CtrSVDD_0011_E_0007931,-4.9267657191
CtrSVDD_0012_E_0007932,-3.8467443718
CtrSVDD_0013_E_0007933,-3.8478166115
CtrSVDD_0014_E_0007934,-5.4086892565
CtrSVDD_0015_E_0007935,-4.4869460077
CtrSVDD_0016_E_0007936,-2.8502073455
CtrSVDD_0017_E_0007937,-4.4331199221
CtrSVDD_0018_E_0007938,0.0272797511
CtrSVDD_0019_E_0007939,-0.4676051739
CtrSVDD_0020_E_0007940,-1.8008416941
CtrSVDD_0021_E_0007941,-3.0971346806
CtrSVDD_0022_E_0007942,0.7717032953
CtrSVDD_0023_E_0007943,-3.1154414003
CtrSVDD_0024_E_0007944,-3.6739546823
CtrSVDD_0025_E_0007945,-3.1945138948
CtrSVDD_0026_E_0007946,1.8829302476
CtrSVDD_0027_E_0007947,-1.9688725671
CtrSVDD_0028_E_0007948,-4.3423592001
CtrSVDD_0029_E_0007949,-3.4807015599
CtrSVDD_0030_E_0007950,-2.5003977826
CtrSVDD_0031_E_0007951,-5.6260294018
CtrSVDD_0032_E_0007952,-1.9744719014
CtrSVDD_0033_E_0007953,-3.8392750690
CtrSVDD_0034_E_0007954,-1.3470853651
CtrSVDD_0035_E_0007955,-5.1677524440
CtrSVDD_0036_E_0007956,-3.9491996046
CtrSVDD_0037_E_0007957,0.0055155674
CtrSVDD_0038_E_0007958,0.3376287368
CtrSVDD_0039_E_0007959,-3.9555884229
CtrSVDD_0040_E_0007960,-0.4848809191
CtrSVDD_0041_E_0007961,-7.0945687587
CtrSVDD_0042_E_0007962,-6.3489740588
CtrSVDD_0043_E_0007963,-4.7135464270
CtrSVDD_0044_E_0007964,0.6509158663
CtrSVDD_0045_E_0007965,-4.1671720695
CtrSVDD_0046_E_0007966,-5.3317325050
CtrSVDD_0047_E_0007967,-0.9556920559
CtrSVDD_0000_E_0007968,-0.0076934104
CtrSVDD_0001_E_0007969,-3.9663247417
CtrSVDD_0002_E_0007970,-3.5485541608
CtrSVDD_0003_E_0007971,0.3164326907
CtrSVDD_0004_E_0007972,-4.5989975779
CtrSVDD_0005_E_0007973,-1.4272968783
CtrSVDD_0006_E_0007974,-4.0655375129
CtrSVDD_0007_E_0007975,-4.0912597478
CtrSVDD_0008_E_0007976,-3.7420809490
CtrSVDD_0009_E_0007977,-4.5685895264
CtrSVDD_0010_E_0007978,-6.1554635704
CtrSVDD_0011_E_0007979,-6.0710692583
CtrSVDD_0012_E_0007980,-4.0127654296
CtrSVDD_0013_E_0007981,-2.2826330510
CtrSVDD_0014_E_0007982,-1.1588116664
CtrSVDD_0015_E_0007983,-4.5213029824
CtrSVDD_0016_E_0007984,-5.0921358488
CtrSVDD_0017_E_0007985,-3.9728155046
CtrSVDD_0018_E_0007986,-5.3758630091
CtrSVDD_0019_E_0007987,-5.1086364508
CtrSVDD_0020_E_0007988,0.7323922355
CtrSVDD_0021_E_0007989,-4.1386495174
CtrSVDD_0022_E_0007990,3.4102301795
CtrSVDD_0023_E_0007991,-1.8735844745
CtrSVDD_0024_E_0007992,-4.4094201055
CtrSVDD_0025_E_0007993,1.9603556855
CtrSVDD_0026_E_0007994,-5.5800949466
CtrSVDD_0027_E_0007995,-4.4193246743
CtrSVDD_0028_E_0007996,-4.5040366638
CtrSVDD_0029_E_0007997,-3.3612586205
CtrSVDD_0030_E_0007998,-4.6765068422
CtrSVDD_0031_E_0007999,-5.6231074391
CtrSVDD_0032_E_0008000,-1.3698792964
CtrSVDD_0033_E_0008001,-4.8247908977
CtrSVDD_0034_E_0008002,-0.6176316643
CtrSVDD_0035_E_0008003,-5.4291948963
CtrSVDD_0036_E_0008004,-4.8012792187
CtrSVDD_0037_E_0008005,-6.0197335347
CtrSVDD_0038_E_0008006,-1.7021477290
CtrSVDD_0039_E_0008007,0.6948246815
CtrSVDD_0040_E_0008008,-3.0018221776
CtrSVDD_0041_E_0008009,-4.5280015203
CtrSVDD_0042_E_0008010,-3.8542564100
CtrSVDD_0043_E_0008011,-0.2686419354
CtrSVDD_0044_E_0008012,-3.6730969732
CtrSVDD_0045_E_0008013,-1.2742722027
CtrSVDD_0046_E_0008014,-5.5076177055
CtrSVDD_0047_E_0008015,-5.3541984040
CtrSVDD_0000_E_0008016,-4.2071911810
CtrSVDD_0001_E_0008017,-3.7072279388
CtrSVDD_0002_E_0008018,-0.7400603223
CtrSVDD_0003_E_0008019,-0.8534403046
CtrSVDD_0004_E_0008020,-4.3274114415
CtrSVDD_0005_E_0008021,-4.5418107164
CtrSVDD_0006_E_0008022,-3.5982580363
CtrSVDD_0007_E_0008023,-4.6125712591
CtrSVDD_0008_E_0008024,-3.4673145209
CtrSVDD_0009_E_0008025,0.8275522725
CtrSVDD_0010_E_0008026,-2.5129393699
CtrSVDD_0011_E_0008027,-3.1237217004
CtrSVDD_0012_E_0008028,-0.6499156756
CtrSVDD_0013_E_0008029,-5.8864571140
CtrSVDD_0014_E_0008030,-1.8468627607
CtrSVDD_0015_E_0008031,-2.6229748561
CtrSVDD_0016_E_0008032,-4.1435800579
CtrSVDD_0017_E_0008033,-0.6894924976
CtrSVDD_0018_E_0008034,-0.4552505062
CtrSVDD_0019_E_0008035,0.6718579897
CtrSVDD_0020_E_0008036,-1.1764945189
CtrSVDD_0021_E_0008037,-3.4532062120
CtrSVDD_0022_E_0008038,-2.9207010291
CtrSVDD_0023_E_0008039,-5.3737539459
CtrSVDD_0024_E_0008040,0.9926705409
CtrSVDD_0025_E_0008041,-5.0018253446
CtrSVDD_0026_E_0008042,-3.1237985175
CtrSVDD_0027_E_0008043,0.7735886145
CtrSVDD_0028_E_0008044,-4.8277312405
CtrSVDD_0029_E_0008045,-4.1696249186
CtrSVDD_0030_E_0008046,-0.2566706433
CtrSVDD_0031_E_0008047,0.1537711546
CtrSVDD_0032_E_0008048,-5.7273018399
CtrSVDD_0033_E_0008049,-1.9257990969
CtrSVDD_0034_E_0008050,-0.2278607921
CtrSVDD_0035_E_0008051,-6.3032256940
CtrSVDD_0036_E_0008052,-1.3146626540
CtrSVDD_0037_E_0008053,1.3745482730
CtrSVDD_0038_E_0008054,-3.2477321305
CtrSVDD_0039_E_0008055,-3.0887276357
CtrSVDD_0040_E_0008056,0.4505086063
CtrSVDD_0041_E_0008057,-1.8696028195
CtrSVDD_0042_E_0008058,-5.3314651166
CtrSVDD_0043_E_0008059,-1.1075320015
CtrSVDD_0044_E_0008060,0.1368073982
CtrSVDD_0045_E_0008061,-2.7475895405
CtrSVDD_0046_E_0008062,-5.1345158509
CtrSVDD_0047_E_0008063,-0.9007043491
CtrSVDD_0000_E_0008064,-6.9826218084
CtrSVDD_0001_E_0008065,-2.5562158113
CtrSVDD_0002_E_0008066,-5.1904460686
CtrSVDD_0003_E_0008067,-2.5596057937
CtrSVDD_0004_E_0008068,-5.6054488771
CtrSVDD_0005_E_0008069,-3.6710765933
CtrSVDD_0006_E_0008070,-4.5932568340
CtrSVDD_0007_E_0008071,-2.4849437117
CtrSVDD_0008_E_0008072,-3.4338859844
CtrSVDD_0009_E_0008073,-6.1997002257
CtrSVDD_0010_E_0008074,-2.1995473865
CtrSVDD_0011_E_0008075,-2.8599338143
CtrSVDD_0012_E_0008076,-3.4688028339
CtrSVDD_0013_E_0008077,0.1013513949
CtrSVDD_0014_E_0008078,-3.8240048700
CtrSVDD_0015_E_0008079,-4.3682755255
CtrSVDD_0016_E_0008080,-5.1700129642
CtrSVDD_0017_E_0008081,-3.0750488967
CtrSVDD_0018_E_0008082,-5.1233744471
CtrSVDD_0019_E_0008083,-4.9862683927
CtrSVDD_0020_E_0008084,-2.3229344812
CtrSVDD_0021_E_0008085,-4.9169914843
CtrSVDD_0022_E_0008086,-1.6858159906
CtrSVDD_0023_E_0008087,-3.4831079759
CtrSVDD_0024_E_0008088,-5.6865387312
CtrSVDD_0025_E_0008089,-4.7160641663
CtrSVDD_0026_E_0008090,-4.2290620852
CtrSVDD_0027_E_0008091,-0.4750627763
CtrSVDD_0028_E_0008092,-0.2270959258
CtrSVDD_0029_E_0008093,-2.8579193218
CtrSVDD_0030_E_0008094,-3.4787376694
CtrSVDD_0031_E_0008095,1.1329042518
CtrSVDD_0032_E_0008096,-2.2065752165
CtrSVDD_0033_E_0008097,0.2408003976
CtrSVDD_0034_E_0008098,-5.4937057773
CtrSVDD_0035_E_0008099,-3.8513224311
CtrSVDD_0036_E_0008100,-1.6014644920
CtrSVDD_0037_E_0008101,-4.1341703248
CtrSVDD_0038_E_0008102,-4.1846827744
CtrSVDD_0039_E_0008103,-5.4864143073
CtrSVDD_0040_E_0008104,-5.7709021531
CtrSVDD_0041_E_0008105,-5.4592308419
CtrSVDD_0042_E_0008106,-0.0188847618
CtrSVDD_0043_E_0008107,-5.2280556709
CtrSVDD_0044_E_0008108,-4.9525733424
CtrSVDD_0045_E_0008109,0.8206056900
CtrSVDD_0046_E_0008110,-3.6016189955
CtrSVDD_0047_E_0008111,-0.0280628062
CtrSVDD_0000_E_0008112,-1.7505214165
CtrSVDD_0001_E_0008113,-3.4835908490
CtrSVDD_0002_E_0008114,-0.1669375049
CtrSVDD_0003_E_0008115,-2.0288174503
CtrSVDD_0004_E_0008116,-3.2961058383
CtrSVDD_0005_E_0008117,-5.2773817218
CtrSVDD_0006_E_0008118,-4.9958330833
CtrSVDD_0007_E_0008119,-3.3168413076
CtrSVDD_0008_E_0008120,-2.6486394404
CtrSVDD_0009_E_0008121,-3.1361588645
CtrSVDD_0010_E_0008122,-5.5281281375
CtrSVDD_0011_E_0008123,-4.4066606603
CtrSVDD_0012_E_0008124,-4.5152548827
CtrSVDD_0013_E_0008125,-5.5527281525
CtrSVDD_0014_E_0008126,-6.2380268847
CtrSVDD_0015_E_0008127,-5.6699183977
CtrSVDD_0016_E_0008128,-2.0893626666
CtrSVDD_0017_E_0008129,-4.8659985044
CtrSVDD_0018_E_0008130,-6.3797286192
CtrSVDD_0019_E_0008131,-4.5052222226
CtrSVDD_0020_E_0008132,-4.5395120474
CtrSVDD_0021_E_0008133,2.0228419014
CtrSVDD_0022_E_0008134,1.5779813784
CtrSVDD_0023_E_0008135,-4.8910777678
CtrSVDD_0024_E_0008136,-1.7561086717
CtrSVDD_0025_E_0008137,-6.5048574003
CtrSVDD_0026_E_0008138,-5.3455376124
CtrSVDD_0027_E_0008139,-4.5199265560
CtrSVDD_0028_E_0008140,-3.1134676493
CtrSVDD_0029_E_0008141,-2.8793615589
CtrSVDD_0030_E_0008142,-2.2108957054
CtrSVDD_0031_E_0008143,-4.3117349270
CtrSVDD_0032_E_0008144,-4.7689673750
CtrSVDD_0033_E_0008145,-6.8982476483
CtrSVDD_0034_E_0008146,-1.3829455510
CtrSVDD_0035_E_0008147,-6.5913199465
CtrSVDD_0036_E_0008148,-0.3500953044
CtrSVDD_0037_E_0008149,-5.1260338957
CtrSVDD_0038_E_0008150,-0.3939223175
CtrSVDD_0039_E_0008151,-3.6605159288
CtrSVDD_0040_E_0008152,-2.0155535072
CtrSVDD_0041_E_0008153,0.2404311923
CtrSVDD_0042_E_0008154,-3.9306091484
CtrSVDD_0043_E_0008155,-4.2370591961
CtrSVDD_0044_E_0008156,-5.5001246333
CtrSVDD_0045_E_0008157,-6.0350207123
CtrSVDD_0046_E_0008158,-5.0364186005
CtrSVDD_0047_E_0008159,-4.1698058010
CtrSVDD_0000_E_0008160,-2.8393148519
CtrSVDD_0001_E_0008161,-4.0960769263
CtrSVDD_0002_E_0008162,-2.4330238945
CtrSVDD_0003_E_0008163,-2.3306475277
CtrSVDD_0004_E_0008164,-1.7301687870
CtrSVDD_0005_E_0008165,-3.7700063514
CtrSVDD_0006_E_0008166,-4.3086701051
CtrSVDD_0007_E_0008167,-3.8046137745
CtrSVDD_0008_E_0008168,1.3297709502
CtrSVDD_0009_E_0008169,-5.2835480624
CtrSVDD_0010_E_0008170,-4.1873009773
CtrSVDD_0011_E_0008171,-1.0863057363
CtrSVDD_0012_E_0008172,-4.8272116138
CtrSVDD_0013_E_0008173,-3.5846768775
CtrSVDD_0014_E_0008174,-1.3405883972
CtrSVDD_0015_E_0008175,-5.3283773923
CtrSVDD_0016_E_0008176,-3.3953929346
CtrSVDD_0017_E_0008177,-5.4227753472
CtrSVDD_0018_E_0008178,-4.0018356410
CtrSVDD_0019_E_0008179,-4.2949983614
CtrSVDD_0020_E_0008180,-4.8925548290
CtrSVDD_0021_E_0008181,1.7878416882
CtrSVDD_0022_E_0008182,-2.7205418363
CtrSVDD_0023_E_0008183,0.8473630158
CtrSVDD_0024_E_0008184,-6.7366552995
CtrSVDD_0025_E_0008185,-3.9709535248
CtrSVDD_0026_E_0008186,-1.3262176399
CtrSVDD_0027_E_0008187,-4.6240859281
CtrSVDD_0028_E_0008188,-3.4641772103
CtrSVDD_0029_E_0008189,0.1339840606
CtrSVDD_0030_E_0008190,0.0697510876
CtrSVDD_0031_E_0008191,-1.7206759128
CtrSVDD_0032_E_0008192,-2.9650592274
CtrSVDD_0033_E_0008193,-5.5933560947
CtrSVDD_0034_E_0008194,-2.1433911049
CtrSVDD_0035_E_0008195,-4.4573507005
CtrSVDD_0036_E_0008196,-2.9059552958
CtrSVDD_0037_E_0008197,-4.9548252132
CtrSVDD_0038_E_0008198,-4.3499433888
CtrSVDD_0039_E_0008199,-5.5394320995
CtrSVDD_0040_E_0008200,-5.9531477070
CtrSVDD_0041_E_0008201,-4.0812853866
CtrSVDD_0042_E_0008202,-4.2743571094
CtrSVDD_0043_E_0008203,0.6806487851
CtrSVDD_0044_E_0008204,-4.5072066691
CtrSVDD_0045_E_0008205,-2.0111708785
CtrSVDD_0046_E_0008206,1.1302508567
CtrSVDD_0047_E_0008207,-2.2201586916
CtrSVDD_0000_E_0008208,-8.1613321423
CtrSVDD_0001_E_0008209,-3.1607674711
CtrSVDD_0002_E_0008210,-5.1286168174
CtrSVDD_0003_E_0008211,-4.1207088170
CtrSVDD_0004_E_0008212,-5.1653665533
CtrSVDD_0005_E_0008213,-6.0883840732
CtrSVDD_0006_E_0008214,-2.8598409538
CtrSVDD_0007_E_0008215,-4.3025720963
CtrSVDD_0008_E_0008216,-1.7100180115
CtrSVDD_0009_E_0008217,-2.7294265592
CtrSVDD_0010_E_0008218,-1.7635834542
CtrSVDD_0011_E_0008219,-2.3802881009
CtrSVDD_0012_E_0008220,-2.6357934840
CtrSVDD_0013_E_0008221,-4.5645751400
CtrSVDD_0014_E_0008222,-4.6544242381
CtrSVDD_0015_E_0008223,-3.2473001623
CtrSVDD_0016_E_0008224,-4.2642991191
CtrSVDD_0017_E_0008225,-3.7976101050
CtrSVDD_0018_E_0008226,-5.8545894652
CtrSVDD_0019_E_0008227,-1.8996605653
CtrSVDD_0020_E_0008228,-5.6637403864
CtrSVDD_0021_E_0008229,-3.6091068391
CtrSVDD_0022_E_0008230,-4.0878269628
CtrSVDD_0023_E_0008231,-1.1197159605
CtrSVDD_0024_E_0008232,-1.9659745963
CtrSVDD_0025_E_0008233,-3.3882014312
CtrSVDD_0026_E_0008234,-3.0062727137
CtrSVDD_0027_E_0008235,-3.2510123386
CtrSVDD_0028_E_0008236,-1.5429176905
CtrSVDD_0029_E_0008237,-5.3204183978
CtrSVDD_0030_E_0008238,-3.9909882917
CtrSVDD_0031_E_0008239,-6.0003321927
CtrSVDD_0032_E_0008240,-3.8315261745
CtrSVDD_0033_E_0008241,-5.6788381312
CtrSVDD_0034_E_0008242,-3.3453065654
CtrSVDD_0035_E_0008243,-5.1249183147
CtrSVDD_0036_E_0008244,-5.3863514416
CtrSVDD_0037_E_0008245,-3.7416724781
CtrSVDD_0038_E_0008246,-3.9802229451
CtrSVDD_0039_E_0008247,-4.6656990793
CtrSVDD_0040_E_0008248,-3.9879451787
CtrSVDD_0041_E_0008249,-4.8137663488
CtrSVDD_0042_E_0008250,-2.2653082991
CtrSVDD_0043_E_0008251,-3.6351853839
CtrSVDD_0044_E_0008252,-5.4099497997
CtrSVDD_0045_E_0008253,-4.4894547634
CtrSVDD_0046_E_0008254,-7.3717787583
CtrSVDD_0047_E_0008255,-3.6657921242
CtrSVDD_0000_E_0008256,-1.0060806759
CtrSVDD_0001_E_0008257,-5.5169070507
CtrSVDD_0002_E_0008258,-5.4910333870
CtrSVDD_0003_E_0008259,-3.0926696683
CtrSVDD_0004_E_0008260,1.7784204807
CtrSVDD_0005_E_0008261,1.5467608899
CtrSVDD_0006_E_0008262,-0.3528154914
CtrSVDD_0007_E_0008263,-4.2257123625
CtrSVDD_0008_E_0008264,-2.7098663648
CtrSVDD_0009_E_0008265,-3.4472682735
CtrSVDD_0010_E_0008266,-5.0804169467
CtrSVDD_0011_E_0008267,-2.4810407188
CtrSVDD_0012_E_0008268,-3.8304759837
CtrSVDD_0013_E_0008269,-3.3996071153
CtrSVDD_0014_E_0008270,-2.7025394804
CtrSVDD_0015_E_0008271,-5.7916049573
CtrSVDD_0016_E_0008272,-3.4119626890
CtrSVDD_0017_E_0008273,-4.5187717710
CtrSVDD_0018_E_0008274,-3.6238853270
CtrSVDD_0019_E_0008275,-5.5133162205
CtrSVDD_0020_E_0008276,-2.0679517837
CtrSVDD_0021_E_0008277,-3.2427868237
CtrSVDD_0022_E_0008278,-5.1403963872
CtrSVDD_0023_E_0008279,-0.0160867570
CtrSVDD_0024_E_0008280,-2.4525259675
CtrSVDD_0025_E_0008281,-3.6187996639
CtrSVDD_0026_E_0008282,-4.6218598698
CtrSVDD_0027_E_0008283,-3.6501277234
CtrSVDD_0028_E_0008284,-3.2711798229
CtrSVDD_0029_E_0008285,0.0090922479
CtrSVDD_0030_E_0008286,-4.3954877284
CtrSVDD_0031_E_0008287,-2.4347203112
CtrSVDD_0032_E_0008288,-3.8198268567
CtrSVDD_0033_E_0008289,-3.6035438670
CtrSVDD_0034_E_0008290,-2.0900593241
CtrSVDD_0035_E_0008291,-3.2132782541
CtrSVDD_0036_E_0008292,0.1750388497
CtrSVDD_0037_E_0008293,-3.9531085414
CtrSVDD_0038_E_0008294,-3.7840170449
CtrSVDD_0039_E_0008295,-0.7055488387
CtrSVDD_0040_E_0008296,-1.9412030857
CtrSVDD_0041_E_0008297,-1.3411659950
CtrSVDD_0042_E_0008298,-0.5197517581
CtrSVDD_0043_E_0008299,-1.3312367262
CtrSVDD_0044_E_0008300,-5.8839712848
CtrSVDD_0045_E_0008301,-3.9848057359
CtrSVDD_0046_E_0008302,0.3267438821
CtrSVDD_0047_E_0008303,-3.9731506909
CtrSVDD_0000_E_0008304,-5.3185302126
CtrSVDD_0001_E_0008305,-3.5752859781
CtrSVDD_0002_E_0008306,-4.9771580370
CtrSVDD_0003_E_0008307,-4.4501260605
CtrSVDD_0004_E_0008308,-1.7045559246
CtrSVDD_0005_E_0008309,2.1827248162
CtrSVDD_0006_E_0008310,-3.0721064252
CtrSVDD_0007_E_0008311,-0.8467046711
CtrSVDD_0008_E_0008312,-0.3252687518
CtrSVDD_0009_E_0008313,-3.4260319044
CtrSVDD_0010_E_0008314,-3.3944601848
CtrSVDD_0011_E_0008315,-1.6794982400
CtrSVDD_0012_E_0008316,-5.2084705114
CtrSVDD_0013_E_0008317,-6.5074103167
CtrSVDD_0014_E_0008318,-0.6371985290
CtrSVDD_0015_E_0008319,-1.7081957491
CtrSVDD_0016_E_0008320,-1.5152726483
CtrSVDD_0017_E_0008321,-5.8933356202
CtrSVDD_0018_E_0008322,-6.2104654196
CtrSVDD_0019_E_0008323,1.3751504013
CtrSVDD_0020_E_0008324,-7.0722924870
CtrSVDD_0021_E_0008325,-4.6587032270
CtrSVDD_0022_E_0008326,-6.1014664543
CtrSVDD_0023_E_0008327,-4.8174415629
CtrSVDD_0024_E_0008328,-4.7844731240
CtrSVDD_0025_E_0008329,-1.0964555527
CtrSVDD_0026_E_0008330,0.1438705663
CtrSVDD_0027_E_0008331,-4.0501724477
CtrSVDD_0028_E_0008332,-3.1104033894
CtrSVDD_0029_E_0008333,-5.5570797405
CtrSVDD_0030_E_0008334,-2.6435870346
CtrSVDD_0031_E_0008335,-4.8741610625
CtrSVDD_0032_E_0008336,-3.2302869515
CtrSVDD_0033_E_0008337,-3.9120180490
CtrSVDD_0034_E_0008338,-4.8305738797
CtrSVDD_0035_E_0008339,1.3263921989
CtrSVDD_0036_E_0008340,-3.1187572843
CtrSVDD_0037_E_0008341,-1.5318557475
CtrSVDD_0038_E_0008342,-4.6532959788
CtrSVDD_0039_E_0008343,-4.5441082672
CtrSVDD_0040_E_0008344,-5.1105844758
CtrSVDD_0041_E_0008345,-1.1043239171
CtrSVDD_0042_E_0008346,-5.3215079281
CtrSVDD_0043_E_0008347,-0.2235561612
CtrSVDD_0044_E_0008348,-3.4533302107
CtrSVDD_0045_E_0008349,-0.7995241805
CtrSVDD_0046_E_0008350,-4.9340735998
CtrSVDD_0047_E_0008351,-2.4091192572
CtrSVDD_0000_E_0008352,-4.3418493442
CtrSVDD_0001_E_0008353,-3.9655439352
CtrSVDD_0002_E_0008354,-3.7458435900
CtrSVDD_0003_E_0008355,-1.5273495790
CtrSVDD_0004_E_0008356,-4.2094144598
CtrSVDD_0005_E_0008357,-0.6167670433
CtrSVDD_0006_E_0008358,-1.5945120323
CtrSVDD_0007_E_0008359,-3.3125084461
CtrSVDD_0008_E_0008360,-5.2188037563
CtrSVDD_0009_E_0008361,-0.1778803231
CtrSVDD_0010_E_0008362,-3.1856895631
CtrSVDD_0011_E_0008363,-6.2950631359
CtrSVDD_0012_E_0008364,-3.8733776181
CtrSVDD_0013_E_0008365,-4.4296040127
CtrSVDD_0014_E_0008366,-4.8642265699
CtrSVDD_0015_E_0008367,0.1020453384
CtrSVDD_0016_E_0008368,-4.3704887215
CtrSVDD_0017_E_0008369,-3.6384860117
CtrSVDD_0018_E_0008370,-0.7588283432
CtrSVDD_0019_E_0008371,-5.1062933200
CtrSVDD_0020_E_0008372,-0.9064869023
CtrSVDD_0021_E_0008373,-4.5141495248
CtrSVDD_0022_E_0008374,0.1736186442
CtrSVDD_0023_E_0008375,-4.6689180968
CtrSVDD_0024_E_0008376,-3.3605484181
CtrSVDD_0025_E_0008377,-4.1549274777
CtrSVDD_0026_E_0008378,-4.4839776091
CtrSVDD_0027_E_0008379,-4.4265069775
CtrSVDD_0028_E_0008380,-3.4760567364
CtrSVDD_0029_E_0008381,-4.0836708719
CtrSVDD_0030_E_0008382,-5.7573252199
CtrSVDD_0031_E_0008383,1.1435985132
CtrSVDD_0032_E_0008384,-3.7822839630
CtrSVDD_0033_E_0008385,-2.5205022172
CtrSVDD_0034_E_0008386,-4.7962223011
CtrSVDD_0035_E_0008387,-0.8215117489
CtrSVDD_0036_E_0008388,-4.9727181850
CtrSVDD_0037_E_0008389,-3.7181529979
CtrSVDD_0038_E_0008390,-0.6457902880
CtrSVDD_0039_E_0008391,-4.1125479565
CtrSVDD_0040_E_0008392,-3.9708572216
CtrSVDD_0041_E_0008393,-5.8414027862
CtrSVDD_0042_E_0008394,-6.1008835428
CtrSVDD_0043_E_0008395,-3.3663954405
CtrSVDD_0044_E_0008396,-0.4320066126
CtrSVDD_0045_E_0008397,0.9889232358
CtrSVDD_0046_E_0008398,0.8259484964
CtrSVDD_0047_E_0008399,-4.2340766721
CtrSVDD_0000_E_0008400,-5.1747156376
CtrSVDD_0001_E_0008401,0.1927081488
CtrSVDD_0002_E_0008402,-6.0400805818
CtrSVDD_0003_E_0008403,-2.7327074427
CtrSVDD_0004_E_0008404,1.0863057363
CtrSVDD_0005_E_0008405,-0.2249905740
CtrSVDD_0006_E_0008406,-3.3727004851
CtrSVDD_0007_E_0008407,-3.9556848621
CtrSVDD_0008_E_0008408,-3.5885266419
CtrSVDD_0009_E_0008409,-3.0168685026
CtrSVDD_0010_E_0008410,-3.3414287903
CtrSVDD_0011_E_0008411,-2.7402927810
CtrSVDD_0012_E_0008412,-0.2784173997
CtrSVDD_0013_E_0008413,-3.7584510819
CtrSVDD_0014_E_0008414,-5.8449723746
CtrSVDD_0015_E_0008415,-4.2737298095
CtrSVDD_0016_E_0008416,-3.4059439719
CtrSVDD_0017_E_0008417,-2.6057010865
CtrSVDD_0018_E_0008418,0.4801251684
CtrSVDD_0019_E_0008419,-2.9486739449
CtrSVDD_0020_E_0008420,-0.5667698816
CtrSVDD_0021_E_0008421,-3.2741838786
CtrSVDD_0022_E_0008422,-5.2146749772
CtrSVDD_0023_E_0008423,-3.3061881708
CtrSVDD_0024_E_0008424,-4.7000830837
CtrSVDD_0025_E_0008425,-4.0346030588
CtrSVDD_0026_E_0008426,-3.8398137711
CtrSVDD_0027_E_0008427,-1.4157581964
CtrSVDD_0028_E_0008428,-4.3141539825
CtrSVDD_0029_E_0008429,-5.7028356191
CtrSVDD_0030_E_0008430,-4.4037047300
CtrSVDD_0031_E_0008431,-1.8524552860
CtrSVDD_0032_E_0008432,0.4458688780
CtrSVDD_0033_E_0008433,0.0482769358
CtrSVDD_0034_E_0008434,-1.4058910645
CtrSVDD_0035_E_0008435,-6.3401279194
CtrSVDD_0036_E_0008436,3.1180259155
CtrSVDD_0037_E_0008437,-2.8377877603
CtrSVDD_0038_E_0008438,-4.8071556045
CtrSVDD_0039_E_0008439,-3.5162811428
CtrSVDD_0040_E_0008440,0.7163547607
CtrSVDD_0041_E_0008441,-2.4969237478
CtrSVDD_0042_E_0008442,-4.3192412936
CtrSVDD_0043_E_0008443,-6.1329601054
CtrSVDD_0044_E_0008444,1.0041834899
CtrSVDD_0045_E_0008445,-2.6316460819
CtrSVDD_0046_E_0008446,-5.2835582883
CtrSVDD_0047_E_0008447,-4.9544411698
CtrSVDD_0000_E_0008448,-4.7639110031
CtrSVDD_0001_E_0008449,-0.3893914348
CtrSVDD_0002_E_0008450,-1.5749926628
CtrSVDD_0003_E_0008451,-2.6837959878
CtrSVDD_0004_E_0008452,-3.5207178329
CtrSVDD_0005_E_0008453,-4.5887034296
CtrSVDD_0006_E_0008454,-2.3702252080
CtrSVDD_0007_E_0008455,-0.0777108845
CtrSVDD_0008_E_0008456,-2.8458985693
CtrSVDD_0009_E_0008457,-3.7013739546
CtrSVDD_0010_E_0008458,-3.9250800695
CtrSVDD_0011_E_0008459,-5.6963917093
CtrSVDD_0012_E_0008460,-4.6012170202
CtrSVDD_0013_E_0008461,-0.7773820629
CtrSVDD_0014_E_0008462,-4.4465097986
CtrSVDD_0015_E_0008463,-3.6825412972
CtrSVDD_0016_E_0008464,-4.0329388481
CtrSVDD_0017_E_0008465,-2.0666808254
CtrSVDD_0018_E_0008466,-4.2300055772
CtrSVDD_0019_E_0008467,-2.4499241429
CtrSVDD_0020_E_0008468,-2.5774705920
CtrSVDD_0021_E_0008469,-0.0580823470
CtrSVDD_0022_E_0008470,1.0655122188
CtrSVDD_0023_E_0008471,-6.0779919489
CtrSVDD_0024_E_0008472,-5.4845965087
CtrSVDD_0025_E_0008473,1.2269915574
CtrSVDD_0026_E_0008474,-4.0225588115
CtrSVDD_0027_E_0008475,-4.6977025630
CtrSVDD_0028_E_0008476,-4.4688032284
CtrSVDD_0029_E_0008477,-5.7505880143
CtrSVDD_0030_E_0008478,-6.7088622118
CtrSVDD_0031_E_0008479,-4.1911329159
CtrSVDD_0032_E_0008480,-4.4633698117
CtrSVDD_0033_E_0008481,-3.2774700847
CtrSVDD_0034_E_0008482,-5.6521708508
CtrSVDD_0035_E_0008483,-2.6606656377
CtrSVDD_0036_E_0008484,-0.7825061073
CtrSVDD_0037_E_0008485,-1.1968133314
CtrSVDD_0038_E_0008486,-1.8071496168
CtrSVDD_0039_E_0008487,-4.5784451674
CtrSVDD_0040_E_0008488,-3.0684640950
CtrSVDD_0041_E_0008489,0.1998751302
CtrSVDD_0042_E_0008490,-3.5103621096
CtrSVDD_0043_E_0008491,-4.8226649377
CtrSVDD_0044_E_0008492,-3.9053720528
CtrSVDD_0045_E_0008493,0.7492890010
CtrSVDD_0046_E_0008494,-3.3733837681
CtrSVDD_0047_E_0008495,-6.6386697577
CtrSVDD_0000_E_0008496,-0.6188169692
CtrSVDD_0001_E_0008497,-5.5547622063
CtrSVDD_0002_E_0008498,-4.8566847026
CtrSVDD_0003_E_0008499,-0.9931150549
CtrSVDD_0004_E_0008500,-4.8712795364
CtrSVDD_0005_E_0008501,-5.0045334328
CtrSVDD_0006_E_0008502,-4.6334258180
CtrSVDD_0007_E_0008503,-3.2830276534
CtrSVDD_0008_E_0008504,-3.9775572080
CtrSVDD_0009_E_0008505,-4.1064738984
CtrSVDD_0010_E_0008506,-3.1281193907
CtrSVDD_0011_E_0008507,0.0244812369
CtrSVDD_0012_E_0008508,-5.3065805917
CtrSVDD_0013_E_0008509,-5.1463459145
CtrSVDD_0014_E_0008510,-4.8678744201
CtrSVDD_0015_E_0008511,-4.4477356890
CtrSVDD_0016_E_0008512,-3.9647890336
CtrSVDD_0017_E_0008513,-1.0228863013
CtrSVDD_0018_E_0008514,-3.1614229758
CtrSVDD_0019_E_0008515,-2.3461687229
CtrSVDD_0020_E_0008516,-4.0868537355
CtrSVDD_0021_E_0008517,-4.6330327001
CtrSVDD_0022_E_0008518,1.4631907961
CtrSVDD_0023_E_0008519,-1.3993243713
CtrSVDD_0024_E_0008520,-0.6759748282
CtrSVDD_0025_E_0008521,-1.1283734270
CtrSVDD_0026_E_0008522,-8.4834851012
CtrSVDD_0027_E_0008523,-2.5470276517
CtrSVDD_0028_E_0008524,-1.7356990105
CtrSVDD_0029_E_0008525,-4.3878447094
CtrSVDD_0030_E_0008526,-3.7710037889
CtrSVDD_0031_E_0008527,-1.9924932571
CtrSVDD_0032_E_0008528,-4.5091984414
CtrSVDD_0033_E_0008529,-3.3242024410
CtrSVDD_0034_E_0008530,-1.8186884248
CtrSVDD_0035_E_0008531,-0.4974378289
CtrSVDD_0036_E_0008532,0.8758006938
CtrSVDD_0037_E_0008533,-3.0853515730
CtrSVDD_0038_E_0008534,-6.5155728748
CtrSVDD_0039_E_0008535,-2.6311078809
CtrSVDD_0040_E_0008536,-4.1552365982
CtrSVDD_0041_E_0008537,0.5713830644
CtrSVDD_0042_E_0008538,-6.6344016612
CtrSVDD_0043_E_0008539,-5.7037213005
CtrSVDD_0044_E_0008540,-3.0116300371
CtrSVDD_0045_E_0008541,-6.5101936011
CtrSVDD_0046_E_0008542,-6.6053556436
CtrSVDD_0047_E_0008543,-2.1885658332
CtrSVDD_0000_E_0008544,-2.7930367470
CtrSVDD_0001_E_0008545,-2.3744403219
CtrSVDD_0002_E_0008546,-4.5715864911
CtrSVDD_0003_E_0008547,-6.3429970900
CtrSVDD_0004_E_0008548,-4.1661732422
CtrSVDD_0005_E_0008549,-5.0447189751
CtrSVDD_0006_E_0008550,-5.1309751736
CtrSVDD_0007_E_0008551,-4.8283323216
CtrSVDD_0008_E_0008552,-0.8099502840
CtrSVDD_0009_E_0008553,-4.0957249148
CtrSVDD_0010_E_0008554,-4.6185930357
CtrSVDD_0011_E_0008555,-1.3162802850
CtrSVDD_0012_E_0008556,-5.9405080584
CtrSVDD_0013_E_0008557,-5.3775802762
CtrSVDD_0014_E_0008558,0.3037822328
CtrSVDD_0015_E_0008559,-4.6905919301
CtrSVDD_0016_E_0008560,-3.9586527200
CtrSVDD_0017_E_0008561,-0.8799133538
CtrSVDD_0018_E_0008562,-2.6321153805
CtrSVDD_0019_E_0008563,-3.9730234128
CtrSVDD_0020_E_0008564,-3.4689484166
CtrSVDD_0021_E_0008565,-5.8690409164
CtrSVDD_0022_E_0008566,-5.1671249017
CtrSVDD_0023_E_0008567,-1.5821506068
CtrSVDD_0024_E_0008568,-0.9435021675
CtrSVDD_0025_E_0008569,-1.1764644181
CtrSVDD_0026_E_0008570,-6.6126993582
CtrSVDD_0027_E_0008571,-3.1921205967
CtrSVDD_0028_E_0008572,-6.0262266126
CtrSVDD_0029_E_0008573,-4.6489942954
CtrSVDD_0030_E_0008574,-3.4769653920
CtrSVDD_0031_E_0008575,-4.0080504885
CtrSVDD_0032_E_0008576,-6.1916104512
CtrSVDD_0033_E_0008577,-1.0158311043
CtrSVDD_0034_E_0008578,-4.0364110096
CtrSVDD_0035_E_0008579,-0.6679860159
CtrSVDD_0036_E_0008580,-3.6014862543
CtrSVDD_0037_E_0008581,-3.8647114238
CtrSVDD_0038_E_0008582,-3.4227911234
CtrSVDD_0039_E_0008583,-3.1192576496
CtrSVDD_0040_E_0008584,-5.6312699972
CtrSVDD_0041_E_0008585,-5.1064373205
CtrSVDD_0042_E_0008586,-5.1203755560
CtrSVDD_0043_E_0008587,-4.9171188922
CtrSVDD_0044_E_0008588,-6.3929255422
CtrSVDD_0045_E_0008589,-4.7139267516
CtrSVDD_0046_E_0008590,-4.7954035608
CtrSVDD_0047_E_0008591,-5.5508214455
CtrSVDD_0000_E_0008592,-2.4750178459
CtrSVDD_0001_E_0008593,-2.6899604791
CtrSVDD_0002_E_0008594,-5.1203205368
CtrSVDD_0003_E_0008595,-2.7784053548
CtrSVDD_0004_E_0008596,0.8414219247
CtrSVDD_0005_E_0008597,-0.4832668847
CtrSVDD_0006_E_0008598,-0.6423862129
CtrSVDD_0007_E_0008599,-4.0961079024
CtrSVDD_0008_E_0008600,-4.2034787283
CtrSVDD_0009_E_0008601,-4.9838680754
CtrSVDD_0010_E_0008602,-1.0432348999
CtrSVDD_0011_E_0008603,-5.9325356454
CtrSVDD_0012_E_0008604,0.7514573812
CtrSVDD_0013_E_0008605,-0.4739868570
CtrSVDD_0014_E_0008606,-2.2469753689
CtrSVDD_0015_E_0008607,-5.7664287933
CtrSVDD_0016_E_0008608,-3.6838010931
CtrSVDD_0017_E_0008609,1.4430885239
CtrSVDD_0018_E_0008610,0.2049494660
CtrSVDD_0019_E_0008611,-4.2321980411
CtrSVDD_0020_E_0008612,-4.2559664918
CtrSVDD_0021_E_0008613,-6.3857793628
CtrSVDD_0022_E_0008614,-0.1190302318
CtrSVDD_0023_E_0008615,-0.3307280227
CtrSVDD_0024_E_0008616,-3.7595421961
CtrSVDD_0025_E_0008617,-7.1952539920
CtrSVDD_0026_E_0008618,-2.6154362754
CtrSVDD_0027_E_0008619,-5.1439764282
CtrSVDD_0028_E_0008620,-3.5930855994
CtrSVDD_0029_E_0008621,-4.7016961133
CtrSVDD_0030_E_0008622,0.5390624707
CtrSVDD_0031_E_0008623,-3.0696309033
CtrSVDD_0032_E_0008624,-0.3833626499
CtrSVDD_0033_E_0008625,0.0641267737
CtrSVDD_0034_E_0008626,-0.7481741376
CtrSVDD_0035_E_0008627,-2.7465544555
CtrSVDD_0036_E_0008628,0.4060446121
CtrSVDD_0037_E_0008629,-5.9884908184
CtrSVDD_0038_E_0008630,-4.4604201536
CtrSVDD_0039_E_0008631,-2.9663264285
CtrSVDD_0040_E_0008632,-5.2623844783
CtrSVDD_0041_E_0008633,-0.6351614953
CtrSVDD_0042_E_0008634,-1.0254863835
CtrSVDD_0043_E_0008635,-4.2248772585
CtrSVDD_0044_E_0008636,0.2149592275
CtrSVDD_0045_E_0008637,-1.8773044638
CtrSVDD_0046_E_0008638,-4.4532089244
CtrSVDD_0047_E_0008639,-2.5259827752
CtrSVDD_0000_E_0008640,-4.6114367270
CtrSVDD_0001_E_0008641,-1.5962484411
CtrSVDD_0002_E_0008642,-4.6137055980
CtrSVDD_0003_E_0008643,-0.8778551678
CtrSVDD_0004_E_0008644,-2.1874439648
CtrSVDD_0005_E_0008645,-3.7887139161
CtrSVDD_0006_E_0008646,-4.2465860285
CtrSVDD_0007_E_0008647,-2.9655711241
CtrSVDD_0008_E_0008648,-0.0987749424
CtrSVDD_0009_E_0008649,-0.9881020363
CtrSVDD_0010_E_0008650,-2.8487016297
CtrSVDD_0011_E_0008651,-2.8911899214
CtrSVDD_0012_E_0008652,-4.3370457660
CtrSVDD_0013_E_0008653,-5.2207486950
CtrSVDD_0014_E_0008654,-3.5693979397
CtrSVDD_0015_E_0008655,0.9655620099
CtrSVDD_0016_E_0008656,-4.8765836629
CtrSVDD_0017_E_0008657,-3.7380701221
CtrSVDD_0018_E_0008658,1.2998908171
CtrSVDD_0019_E_0008659,-4.9029005575
CtrSVDD_0020_E_0008660,-4.4074820787
CtrSVDD_0021_E_0008661,-5.8416076558
CtrSVDD_0022_E_0008662,1.0395498058
CtrSVDD_0023_E_0008663,-5.0899335801
CtrSVDD_0024_E_0008664,-2.0002756491
CtrSVDD_0025_E_0008665,2.1202823753
CtrSVDD_0026_E_0008666,-5.0042703877
CtrSVDD_0027_E_0008667,-3.5398016813
CtrSVDD_0028_E_0008668,-5.3550611319
CtrSVDD_0029_E_0008669,-5.3187531534
CtrSVDD_0030_E_0008670,-4.6034894784
CtrSVDD_0031_E_0008671,-3.6224155401
CtrSVDD_0032_E_0008672,-0.3618724467
CtrSVDD_0033_E_0008673,-3.1087943640
CtrSVDD_0034_E_0008674,-3.9600276611
CtrSVDD_0035_E_0008675,1.8277963206
CtrSVDD_0036_E_0008676,-2.1575635943
CtrSVDD_0037_E_0008677,-5.2365764892
CtrSVDD_0038_E_0008678,-1.0995107725
CtrSVDD_0039_E_0008679,-3.3959814679
CtrSVDD_0040_E_0008680,-5.3348644184
CtrSVDD_0041_E_0008681,-3.6506034943
CtrSVDD_0042_E_0008682,1.3130262377
CtrSVDD_0043_E_0008683,-3.2033359778
CtrSVDD_0044_E_0008684,-3.7384703104
CtrSVDD_0045_E_0008685,-2.8327029257
CtrSVDD_0046_E_0008686,-6.0342209013
CtrSVDD_0047_E_0008687,-4.7198131948
CtrSVDD_0000_E_0008688,-3.8756290006
CtrSVDD_0001_E_0008689,-2.5829336564
CtrSVDD_0002_E_0008690,-5.4539934804
CtrSVDD_0003_E_0008691,-5.0297657834
CtrSVDD_0004_E_0008692,-5.7405409123
CtrSVDD_0005_E_0008693,-3.9763462978
CtrSVDD_0006_E_0008694,-2.9903198383
CtrSVDD_0007_E_0008695,-4.8859561689
CtrSVDD_0008_E_0008696,-4.3447971280
CtrSVDD_0009_E_0008697,-5.5704613383
CtrSVDD_0010_E_0008698,-3.7328353250
CtrSVDD_0011_E_0008699,-3.7399446019
CtrSVDD_0012_E_0008700,-2.4301863756
CtrSVDD_0013_E_0008701,-2.9852058830
CtrSVDD_0014_E_0008702,-6.4586427915
CtrSVDD_0015_E_0008703,-5.0661576971
CtrSVDD_0016_E_0008704,-5.9775754354
CtrSVDD_0017_E_0008705,-4.8265153789
CtrSVDD_0018_E_0008706,-4.5339408595
CtrSVDD_0019_E_0008707,-6.1378484464
CtrSVDD_0020_E_0008708,-4.3112712426
CtrSVDD_0021_E_0008709,-1.3751504013
CtrSVDD_0022_E_0008710,-0.9767699911
CtrSVDD_0023_E_0008711,-1.5276141084
CtrSVDD_0024_E_0008712,1.5363932377
CtrSVDD_0025_E_0008713,0.3728455586
CtrSVDD_0026_E_0008714,-6.5521013340
CtrSVDD_0027_E_0008715,1.0323732006
CtrSVDD_0028_E_0008716,-1.4206997039
CtrSVDD_0029_E_0008717,-4.4393140004
CtrSVDD_0030_E_0008718,-3.8512306322
CtrSVDD_0031_E_0008719,0.3544036342
CtrSVDD_0032_E_0008720,-0.5101465560
CtrSVDD_0033_E_0008721,-5.7377576964
CtrSVDD_0034_E_0008722,-6.4139161575
CtrSVDD_0035_E_0008723,-0.8295238696
CtrSVDD_0036_E_0008724,0.3863752869
CtrSVDD_0037_E_0008725,-3.3308845411
CtrSVDD_0038_E_0008726,-0.3818576368
CtrSVDD_0039_E_0008727,-2.6019577970
CtrSVDD_0040_E_0008728,-0.6389131017
CtrSVDD_0041_E_0008729,-0.9914926284
CtrSVDD_0042_E_0008730,2.3941732400
CtrSVDD_0043_E_0008731,-5.6473855583
CtrSVDD_0044_E_0008732,-3.0588708015
CtrSVDD_0045_E_0008733,-2.2844772826
CtrSVDD_0046_E_0008734,-4.9853623186
CtrSVDD_0047_E_0008735,-1.4124668280
CtrSVDD_0000_E_0008736,-5.1036395927
CtrSVDD_0001_E_0008737,-4.2184487669
CtrSVDD_0002_E_0008738,-3.9700363833
CtrSVDD_0003_E_0008739,-2.5310474390
CtrSVDD_0004_E_0008740,-4.4249573640
CtrSVDD_0005_E_0008741,-0.8354581133
CtrSVDD_0006_E_0008742,-5.2711058385
CtrSVDD_0007_E_0008743,0.5537011957
CtrSVDD_0008_E_0008744,-4.7771299331
CtrSVDD_0009_E_0008745,-0.3174049680
CtrSVDD_0010_E_0008746,-0.4376526987
CtrSVDD_0011_E_0008747,-5.8974186612
CtrSVDD_0012_E_0008748,-3.0206695216
CtrSVDD_0013_E_0008749,-4.5535787926
CtrSVDD_0014_E_0008750,-1.5268232006
CtrSVDD_0015_E_0008751,-3.1037955390
CtrSVDD_0016_E_0008752,-5.5325412461
CtrSVDD_0017_E_0008753,-2.5089003406
CtrSVDD_0018_E_0008754,-5.1929216276
CtrSVDD_0019_E_0008755,-1.8626030309
CtrSVDD_0020_E_0008756,-2.4353762372
CtrSVDD_0021_E_0008757,-2.2098047489
CtrSVDD_0022_E_0008758,-5.6693637545
CtrSVDD_0023_E_0008759,0.1695102101
CtrSVDD_0024_E_0008760,-2.2246856882
CtrSVDD_0025_E_0008761,-0.1992388728
CtrSVDD_0026_E_0008762,0.6492403483
CtrSVDD_0027_E_0008763,-3.7980538059
CtrSVDD_0028_E_0008764,-4.2503939202
CtrSVDD_0029_E_0008765,-1.7579746589
CtrSVDD_0030_E_0008766,-3.4046466197
CtrSVDD_0031_E_0008767,-5.7743387000
CtrSVDD_0032_E_0008768,-2.3515396375
CtrSVDD_0033_E_0008769,-6.5319776464
CtrSVDD_0034_E_0008770,-5.8521771450
CtrSVDD_0035_E_0008771,-4.5562155746
CtrSVDD_0036_E_0008772,-1.4755417059
CtrSVDD_0037_E_0008773,-2.2205549573
CtrSVDD_0038_E_0008774,-4.3554211840
CtrSVDD_0039_E_0008775,-6.0669289374
CtrSVDD_0040_E_0008776,-3.7739085705
CtrSVDD_0041_E_0008777,-1.0492027322
CtrSVDD_0042_E_0008778,0.7673723835
CtrSVDD_0043_E_0008779,-3.8265261596
CtrSVDD_0044_E_0008780,0.2886104937
CtrSVDD_0045_E_0008781,-4.7668487521
CtrSVDD_0046_E_0008782,1.5314637079
CtrSVDD_0047_E_0008783,-1.0448466830
CtrSVDD_0000_E_0008784,-4.2993090324
CtrSVDD_0001_E_0008785,-3.2241931288
CtrSVDD_0002_E_0008786,-2.2413770784
CtrSVDD_0003_E_0008787,-3.5914677695
CtrSVDD_0004_E_0008788,-4.1301814509
CtrSVDD_0005_E_0008789,-5.7076903840
CtrSVDD_0006_E_0008790,-3.8902436947
CtrSVDD_0007_E_0008791,1.2805982317
CtrSVDD_0008_E_0008792,-4.9988283799
CtrSVDD_0009_E_0008793,-4.0788723111
CtrSVDD_0010_E_0008794,-1.0464581960
CtrSVDD_0011_E_0008795,-0.1255203605
CtrSVDD_0012_E_0008796,-1.8032880299
CtrSVDD_0013_E_0008797,-3.8439509932
CtrSVDD_0014_E_0008798,-0.1864134628
CtrSVDD_0015_E_0008799,0.7127435471
CtrSVDD_0016_E_0008800,-4.4970596646
CtrSVDD_0017_E_0008801,-1.7748506305
CtrSVDD_0018_E_0008802,-2.9927647941
CtrSVDD_0019_E_0008803,-0.3044732471
CtrSVDD_0020_E_0008804,0.6983904682
CtrSVDD_0021_E_0008805,-0.7893246462
CtrSVDD_0022_E_0008806,-4.5203902763
CtrSVDD_0023_E_0008807,-2.8615887763
CtrSVDD_0024_E_0008808,-4.9184600463
CtrSVDD_0025_E_0008809,-0.7516260180
CtrSVDD_0026_E_0008810,-3.4852107308
CtrSVDD_0027_E_0008811,-4.5439127098
CtrSVDD_0028_E_0008812,-1.8700384000
CtrSVDD_0029_E_0008813,-2.2974982761
CtrSVDD_0030_E_0008814,1.0383824571
CtrSVDD_0031_E_0008815,-5.4175179448
CtrSVDD_0032_E_0008816,0.3356097395
CtrSVDD_0033_E_0008817,-4.0903247026
CtrSVDD_0034_E_0008818,-1.8715924279
CtrSVDD_0035_E_0008819,-4.8763185848
CtrSVDD_0036_E_0008820,-4.4110048472
CtrSVDD_0037_E_0008821,-2.1040883632
CtrSVDD_0038_E_0008822,0.4816954322
CtrSVDD_0039_E_0008823,-3.4128091777
CtrSVDD_0040_E_0008824,-5.5825496857
CtrSVDD_0041_E_0008825,1.3216605747
CtrSVDD_0042_E_0008826,-5.8483138697
CtrSVDD_0043_E_0008827,-0.7754766874
CtrSVDD_0044_E_0008828,-3.7450209249
CtrSVDD_0045_E_0008829,-1.5361067625
CtrSVDD_0046_E_0008830,-4.8675955764
CtrSVDD_0047_E_0008831,-1.3584713675
CtrSVDD_0000_E_0008832,1.3787600432
CtrSVDD_0001_E_0008833,-2.1182801525
CtrSVDD_0002_E_0008834,-4.1829532276
CtrSVDD_0003_E_0008835,-4.4593664555
CtrSVDD_0004_E_0008836,-4.4276225285
CtrSVDD_0005_E_0008837,-3.0441732565
CtrSVDD_0006_E_0008838,-3.9099120158
CtrSVDD_0007_E_0008839,1.7852624904
CtrSVDD_0008_E_0008840,0.6184597510
CtrSVDD_0009_E_0008841,-1.7279837935
CtrSVDD_0010_E_0008842,-5.1079736879
CtrSVDD_0011_E_0008843,-2.8713182886
CtrSVDD_0012_E_0008844,-1.4083070176
CtrSVDD_0013_E_0008845,-1.4296035099
CtrSVDD_0014_E_0008846,-5.4070157147
CtrSVDD_0015_E_0008847,-4.0697402521
CtrSVDD_0016_E_0008848,0.3583320482
CtrSVDD_0017_E_0008849,-2.5838346606
CtrSVDD_0018_E_0008850,0.8002791039
CtrSVDD_0019_E_0008851,-1.8656308657
CtrSVDD_0020_E_0008852,-5.2893671874
CtrSVDD_0021_E_0008853,-4.3664328581
CtrSVDD_0022_E_0008854,-4.8167873935
CtrSVDD_0023_E_0008855,-5.2231820900
CtrSVDD_0024_E_0008856,-3.7061215008
CtrSVDD_0025_E_0008857,-4.7364782792
CtrSVDD_0026_E_0008858,-4.8517008862
CtrSVDD_0027_E_0008859,-3.8103532356
CtrSVDD_0028_E_0008860,-4.5128130639
CtrSVDD_0029_E_0008861,-4.3714678429
CtrSVDD_0030_E_0008862,-4.9674561803
CtrSVDD_0031_E_0008863,-4.3919022435
CtrSVDD_0032_E_0008864,-5.3216832870
CtrSVDD_0033_E_0008865,-4.7234177903
CtrSVDD_0034_E_0008866,-3.3018146407
CtrSVDD_0035_E_0008867,-5.2341605541
CtrSVDD_0036_E_0008868,-3.1045044014
CtrSVDD_0037_E_0008869,-5.6393139889
CtrSVDD_0038_E_0008870,-4.1217651183
CtrSVDD_0039_E_0008871,-6.2604331157
CtrSVDD_0040_E_0008872,-0.5369557724
CtrSVDD_0041_E_0008873,-5.1551526875
CtrSVDD_0042_E_0008874,1.7128261265
CtrSVDD_0043_E_0008875,-1.3976840835
CtrSVDD_0044_E_0008876,0.4720578297
CtrSVDD_0045_E_0008877,-1.8146061373
CtrSVDD_0046_E_0008878,-3.9760041520
CtrSVDD_0047_E_0008879,1.7327094646
CtrSVDD_0000_E_0008880,-2.5313261824
CtrSVDD_0001_E_0008881,-4.7999855045
CtrSVDD_0002_E_0008882,-0.0078225554
CtrSVDD_0003_E_0008883,-2.7055499080
CtrSVDD_0004_E_0008884,-3.8413428181
CtrSVDD_0005_E_0008885,-5.3162197928
CtrSVDD_0006_E_0008886,-6.2598763328
CtrSVDD_0007_E_0008887,-6.6648718695
CtrSVDD_0008_E_0008888,0.0945589226
CtrSVDD_0009_E_0008889,-6.6337115568
CtrSVDD_0010_E_0008890,-6.7606089001
CtrSVDD_0011_E_0008891,-2.8020226619
CtrSVDD_0012_E_0008892,-4.9682400255
CtrSVDD_0013_E_0008893,-4.4791798854
CtrSVDD_0014_E_0008894,1.8281814675
CtrSVDD_0015_E_0008895,-4.8105345750
CtrSVDD_0016_E_0008896,-4.5818666451
CtrSVDD_0017_E_0008897,-1.1991522510
CtrSVDD_0018_E_0008898,-1.2823767848
CtrSVDD_0019_E_0008899,-2.7493774599
CtrSVDD_0020_E_0008900,-2.1663162648
CtrSVDD_0021_E_0008901,-5.7515880348
CtrSVDD_0022_E_0008902,-0.7447179375
CtrSVDD_0023_E_0008903,-3.5635076176
CtrSVDD_0024_E_0008904,-3.8943965076
CtrSVDD_0025_E_0008905,-3.8594774442
CtrSVDD_0026_E_0008906,-4.4811688863
CtrSVDD_0027_E_0008907,-5.4192742790
CtrSVDD_0028_E_0008908,-4.8638492168
CtrSVDD_0029_E_0008909,-1.4688537976
CtrSVDD_0030_E_0008910,-2.1622634012
CtrSVDD_0031_E_0008911,-5.1133273626
CtrSVDD_0032_E_0008912,-3.9088940006
CtrSVDD_0033_E_0008913,-4.8218509139
CtrSVDD_0034_E_0008914,-5.1125867831
CtrSVDD_0035_E_0008915,-4.4181374872
CtrSVDD_0036_E_0008916,-0.3341302823
CtrSVDD_0037_E_0008917,-2.2248089804
CtrSVDD_0038_E_0008918,1.1991522510
CtrSVDD_0039_E_0008919,-1.9038382717
CtrSVDD_0040_E_0008920,-1.7649809686
CtrSVDD_0041_E_0008921,0.9558069603
CtrSVDD_0042_E_0008922,-5.9639942766
CtrSVDD_0043_E_0008923,-5.3810194435
CtrSVDD_0044_E_0008924,0.7868637889
CtrSVDD_0045_E_0008925,-3.2464762455
CtrSVDD_0046_E_0008926,-0.1227011540
CtrSVDD_0047_E_0008927,-0.7660637131
CtrSVDD_0000_E_0008928,-1.5412135368
CtrSVDD_0001_E_0008929,-0.9745186026
CtrSVDD_0002_E_0008930,-4.0709148521
CtrSVDD_0003_E_0008931,-3.8585310124
CtrSVDD_0004_E_0008932,0.4136513455
CtrSVDD_0005_E_0008933,-4.8227292293
CtrSVDD_0006_E_0008934,-4.6453940007
CtrSVDD_0007_E_0008935,-6.2045489267
CtrSVDD_0008_E_0008936,-4.3835057950
CtrSVDD_0009_E_0008937,-2.4016978481
CtrSVDD_0010_E_0008938,-4.3411393778
CtrSVDD_0011_E_0008939,-1.2325336922
CtrSVDD_0012_E_0008940,-5.1559488396
CtrSVDD_0013_E_0008941,-4.1207020143
CtrSVDD_0014_E_0008942,-4.4407297046
CtrSVDD_0015_E_0008943,-5.3713756794
CtrSVDD_0016_E_0008944,0.0791178948
CtrSVDD_0017_E_0008945,-3.0328770156
CtrSVDD_0018_E_0008946,-1.9256834699
CtrSVDD_0019_E_0008947,0.6218504967
CtrSVDD_0020_E_0008948,-2.0647422875
CtrSVDD_0021_E_0008949,-3.1177814367
CtrSVDD_0022_E_0008950,-4.3366464376
CtrSVDD_0023_E_0008951,-7.2974242627
CtrSVDD_0024_E_0008952,-4.2906064508
CtrSVDD_0025_E_0008953,-4.3272800189
CtrSVDD_0026_E_0008954,0.0635585165
CtrSVDD_0027_E_0008955,-3.4250268400
CtrSVDD_0028_E_0008956,-3.9275285698
CtrSVDD_0029_E_0008957,-4.1556401580
CtrSVDD_0030_E_0008958,-5.2574944854
CtrSVDD_0031_E_0008959,-0.1269303366
CtrSVDD_0032_E_0008960,-6.1890757674
CtrSVDD_0033_E_0008961,-3.2144334571
CtrSVDD_0034_E_0008962,-4.1084528957
CtrSVDD_0035_E_0008963,-2.8732225517
CtrSVDD_0036_E_0008964,-3.6995057597
CtrSVDD_0037_E_0008965,-3.8649154461
CtrSVDD_0038_E_0008966,-5.1090433885
CtrSVDD_0039_E_0008967,-3.8347980296
CtrSVDD_0040_E_0008968,0.1755252287
CtrSVDD_0041_E_0008969,-4.8078867520
CtrSVDD_0042_E_0008970,-3.4314739122
CtrSVDD_0043_E_0008971,-4.5795858922
CtrSVDD_0044_E_0008972,-3.5384440839
CtrSVDD_0045_E_0008973,-1.8936419094
CtrSVDD_0046_E_0008974,-4.1376986488
CtrSVDD_0047_E_0008975,-4.9912512069
CtrSVDD_0000_E_0008976,-0.6517736821
CtrSVDD_0001_E_0008977,-1.9119142274
CtrSVDD_0002_E_0008978,-2.5438017585
CtrSVDD_0003_E_0008979,1.0347594811
CtrSVDD_0004_E_0008980,0.8255838870
CtrSVDD_0005_E_0008981,-1.0688078753
CtrSVDD_0006_E_0008982,-3.7682645295
CtrSVDD_0007_E_0008983,1.2579652968
CtrSVDD_0008_E_0008984,0.9229904982
CtrSVDD_0009_E_0008985,-4.6994494745
CtrSVDD_0010_E_0008986,-0.8060727672
CtrSVDD_0011_E_0008987,-0.9638475698
CtrSVDD_0012_E_0008988,-0.8550628002
CtrSVDD_0013_E_0008989,-4.8579600590
CtrSVDD_0014_E_0008990,-1.7264672134
CtrSVDD_0015_E_0008991,-3.5084933106
CtrSVDD_0016_E_0008992,-4.0836582524
CtrSVDD_0017_E_0008993,-4.8339365918
CtrSVDD_0018_E_0008994,-1.8521372426
CtrSVDD_0019_E_0008995,0.6320660016
CtrSVDD_0020_E_0008996,-5.5634806089
CtrSVDD_0021_E_0008997,-2.2716547777
CtrSVDD_0022_E_0008998,-5.0667124899
CtrSVDD_0023_E_0008999,-0.6184597510
CtrSVDD_0024_E_0009000,2.2162736869
CtrSVDD_0025_E_0009001,-0.5101690464
CtrSVDD_0026_E_0009002,-4.5318677302
CtrSVDD_0027_E_0009003,-2.9663184838
CtrSVDD_0028_E_0009004,-5.7306010998
CtrSVDD_0029_E_0009005,-4.1750943744
CtrSVDD_0030_E_0009006,-5.2575248276
CtrSVDD_0031_E_0009007,-0.7199753406
CtrSVDD_0032_E_0009008,-6.1296858884
CtrSVDD_0033_E_0009009,-5.1295541611
CtrSVDD_0034_E_0009010,-3.8978157626
CtrSVDD_0035_E_0009011,-0.3999761177
CtrSVDD_0036_E_0009012,-4.6107921111
CtrSVDD_0037_E_0009013,-3.8318653473
CtrSVDD_0038_E_0009014,-4.2718468577
CtrSVDD_0039_E_0009015,-4.2472419682
CtrSVDD_0040_E_0009016,-3.0846533132
CtrSVDD_0041_E_0009017,-5.0724835637
CtrSVDD_0042_E_0009018,-3.7653984587
CtrSVDD_0043_E_0009019,-6.0578901601
CtrSVDD_0044_E_0009020,-4.1881050362
CtrSVDD_0045_E_0009021,-3.3495408282
CtrSVDD_0046_E_0009022,1.4158888988
CtrSVDD_0047_E_0009023,-0.3817980084
CtrSVDD_0000_E_0009024,-4.6341755981
CtrSVDD_0001_E_0009025,-3.9607336601
CtrSVDD_0002_E_0009026,-0.8866575866
CtrSVDD_0003_E_0009027,-4.0933521783
CtrSVDD_0004_E_0009028,-0.4754214521
CtrSVDD_0005_E_0009029,-5.9939684083
CtrSVDD_0006_E_0009030,-3.1825236937
CtrSVDD_0007_E_0009031,-3.6517037016
CtrSVDD_0008_E_0009032,0.0678933459
CtrSVDD_0009_E_0009033,-3.0736469043
CtrSVDD_0010_E_0009034,-2.1520636703
CtrSVDD_0011_E_0009035,-4.8394966466
CtrSVDD_0012_E_0009036,-4.9318000276
CtrSVDD_0013_E_0009037,0.4669427905
CtrSVDD_0014_E_0009038,0.7970286015
CtrSVDD_0015_E_0009039,-4.7969658334
CtrSVDD_0016_E_0009040,-4.4661836795
CtrSVDD_0017_E_0009041,-6.3929302917
CtrSVDD_0018_E_0009042,-3.1646725984
CtrSVDD_0019_E_0009043,-5.7539518359
CtrSVDD_0020_E_0009044,-3.6987219438
CtrSVDD_0021_E_0009045,-2.7659847933
CtrSVDD_0022_E_0009046,-2.4650162465
CtrSVDD_0023_E_0009047,-3.2708118687
CtrSVDD_0024_E_0009048,-5.2868329087
CtrSVDD_0025_E_0009049,-4.6259320624
CtrSVDD_0026_E_0009050,-5.9398367728
CtrSVDD_0027_E_0009051,-6.5295942368
CtrSVDD_0028_E_0009052,-3.0573949126
CtrSVDD_0029_E_0009053,-2.0579244625
CtrSVDD_0030_E_0009054,-4.3064083333
CtrSVDD_0031_E_0009055,-4.0127196285
CtrSVDD_0032_E_0009056,-7.1423677558
CtrSVDD_0033_E_0009057,-2.4616718639
CtrSVDD_0034_E_0009058,-5.3225587926
CtrSVDD_0035_E_0009059,-1.7729681140
CtrSVDD_0036_E_0009060,-0.0664913965
CtrSVDD_0037_E_0009061,-4.2187337364
CtrSVDD_0038_E_0009062,-2.5630951743
CtrSVDD_0039_E_0009063,-1.2485908496
CtrSVDD_0040_E_0009064,-3.9740132461
CtrSVDD_0041_E_0009065,-3.4901839083
CtrSVDD_0042_E_0009066,-1.9808784076
CtrSVDD_0043_E_0009067,-2.6799197450
CtrSVDD_0044_E_0009068,-1.4235530574
CtrSVDD_0045_E_0009069,-3.7218110360
CtrSVDD_0046_E_0009070,0.2307328886
CtrSVDD_0047_E_0009071,-0.5764529212
CtrSVDD_0000_E_0009072,-4.0209279877
CtrSVDD_0001_E_0009073,-4.8732124118
CtrSVDD_0002_E_0009074,-6.5406392773
CtrSVDD_0003_E_0009075,-4.2021105325
CtrSVDD_0004_E_0009076,-3.5472959873
CtrSVDD_0005_E_0009077,-1.2107154884
CtrSVDD_0006_E_0009078,-4.9831806530
CtrSVDD_0007_E_0009079,-4.7555282841
CtrSVDD_0008_E_0009080,-4.2268227895
CtrSVDD_0009_E_0009081,-4.4496655298
CtrSVDD_0010_E_0009082,0.7145479891
CtrSVDD_0011_E_0009083,-5.8395851589
CtrSVDD_0012_E_0009084,-3.9220420700
CtrSVDD_0013_E_0009085,-3.4402462837
CtrSVDD_0014_E_0009086,0.3984613015
CtrSVDD_0015_E_0009087,-3.1695913983
CtrSVDD_0016_E_0009088,-3.8868133022
CtrSVDD_0017_E_0009089,-6.0630599396
CtrSVDD_0018_E_0009090,-0.9154926949
CtrSVDD_0019_E_0009091,-3.6116051590
CtrSVDD_0020_E_0009092,-4.5236278075
CtrSVDD_0021_E_0009093,-5.4853574670
CtrSVDD_0022_E_0009094,-2.9899557576
CtrSVDD_0023_E_0009095,-5.1090491636
CtrSVDD_0024_E_0009096,-3.7931607363
CtrSVDD_0025_E_0009097,-4.5264425199
CtrSVDD_0026_E_0009098,-2.8808154088
CtrSVDD_0027_E_0009099,-3.8106642781
CtrSVDD_0028_E_0009100,-3.7664330113
CtrSVDD_0029_E_0009101,-3.7859884393
CtrSVDD_0030_E_0009102,-4.2115685558
CtrSVDD_0031_E_0009103,-2.4193999809
CtrSVDD_0032_E_0009104,-0.3909008364
CtrSVDD_0033_E_0009105,0.4370048213
CtrSVDD_0034_E_0009106,-3.3850768982
CtrSVDD_0035_E_0009107,-3.1581689041
CtrSVDD_0036_E_0009108,2.6849316373
CtrSVDD_0037_E_0009109,-6.1917189463
CtrSVDD_0038_E_0009110,-3.0602212699
CtrSVDD_0039_E_0009111,-5.9240965025
CtrSVDD_0040_E_0009112,-5.1400005093
CtrSVDD_0041_E_0009113,-2.4079528755
CtrSVDD_0042_E_0009114,-4.3787276916
CtrSVDD_0043_E_0009115,0.2336068896
CtrSVDD_0044_E_0009116,-3.9535192734
CtrSVDD_0045_E_0009117,-4.6250386499
CtrSVDD_0046_E_0009118,-0.4169207534
CtrSVDD_0047_E_0009119,-2.5389549887
CtrSVDD_0000_E_0009120,-5.1427923425
CtrSVDD_0001_E_0009121,-4.8630514648
CtrSVDD_0002_E_0009122,-1.0011340591
CtrSVDD_0003_E_0009123,-4.3738795606
CtrSVDD_0004_E_0009124,-0.3586180583
CtrSVDD_0005_E_0009125,-2.8675024183
CtrSVDD_0006_E_0009126,-5.1002984068
CtrSVDD_0007_E_0009127,-2.6575671427
CtrSVDD_0008_E_0009128,-4.5898421098
CtrSVDD_0009_E_0009129,-2.8559951579
CtrSVDD_0010_E_0009130,-3.2950566113
CtrSVDD_0011_E_0009131,-3.7244371710
CtrSVDD_0012_E_0009132,-0.4592321613
CtrSVDD_0013_E_0009133,-3.2111511358
CtrSVDD_0014_E_0009134,-5.7012215407
CtrSVDD_0015_E_0009135,-4.8086248354
CtrSVDD_0016_E_0009136,-5.1044242250
CtrSVDD_0017_E_0009137,-4.2261605359
CtrSVDD_0018_E_0009138,-3.2869364466
CtrSVDD_0019_E_0009139,-3.8778029238
CtrSVDD_0020_E_0009140,0.7620651227
CtrSVDD_0021_E_0009141,-3.6683019413
CtrSVDD_0022_E_0009142,-6.1682306892
CtrSVDD_0023_E_0009143,-4.3533120711
CtrSVDD_0024_E_0009144,-0.3549110233
CtrSVDD_0025_E_0009145,-3.9290823678
CtrSVDD_0026_E_0009146,-2.8278623210
CtrSVDD_0027_E_0009147,-3.8899908909
CtrSVDD_0028_E_0009148,-0.3623695476
CtrSVDD_0029_E_0009149,-4.2505706253
CtrSVDD_0030_E_0009150,-3.0192008311
CtrSVDD_0031_E_0009151,-0.2653542101
CtrSVDD_0032_E_0009152,-5.6742008981
CtrSVDD_0033_E_0009153,-1.7081333224
CtrSVDD_0034_E_0009154,-0.5293366710
CtrSVDD_0035_E_0009155,-3.4657056816
CtrSVDD_0036_E_0009156,-4.8855781754
CtrSVDD_0037_E_0009157,-2.0914835693
CtrSVDD_0038_E_0009158,0.1407860170
CtrSVDD_0039_E_0009159,-2.0292141918
CtrSVDD_0040_E_0009160,0.7939486683
CtrSVDD_0041_E_0009161,-4.6213720213
CtrSVDD_0042_E_0009162,-5.4928676038
CtrSVDD_0043_E_0009163,-3.2209542946
CtrSVDD_0044_E_0009164,-4.0247100676
CtrSVDD_0045_E_0009165,-4.9295396707
CtrSVDD_0046_E_0009166,-1.4670992105
CtrSVDD_0047_E_0009167,-6.1628779497
CtrSVDD_0000_E_0009168,-1.0400105082
CtrSVDD_0001_E_0009169,-7.0205563241
CtrSVDD_0002_E_0009170,0.1509246845
CtrSVDD_0003_E_0009171,0.7249705504
CtrSVDD_0004_E_0009172,1.6189001435
CtrSVDD_0005_E_0009173,-4.5781887408
CtrSVDD_0006_E_0009174,0.4772103872
CtrSVDD_0007_E_0009175,-3.9329858771
CtrSVDD_0008_E_0009176,-2.2031213922
CtrSVDD_0009_E_0009177,-0.4274043749
CtrSVDD_0010_E_0009178,-2.7141438311
CtrSVDD_0011_E_0009179,-5.3752805471
CtrSVDD_0012_E_0009180,-4.2473914211
CtrSVDD_0013_E_0009181,-5.2412843030
CtrSVDD_0014_E_0009182,-4.3192488834
CtrSVDD_0015_E_0009183,-6.5349830350
CtrSVDD_0016_E_0009184,-5.5589840035
CtrSVDD_0017_E_0009185,-4.9496007322
CtrSVDD_0018_E_0009186,0.1391504120
CtrSVDD_0019_E_0009187,-0.4335427226
CtrSVDD_0020_E_0009188,-4.8142896872
CtrSVDD_0021_E_0009189,-4.1768065482
CtrSVDD_0022_E_0009190,-4.0486144402
CtrSVDD_0023_E_0009191,-5.0472725510
CtrSVDD_0024_E_0009192,-1.2163168207
CtrSVDD_0025_E_0009193,-3.1173884746
CtrSVDD_0026_E_0009194,-5.1809975634
CtrSVDD_0027_E_0009195,-5.9226584650
CtrSVDD_0028_E_0009196,-5.2001536716
CtrSVDD_0029_E_0009197,0.0538793990
CtrSVDD_0030_E_0009198,-4.5079256450
CtrSVDD_0031_E_0009199,-0.0903159425
CtrSVDD_0032_E_0009200,-4.6848366956
CtrSVDD_0033_E_0009201,-1.8033198963
CtrSVDD_0034_E_0009202,0.3151104336
CtrSVDD_0035_E_0009203,-4.3843973972
CtrSVDD_0036_E_0009204,-0.2748271071
CtrSVDD_0037_E_0009205,-3.2012145959
CtrSVDD_0038_E_0009206,-5.5995576494
CtrSVDD_0039_E_0009207,-4.6386241084
CtrSVDD_0040_E_0009208,-6.8891717198
CtrSVDD_0041_E_0009209,-3.7626160879
CtrSVDD_0042_E_0009210,-1.6339179233
CtrSVDD_0043_E_0009211,-4.7050653872
CtrSVDD_0044_E_0009212,-5.2933962509
CtrSVDD_0045_E_0009213,-4.5409042814
CtrSVDD_0046_E_0009214,-4.6423121304
CtrSVDD_0047_E_0009215,-4.4382598924
CtrSVDD_0000_E_0009216,-3.0280783521
CtrSVDD_0001_E_0009217,-2.4142664616
CtrSVDD_0002_E_0009218,-4.8756348329
CtrSVDD_0003_E_0009219,-4.7891268316
CtrSVDD_0004_E_0009220,-5.6883828050
CtrSVDD_0005_E_0009221,0.4106058040
CtrSVDD_0006_E_0009222,0.3366887656
CtrSVDD_0007_E_0009223,-6.3112706897
CtrSVDD_0008_E_0009224,0.2827822652
CtrSVDD_0009_E_0009225,0.9203455036
CtrSVDD_0010_E_0009226,-4.1164213906
CtrSVDD_0011_E_0009227,-0.0749051505
CtrSVDD_0012_E_0009228,-1.4471493370
CtrSVDD_0013_E_0009229,-4.5704534613
CtrSVDD_0014_E_0009230,-3.3137569614
CtrSVDD_0015_E_0009231,-1.4420147090
CtrSVDD_0016_E_0009232,-3.2352737212
CtrSVDD_0017_E_0009233,-2.4666864507
CtrSVDD_0018_E_0009234,-2.8090208269
CtrSVDD_0019_E_0009235,-0.2668034008
CtrSVDD_0020_E_0009236,1.2343409229
CtrSVDD_0021_E_0009237,-6.2566579096
CtrSVDD_0022_E_0009238,-6.6006424557
CtrSVDD_0023_E_0009239,-1.9147294173
CtrSVDD_0024_E_0009240,-3.2370081590
CtrSVDD_0025_E_0009241,-6.6082706438
CtrSVDD_0026_E_0009242,-5.2590913934
CtrSVDD_0027_E_0009243,-2.3750460681
CtrSVDD_0028_E_0009244,-4.9851288176
CtrSVDD_0029_E_0009245,-3.1170999736
CtrSVDD_0030_E_0009246,-3.4209770717
CtrSVDD_0031_E_0009247,-5.0860072472
CtrSVDD_0032_E_0009248,-2.9457317113
CtrSVDD_0033_E_0009249,-4.1274802294
CtrSVDD_0034_E_0009250,-6.5170936705
CtrSVDD_0035_E_0009251,0.0805172304
CtrSVDD_0036_E_0009252,-6.2447383003
CtrSVDD_0037_E_0009253,-2.3849936971
CtrSVDD_0038_E_0009254,-2.8526259336
CtrSVDD_0039_E_0009255,-4.7241439804
CtrSVDD_0040_E_0009256,-6.8810091617
CtrSVDD_0041_E_0009257,-5.3499932468
CtrSVDD_0042_E_0009258,-3.5944084935
CtrSVDD_0043_E_0009259,0.6032504628
CtrSVDD_0044_E_0009260,-3.2540174345
CtrSVDD_0045_E_0009261,-2.2809331122
CtrSVDD_0046_E_0009262,-1.6828452985
CtrSVDD_0047_E_0009263,-5.0753063052
CtrSVDD_0000_E_0009264,0.6354858275
CtrSVDD_0001_E_0009265,-3.8718535653
CtrSVDD_0002_E_0009266,-5.4239258856
CtrSVDD_0003_E_0009267,0.4427810558
CtrSVDD_0004_E_0009268,-0.8196978204
CtrSVDD_0005_E_0009269,-0.2682531520
CtrSVDD_0006_E_0009270,-3.8817833695
CtrSVDD_0007_E_0009271,1.8432660285
CtrSVDD_0008_E_0009272,-3.9678611091
CtrSVDD_0009_E_0009273,-4.3688301871
CtrSVDD_0010_E_0009274,-3.4307114382
CtrSVDD_0011_E_0009275,-5.5936909053
CtrSVDD_0012_E_0009276,-4.0894479447
CtrSVDD_0013_E_0009277,-2.5598897976
CtrSVDD_0014_E_0009278,-4.2646235618
CtrSVDD_0015_E_0009279,-6.3792747531
CtrSVDD_0016_E_0009280,-3.2558258400
CtrSVDD_0017_E_0009281,-3.4073144831
CtrSVDD_0018_E_0009282,-4.6859337281
CtrSVDD_0019_E_0009283,-4.4909606878
CtrSVDD_0020_E_0009284,0.5865921165
CtrSVDD_0021_E_0009285,-3.7910728392
CtrSVDD_0022_E_0009286,2.0027801363
CtrSVDD_0023_E_0009287,-4.7777791889
CtrSVDD_0024_E_0009288,-1.6730978450
CtrSVDD_0025_E_0009289,-5.9485448637
CtrSVDD_0026_E_0009290,-6.0791251484
CtrSVDD_0027_E_0009291,-4.0203201504
CtrSVDD_0028_E_0009292,0.1170656426
CtrSVDD_0029_E_0009293,-6.1167654375
CtrSVDD_0030_E_0009294,-5.3635891401
CtrSVDD_0031_E_0009295,-4.2554606468
CtrSVDD_0032_E_0009296,-4.8014455183
CtrSVDD_0033_E_0009297,-5.0445839257
CtrSVDD_0034_E_0009298,-6.6806942187
CtrSVDD_0035_E_0009299,-2.6057735368
CtrSVDD_0036_E_0009300,0.4096927937
CtrSVDD_0037_E_0009301,-5.6506189232
CtrSVDD_0038_E_0009302,-4.1045001501
CtrSVDD_0039_E_0009303,-4.8358937986
CtrSVDD_0040_E_0009304,-1.5455643299
CtrSVDD_0041_E_0009305,-7.6714739489
CtrSVDD_0042_E_0009306,0.0885805832
CtrSVDD_0043_E_0009307,-1.5885360383
CtrSVDD_0044_E_0009308,-5.5795996676
CtrSVDD_0045_E_0009309,-5.1152118890
CtrSVDD_0046_E_0009310,-2.4245200047
CtrSVDD_0047_E_0009311,-1.1427936592
CtrSVDD_0000_E_0009312,-5.8716297058
CtrSVDD_0001_E_0009313,-0.3261393354
CtrSVDD_0002_E_0009314,-3.9825666031
CtrSVDD_0003_E_0009315,-3.7823515550
CtrSVDD_0004_E_0009316,-7.4292804484
CtrSVDD_0005_E_0009317,-1.4009652091
CtrSVDD_0006_E_0009318,1.2482633906
CtrSVDD_0007_E_0009319,-3.2868014918
CtrSVDD_0008_E_0009320,-5.0620502573
CtrSVDD_0009_E_0009321,-2.5080291829
CtrSVDD_0010_E_0009322,-3.6413716459
CtrSVDD_0011_E_0009323,1.0540660493
CtrSVDD_0012_E_0009324,-3.8521135513
CtrSVDD_0013_E_0009325,-4.0887405907
CtrSVDD_0014_E_0009326,-5.8542121834
CtrSVDD_0015_E_0009327,-1.1411916521
CtrSVDD_0016_E_0009328,-6.3826643874
CtrSVDD_0017_E_0009329,-2.5340985813
CtrSVDD_0018_E_0009330,-3.2831990810
CtrSVDD_0019_E_0009331,-2.0854180917
CtrSVDD_0020_E_0009332,-2.3710352124
CtrSVDD_0021_E_0009333,-2.1969978170
CtrSVDD_0022_E_0009334,-3.9474280345
CtrSVDD_0023_E_0009335,-1.3608879341
CtrSVDD_0024_E_0009336,-2.4833170838
CtrSVDD_0025_E_0009337,-0.4278310530
CtrSVDD_0026_E_0009338,1.0516312817
CtrSVDD_0027_E_0009339,0.8696963733
CtrSVDD_0028_E_0009340,-3.3038315870
CtrSVDD_0029_E_0009341,1.5238894117
CtrSVDD_0030_E_0009342,-2.1774014338
CtrSVDD_0031_E_0009343,-7.3995901696
CtrSVDD_0032_E_0009344,-5.5513814925
CtrSVDD_0033_E_0009345,-1.5643803069
CtrSVDD_0034_E_0009346,-4.7263585143
CtrSVDD_0035_E_0009347,-0.4879884309
CtrSVDD_0036_E_0009348,-0.2247466175
CtrSVDD_0037_E_0009349,-3.0169190910
CtrSVDD_0038_E_0009350,-3.8797310075
CtrSVDD_0039_E_0009351,-0.6983904682
CtrSVDD_0040_E_0009352,-0.3088845777
CtrSVDD_0041_E_0009353,-1.2277196862
CtrSVDD_0042_E_0009354,-5.9730569745
CtrSVDD_0043_E_0009355,-6.6798017377
CtrSVDD_0044_E_0009356,-5.9627687810
CtrSVDD_0045_E_0009357,-3.4074493504
CtrSVDD_0046_E_0009358,-5.5737175893
CtrSVDD_0047_E_0009359,-1.9474934559
CtrSVDD_0000_E_0009360,-5.0071704509
CtrSVDD_0001_E_0009361,-3.9403043679
CtrSVDD_0002_E_0009362,-4.7723291387
CtrSVDD_0003_E_0009363,-4.2129380389
CtrSVDD_0004_E_0009364,-3.9182440201
CtrSVDD_0005_E_0009365,-4.7888789999
CtrSVDD_0006_E_0009366,-4.3334933215
CtrSVDD_0007_E_0009367,-3.0520587118
CtrSVDD_0008_E_0009368,-5.0833599235
CtrSVDD_0009_E_0009369,-4.0195374773
CtrSVDD_0010_E_0009370,0.6150761009
CtrSVDD_0011_E_0009371,-3.2217777452
CtrSVDD_0012_E_0009372,-5.3435185765
CtrSVDD_0013_E_0009373,-4.6549143384
CtrSVDD_0014_E_0009374,-4.6870859612
CtrSVDD_0015_E_0009375,-5.1711581108
CtrSVDD_0016_E_0009376,0.7660637131
CtrSVDD_0017_E_0009377,-3.7491202895
CtrSVDD_0018_E_0009378,-0.1816571810
CtrSVDD_0019_E_0009379,-5.2802883099
CtrSVDD_0020_E_0009380,-2.8895016242
CtrSVDD_0021_E_0009381,-3.5014701505
CtrSVDD_0022_E_0009382,-2.2211460416
CtrSVDD_0023_E_0009383,-3.4325053965
CtrSVDD_0024_E_0009384,-2.2510447826
CtrSVDD_0025_E_0009385,-6.1329468530
CtrSVDD_0026_E_0009386,-1.3001189040
CtrSVDD_0027_E_0009387,-0.8584007669
CtrSVDD_0028_E_0009388,-3.8637612095
CtrSVDD_0029_E_0009389,-2.4500463379
CtrSVDD_0030_E_0009390,0.2217506135
CtrSVDD_0031_E_0009391,-4.2336413670
CtrSVDD_0032_E_0009392,-6.9682735933
CtrSVDD_0033_E_0009393,-3.9513575284
CtrSVDD_0034_E_0009394,-6.0596491091
CtrSVDD_0035_E_0009395,-2.6481409176
CtrSVDD_0036_E_0009396,-2.0957146350
CtrSVDD_0037_E_0009397,-8.1531695842
CtrSVDD_0038_E_0009398,-3.8819713995
CtrSVDD_0039_E_0009399,-3.5457848159
CtrSVDD_0040_E_0009400,-3.6590471680
CtrSVDD_0041_E_0009401,-5.6973368668
CtrSVDD_0042_E_0009402,-2.4980432315
CtrSVDD_0043_E_0009403,1.6674542859
CtrSVDD_0044_E_0009404,-4.2803295913
CtrSVDD_0045_E_0009405,-3.7929894458
CtrSVDD_0046_E_0009406,-2.9200693818
CtrSVDD_0047_E_0009407,-4.0542756692
CtrSVDD_0000_E_0009408,-3.9508873399
CtrSVDD_0001_E_0009409,-4.8160068574
CtrSVDD_0002_E_0009410,-3.3857183664
CtrSVDD_0003_E_0009411,-3.9290697426
CtrSVDD_0004_E_0009412,-5.3432556161
CtrSVDD_0005_E_0009413,-1.3357199258
CtrSVDD_0006_E_0009414,-5.6575914067
CtrSVDD_0007_E_0009415,-2.5738258644
CtrSVDD_0008_E_0009416,-3.6017586843
CtrSVDD_0009_E_0009417,-4.3577978375
CtrSVDD_0010_E_0009418,-1.5690792921
CtrSVDD_0011_E_0009419,-5.9148256784
CtrSVDD_0012_E_0009420,-3.6927727629
CtrSVDD_0013_E_0009421,-1.9450918776
CtrSVDD_0014_E_0009422,-5.0373220736
CtrSVDD_0015_E_0009423,-4.8650645281
CtrSVDD_0016_E_0009424,-0.2063781519
CtrSVDD_0017_E_0009425,-2.5611236705
CtrSVDD_0018_E_0009426,0.2329080294
CtrSVDD_0019_E_0009427,-5.3466216603
CtrSVDD_0020_E_0009428,-3.0177321585
CtrSVDD_0021_E_0009429,-3.1920946701
CtrSVDD_0022_E_0009430,1.2742722027
CtrSVDD_0023_E_0009431,-4.0294636329
CtrSVDD_0024_E_0009432,-5.1049016124
CtrSVDD_0025_E_0009433,-4.4897977158
CtrSVDD_0026_E_0009434,-5.4497060540
CtrSVDD_0027_E_0009435,-3.5890479077
CtrSVDD_0028_E_0009436,-5.9546156300
CtrSVDD_0029_E_0009437,-3.5118422458
CtrSVDD_0030_E_0009438,-4.6781433171
CtrSVDD_0031_E_0009439,1.9348118138
CtrSVDD_0032_E_0009440,-1.0812725529
CtrSVDD_0033_E_0009441,-1.9515075103
CtrSVDD_0034_E_0009442,-1.0625592854
CtrSVDD_0035_E_0009443,-3.8578507353
CtrSVDD_0036_E_0009444,-1.6699340959
CtrSVDD_0037_E_0009445,-1.0480694425
CtrSVDD_0038_E_0009446,0.5101690464
CtrSVDD_0039_E_0009447,-0.2259133499
CtrSVDD_0040_E_0009448,-3.3760441703
CtrSVDD_0041_E_0009449,-4.3460152378
CtrSVDD_0042_E_0009450,-4.9199645052
CtrSVDD_0043_E_0009451,1.0449002015
CtrSVDD_0044_E_0009452,-5.2076365051
CtrSVDD_0045_E_0009453,-7.6633113908
CtrSVDD_0046_E_0009454,-5.2285655268
CtrSVDD_0047_E_0009455,-3.6782810281
CtrSVDD_0000_E_0009456,-4.1932430960
CtrSVDD_0001_E_0009457,0.0728628674
CtrSVDD_0002_E_0009458,-2.0947179664
CtrSVDD_0003_E_0009459,1.1905839276
CtrSVDD_0004_E_0009460,-0.8065556559
CtrSVDD_0005_E_0009461,-1.3109347100
CtrSVDD_0006_E_0009462,-3.3498853454
CtrSVDD_0007_E_0009463,-0.1184741650
CtrSVDD_0008_E_0009464,-0.3901366446
CtrSVDD_0009_E_0009465,-4.4303487594
CtrSVDD_0010_E_0009466,-4.4419635024
CtrSVDD_0011_E_0009467,0.2637390726
CtrSVDD_0012_E_0009468,-4.9022708805
CtrSVDD_0013_E_0009469,-0.4707282311
CtrSVDD_0014_E_0009470,-1.8677951625
CtrSVDD_0015_E_0009471,-0.6083298156
CtrSVDD_0016_E_0009472,-6.0551414131
CtrSVDD_0017_E_0009473,-4.4050971891
CtrSVDD_0018_E_0009474,-3.6796134571
CtrSVDD_0019_E_0009475,-5.1524671195
CtrSVDD_0020_E_0009476,-2.9898271167
CtrSVDD_0021_E_0009477,-5.7830859660
CtrSVDD_0022_E_0009478,-4.5841464783
CtrSVDD_0023_E_0009479,-2.4191639034
CtrSVDD_0024_E_0009480,-6.8710298141
CtrSVDD_0025_E_0009481,-3.0689351975
CtrSVDD_0026_E_0009482,-4.7817888583
CtrSVDD_0027_E_0009483,0.5487932816
CtrSVDD_0028_E_0009484,-5.8073274360
CtrSVDD_0029_E_0009485,-0.8819752741
CtrSVDD_0030_E_0009486,-5.2655995473
CtrSVDD_0031_E_0009487,-0.1121501310
CtrSVDD_0032_E_0009488,-2.7806512777
CtrSVDD_0033_E_0009489,0.0692954288
CtrSVDD_0034_E_0009490,-5.3301904890
CtrSVDD_0035_E_0009491,-1.2694939601
CtrSVDD_0036_E_0009492,-4.9406903847
CtrSVDD_0037_E_0009493,-2.4662811357
CtrSVDD_0038_E_0009494,-3.9470454800
CtrSVDD_0039_E_0009495,0.1693601163
CtrSVDD_0040_E_0009496,-1.6864487678
CtrSVDD_0041_E_0009497,-5.7317763292
CtrSVDD_0042_E_0009498,0.4568226555
CtrSVDD_0043_E_0009499,-1.9386983362
CtrSVDD_0044_E_0009500,-4.1009962067
CtrSVDD_0045_E_0009501,-5.2872937770
CtrSVDD_0046_E_0009502,0.3698482853
CtrSVDD_0047_E_0009503,1.6019832540
CtrSVDD_0000_E_0009504,-4.2274430129
CtrSVDD_0001_E_0009505,-1.9207756107
CtrSVDD_0002_E_0009506,-0.3776109033
CtrSVDD_0003_E_0009507,-5.2098259155
CtrSVDD_0004_E_0009508,-6.1062376607
CtrSVDD_0005_E_0009509,-4.5902385924
CtrSVDD_0006_E_0009510,-5.1183003289
CtrSVDD_0007_E_0009511,-4.6977274109
CtrSVDD_0008_E_0009512,-4.2074402803
CtrSVDD_0009_E_0009513,-5.9748049794
CtrSVDD_0010_E_0009514,-5.0922662581
CtrSVDD_0011_E_0009515,-4.5276729146
CtrSVDD_0012_E_0009516,-4.7880070011
CtrSVDD_0013_E_0009517,-3.9166902740
CtrSVDD_0014_E_0009518,-5.5419321625
CtrSVDD_0015_E_0009519,-6.0306131897
CtrSVDD_0016_E_0009520,-3.6649223959
CtrSVDD_0017_E_0009521,-5.6229868365
CtrSVDD_0018_E_0009522,-7.2550092785
CtrSVDD_0019_E_0009523,-1.8281814675
CtrSVDD_0020_E_0009524,-0.9538737797
CtrSVDD_0021_E_0009525,-5.5201253539
CtrSVDD_0022_E_0009526,-4.0730510556
CtrSVDD_0023_E_0009527,-3.9278257428
CtrSVDD_0024_E_0009528,-6.2408362666
CtrSVDD_0025_E_0009529,-4.2156988188
CtrSVDD_0026_E_0009530,-4.7932849379
CtrSVDD_0027_E_0009531,-5.5894368083
CtrSVDD_0028_E_0009532,-5.6321349453
CtrSVDD_0029_E_0009533,-3.5088817166
CtrSVDD_0030_E_0009534,-5.3315173719
CtrSVDD_0031_E_0009535,-0.7163547607
CtrSVDD_0032_E_0009536,-1.4075341444
CtrSVDD_0033_E_0009537,-0.5750016537
CtrSVDD_0034_E_0009538,-1.7840567772
CtrSVDD_0035_E_0009539,-5.7295951383
CtrSVDD_0036_E_0009540,-2.7808651790
CtrSVDD_0037_E_0009541,-1.9463749105
CtrSVDD_0038_E_0009542,-5.1127882795
CtrSVDD_0039_E_0009543,-2.3479899190
CtrSVDD_0040_E_0009544,-1.5409625827
CtrSVDD_0041_E_0009545,-4.4685827117
CtrSVDD_0042_E_0009546,-2.4048200848
CtrSVDD_0043_E_0009547,-2.4176903166
CtrSVDD_0044_E_0009548,-6.5775871024
CtrSVDD_0045_E_0009549,-5.6576339160
CtrSVDD_0046_E_0009550,0.9633349402
CtrSVDD_0047_E_0009551,0.2035211983
CtrSVDD_0000_E_0009552,-5.7574853416
CtrSVDD_0001_E_0009553,-4.0114308674
CtrSVDD_0002_E_0009554,-4.8233208623
CtrSVDD_0003_E_0009555,-2.8825361764
CtrSVDD_0004_E_0009556,-5.0585783544
CtrSVDD_0005_E_0009557,-5.4551423188
CtrSVDD_0006_E_0009558,-6.0372324142
CtrSVDD_0007_E_0009559,-2.5113038032
CtrSVDD_0008_E_0009560,-2.8767778679
CtrSVDD_0009_E_0009561,-3.3396870840
CtrSVDD_0010_E_0009562,-6.6657806843
CtrSVDD_0011_E_0009563,-6.4787947819
CtrSVDD_0012_E_0009564,-1.5446228009
CtrSVDD_0013_E_0009565,-4.6133801926
CtrSVDD_0014_E_0009566,-6.5488018354
CtrSVDD_0015_E_0009567,-4.8846851533
CtrSVDD_0016_E_0009568,-2.8694115816
CtrSVDD_0017_E_0009569,-0.2500920472
CtrSVDD_0018_E_0009570,-5.3648847690
CtrSVDD_0019_E_0009571,-3.9159727091
CtrSVDD_0020_E_0009572,-2.6342324139
CtrSVDD_0021_E_0009573,-4.0661516387
CtrSVDD_0022_E_0009574,0.2951475233
CtrSVDD_0023_E_0009575,-0.5633782862
CtrSVDD_0024_E_0009576,-6.7729650979
CtrSVDD_0025_E_0009577,-5.8432234540
CtrSVDD_0026_E_0009578,-1.1302508567
CtrSVDD_0027_E_0009579,-3.5782291969
CtrSVDD_0028_E_0009580,-3.6943110020
CtrSVDD_0029_E_0009581,-4.7036201965
CtrSVDD_0030_E_0009582,-5.4143950099
CtrSVDD_0031_E_0009583,0.6303588592
CtrSVDD_0032_E_0009584,-3.2469131117
CtrSVDD_0033_E_0009585,-3.3897649024
CtrSVDD_0034_E_0009586,-5.9142022968
CtrSVDD_0035_E_0009587,-3.5626640504
CtrSVDD_0036_E_0009588,-4.8056864302
CtrSVDD_0037_E_0009589,-2.4153318090
CtrSVDD_0038_E_0009590,-3.0626888550
CtrSVDD_0039_E_0009591,-3.1059788723
CtrSVDD_0040_E_0009592,-5.6433084286
CtrSVDD_0041_E_0009593,-5.4798229947
CtrSVDD_0042_E_0009594,-0.8184259402
CtrSVDD_0043_E_0009595,-2.2901571939
CtrSVDD_0044_E_0009596,-3.9806217129
CtrSVDD_0045_E_0009597,-0.0622863212
CtrSVDD_0046_E_0009598,-5.6535079821
CtrSVDD_0047_E_0009599,-5.2493622695
CtrSVDD_0000_E_0009600,-5.4433224540
CtrSVDD_0001_E_0009601,-4.6393510846
CtrSVDD_0002_E_0009602,-4.0772789207
CtrSVDD_0003_E_0009603,-2.5534669308
CtrSVDD_0004_E_0009604,-3.2681107482
CtrSVDD_0005_E_0009605,-2.7395745728
CtrSVDD_0006_E_0009606,0.0258804687
CtrSVDD_0007_E_0009607,-3.8005778058
CtrSVDD_0008_E_0009608,-2.1922524202
CtrSVDD_0009_E_0009609,0.1143043536
CtrSVDD_0010_E_0009610,-4.7204766627
CtrSVDD_0011_E_0009611,-3.6693291980
CtrSVDD_0012_E_0009612,-3.4717798442
CtrSVDD_0013_E_0009613,-4.3627538971
CtrSVDD_0014_E_0009614,-2.6159327498
CtrSVDD_0015_E_0009615,-2.6252858798
CtrSVDD_0016_E_0009616,-3.8840505710
CtrSVDD_0017_E_0009617,-3.1200684798
CtrSVDD_0018_E_0009618,-4.1780692706
CtrSVDD_0019_E_0009619,-0.8861104068
CtrSVDD_0020_E_0009620,-4.7616238052
CtrSVDD_0021_E_0009621,-2.8856349124
CtrSVDD_0022_E_0009622,-1.8167600564
CtrSVDD_0023_E_0009623,-4.7359912901
CtrSVDD_0024_E_0009624,-1.1877471651
CtrSVDD_0025_E_0009625,-6.2484953515
CtrSVDD_0026_E_0009626,-6.2910724900
CtrSVDD_0027_E_0009627,-0.9475244476
CtrSVDD_0028_E_0009628,-3.9469292668
CtrSVDD_0029_E_0009629,-4.1587239032
CtrSVDD_0030_E_0009630,-2.5215431295
CtrSVDD_0031_E_0009631,-3.8181381258
CtrSVDD_0032_E_0009632,-2.0328896428
CtrSVDD_0033_E_0009633,-2.1944540728
CtrSVDD_0034_E_0009634,-3.6510863122
CtrSVDD_0035_E_0009635,-4.7880597430
CtrSVDD_0036_E_0009636,-7.0878086191
CtrSVDD_0037_E_0009637,-2.0395427043
CtrSVDD_0038_E_0009638,-5.9285731287
CtrSVDD_0039_E_0009639,-0.8433560345
CtrSVDD_0040_E_0009640,-0.3848685318
CtrSVDD_0041_E_0009641,-4.1534904456
CtrSVDD_0042_E_0009642,-3.7046046245
CtrSVDD_0043_E_0009643,-1.1171533151
CtrSVDD_0044_E_0009644,-0.7910269026
CtrSVDD_0045_E_0009645,-1.1347830690
CtrSVDD_0046_E_0009646,-1.9160042054
CtrSVDD_0047_E_0009647,-0.0244812369
CtrSVDD_0000_E_0009648,1.3616290129
CtrSVDD_0001_E_0009649,0.4749805094
CtrSVDD_0002_E_0009650,-4.5955042625
CtrSVDD_0003_E_0009651,-5.1033665599
CtrSVDD_0004_E_0009652,-4.7564248670
CtrSVDD_0005_E_0009653,-2.9162792023
CtrSVDD_0006_E_0009654,-4.8238816977
CtrSVDD_0007_E_0009655,-7.2242461481
CtrSVDD_0008_E_0009656,-0.7602717402
CtrSVDD_0009_E_0009657,-4.9691978508
CtrSVDD_0010_E_0009658,-5.0123282234
CtrSVDD_0011_E_0009659,-1.9428617687
CtrSVDD_0012_E_0009660,-4.1847265969
CtrSVDD_0013_E_0009661,-6.7397899166
CtrSVDD_0014_E_0009662,0.0412759663
CtrSVDD_0015_E_0009663,-0.0608848778
CtrSVDD_0016_E_0009664,-5.3597073053
CtrSVDD_0017_E_0009665,-4.3750846388
CtrSVDD_0018_E_0009666,-4.8940321095
CtrSVDD_0019_E_0009667,-0.7254239831
CtrSVDD_0020_E_0009668,-5.4361893620
CtrSVDD_0021_E_0009669,-5.9918565855
CtrSVDD_0022_E_0009670,-3.2821392248
CtrSVDD_0023_E_0009671,-4.8496361245
CtrSVDD_0024_E_0009672,-4.8977634810
CtrSVDD_0025_E_0009673,-5.6291359392
CtrSVDD_0026_E_0009674,0.0318393905
CtrSVDD_0027_E_0009675,-5.5839663862
CtrSVDD_0028_E_0009676,0.5915835914
CtrSVDD_0029_E_0009677,-4.1656787303
CtrSVDD_0030_E_0009678,-2.1454249784
CtrSVDD_0031_E_0009679,-3.9398088804
CtrSVDD_0032_E_0009680,-0.7698207150
CtrSVDD_0033_E_0009681,-3.8737178129
CtrSVDD_0034_E_0009682,-3.0783249313
CtrSVDD_0035_E_0009683,2.3571626578
CtrSVDD_0036_E_0009684,-7.4529857176
CtrSVDD_0037_E_0009685,0.3671656310
CtrSVDD_0038_E_0009686,-5.1388452982
CtrSVDD_0039_E_0009687,-0.4151755544
CtrSVDD_0040_E_0009688,-2.6990646505
CtrSVDD_0041_E_0009689,-1.2525226939
CtrSVDD_0042_E_0009690,-5.2427319620
CtrSVDD_0043_E_0009691,2.3352330401
CtrSVDD_0044_E_0009692,-5.4256805029
CtrSVDD_0045_E_0009693,-6.3365897237
CtrSVDD_0046_E_0009694,-6.8605373575
CtrSVDD_0047_E_0009695,-0.9351009491
CtrSVDD_0000_E_0009696,-4.1084185053
CtrSVDD_0001_E_0009697,-4.7297513835
CtrSVDD_0002_E_0009698,-0.6728333958
CtrSVDD_0003_E_0009699,-4.7057641936
CtrSVDD_0004_E_0009700,-3.3601925560
CtrSVDD_0005_E_0009701,-1.2534115164
CtrSVDD_0006_E_0009702,0.0048957779
CtrSVDD_0007_E_0009703,-3.5043621528
CtrSVDD_0008_E_0009704,-5.3049282723
CtrSVDD_0009_E_0009705,0.9393638134
CtrSVDD_0010_E_0009706,-5.1570306522
CtrSVDD_0011_E_0009707,-1.9830203924
CtrSVDD_0012_E_0009708,-4.0551517295
CtrSVDD_0013_E_0009709,-4.0583350058
CtrSVDD_0014_E_0009710,-1.9378548808
CtrSVDD_0015_E_0009711,-2.7500213787
CtrSVDD_0016_E_0009712,-6.0394676511
CtrSVDD_0017_E_0009713,-2.9101769382
CtrSVDD_0018_E_0009714,-2.1206617156
CtrSVDD_0019_E_0009715,-3.4538997085
CtrSVDD_0020_E_0009716,-3.4454868754
CtrSVDD_0021_E_0009717,-4.7230223042
CtrSVDD_0022_E_0009718,-5.5057664213
CtrSVDD_0023_E_0009719,-5.1475313187
CtrSVDD_0024_E_0009720,-6.3752541558
CtrSVDD_0025_E_0009721,0.7983538465
CtrSVDD_0026_E_0009722,-3.8812354526
CtrSVDD_0027_E_0009723,0.5660619668
CtrSVDD_0028_E_0009724,-6.0196854288
CtrSVDD_0029_E_0009725,0.6337749880
CtrSVDD_0030_E_0009726,-2.7129194870
CtrSVDD_0031_E_0009727,-1.1187564764
CtrSVDD_0032_E_0009728,-2.6185772340
CtrSVDD_0033_E_0009729,-5.4280819881
CtrSVDD_0034_E_0009730,-3.4550510195
CtrSVDD_0035_E_0009731,2.2944721524
CtrSVDD_0036_E_0009732,-5.5303310159
CtrSVDD_0037_E_0009733,-4.3017895911
CtrSVDD_0038_E_0009734,-2.9329384767
CtrSVDD_0039_E_0009735,-5.2917536388
CtrSVDD_0040_E_0009736,-7.3422815662
CtrSVDD_0041_E_0009737,0.3664700507
CtrSVDD_0042_E_0009738,0.5006329560
CtrSVDD_0043_E_0009739,-3.8248548496
CtrSVDD_0044_E_0009740,-2.4381088371
CtrSVDD_0045_E_0009741,-4.7660300118
CtrSVDD_0046_E_0009742,-2.7629697396
CtrSVDD_0047_E_0009743,-0.0163353868
CtrSVDD_0000_E_0009744,-5.3601417804
CtrSVDD_0001_E_0009745,-0.7181638739
CtrSVDD_0002_E_0009746,-4.5911250627
CtrSVDD_0003_E_0009747,-4.7353572702
CtrSVDD_0004_E_0009748,1.6400033795
CtrSVDD_0005_E_0009749,-0.5309923114
CtrSVDD_0006_E_0009750,-0.5424936678
CtrSVDD_0007_E_0009751,-3.2202803039
CtrSVDD_0008_E_0009752,0.1466978246
CtrSVDD_0009_E_0009753,-3.4196293232
CtrSVDD_0010_E_0009754,-6.2131792758
CtrSVDD_0011_E_0009755,-0.7474381782
CtrSVDD_0012_E_0009756,-5.8634559718
CtrSVDD_0013_E_0009757,-4.7315171269
CtrSVDD_0014_E_0009758,-4.2017764922
CtrSVDD_0015_E_0009759,-2.7564560457
CtrSVDD_0016_E_0009760,-5.9942130108
CtrSVDD_0017_E_0009761,-0.7186539573
CtrSVDD_0018_E_0009762,-5.6412745551
CtrSVDD_0019_E_0009763,0.0146878031
CtrSVDD_0020_E_0009764,-6.0943581346
CtrSVDD_0021_E_0009765,-1.8135017802
CtrSVDD_0022_E_0009766,-0.7360582300
CtrSVDD_0023_E_0009767,-6.2409991844
CtrSVDD_0024_E_0009768,-2.3029822426
CtrSVDD_0025_E_0009769,-3.7253676933
CtrSVDD_0026_E_0009770,-5.6352860121
CtrSVDD_0027_E_0009771,-1.2245110637
CtrSVDD_0028_E_0009772,-0.3110848195
CtrSVDD_0029_E_0009773,-3.7220566503
CtrSVDD_0030_E_0009774,-2.1972627251
CtrSVDD_0031_E_0009775,-3.3079160839
CtrSVDD_0032_E_0009776,-1.2920499898
CtrSVDD_0033_E_0009777,-5.5318867945
CtrSVDD_0034_E_0009778,-4.6858769456
CtrSVDD_0035_E_0009779,-1.5206068968
CtrSVDD_0036_E_0009780,-5.5489781139
CtrSVDD_0037_E_0009781,-4.1070856816
CtrSVDD_0038_E_0009782,0.2556886387
CtrSVDD_0039_E_0009783,2.0349820557
CtrSVDD_0040_E_0009784,-4.2820603983
CtrSVDD_0041_E_0009785,-2.7235866679
CtrSVDD_0042_E_0009786,-2.4273264615
CtrSVDD_0043_E_0009787,-2.8950405936
CtrSVDD_0044_E_0009788,1.5014510818
CtrSVDD_0045_E_0009789,-0.7455899122
CtrSVDD_0046_E_0009790,1.3880734414
CtrSVDD_0047_E_0009791,-3.7630874350
CtrSVDD_0000_E_0009792,-2.1088005688
CtrSVDD_0001_E_0009793,-3.4582156539
CtrSVDD_0002_E_0009794,-3.3049601815
CtrSVDD_0003_E_0009795,-2.6122919300
CtrSVDD_0004_E_0009796,-5.2292754932
CtrSVDD_0005_E_0009797,-0.4066752100
CtrSVDD_0006_E_0009798,-5.0108265007
CtrSVDD_0007_E_0009799,-1.8642304740
CtrSVDD_0008_E_0009800,-5.4818934096
CtrSVDD_0009_E_0009801,-0.9369732433
CtrSVDD_0010_E_0009802,-0.9982311712
CtrSVDD_0011_E_0009803,1.1311313252
CtrSVDD_0012_E_0009804,0.4824011382
CtrSVDD_0013_E_0009805,-2.7975315669
CtrSVDD_0014_E_0009806,0.3239909939
CtrSVDD_0015_E_0009807,-4.1046871040
CtrSVDD_0016_E_0009808,-3.9801762316
CtrSVDD_0017_E_0009809,-3.4101651487
CtrSVDD_0018_E_0009810,-3.1207340702
CtrSVDD_0019_E_0009811,-4.1222718994
CtrSVDD_0020_E_0009812,-2.8843536324
CtrSVDD_0021_E_0009813,-1.4881218960
CtrSVDD_0022_E_0009814,-1.6405816205
CtrSVDD_0023_E_0009815,-4.8036854621
CtrSVDD_0024_E_0009816,-2.3501452983
CtrSVDD_0025_E_0009817,-4.8906628097
CtrSVDD_0026_E_0009818,-0.6834842617
CtrSVDD_0027_E_0009819,-2.6637612210
CtrSVDD_0028_E_0009820,-4.8006285077
CtrSVDD_0029_E_0009821,-4.8241344928
CtrSVDD_0030_E_0009822,-2.7024911705
CtrSVDD_0031_E_0009823,-2.8749219090
CtrSVDD_0032_E_0009824,-2.4142505144
CtrSVDD_0033_E_0009825,-5.5381688674
CtrSVDD_0034_E_0009826,-4.1764081546
CtrSVDD_0035_E_0009827,-0.4025575931
CtrSVDD_0036_E_0009828,-1.7921891094
CtrSVDD_0037_E_0009829,-3.9590498979
CtrSVDD_0038_E_0009830,-4.3318150314
CtrSVDD_0039_E_0009831,-3.2192748611
CtrSVDD_0040_E_0009832,-2.2992280554
CtrSVDD_0041_E_0009833,-4.6488573995
CtrSVDD_0042_E_0009834,0.4197539913
CtrSVDD_0043_E_0009835,-4.1833723298
CtrSVDD_0044_E_0009836,-3.3918274755
CtrSVDD_0045_E_0009837,-3.0769318647
CtrSVDD_0046_E_0009838,-3.8820320660
CtrSVDD_0047_E_0009839,-2.3048061239
CtrSVDD_0000_E_0009840,-5.5119066216
CtrSVDD_0001_E_0009841,0.1646286655
CtrSVDD_0002_E_0009842,-3.4688033008
CtrSVDD_0003_E_0009843,-2.5819884224
CtrSVDD_0004_E_0009844,-5.5899512967
CtrSVDD_0005_E_0009845,-5.8989761097
CtrSVDD_0006_E_0009846,-4.5464047114
CtrSVDD_0007_E_0009847,-1.2373490717
CtrSVDD_0008_E_0009848,-3.5103377869
CtrSVDD_0009_E_0009849,-4.5048898055
CtrSVDD_0010_E_0009850,-5.0297533486
CtrSVDD_0011_E_0009851,-5.5453224551
CtrSVDD_0012_E_0009852,-2.1595760794
CtrSVDD_0013_E_0009853,1.1877471651
CtrSVDD_0014_E_0009854,-5.5859060150
CtrSVDD_0015_E_0009855,-4.7028192946
CtrSVDD_0016_E_0009856,-1.8498380543
CtrSVDD_0017_E_0009857,-5.6886315015
CtrSVDD_0018_E_0009858,-5.8691786216
CtrSVDD_0019_E_0009859,-3.9519792779
CtrSVDD_0020_E_0009860,-3.8365055352
CtrSVDD_0021_E_0009861,-0.2523361478
CtrSVDD_0022_E_0009862,-4.0804666600
CtrSVDD_0023_E_0009863,0.4224927959
CtrSVDD_0024_E_0009864,-1.0589544258
CtrSVDD_0025_E_0009865,-4.0184350040
CtrSVDD_0026_E_0009866,-4.2324064679
CtrSVDD_0027_E_0009867,-4.4113462635
CtrSVDD_0028_E_0009868,-2.6170071759
CtrSVDD_0029_E_0009869,-4.7577687290
CtrSVDD_0030_E_0009870,-5.2108223319
CtrSVDD_0031_E_0009871,-2.6075689863
CtrSVDD_0032_E_0009872,-4.7667294089
CtrSVDD_0033_E_0009873,-3.5227846617
CtrSVDD_0034_E_0009874,-3.8431130311
CtrSVDD_0035_E_0009875,0.1864134628
CtrSVDD_0036_E_0009876,-2.7004566592
CtrSVDD_0037_E_0009877,-3.6089502093
CtrSVDD_0038_E_0009878,0.8312954721
CtrSVDD_0039_E_0009879,-4.1234205481
CtrSVDD_0040_E_0009880,-3.1993578290
CtrSVDD_0041_E_0009881,-4.6880725859
CtrSVDD_0042_E_0009882,1.7589986111
CtrSVDD_0043_E_0009883,-5.6565183414
CtrSVDD_0044_E_0009884,-0.0398760261
CtrSVDD_0045_E_0009885,-2.4729875581
CtrSVDD_0046_E_0009886,-2.4902042088
CtrSVDD_0047_E_0009887,-4.7586861940
CtrSVDD_0000_E_0009888,-3.6531723590
CtrSVDD_0001_E_0009889,0.8056280645
CtrSVDD_0002_E_0009890,-4.7400200953
CtrSVDD_0003_E_0009891,-6.0371178483
CtrSVDD_0004_E_0009892,-6.2262178233
CtrSVDD_0005_E_0009893,-0.1961939224
CtrSVDD_0006_E_0009894,-4.0064956411
CtrSVDD_0007_E_0009895,0.5019121261
CtrSVDD_0008_E_0009896,-3.7271914170
CtrSVDD_0009_E_0009897,-5.3808834811
CtrSVDD_0010_E_0009898,-4.1453278875
CtrSVDD_0011_E_0009899,-5.5719323885
CtrSVDD_0012_E_0009900,-2.0859589070
CtrSVDD_0013_E_0009901,0.3833626499
CtrSVDD_0014_E_0009902,-3.3681476432
CtrSVDD_0015_E_0009903,-0.7548569455
CtrSVDD_0016_E_0009904,-6.5939056002
CtrSVDD_0017_E_0009905,-6.0571040631
CtrSVDD_0018_E_0009906,0.6350400847
CtrSVDD_0019_E_0009907,-1.6250733679
CtrSVDD_0020_E_0009908,0.6400948765
CtrSVDD_0021_E_0009909,-5.5133860380
CtrSVDD_0022_E_0009910,-1.1508030427
CtrSVDD_0023_E_0009911,-3.9270608147
CtrSVDD_0024_E_0009912,-0.0220023165
CtrSVDD_0025_E_0009913,-3.2942134220
CtrSVDD_0026_E_0009914,-3.7308297121
CtrSVDD_0027_E_0009915,-1.9348118138
CtrSVDD_0028_E_0009916,-2.8882342384
CtrSVDD_0029_E_0009917,-4.8779458375
CtrSVDD_0030_E_0009918,-3.1785073492
CtrSVDD_0031_E_0009919,0.5213535034
CtrSVDD_0032_E_0009920,-2.5432299207
CtrSVDD_0033_E_0009921,-2.6928611194
CtrSVDD_0034_E_0009922,1.3196797484
CtrSVDD_0035_E_0009923,-3.8881876069
CtrSVDD_0036_E_0009924,-4.3264148192
CtrSVDD_0037_E_0009925,1.3860337204
CtrSVDD_0038_E_0009926,-2.6501586319
CtrSVDD_0039_E_0009927,-1.3503363511
CtrSVDD_0040_E_0009928,-0.6509682782
CtrSVDD_0041_E_0009929,2.7402957116
CtrSVDD_0042_E_0009930,-5.1326483002
CtrSVDD_0043_E_0009931,-1.6035332955
CtrSVDD_0044_E_0009932,0.8850301257
CtrSVDD_0045_E_0009933,-4.2768645641
CtrSVDD_0046_E_0009934,-3.9894415822
CtrSVDD_0047_E_0009935,-2.7010236775
CtrSVDD_0000_E_0009936,-4.2271592548
CtrSVDD_0001_E_0009937,-5.4030015107
CtrSVDD_0002_E_0009938,-2.6059929410
CtrSVDD_0003_E_0009939,-3.1985353748
CtrSVDD_0004_E_0009940,-4.1093342823
CtrSVDD_0005_E_0009941,-2.9604385107
CtrSVDD_0006_E_0009942,-4.6918319817
CtrSVDD_0007_E_0009943,-3.2527222472
CtrSVDD_0008_E_0009944,-7.0959711772
CtrSVDD_0009_E_0009945,-3.0655574707
CtrSVDD_0010_E_0009946,-2.7304189040
CtrSVDD_0011_E_0009947,-5.5494868833
CtrSVDD_0012_E_0009948,-2.7162829777
CtrSVDD_0013_E_0009949,-0.1292875942
CtrSVDD_0014_E_0009950,-5.0026639426
CtrSVDD_0015_E_0009951,-5.4782517493
CtrSVDD_0016_E_0009952,1.6293610596
CtrSVDD_0017_E_0009953,-4.0299003853
CtrSVDD_0018_E_0009954,-3.9281203184
CtrSVDD_0019_E_0009955,0.0356766635
CtrSVDD_0020_E_0009956,-2.8424540242
CtrSVDD_0021_E_0009957,-6.4210520230
CtrSVDD_0022_E_0009958,-3.2240380745
CtrSVDD_0023_E_0009959,-5.0309279290
CtrSVDD_0024_E_0009960,-2.2128327238
CtrSVDD_0025_E_0009961,-4.4063034733
CtrSVDD_0026_E_0009962,-4.2004141158
CtrSVDD_0027_E_0009963,-5.5855057523
CtrSVDD_0028_E_0009964,-5.3874616434
CtrSVDD_0029_E_0009965,-0.9218921745
CtrSVDD_0030_E_0009966,-4.2351212256
CtrSVDD_0031_E_0009967,-1.2261153059
CtrSVDD_0032_E_0009968,-4.8403050346
CtrSVDD_0033_E_0009969,-4.5550818620
CtrSVDD_0034_E_0009970,-4.6284350214
CtrSVDD_0035_E_0009971,-5.7422197276
CtrSVDD_0036_E_0009972,-0.7345532687
CtrSVDD_0037_E_0009973,-4.6579990121
CtrSVDD_0038_E_0009974,-4.4808348905
CtrSVDD_0039_E_0009975,-4.4558149924
CtrSVDD_0040_E_0009976,-4.2223572498
CtrSVDD_0041_E_0009977,-3.2759121585
CtrSVDD_0042_E_0009978,-4.6326921871
CtrSVDD_0043_E_0009979,1.4966413405
CtrSVDD_0044_E_0009980,-3.3943471996
CtrSVDD_0045_E_0009981,0.3683508953
CtrSVDD_0046_E_0009982,-3.4625975484
CtrSVDD_0047_E_0009983,-4.0885207605
CtrSVDD_0000_E_0009984,-4.6305215278
CtrSVDD_0001_E_0009985,-0.8118936149
CtrSVDD_0002_E_0009986,-1.3005511087
CtrSVDD_0003_E_0009987,-5.9167621945
CtrSVDD_0004_E_0009988,-1.0609502695
CtrSVDD_0005_E_0009989,-4.2639148717
CtrSVDD_0006_E_0009990,-4.2579895737
CtrSVDD_0007_E_0009991,-1.3114284140
CtrSVDD_0008_E_0009992,-4.2890823174
CtrSVDD_0009_E_0009993,2.4943787497
CtrSVDD_0010_E_0009994,-6.2831535200
CtrSVDD_0011_E_0009995,-4.3972676194
CtrSVDD_0012_E_0009996,-4.1863941742
CtrSVDD_0013_E_0009997,-2.0443959817
CtrSVDD_0014_E_0009998,-4.7174128778
CtrSVDD_0015_E_0009999,-5.3166766177
CtrSVDD_0016_E_0010000,-3.4518747544
CtrSVDD_0017_E_0010001,-4.4609041527
CtrSVDD_0018_E_0010002,0.9391451029
CtrSVDD_0019_E_0010003,-0.9070179191
CtrSVDD_0020_E_0010004,-4.8777076124
CtrSVDD_0021_E_0010005,-5.4015175179
CtrSVDD_0022_E_0010006,-3.4594783300
CtrSVDD_0023_E_0010007,-4.3593775079
CtrSVDD_0024_E_0010008,0.1992388728
CtrSVDD_0025_E_0010009,-1.2148883091
CtrSVDD_0026_E_0010010,-1.1379874785
CtrSVDD_0027_E_0010011,-4.3815457204
CtrSVDD_0028_E_0010012,1.2679967613
CtrSVDD_0029_E_0010013,-4.1190310495
CtrSVDD_0030_E_0010014,-5.0388348721
CtrSVDD_0031_E_0010015,-2.2693581239
CtrSVDD_0032_E_0010016,-4.5469193039
CtrSVDD_0033_E_0010017,-4.5730843463
CtrSVDD_0034_E_0010018,-3.4896119074
CtrSVDD_0035_E_0010019,-5.5432189344
CtrSVDD_0036_E_0010020,-4.4979313073
CtrSVDD_0037_E_0010021,0.7461565985
CtrSVDD_0038_E_0010022,-2.0722638321
CtrSVDD_0039_E_0010023,-6.7096263793
CtrSVDD_0040_E_0010024,-5.8758087267
CtrSVDD_0041_E_0010025,0.1994065447
CtrSVDD_0042_E_0010026,-4.1977384353
CtrSVDD_0043_E_0010027,-3.6781441048
CtrSVDD_0044_E_0010028,-4.8923286637
CtrSVDD_0045_E_0010029,-1.6372563983
CtrSVDD_0046_E_0010030,-3.1375163789
CtrSVDD_0047_E_0010031,-3.0986082830
CtrSVDD_0000_E_0010032,0.2751743624
CtrSVDD_0001_E_0010033,-1.7258065821
CtrSVDD_0002_E_0010034,-0.2081732651
CtrSVDD_0003_E_0010035,-3.8915767398
CtrSVDD_0004_E_0010036,-2.7098543802
CtrSVDD_0005_E_0010037,-2.6160131124
CtrSVDD_0006_E_0010038,1.8209316682
CtrSVDD_0007_E_0010039,-6.3969248008
CtrSVDD_0008_E_0010040,-3.9845088559
CtrSVDD_0009_E_0010041,-4.5649217882
CtrSVDD_0010_E_0010042,-4.0146576553
CtrSVDD_0011_E_0010043,-3.0565483462
CtrSVDD_0012_E_0010044,-4.6741280213
CtrSVDD_0013_E_0010045,-0.9817496156
CtrSVDD_0014_E_0010046,-4.7319939115
CtrSVDD_0015_E_0010047,-4.5921188106
CtrSVDD_0016_E_0010048,-2.8540684492
CtrSVDD_0017_E_0010049,-2.9384224432
CtrSVDD_0018_E_0010050,-5.1905150788
CtrSVDD_0019_E_0010051,-3.9688962182
CtrSVDD_0020_E_0010052,-5.4619555794
CtrSVDD_0021_E_0010053,-2.9260226918
CtrSVDD_0022_E_0010054,-3.1348696553
CtrSVDD_0023_E_0010055,0.8434165203
CtrSVDD_0024_E_0010056,-4.5984871141
CtrSVDD_0025_E_0010057,-2.9347685293
CtrSVDD_0026_E_0010058,-4.9913432111
CtrSVDD_0027_E_0010059,-5.5917406993
CtrSVDD_0028_E_0010060,-3.8587158010
CtrSVDD_0029_E_0010061,-3.7108615279
CtrSVDD_0030_E_0010062,-0.6578995520
CtrSVDD_0031_E_0010063,-5.2172055260
CtrSVDD_0032_E_0010064,0.4272977781
CtrSVDD_0033_E_0010065,-7.0730490360
CtrSVDD_0034_E_0010066,1.5690792921
CtrSVDD_0035_E_0010067,-5.3844648362
CtrSVDD_0036_E_0010068,-3.6677696746
CtrSVDD_0037_E_0010069,1.2705100400
CtrSVDD_0038_E_0010070,-1.2648776829
CtrSVDD_0039_E_0010071,-0.3479565732
CtrSVDD_0040_E_0010072,-3.4224779126
CtrSVDD_0041_E_0010073,-5.0545693106
CtrSVDD_0042_E_0010074,0.8366467767
CtrSVDD_0043_E_0010075,-3.5492863964
CtrSVDD_0044_E_0010076,-6.3998569770
CtrSVDD_0045_E_0010077,-4.3984981023
CtrSVDD_0046_E_0010078,-4.5093245343
CtrSVDD_0047_E_0010079,-2.6683992045
CtrSVDD_0000_E_0010080,-4.4047439834
CtrSVDD_0001_E_0010081,-2.4532874351
CtrSVDD_0002_E_0010082,-1.8200571122
CtrSVDD_0003_E_0010083,1.0676050914
CtrSVDD_0004_E_0010084,-6.1038487935
CtrSVDD_0005_E_0010085,-2.9475215739
CtrSVDD_0006_E_0010086,-2.8883090705
CtrSVDD_0007_E_0010087,-5.0102540856
CtrSVDD_0008_E_0010088,-5.0355035627
CtrSVDD_0009_E_0010089,-2.9383739722
CtrSVDD_0010_E_0010090,-4.4653362983
CtrSVDD_0011_E_0010091,-4.4670483110
CtrSVDD_0012_E_0010092,0.1255203605
CtrSVDD_0013_E_0010093,0.2813267155
CtrSVDD_0014_E_0010094,-4.2852198554
CtrSVDD_0015_E_0010095,-3.5198688535
CtrSVDD_0016_E_0010096,-4.9408480769
CtrSVDD_0017_E_0010097,-0.6631188104
CtrSVDD_0018_E_0010098,-6.5637699165
CtrSVDD_0019_E_0010099,2.1757241556
CtrSVDD_0020_E_0010100,-0.3758461852
CtrSVDD_0021_E_0010101,-3.5615304519
CtrSVDD_0022_E_0010102,-5.4756842605
CtrSVDD_0023_E_0010103,-1.2341386612
CtrSVDD_0024_E_0010104,-4.7387201384
CtrSVDD_0025_E_0010105,-2.3680229366
CtrSVDD_0026_E_0010106,-3.9617195804
CtrSVDD_0027_E_0010107,-4.7292988572
CtrSVDD_0028_E_0010108,-3.8418044010
CtrSVDD_0029_E_0010109,-1.5344063821
CtrSVDD_0030_E_0010110,-0.0636878869
CtrSVDD_0031_E_0010111,-2.9692579706
CtrSVDD_0032_E_0010112,-3.6556913776
CtrSVDD_0033_E_0010113,-6.8993367313
CtrSVDD_0034_E_0010114,-0.8758006938
CtrSVDD_0035_E_0010115,-2.4928240609
CtrSVDD_0036_E_0010116,-4.5475619293
CtrSVDD_0037_E_0010117,-5.9051186729
CtrSVDD_0038_E_0010118,0.1100264567
CtrSVDD_0039_E_0010119,0.0706976479
CtrSVDD_0040_E_0010120,-5.0252380510
CtrSVDD_0041_E_0010121,-1.9512240775
CtrSVDD_0042_E_0010122,-4.5864254028
CtrSVDD_0043_E_0010123,-3.7217110159
CtrSVDD_0044_E_0010124,-5.7844264316
CtrSVDD_0045_E_0010125,-5.2243996332
CtrSVDD_0046_E_0010126,-2.8837989760
CtrSVDD_0047_E_0010127,-2.3621458694
CtrSVDD_0000_E_0010128,-2.3355082190
CtrSVDD_0001_E_0010129,-5.2948036858
CtrSVDD_0002_E_0010130,-0.9899070206
CtrSVDD_0003_E_0010131,-3.4133163711
CtrSVDD_0004_E_0010132,-5.0003266521
CtrSVDD_0005_E_0010133,-3.4212097759
CtrSVDD_0006_E_0010134,-4.2153537391
CtrSVDD_0007_E_0010135,-2.2175609993
CtrSVDD_0008_E_0010136,-0.2731751081
CtrSVDD_0009_E_0010137,-2.8770237950
CtrSVDD_0010_E_0010138,-5.0619797918
CtrSVDD_0011_E_0010139,0.0066602672
CtrSVDD_0012_E_0010140,-2.7740919623
CtrSVDD_0013_E_0010141,-4.9347561510
CtrSVDD_0014_E_0010142,-3.9629967442
CtrSVDD_0015_E_0010143,-5.0941698053
CtrSVDD_0016_E_0010144,-3.3422510104
CtrSVDD_0017_E_0010145,-4.2042336259
CtrSVDD_0018_E_0010146,-2.4404393043
CtrSVDD_0019_E_0010147,-3.8861263898
CtrSVDD_0020_E_0010148,-4.3654293476
CtrSVDD_0021_E_0010149,-0.7978265745
CtrSVDD_0022_E_0010150,-6.9565512264
CtrSVDD_0023_E_0010151,-6.3276235957
CtrSVDD_0024_E_0010152,-3.8617127657
CtrSVDD_0025_E_0010153,-5.0636733692
CtrSVDD_0026_E_0010154,-1.3468970466
CtrSVDD_0027_E_0010155,-5.9116488186
CtrSVDD_0028_E_0010156,-1.1155500480
CtrSVDD_0029_E_0010157,-4.5520752679
CtrSVDD_0030_E_0010158,0.7019651572
CtrSVDD_0031_E_0010159,-3.2078539962
CtrSVDD_0032_E_0010160,-2.9727370832
CtrSVDD_0033_E_0010161,-1.4504673398
CtrSVDD_0034_E_0010162,-4.5014120506
CtrSVDD_0035_E_0010163,-4.5580866476
CtrSVDD_0036_E_0010164,-2.9089059227
CtrSVDD_0037_E_0010165,-1.9133707438
CtrSVDD_0038_E_0010166,-5.2885437092
CtrSVDD_0039_E_0010167,-0.9801243344
CtrSVDD_0040_E_0010168,-5.4983828789
CtrSVDD_0041_E_0010169,-6.4165733759
CtrSVDD_0042_E_0010170,-4.0185474998
CtrSVDD_0043_E_0010171,-2.0172175370
CtrSVDD_0044_E_0010172,-3.0238298983
CtrSVDD_0045_E_0010173,0.9645012462
CtrSVDD_0046_E_0010174,-4.6349075388
CtrSVDD_0047_E_0010175,-2.8229343346
CtrSVDD_0000_E_0010176,0.1495262561
CtrSVDD_0001_E_0010177,-4.0884529479
CtrSVDD_0002_E_0010178,-0.2537804489
CtrSVDD_0003_E_0010179,-0.0678933459
CtrSVDD_0004_E_0010180,0.0213103176
CtrSVDD_0005_E_0010181,1.1709236590
CtrSVDD_0006_E_0010182,-1.1524048139
CtrSVDD_0007_E_0010183,-0.2697034673
CtrSVDD_0008_E_0010184,-0.1241708138
CtrSVDD_0009_E_0010185,-5.7472336681
CtrSVDD_0010_E_0010186,-3.0936078613
CtrSVDD_0011_E_0010187,-3.7891070340
CtrSVDD_0012_E_0010188,-5.6738462464
CtrSVDD_0013_E_0010189,-5.2074046439
CtrSVDD_0014_E_0010190,-4.5143295830
CtrSVDD_0015_E_0010191,0.4958819829
CtrSVDD_0016_E_0010192,-5.4151782728
CtrSVDD_0017_E_0010193,-4.7286300291
CtrSVDD_0018_E_0010194,-1.4203117342
CtrSVDD_0019_E_0010195,-0.5838849488
CtrSVDD_0020_E_0010196,-7.5330381211
CtrSVDD_0021_E_0010197,-2.5251190204
CtrSVDD_0022_E_0010198,-2.2952980073
CtrSVDD_0023_E_0010199,-3.7291521182
CtrSVDD_0024_E_0010200,-2.9601766821
CtrSVDD_0025_E_0010201,-3.6857033267
CtrSVDD_0026_E_0010202,-3.9443854692
CtrSVDD_0027_E_0010203,-4.0271987069
CtrSVDD_0028_E_0010204,-1.2678847112
CtrSVDD_0029_E_0010205,-1.8220316483
CtrSVDD_0030_E_0010206,-3.7755563559
CtrSVDD_0031_E_0010207,-4.8586132759
CtrSVDD_0032_E_0010208,-5.4221729772
CtrSVDD_0033_E_0010209,-4.0725359795
CtrSVDD_0034_E_0010210,-5.0079650648
CtrSVDD_0035_E_0010211,0.2831033950
CtrSVDD_0036_E_0010212,-4.1804114556
CtrSVDD_0037_E_0010213,-2.2438229876
CtrSVDD_0038_E_0010214,-5.9666856954
CtrSVDD_0039_E_0010215,0.7254239831
CtrSVDD_0040_E_0010216,1.1118956117
CtrSVDD_0041_E_0010217,-0.5865921165
CtrSVDD_0042_E_0010218,-7.2253264026
CtrSVDD_0043_E_0010219,-4.5895341279
CtrSVDD_0044_E_0010220,-4.5479489798
CtrSVDD_0045_E_0010221,-3.1734900702
CtrSVDD_0046_E_0010222,-3.6634535400
CtrSVDD_0047_E_0010223,-4.7032420024
CtrSVDD_0000_E_0010224,0.4366180187
CtrSVDD_0001_E_0010225,2.0576833914
CtrSVDD_0002_E_0010226,-0.0555106543
CtrSVDD_0003_E_0010227,-5.6662209451
CtrSVDD_0004_E_0010228,-4.4453324790
CtrSVDD_0005_E_0010229,0.1513526443
CtrSVDD_0006_E_0010230,-3.7088140575
CtrSVDD_0007_E_0010231,-1.9570469496
CtrSVDD_0008_E_0010232,-4.0252051030
CtrSVDD_0009_E_0010233,-2.6444754137
CtrSVDD_0010_E_0010234,-6.2932140713
CtrSVDD_0011_E_0010235,-3.6909746186
CtrSVDD_0012_E_0010236,-5.6275532257
CtrSVDD_0013_E_0010237,0.7811575769
CtrSVDD_0014_E_0010238,-5.0011626624
CtrSVDD_0015_E_0010239,-3.2182435444
CtrSVDD_0016_E_0010240,-4.3966893738
CtrSVDD_0017_E_0010241,-4.3895057409
CtrSVDD_0018_E_0010242,-5.3365713795
CtrSVDD_0019_E_0010243,-4.4781486128
CtrSVDD_0020_E_0010244,-6.0336636949
CtrSVDD_0021_E_0010245,-1.4972241140
CtrSVDD_0022_E_0010246,-4.1342255090
CtrSVDD_0023_E_0010247,-2.9103809486
CtrSVDD_0024_E_0010248,-5.0228623488
CtrSVDD_0025_E_0010249,-3.9336826883
CtrSVDD_0026_E_0010250,-4.4833604264
CtrSVDD_0027_E_0010251,-3.8632118815
CtrSVDD_0028_E_0010252,-3.1004564471
CtrSVDD_0029_E_0010253,-0.9630286827
CtrSVDD_0030_E_0010254,-4.8468537560
CtrSVDD_0031_E_0010255,-2.6903634048
CtrSVDD_0032_E_0010256,-5.9792827397
CtrSVDD_0033_E_0010257,-4.7983413098
CtrSVDD_0034_E_0010258,-2.8036607675
CtrSVDD_0035_E_0010259,-3.6638539356
CtrSVDD_0036_E_0010260,-0.2610099665
CtrSVDD_0037_E_0010261,-3.7028218943
CtrSVDD_0038_E_0010262,-2.9285407561
CtrSVDD_0039_E_0010263,-1.8419972785
CtrSVDD_0040_E_0010264,-5.7553193872
CtrSVDD_0041_E_0010265,-3.5654550314
CtrSVDD_0042_E_0010266,-1.7390199717
CtrSVDD_0043_E_0010267,-5.3622943551
CtrSVDD_0044_E_0010268,-3.3653499402
CtrSVDD_0045_E_0010269,-1.5052708191
CtrSVDD_0046_E_0010270,-1.2049137313
CtrSVDD_0047_E_0010271,-5.6915802970
CtrSVDD_0000_E_0010272,-6.2902090428
CtrSVDD_0001_E_0010273,-3.9309823157
CtrSVDD_0002_E_0010274,-5.2078510276
CtrSVDD_0003_E_0010275,-5.2884719733
CtrSVDD_0004_E_0010276,-1.8036104934
CtrSVDD_0005_E_0010277,-3.5221717311
CtrSVDD_0006_E_0010278,-0.8164508146
CtrSVDD_0007_E_0010279,-4.8182566837
CtrSVDD_0008_E_0010280,-5.0727975495
CtrSVDD_0009_E_0010281,-6.5183014624
CtrSVDD_0010_E_0010282,-2.3751608790
CtrSVDD_0011_E_0010283,-3.6377714352
CtrSVDD_0012_E_0010284,-5.3909792855
CtrSVDD_0013_E_0010285,-6.5431455931
CtrSVDD_0014_E_0010286,-4.7836537224
CtrSVDD_0015_E_0010287,-5.4068089812
CtrSVDD_0016_E_0010288,-0.1707792806
CtrSVDD_0017_E_0010289,-3.3351604211
CtrSVDD_0018_E_0010290,-2.9619086358
CtrSVDD_0019_E_0010291,-1.6991078197
CtrSVDD_0020_E_0010292,-5.5810739235
CtrSVDD_0021_E_0010293,-3.8759182072
CtrSVDD_0022_E_0010294,-3.9941810281
CtrSVDD_0023_E_0010295,-6.8678753906
CtrSVDD_0024_E_0010296,1.2107154884
CtrSVDD_0025_E_0010297,-2.5463310073
CtrSVDD_0026_E_0010298,-3.5162008594
CtrSVDD_0027_E_0010299,-4.1604650713
CtrSVDD_0028_E_0010300,-5.0378056564
CtrSVDD_0029_E_0010301,-3.3483596876
CtrSVDD_0030_E_0010302,-4.9965349576
CtrSVDD_0031_E_0010303,-5.0194205445
CtrSVDD_0032_E_0010304,-4.2617774774
CtrSVDD_0033_E_0010305,-4.5625904915
CtrSVDD_0034_E_0010306,-2.6776561450
CtrSVDD_0035_E_0010307,-1.6981985671
CtrSVDD_0036_E_0010308,0.6457902880
CtrSVDD_0037_E_0010309,-1.3813105331
CtrSVDD_0038_E_0010310,-3.8047193988
CtrSVDD_0039_E_0010311,-1.2164917983
CtrSVDD_0040_E_0010312,-0.5358302223
CtrSVDD_0041_E_0010313,-2.4744436938
CtrSVDD_0042_E_0010314,0.8881836646
CtrSVDD_0043_E_0010315,-3.9883855032
CtrSVDD_0044_E_0010316,-3.3293488330
CtrSVDD_0045_E_0010317,-3.9004964733
CtrSVDD_0046_E_0010318,-1.7542444750
CtrSVDD_0047_E_0010319,-2.9623621931
CtrSVDD_0000_E_0010320,-3.7968301909
CtrSVDD_0001_E_0010321,1.4470623406
CtrSVDD_0002_E_0010322,-4.9518479931
CtrSVDD_0003_E_0010323,-0.7464465805
CtrSVDD_0004_E_0010324,-0.9812876872
CtrSVDD_0005_E_0010325,-4.0228793072
CtrSVDD_0006_E_0010326,-0.8138400168
CtrSVDD_0007_E_0010327,0.8580985090
CtrSVDD_0008_E_0010328,1.6861499706
CtrSVDD_0009_E_0010329,-3.1597212066
CtrSVDD_0010_E_0010330,-5.8597488721
CtrSVDD_0011_E_0010331,-1.1094270576
CtrSVDD_0012_E_0010332,-5.0678432388
CtrSVDD_0013_E_0010333,-4.4097851934
CtrSVDD_0014_E_0010334,-0.4304715213
CtrSVDD_0015_E_0010335,-3.9479387029
CtrSVDD_0016_E_0010336,-1.4114453777
CtrSVDD_0017_E_0010337,-4.6397906127
CtrSVDD_0018_E_0010338,-5.8073708130
CtrSVDD_0019_E_0010339,-2.2993283287
CtrSVDD_0020_E_0010340,-0.4432462999
CtrSVDD_0021_E_0010341,-3.7913501598
CtrSVDD_0022_E_0010342,-2.7974497731
CtrSVDD_0023_E_0010343,-4.8262610228
CtrSVDD_0024_E_0010344,0.4121280969
CtrSVDD_0025_E_0010345,-0.1495262561
CtrSVDD_0026_E_0010346,-1.1892453877
CtrSVDD_0027_E_0010347,-3.2023421496
CtrSVDD_0028_E_0010348,-0.8986077914
CtrSVDD_0029_E_0010349,-3.7182377259
CtrSVDD_0030_E_0010350,0.9154926949
CtrSVDD_0031_E_0010351,0.1208513768
CtrSVDD_0032_E_0010352,-4.4086236314
CtrSVDD_0033_E_0010353,-4.4240689564
CtrSVDD_0034_E_0010354,-1.7918792084
CtrSVDD_0035_E_0010355,-0.6495873053
CtrSVDD_0036_E_0010356,-0.4136513455
CtrSVDD_0037_E_0010357,-0.7927282182
CtrSVDD_0038_E_0010358,-4.2996673556
CtrSVDD_0039_E_0010359,-1.2433804294
CtrSVDD_0040_E_0010360,1.9439844904
CtrSVDD_0041_E_0010361,-2.8069429382
CtrSVDD_0042_E_0010362,-0.6041814069
CtrSVDD_0043_E_0010363,-7.1681406741
CtrSVDD_0044_E_0010364,-0.9605867830
CtrSVDD_0045_E_0010365,0.6894924976
CtrSVDD_0046_E_0010366,1.0419539366
CtrSVDD_0047_E_0010367,-3.7252092912
CtrSVDD_0000_E_0010368,-0.6247296143
CtrSVDD_0001_E_0010369,-1.0898804604
CtrSVDD_0002_E_0010370,-4.0471805263
CtrSVDD_0003_E_0010371,-4.9421746805
CtrSVDD_0004_E_0010372,-4.3444839299
CtrSVDD_0005_E_0010373,-5.4900559676
CtrSVDD_0006_E_0010374,-2.3154055924
CtrSVDD_0007_E_0010375,-4.2654865986
CtrSVDD_0008_E_0010376,-1.4174047673
CtrSVDD_0009_E_0010377,-5.3331902277
CtrSVDD_0010_E_0010378,-1.8795753720
CtrSVDD_0011_E_0010379,2.1665662910
CtrSVDD_0012_E_0010380,-5.7015895142
CtrSVDD_0013_E_0010381,-1.2084754450
CtrSVDD_0014_E_0010382,-5.1558416535
CtrSVDD_0015_E_0010383,-5.3739780573
CtrSVDD_0016_E_0010384,-6.1110351708
CtrSVDD_0017_E_0010385,-5.0654355324
CtrSVDD_0018_E_0010386,-4.5339962705
CtrSVDD_0019_E_0010387,-3.9431490536
CtrSVDD_0020_E_0010388,-2.4194969778
CtrSVDD_0021_E_0010389,0.2988336633
CtrSVDD_0022_E_0010390,-3.9387793076
CtrSVDD_0023_E_0010391,-1.9937797728
CtrSVDD_0024_E_0010392,-3.0599602053
CtrSVDD_0025_E_0010393,-3.0366006108
CtrSVDD_0026_E_0010394,-3.5309472198
CtrSVDD_0027_E_0010395,-3.2208635282
CtrSVDD_0028_E_0010396,-3.1089283635
CtrSVDD_0029_E_0010397,-0.4452532483
CtrSVDD_0030_E_0010398,-4.4038556084
CtrSVDD_0031_E_0010399,-3.9372548413
CtrSVDD_0032_E_0010400,-5.4294697494
CtrSVDD_0033_E_0010401,0.0482535308
CtrSVDD_0034_E_0010402,-4.3657365417
CtrSVDD_0035_E_0010403,-0.5274268893
CtrSVDD_0036_E_0010404,-4.9799180112
CtrSVDD_0037_E_0010405,-3.7815269610
CtrSVDD_0038_E_0010406,-2.1447425024
CtrSVDD_0039_E_0010407,-3.7837189140
CtrSVDD_0040_E_0010408,-2.7372602845
CtrSVDD_0041_E_0010409,-2.9529569926
CtrSVDD_0042_E_0010410,-0.6049670462
CtrSVDD_0043_E_0010411,-3.2081277411
CtrSVDD_0044_E_0010412,0.3710873993
CtrSVDD_0045_E_0010413,-5.8802999660
CtrSVDD_0046_E_0010414,-0.5596262868
CtrSVDD_0047_E_0010415,-5.6804239801
CtrSVDD_0000_E_0010416,-3.5047355305
CtrSVDD_0001_E_0010417,-3.9937100876
CtrSVDD_0002_E_0010418,-5.0926392387
CtrSVDD_0003_E_0010419,-3.3696658080
CtrSVDD_0004_E_0010420,-0.8554553602
CtrSVDD_0005_E_0010421,-2.3175167921
CtrSVDD_0006_E_0010422,-0.0743240538
CtrSVDD_0007_E_0010423,0.3094522773
CtrSVDD_0008_E_0010424,-3.2319583893
CtrSVDD_0009_E_0010425,-4.1782267458
CtrSVDD_0010_E_0010426,0.4551580530
CtrSVDD_0011_E_0010427,-3.3232125194
CtrSVDD_0012_E_0010428,-3.3545125595
CtrSVDD_0013_E_0010429,-3.5133221282
CtrSVDD_0014_E_0010430,-3.7502698235
CtrSVDD_0015_E_0010431,-2.2983916143
CtrSVDD_0016_E_0010432,-2.2228238742
CtrSVDD_0017_E_0010433,-2.8287836393
CtrSVDD_0018_E_0010434,-4.1324035179
CtrSVDD_0019_E_0010435,-6.1232012276
CtrSVDD_0020_E_0010436,-5.4973638154
CtrSVDD_0021_E_0010437,-3.7901959112
CtrSVDD_0022_E_0010438,-3.6179224244
CtrSVDD_0023_E_0010439,-2.8164657574
CtrSVDD_0024_E_0010440,-1.0846964015
CtrSVDD_0025_E_0010441,0.8794661150
CtrSVDD_0026_E_0010442,-2.2377823511
CtrSVDD_0027_E_0010443,-4.1234233302
CtrSVDD_0028_E_0010444,-5.1775553701
CtrSVDD_0029_E_0010445,-5.3418306887
CtrSVDD_0030_E_0010446,-4.1919102261
CtrSVDD_0031_E_0010447,-5.2525638279
CtrSVDD_0032_E_0010448,-5.9425111649
CtrSVDD_0033_E_0010449,-0.4884676583
CtrSVDD_0034_E_0010450,-1.9098733137
CtrSVDD_0035_E_0010451,-0.6003450504
CtrSVDD_0036_E_0010452,-2.2068297897
CtrSVDD_0037_E_0010453,-4.6340921639
CtrSVDD_0038_E_0010454,0.0216829145
CtrSVDD_0039_E_0010455,-5.1109811272
CtrSVDD_0040_E_0010456,-2.6526577376
CtrSVDD_0041_E_0010457,-3.8258537838
CtrSVDD_0042_E_0010458,0.4660453558
CtrSVDD_0043_E_0010459,-5.8225419508
CtrSVDD_0044_E_0010460,-2.0533992517
CtrSVDD_0045_E_0010461,-5.6428863012
CtrSVDD_0046_E_0010462,-4.7266206104
CtrSVDD_0047_E_0010463,1.3948847544
CtrSVDD_0000_E_0010464,-4.8594697375
CtrSVDD_0001_E_0010465,-5.9586336035
CtrSVDD_0002_E_0010466,-6.0519145260
CtrSVDD_0003_E_0010467,-0.3734117644
CtrSVDD_0004_E_0010468,-0.4106058040
CtrSVDD_0005_E_0010469,-5.7794914944
CtrSVDD_0006_E_0010470,-5.1602844964
CtrSVDD_0007_E_0010471,-6.8318334089
CtrSVDD_0008_E_0010472,-5.0136895444
CtrSVDD_0009_E_0010473,-7.1598584764
CtrSVDD_0010_E_0010474,-1.6382764811
CtrSVDD_0011_E_0010475,-6.0750914955
CtrSVDD_0012_E_0010476,-3.1133540163
CtrSVDD_0013_E_0010477,-3.4089542606
CtrSVDD_0014_E_0010478,-3.7237366379
CtrSVDD_0015_E_0010479,-0.5120749244
CtrSVDD_0016_E_0010480,-4.9996618214
CtrSVDD_0017_E_0010481,-1.8362284881
CtrSVDD_0018_E_0010482,-2.4716686886
CtrSVDD_0019_E_0010483,-5.2966850615
CtrSVDD_0020_E_0010484,1.3478708836
CtrSVDD_0021_E_0010485,-5.3340166921
CtrSVDD_0022_E_0010486,-4.0303655184
CtrSVDD_0023_E_0010487,-6.2522705576
CtrSVDD_0024_E_0010488,0.9500715601
CtrSVDD_0025_E_0010489,-0.7585170050
CtrSVDD_0026_E_0010490,-1.4713603323
CtrSVDD_0027_E_0010491,0.4518162970
CtrSVDD_0028_E_0010492,-1.0673849714
CtrSVDD_0029_E_0010493,-3.5680393021
CtrSVDD_0030_E_0010494,-4.5021819737
CtrSVDD_0031_E_0010495,-2.8977610460
CtrSVDD_0032_E_0010496,-2.0872381568
CtrSVDD_0033_E_0010497,-4.4692775750
CtrSVDD_0034_E_0010498,-3.1958645136
CtrSVDD_0035_E_0010499,0.5085764963
CtrSVDD_0036_E_0010500,-5.7968538542
CtrSVDD_0037_E_0010501,-7.7169682926
CtrSVDD_0038_E_0010502,-4.6756044420
CtrSVDD_0039_E_0010503,-3.3541647742
CtrSVDD_0040_E_0010504,-4.0002838083
CtrSVDD_0041_E_0010505,-1.9805729118
CtrSVDD_0042_E_0010506,-5.8908135516
CtrSVDD_0043_E_0010507,-1.4821303097
CtrSVDD_0044_E_0010508,-5.6846648460
CtrSVDD_0045_E_0010509,-2.3319252484
CtrSVDD_0046_E_0010510,-3.9205239052
CtrSVDD_0047_E_0010511,-3.8113476229
CtrSVDD_0000_E_0010512,-4.9191822160
CtrSVDD_0001_E_0010513,-5.1696923576
CtrSVDD_0002_E_0010514,-2.9883582236
CtrSVDD_0003_E_0010515,-5.1431124989
CtrSVDD_0004_E_0010516,-5.8523729444
CtrSVDD_0005_E_0010517,-1.0706046537
CtrSVDD_0006_E_0010518,-2.0527380550
CtrSVDD_0007_E_0010519,-3.2669870465
CtrSVDD_0008_E_0010520,-3.7254773824
CtrSVDD_0009_E_0010521,0.2523361478
CtrSVDD_0010_E_0010522,-6.2189293337
CtrSVDD_0011_E_0010523,0.8527282741
CtrSVDD_0012_E_0010524,2.5225135470
CtrSVDD_0013_E_0010525,-5.0022469279
CtrSVDD_0014_E_0010526,-5.5269395740
CtrSVDD_0015_E_0010527,-3.8084424223
CtrSVDD_0016_E_0010528,-4.1429780339
CtrSVDD_0017_E_0010529,0.6753680420
CtrSVDD_0018_E_0010530,-1.0997634830
CtrSVDD_0019_E_0010531,-3.9235607903
CtrSVDD_0020_E_0010532,-3.6340799910
CtrSVDD_0021_E_0010533,-4.0315823670
CtrSVDD_0022_E_0010534,-1.6204286884
CtrSVDD_0023_E_0010535,-5.1446696493
CtrSVDD_0024_E_0010536,-3.3278137805
CtrSVDD_0025_E_0010537,-4.1949527603
CtrSVDD_0026_E_0010538,-3.2671891770
CtrSVDD_0027_E_0010539,-4.2542398645
CtrSVDD_0028_E_0010540,-4.6295667941
CtrSVDD_0029_E_0010541,-3.6613131575
CtrSVDD_0030_E_0010542,-3.4418387202
CtrSVDD_0031_E_0010543,0.8295238696
CtrSVDD_0032_E_0010544,-3.9570722721
CtrSVDD_0033_E_0010545,-1.4770559984
CtrSVDD_0034_E_0010546,-3.7641407219
CtrSVDD_0035_E_0010547,-5.0493338377
CtrSVDD_0036_E_0010548,-1.7952797752
CtrSVDD_0037_E_0010549,-4.7484033246
CtrSVDD_0038_E_0010550,-2.8734744151
CtrSVDD_0039_E_0010551,-4.3941300134
CtrSVDD_0040_E_0010552,-3.3683225004
CtrSVDD_0041_E_0010553,-4.7175351095
CtrSVDD_0042_E_0010554,0.5820161919
CtrSVDD_0043_E_0010555,0.8314986965
CtrSVDD_0044_E_0010556,-3.5260745486
CtrSVDD_0045_E_0010557,-4.8615781900
CtrSVDD_0046_E_0010558,-0.1636868392
CtrSVDD_0047_E_0010559,-0.3670901988
CtrSVDD_0000_E_0010560,-3.7576509021
CtrSVDD_0001_E_0010561,-3.7339078178
CtrSVDD_0002_E_0010562,-0.8301483071
CtrSVDD_0003_E_0010563,-5.1681222995
CtrSVDD_0004_E_0010564,-4.4326981518
CtrSVDD_0005_E_0010565,-5.6398057226
CtrSVDD_0006_E_0010566,0.2924055437
CtrSVDD_0007_E_0010567,0.7887715581
CtrSVDD_0008_E_0010568,-2.8274059113
CtrSVDD_0009_E_0010569,-5.6191032593
CtrSVDD_0010_E_0010570,-2.0068023521
CtrSVDD_0011_E_0010571,-6.0240410938
CtrSVDD_0012_E_0010572,-2.4431393343
CtrSVDD_0013_E_0010573,-4.4435052791
CtrSVDD_0014_E_0010574,-4.6408752003
CtrSVDD_0015_E_0010575,-2.2140198081
CtrSVDD_0016_E_0010576,-4.7389314506
CtrSVDD_0017_E_0010577,-0.1414404467
CtrSVDD_0018_E_0010578,-0.7550736251
CtrSVDD_0019_E_0010579,-3.9864196693
CtrSVDD_0020_E_0010580,0.5595094916
CtrSVDD_0021_E_0010581,0.3496006344
CtrSVDD_0022_E_0010582,-4.6690788996
CtrSVDD_0023_E_0010583,-0.6526981539
CtrSVDD_0024_E_0010584,-2.4871082410
CtrSVDD_0025_E_0010585,-3.3130905704
CtrSVDD_0026_E_0010586,-3.8147775438
CtrSVDD_0027_E_0010587,-3.1216302074
CtrSVDD_0028_E_0010588,-4.1813953492
CtrSVDD_0029_E_0010589,-5.3493922750
CtrSVDD_0030_E_0010590,-2.6389132520
CtrSVDD_0031_E_0010591,1.1844854064
CtrSVDD_0032_E_0010592,-3.6466201978
CtrSVDD_0033_E_0010593,0.4350798563
CtrSVDD_0034_E_0010594,-5.2686252799
CtrSVDD_0035_E_0010595,-5.4647311680
CtrSVDD_0036_E_0010596,-5.2591436284
CtrSVDD_0037_E_0010597,-4.6927072586
CtrSVDD_0038_E_0010598,-2.5160999953
CtrSVDD_0039_E_0010599,-5.6827127516
CtrSVDD_0040_E_0010600,1.3611489816
CtrSVDD_0041_E_0010601,-1.7812299683
CtrSVDD_0042_E_0010602,1.2837805526
CtrSVDD_0043_E_0010603,-0.3692004576
CtrSVDD_0044_E_0010604,-3.4665660775
CtrSVDD_0045_E_0010605,1.0733122116
CtrSVDD_0046_E_0010606,-3.8842457413
CtrSVDD_0047_E_0010607,-5.7252445385
CtrSVDD_0000_E_0010608,-3.0150829494
CtrSVDD_0001_E_0010609,-0.1156573525
CtrSVDD_0002_E_0010610,-5.2607167582
CtrSVDD_0003_E_0010611,-1.0116207156
CtrSVDD_0004_E_0010612,-6.2560641421
CtrSVDD_0005_E_0010613,-5.0504883150
CtrSVDD_0006_E_0010614,0.9326427283
CtrSVDD_0007_E_0010615,0.9283296332
CtrSVDD_0008_E_0010616,0.4895646950
CtrSVDD_0009_E_0010617,-3.6208605153
CtrSVDD_0010_E_0010618,0.1058055829
CtrSVDD_0011_E_0010619,-0.4651864857
CtrSVDD_0012_E_0010620,-6.0849689562
CtrSVDD_0013_E_0010621,-4.6141374107
CtrSVDD_0014_E_0010622,-5.6153582117
CtrSVDD_0015_E_0010623,-1.1489950162
CtrSVDD_0016_E_0010624,-5.4701818933
CtrSVDD_0017_E_0010625,-3.9320711553
CtrSVDD_0018_E_0010626,-5.0876023436
CtrSVDD_0019_E_0010627,-0.1921097344
CtrSVDD_0020_E_0010628,-5.4619630520
CtrSVDD_0021_E_0010629,-1.0712874999
CtrSVDD_0022_E_0010630,-4.1730703113
CtrSVDD_0023_E_0010631,-6.0153500417
CtrSVDD_0024_E_0010632,-3.6855916348
CtrSVDD_0025_E_0010633,-5.0814174224
CtrSVDD_0026_E_0010634,-5.4094603930
CtrSVDD_0027_E_0010635,-4.2704361794
CtrSVDD_0028_E_0010636,-0.8696593245
CtrSVDD_0029_E_0010637,-3.7663793831
CtrSVDD_0030_E_0010638,-5.7443131676
CtrSVDD_0031_E_0010639,-3.0191067198
CtrSVDD_0032_E_0010640,-2.2320622178
CtrSVDD_0033_E_0010641,-1.6259458036
CtrSVDD_0034_E_0010642,-3.1550714789
CtrSVDD_0035_E_0010643,-3.8692126416
CtrSVDD_0036_E_0010644,-0.7169071285
CtrSVDD_0037_E_0010645,-3.8529577464
CtrSVDD_0038_E_0010646,-0.9507929749
CtrSVDD_0039_E_0010647,-6.4439078920
CtrSVDD_0040_E_0010648,-0.5406807072
CtrSVDD_0041_E_0010649,-6.2213762423
CtrSVDD_0042_E_0010650,-4.0020917751
CtrSVDD_0043_E_0010651,-1.2052696182
CtrSVDD_0044_E_0010652,-3.3182398604
CtrSVDD_0045_E_0010653,-2.1743090188
CtrSVDD_0046_E_0010654,-3.2972447701
CtrSVDD_0047_E_0010655,-5.4497298878
CtrSVDD_0000_E_0010656,-2.6283932971
CtrSVDD_0001_E_0010657,0.1778803231
CtrSVDD_0002_E_0010658,0.0913669490
CtrSVDD_0003_E_0010659,-2.2824639495
CtrSVDD_0004_E_0010660,-6.2223192266
CtrSVDD_0005_E_0010661,-3.2979926782
CtrSVDD_0006_E_0010662,-2.6171685773
CtrSVDD_0007_E_0010663,-3.9371383536
CtrSVDD_0008_E_0010664,-5.0327867724
CtrSVDD_0009_E_0010665,-2.6871670289
CtrSVDD_0010_E_0010666,0.0580823470
CtrSVDD_0011_E_0010667,-3.4013081447
CtrSVDD_0012_E_0010668,-6.3072374806
CtrSVDD_0013_E_0010669,-3.7739341039
CtrSVDD_0014_E_0010670,-1.1118956117
CtrSVDD_0015_E_0010671,2.3802881009
CtrSVDD_0016_E_0010672,0.5181513452
CtrSVDD_0017_E_0010673,-0.9163681527
CtrSVDD_0018_E_0010674,-2.8346585024
CtrSVDD_0019_E_0010675,-5.4375363497
CtrSVDD_0020_E_0010676,-4.8292015535
CtrSVDD_0021_E_0010677,-2.4700229158
CtrSVDD_0022_E_0010678,-4.2424080672
CtrSVDD_0023_E_0010679,-5.4605958608
CtrSVDD_0024_E_0010680,-2.0149613336
CtrSVDD_0025_E_0010681,-5.6169218462
CtrSVDD_0026_E_0010682,-5.7421240365
CtrSVDD_0027_E_0010683,-4.1816566829
CtrSVDD_0028_E_0010684,-2.1610436950
CtrSVDD_0029_E_0010685,0.4478993322
CtrSVDD_0030_E_0010686,-6.0511871766
CtrSVDD_0031_E_0010687,-3.0500513415
CtrSVDD_0032_E_0010688,-4.4673055479
CtrSVDD_0033_E_0010689,-3.9046609062
CtrSVDD_0034_E_0010690,1.9484439573
CtrSVDD_0035_E_0010691,-1.1934303035
CtrSVDD_0036_E_0010692,-5.8401956626
CtrSVDD_0037_E_0010693,-2.0333774913
CtrSVDD_0038_E_0010694,-5.7355668450
CtrSVDD_0039_E_0010695,-0.6958506566
CtrSVDD_0040_E_0010696,0.5479428871
CtrSVDD_0041_E_0010697,-1.6347471020
CtrSVDD_0042_E_0010698,-2.8288957289
CtrSVDD_0043_E_0010699,-3.7100751679
CtrSVDD_0044_E_0010700,-7.2711868156
CtrSVDD_0045_E_0010701,-2.8482729243
CtrSVDD_0046_E_0010702,-0.7679408591
CtrSVDD_0047_E_0010703,-1.6136008415
CtrSVDD_0000_E_0010704,-2.9736666385
CtrSVDD_0001_E_0010705,-6.4927758357
CtrSVDD_0002_E_0010706,-4.9325278266
CtrSVDD_0003_E_0010707,-3.5221962527
CtrSVDD_0004_E_0010708,-5.3200209507
CtrSVDD_0005_E_0010709,-6.1605470263
CtrSVDD_0006_E_0010710,-3.0466794381
CtrSVDD_0007_E_0010711,-4.4112689136
CtrSVDD_0008_E_0010712,-2.0657900387
CtrSVDD_0009_E_0010713,-6.7136378618
CtrSVDD_0010_E_0010714,-1.2573242362
CtrSVDD_0011_E_0010715,-7.3636162002
CtrSVDD_0012_E_0010716,-4.5454162345
CtrSVDD_0013_E_0010717,-1.1732267013
CtrSVDD_0014_E_0010718,-0.3653585875
CtrSVDD_0015_E_0010719,-4.5619256608
CtrSVDD_0016_E_0010720,-2.3931844438
CtrSVDD_0017_E_0010721,-4.3484497597
CtrSVDD_0018_E_0010722,-3.7778258813
CtrSVDD_0019_E_0010723,-1.3503700232
CtrSVDD_0020_E_0010724,-3.4866430149
CtrSVDD_0021_E_0010725,-5.1333352037
CtrSVDD_0022_E_0010726,-2.9709484196
CtrSVDD_0023_E_0010727,-4.8285436078
CtrSVDD_0024_E_0010728,0.1311617906
CtrSVDD_0025_E_0010729,-6.1904208212
CtrSVDD_0026_E_0010730,-1.5617277202
CtrSVDD_0027_E_0010731,-1.8315430307
CtrSVDD_0028_E_0010732,0.0895005952
CtrSVDD_0029_E_0010733,1.0638682391
CtrSVDD_0030_E_0010734,-5.1447034596
CtrSVDD_0031_E_0010735,-1.6032516403
CtrSVDD_0032_E_0010736,-3.9548341861
CtrSVDD_0033_E_0010737,1.9072793488
CtrSVDD_0034_E_0010738,-5.4991959451
CtrSVDD_0035_E_0010739,-5.7881309080
CtrSVDD_0036_E_0010740,-0.4045260948
CtrSVDD_0037_E_0010741,-6.0026427562
CtrSVDD_0038_E_0010742,-2.9516157194
CtrSVDD_0039_E_0010743,-4.7689891346
CtrSVDD_0040_E_0010744,-2.0055663581
CtrSVDD_0041_E_0010745,-5.0771292757
CtrSVDD_0042_E_0010746,-2.0784884152
CtrSVDD_0043_E_0010747,-3.9999535327
CtrSVDD_0044_E_0010748,-3.3267591929
CtrSVDD_0045_E_0010749,-4.4851555476
CtrSVDD_0046_E_0010750,0.2726058039
CtrSVDD_0047_E_0010751,-4.1016057498
CtrSVDD_0000_E_0010752,-7.3619480671
CtrSVDD_0001_E_0010753,-0.6549729075
CtrSVDD_0002_E_0010754,-2.1795390454
CtrSVDD_0003_E_0010755,-1.2343409229
CtrSVDD_0004_E_0010756,-3.5400880854
CtrSVDD_0005_E_0010757,-0.7792611537
CtrSVDD_0006_E_0010758,-1.4289477184
CtrSVDD_0007_E_0010759,-5.5225073878
CtrSVDD_0008_E_0010760,0.1835676051
CtrSVDD_0009_E_0010761,-4.7913665067
CtrSVDD_0010_E_0010762,-4.0037892524
CtrSVDD_0011_E_0010763,-7.0406240895
CtrSVDD_0012_E_0010764,-0.8717233739
CtrSVDD_0013_E_0010765,-4.7109827353
CtrSVDD_0014_E_0010766,-3.9670430135
CtrSVDD_0015_E_0010767,-4.9646537503
CtrSVDD_0016_E_0010768,-3.2232756005
CtrSVDD_0017_E_0010769,-0.0328774424
CtrSVDD_0018_E_0010770,-5.6475204933
CtrSVDD_0019_E_0010771,-4.9764025836
CtrSVDD_0020_E_0010772,0.1330190778
CtrSVDD_0021_E_0010773,-4.9132580175
CtrSVDD_0022_E_0010774,-4.7821850773
CtrSVDD_0023_E_0010775,-3.5016413010
CtrSVDD_0024_E_0010776,-0.3954344060
CtrSVDD_0025_E_0010777,-4.2355504526
CtrSVDD_0026_E_0010778,-3.2142946144
CtrSVDD_0027_E_0010779,-3.8947425881
CtrSVDD_0028_E_0010780,-5.5289059868
CtrSVDD_0029_E_0010781,-0.3220326287
CtrSVDD_0030_E_0010782,-3.7325997291
CtrSVDD_0031_E_0010783,-0.3087460368
CtrSVDD_0032_E_0010784,-2.3883896977
CtrSVDD_0033_E_0010785,-4.3432674230
CtrSVDD_0034_E_0010786,-6.0278960928
CtrSVDD_0035_E_0010787,-4.6103020003
CtrSVDD_0036_E_0010788,-4.5107133456
CtrSVDD_0037_E_0010789,-4.8800571808
CtrSVDD_0038_E_0010790,-5.1018321593
CtrSVDD_0039_E_0010791,-3.8852215457
CtrSVDD_0040_E_0010792,-0.2595271848
CtrSVDD_0041_E_0010793,-5.4161057080
CtrSVDD_0042_E_0010794,-2.0978248386
CtrSVDD_0043_E_0010795,-5.9802559542
CtrSVDD_0044_E_0010796,-5.0131854734
CtrSVDD_0045_E_0010797,-3.4229846358
CtrSVDD_0046_E_0010798,-3.4094707028
CtrSVDD_0047_E_0010799,-3.3599494514
CtrSVDD_0000_E_0010800,-4.1002892609
CtrSVDD_0001_E_0010801,-5.4755374457
CtrSVDD_0002_E_0010802,-5.4397799345
CtrSVDD_0003_E_0010803,-1.4430885239
CtrSVDD_0004_E_0010804,-5.2015092998
CtrSVDD_0005_E_0010805,-1.2550188004
CtrSVDD_0006_E_0010806,-3.8135488425
CtrSVDD_0007_E_0010807,-4.2731023344
CtrSVDD_0008_E_0010808,-5.4855432193
CtrSVDD_0009_E_0010809,-2.5421872309
CtrSVDD_0010_E_0010810,-2.7418122876
CtrSVDD_0011_E_0010811,-1.8063061245
CtrSVDD_0012_E_0010812,-6.0528658641
CtrSVDD_0013_E_0010813,0.2791290105
CtrSVDD_0014_E_0010814,-3.7206446571
CtrSVDD_0015_E_0010815,0.8986077914
CtrSVDD_0016_E_0010816,-3.1422283318
CtrSVDD_0017_E_0010817,-2.3849122919
CtrSVDD_0018_E_0010818,-6.1733928519
CtrSVDD_0019_E_0010819,-3.3361324868
CtrSVDD_0020_E_0010820,-3.9782859267
CtrSVDD_0021_E_0010821,-4.6312084842
CtrSVDD_0022_E_0010822,-3.8217114006
CtrSVDD_0023_E_0010823,-1.0222554292
CtrSVDD_0024_E_0010824,-4.9155005326
CtrSVDD_0025_E_0010825,-0.7964315437
CtrSVDD_0026_E_0010826,0.0230820531
CtrSVDD_0027_E_0010827,-4.2361143295
CtrSVDD_0028_E_0010828,-4.0171007821
CtrSVDD_0029_E_0010829,1.9257990969
CtrSVDD_0030_E_0010830,-4.0821807473
CtrSVDD_0031_E_0010831,-5.0161957621
CtrSVDD_0032_E_0010832,-1.6826628745
CtrSVDD_0033_E_0010833,-6.6860612386
CtrSVDD_0034_E_0010834,-6.8502955950
CtrSVDD_0035_E_0010835,-2.9511471689
CtrSVDD_0036_E_0010836,-3.8917797730
CtrSVDD_0037_E_0010837,-4.9259401393
CtrSVDD_0038_E_0010838,-0.7925957377
CtrSVDD_0039_E_0010839,-2.7374748880
CtrSVDD_0040_E_0010840,0.7754766874
CtrSVDD_0041_E_0010841,-6.0506160242
CtrSVDD_0042_E_0010842,-4.8867029733
CtrSVDD_0043_E_0010843,-2.8607884917
CtrSVDD_0044_E_0010844,-3.3775558083
CtrSVDD_0045_E_0010845,0.8041385478
CtrSVDD_0046_E_0010846,-2.1815194927
CtrSVDD_0047_E_0010847,-4.2490499943
CtrSVDD_0000_E_0010848,-3.8447593200
CtrSVDD_0001_E_0010849,0.9613044018
CtrSVDD_0002_E_0010850,1.8484782934
CtrSVDD_0003_E_0010851,1.4940631617
CtrSVDD_0004_E_0010852,-4.7903476354
CtrSVDD_0005_E_0010853,-3.3944288279
CtrSVDD_0006_E_0010854,-4.2733212107
CtrSVDD_0007_E_0010855,1.1544251897
CtrSVDD_0008_E_0010856,-5.6825651612
CtrSVDD_0009_E_0010857,-3.9057624948
CtrSVDD_0010_E_0010858,-4.1464889854
CtrSVDD_0011_E_0010859,0.3821620437
CtrSVDD_0012_E_0010860,-3.5531935179
CtrSVDD_0013_E_0010861,-4.3512248819
CtrSVDD_0014_E_0010862,0.0302076202
CtrSVDD_0015_E_0010863,-2.5505855942
CtrSVDD_0016_E_0010864,-4.6482311635
CtrSVDD_0017_E_0010865,-1.2998908171
CtrSVDD_0018_E_0010866,-1.5344289758
CtrSVDD_0019_E_0010867,-3.6554019091
CtrSVDD_0020_E_0010868,-0.6279126665
CtrSVDD_0021_E_0010869,-3.7532216373
CtrSVDD_0022_E_0010870,-5.0183396031
CtrSVDD_0023_E_0010871,-0.0770061691
CtrSVDD_0024_E_0010872,-6.1121992170
CtrSVDD_0025_E_0010873,-2.7705037713
CtrSVDD_0026_E_0010874,-3.8161879199
CtrSVDD_0027_E_0010875,-3.8113993457
CtrSVDD_0028_E_0010876,-0.1382194746
CtrSVDD_0029_E_0010877,-5.2219651112
CtrSVDD_0030_E_0010878,-4.0739320270
CtrSVDD_0031_E_0010879,-0.5996080995
CtrSVDD_0032_E_0010880,-2.9494256165
CtrSVDD_0033_E_0010881,-4.8623767118
CtrSVDD_0034_E_0010882,-4.9898473938
CtrSVDD_0035_E_0010883,-3.5426290700
CtrSVDD_0036_E_0010884,-4.5835579203
CtrSVDD_0037_E_0010885,0.9677938789
CtrSVDD_0038_E_0010886,-1.6972948552
CtrSVDD_0039_E_0010887,-4.4945713267
CtrSVDD_0040_E_0010888,-1.0065020892
CtrSVDD_0041_E_0010889,-5.2126170335
CtrSVDD_0042_E_0010890,-5.5565489475
CtrSVDD_0043_E_0010891,-2.8556557048
CtrSVDD_0044_E_0010892,-4.1224723784
CtrSVDD_0045_E_0010893,-5.8935900847
CtrSVDD_0046_E_0010894,-2.9724098462
CtrSVDD_0047_E_0010895,-5.6783761731
CtrSVDD_0000_E_0010896,-4.8158516561
CtrSVDD_0001_E_0010897,-1.0925435930
CtrSVDD_0002_E_0010898,-5.0690436716
CtrSVDD_0003_E_0010899,-3.1030301098
CtrSVDD_0004_E_0010900,-3.3278719315
CtrSVDD_0005_E_0010901,-1.3649874110
CtrSVDD_0006_E_0010902,-3.1948840949
CtrSVDD_0007_E_0010903,-3.1344630452
CtrSVDD_0008_E_0010904,-4.7812880394
CtrSVDD_0009_E_0010905,-3.2277716809
CtrSVDD_0010_E_0010906,-0.6657058381
CtrSVDD_0011_E_0010907,-5.5591150113
CtrSVDD_0012_E_0010908,-2.2938319297
CtrSVDD_0013_E_0010909,0.4243412441
CtrSVDD_0014_E_0010910,-4.6770806548
CtrSVDD_0015_E_0010911,0.2063781519
CtrSVDD_0016_E_0010912,-6.2298873138
CtrSVDD_0017_E_0010913,-3.1125473498
CtrSVDD_0018_E_0010914,-4.2455756952
CtrSVDD_0019_E_0010915,-4.3240706175
CtrSVDD_0020_E_0010916,-5.7339614785
CtrSVDD_0021_E_0010917,1.1571530850
CtrSVDD_0022_E_0010918,-3.9269663008
CtrSVDD_0023_E_0010919,-0.7705362036
CtrSVDD_0024_E_0010920,-2.0102783111
CtrSVDD_0025_E_0010921,-5.0934331417
CtrSVDD_0026_E_0010922,-5.9551565027
CtrSVDD_0027_E_0010923,-3.9903199244
CtrSVDD_0028_E_0010924,-5.0701627341
CtrSVDD_0029_E_0010925,-0.4572425528
CtrSVDD_0030_E_0010926,-2.6749829049
CtrSVDD_0031_E_0010927,-2.0576833914
CtrSVDD_0032_E_0010928,-5.5944107189
CtrSVDD_0033_E_0010929,-4.4062405567
CtrSVDD_0034_E_0010930,-1.3311997810
CtrSVDD_0035_E_0010931,-4.0134171990
CtrSVDD_0036_E_0010932,-6.1970311028
CtrSVDD_0037_E_0010933,-5.4377344272
CtrSVDD_0038_E_0010934,-4.1238939588
CtrSVDD_0039_E_0010935,-0.1340525266
CtrSVDD_0040_E_0010936,-0.5483254602
CtrSVDD_0041_E_0010937,-5.3365399504
CtrSVDD_0042_E_0010938,-3.8881988745
CtrSVDD_0043_E_0010939,-4.2845243047
CtrSVDD_0044_E_0010940,-5.2934647699
CtrSVDD_0045_E_0010941,-1.3324762455
CtrSVDD_0046_E_0010942,0.4803781156
CtrSVDD_0047_E_0010943,-5.1156751703
CtrSVDD_0000_E_0010944,-4.1747906695
CtrSVDD_0001_E_0010945,-4.7947526619
CtrSVDD_0002_E_0010946,-4.6683551126
CtrSVDD_0003_E_0010947,-1.1544251897
CtrSVDD_0004_E_0010948,-1.5113836671
CtrSVDD_0005_E_0010949,-4.6306983933
CtrSVDD_0006_E_0010950,-5.2094387639
CtrSVDD_0007_E_0010951,-0.6303588592
CtrSVDD_0008_E_0010952,0.6297458358
CtrSVDD_0009_E_0010953,-3.7946435721
CtrSVDD_0010_E_0010954,-4.2628889318
CtrSVDD_0011_E_0010955,-4.3472327810
CtrSVDD_0012_E_0010956,-6.6869360505
CtrSVDD_0013_E_0010957,-1.1860413215
CtrSVDD_0014_E_0010958,-2.9890502011
CtrSVDD_0015_E_0010959,-3.4617817673
CtrSVDD_0016_E_0010960,-0.8683970366
CtrSVDD_0017_E_0010961,-5.7097520723
CtrSVDD_0018_E_0010962,0.0777108845
CtrSVDD_0019_E_0010963,-5.7799007579
CtrSVDD_0020_E_0010964,1.0158311043
CtrSVDD_0021_E_0010965,-3.8675792519
CtrSVDD_0022_E_0010966,-1.6488956853
CtrSVDD_0023_E_0010967,-5.5962259788
CtrSVDD_0024_E_0010968,-3.5710688809
CtrSVDD_0025_E_0010969,-4.2908421097
CtrSVDD_0026_E_0010970,-1.3878536711
CtrSVDD_0027_E_0010971,0.4738558864
CtrSVDD_0028_E_0010972,-4.0892099981
CtrSVDD_0029_E_0010973,-6.2680388909
CtrSVDD_0030_E_0010974,-2.3674252545
CtrSVDD_0031_E_0010975,-2.9274358161
CtrSVDD_0032_E_0010976,-4.7902466664
CtrSVDD_0033_E_0010977,-2.3620267131
CtrSVDD_0034_E_0010978,-1.3728729196
CtrSVDD_0035_E_0010979,-2.7251082175
CtrSVDD_0036_E_0010980,-3.9107813263
CtrSVDD_0037_E_0010981,-0.2035211983
CtrSVDD_0038_E_0010982,-1.6810457599
CtrSVDD_0039_E_0010983,-4.4299893938
CtrSVDD_0040_E_0010984,-3.3346012904
CtrSVDD_0041_E_0010985,-6.0394494565
CtrSVDD_0042_E_0010986,-1.5787329597
CtrSVDD_0043_E_0010987,-2.2679279532
CtrSVDD_0044_E_0010988,-0.0191728508
CtrSVDD_0045_E_0010989,-5.5996773377
CtrSVDD_0046_E_0010990,-5.6762868310
CtrSVDD_0047_E_0010991,-0.3326515560
CtrSVDD_0000_E_0010992,-4.5783842375
CtrSVDD_0001_E_0010993,-3.4965806085
CtrSVDD_0002_E_0010994,-3.4145830718
CtrSVDD_0003_E_0010995,2.1055201391
CtrSVDD_0004_E_0010996,-2.8571394077
CtrSVDD_0005_E_0010997,-4.7227556663
CtrSVDD_0006_E_0010998,0.4929000159
CtrSVDD_0007_E_0010999,-4.4169671616
CtrSVDD_0008_E_0011000,-3.7796251296
CtrSVDD_0009_E_0011001,-3.8422616391
CtrSVDD_0010_E_0011002,-2.7658398020
CtrSVDD_0011_E_0011003,-1.9921519747
CtrSVDD_0012_E_0011004,-5.3983098357
CtrSVDD_0013_E_0011005,-4.2119680693
CtrSVDD_0014_E_0011006,-0.3208475899
CtrSVDD_0015_E_0011007,-5.8939503716
CtrSVDD_0016_E_0011008,-3.1843448077
CtrSVDD_0017_E_0011009,1.0619105681
CtrSVDD_0018_E_0011010,-3.5812004750
CtrSVDD_0019_E_0011011,-0.0706976479
CtrSVDD_0020_E_0011012,-4.1648156935
CtrSVDD_0021_E_0011013,1.3347095063
CtrSVDD_0022_E_0011014,-1.9875346556
CtrSVDD_0023_E_0011015,-2.1135310867
CtrSVDD_0024_E_0011016,-3.2386754300
CtrSVDD_0025_E_0011017,-0.2317810960
CtrSVDD_0026_E_0011018,-3.8859654819
CtrSVDD_0027_E_0011019,-2.2760218210
CtrSVDD_0028_E_0011020,-4.4280558591
CtrSVDD_0029_E_0011021,-7.2058229133
CtrSVDD_0030_E_0011022,-3.0247144576
CtrSVDD_0031_E_0011023,-0.2618239705
CtrSVDD_0032_E_0011024,-1.1331807667
CtrSVDD_0033_E_0011025,-2.7824393338
CtrSVDD_0034_E_0011026,-0.5024117855
CtrSVDD_0035_E_0011027,-0.1743206691
CtrSVDD_0036_E_0011028,-5.6991474565
CtrSVDD_0037_E_0011029,-7.6325168564
CtrSVDD_0038_E_0011030,-5.0318923519
CtrSVDD_0039_E_0011031,-4.1412094151
CtrSVDD_0040_E_0011032,-6.0619215603
CtrSVDD_0041_E_0011033,-2.7290410859
CtrSVDD_0042_E_0011034,-1.2165582875
CtrSVDD_0043_E_0011035,-3.9427485402
CtrSVDD_0044_E_0011036,-2.7402957116
CtrSVDD_0045_E_0011037,-0.0608098467
CtrSVDD_0046_E_0011038,-1.7202915191
CtrSVDD_0047_E_0011039,-4.4082233270
CtrSVDD_0000_E_0011040,-5.2688793163
CtrSVDD_0001_E_0011041,-3.4449399735
CtrSVDD_0002_E_0011042,-2.2872450245
CtrSVDD_0003_E_0011043,-2.0373291775
CtrSVDD_0004_E_0011044,-4.8361786642
CtrSVDD_0005_E_0011045,-2.2491534838
CtrSVDD_0006_E_0011046,-6.2753582597
CtrSVDD_0007_E_0011047,-0.1878369565
CtrSVDD_0008_E_0011048,-5.4978788915
CtrSVDD_0009_E_0011049,-3.6752055837
CtrSVDD_0010_E_0011050,-4.6925115648
CtrSVDD_0011_E_0011051,-6.7667541035
CtrSVDD_0012_E_0011052,-1.1792936900
CtrSVDD_0013_E_0011053,-1.8207925786
CtrSVDD_0014_E_0011054,-5.0207147402
CtrSVDD_0015_E_0011055,-3.2598895659
CtrSVDD_0016_E_0011056,-3.9767239657
CtrSVDD_0017_E_0011057,-2.6419960738
CtrSVDD_0018_E_0011058,-4.7869543501
CtrSVDD_0019_E_0011059,-3.4854459147
CtrSVDD_0020_E_0011060,-2.9427889963
CtrSVDD_0021_E_0011061,-4.9088176059
CtrSVDD_0022_E_0011062,-3.4831271645
CtrSVDD_0023_E_0011063,0.2078072593
CtrSVDD_0024_E_0011064,0.7726821063
CtrSVDD_0025_E_0011065,0.7945121794
CtrSVDD_0026_E_0011066,-2.9339577391
CtrSVDD_0027_E_0011067,-4.6129974086
CtrSVDD_0028_E_0011068,-3.1840792280
CtrSVDD_0029_E_0011069,-4.6239061705
CtrSVDD_0030_E_0011070,2.2228238742
CtrSVDD_0031_E_0011071,-0.9486994764
CtrSVDD_0032_E_0011072,-1.1278099387
CtrSVDD_0033_E_0011073,-6.2091562505
CtrSVDD_0034_E_0011074,-4.3593874400
CtrSVDD_0035_E_0011075,-3.9008367516
CtrSVDD_0036_E_0011076,-1.1171015851
CtrSVDD_0037_E_0011077,-6.5209960599
CtrSVDD_0038_E_0011078,-6.1759860431
CtrSVDD_0039_E_0011079,-2.2244007533
CtrSVDD_0040_E_0011080,-0.5117628915
CtrSVDD_0041_E_0011081,-4.2439081179
CtrSVDD_0042_E_0011082,-0.6788864349
CtrSVDD_0043_E_0011083,-3.6076373544
CtrSVDD_0044_E_0011084,-5.6123905152
CtrSVDD_0045_E_0011085,-3.1565401867
CtrSVDD_0046_E_0011086,-1.9617447819
CtrSVDD_0047_E_0011087,1.8075939945
CtrSVDD_0000_E_0011088,-3.9745145656
CtrSVDD_0001_E_0011089,0.2442188473
CtrSVDD_0002_E_0011090,-0.4780647520
CtrSVDD_0003_E_0011091,-4.4734788810
CtrSVDD_0004_E_0011092,-4.9510404311
CtrSVDD_0005_E_0011093,-0.0384761641
CtrSVDD_0006_E_0011094,-0.3655816431
CtrSVDD_0007_E_0011095,-0.5204622378
CtrSVDD_0008_E_0011096,-3.3354956360
CtrSVDD_0009_E_0011097,0.6201542326
CtrSVDD_0010_E_0011098,-3.5413954963
CtrSVDD_0011_E_0011099,-1.0134905810
CtrSVDD_0012_E_0011100,-0.4167007285
CtrSVDD_0013_E_0011101,-0.1638787766
CtrSVDD_0014_E_0011102,-5.4923019125
CtrSVDD_0015_E_0011103,-3.7222641329
CtrSVDD_0016_E_0011104,-4.9960320025
CtrSVDD_0017_E_0011105,-3.8460938519
CtrSVDD_0018_E_0011106,-0.1545259619
CtrSVDD_0019_E_0011107,1.3880817499
CtrSVDD_0020_E_0011108,-5.7672301791
CtrSVDD_0021_E_0011109,-3.1532793621
CtrSVDD_0022_E_0011110,-4.1189298589
CtrSVDD_0023_E_0011111,0.4695769233
CtrSVDD_0024_E_0011112,-4.8384209594
CtrSVDD_0025_E_0011113,-2.7747541757
CtrSVDD_0026_E_0011114,-0.8800269827
CtrSVDD_0027_E_0011115,-5.3116816876
CtrSVDD_0028_E_0011116,-5.2348408714
CtrSVDD_0029_E_0011117,0.2221222082
CtrSVDD_0030_E_0011118,-3.6417558481
CtrSVDD_0031_E_0011119,-5.6772542349
CtrSVDD_0032_E_0011120,-2.9219141877
CtrSVDD_0033_E_0011121,-0.9719914955
CtrSVDD_0034_E_0011122,-2.3740570424
CtrSVDD_0035_E_0011123,-7.1516959183
CtrSVDD_0036_E_0011124,-5.3356293129
CtrSVDD_0037_E_0011125,-6.8328257537
CtrSVDD_0038_E_0011126,-2.7482934876
CtrSVDD_0039_E_0011127,0.5309923114
CtrSVDD_0040_E_0011128,-1.5836154758
CtrSVDD_0041_E_0011129,-5.8814913477
CtrSVDD_0042_E_0011130,-1.2952766625
CtrSVDD_0043_E_0011131,-4.3304853956
CtrSVDD_0044_E_0011132,-5.4691827414
CtrSVDD_0045_E_0011133,-2.5757128269
CtrSVDD_0046_E_0011134,-1.2050196249
CtrSVDD_0047_E_0011135,-4.0538642085
CtrSVDD_0000_E_0011136,-2.4390506939
CtrSVDD_0001_E_0011137,-3.5528996542
CtrSVDD_0002_E_0011138,1.0663348048
CtrSVDD_0003_E_0011139,-4.7510469955
CtrSVDD_0004_E_0011140,-4.8148865869
CtrSVDD_0005_E_0011141,-6.1594988754
CtrSVDD_0006_E_0011142,-4.3464532497
CtrSVDD_0007_E_0011143,-4.2630386593
CtrSVDD_0008_E_0011144,-5.4316173764
CtrSVDD_0009_E_0011145,-5.0464067525
CtrSVDD_0010_E_0011146,1.8804728729
CtrSVDD_0011_E_0011147,0.8554553602
CtrSVDD_0012_E_0011148,-2.3482668415
CtrSVDD_0013_E_0011149,-4.8126461419
CtrSVDD_0014_E_0011150,-6.0903632046
CtrSVDD_0015_E_0011151,0.3788501997
CtrSVDD_0016_E_0011152,-4.6351408849
CtrSVDD_0017_E_0011153,-6.1812612501
CtrSVDD_0018_E_0011154,-1.9638581339
CtrSVDD_0019_E_0011155,-3.7958235196
CtrSVDD_0020_E_0011156,-5.0806171552
CtrSVDD_0021_E_0011157,-4.1463026386
CtrSVDD_0022_E_0011158,-3.2653965510
CtrSVDD_0023_E_0011159,-4.9622743162
CtrSVDD_0024_E_0011160,-4.0528622774
CtrSVDD_0025_E_0011161,-5.0890702737
CtrSVDD_0026_E_0011162,-3.1937258029
CtrSVDD_0027_E_0011163,-4.9229473607
CtrSVDD_0028_E_0011164,-4.0189560286
CtrSVDD_0029_E_0011165,-3.3339579389
CtrSVDD_0030_E_0011166,1.2433804294
CtrSVDD_0031_E_0011167,-3.0662228707
CtrSVDD_0032_E_0011168,-0.2992906041
CtrSVDD_0033_E_0011169,1.1144948228
CtrSVDD_0034_E_0011170,-1.8596909035
CtrSVDD_0035_E_0011171,-3.4642351382
CtrSVDD_0036_E_0011172,-4.1255171148
CtrSVDD_0037_E_0011173,-4.4091437251
CtrSVDD_0038_E_0011174,0.6824132519
CtrSVDD_0039_E_0011175,-1.1626348657
CtrSVDD_0040_E_0011176,-4.7727238587
CtrSVDD_0041_E_0011177,-1.8052337346
CtrSVDD_0042_E_0011178,-6.5313613701
CtrSVDD_0043_E_0011179,-4.3924286673
CtrSVDD_0044_E_0011180,-5.3896661324
CtrSVDD_0045_E_0011181,-4.5400302882
CtrSVDD_0046_E_0011182,-0.7830568137
CtrSVDD_0047_E_0011183,-4.5888333123
CtrSVDD_0000_E_0011184,-0.9677938789
CtrSVDD_0001_E_0011185,-3.4178693464
CtrSVDD_0002_E_0011186,-5.2721257518
CtrSVDD_0003_E_0011187,-5.3778881440
CtrSVDD_0004_E_0011188,-5.3016273280
CtrSVDD_0005_E_0011189,-3.8142403787
CtrSVDD_0006_E_0011190,-3.7620820887
CtrSVDD_0007_E_0011191,-0.3242116545
CtrSVDD_0008_E_0011192,-6.3194610376
CtrSVDD_0009_E_0011193,-2.5047498767
CtrSVDD_0010_E_0011194,-2.8958874665
CtrSVDD_0011_E_0011195,-3.4628461119
CtrSVDD_0012_E_0011196,-4.1288645723
CtrSVDD_0013_E_0011197,-3.5178434714
CtrSVDD_0014_E_0011198,-4.2995387161
CtrSVDD_0015_E_0011199,-3.9228943777
CtrSVDD_0016_E_0011200,-4.1034644823
CtrSVDD_0017_E_0011201,-1.9262773876
CtrSVDD_0018_E_0011202,-1.0010218437
CtrSVDD_0019_E_0011203,-4.1645453039
CtrSVDD_0020_E_0011204,-2.4953776237
CtrSVDD_0021_E_0011205,-4.2029363000
CtrSVDD_0022_E_0011206,0.2944485424
CtrSVDD_0023_E_0011207,-0.9360685028
CtrSVDD_0024_E_0011208,-0.8634021724
CtrSVDD_0025_E_0011209,0.8965151763
CtrSVDD_0026_E_0011210,-5.4504291582
CtrSVDD_0027_E_0011211,-3.8215052088
CtrSVDD_0028_E_0011212,-3.0098805225
CtrSVDD_0029_E_0011213,-3.4953233755
CtrSVDD_0030_E_0011214,-4.0758380056
CtrSVDD_0031_E_0011215,-3.5265151669
CtrSVDD_0032_E_0011216,-3.7487942169
CtrSVDD_0033_E_0011217,-4.8440277375
CtrSVDD_0034_E_0011218,-6.8236708508
CtrSVDD_0035_E_0011219,-3.4021841818
CtrSVDD_0036_E_0011220,-4.5521410567
CtrSVDD_0037_E_0011221,-4.0446185845
CtrSVDD_0038_E_0011222,-3.2665480815
CtrSVDD_0039_E_0011223,-3.1610514655
CtrSVDD_0040_E_0011224,-5.2049855234
CtrSVDD_0041_E_0011225,0.6985152330
CtrSVDD_0042_E_0011226,0.6771261906
CtrSVDD_0043_E_0011227,-5.7101387616
CtrSVDD_0044_E_0011228,-5.0979372930
CtrSVDD_0045_E_0011229,-5.1321549785
CtrSVDD_0046_E_0011230,-3.2602893279
CtrSVDD_0047_E_0011231,-2.4366396453
CtrSVDD_0000_E_0011232,1.0913665906
CtrSVDD_0001_E_0011233,-2.5742828527
CtrSVDD_0002_E_0011234,-5.7597505928
CtrSVDD_0003_E_0011235,-3.3586436744
CtrSVDD_0004_E_0011236,-3.6274487313
CtrSVDD_0005_E_0011237,-0.2624574964
CtrSVDD_0006_E_0011238,-2.3337176773
CtrSVDD_0007_E_0011239,-1.0762666132
CtrSVDD_0008_E_0011240,-5.2611990384
CtrSVDD_0009_E_0011241,-3.5251062759
CtrSVDD_0010_E_0011242,-4.2353495318
CtrSVDD_0011_E_0011243,-6.0313050931
CtrSVDD_0012_E_0011244,-4.8003255735
CtrSVDD_0013_E_0011245,-4.2901189249
CtrSVDD_0014_E_0011246,-4.0371827042
CtrSVDD_0015_E_0011247,-2.4629262039
CtrSVDD_0016_E_0011248,-4.0638694340
CtrSVDD_0017_E_0011249,-2.5228848809
CtrSVDD_0018_E_0011250,-0.2871525250
CtrSVDD_0019_E_0011251,-7.1550830620
CtrSVDD_0020_E_0011252,1.4721607661
CtrSVDD_0021_E_0011253,1.3644275699
CtrSVDD_0022_E_0011254,-4.3546158078
CtrSVDD_0023_E_0011255,-4.6442645366
CtrSVDD_0024_E_0011256,-4.5632659434
CtrSVDD_0025_E_0011257,-5.4214394525
CtrSVDD_0026_E_0011258,-3.5862854177
CtrSVDD_0027_E_0011259,1.6516574684
CtrSVDD_0028_E_0011260,-0.3880563916
CtrSVDD_0029_E_0011261,-3.9025590657
CtrSVDD_0030_E_0011262,-3.7315478040
CtrSVDD_0031_E_0011263,1.4755417059
CtrSVDD_0032_E_0011264,0.8152668941
CtrSVDD_0033_E_0011265,-5.8096432181
CtrSVDD_0034_E_0011266,-5.6596932472
CtrSVDD_0035_E_0011267,-5.8882976306
CtrSVDD_0036_E_0011268,-2.7231454125
CtrSVDD_0037_E_0011269,-2.3571626578
CtrSVDD_0038_E_0011270,1.0056070009
CtrSVDD_0039_E_0011271,-6.5641421573
CtrSVDD_0040_E_0011272,0.6614954021
CtrSVDD_0041_E_0011273,-3.0045144562
CtrSVDD_0042_E_0011274,-1.2566262880
CtrSVDD_0043_E_0011275,-5.0794541831
CtrSVDD_0044_E_0011276,-4.9140211494
CtrSVDD_0045_E_0011277,-4.0629807793
CtrSVDD_0046_E_0011278,-6.3923937278
CtrSVDD_0047_E_0011279,-3.2247738727
CtrSVDD_0000_E_0011280,-1.1219624966
CtrSVDD_0001_E_0011281,-4.5520708163
CtrSVDD_0002_E_0011282,0.9133678526
CtrSVDD_0003_E_0011283,-4.8743360639
CtrSVDD_0004_E_0011284,-4.1992521999
CtrSVDD_0005_E_0011285,-3.9610247171
CtrSVDD_0006_E_0011286,-4.2621807208
CtrSVDD_0007_E_0011287,-2.0240136237
CtrSVDD_0008_E_0011288,-4.8292720006
CtrSVDD_0009_E_0011289,-4.7538377928
CtrSVDD_0010_E_0011290,-0.0342770194
CtrSVDD_0011_E_0011291,-1.3211613906
CtrSVDD_0012_E_0011292,-3.6708056976
CtrSVDD_0013_E_0011293,-4.2132578486
CtrSVDD_0014_E_0011294,-4.2489069429
CtrSVDD_0015_E_0011295,0.3032803998
CtrSVDD_0016_E_0011296,-4.3047851773
CtrSVDD_0017_E_0011297,-7.4211178903
CtrSVDD_0018_E_0011298,0.1764594083
CtrSVDD_0019_E_0011299,-4.6174203352
CtrSVDD_0020_E_0011300,-6.5048241827
CtrSVDD_0021_E_0011301,-4.1938318001
CtrSVDD_0022_E_0011302,-0.4474143830
CtrSVDD_0023_E_0011303,-4.8380255886
CtrSVDD_0024_E_0011304,-5.3276435402
CtrSVDD_0025_E_0011305,-4.3562072950
CtrSVDD_0026_E_0011306,1.0125938096
CtrSVDD_0027_E_0011307,-0.5820295692
CtrSVDD_0028_E_0011308,-0.2465641713
CtrSVDD_0029_E_0011309,-4.8698420306
CtrSVDD_0030_E_0011310,-1.1681518079
CtrSVDD_0031_E_0011311,-2.9501448881
CtrSVDD_0032_E_0011312,-5.6351914982
CtrSVDD_0033_E_0011313,-2.7987803801
CtrSVDD_0034_E_0011314,-5.5518673712
CtrSVDD_0035_E_0011315,-2.4743380571
CtrSVDD_0036_E_0011316,-5.4169244254
CtrSVDD_0037_E_0011317,-2.6367465081
CtrSVDD_0038_E_0011318,-4.5182799618
CtrSVDD_0039_E_0011319,-0.2711543501
CtrSVDD_0040_E_0011320,-3.6197677171
CtrSVDD_0041_E_0011321,1.0167797877
CtrSVDD_0042_E_0011322,-4.2184676180
CtrSVDD_0043_E_0011323,-3.8231812029
CtrSVDD_0044_E_0011324,-0.9524264924
CtrSVDD_0045_E_0011325,-5.6725141790
CtrSVDD_0046_E_0011326,-0.6297271610
CtrSVDD_0047_E_0011327,-3.8722156445
CtrSVDD_0000_E_0011328,-3.1017704194
CtrSVDD_0001_E_0011329,-4.2389497543
CtrSVDD_0002_E_0011330,-6.3153256091
CtrSVDD_0003_E_0011331,-0.1721987889
CtrSVDD_0004_E_0011332,-3.6863349547
CtrSVDD_0005_E_0011333,0.5165522584
CtrSVDD_0006_E_0011334,-3.9148667546
CtrSVDD_0007_E_0011335,0.8080100070
CtrSVDD_0008_E_0011336,0.2321696494
CtrSVDD_0009_E_0011337,-3.4836729070
CtrSVDD_0010_E_0011338,1.7504611541
CtrSVDD_0011_E_0011339,-6.5685926934
CtrSVDD_0012_E_0011340,0.1785532712
CtrSVDD_0013_E_0011341,-4.7785985905
CtrSVDD_0014_E_0011342,0.9478772177
CtrSVDD_0015_E_0011343,-5.4437040168
CtrSVDD_0016_E_0011344,-4.0850574040
CtrSVDD_0017_E_0011345,-6.9647137845
CtrSVDD_0018_E_0011346,1.0837857127
CtrSVDD_0019_E_0011347,-1.0028415147
CtrSVDD_0020_E_0011348,-2.6730805931
CtrSVDD_0021_E_0011349,-4.4144660314
CtrSVDD_0022_E_0011350,-7.1690678691
CtrSVDD_0023_E_0011351,-4.4300638244
CtrSVDD_0024_E_0011352,-4.7028201772
CtrSVDD_0025_E_0011353,-6.3963852289
CtrSVDD_0026_E_0011354,-0.1622693499
CtrSVDD_0027_E_0011355,-5.3931059381
CtrSVDD_0028_E_0011356,1.0688078753
CtrSVDD_0029_E_0011357,-0.6639205121
CtrSVDD_0030_E_0011358,-3.4900769143
CtrSVDD_0031_E_0011359,-4.5675113559
CtrSVDD_0032_E_0011360,-3.9565155571
CtrSVDD_0033_E_0011361,-6.9472536672
CtrSVDD_0034_E_0011362,-5.4800715656
CtrSVDD_0035_E_0011363,-0.3984287092
CtrSVDD_0036_E_0011364,-0.6905584996
CtrSVDD_0037_E_0011365,-0.3878829198
CtrSVDD_0038_E_0011366,0.4381572148
CtrSVDD_0039_E_0011367,-0.4576264840
CtrSVDD_0040_E_0011368,-4.5601607854
CtrSVDD_0041_E_0011369,1.5009421083
CtrSVDD_0042_E_0011370,-5.0783606403
CtrSVDD_0043_E_0011371,-2.1393139752
CtrSVDD_0044_E_0011372,1.8587820645
CtrSVDD_0045_E_0011373,0.5229565873
CtrSVDD_0046_E_0011374,-0.5745905058
CtrSVDD_0047_E_0011375,-3.6171127673
CtrSVDD_0000_E_0011376,-5.9693640565
CtrSVDD_0001_E_0011377,-5.4892012573
CtrSVDD_0002_E_0011378,1.1725096369
CtrSVDD_0003_E_0011379,-3.6691533990
CtrSVDD_0004_E_0011380,-3.2442908070
CtrSVDD_0005_E_0011381,1.5622636368
CtrSVDD_0006_E_0011382,-3.4061188363
CtrSVDD_0007_E_0011383,-4.1303932145
CtrSVDD_0008_E_0011384,-3.3757222775
CtrSVDD_0009_E_0011385,-3.7735789367
CtrSVDD_0010_E_0011386,-1.6613451983
CtrSVDD_0011_E_0011387,-3.3803960602
CtrSVDD_0012_E_0011388,-3.8407681642
CtrSVDD_0013_E_0011389,-1.5582987771
CtrSVDD_0014_E_0011390,-3.1792419591
CtrSVDD_0015_E_0011391,-4.9953932881
CtrSVDD_0016_E_0011392,-5.7312376416
CtrSVDD_0017_E_0011393,-5.9613102651
CtrSVDD_0018_E_0011394,-1.3308549838
CtrSVDD_0019_E_0011395,-4.6029586907
CtrSVDD_0020_E_0011396,-1.7994983098
CtrSVDD_0021_E_0011397,-2.4763670693
CtrSVDD_0022_E_0011398,-3.4732676137
CtrSVDD_0023_E_0011399,-3.7196709176
CtrSVDD_0024_E_0011400,-5.4140104191
CtrSVDD_0025_E_0011401,-6.3446848245
CtrSVDD_0026_E_0011402,-5.5743071342
CtrSVDD_0027_E_0011403,-1.4024683637
CtrSVDD_0028_E_0011404,-3.1167187745
CtrSVDD_0029_E_0011405,-3.3822686853
CtrSVDD_0030_E_0011406,-5.5695138004
CtrSVDD_0031_E_0011407,0.1551867330
CtrSVDD_0032_E_0011408,0.8717027939
CtrSVDD_0033_E_0011409,-5.8056081604
CtrSVDD_0034_E_0011410,-2.2011711863
CtrSVDD_0035_E_0011411,-3.1443874031
CtrSVDD_0036_E_0011412,-0.6218504967
CtrSVDD_0037_E_0011413,-4.1592508022
CtrSVDD_0038_E_0011414,-0.7756720876
CtrSVDD_0039_E_0011415,-4.0108708204
CtrSVDD_0040_E_0011416,-0.6824132519
CtrSVDD_0041_E_0011417,-4.5256838952
CtrSVDD_0042_E_0011418,-2.1350370258
CtrSVDD_0043_E_0011419,-3.6378792256
CtrSVDD_0044_E_0011420,-3.7291827139
CtrSVDD_0045_E_0011421,-1.9533237077
CtrSVDD_0046_E_0011422,-6.4357453339
CtrSVDD_0047_E_0011423,-5.5206383556
CtrSVDD_0000_E_0011424,-4.1754906575
CtrSVDD_0001_E_0011425,-0.7619562035
CtrSVDD_0002_E_0011426,-3.0761038881
CtrSVDD_0003_E_0011427,-3.5874473335
CtrSVDD_0004_E_0011428,-0.4350798563
CtrSVDD_0005_E_0011429,-1.4045462482
CtrSVDD_0006_E_0011430,-4.7073111282
CtrSVDD_0007_E_0011431,0.3761044163
CtrSVDD_0008_E_0011432,-6.7250348353
CtrSVDD_0009_E_0011433,-4.3386980060
CtrSVDD_0010_E_0011434,-5.6804689434
CtrSVDD_0011_E_0011435,0.2842384143
CtrSVDD_0012_E_0011436,-3.7051005072
CtrSVDD_0013_E_0011437,-4.8197260360
CtrSVDD_0014_E_0011438,-4.3887432552
CtrSVDD_0015_E_0011439,-3.8724152763
CtrSVDD_0016_E_0011440,1.1409127093
CtrSVDD_0017_E_0011441,-7.5318153042
CtrSVDD_0018_E_0011442,-4.6600633885
CtrSVDD_0019_E_0011443,-3.9744040450
CtrSVDD_0020_E_0011444,-1.3887877843
CtrSVDD_0021_E_0011445,-4.5016158288
CtrSVDD_0022_E_0011446,-2.5287101109
CtrSVDD_0023_E_0011447,-3.9774921782
CtrSVDD_0024_E_0011448,-5.2062642176
CtrSVDD_0025_E_0011449,-2.9691578778
CtrSVDD_0026_E_0011450,-4.4793151328
CtrSVDD_0027_E_0011451,-2.8617600668
CtrSVDD_0028_E_0011452,-4.8483255613
CtrSVDD_0029_E_0011453,-3.7266820956
CtrSVDD_0030_E_0011454,-2.7106537286
CtrSVDD_0031_E_0011455,-5.9982061825
CtrSVDD_0032_E_0011456,-4.9488721203
CtrSVDD_0033_E_0011457,-3.0019884208
CtrSVDD_0034_E_0011458,-2.1020346874
CtrSVDD_0035_E_0011459,-4.8667946745
CtrSVDD_0036_E_0011460,-5.4773452995
CtrSVDD_0037_E_0011461,-5.2688603719
CtrSVDD_0038_E_0011462,1.5885360383
CtrSVDD_0039_E_0011463,-3.6844398485
CtrSVDD_0040_E_0011464,-3.9010511165
CtrSVDD_0041_E_0011465,-6.9884264485
CtrSVDD_0042_E_0011466,-3.8775874669
CtrSVDD_0043_E_0011467,-5.3200130827
CtrSVDD_0044_E_0011468,-1.9967505006
CtrSVDD_0045_E_0011469,-6.2665832840
CtrSVDD_0046_E_0011470,-4.8491303802
CtrSVDD_0047_E_0011471,-5.5605687818
CtrSVDD_0000_E_0011472,-4.3774932434
CtrSVDD_0001_E_0011473,-5.1634171371
CtrSVDD_0002_E_0011474,-5.3267018603
CtrSVDD_0003_E_0011475,-0.9949625801
CtrSVDD_0004_E_0011476,-4.4125934063
CtrSVDD_0005_E_0011477,-3.5643422837
CtrSVDD_0006_E_0011478,-5.1264628870
CtrSVDD_0007_E_0011479,-2.4866279414
CtrSVDD_0008_E_0011480,-5.3135835176
CtrSVDD_0009_E_0011481,-4.6261709507
CtrSVDD_0010_E_0011482,-2.6830599408
CtrSVDD_0011_E_0011483,-6.4731616900
CtrSVDD_0012_E_0011484,-0.3415207837
CtrSVDD_0013_E_0011485,-5.7686633333
CtrSVDD_0014_E_0011486,1.9367095375
CtrSVDD_0015_E_0011487,0.5733521972
CtrSVDD_0016_E_0011488,-4.2556717212
CtrSVDD_0017_E_0011489,-2.9349986472
CtrSVDD_0018_E_0011490,-0.7868637889
CtrSVDD_0019_E_0011491,-2.2753727070
CtrSVDD_0020_E_0011492,-7.0212195634
CtrSVDD_0021_E_0011493,-3.7753879537
CtrSVDD_0022_E_0011494,-3.2386465169
CtrSVDD_0023_E_0011495,-1.4587744213
CtrSVDD_0024_E_0011496,-5.5627998738
CtrSVDD_0025_E_0011497,-3.9326849706
CtrSVDD_0026_E_0011498,-4.1728561158
CtrSVDD_0027_E_0011499,-5.7590155253
CtrSVDD_0028_E_0011500,-4.8820516486
CtrSVDD_0029_E_0011501,-2.9398457775
CtrSVDD_0030_E_0011502,-4.3623261634
CtrSVDD_0031_E_0011503,-1.6293610596
CtrSVDD_0032_E_0011504,-4.5760458821
CtrSVDD_0033_E_0011505,-2.9402463245
CtrSVDD_0034_E_0011506,-3.1503105452
CtrSVDD_0035_E_0011507,0.2291721127
CtrSVDD_0036_E_0011508,-3.1231871165
CtrSVDD_0037_E_0011509,-3.0794635346
CtrSVDD_0038_E_0011510,-3.3813391036
CtrSVDD_0039_E_0011511,-6.8184301152
CtrSVDD_0040_E_0011512,0.3370899316
CtrSVDD_0041_E_0011513,-1.0689930919
CtrSVDD_0042_E_0011514,-5.1752130302
CtrSVDD_0043_E_0011515,-3.9819469564
CtrSVDD_0044_E_0011516,-3.0427039043
CtrSVDD_0045_E_0011517,-4.9563143360
CtrSVDD_0046_E_0011518,-3.0548419962
CtrSVDD_0047_E_0011519,-6.3235017593
CtrSVDD_0000_E_0011520,-4.9013359714
CtrSVDD_0001_E_0011521,-7.0312048739
CtrSVDD_0002_E_0011522,-3.9038597722
CtrSVDD_0003_E_0011523,-3.5736175895
CtrSVDD_0004_E_0011524,-4.7868871736
CtrSVDD_0005_E_0011525,0.2712392024
CtrSVDD_0006_E_0011526,1.1020453733
CtrSVDD_0007_E_0011527,-4.6230459261
CtrSVDD_0008_E_0011528,-0.2844389990
CtrSVDD_0009_E_0011529,-2.1535295884
CtrSVDD_0010_E_0011530,-4.6329610770
CtrSVDD_0011_E_0011531,0.1679412931
CtrSVDD_0012_E_0011532,-4.9473846816
CtrSVDD_0013_E_0011533,-1.1235653625
CtrSVDD_0014_E_0011534,-3.7630440579
CtrSVDD_0015_E_0011535,0.0272327333
CtrSVDD_0016_E_0011536,-4.8138489883
CtrSVDD_0017_E_0011537,-6.8117089630
CtrSVDD_0018_E_0011538,-4.5509943264
CtrSVDD_0019_E_0011539,-2.2592617843
CtrSVDD_0020_E_0011540,-0.6736119784
CtrSVDD_0021_E_0011541,-4.2693337889
CtrSVDD_0022_E_0011542,-7.2095876718
CtrSVDD_0023_E_0011543,-2.9547648464
CtrSVDD_0024_E_0011544,-1.3250184862
CtrSVDD_0025_E_0011545,-3.1137815586
CtrSVDD_0026_E_0011546,-2.3761615027
CtrSVDD_0027_E_0011547,-4.6835269852
CtrSVDD_0028_E_0011548,-4.2376743542
CtrSVDD_0029_E_0011549,-1.2617708616
CtrSVDD_0030_E_0011550,-0.3179036343
CtrSVDD_0031_E_0011551,-4.1912216137
CtrSVDD_0032_E_0011552,-0.7688222378
CtrSVDD_0033_E_0011553,-6.0197458975
CtrSVDD_0034_E_0011554,-7.5030313167
CtrSVDD_0035_E_0011555,0.5447437410
CtrSVDD_0036_E_0011556,-2.9442604154
CtrSVDD_0037_E_0011557,2.4676109108
CtrSVDD_0038_E_0011558,-5.3805956300
CtrSVDD_0039_E_0011559,-5.7174571246
CtrSVDD_0040_E_0011560,-4.4265395912
CtrSVDD_0041_E_0011561,-1.4197105540
CtrSVDD_0042_E_0011562,-3.1529398183
CtrSVDD_0043_E_0011563,-3.4676408881
CtrSVDD_0044_E_0011564,0.0664913965
CtrSVDD_0045_E_0011565,-0.5178474257
CtrSVDD_0046_E_0011566,-4.7521581873
CtrSVDD_0047_E_0011567,0.6544299850
CtrSVDD_0000_E_0011568,-1.4305991858
CtrSVDD_0001_E_0011569,-3.1933935704
CtrSVDD_0002_E_0011570,-2.1893838977
CtrSVDD_0003_E_0011571,-6.4282610923
CtrSVDD_0004_E_0011572,-1.0419539366
CtrSVDD_0005_E_0011573,-1.2116816657
CtrSVDD_0006_E_0011574,-2.2166989822
CtrSVDD_0007_E_0011575,-3.5664530753
CtrSVDD_0008_E_0011576,0.0931539598
CtrSVDD_0009_E_0011577,0.1815220500
CtrSVDD_0010_E_0011578,-4.8211976862
CtrSVDD_0011_E_0011579,-5.1825701616
CtrSVDD_0012_E_0011580,-4.0018726457
CtrSVDD_0013_E_0011581,-3.5343562201
CtrSVDD_0014_E_0011582,-1.5106963320
CtrSVDD_0015_E_0011583,-0.0248238486
CtrSVDD_0016_E_0011584,0.6116994783
CtrSVDD_0017_E_0011585,-4.1396032304
CtrSVDD_0018_E_0011586,-5.2171027998
CtrSVDD_0019_E_0011587,-4.4971859184
CtrSVDD_0020_E_0011588,-3.0531305171
CtrSVDD_0021_E_0011589,-5.8958638805
CtrSVDD_0022_E_0011590,-3.4594195145
CtrSVDD_0023_E_0011591,-2.8050341657
CtrSVDD_0024_E_0011592,-0.8236186951
CtrSVDD_0025_E_0011593,-5.3879165126
CtrSVDD_0026_E_0011594,-5.3604758207
CtrSVDD_0027_E_0011595,-2.8952001600
CtrSVDD_0028_E_0011596,-1.8979080700
CtrSVDD_0029_E_0011597,-2.5732950814
CtrSVDD_0030_E_0011598,0.9369732433
CtrSVDD_0031_E_0011599,-3.4819720482
CtrSVDD_0032_E_0011600,-3.0655906882
CtrSVDD_0033_E_0011601,-4.6252706933
CtrSVDD_0034_E_0011602,-4.6171081352
CtrSVDD_0035_E_0011603,-5.3386822030
CtrSVDD_0036_E_0011604,-3.6714387613
CtrSVDD_0037_E_0011605,-5.6413451284
CtrSVDD_0038_E_0011606,-3.3254006797
CtrSVDD_0039_E_0011607,-3.0786211575
CtrSVDD_0040_E_0011608,-4.0490676282
CtrSVDD_0041_E_0011609,-0.7585819416
CtrSVDD_0042_E_0011610,-5.5769121910
CtrSVDD_0043_E_0011611,-4.3953703512
CtrSVDD_0044_E_0011612,-2.6570353254
CtrSVDD_0045_E_0011613,-0.8177421023
CtrSVDD_0046_E_0011614,-3.8820386272
CtrSVDD_0047_E_0011615,-1.1249678019
CtrSVDD_0000_E_0011616,-3.8417535502
CtrSVDD_0001_E_0011617,0.7849588792
CtrSVDD_0002_E_0011618,2.2065752165
CtrSVDD_0003_E_0011619,-0.8080100070
CtrSVDD_0004_E_0011620,-4.8601050748
CtrSVDD_0005_E_0011621,0.8118936149
CtrSVDD_0006_E_0011622,-1.1123431824
CtrSVDD_0007_E_0011623,-4.0742174345
CtrSVDD_0008_E_0011624,-7.3825217156
CtrSVDD_0009_E_0011625,-4.4757291146
CtrSVDD_0010_E_0011626,-1.5005871628
CtrSVDD_0011_E_0011627,-6.5553319216
CtrSVDD_0012_E_0011628,-6.4706322238
CtrSVDD_0013_E_0011629,-3.0265445180
CtrSVDD_0014_E_0011630,-3.4553916836
CtrSVDD_0015_E_0011631,-2.5413534152
CtrSVDD_0016_E_0011632,-2.9431612053
CtrSVDD_0017_E_0011633,0.3909008364
CtrSVDD_0018_E_0011634,-3.6276900221
CtrSVDD_0019_E_0011635,-3.1222107016
CtrSVDD_0020_E_0011636,-0.5471678918
CtrSVDD_0021_E_0011637,-3.2113041713
CtrSVDD_0022_E_0011638,-1.8557427621
CtrSVDD_0023_E_0011639,0.4035844601
CtrSVDD_0024_E_0011640,-3.9073291838
CtrSVDD_0025_E_0011641,-1.2132849327
CtrSVDD_0026_E_0011642,0.4990480477
CtrSVDD_0027_E_0011643,-4.5850525524
CtrSVDD_0028_E_0011644,-3.6273870721
CtrSVDD_0029_E_0011645,1.4794189075
CtrSVDD_0030_E_0011646,-4.7807164419
CtrSVDD_0031_E_0011647,-4.5210810332
CtrSVDD_0032_E_0011648,0.6475143547
CtrSVDD_0033_E_0011649,-4.1401757311
CtrSVDD_0034_E_0011650,-0.6930450984
CtrSVDD_0035_E_0011651,-3.1399477532
CtrSVDD_0036_E_0011652,-4.0948597151
CtrSVDD_0037_E_0011653,0.4536071489
CtrSVDD_0038_E_0011654,-2.6791965467
CtrSVDD_0039_E_0011655,-2.1228778222
CtrSVDD_0040_E_0011656,-1.8747589502
CtrSVDD_0041_E_0011657,-2.5965181887
CtrSVDD_0042_E_0011658,-4.8866478709
CtrSVDD_0043_E_0011659,-1.5984688833
CtrSVDD_0044_E_0011660,-4.4924861115
CtrSVDD_0045_E_0011661,-3.1325532599
CtrSVDD_0046_E_0011662,-4.4848848927
CtrSVDD_0047_E_0011663,1.1090948218
CtrSVDD_0000_E_0011664,2.4176214176
CtrSVDD_0001_E_0011665,-0.4427810558
CtrSVDD_0002_E_0011666,-5.8897755888
CtrSVDD_0003_E_0011667,-4.5032414774
CtrSVDD_0004_E_0011668,-3.7158254058
CtrSVDD_0005_E_0011669,-3.0450138066
CtrSVDD_0006_E_0011670,0.2480241635
CtrSVDD_0007_E_0011671,-5.2494468611
CtrSVDD_0008_E_0011672,-3.0941879687
CtrSVDD_0009_E_0011673,-0.2100843855
CtrSVDD_0010_E_0011674,-3.9917909746
CtrSVDD_0011_E_0011675,1.1784885851
CtrSVDD_0012_E_0011676,0.1793015971
CtrSVDD_0013_E_0011677,0.6912677074
CtrSVDD_0014_E_0011678,0.8060727672
CtrSVDD_0015_E_0011679,-3.7409577314
CtrSVDD_0016_E_0011680,-1.1139488448
CtrSVDD_0017_E_0011681,-3.3866000189
CtrSVDD_0018_E_0011682,-4.9058585913
CtrSVDD_0019_E_0011683,-1.7583790479
CtrSVDD_0020_E_0011684,-5.7390797933
CtrSVDD_0021_E_0011685,-2.9209662961
CtrSVDD_0022_E_0011686,-4.8453820822
CtrSVDD_0023_E_0011687,-4.0424575827
CtrSVDD_0024_E_0011688,-3.9953493737
CtrSVDD_0025_E_0011689,-4.5604269683
CtrSVDD_0026_E_0011690,-4.4956091309
CtrSVDD_0027_E_0011691,0.2518473547
CtrSVDD_0028_E_0011692,-5.1522773838
CtrSVDD_0029_E_0011693,-4.0919726016
CtrSVDD_0030_E_0011694,-6.0489415051
CtrSVDD_0031_E_0011695,-0.6440681386
CtrSVDD_0032_E_0011696,0.9835540622
CtrSVDD_0033_E_0011697,-3.2805836138
CtrSVDD_0034_E_0011698,-3.1434693834
CtrSVDD_0035_E_0011699,-5.3995370897
CtrSVDD_0036_E_0011700,-0.6492403483
CtrSVDD_0037_E_0011701,-2.1496181778
CtrSVDD_0038_E_0011702,0.9812876872
CtrSVDD_0039_E_0011703,-3.4998391715
CtrSVDD_0040_E_0011704,-1.1209188491
CtrSVDD_0041_E_0011705,-1.4571116068
CtrSVDD_0042_E_0011706,-5.6646523761
CtrSVDD_0043_E_0011707,-5.0910997381
CtrSVDD_0044_E_0011708,-5.4054847004
CtrSVDD_0045_E_0011709,-3.0912418951
CtrSVDD_0046_E_0011710,-4.6882104316
CtrSVDD_0047_E_0011711,0.1078046646
CtrSVDD_0000_E_0011712,-1.9283404135
CtrSVDD_0001_E_0011713,-4.9771997605
CtrSVDD_0002_E_0011714,-2.1894132144
CtrSVDD_0003_E_0011715,2.1908890624
CtrSVDD_0004_E_0011716,-4.5122277183
CtrSVDD_0005_E_0011717,-0.3370899316
CtrSVDD_0006_E_0011718,-1.6294625588
CtrSVDD_0007_E_0011719,1.6845475769
CtrSVDD_0008_E_0011720,-0.8833436283
CtrSVDD_0009_E_0011721,-2.0462009173
CtrSVDD_0010_E_0011722,-4.8594321357
CtrSVDD_0011_E_0011723,-0.9611126384
CtrSVDD_0012_E_0011724,-5.5840269600
CtrSVDD_0013_E_0011725,-4.2855679240
CtrSVDD_0014_E_0011726,-6.6402372121
CtrSVDD_0015_E_0011727,-2.0694437537
CtrSVDD_0016_E_0011728,-5.2910456293
CtrSVDD_0017_E_0011729,-4.9817114414
CtrSVDD_0018_E_0011730,-4.5717712797
CtrSVDD_0019_E_0011731,-4.0483233335
CtrSVDD_0020_E_0011732,-3.2587225969
CtrSVDD_0021_E_0011733,-5.7675036331
CtrSVDD_0022_E_0011734,-5.8487038551
CtrSVDD_0023_E_0011735,-3.6168937325
CtrSVDD_0024_E_0011736,0.8177421023
CtrSVDD_0025_E_0011737,-3.7687206907
CtrSVDD_0026_E_0011738,-5.6867680173
CtrSVDD_0027_E_0011739,-3.0357882924
CtrSVDD_0028_E_0011740,-1.8583698175
CtrSVDD_0029_E_0011741,-3.0987849202
CtrSVDD_0030_E_0011742,-3.9666085232
CtrSVDD_0031_E_0011743,-0.5487932816
CtrSVDD_0032_E_0011744,-3.7607379161
CtrSVDD_0033_E_0011745,-0.4228111722
CtrSVDD_0034_E_0011746,-2.0376840508
CtrSVDD_0035_E_0011747,-0.0635266816
CtrSVDD_0036_E_0011748,-4.8476592046
CtrSVDD_0037_E_0011749,-4.9199401825
CtrSVDD_0038_E_0011750,-3.8298960977
CtrSVDD_0039_E_0011751,-1.8729606543
CtrSVDD_0040_E_0011752,-2.8897121938
CtrSVDD_0041_E_0011753,-5.2950400566
CtrSVDD_0042_E_0011754,-5.4655689943
CtrSVDD_0043_E_0011755,-5.5194893846
CtrSVDD_0044_E_0011756,-5.2918161335
CtrSVDD_0045_E_0011757,-0.1424573696
CtrSVDD_0046_E_0011758,-3.5845890009
CtrSVDD_0047_E_0011759,-4.2605155709
CtrSVDD_0000_E_0011760,-2.9181736973
CtrSVDD_0001_E_0011761,-0.5733521972
CtrSVDD_0002_E_0011762,-4.5277432264
CtrSVDD_0003_E_0011763,-5.3035969882
CtrSVDD_0004_E_0011764,-4.8564881193
CtrSVDD_0005_E_0011765,-0.0360319057
CtrSVDD_0006_E_0011766,-4.9734190006
CtrSVDD_0007_E_0011767,-3.4269778318
CtrSVDD_0008_E_0011768,-4.5153055554
CtrSVDD_0009_E_0011769,-5.3891820016
CtrSVDD_0010_E_0011770,-5.7225982595
CtrSVDD_0011_E_0011771,-0.1566026223
CtrSVDD_0012_E_0011772,-5.4486497527
CtrSVDD_0013_E_0011773,-3.2113174022
CtrSVDD_0014_E_0011774,2.5521872733
CtrSVDD_0015_E_0011775,-6.1527816101
CtrSVDD_0016_E_0011776,0.4676051739
CtrSVDD_0017_E_0011777,-4.2102730906
CtrSVDD_0018_E_0011778,-1.4989052270
CtrSVDD_0019_E_0011779,-5.5176337284
CtrSVDD_0020_E_0011780,-3.8072107165
CtrSVDD_0021_E_0011781,-4.8918582082
CtrSVDD_0022_E_0011782,-5.3570728134
CtrSVDD_0023_E_0011783,-5.2380605060
CtrSVDD_0024_E_0011784,-3.2759861879
CtrSVDD_0025_E_0011785,-3.0203524924
CtrSVDD_0026_E_0011786,-3.0471121583
CtrSVDD_0027_E_0011787,2.0629994447
CtrSVDD_0028_E_0011788,-3.5693851692
CtrSVDD_0029_E_0011789,-0.7308942474
CtrSVDD_0030_E_0011790,-1.4256466612
CtrSVDD_0031_E_0011791,-2.8055985918
CtrSVDD_0032_E_0011792,-3.5778176480
CtrSVDD_0033_E_0011793,-4.1691463748
CtrSVDD_0034_E_0011794,-4.6623180710
CtrSVDD_0035_E_0011795,-0.4551580530
CtrSVDD_0036_E_0011796,-2.9865982753
CtrSVDD_0037_E_0011797,-0.3638636612
CtrSVDD_0038_E_0011798,-4.7499265832
CtrSVDD_0039_E_0011799,0.9261795494
CtrSVDD_0040_E_0011800,-3.9981640938
CtrSVDD_0041_E_0011801,-4.5443368102
CtrSVDD_0042_E_0011802,0.0917491809
CtrSVDD_0043_E_0011803,-5.8790172617
CtrSVDD_0044_E_0011804,-2.3590426010
CtrSVDD_0045_E_0011805,0.3713465049
CtrSVDD_0046_E_0011806,-0.2799451597
CtrSVDD_0047_E_0011807,-4.5157632986
CtrSVDD_0000_E_0011808,-2.9637748940
CtrSVDD_0001_E_0011809,-4.2171606275
CtrSVDD_0002_E_0011810,-5.3726764357
CtrSVDD_0003_E_0011811,-5.3831138937
CtrSVDD_0004_E_0011812,-4.5445507007
CtrSVDD_0005_E_0011813,-3.4225192279
CtrSVDD_0006_E_0011814,-6.2491617425
CtrSVDD_0007_E_0011815,-0.1212919178
CtrSVDD_0008_E_0011816,-4.3572512366
CtrSVDD_0009_E_0011817,-4.0822831657
CtrSVDD_0010_E_0011818,-3.9448951325
CtrSVDD_0011_E_0011819,-0.9114302134
CtrSVDD_0012_E_0011820,-0.1665228078
CtrSVDD_0013_E_0011821,-2.5109737333
CtrSVDD_0014_E_0011822,-2.7012302393
CtrSVDD_0015_E_0011823,-4.8022942266
CtrSVDD_0016_E_0011824,-5.0222220247
CtrSVDD_0017_E_0011825,-3.4404548983
CtrSVDD_0018_E_0011826,-2.2680251341
CtrSVDD_0019_E_0011827,-4.5243239714
CtrSVDD_0020_E_0011828,1.6346590772
CtrSVDD_0021_E_0011829,-0.2856951664
CtrSVDD_0022_E_0011830,-0.5022191229
CtrSVDD_0023_E_0011831,-3.2790987929
CtrSVDD_0024_E_0011832,-3.7960761710
CtrSVDD_0025_E_0011833,-0.8916235637
CtrSVDD_0026_E_0011834,-2.3552107966
CtrSVDD_0027_E_0011835,-2.9311063470
CtrSVDD_0028_E_0011836,-2.5877930626
CtrSVDD_0029_E_0011837,-0.1267321581
CtrSVDD_0030_E_0011838,-3.9363310791
CtrSVDD_0031_E_0011839,-1.5806608431
CtrSVDD_0032_E_0011840,-1.7141807469
CtrSVDD_0033_E_0011841,-2.7756799108
CtrSVDD_0034_E_0011842,-3.0868239324
CtrSVDD_0035_E_0011843,-5.7144357014
CtrSVDD_0036_E_0011844,-5.1275827773
CtrSVDD_0037_E_0011845,-6.0965466313
CtrSVDD_0038_E_0011846,-5.4274368371
CtrSVDD_0039_E_0011847,-1.3666175706
CtrSVDD_0040_E_0011848,-3.9626946635
CtrSVDD_0041_E_0011849,-3.8572179458
CtrSVDD_0042_E_0011850,-4.0900531473
CtrSVDD_0043_E_0011851,-0.8416805431
CtrSVDD_0044_E_0011852,1.2313500657
CtrSVDD_0045_E_0011853,-5.5062807287
CtrSVDD_0046_E_0011854,-2.9868892905
CtrSVDD_0047_E_0011855,-4.1765094786
CtrSVDD_0000_E_0011856,-4.5727380042
CtrSVDD_0001_E_0011857,0.2278607921
CtrSVDD_0002_E_0011858,-4.5805674772
CtrSVDD_0003_E_0011859,-4.1615147491
CtrSVDD_0004_E_0011860,-4.9896884867
CtrSVDD_0005_E_0011861,-2.9928277686
CtrSVDD_0006_E_0011862,-1.2196991298
CtrSVDD_0007_E_0011863,-4.3796821513
CtrSVDD_0008_E_0011864,-2.0670229960
CtrSVDD_0009_E_0011865,-2.8065101168
CtrSVDD_0010_E_0011866,-1.6189001435
CtrSVDD_0011_E_0011867,-6.3860700633
CtrSVDD_0012_E_0011868,-0.4230354165
CtrSVDD_0013_E_0011869,-1.7980648101
CtrSVDD_0014_E_0011870,-3.8244946165
CtrSVDD_0015_E_0011871,-5.9219014372
CtrSVDD_0016_E_0011872,-5.2760747852
CtrSVDD_0017_E_0011873,-1.2711034457
CtrSVDD_0018_E_0011874,-1.0627583665
CtrSVDD_0019_E_0011875,2.2516466494
CtrSVDD_0020_E_0011876,-6.7308165003
CtrSVDD_0021_E_0011877,-4.4512150119
CtrSVDD_0022_E_0011878,-4.6534190433
CtrSVDD_0023_E_0011879,0.9833812625
CtrSVDD_0024_E_0011880,1.6035332955
CtrSVDD_0025_E_0011881,-5.1725299275
CtrSVDD_0026_E_0011882,-2.2625985144
CtrSVDD_0027_E_0011883,-6.1059043926
CtrSVDD_0028_E_0011884,-3.7479631332
CtrSVDD_0029_E_0011885,-5.6093901539
CtrSVDD_0030_E_0011886,-5.2013608409
CtrSVDD_0031_E_0011887,-5.5438173089
CtrSVDD_0032_E_0011888,0.8958434492
CtrSVDD_0033_E_0011889,-2.8897206523
CtrSVDD_0034_E_0011890,-4.5485189226
CtrSVDD_0035_E_0011891,-5.3978072837
CtrSVDD_0036_E_0011892,-3.0882964373
CtrSVDD_0037_E_0011893,-1.8244862861
CtrSVDD_0038_E_0011894,-5.4579361812
CtrSVDD_0039_E_0011895,-4.6984030961
CtrSVDD_0040_E_0011896,-2.7825338682
CtrSVDD_0041_E_0011897,-2.9986397905
CtrSVDD_0042_E_0011898,-2.7644775088
CtrSVDD_0043_E_0011899,-5.6555481164
CtrSVDD_0044_E_0011900,1.0223818983
CtrSVDD_0045_E_0011901,-4.0721963453
CtrSVDD_0046_E_0011902,-3.6672266071
CtrSVDD_0047_E_0011903,-0.4644866708
CtrSVDD_0000_E_0011904,-0.9049093884
CtrSVDD_0001_E_0011905,0.0398760261
CtrSVDD_0002_E_0011906,-5.8536965678
CtrSVDD_0003_E_0011907,-6.1509683652
CtrSVDD_0004_E_0011908,-5.8505368403
CtrSVDD_0005_E_0011909,-2.1062305901
CtrSVDD_0006_E_0011910,-2.4892032769
CtrSVDD_0007_E_0011911,-3.5039311199
CtrSVDD_0008_E_0011912,0.8688545674
CtrSVDD_0009_E_0011913,-0.3578920410
CtrSVDD_0010_E_0011914,-5.2251460028
CtrSVDD_0011_E_0011915,-0.6923238286
CtrSVDD_0012_E_0011916,-2.5399229788
CtrSVDD_0013_E_0011917,-0.8103794819
CtrSVDD_0014_E_0011918,-2.6544657044
CtrSVDD_0015_E_0011919,-3.9528621590
CtrSVDD_0016_E_0011920,-5.9040264386
CtrSVDD_0017_E_0011921,0.6142186227
CtrSVDD_0018_E_0011922,-6.9735546455
CtrSVDD_0019_E_0011923,-1.5892454877
CtrSVDD_0020_E_0011924,0.0917565891
CtrSVDD_0021_E_0011925,-4.3733831623
CtrSVDD_0022_E_0011926,-5.3962410232
CtrSVDD_0023_E_0011927,-1.8225515287
CtrSVDD_0024_E_0011928,-3.2696726145
CtrSVDD_0025_E_0011929,-0.4769881839
CtrSVDD_0026_E_0011930,-4.0314671163
CtrSVDD_0027_E_0011931,0.3326515560
CtrSVDD_0028_E_0011932,-3.2709362348
CtrSVDD_0029_E_0011933,-4.8270738250
CtrSVDD_0030_E_0011934,-3.5242818898
CtrSVDD_0031_E_0011935,0.0328774424
CtrSVDD_0032_E_0011936,0.7623174933
CtrSVDD_0033_E_0011937,-3.4341124704
CtrSVDD_0034_E_0011938,-3.4810836728
CtrSVDD_0035_E_0011939,-5.2284139311
CtrSVDD_0036_E_0011940,-4.1059385683
CtrSVDD_0037_E_0011941,-3.6325926728
CtrSVDD_0038_E_0011942,-3.1011089196
CtrSVDD_0039_E_0011943,-2.1919161132
CtrSVDD_0040_E_0011944,-5.5751858786
CtrSVDD_0041_E_0011945,-5.8050164123
CtrSVDD_0042_E_0011946,-2.2558688890
CtrSVDD_0043_E_0011947,-3.2398562235
CtrSVDD_0044_E_0011948,-4.7683175735
CtrSVDD_0045_E_0011949,0.9503178414
CtrSVDD_0046_E_0011950,-5.3687767501
CtrSVDD_0047_E_0011951,-3.1451072766
CtrSVDD_0000_E_0011952,0.8796325195
CtrSVDD_0001_E_0011953,0.7833095470
CtrSVDD_0002_E_0011954,-4.6034171329
CtrSVDD_0003_E_0011955,-2.4335050106
CtrSVDD_0004_E_0011956,-3.8452497398
CtrSVDD_0005_E_0011957,-2.7022228529
CtrSVDD_0006_E_0011958,-0.7046456921
CtrSVDD_0007_E_0011959,-4.5772946031
CtrSVDD_0008_E_0011960,-5.3010810821
CtrSVDD_0009_E_0011961,-4.7732490559
CtrSVDD_0010_E_0011962,-3.4922899952
CtrSVDD_0011_E_0011963,-3.5112801292
CtrSVDD_0012_E_0011964,-3.9341992929
CtrSVDD_0013_E_0011965,-7.2456753160
CtrSVDD_0014_E_0011966,-3.3617421694
CtrSVDD_0015_E_0011967,-6.4429063157
CtrSVDD_0016_E_0011968,1.5184291412
CtrSVDD_0017_E_0011969,-1.2968904416
CtrSVDD_0018_E_0011970,-6.0896510414
CtrSVDD_0019_E_0011971,-3.7172799383
CtrSVDD_0020_E_0011972,-2.9780918942
CtrSVDD_0021_E_0011973,-0.3285593316
CtrSVDD_0022_E_0011974,-0.6852547729
CtrSVDD_0023_E_0011975,-5.2134618919
CtrSVDD_0024_E_0011976,-4.6222999687
CtrSVDD_0025_E_0011977,-2.8463359059
CtrSVDD_0026_E_0011978,-2.3831711238
CtrSVDD_0027_E_0011979,1.0181772056
CtrSVDD_0028_E_0011980,-0.8955253602
CtrSVDD_0029_E_0011981,0.3627358821
CtrSVDD_0030_E_0011982,0.8322164848
CtrSVDD_0031_E_0011983,-3.9489467895
CtrSVDD_0032_E_0011984,-4.5655908683
CtrSVDD_0033_E_0011985,-2.9574979800
CtrSVDD_0034_E_0011986,-1.6748315015
CtrSVDD_0035_E_0011987,-3.6733034360
CtrSVDD_0036_E_0011988,-5.7739988164
CtrSVDD_0037_E_0011989,-5.6232733475
CtrSVDD_0038_E_0011990,-4.9399523442
CtrSVDD_0039_E_0011991,-4.2704986741
CtrSVDD_0040_E_0011992,-4.2581109154
CtrSVDD_0041_E_0011993,-4.2302295080
CtrSVDD_0042_E_0011994,-3.0237752624
CtrSVDD_0043_E_0011995,-5.0009968322
CtrSVDD_0044_E_0011996,-1.4589257382
CtrSVDD_0045_E_0011997,-2.7248028672
CtrSVDD_0046_E_0011998,-5.0682328973
CtrSVDD_0047_E_0011999,-1.5703179758
CtrSVDD_0000_E_0012000,-5.2587287079
CtrSVDD_0001_E_0012001,-4.9793876478
CtrSVDD_0002_E_0012002,0.2480063880
CtrSVDD_0003_E_0012003,-2.9922909390
CtrSVDD_0004_E_0012004,-4.4424067031
CtrSVDD_0005_E_0012005,-2.6807362666
CtrSVDD_0006_E_0012006,-1.6841858305
CtrSVDD_0007_E_0012007,-4.5969958704
CtrSVDD_0008_E_0012008,-3.5983238833
CtrSVDD_0009_E_0012009,-4.3272212034
CtrSVDD_0010_E_0012010,-3.4497042051
CtrSVDD_0011_E_0012011,-0.8650678478
CtrSVDD_0012_E_0012012,-4.6443138528
CtrSVDD_0013_E_0012013,-4.9073379745
CtrSVDD_0014_E_0012014,-3.7549248769
CtrSVDD_0015_E_0012015,-3.3423828842
CtrSVDD_0016_E_0012016,-4.3922393487
CtrSVDD_0017_E_0012017,-4.4804812909
CtrSVDD_0018_E_0012018,-2.3426516936
CtrSVDD_0019_E_0012019,-1.7899793885
CtrSVDD_0020_E_0012020,-1.9470369724
CtrSVDD_0021_E_0012021,-6.0573823684
CtrSVDD_0022_E_0012022,2.1468147108
CtrSVDD_0023_E_0012023,-2.8808409422
CtrSVDD_0024_E_0012024,-3.9214844735
CtrSVDD_0025_E_0012025,-1.8907783640
CtrSVDD_0026_E_0012026,-2.6079639912
CtrSVDD_0027_E_0012027,0.1307627321
CtrSVDD_0028_E_0012028,0.7964315437
CtrSVDD_0029_E_0012029,-4.3921086540
CtrSVDD_0030_E_0012030,-4.1951343239
CtrSVDD_0031_E_0012031,-0.0692954288
CtrSVDD_0032_E_0012032,-2.0993942382
CtrSVDD_0033_E_0012033,-0.3593837417
CtrSVDD_0034_E_0012034,-0.7604483910
CtrSVDD_0035_E_0012035,-5.3587735846
CtrSVDD_0036_E_0012036,-0.1368073982
CtrSVDD_0037_E_0012037,-0.5602120314
CtrSVDD_0038_E_0012038,-5.4947039179
CtrSVDD_0039_E_0012039,-6.0687735700
CtrSVDD_0040_E_0012040,-7.2393752044
CtrSVDD_0041_E_0012041,-5.9012614720
CtrSVDD_0042_E_0012042,-2.0424111149
CtrSVDD_0043_E_0012043,-3.1036095214
CtrSVDD_0044_E_0012044,-4.4335364529
CtrSVDD_0045_E_0012045,-2.5660089219
CtrSVDD_0046_E_0012046,-5.4633291893
CtrSVDD_0047_E_0012047,-5.2042308062
CtrSVDD_0000_E_0012048,-3.9580243558
CtrSVDD_0001_E_0012049,-5.4327162222
CtrSVDD_0002_E_0012050,-5.3672995526
CtrSVDD_0003_E_0012051,-4.9848154167
CtrSVDD_0004_E_0012052,-5.0411486712
CtrSVDD_0005_E_0012053,-3.2711549465
CtrSVDD_0006_E_0012054,-4.2785596761
CtrSVDD_0007_E_0012055,0.5766526762
CtrSVDD_0008_E_0012056,-4.8159719347
CtrSVDD_0009_E_0012057,-1.3454605035
CtrSVDD_0010_E_0012058,-0.7064009741
CtrSVDD_0011_E_0012059,-4.3702611994
CtrSVDD_0012_E_0012060,-4.6374844211
CtrSVDD_0013_E_0012061,-3.8091423255
CtrSVDD_0014_E_0012062,-4.2374131371
CtrSVDD_0015_E_0012063,-0.4958819829
CtrSVDD_0016_E_0012064,-3.2344785176
CtrSVDD_0017_E_0012065,-1.3606060851
CtrSVDD_0018_E_0012066,-1.2078095279
CtrSVDD_0019_E_0012067,-2.1868573864
CtrSVDD_0020_E_0012068,-1.2229069560
CtrSVDD_0021_E_0012069,-3.6433479420
CtrSVDD_0022_E_0012070,-5.3000715921
CtrSVDD_0023_E_0012071,-0.8899688934
CtrSVDD_0024_E_0012072,-6.9925362242
CtrSVDD_0025_E_0012073,-4.5514258122
CtrSVDD_0026_E_0012074,-2.0556598726
CtrSVDD_0027_E_0012075,0.3969473992
CtrSVDD_0028_E_0012076,-6.4839273816
CtrSVDD_0029_E_0012077,-3.9804635743
CtrSVDD_0030_E_0012078,-2.2955935032
CtrSVDD_0031_E_0012079,0.0973694111
CtrSVDD_0032_E_0012080,-4.2803026562
CtrSVDD_0033_E_0012081,-4.6215619282
CtrSVDD_0034_E_0012082,-4.4606062760
CtrSVDD_0035_E_0012083,-6.7461164617
CtrSVDD_0036_E_0012084,-4.7536274775
CtrSVDD_0037_E_0012085,-4.3160292488
CtrSVDD_0038_E_0012086,1.0276181900
CtrSVDD_0039_E_0012087,-5.5113268265
CtrSVDD_0040_E_0012088,-5.8579001310
CtrSVDD_0041_E_0012089,-5.7582662352
CtrSVDD_0042_E_0012090,-5.3334120983
CtrSVDD_0043_E_0012091,-2.3672423525
CtrSVDD_0044_E_0012092,1.2208602231
CtrSVDD_0045_E_0012093,-2.8864849832
CtrSVDD_0046_E_0012094,-6.1846965046
CtrSVDD_0047_E_0012095,-0.3296962808
CtrSVDD_0000_E_0012096,-3.3212531285
CtrSVDD_0001_E_0012097,-6.0730060820
CtrSVDD_0002_E_0012098,-1.9912370957
CtrSVDD_0003_E_0012099,-3.3635898022
CtrSVDD_0004_E_0012100,-5.1191998590
CtrSVDD_0005_E_0012101,-5.3398950631
CtrSVDD_0006_E_0012102,-1.9990427900
CtrSVDD_0007_E_0012103,-4.1306349365
CtrSVDD_0008_E_0012104,-4.8586321164
CtrSVDD_0009_E_0012105,-4.9778949290
CtrSVDD_0010_E_0012106,0.3061550341
CtrSVDD_0011_E_0012107,-4.4026624270
CtrSVDD_0012_E_0012108,-0.6224599246
CtrSVDD_0013_E_0012109,-1.9304062716
CtrSVDD_0014_E_0012110,-5.2189848899
CtrSVDD_0015_E_0012111,-2.4110963188
CtrSVDD_0016_E_0012112,0.6809994282
CtrSVDD_0017_E_0012113,-2.4108365244
CtrSVDD_0018_E_0012114,-5.3655913878
CtrSVDD_0019_E_0012115,1.9169401488
CtrSVDD_0020_E_0012116,-4.4851423353
CtrSVDD_0021_E_0012117,0.1721987889
CtrSVDD_0022_E_0012118,-0.3683508953
CtrSVDD_0023_E_0012119,-4.8171271615
CtrSVDD_0024_E_0012120,-0.3952719219
CtrSVDD_0025_E_0012121,-3.6901149050
CtrSVDD_0026_E_0012122,-3.0824072795
CtrSVDD_0027_E_0012123,-5.7760537551
CtrSVDD_0028_E_0012124,-4.7980857323
CtrSVDD_0029_E_0012125,-3.3315245259
CtrSVDD_0030_E_0012126,-5.9091017135
CtrSVDD_0031_E_0012127,-2.8184595079
CtrSVDD_0032_E_0012128,-5.3429718581
CtrSVDD_0033_E_0012129,-1.3519624834
CtrSVDD_0034_E_0012130,-2.1768075959
CtrSVDD_0035_E_0012131,-3.4084658254
CtrSVDD_0036_E_0012132,-4.5318716905
CtrSVDD_0037_E_0012133,-0.8157895069
CtrSVDD_0038_E_0012134,-5.6372984973
CtrSVDD_0039_E_0012135,-4.7601550154
CtrSVDD_0040_E_0012136,-5.3700757852
CtrSVDD_0041_E_0012137,-1.5395103345
CtrSVDD_0042_E_0012138,-3.6575379893
CtrSVDD_0043_E_0012139,-3.5044389675
CtrSVDD_0044_E_0012140,0.6602152204
CtrSVDD_0045_E_0012141,-5.0952040019
CtrSVDD_0046_E_0012142,-0.3924111291
CtrSVDD_0047_E_0012143,-5.2237708312
CtrSVDD_0000_E_0012144,-2.1953044421
CtrSVDD_0001_E_0012145,-4.8822198443
CtrSVDD_0002_E_0012146,1.4008052395
CtrSVDD_0003_E_0012147,-5.2213385774
CtrSVDD_0004_E_0012148,-3.5367511761
CtrSVDD_0005_E_0012149,-5.2770324575
CtrSVDD_0006_E_0012150,-1.9180532992
CtrSVDD_0007_E_0012151,-0.7151591112
CtrSVDD_0008_E_0012152,-4.6487814677
CtrSVDD_0009_E_0012153,-5.7471568292
CtrSVDD_0010_E_0012154,-4.3720709682
CtrSVDD_0011_E_0012155,-3.0280133395
CtrSVDD_0012_E_0012156,-5.7140193144
CtrSVDD_0013_E_0012157,-4.5380891631
CtrSVDD_0014_E_0012158,-5.2256177430
CtrSVDD_0015_E_0012159,-4.6969304428
CtrSVDD_0016_E_0012160,-2.8030364748
CtrSVDD_0017_E_0012161,0.2673232868
CtrSVDD_0018_E_0012162,-4.4465867680
CtrSVDD_0019_E_0012163,-5.0743202552
CtrSVDD_0020_E_0012164,-3.0059830916
CtrSVDD_0021_E_0012165,-6.6320746541
CtrSVDD_0022_E_0012166,-1.7784204807
CtrSVDD_0023_E_0012167,-1.3065795515
CtrSVDD_0024_E_0012168,-3.2945569567
CtrSVDD_0025_E_0012169,-4.5118365166
CtrSVDD_0026_E_0012170,-2.4174155639
CtrSVDD_0027_E_0012171,-5.5622059197
CtrSVDD_0028_E_0012172,-5.7509046900
CtrSVDD_0029_E_0012173,-1.4538661408
CtrSVDD_0030_E_0012174,-5.4012684962
CtrSVDD_0031_E_0012175,-6.6272536657
CtrSVDD_0032_E_0012176,-1.8397055888
CtrSVDD_0033_E_0012177,0.7437441897
CtrSVDD_0034_E_0012178,-1.3573652672
CtrSVDD_0035_E_0012179,-0.1444984412
CtrSVDD_0036_E_0012180,-2.8680963724
CtrSVDD_0037_E_0012181,-4.9306697683
CtrSVDD_0038_E_0012182,-1.9616578405
CtrSVDD_0039_E_0012183,-5.0358097930
CtrSVDD_0040_E_0012184,-5.1213916030
CtrSVDD_0041_E_0012185,1.0964555527
CtrSVDD_0042_E_0012186,-1.2900046913
CtrSVDD_0043_E_0012187,-1.3191201998
CtrSVDD_0044_E_0012188,-3.9406056815
CtrSVDD_0045_E_0012189,-4.0013616024
CtrSVDD_0046_E_0012190,-2.5135400976
CtrSVDD_0047_E_0012191,-2.9310128748
CtrSVDD_0000_E_0012192,-2.3866518140
CtrSVDD_0001_E_0012193,-5.3100192914
CtrSVDD_0002_E_0012194,-5.2397879177
CtrSVDD_0003_E_0012195,-1.9787396763
CtrSVDD_0004_E_0012196,-1.9158448298
CtrSVDD_0005_E_0012197,-1.2235967810
CtrSVDD_0006_E_0012198,-2.8437752136
CtrSVDD_0007_E_0012199,-4.1312976243
CtrSVDD_0008_E_0012200,-4.9521738236
CtrSVDD_0009_E_0012201,-5.5002255463
CtrSVDD_0010_E_0012202,-4.5174788278
CtrSVDD_0011_E_0012203,-0.7412573708
CtrSVDD_0012_E_0012204,-4.6880912504
CtrSVDD_0013_E_0012205,-4.5610896505
CtrSVDD_0014_E_0012206,-0.1029927185
CtrSVDD_0015_E_0012207,-1.6074769616
CtrSVDD_0016_E_0012208,-3.4007320781
CtrSVDD_0017_E_0012209,-2.8139813484
CtrSVDD_0018_E_0012210,-0.6674897824
CtrSVDD_0019_E_0012211,-4.1760624276
CtrSVDD_0020_E_0012212,-1.2313500657
CtrSVDD_0021_E_0012213,-2.5940015058
CtrSVDD_0022_E_0012214,-3.4450264594
CtrSVDD_0023_E_0012215,-4.6497103016
CtrSVDD_0024_E_0012216,1.0990107135
CtrSVDD_0025_E_0012217,-1.3178982617
CtrSVDD_0026_E_0012218,-5.1875110168
CtrSVDD_0027_E_0012219,-4.3828264967
CtrSVDD_0028_E_0012220,-6.4106936644
CtrSVDD_0029_E_0012221,-4.1795109549
CtrSVDD_0030_E_0012222,-5.8197876175
CtrSVDD_0031_E_0012223,-0.0721000060
CtrSVDD_0032_E_0012224,-4.1467203298
CtrSVDD_0033_E_0012225,-4.3868215595
CtrSVDD_0034_E_0012226,-5.9668710040
CtrSVDD_0035_E_0012227,0.3564011362
CtrSVDD_0036_E_0012228,0.3409684872
CtrSVDD_0037_E_0012229,-4.0599165934
CtrSVDD_0038_E_0012230,-5.8610160635
CtrSVDD_0039_E_0012231,-0.7168826702
CtrSVDD_0040_E_0012232,-4.4944475338
CtrSVDD_0041_E_0012233,-4.2473490645
CtrSVDD_0042_E_0012234,-4.9385850504
CtrSVDD_0043_E_0012235,-5.1241141213
CtrSVDD_0044_E_0012236,-3.0618113321
CtrSVDD_0045_E_0012237,-5.2124166808
CtrSVDD_0046_E_0012238,-3.1689300292
CtrSVDD_0047_E_0012239,-2.3354952479
CtrSVDD_0000_E_0012240,-3.3370340037
CtrSVDD_0001_E_0012241,-5.6093778201
CtrSVDD_0002_E_0012242,-4.5574283103
CtrSVDD_0003_E_0012243,-5.3553735005
CtrSVDD_0004_E_0012244,-0.4289374437
CtrSVDD_0005_E_0012245,-1.9766041804
CtrSVDD_0006_E_0012246,-3.7439366051
CtrSVDD_0007_E_0012247,-4.2405690259
CtrSVDD_0008_E_0012248,-4.2815512837
CtrSVDD_0009_E_0012249,0.2171386145
CtrSVDD_0010_E_0012250,2.8055985918
CtrSVDD_0011_E_0012251,-2.9854203147
CtrSVDD_0012_E_0012252,-0.8181386487
CtrSVDD_0013_E_0012253,-5.2329384188
CtrSVDD_0014_E_0012254,-4.2639210417
CtrSVDD_0015_E_0012255,-2.6741073097
CtrSVDD_0016_E_0012256,0.7196775615
CtrSVDD_0017_E_0012257,-5.8107919863
CtrSVDD_0018_E_0012258,-4.5154355375
CtrSVDD_0019_E_0012259,-4.6534347070
CtrSVDD_0020_E_0012260,-5.5781269120
CtrSVDD_0021_E_0012261,-5.3975587552
CtrSVDD_0022_E_0012262,0.2856951664
CtrSVDD_0023_E_0012263,-4.0509254864
CtrSVDD_0024_E_0012264,-0.0426759874
CtrSVDD_0025_E_0012265,-2.6930299322
CtrSVDD_0026_E_0012266,-5.2317168650
CtrSVDD_0027_E_0012267,-2.8303851975
CtrSVDD_0028_E_0012268,-3.0491805308
CtrSVDD_0029_E_0012269,-2.7052821110
CtrSVDD_0030_E_0012270,-5.1280081679
CtrSVDD_0031_E_0012271,-3.4174815172
CtrSVDD_0032_E_0012272,-0.2341170143
CtrSVDD_0033_E_0012273,-2.7416707906
CtrSVDD_0034_E_0012274,-4.1146364565
CtrSVDD_0035_E_0012275,-5.0470258001
CtrSVDD_0036_E_0012276,-2.9824822238
CtrSVDD_0037_E_0012277,-4.3055055884
CtrSVDD_0038_E_0012278,-2.9784357172
CtrSVDD_0039_E_0012279,-5.0251582441
CtrSVDD_0040_E_0012280,1.8914150880
CtrSVDD_0041_E_0012281,-4.6375319757
CtrSVDD_0042_E_0012282,-2.8306249544
CtrSVDD_0043_E_0012283,0.3156404330
CtrSVDD_0044_E_0012284,-4.0089738158
CtrSVDD_0045_E_0012285,-4.4655132585
CtrSVDD_0046_E_0012286,-3.4498153046
CtrSVDD_0047_E_0012287,-1.1041426793
CtrSVDD_0000_E_0012288,-5.0384060458
CtrSVDD_0001_E_0012289,-0.9311508972
CtrSVDD_0002_E_0012290,-1.3748381105
CtrSVDD_0003_E_0012291,-2.4279259489
CtrSVDD_0004_E_0012292,0.1949601979
CtrSVDD_0005_E_0012293,-3.3284701328
CtrSVDD_0006_E_0012294,-6.1974540458
CtrSVDD_0007_E_0012295,-4.9369816196
CtrSVDD_0008_E_0012296,-3.7532481343
CtrSVDD_0009_E_0012297,0.9007043491
CtrSVDD_0010_E_0012298,-0.5727263090
CtrSVDD_0011_E_0012299,-3.8220465870
CtrSVDD_0012_E_0012300,-6.6520753747
CtrSVDD_0013_E_0012301,0.8236186951
CtrSVDD_0014_E_0012302,-3.6904639936
CtrSVDD_0015_E_0012303,-3.9878955890
CtrSVDD_0016_E_0012304,-5.6306059905
CtrSVDD_0017_E_0012305,-6.3614511563
CtrSVDD_0018_E_0012306,-3.6913708415
CtrSVDD_0019_E_0012307,-4.7469341503
CtrSVDD_0020_E_0012308,-4.6645722102
CtrSVDD_0021_E_0012309,-5.1540289859
CtrSVDD_0022_E_0012310,-0.3608762425
CtrSVDD_0023_E_0012311,-4.2307349410
CtrSVDD_0024_E_0012312,-5.8344188372
CtrSVDD_0025_E_0012313,-3.0194436126
CtrSVDD_0026_E_0012314,-4.4226872949
CtrSVDD_0027_E_0012315,-6.7394153291
CtrSVDD_0028_E_0012316,-1.2469843435
CtrSVDD_0029_E_0012317,-4.3625638434
CtrSVDD_0030_E_0012318,-3.9352168367
CtrSVDD_0031_E_0012319,1.1041426793
CtrSVDD_0032_E_0012320,-1.7669659987
CtrSVDD_0033_E_0012321,-2.8654071785
CtrSVDD_0034_E_0012322,-3.0445594578
CtrSVDD_0035_E_0012323,-4.9601128707
CtrSVDD_0036_E_0012324,-1.1443956182
CtrSVDD_0037_E_0012325,-6.2992350480
CtrSVDD_0038_E_0012326,-2.1843365395
CtrSVDD_0039_E_0012327,-5.6271234540
CtrSVDD_0040_E_0012328,-1.0787662039
CtrSVDD_0041_E_0012329,-1.7106392070
CtrSVDD_0042_E_0012330,-5.5546373157
CtrSVDD_0043_E_0012331,-3.3387798105
CtrSVDD_0044_E_0012332,-4.9251107571
CtrSVDD_0045_E_0012333,-4.6830900121
CtrSVDD_0046_E_0012334,-6.8321172490
CtrSVDD_0047_E_0012335,-3.6707982193
CtrSVDD_0000_E_0012336,-3.4299756400
CtrSVDD_0001_E_0012337,-1.7611983967
CtrSVDD_0002_E_0012338,-3.3945908794
CtrSVDD_0003_E_0012339,1.2525226939
CtrSVDD_0004_E_0012340,-2.9087536960
CtrSVDD_0005_E_0012341,-3.5550648292
CtrSVDD_0006_E_0012342,-3.3210899144
CtrSVDD_0007_E_0012343,0.5053952563
CtrSVDD_0008_E_0012344,-0.4324302861
CtrSVDD_0009_E_0012345,-5.0712754236
CtrSVDD_0010_E_0012346,-3.3223286042
CtrSVDD_0011_E_0012347,0.4129773069
CtrSVDD_0012_E_0012348,-5.7753927372
CtrSVDD_0013_E_0012349,-2.0399175479
CtrSVDD_0014_E_0012350,-2.1735806263
CtrSVDD_0015_E_0012351,-1.3911283480
CtrSVDD_0016_E_0012352,-4.6602959407
CtrSVDD_0017_E_0012353,-4.0675483950
CtrSVDD_0018_E_0012354,-4.1352793721
CtrSVDD_0019_E_0012355,-4.0387364003
CtrSVDD_0020_E_0012356,-4.7095105186
CtrSVDD_0021_E_0012357,-5.9612220214
CtrSVDD_0022_E_0012358,0.5882543120
CtrSVDD_0023_E_0012359,-3.0986269475
CtrSVDD_0024_E_0012360,-0.8392748757
CtrSVDD_0025_E_0012361,-3.0731531065
CtrSVDD_0026_E_0012362,-3.3140272011
CtrSVDD_0027_E_0012363,-5.7427421319
CtrSVDD_0028_E_0012364,-0.8638337131
CtrSVDD_0029_E_0012365,1.0088261121
CtrSVDD_0030_E_0012366,0.0666496688
CtrSVDD_0031_E_0012367,-1.9596345231
CtrSVDD_0032_E_0012368,0.7679408591
CtrSVDD_0033_E_0012369,-4.4408607099
CtrSVDD_0034_E_0012370,-5.1167557566
CtrSVDD_0035_E_0012371,-5.2901122148
CtrSVDD_0036_E_0012372,-3.8694249088
CtrSVDD_0037_E_0012373,-4.3846969428
CtrSVDD_0038_E_0012374,-3.0718554904
CtrSVDD_0039_E_0012375,-1.7486625368
CtrSVDD_0040_E_0012376,-4.2856189149
CtrSVDD_0041_E_0012377,-5.1807065925
CtrSVDD_0042_E_0012378,-1.1905839276
CtrSVDD_0043_E_0012379,-0.4492562009
CtrSVDD_0044_E_0012380,-4.4955398230
CtrSVDD_0045_E_0012381,-4.8563685302
CtrSVDD_0046_E_0012382,-3.8374999288
CtrSVDD_0047_E_0012383,-0.1194082724
CtrSVDD_0000_E_0012384,-6.0842228846
CtrSVDD_0001_E_0012385,-1.7868750926
CtrSVDD_0002_E_0012386,-2.3491336520
CtrSVDD_0003_E_0012387,-4.8319784088
CtrSVDD_0004_E_0012388,-1.8832132729
CtrSVDD_0005_E_0012389,-2.5454152304
CtrSVDD_0006_E_0012390,-4.2904999387
CtrSVDD_0007_E_0012391,-4.1482418938
CtrSVDD_0008_E_0012392,-5.4388843679
CtrSVDD_0009_E_0012393,-6.0852869209
CtrSVDD_0010_E_0012394,-5.5262522675
CtrSVDD_0011_E_0012395,-1.9232323858
CtrSVDD_0012_E_0012396,-3.2382776123
CtrSVDD_0013_E_0012397,0.1543305009
CtrSVDD_0014_E_0012398,0.1184741650
CtrSVDD_0015_E_0012399,-0.7127435471
CtrSVDD_0016_E_0012400,-2.0439574015
CtrSVDD_0017_E_0012401,-5.1664687944
CtrSVDD_0018_E_0012402,-3.5129191938
CtrSVDD_0019_E_0012403,-3.8715245936
CtrSVDD_0020_E_0012404,-6.7881603506
CtrSVDD_0021_E_0012405,-2.0923864554
CtrSVDD_0022_E_0012406,-5.2698652349
CtrSVDD_0023_E_0012407,-6.6727506887
CtrSVDD_0024_E_0012408,-4.0440310362
CtrSVDD_0025_E_0012409,-0.1438705663
CtrSVDD_0026_E_0012410,-6.0977418345
CtrSVDD_0027_E_0012411,0.2973713219
CtrSVDD_0028_E_0012412,-1.6101810235
CtrSVDD_0029_E_0012413,-3.6695436297
CtrSVDD_0030_E_0012414,-1.2888244726
CtrSVDD_0031_E_0012415,-4.8451492812
CtrSVDD_0032_E_0012416,-1.6846462986
CtrSVDD_0033_E_0012417,-1.6101655870
CtrSVDD_0034_E_0012418,0.3430181294
CtrSVDD_0035_E_0012419,-3.4821873899
CtrSVDD_0036_E_0012420,-4.1915319252
CtrSVDD_0037_E_0012421,-4.1153801404
CtrSVDD_0038_E_0012422,-5.1901813447
CtrSVDD_0039_E_0012423,-3.0920854622
CtrSVDD_0040_E_0012424,-2.5438451781
CtrSVDD_0041_E_0012425,-4.0434017650
CtrSVDD_0042_E_0012426,-5.3233548139
CtrSVDD_0043_E_0012427,-1.4339040202
CtrSVDD_0044_E_0012428,-5.8131320234
CtrSVDD_0045_E_0012429,-4.7506888350
CtrSVDD_0046_E_0012430,-6.6701004672
CtrSVDD_0047_E_0012431,3.1426765601
CtrSVDD_0000_E_0012432,-2.8158869602
CtrSVDD_0001_E_0012433,1.2494636636
CtrSVDD_0002_E_0012434,-6.8753122927
CtrSVDD_0003_E_0012435,-1.1908475022
CtrSVDD_0004_E_0012436,-3.4563479203
CtrSVDD_0005_E_0012437,-2.6683298434
CtrSVDD_0006_E_0012438,-0.8022073322
CtrSVDD_0007_E_0012439,-2.3531019727
CtrSVDD_0008_E_0012440,-3.9786344550
CtrSVDD_0009_E_0012441,-4.3480447369
CtrSVDD_0010_E_0012442,-2.8377360112
CtrSVDD_0011_E_0012443,-4.8203731050
CtrSVDD_0012_E_0012444,0.4876307767
CtrSVDD_0013_E_0012445,-4.0566499765
CtrSVDD_0014_E_0012446,-7.9897094479
CtrSVDD_0015_E_0012447,-0.8064356430
CtrSVDD_0016_E_0012448,-4.6148676313
CtrSVDD_0017_E_0012449,-3.4707601065
CtrSVDD_0018_E_0012450,-0.2821940166
CtrSVDD_0019_E_0012451,-0.7429882029
CtrSVDD_0020_E_0012452,-3.8884030812
CtrSVDD_0021_E_0012453,-4.8993550723
CtrSVDD_0022_E_0012454,-1.8459131108
CtrSVDD_0023_E_0012455,-5.1893125704
CtrSVDD_0024_E_0012456,-3.1121204427
CtrSVDD_0025_E_0012457,-2.2650647153
CtrSVDD_0026_E_0012458,-2.4797596652
CtrSVDD_0027_E_0012459,-0.5949194409
CtrSVDD_0028_E_0012460,-4.4264384428
CtrSVDD_0029_E_0012461,-1.8361404080
CtrSVDD_0030_E_0012462,-3.5791632728
CtrSVDD_0031_E_0012463,-1.2856000809
CtrSVDD_0032_E_0012464,-7.0812115941
CtrSVDD_0033_E_0012465,-5.7455600213
CtrSVDD_0034_E_0012466,-1.7197705960
CtrSVDD_0035_E_0012467,0.3263919994
CtrSVDD_0036_E_0012468,-3.0103889676
CtrSVDD_0037_E_0012469,-5.0936696012
CtrSVDD_0038_E_0012470,-1.3031536179
CtrSVDD_0039_E_0012471,-2.5692661730
CtrSVDD_0040_E_0012472,-5.8131337148
CtrSVDD_0041_E_0012473,-4.5694128832
CtrSVDD_0042_E_0012474,1.6787952007
CtrSVDD_0043_E_0012475,-3.9209198097
CtrSVDD_0044_E_0012476,-5.5707854366
CtrSVDD_0045_E_0012477,-0.5577475091
CtrSVDD_0046_E_0012478,-2.9882828574
CtrSVDD_0047_E_0012479,-4.1674133603
CtrSVDD_0000_E_0012480,-2.4418114737
CtrSVDD_0001_E_0012481,-6.9015328373
CtrSVDD_0002_E_0012482,-4.1833693672
CtrSVDD_0003_E_0012483,-5.5131846847
CtrSVDD_0004_E_0012484,-5.7777713493
CtrSVDD_0005_E_0012485,-2.0999315161
CtrSVDD_0006_E_0012486,-5.5417790972
CtrSVDD_0007_E_0012487,-2.6044160229
CtrSVDD_0008_E_0012488,0.3668543308
CtrSVDD_0009_E_0012489,-6.2694972360
CtrSVDD_0010_E_0012490,-5.3827413580
CtrSVDD_0011_E_0012491,-6.0029758306
CtrSVDD_0012_E_0012492,-4.2835972650
CtrSVDD_0013_E_0012493,-3.4947364646
CtrSVDD_0014_E_0012494,-0.9573241100
CtrSVDD_0015_E_0012495,-5.5533140889
CtrSVDD_0016_E_0012496,-4.5046505059
CtrSVDD_0017_E_0012497,-4.5245426342
CtrSVDD_0018_E_0012498,-3.8035466983
CtrSVDD_0019_E_0012499,-2.6113477477
CtrSVDD_0020_E_0012500,-3.6689166927
CtrSVDD_0021_E_0012501,-0.5558668667
CtrSVDD_0022_E_0012502,-3.0309510885
CtrSVDD_0023_E_0012503,-4.5595883703
CtrSVDD_0024_E_0012504,-4.7488061323
CtrSVDD_0025_E_0012505,-5.9876469236
CtrSVDD_0026_E_0012506,-0.7272449856
CtrSVDD_0027_E_0012507,-4.6904590534
CtrSVDD_0028_E_0012508,-4.8026122700
CtrSVDD_0029_E_0012509,-0.5464353512
CtrSVDD_0030_E_0012510,-0.5949810600
CtrSVDD_0031_E_0012511,-2.0985339380
CtrSVDD_0032_E_0012512,0.7792611537
CtrSVDD_0033_E_0012513,-6.3359363534
CtrSVDD_0034_E_0012514,-0.7377923903
CtrSVDD_0035_E_0012515,-5.8561308121
CtrSVDD_0036_E_0012516,-5.7731452789
CtrSVDD_0037_E_0012517,-5.0515389673
CtrSVDD_0038_E_0012518,-3.7813079967
CtrSVDD_0039_E_0012519,-3.8799953369
CtrSVDD_0040_E_0012520,-1.3331649506
CtrSVDD_0041_E_0012521,-2.8956217657
CtrSVDD_0042_E_0012522,-1.7209849922
CtrSVDD_0043_E_0012523,-4.5700882188
CtrSVDD_0044_E_0012524,0.6403330736
CtrSVDD_0045_E_0012525,-3.4244038664
CtrSVDD_0046_E_0012526,-0.3372137410
CtrSVDD_0047_E_0012527,-4.7275086129
CtrSVDD_0000_E_0012528,-5.1621915439
CtrSVDD_0001_E_0012529,-3.5819963587
CtrSVDD_0002_E_0012530,-5.6888746948
CtrSVDD_0003_E_0012531,-4.0748811081
CtrSVDD_0004_E_0012532,-2.3369259103
CtrSVDD_0005_E_0012533,-4.2622736214
CtrSVDD_0006_E_0012534,-6.1086331037
CtrSVDD_0007_E_0012535,-3.6370173542
CtrSVDD_0008_E_0012536,-5.0042601997
CtrSVDD_0009_E_0012537,-5.3082341502
CtrSVDD_0010_E_0012538,-1.6570136451
CtrSVDD_0011_E_0012539,-3.5340154424
CtrSVDD_0012_E_0012540,-3.8588737906
CtrSVDD_0013_E_0012541,-0.6585561730
CtrSVDD_0014_E_0012542,-4.8945797571
CtrSVDD_0015_E_0012543,-4.8203810497
CtrSVDD_0016_E_0012544,-5.1631131151
CtrSVDD_0017_E_0012545,0.0188847618
CtrSVDD_0018_E_0012546,-0.1985994315
CtrSVDD_0019_E_0012547,-4.7183417757
CtrSVDD_0020_E_0012548,-5.6679633651
CtrSVDD_0021_E_0012549,-3.2729579706
CtrSVDD_0022_E_0012550,-2.4900173308
CtrSVDD_0023_E_0012551,-0.0471179965
CtrSVDD_0024_E_0012552,-0.7081550293
CtrSVDD_0025_E_0012553,-3.0077447242
CtrSVDD_0026_E_0012554,-2.8671537044
CtrSVDD_0027_E_0012555,-4.3622956670
CtrSVDD_0028_E_0012556,-4.2235931780
CtrSVDD_0029_E_0012557,0.6880841102
CtrSVDD_0030_E_0012558,-6.2464852104
CtrSVDD_0031_E_0012559,-3.7145031882
CtrSVDD_0032_E_0012560,-4.1970169414
CtrSVDD_0033_E_0012561,-3.6062880779
CtrSVDD_0034_E_0012562,-6.1395066830
CtrSVDD_0035_E_0012563,-3.6810828742
CtrSVDD_0036_E_0012564,-3.1643405638
CtrSVDD_0037_E_0012565,-4.3466440398
CtrSVDD_0038_E_0012566,-1.3434402402
CtrSVDD_0039_E_0012567,-0.2451224673
CtrSVDD_0040_E_0012568,-2.9265944586
CtrSVDD_0041_E_0012569,-4.1277728076
CtrSVDD_0042_E_0012570,-3.1340316798
CtrSVDD_0043_E_0012571,-4.0165475096
CtrSVDD_0044_E_0012572,-3.3376630534
CtrSVDD_0045_E_0012573,-2.1190316024
CtrSVDD_0046_E_0012574,-2.7735140600
CtrSVDD_0047_E_0012575,-4.1400793357
CtrSVDD_0000_E_0012576,-3.1431911373
CtrSVDD_0001_E_0012577,-5.4950880012
CtrSVDD_0002_E_0012578,-6.2077606639
CtrSVDD_0003_E_0012579,0.8216566788
CtrSVDD_0004_E_0012580,-3.2976539920
CtrSVDD_0005_E_0012581,-3.4464342167
CtrSVDD_0006_E_0012582,-5.9465295440
CtrSVDD_0007_E_0012583,-0.1138655065
CtrSVDD_0008_E_0012584,-5.5360443566
CtrSVDD_0009_E_0012585,-4.7509112410
CtrSVDD_0010_E_0012586,-3.6561097222
CtrSVDD_0011_E_0012587,-7.1870914339
CtrSVDD_0012_E_0012588,-6.4025311063
CtrSVDD_0013_E_0012589,-4.9921640941
CtrSVDD_0014_E_0012590,-6.1494431352
CtrSVDD_0015_E_0012591,-6.3559814139
CtrSVDD_0016_E_0012592,-3.7701520239
CtrSVDD_0017_E_0012593,-2.8970986105
CtrSVDD_0018_E_0012594,-2.6298937725
CtrSVDD_0019_E_0012595,-1.1355656473
CtrSVDD_0020_E_0012596,-1.4372114170
CtrSVDD_0021_E_0012597,-0.7859172902
CtrSVDD_0022_E_0012598,-4.3289091747
CtrSVDD_0023_E_0012599,1.5859239850
CtrSVDD_0024_E_0012600,0.5949194409
CtrSVDD_0025_E_0012601,-4.2680976987
CtrSVDD_0026_E_0012602,0.0854155337
CtrSVDD_0027_E_0012603,-3.2002572282
CtrSVDD_0028_E_0012604,-1.2683980711
CtrSVDD_0029_E_0012605,-4.4787834496
CtrSVDD_0030_E_0012606,-5.1953302322
CtrSVDD_0031_E_0012607,-5.9128219223
CtrSVDD_0032_E_0012608,-2.8526874111
CtrSVDD_0033_E_0012609,-1.5823884002
CtrSVDD_0034_E_0012610,-0.7011314226
CtrSVDD_0035_E_0012611,-4.8365546453
CtrSVDD_0036_E_0012612,-1.3399994132
CtrSVDD_0037_E_0012613,-3.5021752288
CtrSVDD_0038_E_0012614,-0.2436812725
CtrSVDD_0039_E_0012615,-2.0349820557
CtrSVDD_0040_E_0012616,-5.5457048033
CtrSVDD_0041_E_0012617,-4.1644450292
CtrSVDD_0042_E_0012618,-3.6454901184
CtrSVDD_0043_E_0012619,-2.8112361190
CtrSVDD_0044_E_0012620,1.4649441180
CtrSVDD_0045_E_0012621,0.4042036749
CtrSVDD_0046_E_0012622,-3.8779552026
CtrSVDD_0047_E_0012623,-2.5359385752
CtrSVDD_0000_E_0012624,-3.2911597105
CtrSVDD_0001_E_0012625,-4.1497666489
CtrSVDD_0002_E_0012626,1.7495814869
CtrSVDD_0003_E_0012627,1.0205289246
CtrSVDD_0004_E_0012628,-3.7546978501
CtrSVDD_0005_E_0012629,-2.3970548079
CtrSVDD_0006_E_0012630,-4.0867148672
CtrSVDD_0007_E_0012631,-2.0738897707
CtrSVDD_0008_E_0012632,-5.5608907105
CtrSVDD_0009_E_0012633,-6.7920095162
CtrSVDD_0010_E_0012634,-3.5911321313
CtrSVDD_0011_E_0012635,-4.5760788183
CtrSVDD_0012_E_0012636,2.2337171702
CtrSVDD_0013_E_0012637,-5.7876567435
CtrSVDD_0014_E_0012638,-3.0809353399
CtrSVDD_0015_E_0012639,0.8861104068
CtrSVDD_0016_E_0012640,-0.5502136566
CtrSVDD_0017_E_0012641,-3.3786959247
CtrSVDD_0018_E_0012642,-3.9349864955
CtrSVDD_0019_E_0012643,-3.6299068126
CtrSVDD_0020_E_0012644,-5.3098993000
CtrSVDD_0021_E_0012645,-1.3422120235
CtrSVDD_0022_E_0012646,-2.8408019629
CtrSVDD_0023_E_0012647,-2.0761869964
CtrSVDD_0024_E_0012648,-0.5539843502
CtrSVDD_0025_E_0012649,0.1878369565
CtrSVDD_0026_E_0012650,-4.3120978191
CtrSVDD_0027_E_0012651,-5.6851933253
CtrSVDD_0028_E_0012652,-5.7361506096
CtrSVDD_0029_E_0012653,-5.4174376760
CtrSVDD_0030_E_0012654,-3.2992014216
CtrSVDD_0031_E_0012655,2.0132834216
CtrSVDD_0032_E_0012656,-4.3203126639
CtrSVDD_0033_E_0012657,-4.0794715946
CtrSVDD_0034_E_0012658,-5.9558585984
CtrSVDD_0035_E_0012659,-5.2505991860
CtrSVDD_0036_E_0012660,-5.6071604880
CtrSVDD_0037_E_0012661,-4.4617784202
CtrSVDD_0038_E_0012662,-1.3243737029
CtrSVDD_0039_E_0012663,0.7143856838
CtrSVDD_0040_E_0012664,-4.5348818177
CtrSVDD_0041_E_0012665,1.4672829233
CtrSVDD_0042_E_0012666,-4.0585082494
CtrSVDD_0043_E_0012667,-2.8902529396
CtrSVDD_0044_E_0012668,1.7202915191
CtrSVDD_0045_E_0012669,-1.2570169944
CtrSVDD_0046_E_0012670,1.8696725349
CtrSVDD_0047_E_0012671,-6.4616591545
CtrSVDD_0000_E_0012672,-0.2422405838
CtrSVDD_0001_E_0012673,0.4075640663
CtrSVDD_0002_E_0012674,-4.5383622900
CtrSVDD_0003_E_0012675,0.3320158604
CtrSVDD_0004_E_0012676,-3.4284769475
CtrSVDD_0005_E_0012677,-4.5670904106
CtrSVDD_0006_E_0012678,0.3341302823
CtrSVDD_0007_E_0012679,-6.0328143156
CtrSVDD_0008_E_0012680,-0.0090922479
CtrSVDD_0009_E_0012681,-1.7523820595
CtrSVDD_0010_E_0012682,-5.3936083228
CtrSVDD_0011_E_0012683,-4.2212445020
CtrSVDD_0012_E_0012684,-3.8678012768
CtrSVDD_0013_E_0012685,-5.6199510026
CtrSVDD_0014_E_0012686,-4.3942967827
CtrSVDD_0015_E_0012687,-5.1967625554
CtrSVDD_0016_E_0012688,1.5700950206
CtrSVDD_0017_E_0012689,-2.0217168126
CtrSVDD_0018_E_0012690,-3.9409708477
CtrSVDD_0019_E_0012691,-3.4070173821
CtrSVDD_0020_E_0012692,-0.7511423942
CtrSVDD_0021_E_0012693,-3.5107657618
CtrSVDD_0022_E_0012694,-2.7458529030
CtrSVDD_0023_E_0012695,-4.9102974882
CtrSVDD_0024_E_0012696,-3.6477564060
CtrSVDD_0025_E_0012697,1.8996605653
CtrSVDD_0026_E_0012698,-0.3963600035
CtrSVDD_0027_E_0012699,-5.6311514308
CtrSVDD_0028_E_0012700,-5.5232073139
CtrSVDD_0029_E_0012701,-2.6721672227
CtrSVDD_0030_E_0012702,-1.5962787122
CtrSVDD_0031_E_0012703,-4.7756612605
CtrSVDD_0032_E_0012704,-5.0349093575
CtrSVDD_0033_E_0012705,0.4151755544
CtrSVDD_0034_E_0012706,-3.7143602974
CtrSVDD_0035_E_0012707,-2.4566452617
CtrSVDD_0036_E_0012708,-2.5901837622
CtrSVDD_0037_E_0012709,-0.4613726783
CtrSVDD_0038_E_0012710,-2.5708718735
CtrSVDD_0039_E_0012711,-6.6879642958
CtrSVDD_0040_E_0012712,-3.7768832488
CtrSVDD_0041_E_0012713,-4.7756887982
CtrSVDD_0042_E_0012714,-3.8993260048
CtrSVDD_0043_E_0012715,-4.7588889060
CtrSVDD_0044_E_0012716,-6.4246472932
CtrSVDD_0045_E_0012717,-3.9026144427
CtrSVDD_0046_E_0012718,-0.9133678526
CtrSVDD_0047_E_0012719,-5.2170240380
CtrSVDD_0000_E_0012720,-5.2752308133
CtrSVDD_0001_E_0012721,-5.6133425989
CtrSVDD_0002_E_0012722,-3.6418417423
CtrSVDD_0003_E_0012723,-3.6291833613
CtrSVDD_0004_E_0012724,-3.5227784918
CtrSVDD_0005_E_0012725,-5.0692048621
CtrSVDD_0006_E_0012726,-5.0972328317
CtrSVDD_0007_E_0012727,-5.4081342109
CtrSVDD_0008_E_0012728,-4.5176166770
CtrSVDD_0009_E_0012729,-5.6272658174
CtrSVDD_0010_E_0012730,-0.4974643919
CtrSVDD_0011_E_0012731,-4.4269140707
CtrSVDD_0012_E_0012732,-2.7437635609
CtrSVDD_0013_E_0012733,0.4864133783
CtrSVDD_0014_E_0012734,1.5088841121
CtrSVDD_0015_E_0012735,-3.4598654178
CtrSVDD_0016_E_0012736,0.2463750642
CtrSVDD_0017_E_0012737,-4.9414381741
CtrSVDD_0018_E_0012738,2.5836074161
CtrSVDD_0019_E_0012739,-4.7609730942
CtrSVDD_0020_E_0012740,-4.9499072238
CtrSVDD_0021_E_0012741,0.7001766943
CtrSVDD_0022_E_0012742,-5.4807493374
CtrSVDD_0023_E_0012743,-0.2709105182
CtrSVDD_0024_E_0012744,-3.0767428837
CtrSVDD_0025_E_0012745,0.5965898493
CtrSVDD_0026_E_0012746,0.7801986816
CtrSVDD_0027_E_0012747,-0.1170656426
CtrSVDD_0028_E_0012748,-1.4787847693
CtrSVDD_0029_E_0012749,-5.0424133507
CtrSVDD_0030_E_0012750,-2.1698691764
CtrSVDD_0031_E_0012751,-4.3450467869
CtrSVDD_0032_E_0012752,-2.3820591523
CtrSVDD_0033_E_0012753,-5.8178269664
CtrSVDD_0034_E_0012754,-2.9822721285
CtrSVDD_0035_E_0012755,-0.4887922311
CtrSVDD_0036_E_0012756,-3.4884537583
CtrSVDD_0037_E_0012757,-0.6269500708
CtrSVDD_0038_E_0012758,-1.2646669089
CtrSVDD_0039_E_0012759,-3.0011073958
CtrSVDD_0040_E_0012760,0.5982619239
CtrSVDD_0041_E_0012761,-1.1737045358
CtrSVDD_0042_E_0012762,-0.4181151277
CtrSVDD_0043_E_0012763,-2.0239599384
CtrSVDD_0044_E_0012764,-5.4995640843
CtrSVDD_0045_E_0012765,-1.1598896185
CtrSVDD_0046_E_0012766,-5.2446127290
CtrSVDD_0047_E_0012767,-2.5805320782
CtrSVDD_0000_E_0012768,-1.5643068011
CtrSVDD_0001_E_0012769,-4.4404210326
CtrSVDD_0002_E_0012770,-3.3161764671
CtrSVDD_0003_E_0012771,-3.2351201894
CtrSVDD_0004_E_0012772,-0.5536781855
CtrSVDD_0005_E_0012773,-0.5069852349
CtrSVDD_0006_E_0012774,-3.2899059049
CtrSVDD_0007_E_0012775,0.4629291134
CtrSVDD_0008_E_0012776,-3.3323649991
CtrSVDD_0009_E_0012777,-1.8755789721
CtrSVDD_0010_E_0012778,-4.0415088842
CtrSVDD_0011_E_0012779,-1.2934064059
CtrSVDD_0012_E_0012780,-4.9816848357
CtrSVDD_0013_E_0012781,1.1382351104
CtrSVDD_0014_E_0012782,-1.0657766326
CtrSVDD_0015_E_0012783,-0.2832029081
CtrSVDD_0016_E_0012784,-6.0664837511
CtrSVDD_0017_E_0012785,-5.0126075711
CtrSVDD_0018_E_0012786,-2.9763088117
CtrSVDD_0019_E_0012787,-4.5360619219
CtrSVDD_0020_E_0012788,-0.5717042991
CtrSVDD_0021_E_0012789,-3.8223134256
CtrSVDD_0022_E_0012790,-4.5640908964
CtrSVDD_0023_E_0012791,-4.9392063868
CtrSVDD_0024_E_0012792,-6.1985833793
CtrSVDD_0025_E_0012793,-1.3787600432
CtrSVDD_0026_E_0012794,-3.1889241146
CtrSVDD_0027_E_0012795,-5.8464269071
CtrSVDD_0028_E_0012796,-4.2457315794
CtrSVDD_0029_E_0012797,-3.6979589427
CtrSVDD_0030_E_0012798,-4.2132912751
CtrSVDD_0031_E_0012799,-5.3073762117
CtrSVDD_0032_E_0012800,-3.2221243935
CtrSVDD_0033_E_0012801,-3.0897690906
CtrSVDD_0034_E_0012802,-2.4865846568
CtrSVDD_0035_E_0012803,0.7567181311
CtrSVDD_0036_E_0012804,-1.4026066011
CtrSVDD_0037_E_0012805,-1.4654328083
CtrSVDD_0038_E_0012806,-6.3494605764
CtrSVDD_0039_E_0012807,-4.2287246924
CtrSVDD_0040_E_0012808,-4.5658814381
CtrSVDD_0041_E_0012809,-5.4309546886
CtrSVDD_0042_E_0012810,-3.9925357213
CtrSVDD_0043_E_0012811,-5.8653143638
CtrSVDD_0044_E_0012812,-1.1956542140
CtrSVDD_0045_E_0012813,-3.1740479528
CtrSVDD_0046_E_0012814,-3.9601858280
CtrSVDD_0047_E_0012815,-3.8963060217
CtrSVDD_0000_E_0012816,-4.5158455604
CtrSVDD_0001_E_0012817,-3.8173048835
CtrSVDD_0002_E_0012818,-0.0977574847
CtrSVDD_0003_E_0012819,1.2086579908
CtrSVDD_0004_E_0012820,-3.2307711952
CtrSVDD_0005_E_0012821,-2.2227625959
CtrSVDD_0006_E_0012822,-4.3871072599
CtrSVDD_0007_E_0012823,-3.4044381218
CtrSVDD_0008_E_0012824,-2.2358780880
CtrSVDD_0009_E_0012825,-4.7454445363
CtrSVDD_0010_E_0012826,-6.7024547042
CtrSVDD_0011_E_0012827,-4.3617998612
CtrSVDD_0012_E_0012828,0.2235561612
CtrSVDD_0013_E_0012829,-5.3754621107
CtrSVDD_0014_E_0012830,-3.4961995948
CtrSVDD_0015_E_0012831,-3.8437396849
CtrSVDD_0016_E_0012832,-3.5811719119
CtrSVDD_0017_E_0012833,0.6016111041
CtrSVDD_0018_E_0012834,-5.7008757329
CtrSVDD_0019_E_0012835,-3.1755340985
CtrSVDD_0020_E_0012836,-4.8984652951
CtrSVDD_0021_E_0012837,0.2668034008
CtrSVDD_0022_E_0012838,-5.5147270790
CtrSVDD_0023_E_0012839,-3.9996294343
CtrSVDD_0024_E_0012840,-3.6458291681
CtrSVDD_0025_E_0012841,-4.0630563678
CtrSVDD_0026_E_0012842,-4.2594245108
CtrSVDD_0027_E_0012843,-3.6033301663
CtrSVDD_0028_E_0012844,-5.1198456098
CtrSVDD_0029_E_0012845,-7.3234395021
CtrSVDD_0030_E_0012846,-6.3527137477
CtrSVDD_0031_E_0012847,-2.8337595715
CtrSVDD_0032_E_0012848,-4.5798780950
CtrSVDD_0033_E_0012849,-3.1963749775
CtrSVDD_0034_E_0012850,-3.7169167306
CtrSVDD_0035_E_0012851,-2.0831039366
CtrSVDD_0036_E_0012852,-2.8209121382
CtrSVDD_0037_E_0012853,-1.7288093734
CtrSVDD_0038_E_0012854,-5.8269456252
CtrSVDD_0039_E_0012855,-4.2068257309
CtrSVDD_0040_E_0012856,-4.6245296291
CtrSVDD_0041_E_0012857,-3.9384665349
CtrSVDD_0042_E_0012858,1.0252493761
CtrSVDD_0043_E_0012859,-5.5403433881
CtrSVDD_0044_E_0012860,-0.2178230759
CtrSVDD_0045_E_0012861,-3.4613559423
CtrSVDD_0046_E_0012862,-5.4583648400
CtrSVDD_0047_E_0012863,-3.4047532832
CtrSVDD_0000_E_0012864,-5.8708547037
CtrSVDD_0001_E_0012865,-4.6444712016
CtrSVDD_0002_E_0012866,-5.3023386792
CtrSVDD_0003_E_0012867,-3.2068214385
CtrSVDD_0004_E_0012868,-0.1580188258
CtrSVDD_0005_E_0012869,-1.8094403758
CtrSVDD_0006_E_0012870,-5.9109318032
CtrSVDD_0007_E_0012871,-3.5570752060
CtrSVDD_0008_E_0012872,-6.5905967033
CtrSVDD_0009_E_0012873,-2.2735148488
CtrSVDD_0010_E_0012874,-2.1311217052
CtrSVDD_0011_E_0012875,-1.5875776099
CtrSVDD_0012_E_0012876,-2.2817169842
CtrSVDD_0013_E_0012877,-2.4981770301
CtrSVDD_0014_E_0012878,-1.2283701829
CtrSVDD_0015_E_0012879,0.1212919178
CtrSVDD_0016_E_0012880,-4.5113584078
CtrSVDD_0017_E_0012881,0.5117628915
CtrSVDD_0018_E_0012882,-3.3788373541
CtrSVDD_0019_E_0012883,-2.5939787196
CtrSVDD_0020_E_0012884,-4.7145931083
CtrSVDD_0021_E_0012885,-5.5975993664
CtrSVDD_0022_E_0012886,-2.4362818946
CtrSVDD_0023_E_0012887,-0.9633349402
CtrSVDD_0024_E_0012888,-2.0744141796
CtrSVDD_0025_E_0012889,-0.2049494660
CtrSVDD_0026_E_0012890,-4.7921464817
CtrSVDD_0027_E_0012891,-2.2263198663
CtrSVDD_0028_E_0012892,-3.0439508505
CtrSVDD_0029_E_0012893,0.4911421764
CtrSVDD_0030_E_0012894,-6.1580014410
CtrSVDD_0031_E_0012895,-0.0482769358
CtrSVDD_0032_E_0012896,-3.2790165311
CtrSVDD_0033_E_0012897,-6.7080201355
CtrSVDD_0034_E_0012898,-1.5463288734
CtrSVDD_0035_E_0012899,-3.6516803612
CtrSVDD_0036_E_0012900,-5.8765489862
CtrSVDD_0037_E_0012901,-1.0529016208
CtrSVDD_0038_E_0012902,0.7779944432
CtrSVDD_0039_E_0012903,-0.1694038014
CtrSVDD_0040_E_0012904,-2.4599976731
CtrSVDD_0041_E_0012905,2.5940015058
CtrSVDD_0042_E_0012906,-3.8557172178
CtrSVDD_0043_E_0012907,-2.1413541095
CtrSVDD_0044_E_0012908,0.5022191229
CtrSVDD_0045_E_0012909,-5.2656296937
CtrSVDD_0046_E_0012910,-0.1233881426
CtrSVDD_0047_E_0012911,1.5934953657
CtrSVDD_0000_E_0012912,-4.3820529138
CtrSVDD_0001_E_0012913,-5.0433764092
CtrSVDD_0002_E_0012914,-4.4481264879
CtrSVDD_0003_E_0012915,-2.2762184862
CtrSVDD_0004_E_0012916,-5.2721333880
CtrSVDD_0005_E_0012917,-1.6763219750
CtrSVDD_0006_E_0012918,-3.2065314609
CtrSVDD_0007_E_0012919,-5.6802809134
CtrSVDD_0008_E_0012920,0.7567601723
CtrSVDD_0009_E_0012921,-3.7502885238
CtrSVDD_0010_E_0012922,-0.5634879274
CtrSVDD_0011_E_0012923,-1.0550721750
CtrSVDD_0012_E_0012924,0.6133869154
CtrSVDD_0013_E_0012925,-3.9863503082
CtrSVDD_0014_E_0012926,-4.3042675650
CtrSVDD_0015_E_0012927,-2.2464848926
CtrSVDD_0016_E_0012928,-3.3063898251
CtrSVDD_0017_E_0012929,-4.6762961440
CtrSVDD_0018_E_0012930,1.0790321711
CtrSVDD_0019_E_0012931,-6.4890992064
CtrSVDD_0020_E_0012932,-6.1182816082
CtrSVDD_0021_E_0012933,-5.6314722030
CtrSVDD_0022_E_0012934,-3.8631048564
CtrSVDD_0023_E_0012935,-3.9299466455
CtrSVDD_0024_E_0012936,-5.7986416939
CtrSVDD_0025_E_0012937,-2.6827887352
CtrSVDD_0026_E_0012938,-6.3361808270
CtrSVDD_0027_E_0012939,-6.1529333538
CtrSVDD_0028_E_0012940,-3.7572359006
CtrSVDD_0029_E_0012941,-3.5482506435
CtrSVDD_0030_E_0012942,-6.4809393301
CtrSVDD_0031_E_0012943,-2.8734415160
CtrSVDD_0032_E_0012944,-6.1443829665
CtrSVDD_0033_E_0012945,-0.3543630793
CtrSVDD_0034_E_0012946,-5.7624034185
CtrSVDD_0035_E_0012947,-4.5385225191
CtrSVDD_0036_E_0012948,-3.2445843640
CtrSVDD_0037_E_0012949,-4.4074323273
CtrSVDD_0038_E_0012950,-5.0864372619
CtrSVDD_0039_E_0012951,1.3896982195
CtrSVDD_0040_E_0012952,-4.5137415629
CtrSVDD_0041_E_0012953,-3.6766748146
CtrSVDD_0042_E_0012954,-1.7014126125
CtrSVDD_0043_E_0012955,-4.1315305031
CtrSVDD_0044_E_0012956,-3.4389590810
CtrSVDD_0045_E_0012957,-3.9129412926
CtrSVDD_0046_E_0012958,-4.9332733152
CtrSVDD_0047_E_0012959,-2.1230480061
CtrSVDD_0000_E_0012960,-0.7037558681
CtrSVDD_0001_E_0012961,-3.1666219010
CtrSVDD_0002_E_0012962,-3.0819955346
CtrSVDD_0003_E_0012963,-1.8518039725
CtrSVDD_0004_E_0012964,-5.5666256186
CtrSVDD_0005_E_0012965,-2.2032104003
CtrSVDD_0006_E_0012966,-1.9093062322
CtrSVDD_0007_E_0012967,-3.5074010638
CtrSVDD_0008_E_0012968,-1.0722086927
CtrSVDD_0009_E_0012969,-4.6401063809
CtrSVDD_0010_E_0012970,0.2071035945
CtrSVDD_0011_E_0012971,0.5340621387
CtrSVDD_0012_E_0012972,-2.5194530725
CtrSVDD_0013_E_0012973,-4.5378939927
CtrSVDD_0014_E_0012974,-2.0748433835
CtrSVDD_0015_E_0012975,-1.5548672921
CtrSVDD_0016_E_0012976,-2.8660355966
CtrSVDD_0017_E_0012977,-4.3079797199
CtrSVDD_0018_E_0012978,-5.0992730697
CtrSVDD_0019_E_0012979,-3.4027534375
CtrSVDD_0020_E_0012980,-5.4764339507
CtrSVDD_0021_E_0012981,-4.4230305999
CtrSVDD_0022_E_0012982,-0.6948246815
CtrSVDD_0023_E_0012983,-4.4711418013
CtrSVDD_0024_E_0012984,-1.1315783947
CtrSVDD_0025_E_0012985,-5.1833076111
CtrSVDD_0026_E_0012986,-5.3468216930
CtrSVDD_0027_E_0012987,-4.8881242916
CtrSVDD_0028_E_0012988,-3.2414331415
CtrSVDD_0029_E_0012989,-3.1978719949
CtrSVDD_0030_E_0012990,-3.9144567317
CtrSVDD_0031_E_0012991,-3.3238649716
CtrSVDD_0032_E_0012992,-3.3969016831
CtrSVDD_0033_E_0012993,-5.1778549157
CtrSVDD_0034_E_0012994,-3.6239843102
CtrSVDD_0035_E_0012995,-6.0283985315
CtrSVDD_0036_E_0012996,1.2049137313
CtrSVDD_0037_E_0012997,-4.8539078186
CtrSVDD_0038_E_0012998,-1.8308678150
CtrSVDD_0039_E_0012999,-5.5432161641
CtrSVDD_0040_E_0013000,-5.1306827401
CtrSVDD_0041_E_0013001,-4.0820619722
CtrSVDD_0042_E_0013002,-4.3177400104
CtrSVDD_0043_E_0013003,-0.0805172304
CtrSVDD_0044_E_0013004,-3.5281076246
CtrSVDD_0045_E_0013005,-3.0967141701
CtrSVDD_0046_E_0013006,1.4797091119
CtrSVDD_0047_E_0013007,-5.3545432033
CtrSVDD_0000_E_0013008,-0.4087298314
CtrSVDD_0001_E_0013009,-5.0555108111
CtrSVDD_0002_E_0013010,-3.9491334058
CtrSVDD_0003_E_0013011,-4.4992014100
CtrSVDD_0004_E_0013012,-5.6823634562
CtrSVDD_0005_E_0013013,-5.2901687132
CtrSVDD_0006_E_0013014,0.6371985290
CtrSVDD_0007_E_0013015,-3.8310146713
CtrSVDD_0008_E_0013016,-2.3325913790
CtrSVDD_0009_E_0013017,-1.6418110023
CtrSVDD_0010_E_0013018,-5.9830890401
CtrSVDD_0011_E_0013019,-1.6684892940
CtrSVDD_0012_E_0013020,-5.4825879081
CtrSVDD_0013_E_0013021,-7.3456058906
CtrSVDD_0014_E_0013022,-2.1986361127
CtrSVDD_0015_E_0013023,1.2020280035
CtrSVDD_0016_E_0013024,-3.3757329815
CtrSVDD_0017_E_0013025,-1.5073232319
CtrSVDD_0018_E_0013026,-5.0869793129
CtrSVDD_0019_E_0013027,-4.1011078986
CtrSVDD_0020_E_0013028,-4.7409617945
CtrSVDD_0021_E_0013029,-4.4476867101
CtrSVDD_0022_E_0013030,-4.0088736522
CtrSVDD_0023_E_0013031,-2.4279267232
CtrSVDD_0024_E_0013032,-3.9534930248
CtrSVDD_0025_E_0013033,-4.7315803483
CtrSVDD_0026_E_0013034,-6.8577594271
CtrSVDD_0027_E_0013035,-4.6068966392
CtrSVDD_0028_E_0013036,-2.8385615928
CtrSVDD_0029_E_0013037,-1.4838042385
CtrSVDD_0030_E_0013038,-4.8082638162
CtrSVDD_0031_E_0013039,-3.5073549314
CtrSVDD_0032_E_0013040,-0.5986661937
CtrSVDD_0033_E_0013041,-4.7656094073
CtrSVDD_0034_E_0013042,-0.7327225318
CtrSVDD_0035_E_0013043,-5.5048773580
CtrSVDD_0036_E_0013044,-0.8130725532
CtrSVDD_0037_E_0013045,-3.5110651363
CtrSVDD_0038_E_0013046,-4.1863893038
CtrSVDD_0039_E_0013047,-4.3225804312
CtrSVDD_0040_E_0013048,-1.7640867030
CtrSVDD_0041_E_0013049,-2.5014658407
CtrSVDD_0042_E_0013050,-5.8992548531
CtrSVDD_0043_E_0013051,0.6877194580
CtrSVDD_0044_E_0013052,0.5069852349
CtrSVDD_0045_E_0013053,-4.4769817293
CtrSVDD_0046_E_0013054,-5.3415746564
CtrSVDD_0047_E_0013055,-4.6052176345
CtrSVDD_0000_E_0013056,-5.1435008003
CtrSVDD_0001_E_0013057,-2.1329718645
CtrSVDD_0002_E_0013058,-4.3645923187
CtrSVDD_0003_E_0013059,-5.4201513133
CtrSVDD_0004_E_0013060,-1.3033485972
CtrSVDD_0005_E_0013061,-3.2835660918
CtrSVDD_0006_E_0013062,-6.3894919678
CtrSVDD_0007_E_0013063,-2.8942038044
CtrSVDD_0008_E_0013064,0.1611823501
CtrSVDD_0009_E_0013065,-1.7823996296
CtrSVDD_0010_E_0013066,-0.7363864709
CtrSVDD_0011_E_0013067,-4.3605889555
CtrSVDD_0012_E_0013068,0.3599747356
CtrSVDD_0013_E_0013069,-2.3368528131
CtrSVDD_0014_E_0013070,-2.1423122519
CtrSVDD_0015_E_0013071,-3.5999093313
CtrSVDD_0016_E_0013072,-2.6822753084
CtrSVDD_0017_E_0013073,-3.1418303188
CtrSVDD_0018_E_0013074,-6.1379094745
CtrSVDD_0019_E_0013075,-0.0348741193
CtrSVDD_0020_E_0013076,-0.1114338467
CtrSVDD_0021_E_0013077,0.3073786968
CtrSVDD_0022_E_0013078,-4.9629877713
CtrSVDD_0023_E_0013079,-3.5546674592
CtrSVDD_0024_E_0013080,-3.2820490276
CtrSVDD_0025_E_0013081,-0.1563525874
CtrSVDD_0026_E_0013082,-3.4329717674
CtrSVDD_0027_E_0013083,-3.5913833632
CtrSVDD_0028_E_0013084,-4.4362184172
CtrSVDD_0029_E_0013085,-0.1963860225
CtrSVDD_0030_E_0013086,-4.2671376846
CtrSVDD_0031_E_0013087,-5.3468985738
CtrSVDD_0032_E_0013088,-7.0833066300
CtrSVDD_0033_E_0013089,-5.0530538715
CtrSVDD_0034_E_0013090,-4.7087076726
CtrSVDD_0035_E_0013091,-1.3098117973
CtrSVDD_0036_E_0013092,-2.7788313055
CtrSVDD_0037_E_0013093,-6.3153392012
CtrSVDD_0038_E_0013094,-5.5959003053
CtrSVDD_0039_E_0013095,-5.4483496582
CtrSVDD_0040_E_0013096,-4.6667427009
CtrSVDD_0041_E_0013097,-0.9752459335
CtrSVDD_0042_E_0013098,-0.3061550341
CtrSVDD_0043_E_0013099,-4.7768086623
CtrSVDD_0044_E_0013100,-3.0221382328
CtrSVDD_0045_E_0013101,-0.7099078643
CtrSVDD_0046_E_0013102,0.0636878869
CtrSVDD_0047_E_0013103,-2.4159791458
CtrSVDD_0000_E_0013104,-6.6393767973
CtrSVDD_0001_E_0013105,-3.7758287131
CtrSVDD_0002_E_0013106,-4.1295360907
CtrSVDD_0003_E_0013107,-1.4521273671
CtrSVDD_0004_E_0013108,-0.6718579897
CtrSVDD_0005_E_0013109,-2.9798731339
CtrSVDD_0006_E_0013110,-3.7814448926
CtrSVDD_0007_E_0013111,-5.4770626927
CtrSVDD_0008_E_0013112,-2.7869482358
CtrSVDD_0009_E_0013113,-4.6703941047
CtrSVDD_0010_E_0013114,0.4982095895
CtrSVDD_0011_E_0013115,-1.9641575826
CtrSVDD_0012_E_0013116,-4.1914047931
CtrSVDD_0013_E_0013117,-5.4529818562
CtrSVDD_0014_E_0013118,0.4857699121
CtrSVDD_0015_E_0013119,-3.7677047542
CtrSVDD_0016_E_0013120,-5.8860393866
CtrSVDD_0017_E_0013121,-4.2047031748
CtrSVDD_0018_E_0013122,-3.9878651853
CtrSVDD_0019_E_0013123,-5.8142891797
CtrSVDD_0020_E_0013124,-6.0781248758
CtrSVDD_0021_E_0013125,0.5712802750
CtrSVDD_0022_E_0013126,-3.5743299401
CtrSVDD_0023_E_0013127,-0.1835676051
CtrSVDD_0024_E_0013128,-3.3893529617
CtrSVDD_0025_E_0013129,-4.8473925667
CtrSVDD_0026_E_0013130,-3.3908637084
CtrSVDD_0027_E_0013131,-5.0942678025
CtrSVDD_0028_E_0013132,-3.6355486816
CtrSVDD_0029_E_0013133,-3.2433335664
CtrSVDD_0030_E_0013134,-6.9646413342
CtrSVDD_0031_E_0013135,-4.7398409913
CtrSVDD_0032_E_0013136,-4.8025654807
CtrSVDD_0033_E_0013137,-4.4921233138
CtrSVDD_0034_E_0013138,-4.0070744039
CtrSVDD_0035_E_0013139,-5.5269341383
CtrSVDD_0036_E_0013140,-4.2173143643
CtrSVDD_0037_E_0013141,0.1906850892
CtrSVDD_0038_E_0013142,-5.7290720528
CtrSVDD_0039_E_0013143,-4.8485143110
CtrSVDD_0040_E_0013144,-4.6452721490
CtrSVDD_0041_E_0013145,0.5979455124
CtrSVDD_0042_E_0013146,-1.1540065583
CtrSVDD_0043_E_0013147,-4.2210225960
CtrSVDD_0044_E_0013148,-0.5159253485
CtrSVDD_0045_E_0013149,-1.7698363605
CtrSVDD_0046_E_0013150,0.7604483910
CtrSVDD_0047_E_0013151,-2.1555481026
CtrSVDD_0000_E_0013152,-4.9069696631
CtrSVDD_0001_E_0013153,-5.7863978261
CtrSVDD_0002_E_0013154,-2.5654959691
CtrSVDD_0003_E_0013155,-0.7001766943
CtrSVDD_0004_E_0013156,-0.7256295101
CtrSVDD_0005_E_0013157,-1.9628364706
CtrSVDD_0006_E_0013158,-3.6768247863
CtrSVDD_0007_E_0013159,0.8196978204
CtrSVDD_0008_E_0013160,-6.7634719328
CtrSVDD_0009_E_0013161,-1.8577156577
CtrSVDD_0010_E_0013162,0.5999356728
CtrSVDD_0011_E_0013163,-2.7653483584
CtrSVDD_0012_E_0013164,-3.8261017033
CtrSVDD_0013_E_0013165,0.9338985295
CtrSVDD_0014_E_0013166,-5.0048240026
CtrSVDD_0015_E_0013167,-4.6078639344
CtrSVDD_0016_E_0013168,-5.4281288665
CtrSVDD_0017_E_0013169,-5.5913950913
CtrSVDD_0018_E_0013170,-6.5509712584
CtrSVDD_0019_E_0013171,-3.8150954837
CtrSVDD_0020_E_0013172,-1.6827244049
CtrSVDD_0021_E_0013173,-0.3282197238
CtrSVDD_0022_E_0013174,-5.0690028204
CtrSVDD_0023_E_0013175,-4.8447172034
CtrSVDD_0024_E_0013176,-1.7786213241
CtrSVDD_0025_E_0013177,-6.2724221928
CtrSVDD_0026_E_0013178,-1.4141122181
CtrSVDD_0027_E_0013179,-3.6119088639
CtrSVDD_0028_E_0013180,-6.8421330369
CtrSVDD_0029_E_0013181,-3.5682319154
CtrSVDD_0030_E_0013182,-1.6241083858
CtrSVDD_0031_E_0013183,-3.6319058948
CtrSVDD_0032_E_0013184,-3.6869612462
CtrSVDD_0033_E_0013185,-5.1141258250
CtrSVDD_0034_E_0013186,-5.2142075760
CtrSVDD_0035_E_0013187,-2.6295444097
CtrSVDD_0036_E_0013188,-3.4871608174
CtrSVDD_0037_E_0013189,-4.5940122874
CtrSVDD_0038_E_0013190,-3.7163270695
CtrSVDD_0039_E_0013191,-5.8983983773
CtrSVDD_0040_E_0013192,1.6903562409
CtrSVDD_0041_E_0013193,-2.2928030750
CtrSVDD_0042_E_0013194,-4.5815838374
CtrSVDD_0043_E_0013195,0.1820700119
CtrSVDD_0044_E_0013196,-6.4540966912
CtrSVDD_0045_E_0013197,0.4045260948
CtrSVDD_0046_E_0013198,-3.5169437178
CtrSVDD_0047_E_0013199,0.2030099145
CtrSVDD_0000_E_0013200,-0.6078499885
CtrSVDD_0001_E_0013201,-1.8118690318
CtrSVDD_0002_E_0013202,-4.3031086845
CtrSVDD_0003_E_0013203,-6.4757648235
CtrSVDD_0004_E_0013204,-5.1917180972
CtrSVDD_0005_E_0013205,-0.6544299850
CtrSVDD_0006_E_0013206,-4.4963171405
CtrSVDD_0007_E_0013207,-6.5602638921
CtrSVDD_0008_E_0013208,-0.2595629833
CtrSVDD_0009_E_0013209,-3.4521332628
CtrSVDD_0010_E_0013210,0.3282003447
CtrSVDD_0011_E_0013211,0.6100137811
CtrSVDD_0012_E_0013212,-5.6709380108
CtrSVDD_0013_E_0013213,0.2107413178
CtrSVDD_0014_E_0013214,-4.5309762873
CtrSVDD_0015_E_0013215,-6.4861484248
CtrSVDD_0016_E_0013216,-6.1561334766
CtrSVDD_0017_E_0013217,-2.6947218516
CtrSVDD_0018_E_0013218,-3.1869981571
CtrSVDD_0019_E_0013219,-2.8996323462
CtrSVDD_0020_E_0013220,-3.0559306409
CtrSVDD_0021_E_0013221,-4.8631037428
CtrSVDD_0022_E_0013222,0.7558183325
CtrSVDD_0023_E_0013223,-0.0300784789
CtrSVDD_0024_E_0013224,-3.7036816817
CtrSVDD_0025_E_0013225,-2.2396841825
CtrSVDD_0026_E_0013226,-3.5955666175
CtrSVDD_0027_E_0013227,-2.7900380889
CtrSVDD_0028_E_0013228,-5.4035284097
CtrSVDD_0029_E_0013229,-3.0765203158
CtrSVDD_0030_E_0013230,-8.2453963848
CtrSVDD_0031_E_0013231,-2.8586228186
CtrSVDD_0032_E_0013232,-3.5994242728
CtrSVDD_0033_E_0013233,-2.1331745673
CtrSVDD_0034_E_0013234,-4.9749106085
CtrSVDD_0035_E_0013235,-2.7915376312
CtrSVDD_0036_E_0013236,-3.8923030258
CtrSVDD_0037_E_0013237,-3.4386547966
CtrSVDD_0038_E_0013238,-4.2680761917
CtrSVDD_0039_E_0013239,-3.4626289160
CtrSVDD_0040_E_0013240,-0.7419275903
CtrSVDD_0041_E_0013241,-3.6457887038
CtrSVDD_0042_E_0013242,-5.9693845795
CtrSVDD_0043_E_0013243,-3.7386127488
CtrSVDD_0044_E_0013244,0.0613453671
CtrSVDD_0045_E_0013245,-0.0624592578
CtrSVDD_0046_E_0013246,-4.9540601286
CtrSVDD_0047_E_0013247,-4.0840005636
CtrSVDD_0000_E_0013248,-5.1543901336
CtrSVDD_0001_E_0013249,-5.4334984627
CtrSVDD_0002_E_0013250,-4.1966609251
CtrSVDD_0003_E_0013251,-6.8139588253
CtrSVDD_0004_E_0013252,-1.4239970627
CtrSVDD_0005_E_0013253,-5.5663981875
CtrSVDD_0006_E_0013254,0.5035602520
CtrSVDD_0007_E_0013255,-1.0703457898
CtrSVDD_0008_E_0013256,-1.6049476069
CtrSVDD_0009_E_0013257,-4.9238915612
CtrSVDD_0010_E_0013258,-0.9500715601
CtrSVDD_0011_E_0013259,0.0566812540
CtrSVDD_0012_E_0013260,-5.8305420959
CtrSVDD_0013_E_0013261,-5.1571551238
CtrSVDD_0014_E_0013262,0.4321349420
CtrSVDD_0015_E_0013263,-3.3530960624
CtrSVDD_0016_E_0013264,-0.9866229572
CtrSVDD_0017_E_0013265,-2.9560275689
CtrSVDD_0018_E_0013266,0.9413214015
CtrSVDD_0019_E_0013267,-5.0312760256
CtrSVDD_0020_E_0013268,-2.6413323137
CtrSVDD_0021_E_0013269,-3.5609871710
CtrSVDD_0022_E_0013270,-4.5060484002
CtrSVDD_0023_E_0013271,-1.8989409221
CtrSVDD_0024_E_0013272,1.3163457089
CtrSVDD_0025_E_0013273,-0.2769636266
CtrSVDD_0026_E_0013274,0.4754214521
CtrSVDD_0027_E_0013275,-0.9056903717
CtrSVDD_0028_E_0013276,-1.5725428650
CtrSVDD_0029_E_0013277,-4.0514476118
CtrSVDD_0030_E_0013278,-2.6504015342
CtrSVDD_0031_E_0013279,-7.1349258514
CtrSVDD_0032_E_0013280,-4.6352801583
CtrSVDD_0033_E_0013281,0.0759851041
CtrSVDD_0034_E_0013282,-5.1372949489
CtrSVDD_0035_E_0013283,0.7217891729
CtrSVDD_0036_E_0013284,-6.0111489493
CtrSVDD_0037_E_0013285,-2.6698034679
CtrSVDD_0038_E_0013286,-6.1313637857
CtrSVDD_0039_E_0013287,-1.1363853050
CtrSVDD_0040_E_0013288,-6.2529008584
CtrSVDD_0041_E_0013289,-0.2503465655
CtrSVDD_0042_E_0013290,-4.9047157917
CtrSVDD_0043_E_0013291,1.0712874999
CtrSVDD_0044_E_0013292,-6.1207106659
CtrSVDD_0045_E_0013293,-4.4555312108
CtrSVDD_0046_E_0013294,-3.9023480063
CtrSVDD_0047_E_0013295,-3.4434321105
CtrSVDD_0000_E_0013296,-3.7868595757
CtrSVDD_0001_E_0013297,-5.3174861017
CtrSVDD_0002_E_0013298,-5.5460943922
CtrSVDD_0003_E_0013299,-4.5830066760
CtrSVDD_0004_E_0013300,-1.3535890472
CtrSVDD_0005_E_0013301,-3.5573690475
CtrSVDD_0006_E_0013302,-4.6408317374
CtrSVDD_0007_E_0013303,-2.7171196066
CtrSVDD_0008_E_0013304,-1.2136317090
CtrSVDD_0009_E_0013305,-6.0541407894
CtrSVDD_0010_E_0013306,-1.3490906980
CtrSVDD_0011_E_0013307,-3.7290120848
CtrSVDD_0012_E_0013308,0.8494205515
CtrSVDD_0013_E_0013309,-4.9481149022
CtrSVDD_0014_E_0013310,-3.6825523589
CtrSVDD_0015_E_0013311,-6.3745503574
CtrSVDD_0016_E_0013312,0.3939223175
CtrSVDD_0017_E_0013313,-4.3988806237
CtrSVDD_0018_E_0013314,-5.3098889536
CtrSVDD_0019_E_0013315,-6.5959640895
CtrSVDD_0020_E_0013316,-5.6154097553
CtrSVDD_0021_E_0013317,-0.5312444399
CtrSVDD_0022_E_0013318,-0.3267438821
CtrSVDD_0023_E_0013319,-4.3520973296
CtrSVDD_0024_E_0013320,-5.2649092826
CtrSVDD_0025_E_0013321,-5.3350930581
CtrSVDD_0026_E_0013322,-0.9213008363
CtrSVDD_0027_E_0013323,2.8854035733
CtrSVDD_0028_E_0013324,-6.9221927351
CtrSVDD_0029_E_0013325,-2.3085741661
CtrSVDD_0030_E_0013326,-3.0514193464
CtrSVDD_0031_E_0013327,0.2364828216
CtrSVDD_0032_E_0013328,-2.3157069684
CtrSVDD_0033_E_0013329,-3.4448254163
CtrSVDD_0034_E_0013330,-2.4882814999
CtrSVDD_0035_E_0013331,-5.4629368431
CtrSVDD_0036_E_0013332,-3.7125147400
CtrSVDD_0037_E_0013333,-3.9540572264
CtrSVDD_0038_E_0013334,0.9121113029
CtrSVDD_0039_E_0013335,0.5126476193
CtrSVDD_0040_E_0013336,-0.9687352836
CtrSVDD_0041_E_0013337,-5.2377156486
CtrSVDD_0042_E_0013338,-4.7168702307
CtrSVDD_0043_E_0013339,-5.6719842693
CtrSVDD_0044_E_0013340,-3.6663912890
CtrSVDD_0045_E_0013341,-1.7900650800
CtrSVDD_0046_E_0013342,-2.3888532906
CtrSVDD_0047_E_0013343,-6.1137252952
CtrSVDD_0000_E_0013344,-5.4263169472
CtrSVDD_0001_E_0013345,-6.2127114847
CtrSVDD_0002_E_0013346,-3.4370642540
CtrSVDD_0003_E_0013347,-0.2364485253
CtrSVDD_0004_E_0013348,-0.3393689265
CtrSVDD_0005_E_0013349,-2.3669983209
CtrSVDD_0006_E_0013350,-4.2868603620
CtrSVDD_0007_E_0013351,-4.8706927354
CtrSVDD_0008_E_0013352,-3.4610237097
CtrSVDD_0009_E_0013353,-1.2530718649
CtrSVDD_0010_E_0013354,-4.3156658356
CtrSVDD_0011_E_0013355,-4.4035329092
CtrSVDD_0012_E_0013356,-4.5647378122
CtrSVDD_0013_E_0013357,-3.2008011566
CtrSVDD_0014_E_0013358,-1.8652024514
CtrSVDD_0015_E_0013359,-3.9898693426
CtrSVDD_0016_E_0013360,-0.1949601979
CtrSVDD_0017_E_0013361,-0.2294407425
CtrSVDD_0018_E_0013362,-4.7532877095
CtrSVDD_0019_E_0013363,-3.1421537786
CtrSVDD_0020_E_0013364,-3.2017367653
CtrSVDD_0021_E_0013365,-4.1179928286
CtrSVDD_0022_E_0013366,0.1594353462
CtrSVDD_0023_E_0013367,-4.8653494837
CtrSVDD_0024_E_0013368,-4.6615349258
CtrSVDD_0025_E_0013369,-3.6101900549
CtrSVDD_0026_E_0013370,-5.1415561202
CtrSVDD_0027_E_0013371,-1.9242171784
CtrSVDD_0028_E_0013372,-3.5130325025
CtrSVDD_0029_E_0013373,-5.1590686075
CtrSVDD_0030_E_0013374,1.6618633406
CtrSVDD_0031_E_0013375,-3.3447360310
CtrSVDD_0032_E_0013376,-6.3842311697
CtrSVDD_0033_E_0013377,-5.0182738143
CtrSVDD_0034_E_0013378,-0.9896331673
CtrSVDD_0035_E_0013379,-5.5766556509
CtrSVDD_0036_E_0013380,2.3289639096
CtrSVDD_0037_E_0013381,-5.5175525936
CtrSVDD_0038_E_0013382,-3.9956327565
CtrSVDD_0039_E_0013383,-4.4175826636
CtrSVDD_0040_E_0013384,-0.1164509087
CtrSVDD_0041_E_0013385,-5.6657964741
CtrSVDD_0042_E_0013386,-4.6741766008
CtrSVDD_0043_E_0013387,-4.5578707384
CtrSVDD_0044_E_0013388,-6.2268878648
CtrSVDD_0045_E_0013389,-2.7448374969
CtrSVDD_0046_E_0013390,-1.3365743780
CtrSVDD_0047_E_0013391,-5.7465063043
CtrSVDD_0000_E_0013392,-5.6111299062
CtrSVDD_0001_E_0013393,-1.4418758436
CtrSVDD_0002_E_0013394,-0.2321696494
CtrSVDD_0003_E_0013395,-4.6118924231
CtrSVDD_0004_E_0013396,-5.1582201084
CtrSVDD_0005_E_0013397,-3.9128234643
CtrSVDD_0006_E_0013398,-4.5357179103
CtrSVDD_0007_E_0013399,-2.9310380736
CtrSVDD_0008_E_0013400,-0.5799594487
CtrSVDD_0009_E_0013401,-4.6652649733
CtrSVDD_0010_E_0013402,0.7181638739
CtrSVDD_0011_E_0013403,-4.6085908915
CtrSVDD_0012_E_0013404,-2.4039581754
CtrSVDD_0013_E_0013405,-3.7709505367
CtrSVDD_0014_E_0013406,1.2393164969
CtrSVDD_0015_E_0013407,-5.2983312712
CtrSVDD_0016_E_0013408,0.1634766645
CtrSVDD_0017_E_0013409,-5.0274552402
CtrSVDD_0018_E_0013410,0.3848685318
CtrSVDD_0019_E_0013411,-5.4308116406
CtrSVDD_0020_E_0013412,-2.2123840720
CtrSVDD_0021_E_0013413,-3.0691644240
CtrSVDD_0022_E_0013414,-2.0701097075
CtrSVDD_0023_E_0013415,-2.8307446427
CtrSVDD_0024_E_0013416,-4.0171363739
CtrSVDD_0025_E_0013417,-2.8214430909
CtrSVDD_0026_E_0013418,-4.5532875204
CtrSVDD_0027_E_0013419,-0.0835241769
CtrSVDD_0028_E_0013420,-4.3907042386
CtrSVDD_0029_E_0013421,-5.3083581754
CtrSVDD_0030_E_0013422,-4.5962859502
CtrSVDD_0031_E_0013423,0.5602120314
CtrSVDD_0032_E_0013424,-3.7977886990
CtrSVDD_0033_E_0013425,1.1934303035
CtrSVDD_0034_E_0013426,0.8923416778
CtrSVDD_0035_E_0013427,3.4512310058
CtrSVDD_0036_E_0013428,-2.7541763690
CtrSVDD_0037_E_0013429,-0.9391451029
CtrSVDD_0038_E_0013430,-0.4351930713
CtrSVDD_0039_E_0013431,-2.5498585469
CtrSVDD_0040_E_0013432,0.4644866708
CtrSVDD_0041_E_0013433,-4.0966833186
CtrSVDD_0042_E_0013434,-3.6472977925
CtrSVDD_0043_E_0013435,-5.4369338511
CtrSVDD_0044_E_0013436,0.1715628018
CtrSVDD_0045_E_0013437,0.4335427226
CtrSVDD_0046_E_0013438,-4.7521673705
CtrSVDD_0047_E_0013439,-5.9345227924
CtrSVDD_0000_E_0013440,-5.4458309223
CtrSVDD_0001_E_0013441,-3.8662113958
CtrSVDD_0002_E_0013442,-4.9607837917
CtrSVDD_0003_E_0013443,-4.6903576902
CtrSVDD_0004_E_0013444,-5.2559071028
CtrSVDD_0005_E_0013445,-0.5912891871
CtrSVDD_0006_E_0013446,-2.8323952327
CtrSVDD_0007_E_0013447,-2.1468238677
CtrSVDD_0008_E_0013448,-3.8179391453
CtrSVDD_0009_E_0013449,-3.0650669206
CtrSVDD_0010_E_0013450,1.1517058579
CtrSVDD_0011_E_0013451,-3.6487664211
CtrSVDD_0012_E_0013452,0.9175473861
CtrSVDD_0013_E_0013453,0.6736119784
CtrSVDD_0014_E_0013454,-6.7163537436
CtrSVDD_0015_E_0013455,-5.2672539515
CtrSVDD_0016_E_0013456,-3.2428497805
CtrSVDD_0017_E_0013457,-4.2221081134
CtrSVDD_0018_E_0013458,0.0440760921
CtrSVDD_0019_E_0013459,-4.8204882878
CtrSVDD_0020_E_0013460,-3.1067895056
CtrSVDD_0021_E_0013461,-5.0562806294
CtrSVDD_0022_E_0013462,-3.2881205897
CtrSVDD_0023_E_0013463,-6.1249279956
CtrSVDD_0024_E_0013464,0.3488224086
CtrSVDD_0025_E_0013465,-1.3933814760
CtrSVDD_0026_E_0013466,-0.1821452351
CtrSVDD_0027_E_0013467,-1.2518044324
CtrSVDD_0028_E_0013468,-7.7924207597
CtrSVDD_0029_E_0013469,-4.8874313856
CtrSVDD_0030_E_0013470,-3.9041939259
CtrSVDD_0031_E_0013471,-2.7674915963
CtrSVDD_0032_E_0013472,-5.6514753121
CtrSVDD_0033_E_0013473,-5.7230750835
CtrSVDD_0034_E_0013474,-3.5376495391
CtrSVDD_0035_E_0013475,-6.8461463128
CtrSVDD_0036_E_0013476,0.2494491207
CtrSVDD_0037_E_0013477,-4.6566803237
CtrSVDD_0038_E_0013478,-3.3437790938
CtrSVDD_0039_E_0013479,-4.4218559257
CtrSVDD_0040_E_0013480,-4.7895470612
CtrSVDD_0041_E_0013481,-4.2655588594
CtrSVDD_0042_E_0013482,-3.3094429473
CtrSVDD_0043_E_0013483,1.0065020892
CtrSVDD_0044_E_0013484,-3.4800516664
CtrSVDD_0045_E_0013485,-4.3178966996
CtrSVDD_0046_E_0013486,-4.1382603272
CtrSVDD_0047_E_0013487,-3.8331802601
CtrSVDD_0000_E_0013488,-3.4578163255
CtrSVDD_0001_E_0013489,-6.1710405078
CtrSVDD_0002_E_0013490,2.0910621803
CtrSVDD_0003_E_0013491,-3.9595315182
CtrSVDD_0004_E_0013492,-0.5407534501
CtrSVDD_0005_E_0013493,0.1452840503
CtrSVDD_0006_E_0013494,0.7327225318
CtrSVDD_0007_E_0013495,-1.5259183256
CtrSVDD_0008_E_0013496,-5.8878735738
CtrSVDD_0009_E_0013497,-3.4784134313
CtrSVDD_0010_E_0013498,-4.5943946412
CtrSVDD_0011_E_0013499,-5.0086735203
CtrSVDD_0012_E_0013500,-4.5355055135
CtrSVDD_0013_E_0013501,0.0496774027
CtrSVDD_0014_E_0013502,-6.3084200008
CtrSVDD_0015_E_0013503,-4.4311721769
CtrSVDD_0016_E_0013504,-1.8464856964
CtrSVDD_0017_E_0013505,-5.0309028236
CtrSVDD_0018_E_0013506,-5.0480336068
CtrSVDD_0019_E_0013507,-4.4500393150
CtrSVDD_0020_E_0013508,-4.8645249020
CtrSVDD_0021_E_0013509,-4.2668306800
CtrSVDD_0022_E_0013510,-4.9162195856
CtrSVDD_0023_E_0013511,-4.0670286158
CtrSVDD_0024_E_0013512,-5.0063239746
CtrSVDD_0025_E_0013513,-3.1385486533
CtrSVDD_0026_E_0013514,-3.1385212171
CtrSVDD_0027_E_0013515,-0.1807232334
CtrSVDD_0028_E_0013516,-5.7449474294
CtrSVDD_0029_E_0013517,-4.1434457095
CtrSVDD_0030_E_0013518,-4.5709091018
CtrSVDD_0031_E_0013519,-0.2010000890
CtrSVDD_0032_E_0013520,-6.1090461009
CtrSVDD_0033_E_0013521,-4.9944873673
CtrSVDD_0034_E_0013522,-0.9197548299
CtrSVDD_0035_E_0013523,-1.3568434853
CtrSVDD_0036_E_0013524,-4.1074780279
CtrSVDD_0037_E_0013525,-2.9869798381
CtrSVDD_0038_E_0013526,-5.1684470545
CtrSVDD_0039_E_0013527,-0.1410444574
CtrSVDD_0040_E_0013528,-3.9587699223
CtrSVDD_0041_E_0013529,-5.6678558053
CtrSVDD_0042_E_0013530,-5.4157633275
CtrSVDD_0043_E_0013531,-1.1972565861
CtrSVDD_0044_E_0013532,-4.2296243275
CtrSVDD_0045_E_0013533,-5.5306699459
CtrSVDD_0046_E_0013534,-1.6400430956
CtrSVDD_0047_E_0013535,-5.0192079371
CtrSVDD_0000_E_0013536,2.1507868402
CtrSVDD_0001_E_0013537,0.4769881839
CtrSVDD_0002_E_0013538,0.3593837417
CtrSVDD_0003_E_0013539,-5.5300063093
CtrSVDD_0004_E_0013540,-3.6429237541
CtrSVDD_0005_E_0013541,-3.4643359294
CtrSVDD_0006_E_0013542,-0.0735025060
CtrSVDD_0007_E_0013543,-4.5918154386
CtrSVDD_0008_E_0013544,-3.3679480209
CtrSVDD_0009_E_0013545,0.5180080643
CtrSVDD_0010_E_0013546,-4.5393993712
CtrSVDD_0011_E_0013547,-5.7079959029
CtrSVDD_0012_E_0013548,-1.0044612778
CtrSVDD_0013_E_0013549,-5.0288772983
CtrSVDD_0014_E_0013550,-3.3493655353
CtrSVDD_0015_E_0013551,-0.4412387283
CtrSVDD_0016_E_0013552,-4.2770186201
CtrSVDD_0017_E_0013553,-5.6074653083
CtrSVDD_0018_E_0013554,-1.9735675101
CtrSVDD_0019_E_0013555,-5.9720933961
CtrSVDD_0020_E_0013556,-6.3053543056
CtrSVDD_0021_E_0013557,-0.2639055764
CtrSVDD_0022_E_0013558,-0.1100264567
CtrSVDD_0023_E_0013559,-2.8146744257
CtrSVDD_0024_E_0013560,-5.3558329865
CtrSVDD_0025_E_0013561,-5.3818061289
CtrSVDD_0026_E_0013562,-5.5914362207
CtrSVDD_0027_E_0013563,-2.4465553340
CtrSVDD_0028_E_0013564,0.3237943289
CtrSVDD_0029_E_0013565,-4.7542795119
CtrSVDD_0030_E_0013566,-3.8670363487
CtrSVDD_0031_E_0013567,-3.2630172649
CtrSVDD_0032_E_0013568,-4.8748437467
CtrSVDD_0033_E_0013569,-3.5353941587
CtrSVDD_0034_E_0013570,-1.6983154602
CtrSVDD_0035_E_0013571,-1.8206189119
CtrSVDD_0036_E_0013572,0.4315698163
CtrSVDD_0037_E_0013573,-0.1043990475
CtrSVDD_0038_E_0013574,-6.1642960346
CtrSVDD_0039_E_0013575,0.3655359218
CtrSVDD_0040_E_0013576,-3.4738682397
CtrSVDD_0041_E_0013577,-2.4932347635
CtrSVDD_0042_E_0013578,-6.0023755689
CtrSVDD_0043_E_0013579,-3.8527268508
CtrSVDD_0044_E_0013580,-3.8643448393
CtrSVDD_0045_E_0013581,-3.5785582855
CtrSVDD_0046_E_0013582,-0.6201542326
CtrSVDD_0047_E_0013583,0.0622863212
CtrSVDD_0000_E_0013584,0.5455439463
CtrSVDD_0001_E_0013585,-3.1695387819
CtrSVDD_0002_E_0013586,-1.7924865226
CtrSVDD_0003_E_0013587,-4.3258021420
CtrSVDD_0004_E_0013588,-4.3362543169
CtrSVDD_0005_E_0013589,-1.3557968951
CtrSVDD_0006_E_0013590,-0.9393442336
CtrSVDD_0007_E_0013591,-0.5882543120
CtrSVDD_0008_E_0013592,-3.4777289497
CtrSVDD_0009_E_0013593,1.1962863813
CtrSVDD_0010_E_0013594,-2.5489838848
CtrSVDD_0011_E_0013595,-1.8616685118
CtrSVDD_0012_E_0013596,0.5772449641
CtrSVDD_0013_E_0013597,-4.8100941256
CtrSVDD_0014_E_0013598,-6.6494485749
CtrSVDD_0015_E_0013599,-4.1964273715
CtrSVDD_0016_E_0013600,0.0763079424
CtrSVDD_0017_E_0013601,-4.1987162543
CtrSVDD_0018_E_0013602,-3.7032388647
CtrSVDD_0019_E_0013603,-3.8840850907
CtrSVDD_0020_E_0013604,0.0552802723
CtrSVDD_0021_E_0013605,-4.3641506534
CtrSVDD_0022_E_0013606,-0.8655832398
CtrSVDD_0023_E_0013607,0.7830568137
CtrSVDD_0024_E_0013608,-3.1653275121
CtrSVDD_0025_E_0013609,0.6335272124
CtrSVDD_0026_E_0013610,-3.6737364094
CtrSVDD_0027_E_0013611,-2.7990322949
CtrSVDD_0028_E_0013612,-5.6583968220
CtrSVDD_0029_E_0013613,-4.8851716581
CtrSVDD_0030_E_0013614,-4.6080319577
CtrSVDD_0031_E_0013615,-3.6032284671
CtrSVDD_0032_E_0013616,-2.5324776133
CtrSVDD_0033_E_0013617,-4.5813715698
CtrSVDD_0034_E_0013618,-2.0127007170
CtrSVDD_0035_E_0013619,-4.4594337438
CtrSVDD_0036_E_0013620,-3.1488293643
CtrSVDD_0037_E_0013621,-1.7692086939
CtrSVDD_0038_E_0013622,-3.3647982671
CtrSVDD_0039_E_0013623,-4.7080381592
CtrSVDD_0040_E_0013624,1.1252843155
CtrSVDD_0041_E_0013625,-6.3878911772
CtrSVDD_0042_E_0013626,1.2642261759
CtrSVDD_0043_E_0013627,-2.3608271992
CtrSVDD_0044_E_0013628,-4.4752104673
CtrSVDD_0045_E_0013629,-3.4054447839
CtrSVDD_0046_E_0013630,-6.3194025324
CtrSVDD_0047_E_0013631,-6.6545467749
CtrSVDD_0000_E_0013632,-1.9378980146
CtrSVDD_0001_E_0013633,0.0749051505
CtrSVDD_0002_E_0013634,-4.5867977289
CtrSVDD_0003_E_0013635,-1.3034262164
CtrSVDD_0004_E_0013636,-5.1156655449
CtrSVDD_0005_E_0013637,-0.9240337388
CtrSVDD_0006_E_0013638,-2.1468147108
CtrSVDD_0007_E_0013639,-2.0601930454
CtrSVDD_0008_E_0013640,-5.6535249662
CtrSVDD_0009_E_0013641,-3.3726102879
CtrSVDD_0010_E_0013642,-2.8823200802
CtrSVDD_0011_E_0013643,-1.4170338640
CtrSVDD_0012_E_0013644,-3.9863879110
CtrSVDD_0013_E_0013645,-2.6043127677
CtrSVDD_0014_E_0013646,-4.3673215128
CtrSVDD_0015_E_0013647,-4.2980677780
CtrSVDD_0016_E_0013648,-0.2944485424
CtrSVDD_0017_E_0013649,-4.6504746885
CtrSVDD_0018_E_0013650,-4.3823043009
CtrSVDD_0019_E_0013651,-3.3559820369
CtrSVDD_0020_E_0013652,-4.9431117969
CtrSVDD_0021_E_0013653,-4.8059254866
CtrSVDD_0022_E_0013654,-2.5933527918
CtrSVDD_0023_E_0013655,-0.5455439463
CtrSVDD_0024_E_0013656,1.2095831855
CtrSVDD_0025_E_0013657,-0.1466978246
CtrSVDD_0026_E_0013658,1.8207925786
CtrSVDD_0027_E_0013659,-3.1600397541
CtrSVDD_0028_E_0013660,-3.8872579163
CtrSVDD_0029_E_0013661,-2.9583746818
CtrSVDD_0030_E_0013662,1.3503700232
CtrSVDD_0031_E_0013663,-4.4470404239
