filename,score
CtrSVDD_0000_E_0000000,-6.6254771070
CtrSVDD_0001_E_0000001,0.2494491207
CtrSVDD_0002_E_0000002,-5.4990544456
CtrSVDD_0003_E_0000003,-6.3166812639
CtrSVDD_0004_E_0000004,-5.8057773562
CtrSVDD_0005_E_0000005,-7.2285509449
CtrSVDD_0006_E_0000006,-7.1581577745
CtrSVDD_0007_E_0000007,-7.6240265154
CtrSVDD_0008_E_0000008,-6.5428929084
CtrSVDD_0009_E_0000009,-0.9689532745
CtrSVDD_0010_E_0000010,-6.9544221335
CtrSVDD_0011_E_0000011,-6.7343312176
CtrSVDD_0012_E_0000012,-6.5719113243
CtrSVDD_0013_E_0000013,-1.0205289246
CtrSVDD_0014_E_0000014,-6.1498496695
CtrSVDD_0015_E_0000015,-4.2813710020
CtrSVDD_0016_E_0000016,-4.3582148435
CtrSVDD_0017_E_0000017,-4.6181214555
CtrSVDD_0018_E_0000018,-4.7711774497
CtrSVDD_0019_E_0000019,-6.9765674551
CtrSVDD_0020_E_0000020,-7.6815805458
CtrSVDD_0021_E_0000021,-8.8501302489
CtrSVDD_0022_E_0000022,-4.4051527302
CtrSVDD_0023_E_0000023,-4.9091403494
CtrSVDD_0024_E_0000024,-7.3604633086
CtrSVDD_0025_E_0000025,-0.1212919178
CtrSVDD_0026_E_0000026,-6.8944449430
CtrSVDD_0027_E_0000027,-5.9544986082
CtrSVDD_0028_E_0000028,-7.1315036580
CtrSVDD_0029_E_0000029,0.8758006938
CtrSVDD_0030_E_0000030,-8.0575855156
CtrSVDD_0031_E_0000031,-5.3613230721
CtrSVDD_0032_E_0000032,-4.4123363716
CtrSVDD_0033_E_0000033,-7.7469182325
CtrSVDD_0034_E_0000034,-5.6927828523
CtrSVDD_0035_E_0000035,-7.0212968050
CtrSVDD_0036_E_0000036,-7.0604571052
CtrSVDD_0037_E_0000037,-6.4568686070
CtrSVDD_0038_E_0000038,-0.2842384143
CtrSVDD_0039_E_0000039,-9.1629934871
CtrSVDD_0040_E_0000040,-0.5999356728
CtrSVDD_0041_E_0000041,-6.2283155136
CtrSVDD_0042_E_0000042,-1.1489950162
CtrSVDD_0043_E_0000043,-7.0186155330
CtrSVDD_0044_E_0000044,-3.8207184380
CtrSVDD_0045_E_0000045,-5.6421191854
CtrSVDD_0046_E_0000046,-5.0569914505
CtrSVDD_0047_E_0000047,-5.3682843473
CtrSVDD_0000_E_0000048,0.5038065543
CtrSVDD_0001_E_0000049,-7.2325893298
CtrSVDD_0002_E_0000050,-5.2595273476
CtrSVDD_0003_E_0000051,-5.8077325997
CtrSVDD_0004_E_0000052,-5.8339785987
CtrSVDD_0005_E_0000053,-5.7508173083
CtrSVDD_0006_E_0000054,0.2405581457
CtrSVDD_0007_E_0000055,-6.1078539284
CtrSVDD_0008_E_0000056,-6.9669623654
CtrSVDD_0009_E_0000057,-9.3635214869
CtrSVDD_0010_E_0000058,-6.3149732775
CtrSVDD_0011_E_0000059,-5.2475658259
CtrSVDD_0012_E_0000060,-4.8448986114
CtrSVDD_0013_E_0000061,-4.2436030708
CtrSVDD_0014_E_0000062,-6.2987650321
CtrSVDD_0015_E_0000063,-2.3487983802
CtrSVDD_0016_E_0000064,-6.2494886606
CtrSVDD_0017_E_0000065,-9.0562958326
CtrSVDD_0018_E_0000066,-6.4896907784
CtrSVDD_0019_E_0000067,-5.5808960743
CtrSVDD_0020_E_0000068,-5.6380063954
CtrSVDD_0021_E_0000069,-2.8178894236
CtrSVDD_0022_E_0000070,-4.7752832969
CtrSVDD_0023_E_0000071,-6.1523191562
CtrSVDD_0024_E_0000072,-8.1700980962
CtrSVDD_0025_E_0000073,-2.5867783607
CtrSVDD_0026_E_0000074,-5.7599239434
CtrSVDD_0027_E_0000075,-6.4106355492
CtrSVDD_0028_E_0000076,-2.3122707711
CtrSVDD_0029_E_0000077,1.8587820645
CtrSVDD_0030_E_0000078,-5.0833282782
CtrSVDD_0031_E_0000079,-7.9753389900
CtrSVDD_0032_E_0000080,-5.0422736163
CtrSVDD_0033_E_0000081,-5.3286096014
CtrSVDD_0034_E_0000082,-4.5783571842
CtrSVDD_0035_E_0000083,-7.5009250635
CtrSVDD_0036_E_0000084,-5.5834598256
CtrSVDD_0037_E_0000085,-5.8602083327
CtrSVDD_0038_E_0000086,-5.7451382179
CtrSVDD_0039_E_0000087,-3.9796115587
CtrSVDD_0040_E_0000088,-5.9938846534
CtrSVDD_0041_E_0000089,-7.4932547456
CtrSVDD_0042_E_0000090,-6.4386847181
CtrSVDD_0043_E_0000091,-4.8442979434
CtrSVDD_0044_E_0000092,-4.8573873846
CtrSVDD_0045_E_0000093,-0.3341302823
CtrSVDD_0046_E_0000094,-4.7444036732
CtrSVDD_0047_E_0000095,-6.4705526457
CtrSVDD_0000_E_0000096,-7.0458267132
CtrSVDD_0001_E_0000097,-6.6815116769
CtrSVDD_0002_E_0000098,-6.6941737618
CtrSVDD_0003_E_0000099,-6.9051231876
CtrSVDD_0004_E_0000100,-6.8089195453
CtrSVDD_0005_E_0000101,-7.3319621480
CtrSVDD_0006_E_0000102,-5.2245010692
CtrSVDD_0007_E_0000103,0.1537711546
CtrSVDD_0008_E_0000104,-4.8424197419
CtrSVDD_0009_E_0000105,-5.0110282419
CtrSVDD_0010_E_0000106,-3.9751155890
CtrSVDD_0011_E_0000107,-7.1941527557
CtrSVDD_0012_E_0000108,-7.9837094385
CtrSVDD_0013_E_0000109,-0.2988336633
CtrSVDD_0014_E_0000110,-3.0989513249
CtrSVDD_0015_E_0000111,-7.0412617532
CtrSVDD_0016_E_0000112,-6.3052378199
CtrSVDD_0017_E_0000113,-0.7868637889
CtrSVDD_0018_E_0000114,-6.4445746413
CtrSVDD_0019_E_0000115,-6.0575873633
CtrSVDD_0020_E_0000116,-6.5798377423
CtrSVDD_0021_E_0000117,0.4738558864
CtrSVDD_0022_E_0000118,-3.1399689803
CtrSVDD_0023_E_0000119,-7.2897074875
CtrSVDD_0024_E_0000120,-5.9207797810
CtrSVDD_0025_E_0000121,-5.9460890203
CtrSVDD_0026_E_0000122,-8.3066811236
CtrSVDD_0027_E_0000123,-4.2819958738
CtrSVDD_0028_E_0000124,-5.9400506046
CtrSVDD_0029_E_0000125,-5.8621516492
CtrSVDD_0030_E_0000126,-4.5512838609
CtrSVDD_0031_E_0000127,-5.2455194818
CtrSVDD_0032_E_0000128,-8.0505209976
CtrSVDD_0033_E_0000129,0.4832668847
CtrSVDD_0034_E_0000130,-6.6468762752
CtrSVDD_0035_E_0000131,-3.8343415695
CtrSVDD_0036_E_0000132,0.3818576368
CtrSVDD_0037_E_0000133,-8.3427084075
CtrSVDD_0038_E_0000134,-6.9813771341
CtrSVDD_0039_E_0000135,-6.3686993624
CtrSVDD_0040_E_0000136,-5.9237573300
CtrSVDD_0041_E_0000137,-0.2784173997
CtrSVDD_0042_E_0000138,-7.3768740083
CtrSVDD_0043_E_0000139,2.3941732400
CtrSVDD_0044_E_0000140,-5.2866875887
CtrSVDD_0045_E_0000141,-6.8110825994
CtrSVDD_0046_E_0000142,2.1665662910
CtrSVDD_0047_E_0000143,-7.2908380334
CtrSVDD_0000_E_0000144,-6.6064451244
CtrSVDD_0001_E_0000145,-7.1540217215
CtrSVDD_0002_E_0000146,-6.2135416186
CtrSVDD_0003_E_0000147,-7.0862736310
CtrSVDD_0004_E_0000148,-7.0067292752
CtrSVDD_0005_E_0000149,-5.9906187026
CtrSVDD_0006_E_0000150,-5.3139682732
CtrSVDD_0007_E_0000151,0.5832725752
CtrSVDD_0008_E_0000152,0.5455439463
CtrSVDD_0009_E_0000153,0.0706976479
CtrSVDD_0010_E_0000154,0.0917491809
CtrSVDD_0011_E_0000155,-5.1553193685
CtrSVDD_0012_E_0000156,1.6618633406
CtrSVDD_0013_E_0000157,-6.0462745027
CtrSVDD_0014_E_0000158,-6.2957248406
CtrSVDD_0015_E_0000159,-3.8685920913
CtrSVDD_0016_E_0000160,-3.5275130138
CtrSVDD_0017_E_0000161,-8.2245053607
CtrSVDD_0018_E_0000162,-6.2900964970
CtrSVDD_0019_E_0000163,-6.7464697859
CtrSVDD_0020_E_0000164,-7.3071804768
CtrSVDD_0021_E_0000165,-1.2679967613
CtrSVDD_0022_E_0000166,-0.0566812540
CtrSVDD_0023_E_0000167,0.4857699121
CtrSVDD_0024_E_0000168,-3.7698542793
CtrSVDD_0025_E_0000169,-6.7781322536
CtrSVDD_0026_E_0000170,-7.6890801662
CtrSVDD_0027_E_0000171,-6.1601273504
CtrSVDD_0028_E_0000172,-1.3679843837
CtrSVDD_0029_E_0000173,-5.6714169643
CtrSVDD_0030_E_0000174,-6.0431642006
CtrSVDD_0031_E_0000175,-6.6283995018
CtrSVDD_0032_E_0000176,-7.0777446838
CtrSVDD_0033_E_0000177,-4.6604371052
CtrSVDD_0034_E_0000178,-5.4559388230
CtrSVDD_0035_E_0000179,-5.2804259234
CtrSVDD_0036_E_0000180,-4.0863154579
CtrSVDD_0037_E_0000181,-6.9169124825
CtrSVDD_0038_E_0000182,-6.6807916999
CtrSVDD_0039_E_0000183,-2.3143720728
CtrSVDD_0040_E_0000184,-5.1139622067
CtrSVDD_0041_E_0000185,-6.7792677148
CtrSVDD_0042_E_0000186,-6.5401712804
CtrSVDD_0043_E_0000187,-3.7794494770
CtrSVDD_0044_E_0000188,-5.4810501389
CtrSVDD_0045_E_0000189,-5.7170795406
CtrSVDD_0046_E_0000190,-3.4878485386
CtrSVDD_0047_E_0000191,-5.7554228748
CtrSVDD_0000_E_0000192,-6.1186190808
CtrSVDD_0001_E_0000193,-4.1931329170
CtrSVDD_0002_E_0000194,-9.4525694042
CtrSVDD_0003_E_0000195,-6.0404244934
CtrSVDD_0004_E_0000196,-4.7416023024
CtrSVDD_0005_E_0000197,-6.5847692324
CtrSVDD_0006_E_0000198,-8.3802655860
CtrSVDD_0007_E_0000199,-8.6475662269
CtrSVDD_0008_E_0000200,-6.1921732497
CtrSVDD_0009_E_0000201,-5.4020860608
CtrSVDD_0010_E_0000202,-6.0623117861
CtrSVDD_0011_E_0000203,-3.1007473530
CtrSVDD_0012_E_0000204,-5.8302530905
CtrSVDD_0013_E_0000205,-5.8341416292
CtrSVDD_0014_E_0000206,-6.3346555327
CtrSVDD_0015_E_0000207,-9.2264981591
CtrSVDD_0016_E_0000208,-8.2216610660
CtrSVDD_0017_E_0000209,-3.1061283016
CtrSVDD_0018_E_0000210,-5.9996487695
CtrSVDD_0019_E_0000211,-0.9100854533
CtrSVDD_0020_E_0000212,-7.0960636171
CtrSVDD_0021_E_0000213,-4.8521319776
CtrSVDD_0022_E_0000214,-5.0819622777
CtrSVDD_0023_E_0000215,-6.1741742869
CtrSVDD_0024_E_0000216,-1.9220296332
CtrSVDD_0025_E_0000217,-7.6274818916
CtrSVDD_0026_E_0000218,-5.1542915840
CtrSVDD_0027_E_0000219,-6.8035045727
CtrSVDD_0028_E_0000220,-5.4057188480
CtrSVDD_0029_E_0000221,-6.2858602353
CtrSVDD_0030_E_0000222,-4.3228655101
CtrSVDD_0031_E_0000223,-5.3579123683
CtrSVDD_0032_E_0000224,-1.9741473262
CtrSVDD_0033_E_0000225,-5.1512978725
CtrSVDD_0034_E_0000226,-3.3126264065
CtrSVDD_0035_E_0000227,-6.5791267547
CtrSVDD_0036_E_0000228,-5.8014868632
CtrSVDD_0037_E_0000229,-6.5380878116
CtrSVDD_0038_E_0000230,-6.8720723767
CtrSVDD_0039_E_0000231,-7.8660568581
CtrSVDD_0040_E_0000232,0.8840409509
CtrSVDD_0041_E_0000233,-2.5648238370
CtrSVDD_0042_E_0000234,-0.9588950729
CtrSVDD_0043_E_0000235,-7.6357624195
CtrSVDD_0044_E_0000236,-5.3954204284
CtrSVDD_0045_E_0000237,-6.5867828547
CtrSVDD_0046_E_0000238,-8.6288547021
CtrSVDD_0047_E_0000239,-4.6176941592
CtrSVDD_0000_E_0000240,-2.7419630237
CtrSVDD_0001_E_0000241,-6.0064269316
CtrSVDD_0002_E_0000242,-6.9825804909
CtrSVDD_0003_E_0000243,1.7589986111
CtrSVDD_0004_E_0000244,-7.8249037649
CtrSVDD_0005_E_0000245,-6.2095556649
CtrSVDD_0006_E_0000246,-7.8351513166
CtrSVDD_0007_E_0000247,1.7141807469
CtrSVDD_0008_E_0000248,-5.4285249708
CtrSVDD_0009_E_0000249,-1.0088261121
CtrSVDD_0010_E_0000250,-7.3275274478
CtrSVDD_0011_E_0000251,-5.8657687839
CtrSVDD_0012_E_0000252,-6.1481623112
CtrSVDD_0013_E_0000253,-5.5307513073
CtrSVDD_0014_E_0000254,0.2959096162
CtrSVDD_0015_E_0000255,-7.1980422584
CtrSVDD_0016_E_0000256,-5.5970324452
CtrSVDD_0017_E_0000257,-5.3472985057
CtrSVDD_0018_E_0000258,-6.6041329751
CtrSVDD_0019_E_0000259,-5.5944829379
CtrSVDD_0020_E_0000260,-3.4198651272
CtrSVDD_0021_E_0000261,-4.5637596550
CtrSVDD_0022_E_0000262,-3.6630951593
CtrSVDD_0023_E_0000263,1.0847652160
CtrSVDD_0024_E_0000264,-7.1994147250
CtrSVDD_0025_E_0000265,-4.5839933486
CtrSVDD_0026_E_0000266,-5.5110518558
CtrSVDD_0027_E_0000267,1.8996605653
CtrSVDD_0028_E_0000268,-6.0988357140
CtrSVDD_0029_E_0000269,-4.8172541684
CtrSVDD_0030_E_0000270,-7.2123610223
CtrSVDD_0031_E_0000271,-4.7762617685
CtrSVDD_0032_E_0000272,-6.6308078805
CtrSVDD_0033_E_0000273,-8.2438006776
CtrSVDD_0034_E_0000274,-6.1715737580
CtrSVDD_0035_E_0000275,-4.8158952803
CtrSVDD_0036_E_0000276,-5.6793512425
CtrSVDD_0037_E_0000277,-6.9806313305
CtrSVDD_0038_E_0000278,-6.4579427462
CtrSVDD_0039_E_0000279,-6.5525064178
CtrSVDD_0040_E_0000280,-7.1030534519
CtrSVDD_0041_E_0000281,-7.0797653920
CtrSVDD_0042_E_0000282,-2.2711056262
CtrSVDD_0043_E_0000283,-4.9469677583
CtrSVDD_0044_E_0000284,-6.8748729130
CtrSVDD_0045_E_0000285,-5.0113549825
CtrSVDD_0046_E_0000286,-5.6725806668
CtrSVDD_0047_E_0000287,-6.0409585575
CtrSVDD_0000_E_0000288,-4.7221617993
CtrSVDD_0001_E_0000289,-6.2009876048
CtrSVDD_0002_E_0000290,-6.2133481903
CtrSVDD_0003_E_0000291,-6.7046096100
CtrSVDD_0004_E_0000292,-6.5728893208
CtrSVDD_0005_E_0000293,-5.7232154058
CtrSVDD_0006_E_0000294,-6.7607619774
CtrSVDD_0007_E_0000295,-5.8556630594
CtrSVDD_0008_E_0000296,-3.8540334160
CtrSVDD_0009_E_0000297,-3.5291646314
CtrSVDD_0010_E_0000298,-2.5524490736
CtrSVDD_0011_E_0000299,-6.8325832195
CtrSVDD_0012_E_0000300,-7.4825828958
CtrSVDD_0013_E_0000301,-5.7797809092
CtrSVDD_0014_E_0000302,-4.5562173834
CtrSVDD_0015_E_0000303,-6.1820014642
CtrSVDD_0016_E_0000304,-0.8414219247
CtrSVDD_0017_E_0000305,0.9261795494
CtrSVDD_0018_E_0000306,-4.1024705147
CtrSVDD_0019_E_0000307,-4.5033469080
CtrSVDD_0020_E_0000308,-8.8672494684
CtrSVDD_0021_E_0000309,-6.5833106948
CtrSVDD_0022_E_0000310,-5.6002986477
CtrSVDD_0023_E_0000311,-5.0670836106
CtrSVDD_0024_E_0000312,-6.8962151120
CtrSVDD_0025_E_0000313,-5.8980675307
CtrSVDD_0026_E_0000314,1.6601712470
CtrSVDD_0027_E_0000315,1.2586761719
CtrSVDD_0028_E_0000316,-5.2767123467
CtrSVDD_0029_E_0000317,-5.5789137708
CtrSVDD_0030_E_0000318,0.6667843191
CtrSVDD_0031_E_0000319,-3.4580477304
CtrSVDD_0032_E_0000320,0.8796325195
CtrSVDD_0033_E_0000321,-3.1452762188
CtrSVDD_0034_E_0000322,-7.3153565409
CtrSVDD_0035_E_0000323,-0.3349511434
CtrSVDD_0036_E_0000324,-6.9241811678
CtrSVDD_0037_E_0000325,-5.1702917065
CtrSVDD_0038_E_0000326,-4.9652926104
CtrSVDD_0039_E_0000327,-4.3795905847
CtrSVDD_0040_E_0000328,-5.1334113609
CtrSVDD_0041_E_0000329,-6.5399061111
CtrSVDD_0042_E_0000330,-5.8055998493
CtrSVDD_0043_E_0000331,-0.8494205515
CtrSVDD_0044_E_0000332,0.9835540622
CtrSVDD_0045_E_0000333,-6.2185308544
CtrSVDD_0046_E_0000334,-6.4762773918
CtrSVDD_0047_E_0000335,-5.3163978708
CtrSVDD_0000_E_0000336,1.3678331905
CtrSVDD_0001_E_0000337,-3.2922956766
CtrSVDD_0002_E_0000338,-6.4982856668
CtrSVDD_0003_E_0000339,-3.5308161956
CtrSVDD_0004_E_0000340,-4.8038061123
CtrSVDD_0005_E_0000341,1.0392537032
CtrSVDD_0006_E_0000342,-0.8944264796
CtrSVDD_0007_E_0000343,-5.0788052079
CtrSVDD_0008_E_0000344,-3.1943781537
CtrSVDD_0009_E_0000345,-4.3757478520
CtrSVDD_0010_E_0000346,-6.9130163977
CtrSVDD_0011_E_0000347,-5.6804339202
CtrSVDD_0012_E_0000348,-6.0186846756
CtrSVDD_0013_E_0000349,-7.2756571366
CtrSVDD_0014_E_0000350,-8.5960826182
CtrSVDD_0015_E_0000351,-0.2523361478
CtrSVDD_0016_E_0000352,-7.1355742786
CtrSVDD_0017_E_0000353,-6.3107991634
CtrSVDD_0018_E_0000354,-3.4928101474
CtrSVDD_0019_E_0000355,-6.6184118772
CtrSVDD_0020_E_0000356,-0.9677938789
CtrSVDD_0021_E_0000357,-6.3557551141
CtrSVDD_0022_E_0000358,-6.0294457915
CtrSVDD_0023_E_0000359,-7.4672341785
CtrSVDD_0024_E_0000360,0.9218921745
CtrSVDD_0025_E_0000361,-5.6334875057
CtrSVDD_0026_E_0000362,-7.3112880226
CtrSVDD_0027_E_0000363,-6.3874216492
CtrSVDD_0028_E_0000364,1.1905839276
CtrSVDD_0029_E_0000365,-6.1593417799
CtrSVDD_0030_E_0000366,0.4990480477
CtrSVDD_0031_E_0000367,-1.3970837332
CtrSVDD_0032_E_0000368,-6.5066606745
CtrSVDD_0033_E_0000369,-5.6142713354
CtrSVDD_0034_E_0000370,-7.2528428781
CtrSVDD_0035_E_0000371,-5.3715247139
CtrSVDD_0036_E_0000372,-6.4598598134
CtrSVDD_0037_E_0000373,-0.6096677343
CtrSVDD_0038_E_0000374,-4.7261003594
CtrSVDD_0039_E_0000375,-7.7065392209
CtrSVDD_0040_E_0000376,-6.8946673907
CtrSVDD_0041_E_0000377,-5.8218338293
CtrSVDD_0042_E_0000378,-5.7156065532
CtrSVDD_0043_E_0000379,-2.8485097153
CtrSVDD_0044_E_0000380,-6.1796452666
CtrSVDD_0045_E_0000381,-7.9635481050
CtrSVDD_0046_E_0000382,-6.3101164221
CtrSVDD_0047_E_0000383,-6.6780479072
CtrSVDD_0000_E_0000384,-4.3538204689
CtrSVDD_0001_E_0000385,-0.8138400168
CtrSVDD_0002_E_0000386,-0.9091304899
CtrSVDD_0003_E_0000387,-7.9774823453
CtrSVDD_0004_E_0000388,-6.2986295700
CtrSVDD_0005_E_0000389,-5.2056678470
CtrSVDD_0006_E_0000390,-7.0370700090
CtrSVDD_0007_E_0000391,-1.8167226045
CtrSVDD_0008_E_0000392,-7.5337860722
CtrSVDD_0009_E_0000393,0.8177421023
CtrSVDD_0010_E_0000394,-6.9663860549
CtrSVDD_0011_E_0000395,-5.5127942230
CtrSVDD_0012_E_0000396,-3.0935560161
CtrSVDD_0013_E_0000397,1.6687566719
CtrSVDD_0014_E_0000398,-0.0636878869
CtrSVDD_0015_E_0000399,-5.3995935980
CtrSVDD_0016_E_0000400,-4.1401605104
CtrSVDD_0017_E_0000401,-2.1685942831
CtrSVDD_0018_E_0000402,-6.1464737510
CtrSVDD_0019_E_0000403,-4.4765947172
CtrSVDD_0020_E_0000404,-7.2452541917
CtrSVDD_0021_E_0000405,-7.2113657911
CtrSVDD_0022_E_0000406,-9.6402327093
CtrSVDD_0023_E_0000407,-6.3638311195
CtrSVDD_0024_E_0000408,-2.2570260943
CtrSVDD_0025_E_0000409,-7.3693529560
CtrSVDD_0026_E_0000410,-0.0258804687
CtrSVDD_0027_E_0000411,0.7849588792
CtrSVDD_0028_E_0000412,-0.0763079424
CtrSVDD_0029_E_0000413,-7.3872223025
CtrSVDD_0030_E_0000414,-7.2216607215
CtrSVDD_0031_E_0000415,-7.4357858573
CtrSVDD_0032_E_0000416,-5.4705125271
CtrSVDD_0033_E_0000417,1.9484439573
CtrSVDD_0034_E_0000418,-7.3003542266
CtrSVDD_0035_E_0000419,-4.4381092362
CtrSVDD_0036_E_0000420,-7.2475795749
CtrSVDD_0037_E_0000421,-7.3343578932
CtrSVDD_0038_E_0000422,-5.2976238650
CtrSVDD_0039_E_0000423,2.4676109108
CtrSVDD_0040_E_0000424,0.5471678918
CtrSVDD_0041_E_0000425,-6.2078865989
CtrSVDD_0042_E_0000426,-4.8964208418
CtrSVDD_0043_E_0000427,-7.6524733339
CtrSVDD_0044_E_0000428,-6.7247556287
CtrSVDD_0045_E_0000429,-2.8622055845
CtrSVDD_0046_E_0000430,-6.4075366414
CtrSVDD_0047_E_0000431,-5.9631070305
CtrSVDD_0000_E_0000432,-6.7401374638
CtrSVDD_0001_E_0000433,-6.9947835885
CtrSVDD_0002_E_0000434,-5.0653311933
CtrSVDD_0003_E_0000435,-8.6903458012
CtrSVDD_0004_E_0000436,-6.0443491295
CtrSVDD_0005_E_0000437,-6.5310308097
CtrSVDD_0006_E_0000438,-3.5619500691
CtrSVDD_0007_E_0000439,-5.0772858636
CtrSVDD_0008_E_0000440,-6.9430622247
CtrSVDD_0009_E_0000441,-4.9952311445
CtrSVDD_0010_E_0000442,0.5394049451
CtrSVDD_0011_E_0000443,-6.1899568296
CtrSVDD_0012_E_0000444,-6.9657671548
CtrSVDD_0013_E_0000445,-7.2668520720
CtrSVDD_0014_E_0000446,-3.0963890956
CtrSVDD_0015_E_0000447,-8.4027352151
CtrSVDD_0016_E_0000448,-4.9670571163
CtrSVDD_0017_E_0000449,0.1594353462
CtrSVDD_0018_E_0000450,-6.6386838998
CtrSVDD_0019_E_0000451,0.4274043749
CtrSVDD_0020_E_0000452,-4.2870869242
CtrSVDD_0021_E_0000453,-7.7486007607
CtrSVDD_0022_E_0000454,-3.7750263529
CtrSVDD_0023_E_0000455,-7.2320042891
CtrSVDD_0024_E_0000456,-7.3311557094
CtrSVDD_0025_E_0000457,-4.1766089598
CtrSVDD_0026_E_0000458,-0.8635505819
CtrSVDD_0027_E_0000459,-8.2666375797
CtrSVDD_0028_E_0000460,-5.3493629372
CtrSVDD_0029_E_0000461,-3.1839190156
CtrSVDD_0030_E_0000462,-4.0271034763
CtrSVDD_0031_E_0000463,-8.1998643139
CtrSVDD_0032_E_0000464,-1.5253929382
CtrSVDD_0033_E_0000465,-5.6668561499
CtrSVDD_0034_E_0000466,0.2436812725
CtrSVDD_0035_E_0000467,-3.1646569657
CtrSVDD_0036_E_0000468,-7.9868890652
CtrSVDD_0037_E_0000469,-6.1846456532
CtrSVDD_0038_E_0000470,-4.9384147144
CtrSVDD_0039_E_0000471,-2.9887503787
CtrSVDD_0040_E_0000472,-6.6367907806
CtrSVDD_0041_E_0000473,-0.6631188104
CtrSVDD_0042_E_0000474,-6.2751779507
CtrSVDD_0043_E_0000475,1.1435985132
CtrSVDD_0044_E_0000476,-3.6448559421
CtrSVDD_0045_E_0000477,-8.0429440859
CtrSVDD_0046_E_0000478,-0.7108809062
CtrSVDD_0047_E_0000479,-3.6299517286
CtrSVDD_0000_E_0000480,-6.4244285093
CtrSVDD_0001_E_0000481,2.7328835547
CtrSVDD_0002_E_0000482,-7.0648004368
CtrSVDD_0003_E_0000483,-7.0678539384
CtrSVDD_0004_E_0000484,-2.4097381523
CtrSVDD_0005_E_0000485,-4.2230550012
CtrSVDD_0006_E_0000486,-6.9736809402
CtrSVDD_0007_E_0000487,-6.2229854446
CtrSVDD_0008_E_0000488,-4.7645879758
CtrSVDD_0009_E_0000489,-5.8105945947
CtrSVDD_0010_E_0000490,-1.6208744907
CtrSVDD_0011_E_0000491,-2.5916220690
CtrSVDD_0012_E_0000492,-6.1097949160
CtrSVDD_0013_E_0000493,-4.4193059861
CtrSVDD_0014_E_0000494,-5.6497382249
CtrSVDD_0015_E_0000495,-5.4511318894
CtrSVDD_0016_E_0000496,-5.3783008872
CtrSVDD_0017_E_0000497,-3.5654932261
CtrSVDD_0018_E_0000498,-4.3818557488
CtrSVDD_0019_E_0000499,-7.4886716812
CtrSVDD_0020_E_0000500,-6.7386198493
CtrSVDD_0021_E_0000501,-3.0000077043
CtrSVDD_0022_E_0000502,-2.9232733231
CtrSVDD_0023_E_0000503,-5.5246411365
CtrSVDD_0024_E_0000504,-1.8765188954
CtrSVDD_0025_E_0000505,-5.9814172786
CtrSVDD_0026_E_0000506,-4.4907151415
CtrSVDD_0027_E_0000507,-0.7811575769
CtrSVDD_0028_E_0000508,-5.0113351551
CtrSVDD_0029_E_0000509,-5.1561722748
CtrSVDD_0030_E_0000510,0.6244501778
CtrSVDD_0031_E_0000511,-6.7811770936
CtrSVDD_0032_E_0000512,-5.6775007753
CtrSVDD_0033_E_0000513,-5.7411259681
CtrSVDD_0034_E_0000514,-5.6531833769
CtrSVDD_0035_E_0000515,-5.4499848192
CtrSVDD_0036_E_0000516,-5.3043561097
CtrSVDD_0037_E_0000517,-4.3314041247
CtrSVDD_0038_E_0000518,-6.3561287269
CtrSVDD_0039_E_0000519,-5.3356148893
CtrSVDD_0040_E_0000520,1.7310263173
CtrSVDD_0041_E_0000521,-4.9448896611
CtrSVDD_0042_E_0000522,-6.5357296787
CtrSVDD_0043_E_0000523,-5.3728373701
CtrSVDD_0044_E_0000524,-6.6029768035
CtrSVDD_0045_E_0000525,-5.5933929305
CtrSVDD_0046_E_0000526,-7.9724700806
CtrSVDD_0047_E_0000527,-6.1645929378
CtrSVDD_0000_E_0000528,0.2637390726
CtrSVDD_0001_E_0000529,-6.6228108893
CtrSVDD_0002_E_0000530,-8.1463735055
CtrSVDD_0003_E_0000531,-6.6665028404
CtrSVDD_0004_E_0000532,-6.0069470281
CtrSVDD_0005_E_0000533,-3.2735815084
CtrSVDD_0006_E_0000534,-6.4261455752
CtrSVDD_0007_E_0000535,-8.1501048582
CtrSVDD_0008_E_0000536,-4.6643165853
CtrSVDD_0009_E_0000537,-1.1425950722
CtrSVDD_0010_E_0000538,-1.1962863813
CtrSVDD_0011_E_0000539,-1.1905839276
CtrSVDD_0012_E_0000540,-4.8292129491
CtrSVDD_0013_E_0000541,-7.6975649104
CtrSVDD_0014_E_0000542,-5.6708679265
CtrSVDD_0015_E_0000543,-6.3215947030
CtrSVDD_0016_E_0000544,-3.5952248065
CtrSVDD_0017_E_0000545,-7.2612259357
CtrSVDD_0018_E_0000546,-7.2921946303
CtrSVDD_0019_E_0000547,-5.4484661376
CtrSVDD_0020_E_0000548,-7.1277183975
CtrSVDD_0021_E_0000549,-8.0179179217
CtrSVDD_0022_E_0000550,-4.8448676751
CtrSVDD_0023_E_0000551,-0.3400525366
CtrSVDD_0024_E_0000552,-5.9332131804
CtrSVDD_0025_E_0000553,-6.3817892070
CtrSVDD_0026_E_0000554,-7.0579954542
CtrSVDD_0027_E_0000555,-7.1428926521
CtrSVDD_0028_E_0000556,-6.0913209471
CtrSVDD_0029_E_0000557,-6.4419477595
CtrSVDD_0030_E_0000558,-3.0591236503
CtrSVDD_0031_E_0000559,-7.0695246093
CtrSVDD_0032_E_0000560,-0.9197548299
CtrSVDD_0033_E_0000561,-3.2990820548
CtrSVDD_0034_E_0000562,-6.0377149161
CtrSVDD_0035_E_0000563,-5.3457534523
CtrSVDD_0036_E_0000564,-3.8394611659
CtrSVDD_0037_E_0000565,-7.5847824804
CtrSVDD_0038_E_0000566,-5.8788625636
CtrSVDD_0039_E_0000567,-6.5107636344
CtrSVDD_0040_E_0000568,-1.1737045358
CtrSVDD_0041_E_0000569,-6.7115420226
CtrSVDD_0042_E_0000570,-7.0318828109
CtrSVDD_0043_E_0000571,-8.7128642863
CtrSVDD_0044_E_0000572,-4.6945956634
CtrSVDD_0045_E_0000573,-6.7710594980
CtrSVDD_0046_E_0000574,-6.8147344562
CtrSVDD_0047_E_0000575,-4.7557834015
CtrSVDD_0000_E_0000576,-7.3668222754
CtrSVDD_0001_E_0000577,-6.1006428475
CtrSVDD_0002_E_0000578,-5.9982521748
CtrSVDD_0003_E_0000579,-8.0132650711
CtrSVDD_0004_E_0000580,-1.7698128505
CtrSVDD_0005_E_0000581,-8.0685543893
CtrSVDD_0006_E_0000582,0.4722914813
CtrSVDD_0007_E_0000583,-4.9015332540
CtrSVDD_0008_E_0000584,-4.3257199603
CtrSVDD_0009_E_0000585,-6.9898086314
CtrSVDD_0010_E_0000586,-1.4550792554
CtrSVDD_0011_E_0000587,-3.1961181998
CtrSVDD_0012_E_0000588,-6.1969920474
CtrSVDD_0013_E_0000589,-7.7675897491
CtrSVDD_0014_E_0000590,-1.9348118138
CtrSVDD_0015_E_0000591,-4.3591187631
CtrSVDD_0016_E_0000592,-0.0555106543
CtrSVDD_0017_E_0000593,-4.5757711520
CtrSVDD_0018_E_0000594,-7.7228568259
CtrSVDD_0019_E_0000595,-0.2508923729
CtrSVDD_0020_E_0000596,-4.5596249359
CtrSVDD_0021_E_0000597,-5.9202374596
CtrSVDD_0022_E_0000598,-9.1675273296
CtrSVDD_0023_E_0000599,0.0692954288
CtrSVDD_0024_E_0000600,-7.4186164371
CtrSVDD_0025_E_0000601,-6.0407778157
CtrSVDD_0026_E_0000602,-4.2782688000
CtrSVDD_0027_E_0000603,-6.2670454082
CtrSVDD_0028_E_0000604,-8.4188872539
CtrSVDD_0029_E_0000605,-6.2213456997
CtrSVDD_0030_E_0000606,-1.0762666132
CtrSVDD_0031_E_0000607,-7.1472104543
CtrSVDD_0032_E_0000608,-6.3974585041
CtrSVDD_0033_E_0000609,-6.0224773596
CtrSVDD_0034_E_0000610,0.5700579520
CtrSVDD_0035_E_0000611,-7.3704874884
CtrSVDD_0036_E_0000612,-5.3735007777
CtrSVDD_0037_E_0000613,0.0580823470
CtrSVDD_0038_E_0000614,-6.0193462686
CtrSVDD_0039_E_0000615,-7.2636152854
CtrSVDD_0040_E_0000616,-5.5897625165
CtrSVDD_0041_E_0000617,-6.0393718782
CtrSVDD_0042_E_0000618,-5.2552841854
CtrSVDD_0043_E_0000619,0.3987062333
CtrSVDD_0044_E_0000620,-6.4921013880
CtrSVDD_0045_E_0000621,-5.4758475829
CtrSVDD_0046_E_0000622,-5.3860085778
CtrSVDD_0047_E_0000623,-4.7863578224
CtrSVDD_0000_E_0000624,-8.4255901929
CtrSVDD_0001_E_0000625,-6.2131322716
CtrSVDD_0002_E_0000626,-5.7278350969
CtrSVDD_0003_E_0000627,-4.9522163572
CtrSVDD_0004_E_0000628,-5.0141317460
CtrSVDD_0005_E_0000629,-7.5566775060
CtrSVDD_0006_E_0000630,-6.3070385142
CtrSVDD_0007_E_0000631,-3.0844725590
CtrSVDD_0008_E_0000632,-5.5422311409
CtrSVDD_0009_E_0000633,-3.5749336317
CtrSVDD_0010_E_0000634,-6.3948883799
CtrSVDD_0011_E_0000635,-7.1556369183
CtrSVDD_0012_E_0000636,-4.9190524004
CtrSVDD_0013_E_0000637,-0.4707282311
CtrSVDD_0014_E_0000638,-7.0297876127
CtrSVDD_0015_E_0000639,-5.6474157093
CtrSVDD_0016_E_0000640,-6.8544704043
CtrSVDD_0017_E_0000641,-2.2212818261
CtrSVDD_0018_E_0000642,-7.4055491017
CtrSVDD_0019_E_0000643,-6.4126906386
CtrSVDD_0020_E_0000644,-2.8944425216
CtrSVDD_0021_E_0000645,-6.9475659339
CtrSVDD_0022_E_0000646,0.2092367911
CtrSVDD_0023_E_0000647,-6.5063834668
CtrSVDD_0024_E_0000648,-5.1586128134
CtrSVDD_0025_E_0000649,-6.0603812723
CtrSVDD_0026_E_0000650,-6.6764864200
CtrSVDD_0027_E_0000651,-0.3164326907
CtrSVDD_0028_E_0000652,-8.2327296971
CtrSVDD_0029_E_0000653,-6.7810153142
CtrSVDD_0030_E_0000654,-7.6984299370
CtrSVDD_0031_E_0000655,-7.2625625173
CtrSVDD_0032_E_0000656,-5.8194476757
CtrSVDD_0033_E_0000657,-4.4631115622
CtrSVDD_0034_E_0000658,-7.8797174251
CtrSVDD_0035_E_0000659,-5.3109747709
CtrSVDD_0036_E_0000660,0.3432308474
CtrSVDD_0037_E_0000661,-6.5589814379
CtrSVDD_0038_E_0000662,-2.0442118872
CtrSVDD_0039_E_0000663,-7.6605817463
CtrSVDD_0040_E_0000664,-0.7945121794
CtrSVDD_0041_E_0000665,-3.5609468743
CtrSVDD_0042_E_0000666,0.7811575769
CtrSVDD_0043_E_0000667,-7.3482982671
CtrSVDD_0044_E_0000668,-7.0742544916
CtrSVDD_0045_E_0000669,-5.9674373533
CtrSVDD_0046_E_0000670,-7.6779309787
CtrSVDD_0047_E_0000671,-5.4054078961
CtrSVDD_0000_E_0000672,-6.5985496858
CtrSVDD_0001_E_0000673,-7.7082633273
CtrSVDD_0002_E_0000674,-7.3627156682
CtrSVDD_0003_E_0000675,-5.6404791757
CtrSVDD_0004_E_0000676,-5.6182953027
CtrSVDD_0005_E_0000677,-5.6213266030
CtrSVDD_0006_E_0000678,-5.1684092942
CtrSVDD_0007_E_0000679,-7.4235962926
CtrSVDD_0008_E_0000680,-6.4294700549
CtrSVDD_0009_E_0000681,-7.0506221668
CtrSVDD_0010_E_0000682,-6.0133401391
CtrSVDD_0011_E_0000683,-7.8505380259
CtrSVDD_0012_E_0000684,-4.6781082474
CtrSVDD_0013_E_0000685,-4.7279551531
CtrSVDD_0014_E_0000686,-7.3528727746
CtrSVDD_0015_E_0000687,-0.7735886145
CtrSVDD_0016_E_0000688,-5.1264409388
CtrSVDD_0017_E_0000689,-6.9086135829
CtrSVDD_0018_E_0000690,-7.2665775324
CtrSVDD_0019_E_0000691,-7.9551318876
CtrSVDD_0020_E_0000692,-5.8860142913
CtrSVDD_0021_E_0000693,-5.7370016361
CtrSVDD_0022_E_0000694,-6.6591554062
CtrSVDD_0023_E_0000695,-7.6382554562
CtrSVDD_0024_E_0000696,-3.1576235434
CtrSVDD_0025_E_0000697,-4.4734091004
CtrSVDD_0026_E_0000698,-2.8785985780
CtrSVDD_0027_E_0000699,-3.5027298215
CtrSVDD_0028_E_0000700,-4.8254557017
CtrSVDD_0029_E_0000701,-7.7963700451
CtrSVDD_0030_E_0000702,-4.8555236061
CtrSVDD_0031_E_0000703,-3.8593637733
CtrSVDD_0032_E_0000704,0.4505086063
CtrSVDD_0033_E_0000705,-4.2727127592
CtrSVDD_0034_E_0000706,-4.7831011312
CtrSVDD_0035_E_0000707,-6.6371181932
CtrSVDD_0036_E_0000708,-0.2179707433
CtrSVDD_0037_E_0000709,-7.1723287559
CtrSVDD_0038_E_0000710,-5.1496712694
CtrSVDD_0039_E_0000711,-4.0072665661
CtrSVDD_0040_E_0000712,-6.3133970644
CtrSVDD_0041_E_0000713,-5.6448457563
CtrSVDD_0042_E_0000714,-7.5379202030
CtrSVDD_0043_E_0000715,-6.9910146704
CtrSVDD_0044_E_0000716,1.1369937987
CtrSVDD_0045_E_0000717,-5.7618063696
CtrSVDD_0046_E_0000718,0.4551580530
CtrSVDD_0047_E_0000719,-4.9783572379
CtrSVDD_0000_E_0000720,-1.2049137313
CtrSVDD_0001_E_0000721,-6.3558976345
CtrSVDD_0002_E_0000722,-4.3865373925
CtrSVDD_0003_E_0000723,-5.6915871083
CtrSVDD_0004_E_0000724,-7.0188545731
CtrSVDD_0005_E_0000725,-6.7648719633
CtrSVDD_0006_E_0000726,1.8380753872
CtrSVDD_0007_E_0000727,-6.7596887077
CtrSVDD_0008_E_0000728,-7.4248515288
CtrSVDD_0009_E_0000729,-4.5712283222
CtrSVDD_0010_E_0000730,-8.1831792750
CtrSVDD_0011_E_0000731,1.4352085477
CtrSVDD_0012_E_0000732,-2.6249332038
CtrSVDD_0013_E_0000733,-5.7201481614
CtrSVDD_0014_E_0000734,-5.6289362649
CtrSVDD_0015_E_0000735,-7.2615873838
CtrSVDD_0016_E_0000736,-5.9723102617
CtrSVDD_0017_E_0000737,-6.4622078509
CtrSVDD_0018_E_0000738,-5.8019699541
CtrSVDD_0019_E_0000739,2.6912104161
CtrSVDD_0020_E_0000740,-8.1351775544
CtrSVDD_0021_E_0000741,1.2269915574
CtrSVDD_0022_E_0000742,-6.0145741527
CtrSVDD_0023_E_0000743,-6.9375230246
CtrSVDD_0024_E_0000744,-0.4167007285
CtrSVDD_0025_E_0000745,-6.9621185653
CtrSVDD_0026_E_0000746,-5.3041840270
CtrSVDD_0027_E_0000747,-5.9419860559
CtrSVDD_0028_E_0000748,-0.7145479891
CtrSVDD_0029_E_0000749,-2.1202437021
CtrSVDD_0030_E_0000750,-6.8591881857
CtrSVDD_0031_E_0000751,-3.2592218915
CtrSVDD_0032_E_0000752,-4.9481877529
CtrSVDD_0033_E_0000753,-6.2749708128
CtrSVDD_0034_E_0000754,-5.2271334365
CtrSVDD_0035_E_0000755,-9.3901687605
CtrSVDD_0036_E_0000756,-5.7579068930
CtrSVDD_0037_E_0000757,-7.3034332066
CtrSVDD_0038_E_0000758,-7.6523916976
CtrSVDD_0039_E_0000759,-5.2960631907
CtrSVDD_0040_E_0000760,-8.1092170869
CtrSVDD_0041_E_0000761,-6.3874845861
CtrSVDD_0042_E_0000762,-6.2530377521
CtrSVDD_0043_E_0000763,-3.1257692681
CtrSVDD_0044_E_0000764,-7.1491811937
CtrSVDD_0045_E_0000765,-6.0132019842
CtrSVDD_0046_E_0000766,-5.1804264319
CtrSVDD_0047_E_0000767,-0.1072123277
CtrSVDD_0000_E_0000768,-5.0620428139
CtrSVDD_0001_E_0000769,-4.8178082345
CtrSVDD_0002_E_0000770,-7.3044470453
CtrSVDD_0003_E_0000771,-6.5901309681
CtrSVDD_0004_E_0000772,-4.2327962297
CtrSVDD_0005_E_0000773,-6.7520132830
CtrSVDD_0006_E_0000774,-7.7111433546
CtrSVDD_0007_E_0000775,-7.5373327382
CtrSVDD_0008_E_0000776,-6.4227338536
CtrSVDD_0009_E_0000777,-0.1978122464
CtrSVDD_0010_E_0000778,-7.7438306666
CtrSVDD_0011_E_0000779,0.5684131487
CtrSVDD_0012_E_0000780,-3.4165380323
CtrSVDD_0013_E_0000781,-6.9312934557
CtrSVDD_0014_E_0000782,-4.2965871629
CtrSVDD_0015_E_0000783,-2.5374317348
CtrSVDD_0016_E_0000784,-8.7885246237
CtrSVDD_0017_E_0000785,-2.1908890624
CtrSVDD_0018_E_0000786,-5.6696889103
CtrSVDD_0019_E_0000787,-5.2511644422
CtrSVDD_0020_E_0000788,-6.2180632835
CtrSVDD_0021_E_0000789,-7.1848602511
CtrSVDD_0022_E_0000790,-5.4011253911
CtrSVDD_0023_E_0000791,-0.4864133783
CtrSVDD_0024_E_0000792,-5.2279036767
CtrSVDD_0025_E_0000793,-5.7738783650
CtrSVDD_0026_E_0000794,-6.1758250937
CtrSVDD_0027_E_0000795,-5.2509725816
CtrSVDD_0028_E_0000796,-3.6219097074
CtrSVDD_0029_E_0000797,-4.2760138869
CtrSVDD_0030_E_0000798,-6.4067640090
CtrSVDD_0031_E_0000799,-5.7478843571
CtrSVDD_0032_E_0000800,-4.7968454741
CtrSVDD_0033_E_0000801,-4.3948265342
CtrSVDD_0034_E_0000802,-5.2557267185
CtrSVDD_0035_E_0000803,-8.3538628865
CtrSVDD_0036_E_0000804,-5.1151446954
CtrSVDD_0037_E_0000805,-2.5795120091
CtrSVDD_0038_E_0000806,-2.8425202029
CtrSVDD_0039_E_0000807,-6.3222449004
CtrSVDD_0040_E_0000808,-4.7733629368
CtrSVDD_0041_E_0000809,-7.4615623994
CtrSVDD_0042_E_0000810,-6.6615738716
CtrSVDD_0043_E_0000811,-5.8172758295
CtrSVDD_0044_E_0000812,-5.9601752204
CtrSVDD_0045_E_0000813,-2.6505258801
CtrSVDD_0046_E_0000814,-5.5710686146
CtrSVDD_0047_E_0000815,-6.3386303637
CtrSVDD_0000_E_0000816,-5.1868622502
CtrSVDD_0001_E_0000817,-0.9348057945
CtrSVDD_0002_E_0000818,-6.1459986261
CtrSVDD_0003_E_0000819,-3.2030695941
CtrSVDD_0004_E_0000820,-7.6145675079
CtrSVDD_0005_E_0000821,-6.2717479700
CtrSVDD_0006_E_0000822,0.4474143830
CtrSVDD_0007_E_0000823,-6.6999889140
CtrSVDD_0008_E_0000824,-5.6867571607
CtrSVDD_0009_E_0000825,-6.7856603474
CtrSVDD_0010_E_0000826,-5.2193398424
CtrSVDD_0011_E_0000827,-5.5878006599
CtrSVDD_0012_E_0000828,-7.5091306144
CtrSVDD_0013_E_0000829,-7.7412880600
CtrSVDD_0014_E_0000830,-4.9500639520
CtrSVDD_0015_E_0000831,-5.7598678909
CtrSVDD_0016_E_0000832,-5.7601950682
CtrSVDD_0017_E_0000833,-6.1690755698
CtrSVDD_0018_E_0000834,-6.9283233034
CtrSVDD_0019_E_0000835,-6.3433898088
CtrSVDD_0020_E_0000836,-6.8162628707
CtrSVDD_0021_E_0000837,-5.9256657080
CtrSVDD_0022_E_0000838,-3.6316070130
CtrSVDD_0023_E_0000839,-6.9868159416
CtrSVDD_0024_E_0000840,0.8965151763
CtrSVDD_0025_E_0000841,-6.1599488908
CtrSVDD_0026_E_0000842,-6.4880075203
CtrSVDD_0027_E_0000843,-5.9616916663
CtrSVDD_0028_E_0000844,-7.4127958108
CtrSVDD_0029_E_0000845,-5.9027752696
CtrSVDD_0030_E_0000846,-6.6397520701
CtrSVDD_0031_E_0000847,-5.1322285133
CtrSVDD_0032_E_0000848,-5.7583977554
CtrSVDD_0033_E_0000849,-6.2205022505
CtrSVDD_0034_E_0000850,-7.4474732650
CtrSVDD_0035_E_0000851,-6.3529799080
CtrSVDD_0036_E_0000852,-6.4055778019
CtrSVDD_0037_E_0000853,-6.7409291605
CtrSVDD_0038_E_0000854,-5.7361533654
CtrSVDD_0039_E_0000855,-7.0496470068
CtrSVDD_0040_E_0000856,-8.1279652467
CtrSVDD_0041_E_0000857,-5.8889830781
CtrSVDD_0042_E_0000858,-6.6405791918
CtrSVDD_0043_E_0000859,-8.0350909119
CtrSVDD_0044_E_0000860,1.8063061245
CtrSVDD_0045_E_0000861,-3.8070987706
CtrSVDD_0046_E_0000862,-4.4985169604
CtrSVDD_0047_E_0000863,-5.3548538399
CtrSVDD_0000_E_0000864,-6.9070621193
CtrSVDD_0001_E_0000865,-5.3476491159
CtrSVDD_0002_E_0000866,0.4965367502
CtrSVDD_0003_E_0000867,0.5101690464
CtrSVDD_0004_E_0000868,-4.8136551370
CtrSVDD_0005_E_0000869,-7.2213339810
CtrSVDD_0006_E_0000870,0.1509409192
CtrSVDD_0007_E_0000871,-5.2601311469
CtrSVDD_0008_E_0000872,-6.8132063307
CtrSVDD_0009_E_0000873,-7.4515385927
CtrSVDD_0010_E_0000874,-1.3896982195
CtrSVDD_0011_E_0000875,0.6150761009
CtrSVDD_0012_E_0000876,-4.6658030365
CtrSVDD_0013_E_0000877,-6.5669162603
CtrSVDD_0014_E_0000878,-7.6774951194
CtrSVDD_0015_E_0000879,-8.1442123989
CtrSVDD_0016_E_0000880,-7.0100740296
CtrSVDD_0017_E_0000881,-7.9159736862
CtrSVDD_0018_E_0000882,-7.4762759120
CtrSVDD_0019_E_0000883,-3.9660513837
CtrSVDD_0020_E_0000884,-4.4260311351
CtrSVDD_0021_E_0000885,-4.7484909710
CtrSVDD_0022_E_0000886,-3.3998833672
CtrSVDD_0023_E_0000887,-6.6110686827
CtrSVDD_0024_E_0000888,-3.1856644770
CtrSVDD_0025_E_0000889,-5.7904900272
CtrSVDD_0026_E_0000890,-7.3016405426
CtrSVDD_0027_E_0000891,-6.5357636634
CtrSVDD_0028_E_0000892,-6.2882245362
CtrSVDD_0029_E_0000893,-0.2307328886
CtrSVDD_0030_E_0000894,-5.7018707711
CtrSVDD_0031_E_0000895,-1.4659719330
CtrSVDD_0032_E_0000896,-6.5004431755
CtrSVDD_0033_E_0000897,1.5390871702
CtrSVDD_0034_E_0000898,-6.4077458090
CtrSVDD_0035_E_0000899,-7.4910866610
CtrSVDD_0036_E_0000900,-5.4202643412
CtrSVDD_0037_E_0000901,-7.1928577155
CtrSVDD_0038_E_0000902,-7.0901550219
CtrSVDD_0039_E_0000903,-3.1874090227
CtrSVDD_0040_E_0000904,1.1020453733
CtrSVDD_0041_E_0000905,-3.0056148542
CtrSVDD_0042_E_0000906,-6.8438272052
CtrSVDD_0043_E_0000907,-6.5931655017
CtrSVDD_0044_E_0000908,-5.9787271671
CtrSVDD_0045_E_0000909,0.9858255004
CtrSVDD_0046_E_0000910,-5.3038167096
CtrSVDD_0047_E_0000911,-6.0212023519
CtrSVDD_0000_E_0000912,-1.4881218960
CtrSVDD_0001_E_0000913,0.3120239506
CtrSVDD_0002_E_0000914,-5.6744584707
CtrSVDD_0003_E_0000915,-6.7762390885
CtrSVDD_0004_E_0000916,-6.0077032439
CtrSVDD_0005_E_0000917,-6.4162431460
CtrSVDD_0006_E_0000918,-6.1549045885
CtrSVDD_0007_E_0000919,-6.8915733033
CtrSVDD_0008_E_0000920,-6.9454302073
CtrSVDD_0009_E_0000921,-6.0766688838
CtrSVDD_0010_E_0000922,-6.9176052016
CtrSVDD_0011_E_0000923,-7.0457162114
CtrSVDD_0012_E_0000924,-6.0727400726
CtrSVDD_0013_E_0000925,-5.3934765126
CtrSVDD_0014_E_0000926,-6.0051398946
CtrSVDD_0015_E_0000927,-5.5278462443
CtrSVDD_0016_E_0000928,-4.7660711847
CtrSVDD_0017_E_0000929,-6.0231260310
CtrSVDD_0018_E_0000930,-3.5109930845
CtrSVDD_0019_E_0000931,-4.1644636423
CtrSVDD_0020_E_0000932,-7.2518941423
CtrSVDD_0021_E_0000933,-5.9645176761
CtrSVDD_0022_E_0000934,-6.6372100990
CtrSVDD_0023_E_0000935,-3.0240764238
CtrSVDD_0024_E_0000936,-7.1234889755
CtrSVDD_0025_E_0000937,-7.0977741444
CtrSVDD_0026_E_0000938,-6.7369790876
CtrSVDD_0027_E_0000939,-5.5804278943
CtrSVDD_0028_E_0000940,-6.1357325447
CtrSVDD_0029_E_0000941,-2.2613502159
CtrSVDD_0030_E_0000942,-5.0092435357
CtrSVDD_0031_E_0000943,-6.6519971668
CtrSVDD_0032_E_0000944,-4.6497549914
CtrSVDD_0033_E_0000945,-0.4958819829
CtrSVDD_0034_E_0000946,-8.7803875586
CtrSVDD_0035_E_0000947,-6.9873665182
CtrSVDD_0036_E_0000948,0.1622693499
CtrSVDD_0037_E_0000949,-6.5369162823
CtrSVDD_0038_E_0000950,0.3164326907
CtrSVDD_0039_E_0000951,-6.5555904663
CtrSVDD_0040_E_0000952,-7.1141010727
CtrSVDD_0041_E_0000953,-4.0912889108
CtrSVDD_0042_E_0000954,-7.2475361924
CtrSVDD_0043_E_0000955,-7.3835225799
CtrSVDD_0044_E_0000956,-6.9329216434
CtrSVDD_0045_E_0000957,-6.4741355850
CtrSVDD_0046_E_0000958,0.6457902880
CtrSVDD_0047_E_0000959,-8.4914776872
CtrSVDD_0000_E_0000960,-6.6828474022
CtrSVDD_0001_E_0000961,-6.7043883909
CtrSVDD_0002_E_0000962,-4.7787945422
CtrSVDD_0003_E_0000963,-5.4368869467
CtrSVDD_0004_E_0000964,-1.3860337204
CtrSVDD_0005_E_0000965,-7.3960059023
CtrSVDD_0006_E_0000966,0.8850301257
CtrSVDD_0007_E_0000967,-3.6282966164
CtrSVDD_0008_E_0000968,-7.1075283634
CtrSVDD_0009_E_0000969,-6.0063260242
CtrSVDD_0010_E_0000970,-5.5050702113
CtrSVDD_0011_E_0000971,-7.5086359137
CtrSVDD_0012_E_0000972,-7.3567733829
CtrSVDD_0013_E_0000973,-6.9114315432
CtrSVDD_0014_E_0000974,-3.2888988133
CtrSVDD_0015_E_0000975,-5.2565495400
CtrSVDD_0016_E_0000976,-0.5245610163
CtrSVDD_0017_E_0000977,-1.0939075304
CtrSVDD_0018_E_0000978,-1.1302508567
CtrSVDD_0019_E_0000979,-3.4680041152
CtrSVDD_0020_E_0000980,1.6035332955
CtrSVDD_0021_E_0000981,-6.6865753999
CtrSVDD_0022_E_0000982,-3.8001770331
CtrSVDD_0023_E_0000983,-3.2616309786
CtrSVDD_0024_E_0000984,-6.4938220062
CtrSVDD_0025_E_0000985,0.7345532687
CtrSVDD_0026_E_0000986,-6.3514045544
CtrSVDD_0027_E_0000987,-6.0660305933
CtrSVDD_0028_E_0000988,-7.5162242906
CtrSVDD_0029_E_0000989,-0.1892608309
CtrSVDD_0030_E_0000990,-6.5764683781
CtrSVDD_0031_E_0000991,-4.2658199014
CtrSVDD_0032_E_0000992,-5.3243764822
CtrSVDD_0033_E_0000993,-6.2593794059
CtrSVDD_0034_E_0000994,-6.6401470753
CtrSVDD_0035_E_0000995,-6.3482519401
CtrSVDD_0036_E_0000996,-6.7686680946
CtrSVDD_0037_E_0000997,-6.9442516943
CtrSVDD_0038_E_0000998,-7.2710794942
CtrSVDD_0039_E_0000999,-5.4202241964
CtrSVDD_0040_E_0001000,-6.2236626571
CtrSVDD_0041_E_0001001,0.4641671859
CtrSVDD_0042_E_0001002,-6.6919041766
CtrSVDD_0043_E_0001003,-6.8687841017
CtrSVDD_0044_E_0001004,1.2768173084
CtrSVDD_0045_E_0001005,-4.9621913005
CtrSVDD_0046_E_0001006,-6.1328791960
CtrSVDD_0047_E_0001007,-4.9678284087
CtrSVDD_0000_E_0001008,-7.3584905411
CtrSVDD_0001_E_0001009,-6.0934037101
CtrSVDD_0002_E_0001010,-0.6824132519
CtrSVDD_0003_E_0001011,-6.2283590760
CtrSVDD_0004_E_0001012,-8.1301756317
CtrSVDD_0005_E_0001013,-4.5659115824
CtrSVDD_0006_E_0001014,-8.9482031621
CtrSVDD_0007_E_0001015,-2.2228238742
CtrSVDD_0008_E_0001016,-5.1620308991
CtrSVDD_0009_E_0001017,-4.1259783732
CtrSVDD_0010_E_0001018,-4.6203116856
CtrSVDD_0011_E_0001019,-7.0394038261
CtrSVDD_0012_E_0001020,-5.9018231015
CtrSVDD_0013_E_0001021,-5.1020855760
CtrSVDD_0014_E_0001022,1.7038531091
CtrSVDD_0015_E_0001023,-2.9603456354
CtrSVDD_0016_E_0001024,-0.4754214521
CtrSVDD_0017_E_0001025,-5.9887954114
CtrSVDD_0018_E_0001026,-4.4344759832
CtrSVDD_0019_E_0001027,-5.4810817734
CtrSVDD_0020_E_0001028,-8.3958589611
CtrSVDD_0021_E_0001029,-8.7528066669
CtrSVDD_0022_E_0001030,-7.0979931012
CtrSVDD_0023_E_0001031,-7.1217713958
CtrSVDD_0024_E_0001032,0.1001806688
CtrSVDD_0025_E_0001033,-4.9675933025
CtrSVDD_0026_E_0001034,-6.5968663325
CtrSVDD_0027_E_0001035,-0.5700579520
CtrSVDD_0028_E_0001036,-2.1086890425
CtrSVDD_0029_E_0001037,-5.7964798846
CtrSVDD_0030_E_0001038,-7.9447470706
CtrSVDD_0031_E_0001039,-5.9796512113
CtrSVDD_0032_E_0001040,-6.1779914962
CtrSVDD_0033_E_0001041,-2.1970775416
CtrSVDD_0034_E_0001042,-8.2326568881
CtrSVDD_0035_E_0001043,-5.2893047429
CtrSVDD_0036_E_0001044,-4.5993982101
CtrSVDD_0037_E_0001045,-6.2733221992
CtrSVDD_0038_E_0001046,-6.5840602160
CtrSVDD_0039_E_0001047,-8.4406191338
CtrSVDD_0040_E_0001048,-2.4806829348
CtrSVDD_0041_E_0001049,-5.4434001638
CtrSVDD_0042_E_0001050,-7.6607980784
CtrSVDD_0043_E_0001051,-6.3936991318
CtrSVDD_0044_E_0001052,-6.7883546738
CtrSVDD_0045_E_0001053,-6.3825822606
CtrSVDD_0046_E_0001054,-6.7531857117
CtrSVDD_0047_E_0001055,-3.7297105071
CtrSVDD_0000_E_0001056,-3.5886159126
CtrSVDD_0001_E_0001057,-3.9244795044
CtrSVDD_0002_E_0001058,-5.6612129562
CtrSVDD_0003_E_0001059,-6.3718861746
CtrSVDD_0004_E_0001060,-5.0321105338
CtrSVDD_0005_E_0001061,-8.4759354691
CtrSVDD_0006_E_0001062,1.6508347544
CtrSVDD_0007_E_0001063,-4.9824826991
CtrSVDD_0008_E_0001064,-1.2541978545
CtrSVDD_0009_E_0001065,-6.2667762391
CtrSVDD_0010_E_0001066,-6.5775219832
CtrSVDD_0011_E_0001067,-2.7761599177
CtrSVDD_0012_E_0001068,-6.6826663042
CtrSVDD_0013_E_0001069,2.1992855108
CtrSVDD_0014_E_0001070,-6.2737187094
CtrSVDD_0015_E_0001071,-3.5803565520
CtrSVDD_0016_E_0001072,-6.4551494444
CtrSVDD_0017_E_0001073,0.3954344060
CtrSVDD_0018_E_0001074,-6.2544381285
CtrSVDD_0019_E_0001075,-4.9507749040
CtrSVDD_0020_E_0001076,-6.3541373514
CtrSVDD_0021_E_0001077,-5.4103094856
CtrSVDD_0022_E_0001078,-3.4977705416
CtrSVDD_0023_E_0001079,-5.7416155504
CtrSVDD_0024_E_0001080,-5.7831272421
CtrSVDD_0025_E_0001081,-6.1515860957
CtrSVDD_0026_E_0001082,-9.3200670491
CtrSVDD_0027_E_0001083,-5.1714320633
CtrSVDD_0028_E_0001084,-7.2280873225
CtrSVDD_0029_E_0001085,0.5799594487
CtrSVDD_0030_E_0001086,-1.5900083951
CtrSVDD_0031_E_0001087,-5.4682480794
CtrSVDD_0032_E_0001088,-4.0090637941
CtrSVDD_0033_E_0001089,0.6085532539
CtrSVDD_0034_E_0001090,-4.9375220771
CtrSVDD_0035_E_0001091,-7.1594299878
CtrSVDD_0036_E_0001092,-6.8931201222
CtrSVDD_0037_E_0001093,-7.8678455664
CtrSVDD_0038_E_0001094,-0.7492890010
CtrSVDD_0039_E_0001095,-5.6683726918
CtrSVDD_0040_E_0001096,-6.5555861612
CtrSVDD_0041_E_0001097,-4.7871633985
CtrSVDD_0042_E_0001098,-4.0452703059
CtrSVDD_0043_E_0001099,-1.1041426793
CtrSVDD_0044_E_0001100,-7.2532246759
CtrSVDD_0045_E_0001101,-6.2221144511
CtrSVDD_0046_E_0001102,-7.4613295000
CtrSVDD_0047_E_0001103,-4.9781001492
CtrSVDD_0000_E_0001104,-9.3793874207
CtrSVDD_0001_E_0001105,-5.6070438928
CtrSVDD_0002_E_0001106,-6.9336378225
CtrSVDD_0003_E_0001107,-1.7454005008
CtrSVDD_0004_E_0001108,-6.2730079788
CtrSVDD_0005_E_0001109,-6.6416614489
CtrSVDD_0006_E_0001110,-4.9659913187
CtrSVDD_0007_E_0001111,-0.6032882259
CtrSVDD_0008_E_0001112,0.8041385478
CtrSVDD_0009_E_0001113,-6.5338677310
CtrSVDD_0010_E_0001114,-5.4469429294
CtrSVDD_0011_E_0001115,-7.7944747872
CtrSVDD_0012_E_0001116,-5.0932845465
CtrSVDD_0013_E_0001117,-5.2364516931
CtrSVDD_0014_E_0001118,-7.4525026861
CtrSVDD_0015_E_0001119,-5.4702922329
CtrSVDD_0016_E_0001120,-6.9946351334
CtrSVDD_0017_E_0001121,-6.1244104764
CtrSVDD_0018_E_0001122,1.9025043029
CtrSVDD_0019_E_0001123,-5.3194180795
CtrSVDD_0020_E_0001124,-8.2410680265
CtrSVDD_0021_E_0001125,-6.5285930977
CtrSVDD_0022_E_0001126,-0.7455095040
CtrSVDD_0023_E_0001127,-6.3118047118
CtrSVDD_0024_E_0001128,-4.7192771306
CtrSVDD_0025_E_0001129,-8.6068176072
CtrSVDD_0026_E_0001130,-2.0272664217
CtrSVDD_0027_E_0001131,-6.6803570691
CtrSVDD_0028_E_0001132,2.5836074161
CtrSVDD_0029_E_0001133,-7.4689973982
CtrSVDD_0030_E_0001134,-0.5133580378
CtrSVDD_0031_E_0001135,-9.6391679067
CtrSVDD_0032_E_0001136,-4.6906223633
CtrSVDD_0033_E_0001137,-3.6067941373
CtrSVDD_0034_E_0001138,-4.9456797518
CtrSVDD_0035_E_0001139,-3.0149289802
CtrSVDD_0036_E_0001140,-6.1096523761
CtrSVDD_0037_E_0001141,-4.6973327423
CtrSVDD_0038_E_0001142,-1.7995002808
CtrSVDD_0039_E_0001143,-2.6342965772
CtrSVDD_0040_E_0001144,-3.6913438684
CtrSVDD_0041_E_0001145,2.1353653312
CtrSVDD_0042_E_0001146,-4.6255349561
CtrSVDD_0043_E_0001147,-2.5721895739
CtrSVDD_0044_E_0001148,-8.1060241263
CtrSVDD_0045_E_0001149,0.4206468217
CtrSVDD_0046_E_0001150,-3.3278208657
CtrSVDD_0047_E_0001151,-6.8159093990
CtrSVDD_0000_E_0001152,-5.2130246465
CtrSVDD_0001_E_0001153,-7.1264578547
CtrSVDD_0002_E_0001154,-7.4434435560
CtrSVDD_0003_E_0001155,-8.2781732899
CtrSVDD_0004_E_0001156,-6.7856046076
CtrSVDD_0005_E_0001157,-6.1780818350
CtrSVDD_0006_E_0001158,-7.2791900341
CtrSVDD_0007_E_0001159,-5.6522757005
CtrSVDD_0008_E_0001160,-6.5113239453
CtrSVDD_0009_E_0001161,-5.0734869013
CtrSVDD_0010_E_0001162,1.8914150880
CtrSVDD_0011_E_0001163,-8.2108082735
CtrSVDD_0012_E_0001164,-8.5693030302
CtrSVDD_0013_E_0001165,-6.5506231834
CtrSVDD_0014_E_0001166,1.2517269914
CtrSVDD_0015_E_0001167,-5.2772916264
CtrSVDD_0016_E_0001168,-4.6147257944
CtrSVDD_0017_E_0001169,-0.0062945880
CtrSVDD_0018_E_0001170,-2.1540015338
CtrSVDD_0019_E_0001171,-7.1314959127
CtrSVDD_0020_E_0001172,2.0349820557
CtrSVDD_0021_E_0001173,-5.9978936604
CtrSVDD_0022_E_0001174,-5.6820657800
CtrSVDD_0023_E_0001175,-6.3575473350
CtrSVDD_0024_E_0001176,-5.7785009707
CtrSVDD_0025_E_0001177,-5.2616944586
CtrSVDD_0026_E_0001178,-5.6923792084
CtrSVDD_0027_E_0001179,-1.7921891094
CtrSVDD_0028_E_0001180,-7.7375803349
CtrSVDD_0029_E_0001181,-6.6749722752
CtrSVDD_0030_E_0001182,-7.7874416580
CtrSVDD_0031_E_0001183,-7.6908444388
CtrSVDD_0032_E_0001184,-6.7669314515
CtrSVDD_0033_E_0001185,-8.5700144826
CtrSVDD_0034_E_0001186,-8.8925443558
CtrSVDD_0035_E_0001187,-8.5303484834
CtrSVDD_0036_E_0001188,-5.6098333552
CtrSVDD_0037_E_0001189,-4.4308268400
CtrSVDD_0038_E_0001190,-6.4529708718
CtrSVDD_0039_E_0001191,-2.7311168683
CtrSVDD_0040_E_0001192,-3.2393452639
CtrSVDD_0041_E_0001193,-5.9238191272
CtrSVDD_0042_E_0001194,-6.4603506674
CtrSVDD_0043_E_0001195,-5.9438025222
CtrSVDD_0044_E_0001196,-5.2726144693
CtrSVDD_0045_E_0001197,-6.1495907136
CtrSVDD_0046_E_0001198,-3.6930081914
CtrSVDD_0047_E_0001199,1.3860337204
CtrSVDD_0000_E_0001200,-5.6198109051
CtrSVDD_0001_E_0001201,-3.4447820056
CtrSVDD_0002_E_0001202,-4.5721072171
CtrSVDD_0003_E_0001203,-0.1679412931
CtrSVDD_0004_E_0001204,-3.9450756527
CtrSVDD_0005_E_0001205,-6.0200528675
CtrSVDD_0006_E_0001206,-6.4398632084
CtrSVDD_0007_E_0001207,-7.8461515709
CtrSVDD_0008_E_0001208,-5.5988698875
CtrSVDD_0009_E_0001209,-1.7451014651
CtrSVDD_0010_E_0001210,-8.5467965743
CtrSVDD_0011_E_0001211,-6.5806470744
CtrSVDD_0012_E_0001212,-6.3877481728
CtrSVDD_0013_E_0001213,-7.3347931798
CtrSVDD_0014_E_0001214,1.5163632225
CtrSVDD_0015_E_0001215,0.4911421764
CtrSVDD_0016_E_0001216,-6.3493089582
CtrSVDD_0017_E_0001217,-5.9407184355
CtrSVDD_0018_E_0001218,-5.4891005691
CtrSVDD_0019_E_0001219,-5.4648545884
CtrSVDD_0020_E_0001220,-4.2203606565
CtrSVDD_0021_E_0001221,-7.3416058836
CtrSVDD_0022_E_0001222,-6.1558335028
CtrSVDD_0023_E_0001223,-5.8969508381
CtrSVDD_0024_E_0001224,-7.3559223395
CtrSVDD_0025_E_0001225,-5.8298904535
CtrSVDD_0026_E_0001226,-5.6023380361
CtrSVDD_0027_E_0001227,-7.7711909388
CtrSVDD_0028_E_0001228,-5.2955752888
CtrSVDD_0029_E_0001229,-6.8301954420
CtrSVDD_0030_E_0001230,-6.1733948770
CtrSVDD_0031_E_0001231,-6.8299076837
CtrSVDD_0032_E_0001232,-5.4218129743
CtrSVDD_0033_E_0001233,-0.4197539913
CtrSVDD_0034_E_0001234,-4.6206533137
CtrSVDD_0035_E_0001235,-6.7690028516
CtrSVDD_0036_E_0001236,-7.2643419689
CtrSVDD_0037_E_0001237,-8.0171815714
CtrSVDD_0038_E_0001238,0.0104911032
CtrSVDD_0039_E_0001239,-7.6295474318
CtrSVDD_0040_E_0001240,-6.4856401113
CtrSVDD_0041_E_0001241,-5.7536641663
CtrSVDD_0042_E_0001242,-6.2048938948
CtrSVDD_0043_E_0001243,-6.7335084091
CtrSVDD_0044_E_0001244,-6.4466757274
CtrSVDD_0045_E_0001245,1.4224698930
CtrSVDD_0046_E_0001246,-0.6632973335
CtrSVDD_0047_E_0001247,-5.0468564205
CtrSVDD_0000_E_0001248,-6.0309632252
CtrSVDD_0001_E_0001249,-4.5389431248
CtrSVDD_0002_E_0001250,-6.8453986519
CtrSVDD_0003_E_0001251,-8.4657576661
CtrSVDD_0004_E_0001252,-7.3166773015
CtrSVDD_0005_E_0001253,-7.5430661725
CtrSVDD_0006_E_0001254,-6.2183609140
CtrSVDD_0007_E_0001255,-6.3865575177
CtrSVDD_0008_E_0001256,-4.6137297538
CtrSVDD_0009_E_0001257,-7.6922128949
CtrSVDD_0010_E_0001258,-6.6420502769
CtrSVDD_0011_E_0001259,-6.2874704170
CtrSVDD_0012_E_0001260,-3.4961172056
CtrSVDD_0013_E_0001261,1.2194953228
CtrSVDD_0014_E_0001262,-5.8859548098
CtrSVDD_0015_E_0001263,-0.8002791039
CtrSVDD_0016_E_0001264,2.0228419014
CtrSVDD_0017_E_0001265,-3.9072477481
CtrSVDD_0018_E_0001266,-7.9329649389
CtrSVDD_0019_E_0001267,-7.4780325693
CtrSVDD_0020_E_0001268,-1.2020280035
CtrSVDD_0021_E_0001269,-3.2847175739
CtrSVDD_0022_E_0001270,0.9903837048
CtrSVDD_0023_E_0001271,-7.4412779524
CtrSVDD_0024_E_0001272,-6.0970268188
CtrSVDD_0025_E_0001273,-7.7926060302
CtrSVDD_0026_E_0001274,-7.8023539014
CtrSVDD_0027_E_0001275,-6.4039074481
CtrSVDD_0028_E_0001276,-7.2479076405
CtrSVDD_0029_E_0001277,2.1195954258
CtrSVDD_0030_E_0001278,0.2581165434
CtrSVDD_0031_E_0001279,-2.6938098077
CtrSVDD_0032_E_0001280,-8.3441797926
CtrSVDD_0033_E_0001281,-5.3424600130
CtrSVDD_0034_E_0001282,-6.2556742107
CtrSVDD_0035_E_0001283,1.7649809686
CtrSVDD_0036_E_0001284,1.7128261265
CtrSVDD_0037_E_0001285,-7.5668576978
CtrSVDD_0038_E_0001286,-7.5530621492
CtrSVDD_0039_E_0001287,-6.4758699593
CtrSVDD_0040_E_0001288,-6.2370783225
CtrSVDD_0041_E_0001289,-6.2493744883
CtrSVDD_0042_E_0001290,0.2521773470
CtrSVDD_0043_E_0001291,-5.9047048731
CtrSVDD_0044_E_0001292,-7.5545807160
CtrSVDD_0045_E_0001293,-6.6323903157
CtrSVDD_0046_E_0001294,-4.7808968819
CtrSVDD_0047_E_0001295,-4.4859383742
CtrSVDD_0000_E_0001296,-7.3853009922
CtrSVDD_0001_E_0001297,-6.8444607855
CtrSVDD_0002_E_0001298,-2.4209564272
CtrSVDD_0003_E_0001299,-1.0614081289
CtrSVDD_0004_E_0001300,-2.1240606599
CtrSVDD_0005_E_0001301,-5.3403442791
CtrSVDD_0006_E_0001302,-8.0996717435
CtrSVDD_0007_E_0001303,-5.6614270753
CtrSVDD_0008_E_0001304,-6.7763723533
CtrSVDD_0009_E_0001305,-7.3171187846
CtrSVDD_0010_E_0001306,-0.4832668847
CtrSVDD_0011_E_0001307,-6.3901295063
CtrSVDD_0012_E_0001308,-6.4159674788
CtrSVDD_0013_E_0001309,-8.6777268066
CtrSVDD_0014_E_0001310,-6.2410932203
CtrSVDD_0015_E_0001311,-4.9953389708
CtrSVDD_0016_E_0001312,-5.6770354140
CtrSVDD_0017_E_0001313,-7.9184370864
CtrSVDD_0018_E_0001314,-6.5124988881
CtrSVDD_0019_E_0001315,-5.9268375509
CtrSVDD_0020_E_0001316,-6.3394557852
CtrSVDD_0021_E_0001317,-6.3444124751
CtrSVDD_0022_E_0001318,-1.1877471651
CtrSVDD_0023_E_0001319,-4.3661731652
CtrSVDD_0024_E_0001320,-6.3036183246
CtrSVDD_0025_E_0001321,-4.8680307766
CtrSVDD_0026_E_0001322,2.4047612230
CtrSVDD_0027_E_0001323,-7.6662130352
CtrSVDD_0028_E_0001324,-8.9290065867
CtrSVDD_0029_E_0001325,-8.4037866608
CtrSVDD_0030_E_0001326,-0.1867502548
CtrSVDD_0031_E_0001327,-5.5743714998
CtrSVDD_0032_E_0001328,-6.5091089533
CtrSVDD_0033_E_0001329,-7.1364927243
CtrSVDD_0034_E_0001330,-6.4464754610
CtrSVDD_0035_E_0001331,-5.8516027123
CtrSVDD_0036_E_0001332,-5.0737884923
CtrSVDD_0037_E_0001333,-7.7836466876
CtrSVDD_0038_E_0001334,-4.9902910935
CtrSVDD_0039_E_0001335,-5.2188526835
CtrSVDD_0040_E_0001336,-4.7535760118
CtrSVDD_0041_E_0001337,-7.5686514995
CtrSVDD_0042_E_0001338,-6.9099586901
CtrSVDD_0043_E_0001339,-6.8943950098
CtrSVDD_0044_E_0001340,-5.4629164422
CtrSVDD_0045_E_0001341,-3.5704472866
CtrSVDD_0046_E_0001342,-6.9602073553
CtrSVDD_0047_E_0001343,-4.5666685753
CtrSVDD_0000_E_0001344,-6.2167324067
CtrSVDD_0001_E_0001345,-5.2458147254
CtrSVDD_0002_E_0001346,-0.4258723100
CtrSVDD_0003_E_0001347,-6.2851916609
CtrSVDD_0004_E_0001348,-4.9009805886
CtrSVDD_0005_E_0001349,-7.2795283623
CtrSVDD_0006_E_0001350,-7.1622506186
CtrSVDD_0007_E_0001351,-7.8434717391
CtrSVDD_0008_E_0001352,-1.1991522510
CtrSVDD_0009_E_0001353,-7.5832583417
CtrSVDD_0010_E_0001354,-3.1891526580
CtrSVDD_0011_E_0001355,-6.2536447102
CtrSVDD_0012_E_0001356,-2.9812129154
CtrSVDD_0013_E_0001357,-5.7385318476
CtrSVDD_0014_E_0001358,-4.1496888883
CtrSVDD_0015_E_0001359,-7.2854210534
CtrSVDD_0016_E_0001360,-0.4801251684
CtrSVDD_0017_E_0001361,-6.0811531320
CtrSVDD_0018_E_0001362,-7.6399595814
CtrSVDD_0019_E_0001363,-6.1278931155
CtrSVDD_0020_E_0001364,-5.7913817319
CtrSVDD_0021_E_0001365,-6.1575646698
CtrSVDD_0022_E_0001366,-6.1408399902
CtrSVDD_0023_E_0001367,-7.3119195602
CtrSVDD_0024_E_0001368,-0.3438424740
CtrSVDD_0025_E_0001369,-6.7705641066
CtrSVDD_0026_E_0001370,-5.3873272742
CtrSVDD_0027_E_0001371,-7.0140054328
CtrSVDD_0028_E_0001372,-4.0252938959
CtrSVDD_0029_E_0001373,-5.6322110210
CtrSVDD_0030_E_0001374,-3.8335592787
CtrSVDD_0031_E_0001375,-7.0603259021
CtrSVDD_0032_E_0001376,-6.2766111775
CtrSVDD_0033_E_0001377,-4.8254201819
CtrSVDD_0034_E_0001378,1.0565070817
CtrSVDD_0035_E_0001379,-5.8366940044
CtrSVDD_0036_E_0001380,-5.2856495608
CtrSVDD_0037_E_0001381,-7.2259758149
CtrSVDD_0038_E_0001382,-4.9340129131
CtrSVDD_0039_E_0001383,-6.7485534350
CtrSVDD_0040_E_0001384,-6.9682828499
CtrSVDD_0041_E_0001385,-6.4827421722
CtrSVDD_0042_E_0001386,0.5053952563
CtrSVDD_0043_E_0001387,-1.2403559942
CtrSVDD_0044_E_0001388,-7.4379341897
CtrSVDD_0045_E_0001389,-6.7505387252
CtrSVDD_0046_E_0001390,0.1707792806
CtrSVDD_0047_E_0001391,-6.1968808888
CtrSVDD_0000_E_0001392,-8.7044750754
CtrSVDD_0001_E_0001393,-6.1582686271
CtrSVDD_0002_E_0001394,-6.1395485546
CtrSVDD_0003_E_0001395,-5.4875475546
CtrSVDD_0004_E_0001396,-1.1067196000
CtrSVDD_0005_E_0001397,-4.6265443030
CtrSVDD_0006_E_0001398,-0.0348741193
CtrSVDD_0007_E_0001399,-7.4362056554
CtrSVDD_0008_E_0001400,-6.4774484533
CtrSVDD_0009_E_0001401,-5.3544965066
CtrSVDD_0010_E_0001402,-7.6751914554
CtrSVDD_0011_E_0001403,-4.5845176705
CtrSVDD_0012_E_0001404,-8.0624544679
CtrSVDD_0013_E_0001405,-5.6631671819
CtrSVDD_0014_E_0001406,1.0964555527
CtrSVDD_0015_E_0001407,-9.0936941679
CtrSVDD_0016_E_0001408,-7.9921508117
CtrSVDD_0017_E_0001409,-5.2394885891
CtrSVDD_0018_E_0001410,-6.9086232811
CtrSVDD_0019_E_0001411,-6.9758287899
CtrSVDD_0020_E_0001412,-6.5914112282
CtrSVDD_0021_E_0001413,-7.1272947052
CtrSVDD_0022_E_0001414,-8.1426589731
CtrSVDD_0023_E_0001415,-7.7102223218
CtrSVDD_0024_E_0001416,-6.4304280437
CtrSVDD_0025_E_0001417,0.1921097344
CtrSVDD_0026_E_0001418,-7.9417879161
CtrSVDD_0027_E_0001419,-3.8377539565
CtrSVDD_0028_E_0001420,-7.6587928460
CtrSVDD_0029_E_0001421,-5.5308632992
CtrSVDD_0030_E_0001422,-6.6942139282
CtrSVDD_0031_E_0001423,-5.0251084916
CtrSVDD_0032_E_0001424,-5.8200289295
CtrSVDD_0033_E_0001425,-6.1687963863
CtrSVDD_0034_E_0001426,-4.8613540679
CtrSVDD_0035_E_0001427,-5.7354877207
CtrSVDD_0036_E_0001428,-4.4976038420
CtrSVDD_0037_E_0001429,-6.0946762429
CtrSVDD_0038_E_0001430,1.5501990408
CtrSVDD_0039_E_0001431,-7.1441612202
CtrSVDD_0040_E_0001432,-0.6083298156
CtrSVDD_0041_E_0001433,-1.7264672134
CtrSVDD_0042_E_0001434,-7.2914083831
CtrSVDD_0043_E_0001435,-7.4896122880
CtrSVDD_0044_E_0001436,-5.3833701968
CtrSVDD_0045_E_0001437,-5.9966084163
CtrSVDD_0046_E_0001438,-5.1089494194
CtrSVDD_0047_E_0001439,-8.1860153816
CtrSVDD_0000_E_0001440,-5.9034076789
CtrSVDD_0001_E_0001441,2.6170276295
CtrSVDD_0002_E_0001442,-5.7997684394
CtrSVDD_0003_E_0001443,-6.7914696809
CtrSVDD_0004_E_0001444,-7.1656053528
CtrSVDD_0005_E_0001445,-7.7713983283
CtrSVDD_0006_E_0001446,1.1709236590
CtrSVDD_0007_E_0001447,-6.6387935668
CtrSVDD_0008_E_0001448,-0.4895646950
CtrSVDD_0009_E_0001449,-3.9982982974
CtrSVDD_0010_E_0001450,-4.1999807714
CtrSVDD_0011_E_0001451,-7.3222467643
CtrSVDD_0012_E_0001452,-3.4712997771
CtrSVDD_0013_E_0001453,-6.6295450676
CtrSVDD_0014_E_0001454,-7.2493554057
CtrSVDD_0015_E_0001455,-5.1956189545
CtrSVDD_0016_E_0001456,-6.4139624604
CtrSVDD_0017_E_0001457,-6.6098465643
CtrSVDD_0018_E_0001458,0.2249905740
CtrSVDD_0019_E_0001459,-6.2606134602
CtrSVDD_0020_E_0001460,-5.9496754088
CtrSVDD_0021_E_0001461,-7.7781285122
CtrSVDD_0022_E_0001462,-6.5740326402
CtrSVDD_0023_E_0001463,-6.6217227944
CtrSVDD_0024_E_0001464,-8.4928255041
CtrSVDD_0025_E_0001465,-7.7912627727
CtrSVDD_0026_E_0001466,-8.4995709015
CtrSVDD_0027_E_0001467,0.0973694111
CtrSVDD_0028_E_0001468,-6.4634296250
CtrSVDD_0029_E_0001469,-7.7735738614
CtrSVDD_0030_E_0001470,-7.5735691780
CtrSVDD_0031_E_0001471,-4.2395937063
CtrSVDD_0032_E_0001472,-7.5928300477
CtrSVDD_0033_E_0001473,-3.7907248341
CtrSVDD_0034_E_0001474,-4.2298726694
CtrSVDD_0035_E_0001475,-6.1593632156
CtrSVDD_0036_E_0001476,-7.1604876317
CtrSVDD_0037_E_0001477,-1.7062480158
CtrSVDD_0038_E_0001478,-6.8042628859
CtrSVDD_0039_E_0001479,-6.5786799093
CtrSVDD_0040_E_0001480,-7.5462253953
CtrSVDD_0041_E_0001481,-3.9587662346
CtrSVDD_0042_E_0001482,-6.7103508403
CtrSVDD_0043_E_0001483,-5.0572612997
CtrSVDD_0044_E_0001484,-2.3571626578
CtrSVDD_0045_E_0001485,-6.8045343369
CtrSVDD_0046_E_0001486,-5.0474828335
CtrSVDD_0047_E_0001487,-5.4306433404
CtrSVDD_0000_E_0001488,-5.5652871494
CtrSVDD_0001_E_0001489,0.8314986965
CtrSVDD_0002_E_0001490,-6.9585339819
CtrSVDD_0003_E_0001491,-2.5016393838
CtrSVDD_0004_E_0001492,-4.6485704914
CtrSVDD_0005_E_0001493,-8.0279816269
CtrSVDD_0006_E_0001494,0.3193752661
CtrSVDD_0007_E_0001495,-6.3338054246
CtrSVDD_0008_E_0001496,-6.3165259435
CtrSVDD_0009_E_0001497,-5.2726844620
CtrSVDD_0010_E_0001498,2.0910621803
CtrSVDD_0011_E_0001499,-5.3355627104
CtrSVDD_0012_E_0001500,-6.8699632125
CtrSVDD_0013_E_0001501,-4.7773351749
CtrSVDD_0014_E_0001502,-6.7477277578
CtrSVDD_0015_E_0001503,-6.2569097831
CtrSVDD_0016_E_0001504,-3.8892866307
CtrSVDD_0017_E_0001505,-2.2348306979
CtrSVDD_0018_E_0001506,-7.0290212783
CtrSVDD_0019_E_0001507,-5.9192918990
CtrSVDD_0020_E_0001508,-4.7164540883
CtrSVDD_0021_E_0001509,-3.6398116493
CtrSVDD_0022_E_0001510,-2.9003491109
CtrSVDD_0023_E_0001511,-0.4780647520
CtrSVDD_0024_E_0001512,0.0594835540
CtrSVDD_0025_E_0001513,-4.5463290188
CtrSVDD_0026_E_0001514,-7.2254937088
CtrSVDD_0027_E_0001515,-6.5384401952
CtrSVDD_0028_E_0001516,-5.8828603971
CtrSVDD_0029_E_0001517,-7.4549886156
CtrSVDD_0030_E_0001518,-3.8258222389
CtrSVDD_0031_E_0001519,-0.5342161970
CtrSVDD_0032_E_0001520,-2.0462009173
CtrSVDD_0033_E_0001521,-4.0320927465
CtrSVDD_0034_E_0001522,-5.4938015633
CtrSVDD_0035_E_0001523,-2.9736487648
CtrSVDD_0036_E_0001524,0.4182268725
CtrSVDD_0037_E_0001525,-5.8061737333
CtrSVDD_0038_E_0001526,-7.7733075583
CtrSVDD_0039_E_0001527,-5.0767493711
CtrSVDD_0040_E_0001528,-5.2418668910
CtrSVDD_0041_E_0001529,-6.7368716006
CtrSVDD_0042_E_0001530,0.4167007285
CtrSVDD_0043_E_0001531,-6.0836395968
CtrSVDD_0044_E_0001532,-3.6633859332
CtrSVDD_0045_E_0001533,-6.5543419021
CtrSVDD_0046_E_0001534,-7.8548068064
CtrSVDD_0047_E_0001535,-5.6451176333
CtrSVDD_0000_E_0001536,-4.3342339711
CtrSVDD_0001_E_0001537,-1.6674542859
CtrSVDD_0002_E_0001538,0.3311735569
CtrSVDD_0003_E_0001539,-6.5201366876
CtrSVDD_0004_E_0001540,-5.5168063433
CtrSVDD_0005_E_0001541,-4.5057542668
CtrSVDD_0006_E_0001542,0.3519331562
CtrSVDD_0007_E_0001543,-7.5842130579
CtrSVDD_0008_E_0001544,0.2866984235
CtrSVDD_0009_E_0001545,-6.2233644974
CtrSVDD_0010_E_0001546,-5.5664937788
CtrSVDD_0011_E_0001547,-4.1863127634
CtrSVDD_0012_E_0001548,-7.4340687536
CtrSVDD_0013_E_0001549,-5.2325407566
CtrSVDD_0014_E_0001550,-5.8892991546
CtrSVDD_0015_E_0001551,-1.5976226813
CtrSVDD_0016_E_0001552,0.1466978246
CtrSVDD_0017_E_0001553,-5.5319710085
CtrSVDD_0018_E_0001554,-6.4167175195
CtrSVDD_0019_E_0001555,-1.5273495790
CtrSVDD_0020_E_0001556,-0.5865921165
CtrSVDD_0021_E_0001557,-6.5123155808
CtrSVDD_0022_E_0001558,-3.8996778015
CtrSVDD_0023_E_0001559,-5.4408477476
CtrSVDD_0024_E_0001560,-5.9132084745
CtrSVDD_0025_E_0001561,1.3399994132
CtrSVDD_0026_E_0001562,1.1015730699
CtrSVDD_0027_E_0001563,0.2221222082
CtrSVDD_0028_E_0001564,-0.8295238696
CtrSVDD_0029_E_0001565,-2.8924694801
CtrSVDD_0030_E_0001566,-6.3639899301
CtrSVDD_0031_E_0001567,-8.8862827699
CtrSVDD_0032_E_0001568,-9.9756628691
CtrSVDD_0033_E_0001569,-5.6891746838
CtrSVDD_0034_E_0001570,-5.7800426496
CtrSVDD_0035_E_0001571,-5.6739602288
CtrSVDD_0036_E_0001572,-6.3422450036
CtrSVDD_0037_E_0001573,-0.7830568137
CtrSVDD_0038_E_0001574,-6.2474679523
CtrSVDD_0039_E_0001575,-7.8280851996
CtrSVDD_0040_E_0001576,-6.2131406420
CtrSVDD_0041_E_0001577,-5.9086169072
CtrSVDD_0042_E_0001578,1.0449002015
CtrSVDD_0043_E_0001579,-7.1718364121
CtrSVDD_0044_E_0001580,-7.1815987934
CtrSVDD_0045_E_0001581,-3.8944784451
CtrSVDD_0046_E_0001582,-6.2363311661
CtrSVDD_0047_E_0001583,-6.3047198046
CtrSVDD_0000_E_0001584,-8.0354837355
CtrSVDD_0001_E_0001585,-6.8642197221
CtrSVDD_0002_E_0001586,-4.7693937737
CtrSVDD_0003_E_0001587,-6.7184763208
CtrSVDD_0004_E_0001588,-3.9048973946
CtrSVDD_0005_E_0001589,-4.7305833625
CtrSVDD_0006_E_0001590,-5.0298660955
CtrSVDD_0007_E_0001591,-2.8403979896
CtrSVDD_0008_E_0001592,-6.4833006545
CtrSVDD_0009_E_0001593,-4.0040951548
CtrSVDD_0010_E_0001594,-4.8306867499
CtrSVDD_0011_E_0001595,1.0018702764
CtrSVDD_0012_E_0001596,-5.1600523102
CtrSVDD_0013_E_0001597,-5.5558206762
CtrSVDD_0014_E_0001598,-7.1252215047
CtrSVDD_0015_E_0001599,-6.8451027205
CtrSVDD_0016_E_0001600,-8.1099543928
CtrSVDD_0017_E_0001601,-4.0620555789
CtrSVDD_0018_E_0001602,-5.5549671353
CtrSVDD_0019_E_0001603,-3.0186439204
CtrSVDD_0020_E_0001604,-5.3630265049
CtrSVDD_0021_E_0001605,-6.1766884579
CtrSVDD_0022_E_0001606,-6.1582984972
CtrSVDD_0023_E_0001607,-6.2797988993
CtrSVDD_0024_E_0001608,-5.9129843297
CtrSVDD_0025_E_0001609,-7.0329936022
CtrSVDD_0026_E_0001610,-6.4186100633
CtrSVDD_0027_E_0001611,-5.9835962118
CtrSVDD_0028_E_0001612,-6.3907627526
CtrSVDD_0029_E_0001613,-5.3038611877
CtrSVDD_0030_E_0001614,-7.9318285946
CtrSVDD_0031_E_0001615,-7.6683066693
CtrSVDD_0032_E_0001616,-4.6086559052
CtrSVDD_0033_E_0001617,-4.4930834304
CtrSVDD_0034_E_0001618,-1.6962225050
CtrSVDD_0035_E_0001619,0.0090922479
CtrSVDD_0036_E_0001620,-8.4235883567
CtrSVDD_0037_E_0001621,-5.3695136964
CtrSVDD_0038_E_0001622,-0.0384761641
CtrSVDD_0039_E_0001623,-6.3197592498
CtrSVDD_0040_E_0001624,-4.1006030368
CtrSVDD_0041_E_0001625,-0.0973694111
CtrSVDD_0042_E_0001626,-6.5863016797
CtrSVDD_0043_E_0001627,-7.1767135134
CtrSVDD_0044_E_0001628,0.4366180187
CtrSVDD_0045_E_0001629,-0.5181513452
CtrSVDD_0046_E_0001630,0.6303588592
CtrSVDD_0047_E_0001631,0.9304840170
CtrSVDD_0000_E_0001632,-4.4197822567
CtrSVDD_0001_E_0001633,-3.4115450593
CtrSVDD_0002_E_0001634,-6.4936593924
CtrSVDD_0003_E_0001635,-3.1593833896
CtrSVDD_0004_E_0001636,-3.4547326572
CtrSVDD_0005_E_0001637,-7.8003930488
CtrSVDD_0006_E_0001638,-0.7567181311
CtrSVDD_0007_E_0001639,-2.3782627378
CtrSVDD_0008_E_0001640,-5.6543411677
CtrSVDD_0009_E_0001641,-7.3734398214
CtrSVDD_0010_E_0001642,-5.8541478099
CtrSVDD_0011_E_0001643,-5.9994245352
CtrSVDD_0012_E_0001644,-3.7347295813
CtrSVDD_0013_E_0001645,-5.1964918156
CtrSVDD_0014_E_0001646,-5.2819922005
CtrSVDD_0015_E_0001647,-4.8815301214
CtrSVDD_0016_E_0001648,-7.0091529939
CtrSVDD_0017_E_0001649,-5.8627698291
CtrSVDD_0018_E_0001650,-4.7838425291
CtrSVDD_0019_E_0001651,-4.2355933533
CtrSVDD_0020_E_0001652,-4.7349049966
CtrSVDD_0021_E_0001653,-5.0454079198
CtrSVDD_0022_E_0001654,-6.0673978406
CtrSVDD_0023_E_0001655,-9.1552396162
CtrSVDD_0024_E_0001656,-7.0006771604
CtrSVDD_0025_E_0001657,-5.7339402795
CtrSVDD_0026_E_0001658,-4.0036757034
CtrSVDD_0027_E_0001659,-5.1069937323
CtrSVDD_0028_E_0001660,-7.2032385853
CtrSVDD_0029_E_0001661,-6.9406990248
CtrSVDD_0030_E_0001662,-6.0938785863
CtrSVDD_0031_E_0001663,-7.6904342413
CtrSVDD_0032_E_0001664,-9.0306461814
CtrSVDD_0033_E_0001665,-4.3370557471
CtrSVDD_0034_E_0001666,-3.5820082877
CtrSVDD_0035_E_0001667,-5.0245210268
CtrSVDD_0036_E_0001668,-6.7777533825
CtrSVDD_0037_E_0001669,-7.1505136056
CtrSVDD_0038_E_0001670,-7.4814861714
CtrSVDD_0039_E_0001671,-5.1648204562
CtrSVDD_0040_E_0001672,-5.8494830209
CtrSVDD_0041_E_0001673,-5.0224493697
CtrSVDD_0042_E_0001674,-4.8628112949
CtrSVDD_0043_E_0001675,-5.9056987345
CtrSVDD_0044_E_0001676,-3.2479312973
CtrSVDD_0045_E_0001677,-6.5069371071
CtrSVDD_0046_E_0001678,-7.1427388085
CtrSVDD_0047_E_0001679,-6.9299673998
CtrSVDD_0000_E_0001680,-7.5968540838
CtrSVDD_0001_E_0001681,-6.0593393746
CtrSVDD_0002_E_0001682,-6.9805586722
CtrSVDD_0003_E_0001683,-5.8874689546
CtrSVDD_0004_E_0001684,-6.3264995477
CtrSVDD_0005_E_0001685,-4.7822678785
CtrSVDD_0006_E_0001686,-3.6896138438
CtrSVDD_0007_E_0001687,-2.7676814227
CtrSVDD_0008_E_0001688,-6.8568144423
CtrSVDD_0009_E_0001689,-6.7731280885
CtrSVDD_0010_E_0001690,-8.1958091245
CtrSVDD_0011_E_0001691,-1.0663348048
CtrSVDD_0012_E_0001692,-4.7939471199
CtrSVDD_0013_E_0001693,-2.4964358889
CtrSVDD_0014_E_0001694,-0.0412759663
CtrSVDD_0015_E_0001695,-3.7431030867
CtrSVDD_0016_E_0001696,-0.8534403046
CtrSVDD_0017_E_0001697,-5.5692408555
CtrSVDD_0018_E_0001698,-0.1382194746
CtrSVDD_0019_E_0001699,-7.3094800528
CtrSVDD_0020_E_0001700,-4.1633115451
CtrSVDD_0021_E_0001701,-1.9171086526
CtrSVDD_0022_E_0001702,-0.6753680420
CtrSVDD_0023_E_0001703,-0.3698482853
CtrSVDD_0024_E_0001704,-6.6491854371
CtrSVDD_0025_E_0001705,-8.8309580145
CtrSVDD_0026_E_0001706,-6.6340891121
CtrSVDD_0027_E_0001707,-7.3641263138
CtrSVDD_0028_E_0001708,-6.0306599422
CtrSVDD_0029_E_0001709,-8.3390578271
CtrSVDD_0030_E_0001710,-6.4280666222
CtrSVDD_0031_E_0001711,-5.9561079689
CtrSVDD_0032_E_0001712,-6.9467352461
CtrSVDD_0033_E_0001713,-7.4689730367
CtrSVDD_0034_E_0001714,-0.5832725752
CtrSVDD_0035_E_0001715,-4.8120758220
CtrSVDD_0036_E_0001716,-5.9294302117
CtrSVDD_0037_E_0001717,-3.7600959215
CtrSVDD_0038_E_0001718,-6.0418979970
CtrSVDD_0039_E_0001719,-4.5459347948
CtrSVDD_0040_E_0001720,-8.8871504111
CtrSVDD_0041_E_0001721,-7.2006389384
CtrSVDD_0042_E_0001722,-5.6939944671
CtrSVDD_0043_E_0001723,-6.0087524081
CtrSVDD_0044_E_0001724,-6.8205726698
CtrSVDD_0045_E_0001725,-5.7967844416
CtrSVDD_0046_E_0001726,-7.9238711390
CtrSVDD_0047_E_0001727,-6.8621322065
CtrSVDD_0000_E_0001728,-0.6440681386
CtrSVDD_0001_E_0001729,-3.3455385523
CtrSVDD_0002_E_0001730,-2.4265220635
CtrSVDD_0003_E_0001731,-4.6755315424
CtrSVDD_0004_E_0001732,-6.0843145220
CtrSVDD_0005_E_0001733,-4.9918079139
CtrSVDD_0006_E_0001734,-1.5318557475
CtrSVDD_0007_E_0001735,-8.3474422624
CtrSVDD_0008_E_0001736,-1.1626348657
CtrSVDD_0009_E_0001737,-6.2334031956
CtrSVDD_0010_E_0001738,-5.6653362521
CtrSVDD_0011_E_0001739,-7.1913943832
CtrSVDD_0012_E_0001740,-2.3943323999
CtrSVDD_0013_E_0001741,-6.9027108745
CtrSVDD_0014_E_0001742,-4.9522504634
CtrSVDD_0015_E_0001743,-5.4240653064
CtrSVDD_0016_E_0001744,-6.6577363568
CtrSVDD_0017_E_0001745,-7.4731618784
CtrSVDD_0018_E_0001746,-6.4741939176
CtrSVDD_0019_E_0001747,-6.5448000438
CtrSVDD_0020_E_0001748,-7.6658062691
CtrSVDD_0021_E_0001749,-6.7123345270
CtrSVDD_0022_E_0001750,-5.2135956700
CtrSVDD_0023_E_0001751,-6.1261151866
CtrSVDD_0024_E_0001752,-5.6305098297
CtrSVDD_0025_E_0001753,-6.7371023762
CtrSVDD_0026_E_0001754,-4.3432059006
CtrSVDD_0027_E_0001755,-2.3721226602
CtrSVDD_0028_E_0001756,-7.3430512251
CtrSVDD_0029_E_0001757,-5.0386129078
CtrSVDD_0030_E_0001758,-4.3200027250
CtrSVDD_0031_E_0001759,-0.2022530017
CtrSVDD_0032_E_0001760,-7.2668659411
CtrSVDD_0033_E_0001761,-4.1790169399
CtrSVDD_0034_E_0001762,-2.1757241556
CtrSVDD_0035_E_0001763,-5.3888617582
CtrSVDD_0036_E_0001764,-2.9362160223
CtrSVDD_0037_E_0001765,-7.4704791905
CtrSVDD_0038_E_0001766,-5.1642785243
CtrSVDD_0039_E_0001767,2.0027801363
CtrSVDD_0040_E_0001768,-6.4308931940
CtrSVDD_0041_E_0001769,0.4320066126
CtrSVDD_0042_E_0001770,1.7218830818
CtrSVDD_0043_E_0001771,-1.6189001435
CtrSVDD_0044_E_0001772,-5.8686990334
CtrSVDD_0045_E_0001773,-5.7324257345
CtrSVDD_0046_E_0001774,-5.7225878989
CtrSVDD_0047_E_0001775,-5.6970982274
CtrSVDD_0000_E_0001776,-5.5774574246
CtrSVDD_0001_E_0001777,-6.7005104851
CtrSVDD_0002_E_0001778,-4.9734618406
CtrSVDD_0003_E_0001779,1.7976633338
CtrSVDD_0004_E_0001780,-10.0660020106
CtrSVDD_0005_E_0001781,-8.1385691357
CtrSVDD_0006_E_0001782,-4.9168077926
CtrSVDD_0007_E_0001783,-3.0499836466
CtrSVDD_0008_E_0001784,-5.8240750799
CtrSVDD_0009_E_0001785,-8.6459102950
CtrSVDD_0010_E_0001786,-2.9199051276
CtrSVDD_0011_E_0001787,-0.7964315437
CtrSVDD_0012_E_0001788,-6.7080755977
CtrSVDD_0013_E_0001789,-6.5659373124
CtrSVDD_0014_E_0001790,-4.7711784572
CtrSVDD_0015_E_0001791,-7.2009314255
CtrSVDD_0016_E_0001792,2.0629994447
CtrSVDD_0017_E_0001793,-5.2708360570
CtrSVDD_0018_E_0001794,-5.1399127586
CtrSVDD_0019_E_0001795,-2.9218497723
CtrSVDD_0020_E_0001796,-7.8651084875
CtrSVDD_0021_E_0001797,1.9348118138
CtrSVDD_0022_E_0001798,-3.7699742007
CtrSVDD_0023_E_0001799,-4.0580663604
CtrSVDD_0024_E_0001800,-1.3468970466
CtrSVDD_0025_E_0001801,-4.8101604922
CtrSVDD_0026_E_0001802,-4.8842483993
CtrSVDD_0027_E_0001803,0.7400603223
CtrSVDD_0028_E_0001804,-0.8118936149
CtrSVDD_0029_E_0001805,-6.1952823796
CtrSVDD_0030_E_0001806,-6.0261453681
CtrSVDD_0031_E_0001807,-6.8252387358
CtrSVDD_0032_E_0001808,-7.2841111665
CtrSVDD_0033_E_0001809,-7.2254584114
CtrSVDD_0034_E_0001810,-4.4719213138
CtrSVDD_0035_E_0001811,-4.7342374245
CtrSVDD_0036_E_0001812,-8.4118048970
CtrSVDD_0037_E_0001813,-5.6025359741
CtrSVDD_0038_E_0001814,-7.4930917151
CtrSVDD_0039_E_0001815,1.6432135432
CtrSVDD_0040_E_0001816,0.7604483910
CtrSVDD_0041_E_0001817,-7.2045395281
CtrSVDD_0042_E_0001818,-6.9501806420
CtrSVDD_0043_E_0001819,-7.8754971771
CtrSVDD_0044_E_0001820,-4.3055613631
CtrSVDD_0045_E_0001821,0.7308942474
CtrSVDD_0046_E_0001822,-5.0654045099
CtrSVDD_0047_E_0001823,-7.5881630684
CtrSVDD_0000_E_0001824,-4.3751010227
CtrSVDD_0001_E_0001825,-7.0493949668
CtrSVDD_0002_E_0001826,-5.6001144736
CtrSVDD_0003_E_0001827,-7.3623111850
CtrSVDD_0004_E_0001828,-1.5228742124
CtrSVDD_0005_E_0001829,-7.3990389303
CtrSVDD_0006_E_0001830,1.9724519057
CtrSVDD_0007_E_0001831,-7.2759770474
CtrSVDD_0008_E_0001832,-4.9391624803
CtrSVDD_0009_E_0001833,0.3376287368
CtrSVDD_0010_E_0001834,0.2900690762
CtrSVDD_0011_E_0001835,-7.0518498440
CtrSVDD_0012_E_0001836,-5.5906386865
CtrSVDD_0013_E_0001837,-6.7587114481
CtrSVDD_0014_E_0001838,-4.8895490532
CtrSVDD_0015_E_0001839,-5.2430995243
CtrSVDD_0016_E_0001840,-0.5816152139
CtrSVDD_0017_E_0001841,-5.4515118698
CtrSVDD_0018_E_0001842,-8.4443347748
CtrSVDD_0019_E_0001843,-5.2654910271
CtrSVDD_0020_E_0001844,-7.5393894532
CtrSVDD_0021_E_0001845,-0.1764594083
CtrSVDD_0022_E_0001846,-7.3097979648
CtrSVDD_0023_E_0001847,-9.0328060258
CtrSVDD_0024_E_0001848,-0.3653585875
CtrSVDD_0025_E_0001849,-5.2005420332
CtrSVDD_0026_E_0001850,-3.9014126200
CtrSVDD_0027_E_0001851,-6.3786174975
CtrSVDD_0028_E_0001852,-7.7246973702
CtrSVDD_0029_E_0001853,-4.7777003478
CtrSVDD_0030_E_0001854,-2.9791417194
CtrSVDD_0031_E_0001855,0.0931539598
CtrSVDD_0032_E_0001856,-6.3068280910
CtrSVDD_0033_E_0001857,-5.6881554658
CtrSVDD_0034_E_0001858,1.1571530850
CtrSVDD_0035_E_0001859,-5.5698293182
CtrSVDD_0036_E_0001860,-0.9007043491
CtrSVDD_0037_E_0001861,-2.5770759574
CtrSVDD_0038_E_0001862,-5.4675770287
CtrSVDD_0039_E_0001863,0.7623174933
CtrSVDD_0040_E_0001864,-6.3086178113
CtrSVDD_0041_E_0001865,-8.3736279162
CtrSVDD_0042_E_0001866,0.9655620099
CtrSVDD_0043_E_0001867,-7.4050265206
CtrSVDD_0044_E_0001868,-4.1824254259
CtrSVDD_0045_E_0001869,-5.6516650122
CtrSVDD_0046_E_0001870,-6.3297647320
CtrSVDD_0047_E_0001871,-5.8238213805
CtrSVDD_0000_E_0001872,1.9367095375
CtrSVDD_0001_E_0001873,-3.9350927110
CtrSVDD_0002_E_0001874,-6.4201712250
CtrSVDD_0003_E_0001875,-3.4364831188
CtrSVDD_0004_E_0001876,-0.2813267155
CtrSVDD_0005_E_0001877,0.7529983711
CtrSVDD_0006_E_0001878,-0.5204622378
CtrSVDD_0007_E_0001879,-8.1389610687
CtrSVDD_0008_E_0001880,-1.4430885239
CtrSVDD_0009_E_0001881,-7.0273848466
CtrSVDD_0010_E_0001882,-6.6640877831
CtrSVDD_0011_E_0001883,-3.0682300023
CtrSVDD_0012_E_0001884,-6.1213921238
CtrSVDD_0013_E_0001885,-4.1902079482
CtrSVDD_0014_E_0001886,-3.3748070835
CtrSVDD_0015_E_0001887,-7.2692586324
CtrSVDD_0016_E_0001888,-3.2462155796
CtrSVDD_0017_E_0001889,-2.6202264645
CtrSVDD_0018_E_0001890,-7.5367433171
CtrSVDD_0019_E_0001891,-7.4720955564
CtrSVDD_0020_E_0001892,-5.5092379589
CtrSVDD_0021_E_0001893,-7.8443921485
CtrSVDD_0022_E_0001894,-3.3631148042
CtrSVDD_0023_E_0001895,-5.4869182494
CtrSVDD_0024_E_0001896,-6.9267911848
CtrSVDD_0025_E_0001897,-5.9013115403
CtrSVDD_0026_E_0001898,-6.0656459605
CtrSVDD_0027_E_0001899,-4.3113675704
CtrSVDD_0028_E_0001900,-6.6583174636
CtrSVDD_0029_E_0001901,0.4801251684
CtrSVDD_0030_E_0001902,-0.6561637812
CtrSVDD_0031_E_0001903,-7.0470469197
CtrSVDD_0032_E_0001904,-7.1621062585
CtrSVDD_0033_E_0001905,-3.6233322764
CtrSVDD_0034_E_0001906,-6.7787976117
CtrSVDD_0035_E_0001907,0.9833812625
CtrSVDD_0036_E_0001908,-3.9074975289
CtrSVDD_0037_E_0001909,-5.1881994666
CtrSVDD_0038_E_0001910,-7.2846123353
CtrSVDD_0039_E_0001911,-4.7092684715
CtrSVDD_0040_E_0001912,-6.7022328971
CtrSVDD_0041_E_0001913,-8.3210733579
CtrSVDD_0042_E_0001914,-6.8486140385
CtrSVDD_0043_E_0001915,-5.9086660372
CtrSVDD_0044_E_0001916,-6.4637588304
CtrSVDD_0045_E_0001917,-0.5424936678
CtrSVDD_0046_E_0001918,-8.5872791306
CtrSVDD_0047_E_0001919,-4.3257389888
CtrSVDD_0000_E_0001920,-7.1224235575
CtrSVDD_0001_E_0001921,-4.5916705645
CtrSVDD_0002_E_0001922,-7.4244460824
CtrSVDD_0003_E_0001923,-4.0907273176
CtrSVDD_0004_E_0001924,-2.9641552142
CtrSVDD_0005_E_0001925,-1.2570169944
CtrSVDD_0006_E_0001926,-6.9514113052
CtrSVDD_0007_E_0001927,-6.6443190028
CtrSVDD_0008_E_0001928,-6.3815253376
CtrSVDD_0009_E_0001929,-6.4023136307
CtrSVDD_0010_E_0001930,-7.4339588815
CtrSVDD_0011_E_0001931,-6.7982750655
CtrSVDD_0012_E_0001932,-6.2919806385
CtrSVDD_0013_E_0001933,-7.0054137812
CtrSVDD_0014_E_0001934,-6.2762162358
CtrSVDD_0015_E_0001935,-8.8398219918
CtrSVDD_0016_E_0001936,-8.3205201958
CtrSVDD_0017_E_0001937,-5.8935253491
CtrSVDD_0018_E_0001938,-6.9007924761
CtrSVDD_0019_E_0001939,-6.1422700048
CtrSVDD_0020_E_0001940,-5.4907909273
CtrSVDD_0021_E_0001941,-4.9194490377
CtrSVDD_0022_E_0001942,-6.2687154000
CtrSVDD_0023_E_0001943,-6.5170824102
CtrSVDD_0024_E_0001944,-7.1572271039
CtrSVDD_0025_E_0001945,-4.4396549879
CtrSVDD_0026_E_0001946,-5.2898150139
CtrSVDD_0027_E_0001947,-8.2967516824
CtrSVDD_0028_E_0001948,2.9899557576
CtrSVDD_0029_E_0001949,-5.1142480401
CtrSVDD_0030_E_0001950,-5.7568712996
CtrSVDD_0031_E_0001951,-6.5048538665
CtrSVDD_0032_E_0001952,0.0468765635
CtrSVDD_0033_E_0001953,-6.6367063378
CtrSVDD_0034_E_0001954,0.0641267737
CtrSVDD_0035_E_0001955,-4.8161039598
CtrSVDD_0036_E_0001956,-5.9358414065
CtrSVDD_0037_E_0001957,-4.5802972658
CtrSVDD_0038_E_0001958,-5.7707986216
CtrSVDD_0039_E_0001959,-8.9196589372
CtrSVDD_0040_E_0001960,-5.7060726200
CtrSVDD_0041_E_0001961,-5.9560365920
CtrSVDD_0042_E_0001962,-2.8545686805
CtrSVDD_0043_E_0001963,-8.7566125784
CtrSVDD_0044_E_0001964,-5.7858310690
CtrSVDD_0045_E_0001965,-4.5149600858
CtrSVDD_0046_E_0001966,-5.5728716369
CtrSVDD_0047_E_0001967,-0.5585763374
CtrSVDD_0000_E_0001968,-7.8488383715
CtrSVDD_0001_E_0001969,-4.8454666609
CtrSVDD_0002_E_0001970,-6.4539856706
CtrSVDD_0003_E_0001971,-6.3492788612
CtrSVDD_0004_E_0001972,-6.6946588545
CtrSVDD_0005_E_0001973,0.6894924976
CtrSVDD_0006_E_0001974,-8.4199161931
CtrSVDD_0007_E_0001975,-6.0472143782
CtrSVDD_0008_E_0001976,0.2192556688
CtrSVDD_0009_E_0001977,-3.9609416722
CtrSVDD_0010_E_0001978,-0.6100137811
CtrSVDD_0011_E_0001979,-6.9428739495
CtrSVDD_0012_E_0001980,-5.1815422131
CtrSVDD_0013_E_0001981,-6.2189230344
CtrSVDD_0014_E_0001982,-5.7846439105
CtrSVDD_0015_E_0001983,-8.3298925373
CtrSVDD_0016_E_0001984,-5.0746815227
CtrSVDD_0017_E_0001985,0.9778485914
CtrSVDD_0018_E_0001986,-3.7531657493
CtrSVDD_0019_E_0001987,-7.6502334984
CtrSVDD_0020_E_0001988,-6.6214684516
CtrSVDD_0021_E_0001989,-6.5995078855
CtrSVDD_0022_E_0001990,-4.8273176571
CtrSVDD_0023_E_0001991,-6.3710422671
CtrSVDD_0024_E_0001992,-1.8606984092
CtrSVDD_0025_E_0001993,-7.8827741124
CtrSVDD_0026_E_0001994,-8.4524492854
CtrSVDD_0027_E_0001995,-6.0214200742
CtrSVDD_0028_E_0001996,-7.3167787098
CtrSVDD_0029_E_0001997,-5.3584746958
CtrSVDD_0030_E_0001998,-0.3193752661
CtrSVDD_0031_E_0001999,-6.1505596891
CtrSVDD_0032_E_0002000,-6.6976882767
CtrSVDD_0033_E_0002001,-5.7642460872
CtrSVDD_0034_E_0002002,-6.2923059297
CtrSVDD_0035_E_0002003,-6.0526017830
CtrSVDD_0036_E_0002004,-8.8340300271
CtrSVDD_0037_E_0002005,-5.3400536180
CtrSVDD_0038_E_0002006,-5.2403477802
CtrSVDD_0039_E_0002007,-6.4351477068
CtrSVDD_0040_E_0002008,-5.4417514808
CtrSVDD_0041_E_0002009,-7.9126862384
CtrSVDD_0042_E_0002010,-7.3017175270
CtrSVDD_0043_E_0002011,-6.0270491013
CtrSVDD_0044_E_0002012,-4.9994539727
CtrSVDD_0045_E_0002013,-7.5258353854
CtrSVDD_0046_E_0002014,-6.9970507474
CtrSVDD_0047_E_0002015,-6.7913840961
CtrSVDD_0000_E_0002016,-1.9461628193
CtrSVDD_0001_E_0002017,-3.2376257997
CtrSVDD_0002_E_0002018,-10.2308442487
CtrSVDD_0003_E_0002019,-6.2998484977
CtrSVDD_0004_E_0002020,-5.5784472515
CtrSVDD_0005_E_0002021,-5.4612465695
CtrSVDD_0006_E_0002022,-6.0123579404
CtrSVDD_0007_E_0002023,-6.2925282351
CtrSVDD_0008_E_0002024,-7.5132822155
CtrSVDD_0009_E_0002025,-7.6146360127
CtrSVDD_0010_E_0002026,-6.2360689126
CtrSVDD_0011_E_0002027,-6.4292474667
CtrSVDD_0012_E_0002028,-6.3924349894
CtrSVDD_0013_E_0002029,-6.6926135520
CtrSVDD_0014_E_0002030,-5.1475605010
CtrSVDD_0015_E_0002031,-5.6351714585
CtrSVDD_0016_E_0002032,-7.3419184758
CtrSVDD_0017_E_0002033,-4.9711015796
CtrSVDD_0018_E_0002034,1.7390199717
CtrSVDD_0019_E_0002035,-4.0750701510
CtrSVDD_0020_E_0002036,-8.2144102734
CtrSVDD_0021_E_0002037,-6.9569653642
CtrSVDD_0022_E_0002038,-4.6027586356
CtrSVDD_0023_E_0002039,-5.3008538460
CtrSVDD_0024_E_0002040,-7.2572214179
CtrSVDD_0025_E_0002041,-4.5049902569
CtrSVDD_0026_E_0002042,-6.2714050334
CtrSVDD_0027_E_0002043,-4.6822922413
CtrSVDD_0028_E_0002044,-4.3168935422
CtrSVDD_0029_E_0002045,-8.5855268624
CtrSVDD_0030_E_0002046,-7.3005217932
CtrSVDD_0031_E_0002047,-7.5193803153
CtrSVDD_0032_E_0002048,-7.5446513848
CtrSVDD_0033_E_0002049,-6.1322819596
CtrSVDD_0034_E_0002050,-7.0042972818
CtrSVDD_0035_E_0002051,-0.6718579897
CtrSVDD_0036_E_0002052,-6.2701353001
CtrSVDD_0037_E_0002053,-2.7201909855
CtrSVDD_0038_E_0002054,-8.4876511558
CtrSVDD_0039_E_0002055,-8.0815014719
CtrSVDD_0040_E_0002056,-1.4591230250
CtrSVDD_0041_E_0002057,-7.6605933654
CtrSVDD_0042_E_0002058,-6.5017937506
CtrSVDD_0043_E_0002059,-7.1075320993
CtrSVDD_0044_E_0002060,-8.3100115960
CtrSVDD_0045_E_0002061,-4.8887700942
CtrSVDD_0046_E_0002062,-8.1908178902
CtrSVDD_0047_E_0002063,-5.4837616052
CtrSVDD_0000_E_0002064,-6.8472435352
CtrSVDD_0001_E_0002065,-6.8055699302
CtrSVDD_0002_E_0002066,-6.7520274982
CtrSVDD_0003_E_0002067,-4.3092032114
CtrSVDD_0004_E_0002068,-7.5971486194
CtrSVDD_0005_E_0002069,-7.2337330417
CtrSVDD_0006_E_0002070,1.6293610596
CtrSVDD_0007_E_0002071,-8.5303878702
CtrSVDD_0008_E_0002072,-5.7126658364
CtrSVDD_0009_E_0002073,-6.7601371030
CtrSVDD_0010_E_0002074,-0.2653542101
CtrSVDD_0011_E_0002075,-5.4341854469
CtrSVDD_0012_E_0002076,-6.2974101983
CtrSVDD_0013_E_0002077,-4.2997240246
CtrSVDD_0014_E_0002078,-8.8488219466
CtrSVDD_0015_E_0002079,-0.4443244374
CtrSVDD_0016_E_0002080,-3.4464410355
CtrSVDD_0017_E_0002081,-7.1522137637
CtrSVDD_0018_E_0002082,-7.7782830051
CtrSVDD_0019_E_0002083,-5.8647529531
CtrSVDD_0020_E_0002084,-7.2840691437
CtrSVDD_0021_E_0002085,-5.8010406990
CtrSVDD_0022_E_0002086,-6.7065738776
CtrSVDD_0023_E_0002087,-1.0787662039
CtrSVDD_0024_E_0002088,-5.3318279373
CtrSVDD_0025_E_0002089,-6.4499999994
CtrSVDD_0026_E_0002090,-5.7324091282
CtrSVDD_0027_E_0002091,-4.9232682539
CtrSVDD_0028_E_0002092,-7.8798752807
CtrSVDD_0029_E_0002093,1.2705100400
CtrSVDD_0030_E_0002094,-6.9995373246
CtrSVDD_0031_E_0002095,-4.0383643507
CtrSVDD_0032_E_0002096,-5.1532727792
CtrSVDD_0033_E_0002097,-4.9517301218
CtrSVDD_0034_E_0002098,-5.5287975773
CtrSVDD_0035_E_0002099,-0.2798717615
CtrSVDD_0036_E_0002100,-3.8690115074
CtrSVDD_0037_E_0002101,-8.7064611589
CtrSVDD_0038_E_0002102,-3.3160067810
CtrSVDD_0039_E_0002103,-5.4967070614
CtrSVDD_0040_E_0002104,-6.2787121303
CtrSVDD_0041_E_0002105,-2.4604177759
CtrSVDD_0042_E_0002106,-4.1708097071
CtrSVDD_0043_E_0002107,-4.7623071789
CtrSVDD_0044_E_0002108,-4.8367724948
CtrSVDD_0045_E_0002109,-6.5369258075
CtrSVDD_0046_E_0002110,-5.3145311656
CtrSVDD_0047_E_0002111,-6.9298557507
CtrSVDD_0000_E_0002112,-5.8850775512
CtrSVDD_0001_E_0002113,-4.2010309079
CtrSVDD_0002_E_0002114,-3.6147984702
CtrSVDD_0003_E_0002115,1.0223818983
CtrSVDD_0004_E_0002116,-1.0812725529
CtrSVDD_0005_E_0002117,-0.8926762724
CtrSVDD_0006_E_0002118,-4.5194259248
CtrSVDD_0007_E_0002119,-6.4245224698
CtrSVDD_0008_E_0002120,-6.0713450337
CtrSVDD_0009_E_0002121,-6.2826423305
CtrSVDD_0010_E_0002122,-7.1151397792
CtrSVDD_0011_E_0002123,-4.7000624739
CtrSVDD_0012_E_0002124,-6.8173030119
CtrSVDD_0013_E_0002125,-3.0260557805
CtrSVDD_0014_E_0002126,0.3969473992
CtrSVDD_0015_E_0002127,0.6773611918
CtrSVDD_0016_E_0002128,-5.2092875314
CtrSVDD_0017_E_0002129,-5.4152814926
CtrSVDD_0018_E_0002130,-2.5598888721
CtrSVDD_0019_E_0002131,-6.4213918391
CtrSVDD_0020_E_0002132,-3.2100071719
CtrSVDD_0021_E_0002133,-6.0533403124
CtrSVDD_0022_E_0002134,-6.3133484782
CtrSVDD_0023_E_0002135,-5.8672660605
CtrSVDD_0024_E_0002136,-2.5247725849
CtrSVDD_0025_E_0002137,-6.5309022330
CtrSVDD_0026_E_0002138,-5.9732896470
CtrSVDD_0027_E_0002139,0.5553094215
CtrSVDD_0028_E_0002140,-5.8452335884
CtrSVDD_0029_E_0002141,-9.4578240205
CtrSVDD_0030_E_0002142,-3.7391056522
CtrSVDD_0031_E_0002143,-0.3002966440
CtrSVDD_0032_E_0002144,-5.4372197251
CtrSVDD_0033_E_0002145,-0.5884333222
CtrSVDD_0034_E_0002146,-6.2299914740
CtrSVDD_0035_E_0002147,-8.1930254869
CtrSVDD_0036_E_0002148,-5.3802609802
CtrSVDD_0037_E_0002149,-6.1793486510
CtrSVDD_0038_E_0002150,-8.8667081805
CtrSVDD_0039_E_0002151,-3.3379267295
CtrSVDD_0040_E_0002152,-4.3300579733
CtrSVDD_0041_E_0002153,-2.3215289073
CtrSVDD_0042_E_0002154,-6.2271112682
CtrSVDD_0043_E_0002155,-0.1086192847
CtrSVDD_0044_E_0002156,-7.3451622783
CtrSVDD_0045_E_0002157,-8.2580194167
CtrSVDD_0046_E_0002158,0.5536781855
CtrSVDD_0047_E_0002159,-6.6795147849
CtrSVDD_0000_E_0002160,0.4567100527
CtrSVDD_0001_E_0002161,-7.6389116889
CtrSVDD_0002_E_0002162,-3.2939931830
CtrSVDD_0003_E_0002163,-5.1687412681
CtrSVDD_0004_E_0002164,-4.1007351852
CtrSVDD_0005_E_0002165,-4.1843681187
CtrSVDD_0006_E_0002166,0.9972598582
CtrSVDD_0007_E_0002167,-6.3414559101
CtrSVDD_0008_E_0002168,-5.7247485196
CtrSVDD_0009_E_0002169,-6.8672624345
CtrSVDD_0010_E_0002170,-7.0635571466
CtrSVDD_0011_E_0002171,-6.3734034475
CtrSVDD_0012_E_0002172,1.4797091119
CtrSVDD_0013_E_0002173,-5.9577181506
CtrSVDD_0014_E_0002174,-4.7395972483
CtrSVDD_0015_E_0002175,-3.4452662946
CtrSVDD_0016_E_0002176,-4.8832723801
CtrSVDD_0017_E_0002177,-7.0341406573
CtrSVDD_0018_E_0002178,-7.2412802878
CtrSVDD_0019_E_0002179,-6.9635563458
CtrSVDD_0020_E_0002180,-6.0691482242
CtrSVDD_0021_E_0002181,-8.0181996383
CtrSVDD_0022_E_0002182,-0.0496774027
CtrSVDD_0023_E_0002183,-6.5554942017
CtrSVDD_0024_E_0002184,-5.4344138980
CtrSVDD_0025_E_0002185,0.2871525250
CtrSVDD_0026_E_0002186,-5.0620060038
CtrSVDD_0027_E_0002187,-6.9621425821
CtrSVDD_0028_E_0002188,-7.7827759856
CtrSVDD_0029_E_0002189,0.7254239831
CtrSVDD_0030_E_0002190,-0.2916468333
CtrSVDD_0031_E_0002191,-8.6629988496
CtrSVDD_0032_E_0002192,-4.7968848610
CtrSVDD_0033_E_0002193,-4.4649418352
CtrSVDD_0034_E_0002194,-4.7520898232
CtrSVDD_0035_E_0002195,-6.8147440079
CtrSVDD_0036_E_0002196,-8.8122732585
CtrSVDD_0037_E_0002197,-5.9778167610
CtrSVDD_0038_E_0002198,-3.9617055155
CtrSVDD_0039_E_0002199,-6.5879400712
CtrSVDD_0040_E_0002200,-4.5143494363
CtrSVDD_0041_E_0002201,-5.3520878599
CtrSVDD_0042_E_0002202,-6.3863341782
CtrSVDD_0043_E_0002203,-6.6076011046
CtrSVDD_0044_E_0002204,-8.0384428900
CtrSVDD_0045_E_0002205,-5.1233329113
CtrSVDD_0046_E_0002206,-5.6188910012
CtrSVDD_0047_E_0002207,0.3683508953
CtrSVDD_0000_E_0002208,-4.4666096448
CtrSVDD_0001_E_0002209,-4.7506021956
CtrSVDD_0002_E_0002210,-8.4228420318
CtrSVDD_0003_E_0002211,0.0258804687
CtrSVDD_0004_E_0002212,-0.8902607472
CtrSVDD_0005_E_0002213,-6.0899195082
CtrSVDD_0006_E_0002214,-5.9707929271
CtrSVDD_0007_E_0002215,-4.2216617574
CtrSVDD_0008_E_0002216,-6.7610976334
CtrSVDD_0009_E_0002217,-5.4042977708
CtrSVDD_0010_E_0002218,-1.3715585885
CtrSVDD_0011_E_0002219,-5.2743912621
CtrSVDD_0012_E_0002220,-4.4812846871
CtrSVDD_0013_E_0002221,-4.9021587517
CtrSVDD_0014_E_0002222,-7.4578568355
CtrSVDD_0015_E_0002223,-3.1629000952
CtrSVDD_0016_E_0002224,-7.1438804170
CtrSVDD_0017_E_0002225,-6.4217222091
CtrSVDD_0018_E_0002226,-8.1286164052
CtrSVDD_0019_E_0002227,-1.4688537976
CtrSVDD_0020_E_0002228,-5.3026057261
CtrSVDD_0021_E_0002229,-3.7625347037
CtrSVDD_0022_E_0002230,-6.2913066162
CtrSVDD_0023_E_0002231,-5.4259485056
CtrSVDD_0024_E_0002232,-5.4783949728
CtrSVDD_0025_E_0002233,-7.1177209986
CtrSVDD_0026_E_0002234,-6.9266185989
CtrSVDD_0027_E_0002235,-6.9121740818
CtrSVDD_0028_E_0002236,-4.6807980592
CtrSVDD_0029_E_0002237,-5.5053717372
CtrSVDD_0030_E_0002238,-5.2404590954
CtrSVDD_0031_E_0002239,-5.3628284370
CtrSVDD_0032_E_0002240,-8.1360053997
CtrSVDD_0033_E_0002241,-7.9506369308
CtrSVDD_0034_E_0002242,-7.9141387229
CtrSVDD_0035_E_0002243,-5.8435385525
CtrSVDD_0036_E_0002244,-6.2311697272
CtrSVDD_0037_E_0002245,-8.7193369275
CtrSVDD_0038_E_0002246,-6.6265153894
CtrSVDD_0039_E_0002247,-5.6146382270
CtrSVDD_0040_E_0002248,-6.2020354308
CtrSVDD_0041_E_0002249,-8.1590028631
CtrSVDD_0042_E_0002250,-2.8726213638
CtrSVDD_0043_E_0002251,1.5643068011
CtrSVDD_0044_E_0002252,-6.0777843750
CtrSVDD_0045_E_0002253,-5.4118963434
CtrSVDD_0046_E_0002254,-6.8432158382
CtrSVDD_0047_E_0002255,-0.1311617906
CtrSVDD_0000_E_0002256,-6.6630394391
CtrSVDD_0001_E_0002257,-7.5194113531
CtrSVDD_0002_E_0002258,-6.7626117001
CtrSVDD_0003_E_0002259,1.0614081289
CtrSVDD_0004_E_0002260,-5.1841882578
CtrSVDD_0005_E_0002261,-6.6653483719
CtrSVDD_0006_E_0002262,-6.6142390522
CtrSVDD_0007_E_0002263,-4.7315495602
CtrSVDD_0008_E_0002264,-6.2457186812
CtrSVDD_0009_E_0002265,-5.0815429350
CtrSVDD_0010_E_0002266,-7.6651419622
CtrSVDD_0011_E_0002267,-5.7553445731
CtrSVDD_0012_E_0002268,-6.9597794949
CtrSVDD_0013_E_0002269,-6.3387785727
CtrSVDD_0014_E_0002270,-1.8445234323
CtrSVDD_0015_E_0002271,-6.4517151468
CtrSVDD_0016_E_0002272,-5.2690697017
CtrSVDD_0017_E_0002273,-4.9697362511
CtrSVDD_0018_E_0002274,-5.2521922793
CtrSVDD_0019_E_0002275,-4.0628703283
CtrSVDD_0020_E_0002276,-6.4024923390
CtrSVDD_0021_E_0002277,-7.4804789522
CtrSVDD_0022_E_0002278,-6.3182255796
CtrSVDD_0023_E_0002279,1.2464162809
CtrSVDD_0024_E_0002280,-6.0586179787
CtrSVDD_0025_E_0002281,2.3571626578
CtrSVDD_0026_E_0002282,-5.0971146848
CtrSVDD_0027_E_0002283,-7.7237008727
CtrSVDD_0028_E_0002284,-5.1740502098
CtrSVDD_0029_E_0002285,-6.0659978485
CtrSVDD_0030_E_0002286,0.0847279455
CtrSVDD_0031_E_0002287,-8.9924181795
CtrSVDD_0032_E_0002288,-2.7845929456
CtrSVDD_0033_E_0002289,-6.3476642961
CtrSVDD_0034_E_0002290,-6.9055111352
CtrSVDD_0035_E_0002291,-4.0783128553
CtrSVDD_0036_E_0002292,-3.2718763215
CtrSVDD_0037_E_0002293,-5.7675509720
CtrSVDD_0038_E_0002294,-7.0090635650
CtrSVDD_0039_E_0002295,-7.6344504920
CtrSVDD_0040_E_0002296,-5.9208842516
CtrSVDD_0041_E_0002297,-4.7580124046
CtrSVDD_0042_E_0002298,-4.3216249453
CtrSVDD_0043_E_0002299,-8.1923185254
CtrSVDD_0044_E_0002300,0.5520484215
CtrSVDD_0045_E_0002301,-4.7920223858
CtrSVDD_0046_E_0002302,-4.9178135595
CtrSVDD_0047_E_0002303,-7.4584714670
CtrSVDD_0000_E_0002304,-1.0323732006
CtrSVDD_0001_E_0002305,-6.7037479119
CtrSVDD_0002_E_0002306,-6.6598315303
CtrSVDD_0003_E_0002307,-6.8833791784
CtrSVDD_0004_E_0002308,-5.0060437819
CtrSVDD_0005_E_0002309,0.2420803761
CtrSVDD_0006_E_0002310,1.4713997696
CtrSVDD_0007_E_0002311,-6.9636590319
CtrSVDD_0008_E_0002312,0.7492890010
CtrSVDD_0009_E_0002313,-5.9510788694
CtrSVDD_0010_E_0002314,-7.2443544462
CtrSVDD_0011_E_0002315,-5.4712767981
CtrSVDD_0012_E_0002316,-4.7436046375
CtrSVDD_0013_E_0002317,-5.5596435952
CtrSVDD_0014_E_0002318,-6.5752058461
CtrSVDD_0015_E_0002319,-2.0229735836
CtrSVDD_0016_E_0002320,-7.7804499880
CtrSVDD_0017_E_0002321,0.5213535034
CtrSVDD_0018_E_0002322,-1.1849199287
CtrSVDD_0019_E_0002323,-3.0223528335
CtrSVDD_0020_E_0002324,-5.2038238522
CtrSVDD_0021_E_0002325,-7.1889769411
CtrSVDD_0022_E_0002326,-2.2109873292
CtrSVDD_0023_E_0002327,-4.1403694012
CtrSVDD_0024_E_0002328,0.7272449856
CtrSVDD_0025_E_0002329,0.9348057945
CtrSVDD_0026_E_0002330,-6.9287790801
CtrSVDD_0027_E_0002331,1.6949617785
CtrSVDD_0028_E_0002332,-7.3500320452
CtrSVDD_0029_E_0002333,-7.9543722049
CtrSVDD_0030_E_0002334,1.3022891135
CtrSVDD_0031_E_0002335,-7.5238283221
CtrSVDD_0032_E_0002336,-7.7317544799
CtrSVDD_0033_E_0002337,-5.5766224802
CtrSVDD_0034_E_0002338,-5.9480475691
CtrSVDD_0035_E_0002339,-6.4706710755
CtrSVDD_0036_E_0002340,-5.2938312223
CtrSVDD_0037_E_0002341,-0.0833242105
CtrSVDD_0038_E_0002342,-5.9964830813
CtrSVDD_0039_E_0002343,-7.0879029740
CtrSVDD_0040_E_0002344,-7.4456936338
CtrSVDD_0041_E_0002345,1.7081333224
CtrSVDD_0042_E_0002346,-6.7251141105
CtrSVDD_0043_E_0002347,-5.7843089762
CtrSVDD_0044_E_0002348,-7.2392407083
CtrSVDD_0045_E_0002349,-6.7044153888
CtrSVDD_0046_E_0002350,0.3149624314
CtrSVDD_0047_E_0002351,-7.2371947404
CtrSVDD_0000_E_0002352,-4.3111461222
CtrSVDD_0001_E_0002353,-3.4847179667
CtrSVDD_0002_E_0002354,-6.9219620542
CtrSVDD_0003_E_0002355,-6.7489851170
CtrSVDD_0004_E_0002356,-8.1613781178
CtrSVDD_0005_E_0002357,-6.6325744899
CtrSVDD_0006_E_0002358,-5.7247761974
CtrSVDD_0007_E_0002359,-5.4252078692
CtrSVDD_0008_E_0002360,-5.1998368364
CtrSVDD_0009_E_0002361,-4.9154284473
CtrSVDD_0010_E_0002362,-5.8723260787
CtrSVDD_0011_E_0002363,-0.9767699911
CtrSVDD_0012_E_0002364,-6.3120137497
CtrSVDD_0013_E_0002365,-0.4376526987
CtrSVDD_0014_E_0002366,-6.8287401718
CtrSVDD_0015_E_0002367,-8.0230493173
CtrSVDD_0016_E_0002368,-5.7431483294
CtrSVDD_0017_E_0002369,-1.1409127093
CtrSVDD_0018_E_0002370,-7.8170455917
CtrSVDD_0019_E_0002371,-9.2437808513
CtrSVDD_0020_E_0002372,-3.8122247079
CtrSVDD_0021_E_0002373,-6.9383405776
CtrSVDD_0022_E_0002374,-2.5474639244
CtrSVDD_0023_E_0002375,-7.1136912896
CtrSVDD_0024_E_0002376,-1.1921766381
CtrSVDD_0025_E_0002377,-1.0419539366
CtrSVDD_0026_E_0002378,-6.0316230375
CtrSVDD_0027_E_0002379,-0.3415349575
CtrSVDD_0028_E_0002380,-5.4393233500
CtrSVDD_0029_E_0002381,-5.0306240752
CtrSVDD_0030_E_0002382,-3.9715656905
CtrSVDD_0031_E_0002383,-2.4859579994
CtrSVDD_0032_E_0002384,-6.4065950224
CtrSVDD_0033_E_0002385,-5.5309155445
CtrSVDD_0034_E_0002386,-1.6284384068
CtrSVDD_0035_E_0002387,-6.6618849724
CtrSVDD_0036_E_0002388,-6.1004070038
CtrSVDD_0037_E_0002389,-6.1716262369
CtrSVDD_0038_E_0002390,0.9812876872
CtrSVDD_0039_E_0002391,-6.8376927103
CtrSVDD_0040_E_0002392,-6.2426819800
CtrSVDD_0041_E_0002393,0.2006659048
CtrSVDD_0042_E_0002394,-6.0700119265
CtrSVDD_0043_E_0002395,-5.9097529009
CtrSVDD_0044_E_0002396,1.5787329597
CtrSVDD_0045_E_0002397,-6.3526012811
CtrSVDD_0046_E_0002398,-6.0643560902
CtrSVDD_0047_E_0002399,-6.3853655582
CtrSVDD_0000_E_0002400,0.2264254499
CtrSVDD_0001_E_0002401,-5.5930946296
CtrSVDD_0002_E_0002402,-2.1503150251
CtrSVDD_0003_E_0002403,-0.3001606119
CtrSVDD_0004_E_0002404,-9.4831781319
CtrSVDD_0005_E_0002405,-6.2470108156
CtrSVDD_0006_E_0002406,0.2595629833
CtrSVDD_0007_E_0002407,-5.4598321059
CtrSVDD_0008_E_0002408,-4.9936597942
CtrSVDD_0009_E_0002409,-6.3952879753
CtrSVDD_0010_E_0002410,-3.4684220517
CtrSVDD_0011_E_0002411,-0.8196978204
CtrSVDD_0012_E_0002412,-6.5890972048
CtrSVDD_0013_E_0002413,0.3758461852
CtrSVDD_0014_E_0002414,-5.5257317287
CtrSVDD_0015_E_0002415,-6.2457711084
CtrSVDD_0016_E_0002416,-5.5562025434
CtrSVDD_0017_E_0002417,-8.5446235258
CtrSVDD_0018_E_0002418,-6.7961196841
CtrSVDD_0019_E_0002419,-7.1864923751
CtrSVDD_0020_E_0002420,-7.7938133928
CtrSVDD_0021_E_0002421,-9.3302018461
CtrSVDD_0022_E_0002422,0.2163909299
CtrSVDD_0023_E_0002423,-3.2324628053
CtrSVDD_0024_E_0002424,-1.3933814760
CtrSVDD_0025_E_0002425,-7.0154100119
CtrSVDD_0026_E_0002426,-8.1223582966
CtrSVDD_0027_E_0002427,-6.8193205783
CtrSVDD_0028_E_0002428,-7.7038865858
CtrSVDD_0029_E_0002429,-4.5982384714
CtrSVDD_0030_E_0002430,-8.1789128500
CtrSVDD_0031_E_0002431,-7.5841184721
CtrSVDD_0032_E_0002432,-0.6124412706
CtrSVDD_0033_E_0002433,-0.4884676583
CtrSVDD_0034_E_0002434,-7.1478941239
CtrSVDD_0035_E_0002435,-7.5928191515
CtrSVDD_0036_E_0002436,1.5455643299
CtrSVDD_0037_E_0002437,-0.9881020363
CtrSVDD_0038_E_0002438,-5.5615429784
CtrSVDD_0039_E_0002439,0.8046007029
CtrSVDD_0040_E_0002440,-4.2828168034
CtrSVDD_0041_E_0002441,-6.0646708270
CtrSVDD_0042_E_0002442,-4.6468838034
CtrSVDD_0043_E_0002443,-6.6012206969
CtrSVDD_0044_E_0002444,-6.1380127205
CtrSVDD_0045_E_0002445,-5.3023026563
CtrSVDD_0046_E_0002446,-6.7647734685
CtrSVDD_0047_E_0002447,-3.5407246649
CtrSVDD_0000_E_0002448,-7.9751454845
CtrSVDD_0001_E_0002449,-6.1204073705
CtrSVDD_0002_E_0002450,0.7073440802
CtrSVDD_0003_E_0002451,-1.4274166951
CtrSVDD_0004_E_0002452,-4.2117753693
CtrSVDD_0005_E_0002453,-3.3345601481
CtrSVDD_0006_E_0002454,-7.7029412762
CtrSVDD_0007_E_0002455,1.1355656473
CtrSVDD_0008_E_0002456,-8.1124213681
CtrSVDD_0009_E_0002457,-5.7571907764
CtrSVDD_0010_E_0002458,-6.5844681678
CtrSVDD_0011_E_0002459,-5.1836459743
CtrSVDD_0012_E_0002460,-5.2019779212
CtrSVDD_0013_E_0002461,-1.2313500657
CtrSVDD_0014_E_0002462,0.6596373073
CtrSVDD_0015_E_0002463,-6.5632787277
CtrSVDD_0016_E_0002464,-6.5703919638
CtrSVDD_0017_E_0002465,-7.9452280125
CtrSVDD_0018_E_0002466,1.4839023761
CtrSVDD_0019_E_0002467,-7.3220934497
CtrSVDD_0020_E_0002468,-6.7701822394
CtrSVDD_0021_E_0002469,-3.1381977883
CtrSVDD_0022_E_0002470,-6.3280044412
CtrSVDD_0023_E_0002471,-6.9900359697
CtrSVDD_0024_E_0002472,-2.3724369301
CtrSVDD_0025_E_0002473,-5.4316976002
CtrSVDD_0026_E_0002474,-5.7873529475
CtrSVDD_0027_E_0002475,-6.4372140148
CtrSVDD_0028_E_0002476,0.0510779670
CtrSVDD_0029_E_0002477,-6.5124893364
CtrSVDD_0030_E_0002478,-5.8732406249
CtrSVDD_0031_E_0002479,-6.2164206027
CtrSVDD_0032_E_0002480,-6.0912881621
CtrSVDD_0033_E_0002481,-7.4495878322
CtrSVDD_0034_E_0002482,-3.9931381996
CtrSVDD_0035_E_0002483,0.8295238696
CtrSVDD_0036_E_0002484,-4.8522189081
CtrSVDD_0037_E_0002485,-2.5119770991
CtrSVDD_0038_E_0002486,-3.6960081991
CtrSVDD_0039_E_0002487,-8.3469338378
CtrSVDD_0040_E_0002488,-0.8060727672
CtrSVDD_0041_E_0002489,-2.9160099428
CtrSVDD_0042_E_0002490,-6.1150374739
CtrSVDD_0043_E_0002491,-4.8157909410
CtrSVDD_0044_E_0002492,0.5133580378
CtrSVDD_0045_E_0002493,-5.0901111253
CtrSVDD_0046_E_0002494,1.5184291412
CtrSVDD_0047_E_0002495,-4.7913712062
CtrSVDD_0000_E_0002496,-6.9621735063
CtrSVDD_0001_E_0002497,-7.5606491008
CtrSVDD_0002_E_0002498,1.2165582875
CtrSVDD_0003_E_0002499,-3.8124717698
CtrSVDD_0004_E_0002500,-7.1091244519
CtrSVDD_0005_E_0002501,-7.7581251526
CtrSVDD_0006_E_0002502,0.1391504120
CtrSVDD_0007_E_0002503,-7.7847408820
CtrSVDD_0008_E_0002504,-7.6343375702
CtrSVDD_0009_E_0002505,-6.2108383580
CtrSVDD_0010_E_0002506,-6.7098087534
CtrSVDD_0011_E_0002507,-6.6292398211
CtrSVDD_0012_E_0002508,-2.8199481597
CtrSVDD_0013_E_0002509,-6.2936344585
CtrSVDD_0014_E_0002510,-4.6505938370
CtrSVDD_0015_E_0002511,-5.7001764056
CtrSVDD_0016_E_0002512,-8.2494971004
CtrSVDD_0017_E_0002513,0.5197517581
CtrSVDD_0018_E_0002514,-7.7921257563
CtrSVDD_0019_E_0002515,-3.7113375417
CtrSVDD_0020_E_0002516,-6.7143552860
CtrSVDD_0021_E_0002517,-4.4125880384
CtrSVDD_0022_E_0002518,-0.6578995520
CtrSVDD_0023_E_0002519,-5.1464153324
CtrSVDD_0024_E_0002520,-5.0707923576
CtrSVDD_0025_E_0002521,-3.6150614732
CtrSVDD_0026_E_0002522,-6.8086236570
CtrSVDD_0027_E_0002523,-6.1680862856
CtrSVDD_0028_E_0002524,-4.6522855042
CtrSVDD_0029_E_0002525,-5.5259107930
CtrSVDD_0030_E_0002526,-4.9212929753
CtrSVDD_0031_E_0002527,-5.3796495367
CtrSVDD_0032_E_0002528,0.9391451029
CtrSVDD_0033_E_0002529,-5.0861653178
CtrSVDD_0034_E_0002530,-6.1113370054
CtrSVDD_0035_E_0002531,-3.7981743181
CtrSVDD_0036_E_0002532,-6.6731420752
CtrSVDD_0037_E_0002533,-0.5915835914
CtrSVDD_0038_E_0002534,-3.5603628605
CtrSVDD_0039_E_0002535,-3.4496972106
CtrSVDD_0040_E_0002536,-7.0814622359
CtrSVDD_0041_E_0002537,-6.7898693544
CtrSVDD_0042_E_0002538,-6.0047900798
CtrSVDD_0043_E_0002539,-1.5501990408
CtrSVDD_0044_E_0002540,-7.2176859918
CtrSVDD_0045_E_0002541,-5.5082429253
CtrSVDD_0046_E_0002542,-5.6927250932
CtrSVDD_0047_E_0002543,-0.0906213158
CtrSVDD_0000_E_0002544,-3.3339666033
CtrSVDD_0001_E_0002545,-4.6863397749
CtrSVDD_0002_E_0002546,-4.5880435362
CtrSVDD_0003_E_0002547,-0.3311735569
CtrSVDD_0004_E_0002548,-1.2555934900
CtrSVDD_0005_E_0002549,-6.6143936607
CtrSVDD_0006_E_0002550,-5.4018662556
CtrSVDD_0007_E_0002551,-2.1125580968
CtrSVDD_0008_E_0002552,-4.8826380342
CtrSVDD_0009_E_0002553,-5.9897186817
CtrSVDD_0010_E_0002554,-8.2704080273
CtrSVDD_0011_E_0002555,-6.2652922454
CtrSVDD_0012_E_0002556,-3.4431227316
CtrSVDD_0013_E_0002557,-6.1175787410
CtrSVDD_0014_E_0002558,1.6453949376
CtrSVDD_0015_E_0002559,-5.9536949852
CtrSVDD_0016_E_0002560,1.2147491543
CtrSVDD_0017_E_0002561,-4.4130304721
CtrSVDD_0018_E_0002562,-6.1048703441
CtrSVDD_0019_E_0002563,-5.3369475211
CtrSVDD_0020_E_0002564,-7.1322592970
CtrSVDD_0021_E_0002565,-6.3051475571
CtrSVDD_0022_E_0002566,-5.6423304630
CtrSVDD_0023_E_0002567,-5.8753549608
CtrSVDD_0024_E_0002568,-7.4266693579
CtrSVDD_0025_E_0002569,-5.7374313182
CtrSVDD_0026_E_0002570,-7.1467002584
CtrSVDD_0027_E_0002571,-4.3028118849
CtrSVDD_0028_E_0002572,-6.6145357437
CtrSVDD_0029_E_0002573,-5.8409706329
CtrSVDD_0030_E_0002574,-5.7705558383
CtrSVDD_0031_E_0002575,-6.1485737154
CtrSVDD_0032_E_0002576,-6.2442156503
CtrSVDD_0033_E_0002577,-7.5530218460
CtrSVDD_0034_E_0002578,0.0678933459
CtrSVDD_0035_E_0002579,-7.4295324983
CtrSVDD_0036_E_0002580,-2.3397905640
CtrSVDD_0037_E_0002581,-6.7080894801
CtrSVDD_0038_E_0002582,-6.4793429800
CtrSVDD_0039_E_0002583,-5.9819723077
CtrSVDD_0040_E_0002584,-6.8361599313
CtrSVDD_0041_E_0002585,-7.5947311667
CtrSVDD_0042_E_0002586,-5.8452043773
CtrSVDD_0043_E_0002587,-6.0011692307
CtrSVDD_0044_E_0002588,-6.7580695185
CtrSVDD_0045_E_0002589,-6.6792024797
CtrSVDD_0046_E_0002590,-4.3470614276
CtrSVDD_0047_E_0002591,-5.2442341918
CtrSVDD_0000_E_0002592,-6.7752119270
CtrSVDD_0001_E_0002593,-6.2432901146
CtrSVDD_0002_E_0002594,-3.4895025494
CtrSVDD_0003_E_0002595,-3.5506321391
CtrSVDD_0004_E_0002596,-7.0350068958
CtrSVDD_0005_E_0002597,-3.6365739377
CtrSVDD_0006_E_0002598,-5.0211240991
CtrSVDD_0007_E_0002599,0.3090881616
CtrSVDD_0008_E_0002600,1.2078095279
CtrSVDD_0009_E_0002601,-7.5066702329
CtrSVDD_0010_E_0002602,-8.2729199108
CtrSVDD_0011_E_0002603,-0.0160867570
CtrSVDD_0012_E_0002604,-6.0633333691
CtrSVDD_0013_E_0002605,-0.4738558864
CtrSVDD_0014_E_0002606,-3.9275408076
CtrSVDD_0015_E_0002607,-6.7446911843
CtrSVDD_0016_E_0002608,-6.9454441373
CtrSVDD_0017_E_0002609,-2.4040846128
CtrSVDD_0018_E_0002610,-6.2790651021
CtrSVDD_0019_E_0002611,-6.2634019707
CtrSVDD_0020_E_0002612,-6.3248655466
CtrSVDD_0021_E_0002613,-8.1109127305
CtrSVDD_0022_E_0002614,-0.6303588592
CtrSVDD_0023_E_0002615,0.2886104937
CtrSVDD_0024_E_0002616,-6.1461176929
CtrSVDD_0025_E_0002617,-5.3148273741
CtrSVDD_0026_E_0002618,-9.4377318394
CtrSVDD_0027_E_0002619,-6.0285734989
CtrSVDD_0028_E_0002620,-6.2221329206
CtrSVDD_0029_E_0002621,-7.5557280813
CtrSVDD_0030_E_0002622,-4.0672479086
CtrSVDD_0031_E_0002623,-4.1879083731
CtrSVDD_0032_E_0002624,-6.2666008793
CtrSVDD_0033_E_0002625,-6.3084794335
CtrSVDD_0034_E_0002626,-7.7265289520
CtrSVDD_0035_E_0002627,-5.7812641362
CtrSVDD_0036_E_0002628,-7.2894823806
CtrSVDD_0037_E_0002629,-1.5309868327
CtrSVDD_0038_E_0002630,-2.7091831110
CtrSVDD_0039_E_0002631,-7.7701673994
CtrSVDD_0040_E_0002632,-0.2336068896
CtrSVDD_0041_E_0002633,-6.5714760072
CtrSVDD_0042_E_0002634,-4.0289143279
CtrSVDD_0043_E_0002635,-3.9538799269
CtrSVDD_0044_E_0002636,-8.0658735432
CtrSVDD_0045_E_0002637,-4.0398065085
CtrSVDD_0046_E_0002638,-5.0286551576
CtrSVDD_0047_E_0002639,-5.7538873304
CtrSVDD_0000_E_0002640,-5.5612728481
CtrSVDD_0001_E_0002641,-5.7439750026
CtrSVDD_0002_E_0002642,-7.7685718555
CtrSVDD_0003_E_0002643,-8.9738833200
CtrSVDD_0004_E_0002644,-4.8795977980
CtrSVDD_0005_E_0002645,-6.7565554646
CtrSVDD_0006_E_0002646,-8.0503724068
CtrSVDD_0007_E_0002647,-4.7664273269
CtrSVDD_0008_E_0002648,-2.9373374881
CtrSVDD_0009_E_0002649,-6.5266163434
CtrSVDD_0010_E_0002650,-5.3364738514
CtrSVDD_0011_E_0002651,-5.5070678562
CtrSVDD_0012_E_0002652,-6.5760528758
CtrSVDD_0013_E_0002653,-6.4070928838
CtrSVDD_0014_E_0002654,-8.0902254668
CtrSVDD_0015_E_0002655,-8.1063979981
CtrSVDD_0016_E_0002656,-6.6861303158
CtrSVDD_0017_E_0002657,-4.7555623219
CtrSVDD_0018_E_0002658,-8.1027902138
CtrSVDD_0019_E_0002659,0.3878829198
CtrSVDD_0020_E_0002660,-4.8960743217
CtrSVDD_0021_E_0002661,-1.1653889030
CtrSVDD_0022_E_0002662,-3.2588056434
CtrSVDD_0023_E_0002663,-6.4170678150
CtrSVDD_0024_E_0002664,-7.2544607915
CtrSVDD_0025_E_0002665,-3.0791144147
CtrSVDD_0026_E_0002666,-2.0938614812
CtrSVDD_0027_E_0002667,1.3970837332
CtrSVDD_0028_E_0002668,-3.3965483770
CtrSVDD_0029_E_0002669,-3.8788260769
CtrSVDD_0030_E_0002670,-5.0269738273
CtrSVDD_0031_E_0002671,1.5885360383
CtrSVDD_0032_E_0002672,-5.7154380244
CtrSVDD_0033_E_0002673,0.3179036343
CtrSVDD_0034_E_0002674,-7.0821505910
CtrSVDD_0035_E_0002675,-3.8387336270
CtrSVDD_0036_E_0002676,-6.0805695747
CtrSVDD_0037_E_0002677,-5.0264528188
CtrSVDD_0038_E_0002678,1.0323732006
CtrSVDD_0039_E_0002679,-7.3954569177
CtrSVDD_0040_E_0002680,-3.8531438313
CtrSVDD_0041_E_0002681,-6.6538035822
CtrSVDD_0042_E_0002682,-7.7431464769
CtrSVDD_0043_E_0002683,-7.3655381012
CtrSVDD_0044_E_0002684,-3.5010768458
CtrSVDD_0045_E_0002685,-2.1468147108
CtrSVDD_0046_E_0002686,-8.4673237355
CtrSVDD_0047_E_0002687,-7.6728921767
CtrSVDD_0000_E_0002688,-7.4711833989
CtrSVDD_0001_E_0002689,1.9082291381
CtrSVDD_0002_E_0002690,-4.6824750666
CtrSVDD_0003_E_0002691,-3.9631051432
CtrSVDD_0004_E_0002692,-7.1740457794
CtrSVDD_0005_E_0002693,-6.3117591029
CtrSVDD_0006_E_0002694,-6.5038178930
CtrSVDD_0007_E_0002695,-4.8722256548
CtrSVDD_0008_E_0002696,-5.9482021776
CtrSVDD_0009_E_0002697,-6.8334113381
CtrSVDD_0010_E_0002698,-6.0604658551
CtrSVDD_0011_E_0002699,-7.7414554972
CtrSVDD_0012_E_0002700,-6.9003478354
CtrSVDD_0013_E_0002701,-6.6855718955
CtrSVDD_0014_E_0002702,-8.2368876709
CtrSVDD_0015_E_0002703,-4.9633230683
CtrSVDD_0016_E_0002704,-0.2665177615
CtrSVDD_0017_E_0002705,-4.8609178667
CtrSVDD_0018_E_0002706,1.2642261759
CtrSVDD_0019_E_0002707,-6.1531405067
CtrSVDD_0020_E_0002708,-5.4225380293
CtrSVDD_0021_E_0002709,-8.0867742489
CtrSVDD_0022_E_0002710,-7.0786796246
CtrSVDD_0023_E_0002711,-5.9593291573
CtrSVDD_0024_E_0002712,-5.6314551275
CtrSVDD_0025_E_0002713,-7.2827292313
CtrSVDD_0026_E_0002714,2.2891032161
CtrSVDD_0027_E_0002715,-6.7843241136
CtrSVDD_0028_E_0002716,-6.7007179549
CtrSVDD_0029_E_0002717,-4.9693481962
CtrSVDD_0030_E_0002718,-5.1333545027
CtrSVDD_0031_E_0002719,-4.8016332805
CtrSVDD_0032_E_0002720,-6.2401695704
CtrSVDD_0033_E_0002721,-4.1736225999
CtrSVDD_0034_E_0002722,0.6718579897
CtrSVDD_0035_E_0002723,-5.7155447063
CtrSVDD_0036_E_0002724,-5.8483295686
CtrSVDD_0037_E_0002725,-7.1896280489
CtrSVDD_0038_E_0002726,-6.9252159531
CtrSVDD_0039_E_0002727,1.0688078753
CtrSVDD_0040_E_0002728,-8.3389668860
CtrSVDD_0041_E_0002729,-6.9397487582
CtrSVDD_0042_E_0002730,-8.0454625113
CtrSVDD_0043_E_0002731,0.1020453384
CtrSVDD_0044_E_0002732,-6.0426889798
CtrSVDD_0045_E_0002733,-6.1792626111
CtrSVDD_0046_E_0002734,-4.2085783434
CtrSVDD_0047_E_0002735,-3.6411637569
CtrSVDD_0000_E_0002736,-5.4235477194
CtrSVDD_0001_E_0002737,-5.0962633256
CtrSVDD_0002_E_0002738,-6.0080647430
CtrSVDD_0003_E_0002739,-4.0204235839
CtrSVDD_0004_E_0002740,-6.3127244006
CtrSVDD_0005_E_0002741,-7.0964057511
CtrSVDD_0006_E_0002742,-5.3761485733
CtrSVDD_0007_E_0002743,-3.9240452579
CtrSVDD_0008_E_0002744,-7.1948904797
CtrSVDD_0009_E_0002745,-2.8845561336
CtrSVDD_0010_E_0002746,-4.3048914335
CtrSVDD_0011_E_0002747,-7.3996919380
CtrSVDD_0012_E_0002748,-2.0349820557
CtrSVDD_0013_E_0002749,-9.2813299657
CtrSVDD_0014_E_0002750,-1.6578269990
CtrSVDD_0015_E_0002751,-1.7202915191
CtrSVDD_0016_E_0002752,-0.8737499097
CtrSVDD_0017_E_0002753,-8.5649261654
CtrSVDD_0018_E_0002754,-5.8687618773
CtrSVDD_0019_E_0002755,-4.7235583491
CtrSVDD_0020_E_0002756,-4.0443005563
CtrSVDD_0021_E_0002757,-4.5562588415
CtrSVDD_0022_E_0002758,-8.1883884071
CtrSVDD_0023_E_0002759,-4.1642398573
CtrSVDD_0024_E_0002760,-5.8737415339
CtrSVDD_0025_E_0002761,-5.7032530441
CtrSVDD_0026_E_0002762,-7.3291922108
CtrSVDD_0027_E_0002763,-5.9275414063
CtrSVDD_0028_E_0002764,-8.3919283020
CtrSVDD_0029_E_0002765,-8.0965121133
CtrSVDD_0030_E_0002766,-8.7030774565
CtrSVDD_0031_E_0002767,-6.2985897142
CtrSVDD_0032_E_0002768,-4.8209857326
CtrSVDD_0033_E_0002769,-6.5200681376
CtrSVDD_0034_E_0002770,-7.2380241795
CtrSVDD_0035_E_0002771,-7.0334445776
CtrSVDD_0036_E_0002772,-0.9858255004
CtrSVDD_0037_E_0002773,1.4966413405
CtrSVDD_0038_E_0002774,-6.8009913632
CtrSVDD_0039_E_0002775,-8.4049613033
CtrSVDD_0040_E_0002776,-6.6087570235
CtrSVDD_0041_E_0002777,-6.0969564187
CtrSVDD_0042_E_0002778,-9.2305497806
CtrSVDD_0043_E_0002779,-2.2807621893
CtrSVDD_0044_E_0002780,-3.4512310058
CtrSVDD_0045_E_0002781,0.3296962808
CtrSVDD_0046_E_0002782,-4.8905806803
CtrSVDD_0047_E_0002783,-7.7365946578
CtrSVDD_0000_E_0002784,-4.4695907621
CtrSVDD_0001_E_0002785,-6.7507649662
CtrSVDD_0002_E_0002786,-4.7214270630
CtrSVDD_0003_E_0002787,-5.8552465005
CtrSVDD_0004_E_0002788,-6.7522838157
CtrSVDD_0005_E_0002789,-6.2045535171
CtrSVDD_0006_E_0002790,-0.2278607921
CtrSVDD_0007_E_0002791,-4.4442178370
CtrSVDD_0008_E_0002792,-6.6985030752
CtrSVDD_0009_E_0002793,-2.2481843477
CtrSVDD_0010_E_0002794,1.6563238653
CtrSVDD_0011_E_0002795,-5.2086637842
CtrSVDD_0012_E_0002796,-2.9140593826
CtrSVDD_0013_E_0002797,-6.1663403495
CtrSVDD_0014_E_0002798,-7.3658262997
CtrSVDD_0015_E_0002799,-4.1745882367
CtrSVDD_0016_E_0002800,-6.0361992487
CtrSVDD_0017_E_0002801,-1.0041834899
CtrSVDD_0018_E_0002802,-2.1466128466
CtrSVDD_0019_E_0002803,-2.3802881009
CtrSVDD_0020_E_0002804,-7.9934024315
CtrSVDD_0021_E_0002805,-6.5354606724
CtrSVDD_0022_E_0002806,-7.5374459911
CtrSVDD_0023_E_0002807,0.6879377687
CtrSVDD_0024_E_0002808,0.3208475899
CtrSVDD_0025_E_0002809,-8.2627167295
CtrSVDD_0026_E_0002810,-6.1067119655
CtrSVDD_0027_E_0002811,-6.6249341668
CtrSVDD_0028_E_0002812,-7.3815813910
CtrSVDD_0029_E_0002813,-6.1060537598
CtrSVDD_0030_E_0002814,-2.9121068304
CtrSVDD_0031_E_0002815,-4.8570790846
CtrSVDD_0032_E_0002816,-5.7872414842
CtrSVDD_0033_E_0002817,-3.8360474260
CtrSVDD_0034_E_0002818,-5.7521095697
CtrSVDD_0035_E_0002819,-6.3698464723
CtrSVDD_0036_E_0002820,-5.5755669918
CtrSVDD_0037_E_0002821,-3.7246950713
CtrSVDD_0038_E_0002822,-5.7747462172
CtrSVDD_0039_E_0002823,-7.0632269642
CtrSVDD_0040_E_0002824,-7.6456334373
CtrSVDD_0041_E_0002825,-3.7270761100
CtrSVDD_0042_E_0002826,-6.7842228259
CtrSVDD_0043_E_0002827,-6.4563360289
CtrSVDD_0044_E_0002828,0.5849315401
CtrSVDD_0045_E_0002829,-4.8432301283
CtrSVDD_0046_E_0002830,-5.0230343601
CtrSVDD_0047_E_0002831,-4.1980221819
CtrSVDD_0000_E_0002832,-7.8951974350
CtrSVDD_0001_E_0002833,-3.7331180619
CtrSVDD_0002_E_0002834,-2.1613282299
CtrSVDD_0003_E_0002835,-8.7262848686
CtrSVDD_0004_E_0002836,0.3459867419
CtrSVDD_0005_E_0002837,-0.1058055829
CtrSVDD_0006_E_0002838,-6.5232578532
CtrSVDD_0007_E_0002839,-6.5078267509
CtrSVDD_0008_E_0002840,-7.2426040905
CtrSVDD_0009_E_0002841,-6.2886698667
CtrSVDD_0010_E_0002842,-7.0371488020
CtrSVDD_0011_E_0002843,-6.3411637717
CtrSVDD_0012_E_0002844,-5.4702360741
CtrSVDD_0013_E_0002845,-8.4281231819
CtrSVDD_0014_E_0002846,-1.0395498058
CtrSVDD_0015_E_0002847,3.7543430350
CtrSVDD_0016_E_0002848,-6.7217260813
CtrSVDD_0017_E_0002849,-6.4895406341
CtrSVDD_0018_E_0002850,-0.7585819416
CtrSVDD_0019_E_0002851,-4.1382600809
CtrSVDD_0020_E_0002852,-6.8901109713
CtrSVDD_0021_E_0002853,-5.9035595216
CtrSVDD_0022_E_0002854,-0.9611126384
CtrSVDD_0023_E_0002855,1.2086579908
CtrSVDD_0024_E_0002856,-4.0690884625
CtrSVDD_0025_E_0002857,-7.2411838096
CtrSVDD_0026_E_0002858,-3.2065400895
CtrSVDD_0027_E_0002859,-1.8335334290
CtrSVDD_0028_E_0002860,-3.8754776340
CtrSVDD_0029_E_0002861,-5.5849704040
CtrSVDD_0030_E_0002862,-4.5597967868
CtrSVDD_0031_E_0002863,-6.7063912844
CtrSVDD_0032_E_0002864,-2.5298523483
CtrSVDD_0033_E_0002865,-4.6637820112
CtrSVDD_0034_E_0002866,-5.8280991160
CtrSVDD_0035_E_0002867,-1.4839023761
CtrSVDD_0036_E_0002868,-5.8939727233
CtrSVDD_0037_E_0002869,-7.5608807590
CtrSVDD_0038_E_0002870,0.3252687518
CtrSVDD_0039_E_0002871,-0.2624574964
CtrSVDD_0040_E_0002872,-5.8374009881
CtrSVDD_0041_E_0002873,-6.9405923429
CtrSVDD_0042_E_0002874,-6.2698028710
CtrSVDD_0043_E_0002875,-5.4820912698
CtrSVDD_0044_E_0002876,-7.1812347183
CtrSVDD_0045_E_0002877,-5.1756580970
CtrSVDD_0046_E_0002878,-3.9503551968
CtrSVDD_0047_E_0002879,-3.4204157049
CtrSVDD_0000_E_0002880,-5.1394083093
CtrSVDD_0001_E_0002881,-5.2028958073
CtrSVDD_0002_E_0002882,-5.9859728517
CtrSVDD_0003_E_0002883,-7.0740318101
CtrSVDD_0004_E_0002884,-2.5940015058
CtrSVDD_0005_E_0002885,-5.7047907939
CtrSVDD_0006_E_0002886,-5.8702700494
CtrSVDD_0007_E_0002887,-5.4970580247
CtrSVDD_0008_E_0002888,-5.7192662842
CtrSVDD_0009_E_0002889,-4.8234187519
CtrSVDD_0010_E_0002890,-4.8204434769
CtrSVDD_0011_E_0002891,-5.9113409539
CtrSVDD_0012_E_0002892,-4.5002143415
CtrSVDD_0013_E_0002893,0.9544740278
CtrSVDD_0014_E_0002894,-6.1575883965
CtrSVDD_0015_E_0002895,-6.0514707562
CtrSVDD_0016_E_0002896,-6.8651382133
CtrSVDD_0017_E_0002897,-6.6658877544
CtrSVDD_0018_E_0002898,-5.4218864969
CtrSVDD_0019_E_0002899,-7.8904013672
CtrSVDD_0020_E_0002900,-4.9696111821
CtrSVDD_0021_E_0002901,1.4235530574
CtrSVDD_0022_E_0002902,-7.5550253194
CtrSVDD_0023_E_0002903,-0.7254239831
CtrSVDD_0024_E_0002904,-6.8823016470
CtrSVDD_0025_E_0002905,-5.7769596991
CtrSVDD_0026_E_0002906,-4.4666238153
CtrSVDD_0027_E_0002907,-3.4065491962
CtrSVDD_0028_E_0002908,0.2752454191
CtrSVDD_0029_E_0002909,1.4158888988
CtrSVDD_0030_E_0002910,-5.9647249159
CtrSVDD_0031_E_0002911,-6.2588229052
CtrSVDD_0032_E_0002912,-7.1108127416
CtrSVDD_0033_E_0002913,0.9588950729
CtrSVDD_0034_E_0002914,-7.7619013285
CtrSVDD_0035_E_0002915,-5.0348336381
CtrSVDD_0036_E_0002916,-1.0863057363
CtrSVDD_0037_E_0002917,-5.0952070513
CtrSVDD_0038_E_0002918,-6.2794276752
CtrSVDD_0039_E_0002919,-5.8797090554
CtrSVDD_0040_E_0002920,-8.7488893011
CtrSVDD_0041_E_0002921,-5.5245908439
CtrSVDD_0042_E_0002922,-5.3252464894
CtrSVDD_0043_E_0002923,-6.4541879927
CtrSVDD_0044_E_0002924,-5.7248435935
CtrSVDD_0045_E_0002925,-2.0357837292
CtrSVDD_0046_E_0002926,-3.4315006593
CtrSVDD_0047_E_0002927,-4.8481419286
CtrSVDD_0000_E_0002928,-6.7067781704
CtrSVDD_0001_E_0002929,1.0712874999
CtrSVDD_0002_E_0002930,-5.4642921799
CtrSVDD_0003_E_0002931,-8.0784691507
CtrSVDD_0004_E_0002932,0.4075640663
CtrSVDD_0005_E_0002933,-5.7504866148
CtrSVDD_0006_E_0002934,-5.8577186591
CtrSVDD_0007_E_0002935,-6.8070966567
CtrSVDD_0008_E_0002936,-6.5262617730
CtrSVDD_0009_E_0002937,-7.7438937497
CtrSVDD_0010_E_0002938,-5.3349256740
CtrSVDD_0011_E_0002939,-5.3523747743
CtrSVDD_0012_E_0002940,-3.8823757088
CtrSVDD_0013_E_0002941,-5.2663029085
CtrSVDD_0014_E_0002942,-5.8324477395
CtrSVDD_0015_E_0002943,-5.4430056044
CtrSVDD_0016_E_0002944,-5.7186140246
CtrSVDD_0017_E_0002945,-8.6246901981
CtrSVDD_0018_E_0002946,-5.3527866265
CtrSVDD_0019_E_0002947,-6.5809574501
CtrSVDD_0020_E_0002948,-8.2537464431
CtrSVDD_0021_E_0002949,-4.4566055560
CtrSVDD_0022_E_0002950,-0.1368073982
CtrSVDD_0023_E_0002951,-5.2206918949
CtrSVDD_0024_E_0002952,-4.8387345709
CtrSVDD_0025_E_0002953,-6.8733503829
CtrSVDD_0026_E_0002954,1.9251456555
CtrSVDD_0027_E_0002955,-6.3648219489
CtrSVDD_0028_E_0002956,-6.9451989791
CtrSVDD_0029_E_0002957,-5.0349763997
CtrSVDD_0030_E_0002958,-0.3989879760
CtrSVDD_0031_E_0002959,-6.7689939577
CtrSVDD_0032_E_0002960,0.2653542101
CtrSVDD_0033_E_0002961,-4.0727738727
CtrSVDD_0034_E_0002962,-0.4943008145
CtrSVDD_0035_E_0002963,-7.3494165833
CtrSVDD_0036_E_0002964,-6.6953688535
CtrSVDD_0037_E_0002965,-0.3032245382
CtrSVDD_0038_E_0002966,-6.6347976745
CtrSVDD_0039_E_0002967,0.8594959304
CtrSVDD_0040_E_0002968,0.1082836437
CtrSVDD_0041_E_0002969,-8.0087615345
CtrSVDD_0042_E_0002970,-4.9570318268
CtrSVDD_0043_E_0002971,-7.2899596217
CtrSVDD_0044_E_0002972,-1.5039879214
CtrSVDD_0045_E_0002973,-3.5894535872
CtrSVDD_0046_E_0002974,-6.0759671612
CtrSVDD_0047_E_0002975,-3.9864106775
CtrSVDD_0000_E_0002976,-6.1957296863
CtrSVDD_0001_E_0002977,-5.7390702759
CtrSVDD_0002_E_0002978,-4.3171315369
CtrSVDD_0003_E_0002979,-6.3378170094
CtrSVDD_0004_E_0002980,1.0812725529
CtrSVDD_0005_E_0002981,-6.3263723172
CtrSVDD_0006_E_0002982,1.0443641049
CtrSVDD_0007_E_0002983,-6.7775329038
CtrSVDD_0008_E_0002984,-7.5708224609
CtrSVDD_0009_E_0002985,-7.2585553891
CtrSVDD_0010_E_0002986,-5.4428078014
CtrSVDD_0011_E_0002987,-6.4772660886
CtrSVDD_0012_E_0002988,-6.7171812518
CtrSVDD_0013_E_0002989,-0.0440760921
CtrSVDD_0014_E_0002990,-6.5019946085
CtrSVDD_0015_E_0002991,-4.3926216428
CtrSVDD_0016_E_0002992,-5.4041880131
CtrSVDD_0017_E_0002993,-6.2682014877
CtrSVDD_0018_E_0002994,-8.0736522756
CtrSVDD_0019_E_0002995,-4.8803255188
CtrSVDD_0020_E_0002996,-4.0144627406
CtrSVDD_0021_E_0002997,0.4785560875
CtrSVDD_0022_E_0002998,-6.1219628804
CtrSVDD_0023_E_0002999,-5.2761664430
CtrSVDD_0024_E_0003000,-1.1625029119
CtrSVDD_0025_E_0003001,-6.4803368208
CtrSVDD_0026_E_0003002,-4.9708073702
CtrSVDD_0027_E_0003003,-6.3905433763
CtrSVDD_0028_E_0003004,-0.1580188258
CtrSVDD_0029_E_0003005,-7.6503733254
CtrSVDD_0030_E_0003006,-6.3968470372
CtrSVDD_0031_E_0003007,-4.8258465720
CtrSVDD_0032_E_0003008,-6.5339936526
CtrSVDD_0033_E_0003009,0.6297458358
CtrSVDD_0034_E_0003010,-6.1031681828
CtrSVDD_0035_E_0003011,-7.2942742490
CtrSVDD_0036_E_0003012,-6.2331599453
CtrSVDD_0037_E_0003013,-7.1530590574
CtrSVDD_0038_E_0003014,-5.5622590061
CtrSVDD_0039_E_0003015,0.7567181311
CtrSVDD_0040_E_0003016,-6.1340065640
CtrSVDD_0041_E_0003017,-5.6847696068
CtrSVDD_0042_E_0003018,-6.4576857494
CtrSVDD_0043_E_0003019,0.8494205515
CtrSVDD_0044_E_0003020,-3.6274504403
CtrSVDD_0045_E_0003021,-5.3857924399
CtrSVDD_0046_E_0003022,-7.9566765874
CtrSVDD_0047_E_0003023,-7.2867738940
CtrSVDD_0000_E_0003024,-5.3645351273
CtrSVDD_0001_E_0003025,-7.4847049859
CtrSVDD_0002_E_0003026,-4.6696849381
CtrSVDD_0003_E_0003027,-6.4665070302
CtrSVDD_0004_E_0003028,-7.3888627056
CtrSVDD_0005_E_0003029,-4.7039612300
CtrSVDD_0006_E_0003030,-6.7918412158
CtrSVDD_0007_E_0003031,-5.7094990936
CtrSVDD_0008_E_0003032,-2.2754413992
CtrSVDD_0009_E_0003033,-8.5129315415
CtrSVDD_0010_E_0003034,-5.4761675988
CtrSVDD_0011_E_0003035,-6.8357480536
CtrSVDD_0012_E_0003036,0.4536071489
CtrSVDD_0013_E_0003037,-0.0417187612
CtrSVDD_0014_E_0003038,1.9257990969
CtrSVDD_0015_E_0003039,0.4754214521
CtrSVDD_0016_E_0003040,-5.8107383973
CtrSVDD_0017_E_0003041,-2.7354647736
CtrSVDD_0018_E_0003042,-0.9133678526
CtrSVDD_0019_E_0003043,-5.8892055977
CtrSVDD_0020_E_0003044,-7.4282881937
CtrSVDD_0021_E_0003045,-2.9849849492
CtrSVDD_0022_E_0003046,-6.9109901983
CtrSVDD_0023_E_0003047,-9.2419122238
CtrSVDD_0024_E_0003048,-1.7852624904
CtrSVDD_0025_E_0003049,0.0957844592
CtrSVDD_0026_E_0003050,-3.3328760987
CtrSVDD_0027_E_0003051,-0.4677856855
CtrSVDD_0028_E_0003052,-9.2803672475
CtrSVDD_0029_E_0003053,-7.0727952159
CtrSVDD_0030_E_0003054,-5.0167434595
CtrSVDD_0031_E_0003055,-6.1452720271
CtrSVDD_0032_E_0003056,-2.2040591393
CtrSVDD_0033_E_0003057,-5.8537190784
CtrSVDD_0034_E_0003058,-4.1080823968
CtrSVDD_0035_E_0003059,-4.6564944501
CtrSVDD_0036_E_0003060,-6.0485625978
CtrSVDD_0037_E_0003061,-2.1722049779
CtrSVDD_0038_E_0003062,-6.6214634620
CtrSVDD_0039_E_0003063,-8.6344878730
CtrSVDD_0040_E_0003064,-5.6657727031
CtrSVDD_0041_E_0003065,-5.2529611770
CtrSVDD_0042_E_0003066,-7.7463372700
CtrSVDD_0043_E_0003067,1.5859239850
CtrSVDD_0044_E_0003068,-3.2311946079
CtrSVDD_0045_E_0003069,-4.2656895474
CtrSVDD_0046_E_0003070,-6.9444373811
CtrSVDD_0047_E_0003071,-6.2636761977
CtrSVDD_0000_E_0003072,-8.7735536490
CtrSVDD_0001_E_0003073,-0.9544740278
CtrSVDD_0002_E_0003074,-1.1343681146
CtrSVDD_0003_E_0003075,-6.9839247698
CtrSVDD_0004_E_0003076,-7.5702666529
CtrSVDD_0005_E_0003077,0.3728455586
CtrSVDD_0006_E_0003078,-4.5105539177
CtrSVDD_0007_E_0003079,-6.0935003026
CtrSVDD_0008_E_0003080,-5.5639880523
CtrSVDD_0009_E_0003081,0.3564011362
CtrSVDD_0010_E_0003082,-0.5750016537
CtrSVDD_0011_E_0003083,-6.3667851191
CtrSVDD_0012_E_0003084,2.1610436950
CtrSVDD_0013_E_0003085,-6.1546954208
CtrSVDD_0014_E_0003086,-3.3982160484
CtrSVDD_0015_E_0003087,-4.6353136295
CtrSVDD_0016_E_0003088,-3.9573346578
CtrSVDD_0017_E_0003089,0.0202838183
CtrSVDD_0018_E_0003090,-5.9463343276
CtrSVDD_0019_E_0003091,-5.6224944746
CtrSVDD_0020_E_0003092,-3.6813643743
CtrSVDD_0021_E_0003093,0.6631188104
CtrSVDD_0022_E_0003094,-6.3525012691
CtrSVDD_0023_E_0003095,-7.3890611129
CtrSVDD_0024_E_0003096,-6.4457518747
CtrSVDD_0025_E_0003097,-7.5887953216
CtrSVDD_0026_E_0003098,-8.0930897654
CtrSVDD_0027_E_0003099,-6.0173154948
CtrSVDD_0028_E_0003100,-2.6435944795
CtrSVDD_0029_E_0003101,-6.9257122906
CtrSVDD_0030_E_0003102,-7.2406620738
CtrSVDD_0031_E_0003103,-7.1058876446
CtrSVDD_0032_E_0003104,0.0412759663
CtrSVDD_0033_E_0003105,-9.0944371146
CtrSVDD_0034_E_0003106,-5.2246610990
CtrSVDD_0035_E_0003107,-7.3711967523
CtrSVDD_0036_E_0003108,-4.4942159088
CtrSVDD_0037_E_0003109,-7.1786596289
CtrSVDD_0038_E_0003110,-3.9403171801
CtrSVDD_0039_E_0003111,-5.1050630298
CtrSVDD_0040_E_0003112,0.6337749880
CtrSVDD_0041_E_0003113,-8.0028162940
CtrSVDD_0042_E_0003114,-4.8695913190
CtrSVDD_0043_E_0003115,-6.1447839830
CtrSVDD_0044_E_0003116,-6.0213416545
CtrSVDD_0045_E_0003117,-4.7375311546
CtrSVDD_0046_E_0003118,-1.9556049977
CtrSVDD_0047_E_0003119,-7.3239023449
CtrSVDD_0000_E_0003120,-1.6433014488
CtrSVDD_0001_E_0003121,-7.9588043069
CtrSVDD_0002_E_0003122,0.2988336633
CtrSVDD_0003_E_0003123,-7.0176491933
CtrSVDD_0004_E_0003124,-6.5430105185
CtrSVDD_0005_E_0003125,-6.9590388218
CtrSVDD_0006_E_0003126,-1.0516312817
CtrSVDD_0007_E_0003127,-5.6209322547
CtrSVDD_0008_E_0003128,-6.7439226495
CtrSVDD_0009_E_0003129,1.5273495790
CtrSVDD_0010_E_0003130,-6.3525187246
CtrSVDD_0011_E_0003131,-1.6995460278
CtrSVDD_0012_E_0003132,-4.1149314226
CtrSVDD_0013_E_0003133,-7.7611109870
CtrSVDD_0014_E_0003134,-4.6918511808
CtrSVDD_0015_E_0003135,-4.8869393988
CtrSVDD_0016_E_0003136,-8.4475098072
CtrSVDD_0017_E_0003137,-7.0951341633
CtrSVDD_0018_E_0003138,-6.8141144979
CtrSVDD_0019_E_0003139,-7.6079670601
CtrSVDD_0020_E_0003140,-6.6898953238
CtrSVDD_0021_E_0003141,-3.2752860303
CtrSVDD_0022_E_0003142,-7.3389054468
CtrSVDD_0023_E_0003143,-5.3321643042
CtrSVDD_0024_E_0003144,-7.3726143115
CtrSVDD_0025_E_0003145,-6.0268972281
CtrSVDD_0026_E_0003146,-6.6083306670
CtrSVDD_0027_E_0003147,-7.2028228679
CtrSVDD_0028_E_0003148,-6.8603321324
CtrSVDD_0029_E_0003149,-4.7947547737
CtrSVDD_0030_E_0003150,-2.2934885048
CtrSVDD_0031_E_0003151,-6.1209971997
CtrSVDD_0032_E_0003152,-6.5497004405
CtrSVDD_0033_E_0003153,0.5979455124
CtrSVDD_0034_E_0003154,0.2610099665
CtrSVDD_0035_E_0003155,-7.2989918941
CtrSVDD_0036_E_0003156,-6.1733495888
CtrSVDD_0037_E_0003157,-0.2120971412
CtrSVDD_0038_E_0003158,-6.1655941926
CtrSVDD_0039_E_0003159,-3.1435081898
CtrSVDD_0040_E_0003160,-6.5438957778
CtrSVDD_0041_E_0003161,-3.2786930976
CtrSVDD_0042_E_0003162,-7.4719868438
CtrSVDD_0043_E_0003163,-0.7001766943
CtrSVDD_0044_E_0003164,-4.3026471086
CtrSVDD_0045_E_0003165,-3.7952825135
CtrSVDD_0046_E_0003166,-4.5275206440
CtrSVDD_0047_E_0003167,-8.5932667209
CtrSVDD_0000_E_0003168,-5.3007435944
CtrSVDD_0001_E_0003169,-5.2951891482
CtrSVDD_0002_E_0003170,-6.9549956247
CtrSVDD_0003_E_0003171,-5.7008425608
CtrSVDD_0004_E_0003172,-7.2706005187
CtrSVDD_0005_E_0003173,0.5982619239
CtrSVDD_0006_E_0003174,-5.0144652226
CtrSVDD_0007_E_0003175,-1.8063061245
CtrSVDD_0008_E_0003176,-6.2971489844
CtrSVDD_0009_E_0003177,-6.1874709255
CtrSVDD_0010_E_0003178,-6.6123055067
CtrSVDD_0011_E_0003179,-6.5475787808
CtrSVDD_0012_E_0003180,-7.5317235660
CtrSVDD_0013_E_0003181,-1.1770111294
CtrSVDD_0014_E_0003182,-5.7492828243
CtrSVDD_0015_E_0003183,-6.0418122909
CtrSVDD_0016_E_0003184,-7.0444166878
CtrSVDD_0017_E_0003185,-9.0444165410
CtrSVDD_0018_E_0003186,-6.2070692233
CtrSVDD_0019_E_0003187,-6.3879355615
CtrSVDD_0020_E_0003188,-5.8421455872
CtrSVDD_0021_E_0003189,-5.3909509291
CtrSVDD_0022_E_0003190,-5.3020648394
CtrSVDD_0023_E_0003191,-5.0945036472
CtrSVDD_0024_E_0003192,0.9393638134
CtrSVDD_0025_E_0003193,-6.5101583849
CtrSVDD_0026_E_0003194,-7.5021056009
CtrSVDD_0027_E_0003195,-0.3282197238
CtrSVDD_0028_E_0003196,-6.3165989764
CtrSVDD_0029_E_0003197,-5.8467666955
CtrSVDD_0030_E_0003198,-6.8772592484
CtrSVDD_0031_E_0003199,-6.4413072316
CtrSVDD_0032_E_0003200,-8.0091465607
CtrSVDD_0033_E_0003201,1.5467608899
CtrSVDD_0034_E_0003202,-6.5648161021
CtrSVDD_0035_E_0003203,0.7419009975
CtrSVDD_0036_E_0003204,-5.9532003066
CtrSVDD_0037_E_0003205,-7.2100664555
CtrSVDD_0038_E_0003206,-3.6637188697
CtrSVDD_0039_E_0003207,-8.6240443027
CtrSVDD_0040_E_0003208,-5.2331516388
CtrSVDD_0041_E_0003209,-5.9586588900
CtrSVDD_0042_E_0003210,-6.0159453217
CtrSVDD_0043_E_0003211,-6.8201796001
CtrSVDD_0044_E_0003212,-5.9231297557
CtrSVDD_0045_E_0003213,-6.0845266522
CtrSVDD_0046_E_0003214,-5.3675507501
CtrSVDD_0047_E_0003215,0.1452614808
CtrSVDD_0000_E_0003216,-7.7381213013
CtrSVDD_0001_E_0003217,0.0903445830
CtrSVDD_0002_E_0003218,-3.8073151026
CtrSVDD_0003_E_0003219,-7.0178511495
CtrSVDD_0004_E_0003220,0.1268671111
CtrSVDD_0005_E_0003221,-2.9062371196
CtrSVDD_0006_E_0003222,-6.0296028182
CtrSVDD_0007_E_0003223,0.6492403483
CtrSVDD_0008_E_0003224,0.5326035623
CtrSVDD_0009_E_0003225,1.4430885239
CtrSVDD_0010_E_0003226,-6.7740516238
CtrSVDD_0011_E_0003227,-5.9673355583
CtrSVDD_0012_E_0003228,-4.2617592680
CtrSVDD_0013_E_0003229,-6.5029965425
CtrSVDD_0014_E_0003230,-3.6269976990
CtrSVDD_0015_E_0003231,-3.8283466177
CtrSVDD_0016_E_0003232,-6.2490927516
CtrSVDD_0017_E_0003233,-5.7974646316
CtrSVDD_0018_E_0003234,-7.5018454652
CtrSVDD_0019_E_0003235,-7.3202863162
CtrSVDD_0020_E_0003236,-3.4646753427
CtrSVDD_0021_E_0003237,-7.7592847647
CtrSVDD_0022_E_0003238,-4.8780085370
CtrSVDD_0023_E_0003239,-5.1030749000
CtrSVDD_0024_E_0003240,-1.2586761719
CtrSVDD_0025_E_0003241,-6.0022290819
CtrSVDD_0026_E_0003242,-6.8755989802
CtrSVDD_0027_E_0003243,-7.4692075033
CtrSVDD_0028_E_0003244,-5.2172603309
CtrSVDD_0029_E_0003245,-5.3765402547
CtrSVDD_0030_E_0003246,0.6720728664
CtrSVDD_0031_E_0003247,-7.5745941142
CtrSVDD_0032_E_0003248,-7.1825233163
CtrSVDD_0033_E_0003249,-1.6720324441
CtrSVDD_0034_E_0003250,-6.1670430029
CtrSVDD_0035_E_0003251,-0.7109414228
CtrSVDD_0036_E_0003252,-7.7561647298
CtrSVDD_0037_E_0003253,-0.6389131017
CtrSVDD_0038_E_0003254,-7.1488771184
CtrSVDD_0039_E_0003255,-5.2547562070
CtrSVDD_0040_E_0003256,-5.1845743712
CtrSVDD_0041_E_0003257,-6.2522296011
CtrSVDD_0042_E_0003258,-6.0381602466
CtrSVDD_0043_E_0003259,-3.3261347456
CtrSVDD_0044_E_0003260,1.0371516685
CtrSVDD_0045_E_0003261,-0.0034969774
CtrSVDD_0046_E_0003262,0.9197548299
CtrSVDD_0047_E_0003263,-6.6712081765
CtrSVDD_0000_E_0003264,-7.1556071074
CtrSVDD_0001_E_0003265,-5.5546883744
CtrSVDD_0002_E_0003266,-8.6177726985
CtrSVDD_0003_E_0003267,-5.3287081881
CtrSVDD_0004_E_0003268,-4.2516902759
CtrSVDD_0005_E_0003269,-5.3052920862
CtrSVDD_0006_E_0003270,-6.0974727097
CtrSVDD_0007_E_0003271,-6.5353921285
CtrSVDD_0008_E_0003272,-4.7243084546
CtrSVDD_0009_E_0003273,1.7781257629
CtrSVDD_0010_E_0003274,-5.1723630613
CtrSVDD_0011_E_0003275,-3.6486579762
CtrSVDD_0012_E_0003276,-4.1779372272
CtrSVDD_0013_E_0003277,0.0230820531
CtrSVDD_0014_E_0003278,-6.6825432691
CtrSVDD_0015_E_0003279,-5.4030112420
CtrSVDD_0016_E_0003280,-4.7970525785
CtrSVDD_0017_E_0003281,0.1949601979
CtrSVDD_0018_E_0003282,-5.5516599527
CtrSVDD_0019_E_0003283,-7.1888879987
CtrSVDD_0020_E_0003284,-7.7600116410
CtrSVDD_0021_E_0003285,-4.1746739759
CtrSVDD_0022_E_0003286,-7.7524847185
CtrSVDD_0023_E_0003287,-6.9335342125
CtrSVDD_0024_E_0003288,-2.3060500042
CtrSVDD_0025_E_0003289,-0.0835241769
CtrSVDD_0026_E_0003290,-4.1186208047
CtrSVDD_0027_E_0003291,-5.3474082511
CtrSVDD_0028_E_0003292,-6.4889837947
CtrSVDD_0029_E_0003293,-7.1088724303
CtrSVDD_0030_E_0003294,-5.7775403343
CtrSVDD_0031_E_0003295,-5.1089608613
CtrSVDD_0032_E_0003296,-8.2979222057
CtrSVDD_0033_E_0003297,-6.1135660748
CtrSVDD_0034_E_0003298,-6.4005551213
CtrSVDD_0035_E_0003299,-0.4243412441
CtrSVDD_0036_E_0003300,0.6648625781
CtrSVDD_0037_E_0003301,-5.2012959696
CtrSVDD_0038_E_0003302,-5.2156672479
CtrSVDD_0039_E_0003303,-8.6367709390
CtrSVDD_0040_E_0003304,-5.4566432953
CtrSVDD_0041_E_0003305,-3.1114986784
CtrSVDD_0042_E_0003306,-5.5803046439
CtrSVDD_0043_E_0003307,-7.2746315614
CtrSVDD_0044_E_0003308,0.4090844621
CtrSVDD_0045_E_0003309,-6.6884397776
CtrSVDD_0046_E_0003310,-1.0276181900
CtrSVDD_0047_E_0003311,-7.0506611836
CtrSVDD_0000_E_0003312,-6.4757301846
CtrSVDD_0001_E_0003313,-6.8066540283
CtrSVDD_0002_E_0003314,-5.0251222061
CtrSVDD_0003_E_0003315,-0.8615214857
CtrSVDD_0004_E_0003316,-7.9813340580
CtrSVDD_0005_E_0003317,-6.8323156687
CtrSVDD_0006_E_0003318,-4.3285661430
CtrSVDD_0007_E_0003319,-0.3134928526
CtrSVDD_0008_E_0003320,-7.7078543392
CtrSVDD_0009_E_0003321,-5.8762192594
CtrSVDD_0010_E_0003322,-4.2361593160
CtrSVDD_0011_E_0003323,-0.4582631533
CtrSVDD_0012_E_0003324,-4.9990190287
CtrSVDD_0013_E_0003325,-5.3658062865
CtrSVDD_0014_E_0003326,-2.3577269200
CtrSVDD_0015_E_0003327,-5.5533776648
CtrSVDD_0016_E_0003328,-8.3140009130
CtrSVDD_0017_E_0003329,-6.9705636661
CtrSVDD_0018_E_0003330,-4.9909950870
CtrSVDD_0019_E_0003331,-6.4093007231
CtrSVDD_0020_E_0003332,-4.6714005203
CtrSVDD_0021_E_0003333,-0.0356766635
CtrSVDD_0022_E_0003334,-3.4348225673
CtrSVDD_0023_E_0003335,-7.3361249444
CtrSVDD_0024_E_0003336,-4.1678515756
CtrSVDD_0025_E_0003337,-6.3165795942
CtrSVDD_0026_E_0003338,-0.0749051505
CtrSVDD_0027_E_0003339,-4.1250049756
CtrSVDD_0028_E_0003340,-5.0502396021
CtrSVDD_0029_E_0003341,2.5555281466
CtrSVDD_0030_E_0003342,-7.9344946436
CtrSVDD_0031_E_0003343,-3.5539345470
CtrSVDD_0032_E_0003344,-6.6750783471
CtrSVDD_0033_E_0003345,-3.7280382962
CtrSVDD_0034_E_0003346,-7.6571303816
CtrSVDD_0035_E_0003347,-4.1043395620
CtrSVDD_0036_E_0003348,-8.0414817350
CtrSVDD_0037_E_0003349,-6.4086845100
CtrSVDD_0038_E_0003350,-5.1149679648
CtrSVDD_0039_E_0003351,-6.6168856892
CtrSVDD_0040_E_0003352,-0.0664913965
CtrSVDD_0041_E_0003353,-3.8676124255
CtrSVDD_0042_E_0003354,-5.1058506138
CtrSVDD_0043_E_0003355,-5.4582309467
CtrSVDD_0044_E_0003356,-4.4046037638
CtrSVDD_0045_E_0003357,-4.7112329752
CtrSVDD_0046_E_0003358,-5.8579419066
CtrSVDD_0047_E_0003359,-3.2612313337
CtrSVDD_0000_E_0003360,-4.6852614638
CtrSVDD_0001_E_0003361,-3.1769279055
CtrSVDD_0002_E_0003362,-5.7523521426
CtrSVDD_0003_E_0003363,-7.6063051887
CtrSVDD_0004_E_0003364,-5.9173400649
CtrSVDD_0005_E_0003365,-4.8063864060
CtrSVDD_0006_E_0003366,-6.7219347867
CtrSVDD_0007_E_0003367,-3.4414632098
CtrSVDD_0008_E_0003368,-7.9477154354
CtrSVDD_0009_E_0003369,-7.4783366973
CtrSVDD_0010_E_0003370,-5.5213647898
CtrSVDD_0011_E_0003371,0.5915835914
CtrSVDD_0012_E_0003372,-0.1340525266
CtrSVDD_0013_E_0003373,-4.3904200867
CtrSVDD_0014_E_0003374,-4.7737230872
CtrSVDD_0015_E_0003375,-6.3084727531
CtrSVDD_0016_E_0003376,-5.7810079490
CtrSVDD_0017_E_0003377,-6.6549678185
CtrSVDD_0018_E_0003378,-7.1808099247
CtrSVDD_0019_E_0003379,-6.6722752557
CtrSVDD_0020_E_0003380,-6.8541670951
CtrSVDD_0021_E_0003381,-6.2878295182
CtrSVDD_0022_E_0003382,-6.1132441408
CtrSVDD_0023_E_0003383,-2.6574219696
CtrSVDD_0024_E_0003384,-8.8766875722
CtrSVDD_0025_E_0003385,-6.0828392939
CtrSVDD_0026_E_0003386,-5.2724816081
CtrSVDD_0027_E_0003387,0.0118899790
CtrSVDD_0028_E_0003388,0.2463750642
CtrSVDD_0029_E_0003389,-7.5590008303
CtrSVDD_0030_E_0003390,-5.3659876014
CtrSVDD_0031_E_0003391,-5.6445086086
CtrSVDD_0032_E_0003392,0.9413214015
CtrSVDD_0033_E_0003393,-5.2442169558
CtrSVDD_0034_E_0003394,-5.9096672633
CtrSVDD_0035_E_0003395,-5.7408546958
CtrSVDD_0036_E_0003396,-5.0662090867
CtrSVDD_0037_E_0003397,-3.1046172094
CtrSVDD_0038_E_0003398,-7.2147921139
CtrSVDD_0039_E_0003399,-5.9771627818
CtrSVDD_0040_E_0003400,-4.5985515336
CtrSVDD_0041_E_0003401,-6.1275439515
CtrSVDD_0042_E_0003402,-8.4573732754
CtrSVDD_0043_E_0003403,-6.5134635718
CtrSVDD_0044_E_0003404,-4.9153163103
CtrSVDD_0045_E_0003405,-4.4715779764
CtrSVDD_0046_E_0003406,-5.6061735740
CtrSVDD_0047_E_0003407,-4.4170631256
CtrSVDD_0000_E_0003408,-6.5817033397
CtrSVDD_0001_E_0003409,-2.4012465403
CtrSVDD_0002_E_0003410,-6.0437638064
CtrSVDD_0003_E_0003411,-1.4459991700
CtrSVDD_0004_E_0003412,-1.8996605653
CtrSVDD_0005_E_0003413,-5.6116838788
CtrSVDD_0006_E_0003414,-6.0493490881
CtrSVDD_0007_E_0003415,-4.8127293862
CtrSVDD_0008_E_0003416,-5.0036637153
CtrSVDD_0009_E_0003417,-7.1306033874
CtrSVDD_0010_E_0003418,-4.9123479625
CtrSVDD_0011_E_0003419,-6.0377509637
CtrSVDD_0012_E_0003420,-4.7367061998
CtrSVDD_0013_E_0003421,-6.4558523412
CtrSVDD_0014_E_0003422,-4.1368510370
CtrSVDD_0015_E_0003423,-0.6596373073
CtrSVDD_0016_E_0003424,-6.0008068973
CtrSVDD_0017_E_0003425,0.5233638584
CtrSVDD_0018_E_0003426,1.3503700232
CtrSVDD_0019_E_0003427,-4.1262909653
CtrSVDD_0020_E_0003428,-6.0035685177
CtrSVDD_0021_E_0003429,-5.3957606588
CtrSVDD_0022_E_0003430,-8.2930949137
CtrSVDD_0023_E_0003431,-7.9251472835
CtrSVDD_0024_E_0003432,-1.2136317090
CtrSVDD_0025_E_0003433,1.0939075304
CtrSVDD_0026_E_0003434,-7.5104851007
CtrSVDD_0027_E_0003435,-6.3482617960
CtrSVDD_0028_E_0003436,-7.7228686972
CtrSVDD_0029_E_0003437,-5.4636861118
CtrSVDD_0030_E_0003438,-3.2020427820
CtrSVDD_0031_E_0003439,1.4083070176
CtrSVDD_0032_E_0003440,-4.4048224174
CtrSVDD_0033_E_0003441,-6.1329213121
CtrSVDD_0034_E_0003442,-5.1886642086
CtrSVDD_0035_E_0003443,-4.3426753442
CtrSVDD_0036_E_0003444,-7.0948191000
CtrSVDD_0037_E_0003445,-5.7325021776
CtrSVDD_0038_E_0003446,-6.1278186194
CtrSVDD_0039_E_0003447,-6.0530625836
CtrSVDD_0040_E_0003448,-4.5687861562
CtrSVDD_0041_E_0003449,-8.5498981694
CtrSVDD_0042_E_0003450,-6.4449316973
CtrSVDD_0043_E_0003451,-5.8718416740
CtrSVDD_0044_E_0003452,-4.1314360801
CtrSVDD_0045_E_0003453,-8.2435082632
CtrSVDD_0046_E_0003454,-6.1750554095
CtrSVDD_0047_E_0003455,-5.4210104724
CtrSVDD_0000_E_0003456,-5.9833144751
CtrSVDD_0001_E_0003457,-6.4511042244
CtrSVDD_0002_E_0003458,-6.6068146658
CtrSVDD_0003_E_0003459,-5.1349148190
CtrSVDD_0004_E_0003460,-7.7790552159
CtrSVDD_0005_E_0003461,-6.6716828825
CtrSVDD_0006_E_0003462,-7.4599672838
CtrSVDD_0007_E_0003463,-0.2537804489
CtrSVDD_0008_E_0003464,-6.8545760596
CtrSVDD_0009_E_0003465,-3.4630187469
CtrSVDD_0010_E_0003466,0.6736119784
CtrSVDD_0011_E_0003467,-6.2746117116
CtrSVDD_0012_E_0003468,-6.8490178394
CtrSVDD_0013_E_0003469,-7.5650970266
CtrSVDD_0014_E_0003470,-4.8759155806
CtrSVDD_0015_E_0003471,-6.1447100280
CtrSVDD_0016_E_0003472,-5.9662417254
CtrSVDD_0017_E_0003473,-5.5443295424
CtrSVDD_0018_E_0003474,-5.9129297136
CtrSVDD_0019_E_0003475,0.8615214857
CtrSVDD_0020_E_0003476,-0.1198829224
CtrSVDD_0021_E_0003477,-6.1866786114
CtrSVDD_0022_E_0003478,-3.9168106016
CtrSVDD_0023_E_0003479,-6.2347953030
CtrSVDD_0024_E_0003480,0.9881020363
CtrSVDD_0025_E_0003481,-5.1964284184
CtrSVDD_0026_E_0003482,-6.7011440253
CtrSVDD_0027_E_0003483,-7.1282908049
CtrSVDD_0028_E_0003484,-5.0921342305
CtrSVDD_0029_E_0003485,-3.8895015049
CtrSVDD_0030_E_0003486,-0.9835540622
CtrSVDD_0031_E_0003487,-7.8567208172
CtrSVDD_0032_E_0003488,0.8534403046
CtrSVDD_0033_E_0003489,-6.5954895700
CtrSVDD_0034_E_0003490,-6.0978303688
CtrSVDD_0035_E_0003491,2.4943787497
CtrSVDD_0036_E_0003492,-3.3848644756
CtrSVDD_0037_E_0003493,-8.1191141589
CtrSVDD_0038_E_0003494,-7.9318129159
CtrSVDD_0039_E_0003495,-7.6640661624
CtrSVDD_0040_E_0003496,-8.3500650162
CtrSVDD_0041_E_0003497,-4.9113845937
CtrSVDD_0042_E_0003498,-6.6189399244
CtrSVDD_0043_E_0003499,-6.8025172864
CtrSVDD_0044_E_0003500,-8.6833980091
CtrSVDD_0045_E_0003501,-6.1698307528
CtrSVDD_0046_E_0003502,-2.2381871144
CtrSVDD_0047_E_0003503,-4.5462008661
CtrSVDD_0000_E_0003504,-4.1155765093
CtrSVDD_0001_E_0003505,-5.3236478994
CtrSVDD_0002_E_0003506,-6.6156913217
CtrSVDD_0003_E_0003507,-7.5316300091
CtrSVDD_0004_E_0003508,-4.5451120152
CtrSVDD_0005_E_0003509,-4.5010837727
CtrSVDD_0006_E_0003510,-5.7477486875
CtrSVDD_0007_E_0003511,0.4943008145
CtrSVDD_0008_E_0003512,-5.5183336774
CtrSVDD_0009_E_0003513,-5.7585818448
CtrSVDD_0010_E_0003514,-6.7838109705
CtrSVDD_0011_E_0003515,-2.7908884637
CtrSVDD_0012_E_0003516,-6.8870614327
CtrSVDD_0013_E_0003517,-5.7768366222
CtrSVDD_0014_E_0003518,-8.2227154836
CtrSVDD_0015_E_0003519,-5.6538276469
CtrSVDD_0016_E_0003520,-5.8047675455
CtrSVDD_0017_E_0003521,-6.9883632100
CtrSVDD_0018_E_0003522,-3.4911564178
CtrSVDD_0019_E_0003523,-6.4481056016
CtrSVDD_0020_E_0003524,-8.1273965080
CtrSVDD_0021_E_0003525,-6.1317848198
CtrSVDD_0022_E_0003526,-5.3590635164
CtrSVDD_0023_E_0003527,-6.1718336582
CtrSVDD_0024_E_0003528,-5.0693495147
CtrSVDD_0025_E_0003529,-7.5890707720
CtrSVDD_0026_E_0003530,-1.3608879341
CtrSVDD_0027_E_0003531,0.0791139796
CtrSVDD_0028_E_0003532,-6.5491010907
CtrSVDD_0029_E_0003533,-5.8374738949
CtrSVDD_0030_E_0003534,0.9722721429
CtrSVDD_0031_E_0003535,-7.0900633018
CtrSVDD_0032_E_0003536,-4.8101499076
CtrSVDD_0033_E_0003537,-7.8530983787
CtrSVDD_0034_E_0003538,-6.1024482275
CtrSVDD_0035_E_0003539,-6.2692378901
CtrSVDD_0036_E_0003540,0.9133678526
CtrSVDD_0037_E_0003541,-7.6851141590
CtrSVDD_0038_E_0003542,-8.3354254304
CtrSVDD_0039_E_0003543,-7.2259551164
CtrSVDD_0040_E_0003544,-7.9055348536
CtrSVDD_0041_E_0003545,-5.5854556223
CtrSVDD_0042_E_0003546,-5.7661819332
CtrSVDD_0043_E_0003547,-4.2587752655
CtrSVDD_0044_E_0003548,-6.7898811620
CtrSVDD_0045_E_0003549,-3.9292899854
CtrSVDD_0046_E_0003550,1.4755417059
CtrSVDD_0047_E_0003551,-6.3362186739
CtrSVDD_0000_E_0003552,-0.3878829198
CtrSVDD_0001_E_0003553,-5.4908873089
CtrSVDD_0002_E_0003554,2.1827248162
CtrSVDD_0003_E_0003555,-3.4775628362
CtrSVDD_0004_E_0003556,-0.3743454506
CtrSVDD_0005_E_0003557,-0.4754100105
CtrSVDD_0006_E_0003558,-6.8968053007
CtrSVDD_0007_E_0003559,-7.0087817469
CtrSVDD_0008_E_0003560,-7.4347324540
CtrSVDD_0009_E_0003561,-4.1812734961
CtrSVDD_0010_E_0003562,-5.9398272651
CtrSVDD_0011_E_0003563,-5.3816816365
CtrSVDD_0012_E_0003564,-5.9288992020
CtrSVDD_0013_E_0003565,-4.7846889836
CtrSVDD_0014_E_0003566,-0.0188847618
CtrSVDD_0015_E_0003567,-6.3805985739
CtrSVDD_0016_E_0003568,-7.0202100889
CtrSVDD_0017_E_0003569,-5.6577394348
CtrSVDD_0018_E_0003570,-7.6844326928
CtrSVDD_0019_E_0003571,-6.5417146206
CtrSVDD_0020_E_0003572,-7.9385249875
CtrSVDD_0021_E_0003573,-5.2647306715
CtrSVDD_0022_E_0003574,-6.6930590364
CtrSVDD_0023_E_0003575,-4.2648449774
CtrSVDD_0024_E_0003576,-5.8314073900
CtrSVDD_0025_E_0003577,-3.6866240813
CtrSVDD_0026_E_0003578,-5.1480437575
CtrSVDD_0027_E_0003579,-6.0177532915
CtrSVDD_0028_E_0003580,-7.4080653105
CtrSVDD_0029_E_0003581,-3.9345431958
CtrSVDD_0030_E_0003582,-7.2832996791
CtrSVDD_0031_E_0003583,-5.7025284634
CtrSVDD_0032_E_0003584,-5.9015178106
CtrSVDD_0033_E_0003585,-0.7437441897
CtrSVDD_0034_E_0003586,-5.6012706723
CtrSVDD_0035_E_0003587,0.1875009982
CtrSVDD_0036_E_0003588,-2.8606067293
CtrSVDD_0037_E_0003589,-5.7526224944
CtrSVDD_0038_E_0003590,0.7964315437
CtrSVDD_0039_E_0003591,-7.2933852122
CtrSVDD_0040_E_0003592,-0.7604483910
CtrSVDD_0041_E_0003593,-2.9469560862
CtrSVDD_0042_E_0003594,-6.2420702608
CtrSVDD_0043_E_0003595,-4.5482562706
CtrSVDD_0044_E_0003596,-6.5161667271
CtrSVDD_0045_E_0003597,-3.8651539218
CtrSVDD_0046_E_0003598,-4.1473225101
CtrSVDD_0047_E_0003599,-3.1239893835
CtrSVDD_0000_E_0003600,-7.3542755423
CtrSVDD_0001_E_0003601,-4.7010051616
CtrSVDD_0002_E_0003602,-7.0537990131
CtrSVDD_0003_E_0003603,0.2078072593
CtrSVDD_0004_E_0003604,-0.3593837417
CtrSVDD_0005_E_0003605,-2.9354081839
CtrSVDD_0006_E_0003606,-2.6155027494
CtrSVDD_0007_E_0003607,-6.0576693828
CtrSVDD_0008_E_0003608,-7.4877277550
CtrSVDD_0009_E_0003609,2.4176214176
CtrSVDD_0010_E_0003610,-4.9092188167
CtrSVDD_0011_E_0003611,-6.8170749594
CtrSVDD_0012_E_0003612,-6.2215144387
CtrSVDD_0013_E_0003613,-8.0563940364
CtrSVDD_0014_E_0003614,-5.5644891700
CtrSVDD_0015_E_0003615,1.6730978450
CtrSVDD_0016_E_0003616,-5.9104440630
CtrSVDD_0017_E_0003617,-6.3213480095
CtrSVDD_0018_E_0003618,-4.8024762469
CtrSVDD_0019_E_0003619,-6.3419389793
CtrSVDD_0020_E_0003620,-7.8515321931
CtrSVDD_0021_E_0003621,-6.5324481626
CtrSVDD_0022_E_0003622,-5.2745556582
CtrSVDD_0023_E_0003623,1.5228742124
CtrSVDD_0024_E_0003624,-7.9949806581
CtrSVDD_0025_E_0003625,-1.2194953228
CtrSVDD_0026_E_0003626,-6.9942915776
CtrSVDD_0027_E_0003627,-5.4565535852
CtrSVDD_0028_E_0003628,-3.9657912480
CtrSVDD_0029_E_0003629,-3.2667567251
CtrSVDD_0030_E_0003630,-0.4381572148
CtrSVDD_0031_E_0003631,-7.1395225326
CtrSVDD_0032_E_0003632,-6.7219442627
CtrSVDD_0033_E_0003633,-5.7209281557
CtrSVDD_0034_E_0003634,-4.3790301822
CtrSVDD_0035_E_0003635,-4.4388755706
CtrSVDD_0036_E_0003636,-5.7456058913
CtrSVDD_0037_E_0003637,-4.4515691826
CtrSVDD_0038_E_0003638,-5.4400176723
CtrSVDD_0039_E_0003639,-6.3292812845
CtrSVDD_0040_E_0003640,-6.1391685127
CtrSVDD_0041_E_0003641,-6.0861359839
CtrSVDD_0042_E_0003642,-4.8952305618
CtrSVDD_0043_E_0003643,-6.5855781218
CtrSVDD_0044_E_0003644,-7.0963803140
CtrSVDD_0045_E_0003645,-5.8871430915
CtrSVDD_0046_E_0003646,-6.9726787134
CtrSVDD_0047_E_0003647,-6.0830982498
CtrSVDD_0000_E_0003648,-0.6894924976
CtrSVDD_0001_E_0003649,0.1255203605
CtrSVDD_0002_E_0003650,-5.7640113522
CtrSVDD_0003_E_0003651,-4.5882634815
CtrSVDD_0004_E_0003652,-5.9346487011
CtrSVDD_0005_E_0003653,0.1495262561
CtrSVDD_0006_E_0003654,-6.2395051673
CtrSVDD_0007_E_0003655,-6.7835173693
CtrSVDD_0008_E_0003656,-7.0365697689
CtrSVDD_0009_E_0003657,-6.6424766670
CtrSVDD_0010_E_0003658,-4.8355065332
CtrSVDD_0011_E_0003659,-5.7682325141
CtrSVDD_0012_E_0003660,-0.1114338467
CtrSVDD_0013_E_0003661,-7.5399918601
CtrSVDD_0014_E_0003662,1.8667109463
CtrSVDD_0015_E_0003663,-5.3998692886
CtrSVDD_0016_E_0003664,0.8737499097
CtrSVDD_0017_E_0003665,-9.0042404094
CtrSVDD_0018_E_0003666,-3.9205534140
CtrSVDD_0019_E_0003667,-6.2268257215
CtrSVDD_0020_E_0003668,-6.9466369085
CtrSVDD_0021_E_0003669,-8.7114412712
CtrSVDD_0022_E_0003670,-6.0626827230
CtrSVDD_0023_E_0003671,-5.3163107532
CtrSVDD_0024_E_0003672,-5.9868604101
CtrSVDD_0025_E_0003673,-2.6225819432
CtrSVDD_0026_E_0003674,-0.0945589226
CtrSVDD_0027_E_0003675,-6.6992030824
CtrSVDD_0028_E_0003676,-3.7548444503
CtrSVDD_0029_E_0003677,-3.8841022224
CtrSVDD_0030_E_0003678,0.4136513455
CtrSVDD_0031_E_0003679,-4.3772797498
CtrSVDD_0032_E_0003680,-1.3297709502
CtrSVDD_0033_E_0003681,-8.3834242900
CtrSVDD_0034_E_0003682,-6.7796545635
CtrSVDD_0035_E_0003683,-6.9359868534
CtrSVDD_0036_E_0003684,-6.9371038380
CtrSVDD_0037_E_0003685,-4.1941110606
CtrSVDD_0038_E_0003686,-5.1882722756
CtrSVDD_0039_E_0003687,-7.0443925823
CtrSVDD_0040_E_0003688,-4.7908514246
CtrSVDD_0041_E_0003689,-6.8040434745
CtrSVDD_0042_E_0003690,-5.0821440770
CtrSVDD_0043_E_0003691,-4.9428622029
CtrSVDD_0044_E_0003692,-3.0827323108
CtrSVDD_0045_E_0003693,-6.3156549692
CtrSVDD_0046_E_0003694,-6.9702930069
CtrSVDD_0047_E_0003695,-0.5471678918
CtrSVDD_0000_E_0003696,-6.0610104862
CtrSVDD_0001_E_0003697,-8.4043423457
CtrSVDD_0002_E_0003698,-7.9163304997
CtrSVDD_0003_E_0003699,-5.4202840547
CtrSVDD_0004_E_0003700,-4.7811503707
CtrSVDD_0005_E_0003701,-5.8283733872
CtrSVDD_0006_E_0003702,-5.0576378382
CtrSVDD_0007_E_0003703,-5.6334559641
CtrSVDD_0008_E_0003704,-6.3261100637
CtrSVDD_0009_E_0003705,-4.6379374109
CtrSVDD_0010_E_0003706,-1.2837805526
CtrSVDD_0011_E_0003707,-6.1124412304
CtrSVDD_0012_E_0003708,-7.5399011607
CtrSVDD_0013_E_0003709,-7.4791129516
CtrSVDD_0014_E_0003710,-3.5390733440
CtrSVDD_0015_E_0003711,-7.5783716554
CtrSVDD_0016_E_0003712,0.0833242105
CtrSVDD_0017_E_0003713,-6.9711046174
CtrSVDD_0018_E_0003714,-4.9033492795
CtrSVDD_0019_E_0003715,-6.2910361965
CtrSVDD_0020_E_0003716,-6.1192886211
CtrSVDD_0021_E_0003717,-5.6909371498
CtrSVDD_0022_E_0003718,-10.1441795352
CtrSVDD_0023_E_0003719,0.7939486683
CtrSVDD_0024_E_0003720,-6.0282414502
CtrSVDD_0025_E_0003721,-2.0649073006
CtrSVDD_0026_E_0003722,-2.2065752165
CtrSVDD_0027_E_0003723,-0.2259133499
CtrSVDD_0028_E_0003724,-3.0845393686
CtrSVDD_0029_E_0003725,-6.7897886015
CtrSVDD_0030_E_0003726,-5.3884286880
CtrSVDD_0031_E_0003727,-4.7986202098
CtrSVDD_0032_E_0003728,-4.9717651566
CtrSVDD_0033_E_0003729,-7.4421363834
CtrSVDD_0034_E_0003730,-7.2593011722
CtrSVDD_0035_E_0003731,-5.0853145883
CtrSVDD_0036_E_0003732,-4.9214121758
CtrSVDD_0037_E_0003733,-7.1365592301
CtrSVDD_0038_E_0003734,0.5374456446
CtrSVDD_0039_E_0003735,-6.4592561604
CtrSVDD_0040_E_0003736,-5.0495258571
CtrSVDD_0041_E_0003737,1.5548672921
CtrSVDD_0042_E_0003738,-8.7723586723
CtrSVDD_0043_E_0003739,-8.0547517362
CtrSVDD_0044_E_0003740,-6.7641257767
CtrSVDD_0045_E_0003741,-0.5096618997
CtrSVDD_0046_E_0003742,-5.6170850947
CtrSVDD_0047_E_0003743,-0.1714530728
CtrSVDD_0000_E_0003744,-6.8909063756
CtrSVDD_0001_E_0003745,-6.1221939946
CtrSVDD_0002_E_0003746,-7.6395502312
CtrSVDD_0003_E_0003747,-5.1589652155
CtrSVDD_0004_E_0003748,-7.1454304215
CtrSVDD_0005_E_0003749,-6.4435243857
CtrSVDD_0006_E_0003750,0.9176216787
CtrSVDD_0007_E_0003751,-3.7023404801
CtrSVDD_0008_E_0003752,-6.3427885710
CtrSVDD_0009_E_0003753,-5.7983536550
CtrSVDD_0010_E_0003754,-7.0641532798
CtrSVDD_0011_E_0003755,-6.6872850337
CtrSVDD_0012_E_0003756,-7.4747586493
CtrSVDD_0013_E_0003757,-5.8450544498
CtrSVDD_0014_E_0003758,-6.5185185718
CtrSVDD_0015_E_0003759,-5.2403436827
CtrSVDD_0016_E_0003760,-4.9464141765
CtrSVDD_0017_E_0003761,-5.7488616890
CtrSVDD_0018_E_0003762,-7.2703694746
CtrSVDD_0019_E_0003763,-6.7018256642
CtrSVDD_0020_E_0003764,-6.9272697713
CtrSVDD_0021_E_0003765,-4.5891059402
CtrSVDD_0022_E_0003766,-6.8392258240
CtrSVDD_0023_E_0003767,-5.2081191854
CtrSVDD_0024_E_0003768,-7.1807595933
CtrSVDD_0025_E_0003769,-3.5737501809
CtrSVDD_0026_E_0003770,-4.7364505725
CtrSVDD_0027_E_0003771,-0.3999761177
CtrSVDD_0028_E_0003772,-5.9313814205
CtrSVDD_0029_E_0003773,-5.4684432831
CtrSVDD_0030_E_0003774,-0.8717027939
CtrSVDD_0031_E_0003775,-7.4476395167
CtrSVDD_0032_E_0003776,-6.4786193058
CtrSVDD_0033_E_0003777,0.3263919994
CtrSVDD_0034_E_0003778,-7.9466491567
CtrSVDD_0035_E_0003779,-2.8646206347
CtrSVDD_0036_E_0003780,-4.5744266774
CtrSVDD_0037_E_0003781,-4.8592491420
CtrSVDD_0038_E_0003782,-5.4761820931
CtrSVDD_0039_E_0003783,-6.2164003021
CtrSVDD_0040_E_0003784,-2.5935210567
CtrSVDD_0041_E_0003785,-3.3396092701
CtrSVDD_0042_E_0003786,-1.1544251897
CtrSVDD_0043_E_0003787,-6.7282996006
CtrSVDD_0044_E_0003788,-5.0430298767
CtrSVDD_0045_E_0003789,-7.5163881063
CtrSVDD_0046_E_0003790,-6.0155578574
CtrSVDD_0047_E_0003791,-5.4066718632
CtrSVDD_0000_E_0003792,-3.6963377930
CtrSVDD_0001_E_0003793,0.1807232334
CtrSVDD_0002_E_0003794,-4.8545868906
CtrSVDD_0003_E_0003795,-6.9039606272
CtrSVDD_0004_E_0003796,-7.1993402289
CtrSVDD_0005_E_0003797,-8.3991296847
CtrSVDD_0006_E_0003798,-8.0284073999
CtrSVDD_0007_E_0003799,-8.8136198215
CtrSVDD_0008_E_0003800,-6.4764917826
CtrSVDD_0009_E_0003801,-0.1267087739
CtrSVDD_0010_E_0003802,-6.8474986521
CtrSVDD_0011_E_0003803,-5.8032189086
CtrSVDD_0012_E_0003804,-8.2550976355
CtrSVDD_0013_E_0003805,-7.9340450692
CtrSVDD_0014_E_0003806,-5.7308550124
CtrSVDD_0015_E_0003807,-5.7134030459
CtrSVDD_0016_E_0003808,-5.5268402955
CtrSVDD_0017_E_0003809,-0.8758006938
CtrSVDD_0018_E_0003810,-6.9864481389
CtrSVDD_0019_E_0003811,-8.6786628530
CtrSVDD_0020_E_0003812,-6.2696166353
CtrSVDD_0021_E_0003813,-6.2567085435
CtrSVDD_0022_E_0003814,-0.0959640721
CtrSVDD_0023_E_0003815,-6.4055005312
CtrSVDD_0024_E_0003816,-5.1415245317
CtrSVDD_0025_E_0003817,-4.2419210340
CtrSVDD_0026_E_0003818,-0.9489208858
CtrSVDD_0027_E_0003819,0.0062945880
CtrSVDD_0028_E_0003820,1.2224429156
CtrSVDD_0029_E_0003821,-3.7148243615
CtrSVDD_0030_E_0003822,-7.5085765482
CtrSVDD_0031_E_0003823,-6.8531710545
CtrSVDD_0032_E_0003824,-5.2294676913
CtrSVDD_0033_E_0003825,-6.6492327553
CtrSVDD_0034_E_0003826,-3.7795882085
CtrSVDD_0035_E_0003827,-6.4684428762
CtrSVDD_0036_E_0003828,0.6841798459
CtrSVDD_0037_E_0003829,-5.5881080910
CtrSVDD_0038_E_0003830,-2.9101522760
CtrSVDD_0039_E_0003831,-3.4248535166
CtrSVDD_0040_E_0003832,-6.9791016352
CtrSVDD_0041_E_0003833,-4.9073171512
CtrSVDD_0042_E_0003834,-6.0042107371
CtrSVDD_0043_E_0003835,-7.6485152730
CtrSVDD_0044_E_0003836,-6.9478300092
CtrSVDD_0045_E_0003837,-3.1401052801
CtrSVDD_0046_E_0003838,-5.2965971701
CtrSVDD_0047_E_0003839,-5.8678670145
CtrSVDD_0000_E_0003840,-2.7018749266
CtrSVDD_0001_E_0003841,-9.0951901749
CtrSVDD_0002_E_0003842,-6.3859222679
CtrSVDD_0003_E_0003843,-8.5192860122
CtrSVDD_0004_E_0003844,-4.8005493974
CtrSVDD_0005_E_0003845,0.7109414228
CtrSVDD_0006_E_0003846,-0.4660453558
CtrSVDD_0007_E_0003847,-5.8237805443
CtrSVDD_0008_E_0003848,-3.6581180658
CtrSVDD_0009_E_0003849,-5.9738277348
CtrSVDD_0010_E_0003850,-6.2952872411
CtrSVDD_0011_E_0003851,1.6241083858
CtrSVDD_0012_E_0003852,-3.1729589173
CtrSVDD_0013_E_0003853,-8.1357618647
CtrSVDD_0014_E_0003854,-2.4539323868
CtrSVDD_0015_E_0003855,-2.3636362062
CtrSVDD_0016_E_0003856,-8.0266607582
CtrSVDD_0017_E_0003857,-3.0809239951
CtrSVDD_0018_E_0003858,-6.3325982109
CtrSVDD_0019_E_0003859,-7.0895332394
CtrSVDD_0020_E_0003860,0.2465641713
CtrSVDD_0021_E_0003861,-3.0037473763
CtrSVDD_0022_E_0003862,-4.4839720792
CtrSVDD_0023_E_0003863,-4.1688804029
CtrSVDD_0024_E_0003864,-6.7024420640
CtrSVDD_0025_E_0003865,-2.6366271289
CtrSVDD_0026_E_0003866,-8.5754625028
CtrSVDD_0027_E_0003867,-7.8484853298
CtrSVDD_0028_E_0003868,-2.9334769961
CtrSVDD_0029_E_0003869,1.8432660285
CtrSVDD_0030_E_0003870,-0.3474721907
CtrSVDD_0031_E_0003871,-2.4990405562
CtrSVDD_0032_E_0003872,-7.4244580747
CtrSVDD_0033_E_0003873,-5.9537935229
CtrSVDD_0034_E_0003874,-7.6800744679
CtrSVDD_0035_E_0003875,-6.4102754136
CtrSVDD_0036_E_0003876,-7.4467869847
CtrSVDD_0037_E_0003877,-3.1751777852
CtrSVDD_0038_E_0003878,-4.8949699292
CtrSVDD_0039_E_0003879,-4.9728534596
CtrSVDD_0040_E_0003880,-7.9748585700
CtrSVDD_0041_E_0003881,-5.6061904256
CtrSVDD_0042_E_0003882,-7.5510862474
CtrSVDD_0043_E_0003883,-7.6085330756
CtrSVDD_0044_E_0003884,-6.1004608756
CtrSVDD_0045_E_0003885,-7.2949106697
CtrSVDD_0046_E_0003886,-8.0632960073
CtrSVDD_0047_E_0003887,-5.7662764862
CtrSVDD_0000_E_0003888,-0.4090844621
CtrSVDD_0001_E_0003889,-1.0018702764
CtrSVDD_0002_E_0003890,-5.8738405432
CtrSVDD_0003_E_0003891,-7.4360002910
CtrSVDD_0004_E_0003892,-2.7069714920
CtrSVDD_0005_E_0003893,-3.2272928057
CtrSVDD_0006_E_0003894,1.1171015851
CtrSVDD_0007_E_0003895,-5.5359705717
CtrSVDD_0008_E_0003896,-7.0225135397
CtrSVDD_0009_E_0003897,-7.2039665341
CtrSVDD_0010_E_0003898,-1.6508347544
CtrSVDD_0011_E_0003899,-6.5247160579
CtrSVDD_0012_E_0003900,-7.3050616105
CtrSVDD_0013_E_0003901,-1.9824130007
CtrSVDD_0014_E_0003902,-8.0607260599
CtrSVDD_0015_E_0003903,-5.6748416467
CtrSVDD_0016_E_0003904,-6.4586854504
CtrSVDD_0017_E_0003905,0.5660619668
CtrSVDD_0018_E_0003906,-7.2542707936
CtrSVDD_0019_E_0003907,-4.5271978241
CtrSVDD_0020_E_0003908,-7.8647658430
CtrSVDD_0021_E_0003909,-7.0619410989
CtrSVDD_0022_E_0003910,-6.4475222192
CtrSVDD_0023_E_0003911,1.0088261121
CtrSVDD_0024_E_0003912,-6.2900845423
CtrSVDD_0025_E_0003913,-1.0065020892
CtrSVDD_0026_E_0003914,-0.4335427226
CtrSVDD_0027_E_0003915,-7.6536771219
CtrSVDD_0028_E_0003916,-5.0078605138
CtrSVDD_0029_E_0003917,-7.1677719694
CtrSVDD_0030_E_0003918,-5.2349157762
CtrSVDD_0031_E_0003919,-5.6838445149
CtrSVDD_0032_E_0003920,0.1396318267
CtrSVDD_0033_E_0003921,-2.7179960439
CtrSVDD_0034_E_0003922,-6.3299017015
CtrSVDD_0035_E_0003923,-5.5448277088
CtrSVDD_0036_E_0003924,1.3751504013
CtrSVDD_0037_E_0003925,-5.3426620327
CtrSVDD_0038_E_0003926,-8.3431929197
CtrSVDD_0039_E_0003927,-7.5524871271
CtrSVDD_0040_E_0003928,-4.7888673684
CtrSVDD_0041_E_0003929,-7.0821678270
CtrSVDD_0042_E_0003930,-5.4652069633
CtrSVDD_0043_E_0003931,-5.6038835720
CtrSVDD_0044_E_0003932,-4.7772414659
CtrSVDD_0045_E_0003933,-5.4491255344
CtrSVDD_0046_E_0003934,-7.5092317334
CtrSVDD_0047_E_0003935,-6.3749703043
CtrSVDD_0000_E_0003936,-4.1727408948
CtrSVDD_0001_E_0003937,-5.8624209833
CtrSVDD_0002_E_0003938,-1.3573652672
CtrSVDD_0003_E_0003939,-2.1391607746
CtrSVDD_0004_E_0003940,-6.5089926539
CtrSVDD_0005_E_0003941,-6.9015292190
CtrSVDD_0006_E_0003942,-4.0806745464
CtrSVDD_0007_E_0003943,-7.0310429636
CtrSVDD_0008_E_0003944,-7.4734960025
CtrSVDD_0009_E_0003945,-6.2937494010
CtrSVDD_0010_E_0003946,-3.8910164059
CtrSVDD_0011_E_0003947,0.0244812369
CtrSVDD_0012_E_0003948,-7.7177288776
CtrSVDD_0013_E_0003949,0.8060727672
CtrSVDD_0014_E_0003950,-5.3544188734
CtrSVDD_0015_E_0003951,1.2555934900
CtrSVDD_0016_E_0003952,1.0492027322
CtrSVDD_0017_E_0003953,-0.3618724467
CtrSVDD_0018_E_0003954,-2.0132834216
CtrSVDD_0019_E_0003955,-8.3347638458
CtrSVDD_0020_E_0003956,-3.8320443289
CtrSVDD_0021_E_0003957,-7.7155828099
CtrSVDD_0022_E_0003958,-5.1103495139
CtrSVDD_0023_E_0003959,-7.2744554127
CtrSVDD_0024_E_0003960,-7.4839650409
CtrSVDD_0025_E_0003961,-7.6660203881
CtrSVDD_0026_E_0003962,-7.4206131415
CtrSVDD_0027_E_0003963,-0.3893914348
CtrSVDD_0028_E_0003964,-6.4939812325
CtrSVDD_0029_E_0003965,-3.4281776527
CtrSVDD_0030_E_0003966,2.8854035733
CtrSVDD_0031_E_0003967,0.5733521972
CtrSVDD_0032_E_0003968,-4.8536577967
CtrSVDD_0033_E_0003969,-6.7035423836
CtrSVDD_0034_E_0003970,0.3320158604
CtrSVDD_0035_E_0003971,-7.1107175349
CtrSVDD_0036_E_0003972,-4.7654547849
CtrSVDD_0037_E_0003973,-5.4466944971
CtrSVDD_0038_E_0003974,-4.9746038433
CtrSVDD_0039_E_0003975,-7.9010900271
CtrSVDD_0040_E_0003976,-6.3911360076
CtrSVDD_0041_E_0003977,-6.7128396836
CtrSVDD_0042_E_0003978,-4.8741325894
CtrSVDD_0043_E_0003979,2.2944721524
CtrSVDD_0044_E_0003980,-0.6201542326
CtrSVDD_0045_E_0003981,-0.8574738954
CtrSVDD_0046_E_0003982,-0.8676194803
CtrSVDD_0047_E_0003983,-3.7682669140
CtrSVDD_0000_E_0003984,-7.0163276663
CtrSVDD_0001_E_0003985,-7.9642858684
CtrSVDD_0002_E_0003986,-1.8912292378
CtrSVDD_0003_E_0003987,-8.9994606286
CtrSVDD_0004_E_0003988,-7.0287609177
CtrSVDD_0005_E_0003989,-6.8502026897
CtrSVDD_0006_E_0003990,-6.7628154773
CtrSVDD_0007_E_0003991,-5.2276480501
CtrSVDD_0008_E_0003992,2.0132834216
CtrSVDD_0009_E_0003993,-2.9488742870
CtrSVDD_0010_E_0003994,-1.3399994132
CtrSVDD_0011_E_0003995,1.0787662039
CtrSVDD_0012_E_0003996,-7.8816431706
CtrSVDD_0013_E_0003997,-7.5728087710
CtrSVDD_0014_E_0003998,-8.6694118501
CtrSVDD_0015_E_0003999,-5.5978912889
CtrSVDD_0016_E_0004000,-4.5643822942
CtrSVDD_0017_E_0004001,-5.4059080561
CtrSVDD_0018_E_0004002,-7.3402973009
CtrSVDD_0019_E_0004003,-7.8587900612
CtrSVDD_0020_E_0004004,-6.5218065308
CtrSVDD_0021_E_0004005,-6.5308181923
CtrSVDD_0022_E_0004006,-4.5291419336
CtrSVDD_0023_E_0004007,-6.5510890564
CtrSVDD_0024_E_0004008,-8.3650065461
CtrSVDD_0025_E_0004009,-6.4451003738
CtrSVDD_0026_E_0004010,-8.1701986750
CtrSVDD_0027_E_0004011,-5.2741721762
CtrSVDD_0028_E_0004012,0.6966064677
CtrSVDD_0029_E_0004013,-6.8861918999
CtrSVDD_0030_E_0004014,-7.8381327752
CtrSVDD_0031_E_0004015,-2.9565290027
CtrSVDD_0032_E_0004016,-6.9210429558
CtrSVDD_0033_E_0004017,-6.4608259700
CtrSVDD_0034_E_0004018,-4.5915407089
CtrSVDD_0035_E_0004019,-7.5009646009
CtrSVDD_0036_E_0004020,-7.6609059047
CtrSVDD_0037_E_0004021,-5.9081655508
CtrSVDD_0038_E_0004022,-6.6537751926
CtrSVDD_0039_E_0004023,-3.4480998252
CtrSVDD_0040_E_0004024,-0.5487932816
CtrSVDD_0041_E_0004025,-6.4858640653
CtrSVDD_0042_E_0004026,-9.2997921782
CtrSVDD_0043_E_0004027,0.8414219247
CtrSVDD_0044_E_0004028,-3.2820975598
CtrSVDD_0045_E_0004029,-4.1610624621
CtrSVDD_0046_E_0004030,1.0056070009
CtrSVDD_0047_E_0004031,-5.8692969976
CtrSVDD_0000_E_0004032,-4.0126618749
CtrSVDD_0001_E_0004033,-6.5494250837
CtrSVDD_0002_E_0004034,-4.4487959213
CtrSVDD_0003_E_0004035,-4.8383529483
CtrSVDD_0004_E_0004036,-8.2367022411
CtrSVDD_0005_E_0004037,-5.8639896010
CtrSVDD_0006_E_0004038,-4.5713072984
CtrSVDD_0007_E_0004039,-0.2092367911
CtrSVDD_0008_E_0004040,-5.2814823882
CtrSVDD_0009_E_0004041,-4.6890992372
CtrSVDD_0010_E_0004042,-5.4631067691
CtrSVDD_0011_E_0004043,1.2895037781
CtrSVDD_0012_E_0004044,-5.9457862088
CtrSVDD_0013_E_0004045,-7.1003163730
CtrSVDD_0014_E_0004046,-4.9478737219
CtrSVDD_0015_E_0004047,-8.3517152361
CtrSVDD_0016_E_0004048,-4.2177008264
CtrSVDD_0017_E_0004049,-5.9389479109
CtrSVDD_0018_E_0004050,-7.6546526775
CtrSVDD_0019_E_0004051,-6.7891455327
CtrSVDD_0020_E_0004052,-4.1395991980
CtrSVDD_0021_E_0004053,-4.4765242337
CtrSVDD_0022_E_0004054,-3.9214234795
CtrSVDD_0023_E_0004055,-3.4865627909
CtrSVDD_0024_E_0004056,-0.3326515560
CtrSVDD_0025_E_0004057,-7.2162065730
CtrSVDD_0026_E_0004058,-7.9596825942
CtrSVDD_0027_E_0004059,-7.1954485245
CtrSVDD_0028_E_0004060,-6.0338481321
CtrSVDD_0029_E_0004061,-6.3847320158
CtrSVDD_0030_E_0004062,0.4304715213
CtrSVDD_0031_E_0004063,0.9522704869
CtrSVDD_0032_E_0004064,0.5932506910
CtrSVDD_0033_E_0004065,-6.3427362489
CtrSVDD_0034_E_0004066,1.7327094646
CtrSVDD_0035_E_0004067,-5.8344408849
CtrSVDD_0036_E_0004068,-6.3827959632
CtrSVDD_0037_E_0004069,-0.3252687518
CtrSVDD_0038_E_0004070,-5.3113428189
CtrSVDD_0039_E_0004071,-4.5412782500
CtrSVDD_0040_E_0004072,-5.2185223606
CtrSVDD_0041_E_0004073,-6.9549505749
CtrSVDD_0042_E_0004074,-6.1381999324
CtrSVDD_0043_E_0004075,-8.1938219834
CtrSVDD_0044_E_0004076,-6.5772979235
CtrSVDD_0045_E_0004077,-7.5320198651
CtrSVDD_0046_E_0004078,-4.7816220706
CtrSVDD_0047_E_0004079,-3.2599210080
CtrSVDD_0000_E_0004080,0.4879884309
CtrSVDD_0001_E_0004081,-5.7645009309
CtrSVDD_0002_E_0004082,-0.8819752741
CtrSVDD_0003_E_0004083,-6.5623734306
CtrSVDD_0004_E_0004084,0.2694990396
CtrSVDD_0005_E_0004085,-6.0621376834
CtrSVDD_0006_E_0004086,-6.5392496770
CtrSVDD_0007_E_0004087,-6.2585467845
CtrSVDD_0008_E_0004088,-8.9385191113
CtrSVDD_0009_E_0004089,-6.9413110764
CtrSVDD_0010_E_0004090,0.1269303366
CtrSVDD_0011_E_0004091,-9.7972440479
CtrSVDD_0012_E_0004092,-7.0297931561
CtrSVDD_0013_E_0004093,-0.0847279455
CtrSVDD_0014_E_0004094,-6.2570017540
CtrSVDD_0015_E_0004095,-6.1057123551
CtrSVDD_0016_E_0004096,-5.7201900753
CtrSVDD_0017_E_0004097,-5.3009296140
CtrSVDD_0018_E_0004098,-0.0212841861
CtrSVDD_0019_E_0004099,-5.7809949332
CtrSVDD_0020_E_0004100,-7.7245323708
CtrSVDD_0021_E_0004101,-6.3345423462
CtrSVDD_0022_E_0004102,-6.5520214173
CtrSVDD_0023_E_0004103,-5.0099541027
CtrSVDD_0024_E_0004104,-6.2329810727
CtrSVDD_0025_E_0004105,-6.7793523252
CtrSVDD_0026_E_0004106,-4.5968166608
CtrSVDD_0027_E_0004107,-4.7322659102
CtrSVDD_0028_E_0004108,-6.9526057403
CtrSVDD_0029_E_0004109,-6.5154180285
CtrSVDD_0030_E_0004110,0.2288793099
CtrSVDD_0031_E_0004111,-4.4514161958
CtrSVDD_0032_E_0004112,-1.2373428625
CtrSVDD_0033_E_0004113,-2.7719264153
CtrSVDD_0034_E_0004114,-1.1821021320
CtrSVDD_0035_E_0004115,-2.8666241847
CtrSVDD_0036_E_0004116,-6.2059774123
CtrSVDD_0037_E_0004117,-5.8608529561
CtrSVDD_0038_E_0004118,-6.9861928370
CtrSVDD_0039_E_0004119,-6.5956711941
CtrSVDD_0040_E_0004120,-7.9361018005
CtrSVDD_0041_E_0004121,-5.6835878727
CtrSVDD_0042_E_0004122,-6.7589782800
CtrSVDD_0043_E_0004123,-4.6569933881
CtrSVDD_0044_E_0004124,-3.0242050490
CtrSVDD_0045_E_0004125,2.2162736869
CtrSVDD_0046_E_0004126,-1.5738877915
CtrSVDD_0047_E_0004127,-7.8671092513
CtrSVDD_0000_E_0004128,-6.8216961643
CtrSVDD_0001_E_0004129,-7.3782962612
CtrSVDD_0002_E_0004130,-7.2286103170
CtrSVDD_0003_E_0004131,-0.9633349402
CtrSVDD_0004_E_0004132,-5.4174634884
CtrSVDD_0005_E_0004133,-6.5143979196
CtrSVDD_0006_E_0004134,-7.1027593844
CtrSVDD_0007_E_0004135,-5.9546190328
CtrSVDD_0008_E_0004136,-0.3758461852
CtrSVDD_0009_E_0004137,-7.0733406607
CtrSVDD_0010_E_0004138,-0.8216566788
CtrSVDD_0011_E_0004139,-6.9491310621
CtrSVDD_0012_E_0004140,-8.1221032193
CtrSVDD_0013_E_0004141,-0.2856951664
CtrSVDD_0014_E_0004142,-7.7506136308
CtrSVDD_0015_E_0004143,-7.2800189661
CtrSVDD_0016_E_0004144,-7.2019383897
CtrSVDD_0017_E_0004145,-6.0761349334
CtrSVDD_0018_E_0004146,-6.9319453690
CtrSVDD_0019_E_0004147,-3.4398034362
CtrSVDD_0020_E_0004148,-4.6440041434
CtrSVDD_0021_E_0004149,-5.4545567098
CtrSVDD_0022_E_0004150,-6.5578217299
CtrSVDD_0023_E_0004151,-3.5209059347
CtrSVDD_0024_E_0004152,-6.2344367886
CtrSVDD_0025_E_0004153,-5.7751717557
CtrSVDD_0026_E_0004154,-6.4926537440
CtrSVDD_0027_E_0004155,-5.4606438072
CtrSVDD_0028_E_0004156,-6.5829507385
CtrSVDD_0029_E_0004157,-6.6180507364
CtrSVDD_0030_E_0004158,-6.9241553301
CtrSVDD_0031_E_0004159,-5.0532094965
CtrSVDD_0032_E_0004160,-7.1455448889
CtrSVDD_0033_E_0004161,-5.9576339740
CtrSVDD_0034_E_0004162,0.5069852349
CtrSVDD_0035_E_0004163,-8.4378756120
CtrSVDD_0036_E_0004164,-7.3076850229
CtrSVDD_0037_E_0004165,-5.1658315282
CtrSVDD_0038_E_0004166,-5.1225707683
CtrSVDD_0039_E_0004167,-6.1515358314
CtrSVDD_0040_E_0004168,1.3331649506
CtrSVDD_0041_E_0004169,-7.0444531704
CtrSVDD_0042_E_0004170,-5.6638165364
CtrSVDD_0043_E_0004171,-9.3588735848
CtrSVDD_0044_E_0004172,-5.9158894437
CtrSVDD_0045_E_0004173,-6.5399638702
CtrSVDD_0046_E_0004174,-5.6211301534
CtrSVDD_0047_E_0004175,-7.2302769256
CtrSVDD_0000_E_0004176,-1.2927521004
CtrSVDD_0001_E_0004177,-5.8783836667
CtrSVDD_0002_E_0004178,-5.6271157709
CtrSVDD_0003_E_0004179,-4.3510457928
CtrSVDD_0004_E_0004180,-2.4585253458
CtrSVDD_0005_E_0004181,-6.7651119347
CtrSVDD_0006_E_0004182,-2.5196710102
CtrSVDD_0007_E_0004183,-3.8703123192
CtrSVDD_0008_E_0004184,-3.7086169859
CtrSVDD_0009_E_0004185,-5.4174098910
CtrSVDD_0010_E_0004186,-6.6838267875
CtrSVDD_0011_E_0004187,-6.0102961678
CtrSVDD_0012_E_0004188,-4.1684858934
CtrSVDD_0013_E_0004189,0.0342770194
CtrSVDD_0014_E_0004190,0.5487932816
CtrSVDD_0015_E_0004191,-7.9779235593
CtrSVDD_0016_E_0004192,-2.9755423340
CtrSVDD_0017_E_0004193,-4.2316019194
CtrSVDD_0018_E_0004194,-6.5197090960
CtrSVDD_0019_E_0004195,-7.8407988242
CtrSVDD_0020_E_0004196,-6.7126357438
CtrSVDD_0021_E_0004197,-0.4278310530
CtrSVDD_0022_E_0004198,-7.3928266979
CtrSVDD_0023_E_0004199,-0.0735025060
CtrSVDD_0024_E_0004200,-4.5532946692
CtrSVDD_0025_E_0004201,-3.9703726131
CtrSVDD_0026_E_0004202,-6.0005477420
CtrSVDD_0027_E_0004203,-5.9374407826
CtrSVDD_0028_E_0004204,-0.8285626812
CtrSVDD_0029_E_0004205,-4.9674536734
CtrSVDD_0030_E_0004206,0.3430181294
CtrSVDD_0031_E_0004207,0.3833626499
CtrSVDD_0032_E_0004208,0.7585819416
CtrSVDD_0033_E_0004209,-6.3324497558
CtrSVDD_0034_E_0004210,-5.9026096995
CtrSVDD_0035_E_0004211,-6.2129844405
CtrSVDD_0036_E_0004212,-7.7984357670
CtrSVDD_0037_E_0004213,-5.6584806026
CtrSVDD_0038_E_0004214,-4.7785645860
CtrSVDD_0039_E_0004215,-4.6013525091
CtrSVDD_0040_E_0004216,-5.0971778182
CtrSVDD_0041_E_0004217,0.3893914348
CtrSVDD_0042_E_0004218,-6.7346652237
CtrSVDD_0043_E_0004219,-4.4874001648
CtrSVDD_0044_E_0004220,-7.6300050533
CtrSVDD_0045_E_0004221,-5.7217184898
CtrSVDD_0046_E_0004222,-4.9431014453
CtrSVDD_0047_E_0004223,-4.0244532929
CtrSVDD_0000_E_0004224,-7.8989319611
CtrSVDD_0001_E_0004225,-6.5292930454
CtrSVDD_0002_E_0004226,-3.9768921696
CtrSVDD_0003_E_0004227,-2.0525532225
CtrSVDD_0004_E_0004228,-6.3890463528
CtrSVDD_0005_E_0004229,-3.9958012926
CtrSVDD_0006_E_0004230,-6.3476576157
CtrSVDD_0007_E_0004231,0.4533285651
CtrSVDD_0008_E_0004232,-6.7383858945
CtrSVDD_0009_E_0004233,-6.9775416568
CtrSVDD_0010_E_0004234,-7.1340494277
CtrSVDD_0011_E_0004235,-8.1965522957
CtrSVDD_0012_E_0004236,-5.1608583347
CtrSVDD_0013_E_0004237,-3.3496942743
CtrSVDD_0014_E_0004238,0.4289374437
CtrSVDD_0015_E_0004239,-8.1721649700
CtrSVDD_0016_E_0004240,-2.4727242197
CtrSVDD_0017_E_0004241,-2.8444586230
CtrSVDD_0018_E_0004242,-7.3530911654
CtrSVDD_0019_E_0004243,-1.2107154884
CtrSVDD_0020_E_0004244,-5.0006846743
CtrSVDD_0021_E_0004245,-7.2845012105
CtrSVDD_0022_E_0004246,-2.9774342099
CtrSVDD_0023_E_0004247,-3.3736474376
CtrSVDD_0024_E_0004248,-7.1138851540
CtrSVDD_0025_E_0004249,-4.5987037504
CtrSVDD_0026_E_0004250,-4.2139634147
CtrSVDD_0027_E_0004251,-3.2451813653
CtrSVDD_0028_E_0004252,-6.6382293170
CtrSVDD_0029_E_0004253,1.0905115955
CtrSVDD_0030_E_0004254,-3.3614388094
CtrSVDD_0031_E_0004255,-6.7868219393
CtrSVDD_0032_E_0004256,-4.3379615151
CtrSVDD_0033_E_0004257,-7.2559464380
CtrSVDD_0034_E_0004258,-3.7282276417
CtrSVDD_0035_E_0004259,-4.5814453061
CtrSVDD_0036_E_0004260,-4.7495954675
CtrSVDD_0037_E_0004261,0.8080100070
CtrSVDD_0038_E_0004262,-7.1709510346
CtrSVDD_0039_E_0004263,-6.6868613211
CtrSVDD_0040_E_0004264,-4.8276624428
CtrSVDD_0041_E_0004265,-6.6965238135
CtrSVDD_0042_E_0004266,-5.6912016531
CtrSVDD_0043_E_0004267,-3.8757494906
CtrSVDD_0044_E_0004268,-7.0651740496
CtrSVDD_0045_E_0004269,-7.1773836748
CtrSVDD_0046_E_0004270,-5.6622940461
CtrSVDD_0047_E_0004271,-7.9520920854
CtrSVDD_0000_E_0004272,-4.9032257874
CtrSVDD_0001_E_0004273,0.2049494660
CtrSVDD_0002_E_0004274,-9.5990057027
CtrSVDD_0003_E_0004275,-2.2903226106
CtrSVDD_0004_E_0004276,-6.8156306060
CtrSVDD_0005_E_0004277,-7.4233202210
CtrSVDD_0006_E_0004278,-5.7322457879
CtrSVDD_0007_E_0004279,-5.1367567339
CtrSVDD_0008_E_0004280,1.1877471651
CtrSVDD_0009_E_0004281,-7.0367095012
CtrSVDD_0010_E_0004282,-8.1759639065
CtrSVDD_0011_E_0004283,-5.9984006924
CtrSVDD_0012_E_0004284,-6.5109704736
CtrSVDD_0013_E_0004285,-6.7903075368
CtrSVDD_0014_E_0004286,-6.5488444485
CtrSVDD_0015_E_0004287,-5.3333770370
CtrSVDD_0016_E_0004288,-5.0578246251
CtrSVDD_0017_E_0004289,-6.7202956427
CtrSVDD_0018_E_0004290,-3.4954267683
CtrSVDD_0019_E_0004291,-6.8468965235
CtrSVDD_0020_E_0004292,-5.6548498451
CtrSVDD_0021_E_0004293,-4.8797235371
CtrSVDD_0022_E_0004294,-6.1128795085
CtrSVDD_0023_E_0004295,-7.3256728127
CtrSVDD_0024_E_0004296,-6.3624189141
CtrSVDD_0025_E_0004297,-7.1176507775
CtrSVDD_0026_E_0004298,-4.2325486925
CtrSVDD_0027_E_0004299,-3.2221156686
CtrSVDD_0028_E_0004300,-6.3361791980
CtrSVDD_0029_E_0004301,-6.4780552142
CtrSVDD_0030_E_0004302,-8.5560558947
CtrSVDD_0031_E_0004303,-6.7111204103
CtrSVDD_0032_E_0004304,-4.1212329418
CtrSVDD_0033_E_0004305,-7.3475821330
CtrSVDD_0034_E_0004306,-4.2296095184
CtrSVDD_0035_E_0004307,-5.4347475043
CtrSVDD_0036_E_0004308,-6.0560577631
CtrSVDD_0037_E_0004309,-4.6872010626
CtrSVDD_0038_E_0004310,-3.0554717359
CtrSVDD_0039_E_0004311,-9.0809186347
CtrSVDD_0040_E_0004312,0.2307328886
CtrSVDD_0041_E_0004313,-5.8187265030
CtrSVDD_0042_E_0004314,-6.9084302756
CtrSVDD_0043_E_0004315,-2.6178667420
CtrSVDD_0044_E_0004316,0.4350798563
CtrSVDD_0045_E_0004317,-5.8501067028
CtrSVDD_0046_E_0004318,-7.1459583508
CtrSVDD_0047_E_0004319,-6.4339681848
CtrSVDD_0000_E_0004320,-7.3683651181
CtrSVDD_0001_E_0004321,-6.6809015193
CtrSVDD_0002_E_0004322,-0.3818576368
CtrSVDD_0003_E_0004323,-6.8247296592
CtrSVDD_0004_E_0004324,-8.0750410650
CtrSVDD_0005_E_0004325,-5.0007119700
CtrSVDD_0006_E_0004326,-6.4058540350
CtrSVDD_0007_E_0004327,-6.5536888217
CtrSVDD_0008_E_0004328,-5.8558321371
CtrSVDD_0009_E_0004329,-5.1927188982
CtrSVDD_0010_E_0004330,-6.4229771039
CtrSVDD_0011_E_0004331,-3.8836837910
CtrSVDD_0012_E_0004332,-0.4785560875
CtrSVDD_0013_E_0004333,-8.2213827305
CtrSVDD_0014_E_0004334,-6.6174245910
CtrSVDD_0015_E_0004335,-5.3627257509
CtrSVDD_0016_E_0004336,-7.3360936893
CtrSVDD_0017_E_0004337,-7.9781213623
CtrSVDD_0018_E_0004338,-6.3545546310
CtrSVDD_0019_E_0004339,0.4030085097
CtrSVDD_0020_E_0004340,-5.5728574331
CtrSVDD_0021_E_0004341,-4.4859914265
CtrSVDD_0022_E_0004342,-5.7692593384
CtrSVDD_0023_E_0004343,-7.9242221023
CtrSVDD_0024_E_0004344,-2.9549653075
CtrSVDD_0025_E_0004345,-3.8548573584
CtrSVDD_0026_E_0004346,-7.9382853420
CtrSVDD_0027_E_0004347,-6.2350966207
CtrSVDD_0028_E_0004348,-5.1820366136
CtrSVDD_0029_E_0004349,-6.6203131228
CtrSVDD_0030_E_0004350,-8.4202171937
CtrSVDD_0031_E_0004351,-4.1438530049
CtrSVDD_0032_E_0004352,-6.2836958030
CtrSVDD_0033_E_0004353,-6.3991237765
CtrSVDD_0034_E_0004354,-7.9902858233
CtrSVDD_0035_E_0004355,-7.2609802729
CtrSVDD_0036_E_0004356,-7.5807805153
CtrSVDD_0037_E_0004357,-3.5555857519
CtrSVDD_0038_E_0004358,-1.4146852259
CtrSVDD_0039_E_0004359,-6.8330953654
CtrSVDD_0040_E_0004360,-6.7624550683
CtrSVDD_0041_E_0004361,-7.2931105443
CtrSVDD_0042_E_0004362,-9.0163253999
CtrSVDD_0043_E_0004363,-5.4239805239
CtrSVDD_0044_E_0004364,-7.7812727676
CtrSVDD_0045_E_0004365,-6.5694260039
CtrSVDD_0046_E_0004366,-0.2697034673
CtrSVDD_0047_E_0004367,-3.8307836850
CtrSVDD_0000_E_0004368,-8.0654994487
CtrSVDD_0001_E_0004369,-7.5101830186
CtrSVDD_0002_E_0004370,-5.0473012475
CtrSVDD_0003_E_0004371,-6.6321360146
CtrSVDD_0004_E_0004372,-6.4669012119
CtrSVDD_0005_E_0004373,-4.9485777969
CtrSVDD_0006_E_0004374,-7.4275264109
CtrSVDD_0007_E_0004375,-8.0474811440
CtrSVDD_0008_E_0004376,-6.2311686292
CtrSVDD_0009_E_0004377,-6.6052890816
CtrSVDD_0010_E_0004378,-5.3636852394
CtrSVDD_0011_E_0004379,1.2617708616
CtrSVDD_0012_E_0004380,0.5423003608
CtrSVDD_0013_E_0004381,-5.5581439480
CtrSVDD_0014_E_0004382,-5.7275544514
CtrSVDD_0015_E_0004383,-8.3140829498
CtrSVDD_0016_E_0004384,-4.0507461551
CtrSVDD_0017_E_0004385,-5.9238085721
CtrSVDD_0018_E_0004386,-0.0020981837
CtrSVDD_0019_E_0004387,-5.4148973864
CtrSVDD_0020_E_0004388,-6.9573429312
CtrSVDD_0021_E_0004389,-4.5366033932
CtrSVDD_0022_E_0004390,-1.4083070176
CtrSVDD_0023_E_0004391,0.3046894591
CtrSVDD_0024_E_0004392,-5.6838585310
CtrSVDD_0025_E_0004393,-4.5629664326
CtrSVDD_0026_E_0004394,-5.4026568618
CtrSVDD_0027_E_0004395,-0.1006553462
CtrSVDD_0028_E_0004396,-9.1876341463
CtrSVDD_0029_E_0004397,-5.5230374037
CtrSVDD_0030_E_0004398,-6.0952161536
CtrSVDD_0031_E_0004399,-2.1793824996
CtrSVDD_0032_E_0004400,-2.6367465081
CtrSVDD_0033_E_0004401,-8.9014335638
CtrSVDD_0034_E_0004402,1.0279947747
CtrSVDD_0035_E_0004403,-3.6429867737
CtrSVDD_0036_E_0004404,-6.3650598380
CtrSVDD_0037_E_0004405,-0.9435021675
CtrSVDD_0038_E_0004406,-3.8617187297
CtrSVDD_0039_E_0004407,-4.3902829823
CtrSVDD_0040_E_0004408,-7.5241824724
CtrSVDD_0041_E_0004409,-6.2000223158
CtrSVDD_0042_E_0004410,0.6167670433
CtrSVDD_0043_E_0004411,-6.9884547716
CtrSVDD_0044_E_0004412,-5.4068863627
CtrSVDD_0045_E_0004413,-6.7264837808
CtrSVDD_0046_E_0004414,-7.7848331923
CtrSVDD_0047_E_0004415,-0.7660637131
CtrSVDD_0000_E_0004416,-6.7705714388
CtrSVDD_0001_E_0004417,1.2837805526
CtrSVDD_0002_E_0004418,-5.9076342328
CtrSVDD_0003_E_0004419,-6.0118180464
CtrSVDD_0004_E_0004420,-4.4982995832
CtrSVDD_0005_E_0004421,-4.9412805055
CtrSVDD_0006_E_0004422,-0.7887715581
CtrSVDD_0007_E_0004423,0.2347263196
CtrSVDD_0008_E_0004424,1.6674542859
CtrSVDD_0009_E_0004425,-5.7271833251
CtrSVDD_0010_E_0004426,-8.6948288043
CtrSVDD_0011_E_0004427,-0.5022191229
CtrSVDD_0012_E_0004428,-3.8565716109
CtrSVDD_0013_E_0004429,-6.3229360625
CtrSVDD_0014_E_0004430,-6.7156661617
CtrSVDD_0015_E_0004431,-6.3741013959
CtrSVDD_0016_E_0004432,-5.5425738123
CtrSVDD_0017_E_0004433,-6.4433875069
CtrSVDD_0018_E_0004434,-4.7476012063
CtrSVDD_0019_E_0004435,-2.4069151306
CtrSVDD_0020_E_0004436,-6.4972012427
CtrSVDD_0021_E_0004437,-7.6868848857
CtrSVDD_0022_E_0004438,-5.6790222342
CtrSVDD_0023_E_0004439,0.2624574964
CtrSVDD_0024_E_0004440,-3.2290169254
CtrSVDD_0025_E_0004441,-5.8950394158
CtrSVDD_0026_E_0004442,-5.1186910581
CtrSVDD_0027_E_0004443,-6.0753392020
CtrSVDD_0028_E_0004444,-5.8139384135
CtrSVDD_0029_E_0004445,-3.8806499980
CtrSVDD_0030_E_0004446,-8.5907827718
CtrSVDD_0031_E_0004447,-5.1095000080
CtrSVDD_0032_E_0004448,-7.5454879008
CtrSVDD_0033_E_0004449,-3.4729554174
CtrSVDD_0034_E_0004450,-6.6290879479
CtrSVDD_0035_E_0004451,-4.9789650344
CtrSVDD_0036_E_0004452,-5.1152955679
CtrSVDD_0037_E_0004453,-7.2251031061
CtrSVDD_0038_E_0004454,-7.9798250932
CtrSVDD_0039_E_0004455,-5.5031719330
CtrSVDD_0040_E_0004456,0.8259484964
CtrSVDD_0041_E_0004457,-6.3799208134
CtrSVDD_0042_E_0004458,-5.7909241104
CtrSVDD_0043_E_0004459,-7.5948352226
CtrSVDD_0044_E_0004460,-3.6001824523
CtrSVDD_0045_E_0004461,-6.0336811697
CtrSVDD_0046_E_0004462,-2.2280811469
CtrSVDD_0047_E_0004463,-6.1906052226
CtrSVDD_0000_E_0004464,-6.1671532545
CtrSVDD_0001_E_0004465,-5.6649048126
CtrSVDD_0002_E_0004466,-5.3115321374
CtrSVDD_0003_E_0004467,-7.2353481564
CtrSVDD_0004_E_0004468,-4.8031564652
CtrSVDD_0005_E_0004469,-0.2915282760
CtrSVDD_0006_E_0004470,-6.5091009175
CtrSVDD_0007_E_0004471,1.0962715625
CtrSVDD_0008_E_0004472,2.1065540882
CtrSVDD_0009_E_0004473,-7.2740910341
CtrSVDD_0010_E_0004474,-4.5865468808
CtrSVDD_0011_E_0004475,-5.7549087756
CtrSVDD_0012_E_0004476,-7.4975242358
CtrSVDD_0013_E_0004477,-0.0819206398
CtrSVDD_0014_E_0004478,-0.4536071489
CtrSVDD_0015_E_0004479,-6.6030744656
CtrSVDD_0016_E_0004480,-7.0765065420
CtrSVDD_0017_E_0004481,-5.7125522758
CtrSVDD_0018_E_0004482,-7.2539334342
CtrSVDD_0019_E_0004483,-7.0426136701
CtrSVDD_0020_E_0004484,-8.2949379316
CtrSVDD_0021_E_0004485,-6.8715040800
CtrSVDD_0022_E_0004486,-5.5879988882
CtrSVDD_0023_E_0004487,-5.0041380185
CtrSVDD_0024_E_0004488,1.1136355709
CtrSVDD_0025_E_0004489,-7.9430259462
CtrSVDD_0026_E_0004490,-5.9065788997
CtrSVDD_0027_E_0004491,-3.8980649886
CtrSVDD_0028_E_0004492,-3.7851446927
CtrSVDD_0029_E_0004493,-7.6623285317
CtrSVDD_0030_E_0004494,-4.3685839037
CtrSVDD_0031_E_0004495,-6.2553238109
CtrSVDD_0032_E_0004496,-7.2738930320
CtrSVDD_0033_E_0004497,-5.8815433526
CtrSVDD_0034_E_0004498,-7.1669673674
CtrSVDD_0035_E_0004499,-5.0374688609
CtrSVDD_0036_E_0004500,-3.7969741095
CtrSVDD_0037_E_0004501,-6.2839672848
CtrSVDD_0038_E_0004502,-3.4597049446
CtrSVDD_0039_E_0004503,-7.2307194305
CtrSVDD_0040_E_0004504,-5.9771789920
CtrSVDD_0041_E_0004505,-3.9874178968
CtrSVDD_0042_E_0004506,-7.4638016941
CtrSVDD_0043_E_0004507,-6.0113432637
CtrSVDD_0044_E_0004508,-4.6361590512
CtrSVDD_0045_E_0004509,-4.1903793831
CtrSVDD_0046_E_0004510,-4.9105955137
CtrSVDD_0047_E_0004511,-6.0641557808
CtrSVDD_0000_E_0004512,-8.4158487506
CtrSVDD_0001_E_0004513,-2.7376339873
CtrSVDD_0002_E_0004514,-6.2110366754
CtrSVDD_0003_E_0004515,-4.3701227045
CtrSVDD_0004_E_0004516,-7.4771266415
CtrSVDD_0005_E_0004517,0.8152668941
CtrSVDD_0006_E_0004518,-5.8159714439
CtrSVDD_0007_E_0004519,-5.3493026624
CtrSVDD_0008_E_0004520,-8.7810324782
CtrSVDD_0009_E_0004521,-4.9435144321
CtrSVDD_0010_E_0004522,-0.8354581133
CtrSVDD_0011_E_0004523,0.0768622262
CtrSVDD_0012_E_0004524,-3.5456784766
CtrSVDD_0013_E_0004525,-0.1835676051
CtrSVDD_0014_E_0004526,0.1144997785
CtrSVDD_0015_E_0004527,-6.7141509933
CtrSVDD_0016_E_0004528,-0.2500920472
CtrSVDD_0017_E_0004529,-3.0279050357
CtrSVDD_0018_E_0004530,-5.8498930002
CtrSVDD_0019_E_0004531,-6.6503399939
CtrSVDD_0020_E_0004532,-2.6060035494
CtrSVDD_0021_E_0004533,-6.6168468474
CtrSVDD_0022_E_0004534,-6.2807571979
CtrSVDD_0023_E_0004535,-3.8668726271
CtrSVDD_0024_E_0004536,-7.4332606210
CtrSVDD_0025_E_0004537,-7.4978521171
CtrSVDD_0026_E_0004538,-7.6501348472
CtrSVDD_0027_E_0004539,-5.5122702849
CtrSVDD_0028_E_0004540,-3.8425172277
CtrSVDD_0029_E_0004541,-7.0543066375
CtrSVDD_0030_E_0004542,-5.1858473917
CtrSVDD_0031_E_0004543,-1.0347594811
CtrSVDD_0032_E_0004544,-6.8124137284
CtrSVDD_0033_E_0004545,-6.3330261897
CtrSVDD_0034_E_0004546,-7.8301918348
CtrSVDD_0035_E_0004547,-6.4834061391
CtrSVDD_0036_E_0004548,-6.7225012108
CtrSVDD_0037_E_0004549,-8.7644347136
CtrSVDD_0038_E_0004550,-7.0378000933
CtrSVDD_0039_E_0004551,-5.8665754125
CtrSVDD_0040_E_0004552,-6.8926353454
CtrSVDD_0041_E_0004553,-7.0899330897
CtrSVDD_0042_E_0004554,-7.1605749742
CtrSVDD_0043_E_0004555,-6.5003035464
CtrSVDD_0044_E_0004556,-7.6939457487
CtrSVDD_0045_E_0004557,-6.6133801120
CtrSVDD_0046_E_0004558,-8.1253538749
CtrSVDD_0047_E_0004559,-3.7817612569
CtrSVDD_0000_E_0004560,-6.6473625486
CtrSVDD_0001_E_0004561,-5.6440754684
CtrSVDD_0002_E_0004562,-6.1414008014
CtrSVDD_0003_E_0004563,-6.3410955301
CtrSVDD_0004_E_0004564,-4.8063229773
CtrSVDD_0005_E_0004565,-7.6843718926
CtrSVDD_0006_E_0004566,-0.0977574847
CtrSVDD_0007_E_0004567,-6.3398356279
CtrSVDD_0008_E_0004568,-5.2868005440
CtrSVDD_0009_E_0004569,-3.5225578031
CtrSVDD_0010_E_0004570,-5.1011117298
CtrSVDD_0011_E_0004571,-0.8080100070
CtrSVDD_0012_E_0004572,-7.0396971941
CtrSVDD_0013_E_0004573,-1.0252493761
CtrSVDD_0014_E_0004574,-6.4295199177
CtrSVDD_0015_E_0004575,-6.4046344580
CtrSVDD_0016_E_0004576,-5.2918019080
CtrSVDD_0017_E_0004577,-6.2894332510
CtrSVDD_0018_E_0004578,0.1721987889
CtrSVDD_0019_E_0004579,-2.4566363351
CtrSVDD_0020_E_0004580,-8.4723513668
CtrSVDD_0021_E_0004581,-7.6591871243
CtrSVDD_0022_E_0004582,0.4895646950
CtrSVDD_0023_E_0004583,-5.4819239972
CtrSVDD_0024_E_0004584,-0.5390624707
CtrSVDD_0025_E_0004585,-7.4288532816
CtrSVDD_0026_E_0004586,-4.7694478979
CtrSVDD_0027_E_0004587,-6.5670962414
CtrSVDD_0028_E_0004588,0.4695769233
CtrSVDD_0029_E_0004589,-6.2383217527
CtrSVDD_0030_E_0004590,-4.5076894936
CtrSVDD_0031_E_0004591,-5.6562205853
CtrSVDD_0032_E_0004592,-5.6074906549
CtrSVDD_0033_E_0004593,-7.7964820370
CtrSVDD_0034_E_0004594,-7.0118536172
CtrSVDD_0035_E_0004595,-8.0682253211
CtrSVDD_0036_E_0004596,-0.4121280969
CtrSVDD_0037_E_0004597,-6.9058051422
CtrSVDD_0038_E_0004598,-6.0129839825
CtrSVDD_0039_E_0004599,-7.7281463114
CtrSVDD_0040_E_0004600,-4.8648223833
CtrSVDD_0041_E_0004601,-5.5850364518
CtrSVDD_0042_E_0004602,-7.1475693576
CtrSVDD_0043_E_0004603,-4.9771683281
CtrSVDD_0044_E_0004604,-5.2286106383
CtrSVDD_0045_E_0004605,-5.9654816662
CtrSVDD_0046_E_0004606,-6.4356600410
CtrSVDD_0047_E_0004607,-4.1268934902
CtrSVDD_0000_E_0004608,-6.0287796404
CtrSVDD_0001_E_0004609,-7.3883910201
CtrSVDD_0002_E_0004610,-5.3260518065
CtrSVDD_0003_E_0004611,-3.7297755476
CtrSVDD_0004_E_0004612,0.1608521865
CtrSVDD_0005_E_0004613,0.7906822025
CtrSVDD_0006_E_0004614,-5.7726526283
CtrSVDD_0007_E_0004615,-6.0917701544
CtrSVDD_0008_E_0004616,-6.7431731284
CtrSVDD_0009_E_0004617,-6.4387925778
CtrSVDD_0010_E_0004618,-6.7926319664
CtrSVDD_0011_E_0004619,-4.7396397517
CtrSVDD_0012_E_0004620,-8.4644220495
CtrSVDD_0013_E_0004621,-4.1528472212
CtrSVDD_0014_E_0004622,2.7402957116
CtrSVDD_0015_E_0004623,-7.0867400786
CtrSVDD_0016_E_0004624,-3.8037462504
CtrSVDD_0017_E_0004625,-7.0600818743
CtrSVDD_0018_E_0004626,-0.7511423942
CtrSVDD_0019_E_0004627,-5.2992517174
CtrSVDD_0020_E_0004628,-7.3605478914
CtrSVDD_0021_E_0004629,-5.2890382378
CtrSVDD_0022_E_0004630,-5.5252959474
CtrSVDD_0023_E_0004631,-6.4880507636
CtrSVDD_0024_E_0004632,-5.4843006371
CtrSVDD_0025_E_0004633,-5.4521705151
CtrSVDD_0026_E_0004634,-6.8024179708
CtrSVDD_0027_E_0004635,-3.0018783290
CtrSVDD_0028_E_0004636,-5.7752957264
CtrSVDD_0029_E_0004637,-6.0327503243
CtrSVDD_0030_E_0004638,-3.7657356409
CtrSVDD_0031_E_0004639,-4.9410837906
CtrSVDD_0032_E_0004640,-5.6698965031
CtrSVDD_0033_E_0004641,-7.8531727583
CtrSVDD_0034_E_0004642,-2.7135962482
CtrSVDD_0035_E_0004643,1.0762666132
CtrSVDD_0036_E_0004644,-7.3347362884
CtrSVDD_0037_E_0004645,-5.6972968349
CtrSVDD_0038_E_0004646,-3.9433177958
CtrSVDD_0039_E_0004647,-4.5342590265
CtrSVDD_0040_E_0004648,-0.6337749880
CtrSVDD_0041_E_0004649,-7.3378309139
CtrSVDD_0042_E_0004650,-5.9180648937
CtrSVDD_0043_E_0004651,-5.6217422050
CtrSVDD_0044_E_0004652,-6.1226938163
CtrSVDD_0045_E_0004653,-7.3911503508
CtrSVDD_0046_E_0004654,-3.2152014850
CtrSVDD_0047_E_0004655,1.0336186357
CtrSVDD_0000_E_0004656,1.8484782934
CtrSVDD_0001_E_0004657,-6.7198266687
CtrSVDD_0002_E_0004658,-2.5094012302
CtrSVDD_0003_E_0004659,-3.8600023114
CtrSVDD_0004_E_0004660,-3.1025421876
CtrSVDD_0005_E_0004661,-0.0805172304
CtrSVDD_0006_E_0004662,-5.8829264449
CtrSVDD_0007_E_0004663,1.0134905810
CtrSVDD_0008_E_0004664,-6.5779870632
CtrSVDD_0009_E_0004665,-6.1051710980
CtrSVDD_0010_E_0004666,-6.0162683607
CtrSVDD_0011_E_0004667,-4.6308345586
CtrSVDD_0012_E_0004668,-5.6821474032
CtrSVDD_0013_E_0004669,-5.5597312981
CtrSVDD_0014_E_0004670,-6.0693830287
CtrSVDD_0015_E_0004671,-7.5011394033
CtrSVDD_0016_E_0004672,-6.6770170038
CtrSVDD_0017_E_0004673,-7.2774228016
CtrSVDD_0018_E_0004674,-3.2850462038
CtrSVDD_0019_E_0004675,-3.8462968830
CtrSVDD_0020_E_0004676,-5.5248794430
CtrSVDD_0021_E_0004677,1.1311313252
CtrSVDD_0022_E_0004678,-5.9783810139
CtrSVDD_0023_E_0004679,-5.2236253984
CtrSVDD_0024_E_0004680,-5.9187894020
CtrSVDD_0025_E_0004681,-6.8718280730
CtrSVDD_0026_E_0004682,-6.5014416284
CtrSVDD_0027_E_0004683,-4.3945561882
CtrSVDD_0028_E_0004684,-6.6607305039
CtrSVDD_0029_E_0004685,-4.9232089106
CtrSVDD_0030_E_0004686,-4.4050633898
CtrSVDD_0031_E_0004687,-6.3095841510
CtrSVDD_0032_E_0004688,-7.8860812426
CtrSVDD_0033_E_0004689,-3.5126454399
CtrSVDD_0034_E_0004690,-7.5603993200
CtrSVDD_0035_E_0004691,-6.0003160222
CtrSVDD_0036_E_0004692,-6.0698353695
CtrSVDD_0037_E_0004693,-1.7758534372
CtrSVDD_0038_E_0004694,-6.9132708839
CtrSVDD_0039_E_0004695,-5.5179880594
CtrSVDD_0040_E_0004696,-5.5517874797
CtrSVDD_0041_E_0004697,-6.4414440302
CtrSVDD_0042_E_0004698,-4.2392865319
CtrSVDD_0043_E_0004699,-4.9623194888
CtrSVDD_0044_E_0004700,-6.4845632912
CtrSVDD_0045_E_0004701,-7.0225680732
CtrSVDD_0046_E_0004702,-1.9924932571
CtrSVDD_0047_E_0004703,-4.2912938709
CtrSVDD_0000_E_0004704,-6.9323449645
CtrSVDD_0001_E_0004705,-6.9288277757
CtrSVDD_0002_E_0004706,-5.6137490390
CtrSVDD_0003_E_0004707,-5.5243955435
CtrSVDD_0004_E_0004708,-7.5735027823
CtrSVDD_0005_E_0004709,-1.3215739805
CtrSVDD_0006_E_0004710,-5.9841491101
CtrSVDD_0007_E_0004711,-6.2538234185
CtrSVDD_0008_E_0004712,-4.8029642909
CtrSVDD_0009_E_0004713,-5.8969123044
CtrSVDD_0010_E_0004714,-6.7543440235
CtrSVDD_0011_E_0004715,-6.1827738194
CtrSVDD_0012_E_0004716,-0.2163909299
CtrSVDD_0013_E_0004717,-6.5749495286
CtrSVDD_0014_E_0004718,-0.1849903467
CtrSVDD_0015_E_0004719,-4.8426985404
CtrSVDD_0016_E_0004720,-4.3811567703
CtrSVDD_0017_E_0004721,-5.4788861307
CtrSVDD_0018_E_0004722,-7.2097508229
CtrSVDD_0019_E_0004723,-3.6074549221
CtrSVDD_0020_E_0004724,-7.0131833547
CtrSVDD_0021_E_0004725,-0.7773675288
CtrSVDD_0022_E_0004726,-5.6805439014
CtrSVDD_0023_E_0004727,-6.9196405783
CtrSVDD_0024_E_0004728,-0.0202838183
CtrSVDD_0025_E_0004729,-6.9717636940
CtrSVDD_0026_E_0004730,-7.3126591916
CtrSVDD_0027_E_0004731,-6.6199378005
CtrSVDD_0028_E_0004732,-8.7199240021
CtrSVDD_0029_E_0004733,-2.1649687543
CtrSVDD_0030_E_0004734,1.5140138711
CtrSVDD_0031_E_0004735,-1.2966417965
CtrSVDD_0032_E_0004736,-6.3831290704
CtrSVDD_0033_E_0004737,-1.2525226939
CtrSVDD_0034_E_0004738,-8.1653223207
CtrSVDD_0035_E_0004739,-4.8296517964
CtrSVDD_0036_E_0004740,-6.7694116144
CtrSVDD_0037_E_0004741,-6.2094613218
CtrSVDD_0038_E_0004742,0.0188847618
CtrSVDD_0039_E_0004743,-5.4347486645
CtrSVDD_0040_E_0004744,-3.3731617454
CtrSVDD_0041_E_0004745,-1.8135017802
CtrSVDD_0042_E_0004746,-6.5303747718
CtrSVDD_0043_E_0004747,-8.4623312344
CtrSVDD_0044_E_0004748,-6.3984542642
CtrSVDD_0045_E_0004749,-4.2134360574
CtrSVDD_0046_E_0004750,-7.3084879333
CtrSVDD_0047_E_0004751,-6.6109467584
CtrSVDD_0000_E_0004752,-5.9887895977
CtrSVDD_0001_E_0004753,-6.4207864588
CtrSVDD_0002_E_0004754,0.1198829224
CtrSVDD_0003_E_0004755,-5.5023295794
CtrSVDD_0004_E_0004756,1.0467803551
CtrSVDD_0005_E_0004757,-1.2711282247
CtrSVDD_0006_E_0004758,-6.2295347805
CtrSVDD_0007_E_0004759,-6.2141892897
CtrSVDD_0008_E_0004760,-3.8927470090
CtrSVDD_0009_E_0004761,-5.1004089679
CtrSVDD_0010_E_0004762,-9.1714190825
CtrSVDD_0011_E_0004763,0.3909008364
CtrSVDD_0012_E_0004764,-6.8519693635
CtrSVDD_0013_E_0004765,-5.3850575550
CtrSVDD_0014_E_0004766,-6.7383661499
CtrSVDD_0015_E_0004767,-4.2107477053
CtrSVDD_0016_E_0004768,1.9533237077
CtrSVDD_0017_E_0004769,-7.1352944134
CtrSVDD_0018_E_0004770,-4.8666761520
CtrSVDD_0019_E_0004771,-6.9237279210
CtrSVDD_0020_E_0004772,-3.4828856146
CtrSVDD_0021_E_0004773,-0.0721000060
CtrSVDD_0022_E_0004774,-5.6168525437
CtrSVDD_0023_E_0004775,-5.9771059216
CtrSVDD_0024_E_0004776,-2.6849316373
CtrSVDD_0025_E_0004777,-5.0372102515
CtrSVDD_0026_E_0004778,-7.1720931988
CtrSVDD_0027_E_0004779,-5.4532711690
CtrSVDD_0028_E_0004780,1.1784885851
CtrSVDD_0029_E_0004781,-6.0362882858
CtrSVDD_0030_E_0004782,-5.8280545054
CtrSVDD_0031_E_0004783,-5.6296684339
CtrSVDD_0032_E_0004784,-4.6271074865
CtrSVDD_0033_E_0004785,-5.6523573082
CtrSVDD_0034_E_0004786,-6.9837227501
CtrSVDD_0035_E_0004787,-6.4717981016
CtrSVDD_0036_E_0004788,-7.6378402590
CtrSVDD_0037_E_0004789,-5.5857778471
CtrSVDD_0038_E_0004790,-4.9485453456
CtrSVDD_0039_E_0004791,-4.1845971699
CtrSVDD_0040_E_0004792,1.5009421083
CtrSVDD_0041_E_0004793,-3.1523379641
CtrSVDD_0042_E_0004794,-7.6771720148
CtrSVDD_0043_E_0004795,-5.8094162463
CtrSVDD_0044_E_0004796,-3.9789425204
CtrSVDD_0045_E_0004797,-3.7514875096
CtrSVDD_0046_E_0004798,-5.5747486258
CtrSVDD_0047_E_0004799,-6.1187864791
CtrSVDD_0000_E_0004800,-4.2709375118
CtrSVDD_0001_E_0004801,-0.0692954288
CtrSVDD_0002_E_0004802,-5.4777960239
CtrSVDD_0003_E_0004803,-6.8384205579
CtrSVDD_0004_E_0004804,-4.5009344835
CtrSVDD_0005_E_0004805,-7.7734990150
CtrSVDD_0006_E_0004806,-6.3144416508
CtrSVDD_0007_E_0004807,-1.6845475769
CtrSVDD_0008_E_0004808,-5.5165416321
CtrSVDD_0009_E_0004809,-9.4951890154
CtrSVDD_0010_E_0004810,-5.4275267322
CtrSVDD_0011_E_0004811,-4.5997430128
CtrSVDD_0012_E_0004812,-5.4580336185
CtrSVDD_0013_E_0004813,-2.9237924651
CtrSVDD_0014_E_0004814,-1.6790201919
CtrSVDD_0015_E_0004815,-7.6230212111
CtrSVDD_0016_E_0004816,0.1566026223
CtrSVDD_0017_E_0004817,-4.0468660968
CtrSVDD_0018_E_0004818,1.2455108566
CtrSVDD_0019_E_0004819,-7.1979437191
CtrSVDD_0020_E_0004820,-6.3606032616
CtrSVDD_0021_E_0004821,-7.0703235612
CtrSVDD_0022_E_0004822,-5.9464639694
CtrSVDD_0023_E_0004823,-6.2788954405
CtrSVDD_0024_E_0004824,-4.7078170371
CtrSVDD_0025_E_0004825,1.4794189075
CtrSVDD_0026_E_0004826,-6.8182406904
CtrSVDD_0027_E_0004827,-4.8917861562
CtrSVDD_0028_E_0004828,-5.8309152845
CtrSVDD_0029_E_0004829,1.7402582720
CtrSVDD_0030_E_0004830,-6.2714684305
CtrSVDD_0031_E_0004831,-6.7138532323
CtrSVDD_0032_E_0004832,-3.0971540969
CtrSVDD_0033_E_0004833,-6.9553973370
CtrSVDD_0034_E_0004834,-5.5169999372
CtrSVDD_0035_E_0004835,-3.8582865937
CtrSVDD_0036_E_0004836,-7.2094425521
CtrSVDD_0037_E_0004837,-0.0078225554
CtrSVDD_0038_E_0004838,-5.6050982986
CtrSVDD_0039_E_0004839,-5.4642525763
CtrSVDD_0040_E_0004840,-5.9753453493
CtrSVDD_0041_E_0004841,-5.1070470408
CtrSVDD_0042_E_0004842,-1.2254011678
CtrSVDD_0043_E_0004843,-6.8932651595
CtrSVDD_0044_E_0004844,-2.4485046610
CtrSVDD_0045_E_0004845,-4.4351071957
CtrSVDD_0046_E_0004846,-0.0145376379
CtrSVDD_0047_E_0004847,-7.4541591280
CtrSVDD_0000_E_0004848,-4.4400829332
CtrSVDD_0001_E_0004849,-5.2631578186
CtrSVDD_0002_E_0004850,-4.4075744071
CtrSVDD_0003_E_0004851,-6.2418581306
CtrSVDD_0004_E_0004852,-1.9021477074
CtrSVDD_0005_E_0004853,-2.8626148202
CtrSVDD_0006_E_0004854,-3.7935914845
CtrSVDD_0007_E_0004855,0.4121280969
CtrSVDD_0008_E_0004856,-6.4155153825
CtrSVDD_0009_E_0004857,-6.5938252631
CtrSVDD_0010_E_0004858,-5.5404673395
CtrSVDD_0011_E_0004859,-4.8941345606
CtrSVDD_0012_E_0004860,-4.8781367441
CtrSVDD_0013_E_0004861,-5.9283521177
CtrSVDD_0014_E_0004862,-7.9388378939
CtrSVDD_0015_E_0004863,-6.1227044828
CtrSVDD_0016_E_0004864,-3.9857916228
CtrSVDD_0017_E_0004865,-8.1576188124
CtrSVDD_0018_E_0004866,0.3876856126
CtrSVDD_0019_E_0004867,-5.1505211364
CtrSVDD_0020_E_0004868,-7.7460875170
CtrSVDD_0021_E_0004869,0.3863752869
CtrSVDD_0022_E_0004870,-4.9745740147
CtrSVDD_0023_E_0004871,-3.6415425483
CtrSVDD_0024_E_0004872,-3.9222988754
CtrSVDD_0025_E_0004873,-7.2691330751
CtrSVDD_0026_E_0004874,-6.4967952693
CtrSVDD_0027_E_0004875,0.0861318474
CtrSVDD_0028_E_0004876,-5.0837250811
CtrSVDD_0029_E_0004877,-6.9992069546
CtrSVDD_0030_E_0004878,-8.5032898280
CtrSVDD_0031_E_0004879,-8.1163714590
CtrSVDD_0032_E_0004880,-6.3265561839
CtrSVDD_0033_E_0004881,-0.2049494660
CtrSVDD_0034_E_0004882,0.1849903467
CtrSVDD_0035_E_0004883,-7.8967785936
CtrSVDD_0036_E_0004884,-6.3550434513
CtrSVDD_0037_E_0004885,-7.4259218040
CtrSVDD_0038_E_0004886,-8.6107792561
CtrSVDD_0039_E_0004887,-7.5622101061
CtrSVDD_0040_E_0004888,-4.9878471157
CtrSVDD_0041_E_0004889,-6.5076582798
CtrSVDD_0042_E_0004890,-6.7427651765
CtrSVDD_0043_E_0004891,-0.2078072593
CtrSVDD_0044_E_0004892,-4.4014614105
CtrSVDD_0045_E_0004893,-5.7650232382
CtrSVDD_0046_E_0004894,-6.4233405410
CtrSVDD_0047_E_0004895,-8.4448353528
CtrSVDD_0000_E_0004896,-2.4320592834
CtrSVDD_0001_E_0004897,-7.9840840456
CtrSVDD_0002_E_0004898,-5.0673417276
CtrSVDD_0003_E_0004899,0.0328774424
CtrSVDD_0004_E_0004900,-5.4955865872
CtrSVDD_0005_E_0004901,1.3230285222
CtrSVDD_0006_E_0004902,-4.9868152092
CtrSVDD_0007_E_0004903,-6.5536667292
CtrSVDD_0008_E_0004904,-3.0700473106
CtrSVDD_0009_E_0004905,-6.8535764524
CtrSVDD_0010_E_0004906,-6.9815451555
CtrSVDD_0011_E_0004907,-7.7760834074
CtrSVDD_0012_E_0004908,-6.4926058603
CtrSVDD_0013_E_0004909,-8.2820842265
CtrSVDD_0014_E_0004910,-6.1236793599
CtrSVDD_0015_E_0004911,0.1636868392
CtrSVDD_0016_E_0004912,-3.3176961350
CtrSVDD_0017_E_0004913,0.5965898493
CtrSVDD_0018_E_0004914,-6.2870129046
CtrSVDD_0019_E_0004915,-7.8281788987
CtrSVDD_0020_E_0004916,-7.1289485251
CtrSVDD_0021_E_0004917,-5.0417724475
CtrSVDD_0022_E_0004918,-7.2058412205
CtrSVDD_0023_E_0004919,-6.7034543720
CtrSVDD_0024_E_0004920,-7.4917254761
CtrSVDD_0025_E_0004921,-8.8222254133
CtrSVDD_0026_E_0004922,-1.5734719138
CtrSVDD_0027_E_0004923,-9.0214511677
CtrSVDD_0028_E_0004924,-0.6116994783
CtrSVDD_0029_E_0004925,-0.3370899316
CtrSVDD_0030_E_0004926,-6.8988580506
CtrSVDD_0031_E_0004927,-7.3817457871
CtrSVDD_0032_E_0004928,-6.2958403505
CtrSVDD_0033_E_0004929,-5.6022299695
CtrSVDD_0034_E_0004930,-7.0884794079
CtrSVDD_0035_E_0004931,-5.7851667442
CtrSVDD_0036_E_0004932,-6.0310975417
CtrSVDD_0037_E_0004933,-7.0839432297
CtrSVDD_0038_E_0004934,1.7685124083
CtrSVDD_0039_E_0004935,0.1043990475
CtrSVDD_0040_E_0004936,-5.8329241995
CtrSVDD_0041_E_0004937,-4.0364208988
CtrSVDD_0042_E_0004938,-6.9264033583
CtrSVDD_0043_E_0004939,-7.1592020621
CtrSVDD_0044_E_0004940,-5.6785953924
CtrSVDD_0045_E_0004941,-6.5521450620
CtrSVDD_0046_E_0004942,-6.2677668041
CtrSVDD_0047_E_0004943,-5.7431206515
CtrSVDD_0000_E_0004944,-5.7083340464
CtrSVDD_0001_E_0004945,-7.3058916898
CtrSVDD_0002_E_0004946,0.5618492257
CtrSVDD_0003_E_0004947,-1.4755417059
CtrSVDD_0004_E_0004948,-5.8830089607
CtrSVDD_0005_E_0004949,-5.8461314457
CtrSVDD_0006_E_0004950,-3.5522833440
CtrSVDD_0007_E_0004951,-8.1028423800
CtrSVDD_0008_E_0004952,-4.3857290219
CtrSVDD_0009_E_0004953,-6.9742303635
CtrSVDD_0010_E_0004954,-8.7459587368
CtrSVDD_0011_E_0004955,-4.3084668611
CtrSVDD_0012_E_0004956,-4.8747558087
CtrSVDD_0013_E_0004957,-6.5992014577
CtrSVDD_0014_E_0004958,-5.7415913523
CtrSVDD_0015_E_0004959,-5.8931645907
CtrSVDD_0016_E_0004960,-2.8220043557
CtrSVDD_0017_E_0004961,-7.2576232290
CtrSVDD_0018_E_0004962,-7.0007579387
CtrSVDD_0019_E_0004963,-5.9318448378
CtrSVDD_0020_E_0004964,-5.2758178770
CtrSVDD_0021_E_0004965,-6.8520567366
CtrSVDD_0022_E_0004966,-6.3217153095
CtrSVDD_0023_E_0004967,-6.6916296653
CtrSVDD_0024_E_0004968,-5.1964494490
CtrSVDD_0025_E_0004969,-6.5008276451
CtrSVDD_0026_E_0004970,-3.6846896708
CtrSVDD_0027_E_0004971,-0.3046894591
CtrSVDD_0028_E_0004972,-5.4164260927
CtrSVDD_0029_E_0004973,-4.8908047328
CtrSVDD_0030_E_0004974,-5.4286454890
CtrSVDD_0031_E_0004975,-7.8900136192
CtrSVDD_0032_E_0004976,-8.2897644834
CtrSVDD_0033_E_0004977,-6.3658112729
CtrSVDD_0034_E_0004978,-6.8442935130
CtrSVDD_0035_E_0004979,-5.7216819541
CtrSVDD_0036_E_0004980,-5.6573367888
CtrSVDD_0037_E_0004981,-0.9700305792
CtrSVDD_0038_E_0004982,-4.9324361765
CtrSVDD_0039_E_0004983,2.2754413992
CtrSVDD_0040_E_0004984,-5.9630723282
CtrSVDD_0041_E_0004985,-8.3888186299
CtrSVDD_0042_E_0004986,1.0863057363
CtrSVDD_0043_E_0004987,1.3812948212
CtrSVDD_0044_E_0004988,-3.7834569748
CtrSVDD_0045_E_0004989,-5.8791921871
CtrSVDD_0046_E_0004990,0.6701060655
CtrSVDD_0047_E_0004991,-4.1344643975
CtrSVDD_0000_E_0004992,-6.7497113611
CtrSVDD_0001_E_0004993,-0.0426759874
CtrSVDD_0002_E_0004994,-2.6131344606
CtrSVDD_0003_E_0004995,-4.9584424395
CtrSVDD_0004_E_0004996,-4.0820128420
CtrSVDD_0005_E_0004997,-5.6438872946
CtrSVDD_0006_E_0004998,-6.3379114696
CtrSVDD_0007_E_0004999,-8.7116606922
CtrSVDD_0008_E_0005000,-5.4483401571
CtrSVDD_0009_E_0005001,-2.7113913567
CtrSVDD_0010_E_0005002,-7.1946671319
CtrSVDD_0011_E_0005003,-3.3463345287
CtrSVDD_0012_E_0005004,-5.4663698422
CtrSVDD_0013_E_0005005,-6.9945568455
CtrSVDD_0014_E_0005006,-0.6371985290
CtrSVDD_0015_E_0005007,-6.0696762393
CtrSVDD_0016_E_0005008,-4.5048557142
CtrSVDD_0017_E_0005009,-4.5242745498
CtrSVDD_0018_E_0005010,-5.3095983517
CtrSVDD_0019_E_0005011,-4.2465628680
CtrSVDD_0020_E_0005012,-5.6039072480
CtrSVDD_0021_E_0005013,-8.3823162559
CtrSVDD_0022_E_0005014,-8.0157012069
CtrSVDD_0023_E_0005015,-0.8099502840
CtrSVDD_0024_E_0005016,0.6440681386
CtrSVDD_0025_E_0005017,-4.6983786422
CtrSVDD_0026_E_0005018,-7.6088358017
CtrSVDD_0027_E_0005019,-1.1933902435
CtrSVDD_0028_E_0005020,-5.1437411480
CtrSVDD_0029_E_0005021,-6.7096049901
CtrSVDD_0030_E_0005022,-1.4852856363
CtrSVDD_0031_E_0005023,-5.2619194366
CtrSVDD_0032_E_0005024,2.0099263107
CtrSVDD_0033_E_0005025,-3.0021391828
CtrSVDD_0034_E_0005026,-6.0498105427
CtrSVDD_0035_E_0005027,-0.9369732433
CtrSVDD_0036_E_0005028,-6.7143208371
CtrSVDD_0037_E_0005029,-4.9734193565
CtrSVDD_0038_E_0005030,-7.8928194464
CtrSVDD_0039_E_0005031,-5.2942920911
CtrSVDD_0040_E_0005032,-6.2842508746
CtrSVDD_0041_E_0005033,-6.6895945485
CtrSVDD_0042_E_0005034,-2.7505840148
CtrSVDD_0043_E_0005035,-6.3019996978
CtrSVDD_0044_E_0005036,-7.0055625448
CtrSVDD_0045_E_0005037,0.8574738954
CtrSVDD_0046_E_0005038,-1.0565070817
CtrSVDD_0047_E_0005039,-7.2399573131
CtrSVDD_0000_E_0005040,-9.0158657739
CtrSVDD_0001_E_0005041,-2.5964338822
CtrSVDD_0002_E_0005042,-4.1231181290
CtrSVDD_0003_E_0005043,0.7038046679
CtrSVDD_0004_E_0005044,-5.8781343325
CtrSVDD_0005_E_0005045,0.3076212670
CtrSVDD_0006_E_0005046,-5.3913364175
CtrSVDD_0007_E_0005047,-5.7980003458
CtrSVDD_0008_E_0005048,-6.1683328732
CtrSVDD_0009_E_0005049,-5.6278790348
CtrSVDD_0010_E_0005050,-6.6180023219
CtrSVDD_0011_E_0005051,-6.4363260432
CtrSVDD_0012_E_0005052,-4.6835727353
CtrSVDD_0013_E_0005053,-5.6957713572
CtrSVDD_0014_E_0005054,-4.7724775792
CtrSVDD_0015_E_0005055,-5.6245591186
CtrSVDD_0016_E_0005056,-3.3088939858
CtrSVDD_0017_E_0005057,-5.5660737474
CtrSVDD_0018_E_0005058,-8.0277948360
CtrSVDD_0019_E_0005059,-7.3150496277
CtrSVDD_0020_E_0005060,-3.3765073839
CtrSVDD_0021_E_0005061,-6.6931442322
CtrSVDD_0022_E_0005062,-8.0205932820
CtrSVDD_0023_E_0005063,-6.7583609173
CtrSVDD_0024_E_0005064,-3.5440272275
CtrSVDD_0025_E_0005065,-3.3679771831
CtrSVDD_0026_E_0005066,-0.2900690762
CtrSVDD_0027_E_0005067,-5.4766953184
CtrSVDD_0028_E_0005068,-7.4321337523
CtrSVDD_0029_E_0005069,-0.5423003608
CtrSVDD_0030_E_0005070,-5.7707943165
CtrSVDD_0031_E_0005071,-6.2490441654
CtrSVDD_0032_E_0005072,-5.8836409729
CtrSVDD_0033_E_0005073,-1.5184291412
CtrSVDD_0034_E_0005074,-5.6592584518
CtrSVDD_0035_E_0005075,-6.8767749925
CtrSVDD_0036_E_0005076,-6.3626644253
CtrSVDD_0037_E_0005077,-5.1696145319
CtrSVDD_0038_E_0005078,-0.6701060655
CtrSVDD_0039_E_0005079,-4.2123166240
CtrSVDD_0040_E_0005080,-0.8923416778
CtrSVDD_0041_E_0005081,-2.2572007159
CtrSVDD_0042_E_0005082,-2.1865025620
CtrSVDD_0043_E_0005083,-6.8269701154
CtrSVDD_0044_E_0005084,-8.4490776477
CtrSVDD_0045_E_0005085,-6.7234510045
CtrSVDD_0046_E_0005086,-4.1938058148
CtrSVDD_0047_E_0005087,-7.9533521350
CtrSVDD_0000_E_0005088,-4.9559028659
CtrSVDD_0001_E_0005089,-6.5485397643
CtrSVDD_0002_E_0005090,0.3237943289
CtrSVDD_0003_E_0005091,-5.8129212110
CtrSVDD_0004_E_0005092,-6.3937283794
CtrSVDD_0005_E_0005093,-2.8054829046
CtrSVDD_0006_E_0005094,-6.5241342301
CtrSVDD_0007_E_0005095,-6.9173235965
CtrSVDD_0008_E_0005096,-5.3497509991
CtrSVDD_0009_E_0005097,-8.4003769430
CtrSVDD_0010_E_0005098,-6.2888620117
CtrSVDD_0011_E_0005099,-5.6724142991
CtrSVDD_0012_E_0005100,-7.9119518517
CtrSVDD_0013_E_0005101,-6.0743904662
CtrSVDD_0014_E_0005102,-6.8112488372
CtrSVDD_0015_E_0005103,-3.5127649613
CtrSVDD_0016_E_0005104,-6.9145427057
CtrSVDD_0017_E_0005105,0.0020981837
CtrSVDD_0018_E_0005106,-7.6280789288
CtrSVDD_0019_E_0005107,-6.6891023067
CtrSVDD_0020_E_0005108,-7.2966704526
CtrSVDD_0021_E_0005109,-4.7009653974
CtrSVDD_0022_E_0005110,-7.4882852902
CtrSVDD_0023_E_0005111,-5.8815397105
CtrSVDD_0024_E_0005112,-0.7754766874
CtrSVDD_0025_E_0005113,-6.4610339464
CtrSVDD_0026_E_0005114,-5.9798990698
CtrSVDD_0027_E_0005115,-4.9830535517
CtrSVDD_0028_E_0005116,-0.7290684029
CtrSVDD_0029_E_0005117,-6.8794418534
CtrSVDD_0030_E_0005118,-6.6610485306
CtrSVDD_0031_E_0005119,-2.2448638231
CtrSVDD_0032_E_0005120,-7.8066578283
CtrSVDD_0033_E_0005121,-5.0740459677
CtrSVDD_0034_E_0005122,-5.9444644272
CtrSVDD_0035_E_0005123,-4.0416264467
CtrSVDD_0036_E_0005124,-2.4753833324
CtrSVDD_0037_E_0005125,1.9847402495
CtrSVDD_0038_E_0005126,-2.4780362227
CtrSVDD_0039_E_0005127,-5.4773669434
CtrSVDD_0040_E_0005128,-6.8194430448
CtrSVDD_0041_E_0005129,1.1489950162
CtrSVDD_0042_E_0005130,-6.0726772800
CtrSVDD_0043_E_0005131,-6.5663531041
CtrSVDD_0044_E_0005132,-7.1416247150
CtrSVDD_0045_E_0005133,0.8923416778
CtrSVDD_0046_E_0005134,-8.0059957063
CtrSVDD_0047_E_0005135,-7.7551564606
CtrSVDD_0000_E_0005136,-7.4993877829
CtrSVDD_0001_E_0005137,-2.3926863990
CtrSVDD_0002_E_0005138,2.5225135470
CtrSVDD_0003_E_0005139,-7.9821737686
CtrSVDD_0004_E_0005140,-8.4142160152
CtrSVDD_0005_E_0005141,-5.8875922050
CtrSVDD_0006_E_0005142,-7.3465386975
CtrSVDD_0007_E_0005143,-6.6062345869
CtrSVDD_0008_E_0005144,-6.5856255540
CtrSVDD_0009_E_0005145,-4.3860269055
CtrSVDD_0010_E_0005146,-5.9829949740
CtrSVDD_0011_E_0005147,-6.3975277317
CtrSVDD_0012_E_0005148,-5.7634157569
CtrSVDD_0013_E_0005149,-4.2042815635
CtrSVDD_0014_E_0005150,-6.9609763263
CtrSVDD_0015_E_0005151,-3.9746695467
CtrSVDD_0016_E_0005152,-1.9602826879
CtrSVDD_0017_E_0005153,-6.6840543198
CtrSVDD_0018_E_0005154,-0.1297510487
CtrSVDD_0019_E_0005155,-6.5771019585
CtrSVDD_0020_E_0005156,-5.4730002558
CtrSVDD_0021_E_0005157,-5.6046587015
CtrSVDD_0022_E_0005158,-3.0917551504
CtrSVDD_0023_E_0005159,-3.6548011921
CtrSVDD_0024_E_0005160,-7.0789833453
CtrSVDD_0025_E_0005161,1.1197159605
CtrSVDD_0026_E_0005162,0.2350446126
CtrSVDD_0027_E_0005163,0.0121397515
CtrSVDD_0028_E_0005164,-6.2802913533
CtrSVDD_0029_E_0005165,-6.9478030028
CtrSVDD_0030_E_0005166,-0.2235561612
CtrSVDD_0031_E_0005167,-2.0576833914
CtrSVDD_0032_E_0005168,-6.4387523433
CtrSVDD_0033_E_0005169,-6.7462544433
CtrSVDD_0034_E_0005170,-4.0470942406
CtrSVDD_0035_E_0005171,0.8904337118
CtrSVDD_0036_E_0005172,-6.5462180301
CtrSVDD_0037_E_0005173,-1.0820552086
CtrSVDD_0038_E_0005174,-5.8281100122
CtrSVDD_0039_E_0005175,-6.0240010346
CtrSVDD_0040_E_0005176,-5.4332232617
CtrSVDD_0041_E_0005177,-0.7310515452
CtrSVDD_0042_E_0005178,-5.5007485838
CtrSVDD_0043_E_0005179,-6.4672121746
CtrSVDD_0044_E_0005180,-6.1295207806
CtrSVDD_0045_E_0005181,-3.1426765601
CtrSVDD_0046_E_0005182,-5.0165868180
CtrSVDD_0047_E_0005183,-3.4328059370
CtrSVDD_0000_E_0005184,-6.8650254934
CtrSVDD_0001_E_0005185,-5.5501965761
CtrSVDD_0002_E_0005186,-6.0677062377
CtrSVDD_0003_E_0005187,0.5999356728
CtrSVDD_0004_E_0005188,-8.2151744960
CtrSVDD_0005_E_0005189,-8.6115604213
CtrSVDD_0006_E_0005190,-8.3059611989
CtrSVDD_0007_E_0005191,-0.2192556688
CtrSVDD_0008_E_0005192,-0.9899070206
CtrSVDD_0009_E_0005193,-0.7641892626
CtrSVDD_0010_E_0005194,-5.0552368150
CtrSVDD_0011_E_0005195,-7.1652497403
CtrSVDD_0012_E_0005196,-2.6711106953
CtrSVDD_0013_E_0005197,-7.2071436653
CtrSVDD_0014_E_0005198,-5.7864786717
CtrSVDD_0015_E_0005199,-6.3296375015
CtrSVDD_0016_E_0005200,-5.0430609145
CtrSVDD_0017_E_0005201,-4.5315827351
CtrSVDD_0018_E_0005202,-0.9972598582
CtrSVDD_0019_E_0005203,-6.8556423154
CtrSVDD_0020_E_0005204,-6.4380307534
CtrSVDD_0021_E_0005205,0.1325727936
CtrSVDD_0022_E_0005206,-4.1193494056
CtrSVDD_0023_E_0005207,-7.4406335223
CtrSVDD_0024_E_0005208,-5.4828411958
CtrSVDD_0025_E_0005209,-7.9809986875
CtrSVDD_0026_E_0005210,1.8590092135
CtrSVDD_0027_E_0005211,-5.8441398484
CtrSVDD_0028_E_0005212,-3.6101006854
CtrSVDD_0029_E_0005213,-0.0791139796
CtrSVDD_0030_E_0005214,-5.8920112725
CtrSVDD_0031_E_0005215,-7.7620024886
CtrSVDD_0032_E_0005216,-8.4095741812
CtrSVDD_0033_E_0005217,-8.0237376741
CtrSVDD_0034_E_0005218,-5.7457377083
CtrSVDD_0035_E_0005219,-5.5915023478
CtrSVDD_0036_E_0005220,-5.4483908919
CtrSVDD_0037_E_0005221,-6.5582304927
CtrSVDD_0038_E_0005222,-3.8139222144
CtrSVDD_0039_E_0005223,-3.9683597595
CtrSVDD_0040_E_0005224,-9.0675791394
CtrSVDD_0041_E_0005225,-0.7199753406
CtrSVDD_0042_E_0005226,-5.8311679097
CtrSVDD_0043_E_0005227,-6.8779186452
CtrSVDD_0044_E_0005228,-9.5270563112
CtrSVDD_0045_E_0005229,-6.5375179684
CtrSVDD_0046_E_0005230,-4.8517899467
CtrSVDD_0047_E_0005231,-6.8638037193
CtrSVDD_0000_E_0005232,-4.8312269740
CtrSVDD_0001_E_0005233,-7.4750066724
CtrSVDD_0002_E_0005234,-3.7509222800
CtrSVDD_0003_E_0005235,-4.0434477102
CtrSVDD_0004_E_0005236,-0.4475833594
CtrSVDD_0005_E_0005237,-6.5531817205
CtrSVDD_0006_E_0005238,0.5180080643
CtrSVDD_0007_E_0005239,-9.3032193384
CtrSVDD_0008_E_0005240,-7.5257464811
CtrSVDD_0009_E_0005241,-2.7362393041
CtrSVDD_0010_E_0005242,-2.8585963504
CtrSVDD_0011_E_0005243,-6.4496000588
CtrSVDD_0012_E_0005244,-7.9012848387
CtrSVDD_0013_E_0005245,-5.1627492918
CtrSVDD_0014_E_0005246,-5.3562050852
CtrSVDD_0015_E_0005247,-4.4077851985
CtrSVDD_0016_E_0005248,-5.8016792524
CtrSVDD_0017_E_0005249,3.4512310058
CtrSVDD_0018_E_0005250,-5.3078524157
CtrSVDD_0019_E_0005251,0.7983538465
CtrSVDD_0020_E_0005252,-4.4238024438
CtrSVDD_0021_E_0005253,0.7163547607
CtrSVDD_0022_E_0005254,-5.5327015045
CtrSVDD_0023_E_0005255,-6.6549580886
CtrSVDD_0024_E_0005256,-1.6241083858
CtrSVDD_0025_E_0005257,-4.7469192938
CtrSVDD_0026_E_0005258,-6.2864155728
CtrSVDD_0027_E_0005259,-5.4889507852
CtrSVDD_0028_E_0005260,-4.7501902694
CtrSVDD_0029_E_0005261,-0.8454144771
CtrSVDD_0030_E_0005262,-6.7814332808
CtrSVDD_0031_E_0005263,-5.1053942582
CtrSVDD_0032_E_0005264,-4.2730063692
CtrSVDD_0033_E_0005265,-7.6029275527
CtrSVDD_0034_E_0005266,-6.7671539711
CtrSVDD_0035_E_0005267,0.1693601163
CtrSVDD_0036_E_0005268,-5.8571782278
CtrSVDD_0037_E_0005269,-7.1091700608
CtrSVDD_0038_E_0005270,-5.8907499841
CtrSVDD_0039_E_0005271,-6.3734328314
CtrSVDD_0040_E_0005272,-6.0200848561
CtrSVDD_0041_E_0005273,-3.1868266211
CtrSVDD_0042_E_0005274,-7.9273640557
CtrSVDD_0043_E_0005275,-3.7046675535
CtrSVDD_0044_E_0005276,-6.4030780142
CtrSVDD_0045_E_0005277,-1.1435985132
CtrSVDD_0046_E_0005278,-6.9313885296
CtrSVDD_0047_E_0005279,-0.0090922479
CtrSVDD_0000_E_0005280,-6.7308140126
CtrSVDD_0001_E_0005281,-0.5101690464
CtrSVDD_0002_E_0005282,-7.3977958652
CtrSVDD_0003_E_0005283,-7.9831788822
CtrSVDD_0004_E_0005284,0.8634738849
CtrSVDD_0005_E_0005285,-2.2246877696
CtrSVDD_0006_E_0005286,-5.8481203927
CtrSVDD_0007_E_0005287,-0.9949625801
CtrSVDD_0008_E_0005288,-6.6061947074
CtrSVDD_0009_E_0005289,-6.0568638697
CtrSVDD_0010_E_0005290,-5.5565558950
CtrSVDD_0011_E_0005291,-2.1829496371
CtrSVDD_0012_E_0005292,-3.9965081739
CtrSVDD_0013_E_0005293,-5.5954788644
CtrSVDD_0014_E_0005294,0.5750016537
CtrSVDD_0015_E_0005295,-7.3482846335
CtrSVDD_0016_E_0005296,-3.9521170547
CtrSVDD_0017_E_0005297,-5.2046133870
CtrSVDD_0018_E_0005298,-0.5651350204
CtrSVDD_0019_E_0005299,-4.8386570278
CtrSVDD_0020_E_0005300,-5.9157492336
CtrSVDD_0021_E_0005301,-6.4915441114
CtrSVDD_0022_E_0005302,-4.3784558749
CtrSVDD_0023_E_0005303,-5.4864345201
CtrSVDD_0024_E_0005304,-6.1949740473
CtrSVDD_0025_E_0005305,-0.5537352875
CtrSVDD_0026_E_0005306,-6.4197931001
CtrSVDD_0027_E_0005307,-7.3384379329
CtrSVDD_0028_E_0005308,-6.0049477833
CtrSVDD_0029_E_0005309,1.0516312817
CtrSVDD_0030_E_0005310,-4.3342914757
CtrSVDD_0031_E_0005311,-6.6780005890
CtrSVDD_0032_E_0005312,-7.0286037743
CtrSVDD_0033_E_0005313,-7.3420900379
CtrSVDD_0034_E_0005314,-5.1675149138
CtrSVDD_0035_E_0005315,-8.0219412581
CtrSVDD_0036_E_0005316,-7.4515236622
CtrSVDD_0037_E_0005317,0.8778551678
CtrSVDD_0038_E_0005318,-7.6058288155
CtrSVDD_0039_E_0005319,-6.3530685029
CtrSVDD_0040_E_0005320,-6.6625682464
CtrSVDD_0041_E_0005321,-0.6049670462
CtrSVDD_0042_E_0005322,-3.1364255303
CtrSVDD_0043_E_0005323,0.6666083698
CtrSVDD_0044_E_0005324,-6.1042518622
CtrSVDD_0045_E_0005325,-1.1171015851
CtrSVDD_0046_E_0005326,-4.8222583426
CtrSVDD_0047_E_0005327,-6.0549163523
CtrSVDD_0000_E_0005328,-0.1778803231
CtrSVDD_0001_E_0005329,-7.6554250792
CtrSVDD_0002_E_0005330,-5.3550173404
CtrSVDD_0003_E_0005331,-0.1750388497
CtrSVDD_0004_E_0005332,-1.3463500001
CtrSVDD_0005_E_0005333,-5.3534744203
CtrSVDD_0006_E_0005334,-7.7101482496
CtrSVDD_0007_E_0005335,-4.2278172551
CtrSVDD_0008_E_0005336,-5.1582124342
CtrSVDD_0009_E_0005337,-0.3179036343
CtrSVDD_0010_E_0005338,-5.1245070401
CtrSVDD_0011_E_0005339,0.2393607108
CtrSVDD_0012_E_0005340,0.7091416044
CtrSVDD_0013_E_0005341,-7.3430842342
CtrSVDD_0014_E_0005342,-3.6680744838
CtrSVDD_0015_E_0005343,-6.5339430546
CtrSVDD_0016_E_0005344,-6.7399001530
CtrSVDD_0017_E_0005345,-5.4614699173
CtrSVDD_0018_E_0005346,-6.9050750068
CtrSVDD_0019_E_0005347,-6.8135787848
CtrSVDD_0020_E_0005348,-7.0616886684
CtrSVDD_0021_E_0005349,-4.3707531173
CtrSVDD_0022_E_0005350,-5.5637730827
CtrSVDD_0023_E_0005351,-4.5721554066
CtrSVDD_0024_E_0005352,-6.9146021798
CtrSVDD_0025_E_0005353,-7.2079447232
CtrSVDD_0026_E_0005354,-3.0609475851
CtrSVDD_0027_E_0005355,-7.1681728244
CtrSVDD_0028_E_0005356,-5.7877572661
CtrSVDD_0029_E_0005357,-7.7137684694
CtrSVDD_0030_E_0005358,-6.2197049809
CtrSVDD_0031_E_0005359,1.4631907961
CtrSVDD_0032_E_0005360,0.1695102101
CtrSVDD_0033_E_0005361,-0.8434165203
CtrSVDD_0034_E_0005362,-7.0334839433
CtrSVDD_0035_E_0005363,-4.2958036501
CtrSVDD_0036_E_0005364,1.5779813784
CtrSVDD_0037_E_0005365,-3.4696439532
CtrSVDD_0038_E_0005366,-6.5264613110
CtrSVDD_0039_E_0005367,-5.4879642248
CtrSVDD_0040_E_0005368,-5.9981284990
CtrSVDD_0041_E_0005369,-3.6730561423
CtrSVDD_0042_E_0005370,-6.8703059802
CtrSVDD_0043_E_0005371,-5.7293650013
CtrSVDD_0044_E_0005372,-6.1099844806
CtrSVDD_0045_E_0005373,-7.4321395660
CtrSVDD_0046_E_0005374,-5.9218620380
CtrSVDD_0047_E_0005375,-3.1711451665
CtrSVDD_0000_E_0005376,1.6787952007
CtrSVDD_0001_E_0005377,-1.9967178829
CtrSVDD_0002_E_0005378,-6.1070232551
CtrSVDD_0003_E_0005379,-6.5821531337
CtrSVDD_0004_E_0005380,-5.9869702822
CtrSVDD_0005_E_0005381,-6.8684227459
CtrSVDD_0006_E_0005382,-5.1980939779
CtrSVDD_0007_E_0005383,-6.0267115511
CtrSVDD_0008_E_0005384,-6.5047688756
CtrSVDD_0009_E_0005385,-7.2863094694
CtrSVDD_0010_E_0005386,-8.9888031295
CtrSVDD_0011_E_0005387,-5.7569587789
CtrSVDD_0012_E_0005388,-6.1703512316
CtrSVDD_0013_E_0005389,0.2120971412
CtrSVDD_0014_E_0005390,-3.6084473494
CtrSVDD_0015_E_0005391,-5.8891707680
CtrSVDD_0016_E_0005392,-5.5833395946
CtrSVDD_0017_E_0005393,-6.0141581090
CtrSVDD_0018_E_0005394,-7.1289795442
CtrSVDD_0019_E_0005395,-7.4858453427
CtrSVDD_0020_E_0005396,-6.2315753679
CtrSVDD_0021_E_0005397,-7.7017037720
CtrSVDD_0022_E_0005398,-6.7555024349
CtrSVDD_0023_E_0005399,-8.2597084561
CtrSVDD_0024_E_0005400,-8.5400699458
CtrSVDD_0025_E_0005401,-7.4314759502
CtrSVDD_0026_E_0005402,0.2422405838
CtrSVDD_0027_E_0005403,-3.7209786164
CtrSVDD_0028_E_0005404,-6.3796674105
CtrSVDD_0029_E_0005405,-7.0261663611
CtrSVDD_0030_E_0005406,-7.8773425070
CtrSVDD_0031_E_0005407,1.3823877397
CtrSVDD_0032_E_0005408,-6.8095668033
CtrSVDD_0033_E_0005409,-2.9527052441
CtrSVDD_0034_E_0005410,-7.6554025418
CtrSVDD_0035_E_0005411,-4.0240140060
CtrSVDD_0036_E_0005412,-3.9680201027
CtrSVDD_0037_E_0005413,-5.9450166389
CtrSVDD_0038_E_0005414,-3.1549657003
CtrSVDD_0039_E_0005415,-0.0552802723
CtrSVDD_0040_E_0005416,-7.1280273319
CtrSVDD_0041_E_0005417,-5.4268669512
CtrSVDD_0042_E_0005418,-0.7073440802
CtrSVDD_0043_E_0005419,-4.2678538272
CtrSVDD_0044_E_0005420,-0.8275522725
CtrSVDD_0045_E_0005421,-7.9229355735
CtrSVDD_0046_E_0005422,-7.0272007843
CtrSVDD_0047_E_0005423,-7.1140763801
CtrSVDD_0000_E_0005424,-7.0783130441
CtrSVDD_0001_E_0005425,0.1992388728
CtrSVDD_0002_E_0005426,-5.4301819328
CtrSVDD_0003_E_0005427,-7.1653461219
CtrSVDD_0004_E_0005428,-7.7656903659
CtrSVDD_0005_E_0005429,-8.4475587058
CtrSVDD_0006_E_0005430,-5.9723020292
CtrSVDD_0007_E_0005431,-3.7682911614
CtrSVDD_0008_E_0005432,-4.5153336932
CtrSVDD_0009_E_0005433,-5.1707478645
CtrSVDD_0010_E_0005434,-5.5859452843
CtrSVDD_0011_E_0005435,-4.8968522845
CtrSVDD_0012_E_0005436,-3.0334440183
CtrSVDD_0013_E_0005437,-6.5977163140
CtrSVDD_0014_E_0005438,-7.0234014320
CtrSVDD_0015_E_0005439,-7.7394326844
CtrSVDD_0016_E_0005440,1.3715585885
CtrSVDD_0017_E_0005441,-6.5852588147
CtrSVDD_0018_E_0005442,-6.3241365606
CtrSVDD_0019_E_0005443,-6.5878337983
CtrSVDD_0020_E_0005444,-6.8869355111
CtrSVDD_0021_E_0005445,-2.1048022099
CtrSVDD_0022_E_0005446,0.1878369565
CtrSVDD_0023_E_0005447,1.8356715369
CtrSVDD_0024_E_0005448,-6.4431526087
CtrSVDD_0025_E_0005449,-6.7979402989
CtrSVDD_0026_E_0005450,-4.4234801611
CtrSVDD_0027_E_0005451,-6.0879049804
CtrSVDD_0028_E_0005452,-0.7236053830
CtrSVDD_0029_E_0005453,-5.2111883054
CtrSVDD_0030_E_0005454,-4.5488039390
CtrSVDD_0031_E_0005455,-7.9212320526
CtrSVDD_0032_E_0005456,-5.9116974303
CtrSVDD_0033_E_0005457,-5.3407805083
CtrSVDD_0034_E_0005458,-8.1484475556
CtrSVDD_0035_E_0005459,-3.2013330537
CtrSVDD_0036_E_0005460,-7.3825701426
CtrSVDD_0037_E_0005461,-5.7746285375
CtrSVDD_0038_E_0005462,-6.8474433935
CtrSVDD_0039_E_0005463,-6.8223794778
CtrSVDD_0040_E_0005464,-4.4439708208
CtrSVDD_0041_E_0005465,-6.5636191309
CtrSVDD_0042_E_0005466,-5.1916806131
CtrSVDD_0043_E_0005467,-3.6266416728
CtrSVDD_0044_E_0005468,-6.0726445302
CtrSVDD_0045_E_0005469,0.8819752741
CtrSVDD_0046_E_0005470,-5.6364894590
CtrSVDD_0047_E_0005471,-0.4396974496
CtrSVDD_0000_E_0005472,0.2053337646
CtrSVDD_0001_E_0005473,-5.7782184040
CtrSVDD_0002_E_0005474,-1.8920032014
CtrSVDD_0003_E_0005475,0.8255838870
CtrSVDD_0004_E_0005476,-6.6086477069
CtrSVDD_0005_E_0005477,0.3534216980
CtrSVDD_0006_E_0005478,-6.0751795991
CtrSVDD_0007_E_0005479,-5.2584355271
CtrSVDD_0008_E_0005480,-5.9649221593
CtrSVDD_0009_E_0005481,-4.6780156869
CtrSVDD_0010_E_0005482,-0.1790765351
CtrSVDD_0011_E_0005483,-5.2973455689
CtrSVDD_0012_E_0005484,-3.3647903624
CtrSVDD_0013_E_0005485,-7.0860411001
CtrSVDD_0014_E_0005486,-4.2821598660
CtrSVDD_0015_E_0005487,0.4243412441
CtrSVDD_0016_E_0005488,-3.0112079511
CtrSVDD_0017_E_0005489,-4.0274411661
CtrSVDD_0018_E_0005490,0.7717032953
CtrSVDD_0019_E_0005491,-6.5427344541
CtrSVDD_0020_E_0005492,-8.0304580003
CtrSVDD_0021_E_0005493,-4.2335391764
CtrSVDD_0022_E_0005494,-7.2342505523
CtrSVDD_0023_E_0005495,-6.1830721241
CtrSVDD_0024_E_0005496,-8.3296450001
CtrSVDD_0025_E_0005497,-1.8509683456
CtrSVDD_0026_E_0005498,-3.2134708819
CtrSVDD_0027_E_0005499,-7.3827689171
CtrSVDD_0028_E_0005500,-3.4032169631
CtrSVDD_0029_E_0005501,-7.6569178115
CtrSVDD_0030_E_0005502,-2.7655545784
CtrSVDD_0031_E_0005503,-5.8108452380
CtrSVDD_0032_E_0005504,-5.2955891578
CtrSVDD_0033_E_0005505,-5.3765759018
CtrSVDD_0034_E_0005506,-3.2307402569
CtrSVDD_0035_E_0005507,-6.1343756288
CtrSVDD_0036_E_0005508,-7.0218053872
CtrSVDD_0037_E_0005509,-0.9522704869
CtrSVDD_0038_E_0005510,-1.3341013393
CtrSVDD_0039_E_0005511,-0.8334767716
CtrSVDD_0040_E_0005512,-4.8740715858
CtrSVDD_0041_E_0005513,-6.7598806330
CtrSVDD_0042_E_0005514,-4.8405394401
CtrSVDD_0043_E_0005515,-6.9008610261
CtrSVDD_0044_E_0005516,-6.5602028496
CtrSVDD_0045_E_0005517,-6.2844867858
CtrSVDD_0046_E_0005518,-0.9995624115
CtrSVDD_0047_E_0005519,-5.1398924077
CtrSVDD_0000_E_0005520,-6.6226237343
CtrSVDD_0001_E_0005521,-4.3533500243
CtrSVDD_0002_E_0005522,0.0006993941
CtrSVDD_0003_E_0005523,-6.3434491184
CtrSVDD_0004_E_0005524,-7.0653863319
CtrSVDD_0005_E_0005525,-3.3221443734
CtrSVDD_0006_E_0005526,-5.0171451064
CtrSVDD_0007_E_0005527,-4.0082092487
CtrSVDD_0008_E_0005528,-6.9311560274
CtrSVDD_0009_E_0005529,-7.3640652940
CtrSVDD_0010_E_0005530,0.1574242564
CtrSVDD_0011_E_0005531,-6.3573720171
CtrSVDD_0012_E_0005532,-6.2452316508
CtrSVDD_0013_E_0005533,-7.8230378748
CtrSVDD_0014_E_0005534,-0.4181151277
CtrSVDD_0015_E_0005535,-7.2677083612
CtrSVDD_0016_E_0005536,-7.6263907836
CtrSVDD_0017_E_0005537,-4.5222068036
CtrSVDD_0018_E_0005538,1.2433804294
CtrSVDD_0019_E_0005539,-6.0638925771
CtrSVDD_0020_E_0005540,-6.2058116666
CtrSVDD_0021_E_0005541,-6.0320664580
CtrSVDD_0022_E_0005542,-10.0693586885
CtrSVDD_0023_E_0005543,-5.7515377690
CtrSVDD_0024_E_0005544,-7.4263659861
CtrSVDD_0025_E_0005545,-5.6860850898
CtrSVDD_0026_E_0005546,-7.9479289079
CtrSVDD_0027_E_0005547,-0.6806487851
CtrSVDD_0028_E_0005548,-6.8732476737
CtrSVDD_0029_E_0005549,-4.6923995698
CtrSVDD_0030_E_0005550,-7.2598902273
CtrSVDD_0031_E_0005551,-7.1443481692
CtrSVDD_0032_E_0005552,-6.7262703092
CtrSVDD_0033_E_0005553,-6.6853441221
CtrSVDD_0034_E_0005554,-4.1576478984
CtrSVDD_0035_E_0005555,-7.0938440262
CtrSVDD_0036_E_0005556,-1.6649687018
CtrSVDD_0037_E_0005557,-5.7016581537
CtrSVDD_0038_E_0005558,-3.6382299489
CtrSVDD_0039_E_0005559,-4.9989559217
CtrSVDD_0040_E_0005560,-1.5885360383
CtrSVDD_0041_E_0005561,-5.6634949570
CtrSVDD_0042_E_0005562,-4.0507308828
CtrSVDD_0043_E_0005563,-6.6886996959
CtrSVDD_0044_E_0005564,-4.4036798340
CtrSVDD_0045_E_0005565,-7.6914107134
CtrSVDD_0046_E_0005566,-6.7325507763
CtrSVDD_0047_E_0005567,-6.9963674824
CtrSVDD_0000_E_0005568,-5.9917292501
CtrSVDD_0001_E_0005569,-1.5652075781
CtrSVDD_0002_E_0005570,-6.3134976452
CtrSVDD_0003_E_0005571,-0.1481118923
CtrSVDD_0004_E_0005572,-3.9048848373
CtrSVDD_0005_E_0005573,2.8856349124
CtrSVDD_0006_E_0005574,-4.7193940326
CtrSVDD_0007_E_0005575,-7.1588698690
CtrSVDD_0008_E_0005576,-4.9016431515
CtrSVDD_0009_E_0005577,-2.1428948227
CtrSVDD_0010_E_0005578,-5.8702562400
CtrSVDD_0011_E_0005579,-6.9019852665
CtrSVDD_0012_E_0005580,-6.4232727171
CtrSVDD_0013_E_0005581,-5.9375160619
CtrSVDD_0014_E_0005582,-3.9362961763
CtrSVDD_0015_E_0005583,-3.9153225029
CtrSVDD_0016_E_0005584,-7.6973491535
CtrSVDD_0017_E_0005585,-5.5326480737
CtrSVDD_0018_E_0005586,-6.1185339117
CtrSVDD_0019_E_0005587,-5.8405207175
CtrSVDD_0020_E_0005588,-5.8416091735
CtrSVDD_0021_E_0005589,-4.9161764675
CtrSVDD_0022_E_0005590,-4.0838650575
CtrSVDD_0023_E_0005591,-7.9658561206
CtrSVDD_0024_E_0005592,-8.2665532444
CtrSVDD_0025_E_0005593,-6.9849883407
CtrSVDD_0026_E_0005594,-0.0987749424
CtrSVDD_0027_E_0005595,-0.0286790869
CtrSVDD_0028_E_0005596,-6.2377001050
CtrSVDD_0029_E_0005597,2.1468147108
CtrSVDD_0030_E_0005598,-4.0489195214
CtrSVDD_0031_E_0005599,-7.2400795939
CtrSVDD_0032_E_0005600,-6.1729005878
CtrSVDD_0033_E_0005601,-3.6980030794
CtrSVDD_0034_E_0005602,-4.4328388909
CtrSVDD_0035_E_0005603,-6.5647782760
CtrSVDD_0036_E_0005604,-3.7397524030
CtrSVDD_0037_E_0005605,-9.1881329340
CtrSVDD_0038_E_0005606,-3.4215282202
CtrSVDD_0039_E_0005607,-5.8767847240
CtrSVDD_0040_E_0005608,-7.4091684506
CtrSVDD_0041_E_0005609,-7.9916285659
CtrSVDD_0042_E_0005610,-4.9544332772
CtrSVDD_0043_E_0005611,-6.0212372257
CtrSVDD_0044_E_0005612,-8.2841724298
CtrSVDD_0045_E_0005613,1.1991522510
CtrSVDD_0046_E_0005614,-6.2939194375
CtrSVDD_0047_E_0005615,-4.9920268896
CtrSVDD_0000_E_0005616,-7.4303104611
CtrSVDD_0001_E_0005617,-0.6354858275
CtrSVDD_0002_E_0005618,-0.5932506910
CtrSVDD_0003_E_0005619,-5.8180016110
CtrSVDD_0004_E_0005620,-4.4373792207
CtrSVDD_0005_E_0005621,-6.4618903419
CtrSVDD_0006_E_0005622,-5.6180038487
CtrSVDD_0007_E_0005623,-5.0451629953
CtrSVDD_0008_E_0005624,-8.0870982509
CtrSVDD_0009_E_0005625,-6.9038928033
CtrSVDD_0010_E_0005626,-7.1658256686
CtrSVDD_0011_E_0005627,-6.3770161383
CtrSVDD_0012_E_0005628,-0.0328774424
CtrSVDD_0013_E_0005629,-3.7888875808
CtrSVDD_0014_E_0005630,-6.3035026349
CtrSVDD_0015_E_0005631,-6.8019892393
CtrSVDD_0016_E_0005632,-3.5258613390
CtrSVDD_0017_E_0005633,-7.7688872747
CtrSVDD_0018_E_0005634,-3.4401020129
CtrSVDD_0019_E_0005635,-4.1174131635
CtrSVDD_0020_E_0005636,-5.6544416614
CtrSVDD_0021_E_0005637,-4.8883547006
CtrSVDD_0022_E_0005638,-5.3611848834
CtrSVDD_0023_E_0005639,-6.5054944234
CtrSVDD_0024_E_0005640,-6.8410367010
CtrSVDD_0025_E_0005641,-5.9907164472
CtrSVDD_0026_E_0005642,0.5340621387
CtrSVDD_0027_E_0005643,-5.8925008904
CtrSVDD_0028_E_0005644,-4.9449936946
CtrSVDD_0029_E_0005645,-5.5101877526
CtrSVDD_0030_E_0005646,-6.9490234412
CtrSVDD_0031_E_0005647,-6.4849402759
CtrSVDD_0032_E_0005648,-3.1346522005
CtrSVDD_0033_E_0005649,-6.5446879383
CtrSVDD_0034_E_0005650,-7.2070115148
CtrSVDD_0035_E_0005651,-8.0379286014
CtrSVDD_0036_E_0005652,-2.3091653125
CtrSVDD_0037_E_0005653,-1.7818414088
CtrSVDD_0038_E_0005654,-6.6229888647
CtrSVDD_0039_E_0005655,-6.7949569666
CtrSVDD_0040_E_0005656,-6.4008299860
CtrSVDD_0041_E_0005657,-6.9932003743
CtrSVDD_0042_E_0005658,-4.9565071142
CtrSVDD_0043_E_0005659,-6.4864740686
CtrSVDD_0044_E_0005660,-6.5443673080
CtrSVDD_0045_E_0005661,-6.0090794461
CtrSVDD_0046_E_0005662,-9.5860220681
CtrSVDD_0047_E_0005663,-5.8923298571
CtrSVDD_0000_E_0005664,-6.0806661016
CtrSVDD_0001_E_0005665,-6.5002632289
CtrSVDD_0002_E_0005666,-8.7324978309
CtrSVDD_0003_E_0005667,-5.2832511957
CtrSVDD_0004_E_0005668,-7.0023094023
CtrSVDD_0005_E_0005669,-6.5464846731
CtrSVDD_0006_E_0005670,-1.9695534340
CtrSVDD_0007_E_0005671,-7.8241645690
CtrSVDD_0008_E_0005672,-6.1995149468
CtrSVDD_0009_E_0005673,-4.6936641551
CtrSVDD_0010_E_0005674,0.1128414574
CtrSVDD_0011_E_0005675,-6.8791277427
CtrSVDD_0012_E_0005676,-8.0746945068
CtrSVDD_0013_E_0005677,-7.5756955753
CtrSVDD_0014_E_0005678,-7.7060730972
CtrSVDD_0015_E_0005679,0.3207569319
CtrSVDD_0016_E_0005680,-3.0315991471
CtrSVDD_0017_E_0005681,0.0048957779
CtrSVDD_0018_E_0005682,-7.5491433169
CtrSVDD_0019_E_0005683,-7.4727269861
CtrSVDD_0020_E_0005684,-6.9221967697
CtrSVDD_0021_E_0005685,-7.4142490147
CtrSVDD_0022_E_0005686,1.4721607661
CtrSVDD_0023_E_0005687,-3.8737550857
CtrSVDD_0024_E_0005688,-4.7027849142
CtrSVDD_0025_E_0005689,-3.6880161585
CtrSVDD_0026_E_0005690,-8.2072216425
CtrSVDD_0027_E_0005691,-6.0885981808
CtrSVDD_0028_E_0005692,-4.5389240313
CtrSVDD_0029_E_0005693,-5.3002147097
CtrSVDD_0030_E_0005694,-4.2557601062
CtrSVDD_0031_E_0005695,-6.4480188012
CtrSVDD_0032_E_0005696,-1.6293610596
CtrSVDD_0033_E_0005697,-5.4351465246
CtrSVDD_0034_E_0005698,-5.8401486484
CtrSVDD_0035_E_0005699,-6.2149356719
CtrSVDD_0036_E_0005700,-5.5410592981
CtrSVDD_0037_E_0005701,-4.8685279472
CtrSVDD_0038_E_0005702,-6.0770102945
CtrSVDD_0039_E_0005703,-5.5960253988
CtrSVDD_0040_E_0005704,-4.9353050423
CtrSVDD_0041_E_0005705,-0.2582732602
CtrSVDD_0042_E_0005706,-7.2686100075
CtrSVDD_0043_E_0005707,-6.2969389913
CtrSVDD_0044_E_0005708,-5.9741421789
CtrSVDD_0045_E_0005709,-5.9950885186
CtrSVDD_0046_E_0005710,-0.1693601163
CtrSVDD_0047_E_0005711,1.2393164969
CtrSVDD_0000_E_0005712,-5.3165674756
CtrSVDD_0001_E_0005713,-7.7287911967
CtrSVDD_0002_E_0005714,0.9889232358
CtrSVDD_0003_E_0005715,-6.9777693159
CtrSVDD_0004_E_0005716,-6.4372064136
CtrSVDD_0005_E_0005717,-6.3337438128
CtrSVDD_0006_E_0005718,-5.5985998513
CtrSVDD_0007_E_0005719,-5.1148017132
CtrSVDD_0008_E_0005720,-6.2765809945
CtrSVDD_0009_E_0005721,-8.0839816426
CtrSVDD_0010_E_0005722,-6.0323226746
CtrSVDD_0011_E_0005723,-0.1194082724
CtrSVDD_0012_E_0005724,-5.3919296877
CtrSVDD_0013_E_0005725,0.8514287083
CtrSVDD_0014_E_0005726,-5.1744421364
CtrSVDD_0015_E_0005727,-6.1239947590
CtrSVDD_0016_E_0005728,0.3489584066
CtrSVDD_0017_E_0005729,-6.9976564466
CtrSVDD_0018_E_0005730,-2.6389536136
CtrSVDD_0019_E_0005731,0.1935347696
CtrSVDD_0020_E_0005732,-6.7798543830
CtrSVDD_0021_E_0005733,-8.0684587266
CtrSVDD_0022_E_0005734,-6.3460354885
CtrSVDD_0023_E_0005735,-6.0838280776
CtrSVDD_0024_E_0005736,-5.3459339686
CtrSVDD_0025_E_0005737,-4.8738869380
CtrSVDD_0026_E_0005738,-0.6983904682
CtrSVDD_0027_E_0005739,-5.8162318367
CtrSVDD_0028_E_0005740,-5.6304958608
CtrSVDD_0029_E_0005741,-4.8216204909
CtrSVDD_0030_E_0005742,-8.2886204366
CtrSVDD_0031_E_0005743,0.9154926949
CtrSVDD_0032_E_0005744,-6.4680739949
CtrSVDD_0033_E_0005745,-8.1790622727
CtrSVDD_0034_E_0005746,-0.8236186951
CtrSVDD_0035_E_0005747,0.9369732433
CtrSVDD_0036_E_0005748,-6.0959341996
CtrSVDD_0037_E_0005749,-3.7096695139
CtrSVDD_0038_E_0005750,-4.4603279247
CtrSVDD_0039_E_0005751,-7.1799694504
CtrSVDD_0040_E_0005752,-0.3208475899
CtrSVDD_0041_E_0005753,-1.0181772056
CtrSVDD_0042_E_0005754,-4.4605251638
CtrSVDD_0043_E_0005755,-3.3915432086
CtrSVDD_0044_E_0005756,-5.5933486900
CtrSVDD_0045_E_0005757,-5.7148560665
CtrSVDD_0046_E_0005758,-2.9179585211
CtrSVDD_0047_E_0005759,-5.6942487682
CtrSVDD_0000_E_0005760,-8.5524336825
CtrSVDD_0001_E_0005761,-6.0821044090
CtrSVDD_0002_E_0005762,-3.4795762181
CtrSVDD_0003_E_0005763,-6.2555830418
CtrSVDD_0004_E_0005764,-6.2257419353
CtrSVDD_0005_E_0005765,-6.6481822990
CtrSVDD_0006_E_0005766,-5.7308952128
CtrSVDD_0007_E_0005767,1.1626348657
CtrSVDD_0008_E_0005768,-7.7320412934
CtrSVDD_0009_E_0005769,-2.5205022172
CtrSVDD_0010_E_0005770,-7.0684104391
CtrSVDD_0011_E_0005771,-4.6268601479
CtrSVDD_0012_E_0005772,-5.7888746147
CtrSVDD_0013_E_0005773,-5.8537373418
CtrSVDD_0014_E_0005774,0.2106667507
CtrSVDD_0015_E_0005775,-5.2108618853
CtrSVDD_0016_E_0005776,-5.4859245412
CtrSVDD_0017_E_0005777,0.7779944432
CtrSVDD_0018_E_0005778,-3.7919010181
CtrSVDD_0019_E_0005779,-5.6752792332
CtrSVDD_0020_E_0005780,-6.4032044945
CtrSVDD_0021_E_0005781,-4.5437156811
CtrSVDD_0022_E_0005782,-6.9098065986
CtrSVDD_0023_E_0005783,0.4676051739
CtrSVDD_0024_E_0005784,-6.0195566918
CtrSVDD_0025_E_0005785,-6.8238927055
CtrSVDD_0026_E_0005786,0.4106058040
CtrSVDD_0027_E_0005787,0.6509158663
CtrSVDD_0028_E_0005788,-5.9161093692
CtrSVDD_0029_E_0005789,1.1194524894
CtrSVDD_0030_E_0005790,-6.9538298969
CtrSVDD_0031_E_0005791,-4.7615055645
CtrSVDD_0032_E_0005792,-7.1859009751
CtrSVDD_0033_E_0005793,-7.1740125418
CtrSVDD_0034_E_0005794,-5.0237160923
CtrSVDD_0035_E_0005795,-7.0587115520
CtrSVDD_0036_E_0005796,-0.0889401633
CtrSVDD_0037_E_0005797,-6.3435181954
CtrSVDD_0038_E_0005798,-5.9161630199
CtrSVDD_0039_E_0005799,-7.7192200207
CtrSVDD_0040_E_0005800,-3.1209630112
CtrSVDD_0041_E_0005801,-4.7657356820
CtrSVDD_0042_E_0005802,-6.3782099031
CtrSVDD_0043_E_0005803,-5.6428006515
CtrSVDD_0044_E_0005804,-5.8327253904
CtrSVDD_0045_E_0005805,-1.8553470858
CtrSVDD_0046_E_0005806,-9.9535859067
CtrSVDD_0047_E_0005807,-1.6137354486
CtrSVDD_0000_E_0005808,-3.5687958993
CtrSVDD_0001_E_0005809,-4.0198727161
CtrSVDD_0002_E_0005810,-0.6683561956
CtrSVDD_0003_E_0005811,-5.2782701906
CtrSVDD_0004_E_0005812,-7.1405547330
CtrSVDD_0005_E_0005813,0.0314779298
CtrSVDD_0006_E_0005814,-7.5688387742
CtrSVDD_0007_E_0005815,-4.0922869701
CtrSVDD_0008_E_0005816,-0.9486994764
CtrSVDD_0009_E_0005817,-6.7954692383
CtrSVDD_0010_E_0005818,-5.7201501958
CtrSVDD_0011_E_0005819,-6.3071528407
CtrSVDD_0012_E_0005820,-6.9366257727
CtrSVDD_0013_E_0005821,-0.7308942474
CtrSVDD_0014_E_0005822,1.2648776829
CtrSVDD_0015_E_0005823,-4.0857187645
CtrSVDD_0016_E_0005824,1.1249678019
CtrSVDD_0017_E_0005825,-6.8484317113
CtrSVDD_0018_E_0005826,-5.2044948782
CtrSVDD_0019_E_0005827,-6.6092506727
CtrSVDD_0020_E_0005828,0.0496774027
CtrSVDD_0021_E_0005829,-4.1673819197
CtrSVDD_0022_E_0005830,-6.6534471636
CtrSVDD_0023_E_0005831,-6.7516071900
CtrSVDD_0024_E_0005832,-6.1435063621
CtrSVDD_0025_E_0005833,-7.5413353360
CtrSVDD_0026_E_0005834,-6.9306241240
CtrSVDD_0027_E_0005835,1.5052708191
CtrSVDD_0028_E_0005836,-4.6989028912
CtrSVDD_0029_E_0005837,-7.8328210727
CtrSVDD_0030_E_0005838,-6.6595760321
CtrSVDD_0031_E_0005839,-5.8821594513
CtrSVDD_0032_E_0005840,-4.9798460853
CtrSVDD_0033_E_0005841,-7.7338846543
CtrSVDD_0034_E_0005842,-4.9846158765
CtrSVDD_0035_E_0005843,-5.7242455233
CtrSVDD_0036_E_0005844,-7.4523131970
CtrSVDD_0037_E_0005845,-4.6526177765
CtrSVDD_0038_E_0005846,-3.6766330688
CtrSVDD_0039_E_0005847,-7.9213213930
CtrSVDD_0040_E_0005848,0.4613726783
CtrSVDD_0041_E_0005849,-6.5567094416
CtrSVDD_0042_E_0005850,-6.8763561400
CtrSVDD_0043_E_0005851,0.7302647993
CtrSVDD_0044_E_0005852,-6.4809603897
CtrSVDD_0045_E_0005853,-5.2299790317
CtrSVDD_0046_E_0005854,-4.5165227790
CtrSVDD_0047_E_0005855,-5.2457639283
CtrSVDD_0000_E_0005856,-5.9055983240
CtrSVDD_0001_E_0005857,0.2755104387
CtrSVDD_0002_E_0005858,0.6859485777
CtrSVDD_0003_E_0005859,-8.1584920762
CtrSVDD_0004_E_0005860,-7.9133543107
CtrSVDD_0005_E_0005861,-6.5755674745
CtrSVDD_0006_E_0005862,-4.5177162069
CtrSVDD_0007_E_0005863,-4.2826907190
CtrSVDD_0008_E_0005864,-1.0540660493
CtrSVDD_0009_E_0005865,-6.8761291199
CtrSVDD_0010_E_0005866,-2.4375685131
CtrSVDD_0011_E_0005867,-5.9754855535
CtrSVDD_0012_E_0005868,-8.0208234197
CtrSVDD_0013_E_0005869,1.0888326775
CtrSVDD_0014_E_0005870,-5.2893147738
CtrSVDD_0015_E_0005871,-6.7870987897
CtrSVDD_0016_E_0005872,-7.1258427496
CtrSVDD_0017_E_0005873,-0.6286535519
CtrSVDD_0018_E_0005874,-5.0613018266
CtrSVDD_0019_E_0005875,0.3924111291
CtrSVDD_0020_E_0005876,-3.1417391122
CtrSVDD_0021_E_0005877,-6.6245140117
CtrSVDD_0022_E_0005878,-8.3035172520
CtrSVDD_0023_E_0005879,-6.4903166451
CtrSVDD_0024_E_0005880,-0.1707792806
CtrSVDD_0025_E_0005881,-4.2424031402
CtrSVDD_0026_E_0005882,-6.5194782024
CtrSVDD_0027_E_0005883,-5.4334927047
CtrSVDD_0028_E_0005884,-4.4690965885
CtrSVDD_0029_E_0005885,-6.8991667221
CtrSVDD_0030_E_0005886,-3.5296115069
CtrSVDD_0031_E_0005887,-5.4065044504
CtrSVDD_0032_E_0005888,-1.5787329597
CtrSVDD_0033_E_0005889,-4.4489154067
CtrSVDD_0034_E_0005890,-5.6745918937
CtrSVDD_0035_E_0005891,-7.9697972743
CtrSVDD_0036_E_0005892,-5.1940628595
CtrSVDD_0037_E_0005893,-8.3764201621
CtrSVDD_0038_E_0005894,-4.4257997805
CtrSVDD_0039_E_0005895,-6.9873977164
CtrSVDD_0040_E_0005896,-0.5314044529
CtrSVDD_0041_E_0005897,-0.9413214015
CtrSVDD_0042_E_0005898,-6.1443833186
CtrSVDD_0043_E_0005899,-5.6164398551
CtrSVDD_0044_E_0005900,-6.7429285747
CtrSVDD_0045_E_0005901,-4.8216186390
CtrSVDD_0046_E_0005902,-1.7021477290
CtrSVDD_0047_E_0005903,-5.6289066236
CtrSVDD_0000_E_0005904,-4.5947355134
CtrSVDD_0001_E_0005905,-4.8155229973
CtrSVDD_0002_E_0005906,-5.1453607261
CtrSVDD_0003_E_0005907,-6.4210404285
CtrSVDD_0004_E_0005908,-5.9625536633
CtrSVDD_0005_E_0005909,-3.4679879420
CtrSVDD_0006_E_0005910,-7.0085201183
CtrSVDD_0007_E_0005911,-5.7827866663
CtrSVDD_0008_E_0005912,-5.8155015607
CtrSVDD_0009_E_0005913,-7.4871471435
CtrSVDD_0010_E_0005914,-1.0913665906
CtrSVDD_0011_E_0005915,-4.1368715489
CtrSVDD_0012_E_0005916,-6.6539079673
CtrSVDD_0013_E_0005917,-4.8480480855
CtrSVDD_0014_E_0005918,-6.2333447835
CtrSVDD_0015_E_0005919,-6.5311136602
CtrSVDD_0016_E_0005920,-4.1944938569
CtrSVDD_0017_E_0005921,-6.5786360953
CtrSVDD_0018_E_0005922,-8.0536720236
CtrSVDD_0019_E_0005923,-6.8323565049
CtrSVDD_0020_E_0005924,-5.4318378424
CtrSVDD_0021_E_0005925,-5.0991460401
CtrSVDD_0022_E_0005926,-5.3074033406
CtrSVDD_0023_E_0005927,-6.2853548851
CtrSVDD_0024_E_0005928,0.6930450984
CtrSVDD_0025_E_0005929,-6.0963721350
CtrSVDD_0026_E_0005930,-7.8672696808
CtrSVDD_0027_E_0005931,-4.6468841530
CtrSVDD_0028_E_0005932,-5.2519082536
CtrSVDD_0029_E_0005933,-6.6732014059
CtrSVDD_0030_E_0005934,-5.4996038755
CtrSVDD_0031_E_0005935,0.8275522725
CtrSVDD_0032_E_0005936,1.2831484089
CtrSVDD_0033_E_0005937,-4.1422240362
CtrSVDD_0034_E_0005938,-8.6177390693
CtrSVDD_0035_E_0005939,0.7887715581
CtrSVDD_0036_E_0005940,-8.8987223601
CtrSVDD_0037_E_0005941,-6.4832809724
CtrSVDD_0038_E_0005942,-7.6697225309
CtrSVDD_0039_E_0005943,-1.6657740800
CtrSVDD_0040_E_0005944,-0.4520573351
CtrSVDD_0041_E_0005945,-6.1472865210
CtrSVDD_0042_E_0005946,-6.7173867801
CtrSVDD_0043_E_0005947,0.2235561612
CtrSVDD_0044_E_0005948,-5.8912330533
CtrSVDD_0045_E_0005949,-5.5001381871
CtrSVDD_0046_E_0005950,-4.8318825633
CtrSVDD_0047_E_0005951,-5.6607776391
CtrSVDD_0000_E_0005952,-7.1852061299
CtrSVDD_0001_E_0005953,-6.8077551419
CtrSVDD_0002_E_0005954,-6.2024058218
CtrSVDD_0003_E_0005955,-0.8965151763
CtrSVDD_0004_E_0005956,-5.2508708052
CtrSVDD_0005_E_0005957,-7.3740330377
CtrSVDD_0006_E_0005958,-4.2909010473
CtrSVDD_0007_E_0005959,-4.2637883859
CtrSVDD_0008_E_0005960,-5.8293812272
CtrSVDD_0009_E_0005961,-6.4654848111
CtrSVDD_0010_E_0005962,-2.9257332160
CtrSVDD_0011_E_0005963,-0.2566706433
CtrSVDD_0012_E_0005964,-7.4870846959
CtrSVDD_0013_E_0005965,-6.4639637995
CtrSVDD_0014_E_0005966,-8.0059759241
CtrSVDD_0015_E_0005967,-5.5139601606
CtrSVDD_0016_E_0005968,0.1142492917
CtrSVDD_0017_E_0005969,-6.4182192320
CtrSVDD_0018_E_0005970,-5.9687428032
CtrSVDD_0019_E_0005971,-0.6930450984
CtrSVDD_0020_E_0005972,-0.2711543501
CtrSVDD_0021_E_0005973,-8.0473759326
CtrSVDD_0022_E_0005974,-5.8912650859
CtrSVDD_0023_E_0005975,-6.7674820001
CtrSVDD_0024_E_0005976,-6.5322763777
CtrSVDD_0025_E_0005977,-6.1438214684
CtrSVDD_0026_E_0005978,-1.0371516685
CtrSVDD_0027_E_0005979,-2.5867919662
CtrSVDD_0028_E_0005980,-5.5739864582
CtrSVDD_0029_E_0005981,0.0454762832
CtrSVDD_0030_E_0005982,-7.7011464271
CtrSVDD_0031_E_0005983,-0.8737065351
CtrSVDD_0032_E_0005984,-10.5784089607
CtrSVDD_0033_E_0005985,-2.3517832705
CtrSVDD_0034_E_0005986,-2.7612921148
CtrSVDD_0035_E_0005987,-6.4289591817
CtrSVDD_0036_E_0005988,-7.9398473903
CtrSVDD_0037_E_0005989,-0.6247296143
CtrSVDD_0038_E_0005990,-5.6288034074
CtrSVDD_0039_E_0005991,1.4120878115
CtrSVDD_0040_E_0005992,-6.6488840075
CtrSVDD_0041_E_0005993,0.4927208810
CtrSVDD_0042_E_0005994,-8.5993086728
CtrSVDD_0043_E_0005995,-6.5624598758
CtrSVDD_0044_E_0005996,-6.6330194161
CtrSVDD_0045_E_0005997,-5.6474301487
CtrSVDD_0046_E_0005998,-6.8010888354
CtrSVDD_0047_E_0005999,-2.7332924065
CtrSVDD_0000_E_0006000,-5.9245740035
CtrSVDD_0001_E_0006001,0.6218504967
CtrSVDD_0002_E_0006002,-6.1700062405
CtrSVDD_0003_E_0006003,-4.8684954812
CtrSVDD_0004_E_0006004,-3.9786698455
CtrSVDD_0005_E_0006005,-4.2495100812
CtrSVDD_0006_E_0006006,-3.2255678930
CtrSVDD_0007_E_0006007,-4.5372727249
CtrSVDD_0008_E_0006008,-7.3839971584
CtrSVDD_0009_E_0006009,-6.9012282736
CtrSVDD_0010_E_0006010,-5.2537075592
CtrSVDD_0011_E_0006011,-5.3795179089
CtrSVDD_0012_E_0006012,-3.8917023356
CtrSVDD_0013_E_0006013,-4.4626234115
CtrSVDD_0014_E_0006014,-5.3251117492
CtrSVDD_0015_E_0006015,-4.2463147096
CtrSVDD_0016_E_0006016,-9.2098201808
CtrSVDD_0017_E_0006017,-7.3623058269
CtrSVDD_0018_E_0006018,-8.3537715037
CtrSVDD_0019_E_0006019,-3.4331617487
CtrSVDD_0020_E_0006020,-3.4381434072
CtrSVDD_0021_E_0006021,-3.6034880695
CtrSVDD_0022_E_0006022,-7.7083423431
CtrSVDD_0023_E_0006023,-4.9197153290
CtrSVDD_0024_E_0006024,-1.5595696761
CtrSVDD_0025_E_0006025,-7.2994109555
CtrSVDD_0026_E_0006026,-5.6320549227
CtrSVDD_0027_E_0006027,-4.7908798451
CtrSVDD_0028_E_0006028,0.1424573696
CtrSVDD_0029_E_0006029,-5.3738186561
CtrSVDD_0030_E_0006030,-4.1837856824
CtrSVDD_0031_E_0006031,-7.3669510346
CtrSVDD_0032_E_0006032,-7.7811197808
CtrSVDD_0033_E_0006033,-3.4613619488
CtrSVDD_0034_E_0006034,-7.3395695736
CtrSVDD_0035_E_0006035,-7.8984549923
CtrSVDD_0036_E_0006036,-6.1382564032
CtrSVDD_0037_E_0006037,-5.8170503257
CtrSVDD_0038_E_0006038,-5.3180726874
CtrSVDD_0039_E_0006039,-7.6886833758
CtrSVDD_0040_E_0006040,-6.4769017619
CtrSVDD_0041_E_0006041,-6.6351831297
CtrSVDD_0042_E_0006042,-7.6433748133
CtrSVDD_0043_E_0006043,-6.2081922783
CtrSVDD_0044_E_0006044,-7.4971718337
CtrSVDD_0045_E_0006045,0.2020933456
CtrSVDD_0046_E_0006046,0.1906850892
CtrSVDD_0047_E_0006047,0.1755252287
CtrSVDD_0000_E_0006048,-6.0031541829
CtrSVDD_0001_E_0006049,-6.0460103521
CtrSVDD_0002_E_0006050,1.6845475769
CtrSVDD_0003_E_0006051,-6.4663363781
CtrSVDD_0004_E_0006052,-8.5760305523
CtrSVDD_0005_E_0006053,-2.7782723989
CtrSVDD_0006_E_0006054,-4.3398695170
CtrSVDD_0007_E_0006055,-4.4453287757
CtrSVDD_0008_E_0006056,-6.2249174956
CtrSVDD_0009_E_0006057,-5.8268561882
CtrSVDD_0010_E_0006058,-3.3024716406
CtrSVDD_0011_E_0006059,-6.4726572847
CtrSVDD_0012_E_0006060,-4.0875739705
CtrSVDD_0013_E_0006061,-4.3620950099
CtrSVDD_0014_E_0006062,0.9435021675
CtrSVDD_0015_E_0006063,1.6516574684
CtrSVDD_0016_E_0006064,-5.7629755281
CtrSVDD_0017_E_0006065,-5.5046886185
CtrSVDD_0018_E_0006066,-4.2415972563
CtrSVDD_0019_E_0006067,-2.0027801363
CtrSVDD_0020_E_0006068,-5.1418280884
CtrSVDD_0021_E_0006069,-1.3728729196
CtrSVDD_0022_E_0006070,-5.4929988932
CtrSVDD_0023_E_0006071,-6.8003049121
CtrSVDD_0024_E_0006072,-3.1132864838
CtrSVDD_0025_E_0006073,-0.6475143547
CtrSVDD_0026_E_0006074,-8.2452710667
CtrSVDD_0027_E_0006075,1.4197105540
CtrSVDD_0028_E_0006076,-7.1565331737
CtrSVDD_0029_E_0006077,-5.1128533976
CtrSVDD_0030_E_0006078,-0.2465641713
CtrSVDD_0031_E_0006079,-4.3264920491
CtrSVDD_0032_E_0006080,-3.6117541488
CtrSVDD_0033_E_0006081,1.7454005008
CtrSVDD_0034_E_0006082,-6.5646427434
CtrSVDD_0035_E_0006083,-7.3552832032
CtrSVDD_0036_E_0006084,-6.9601031937
CtrSVDD_0037_E_0006085,-3.8016838137
CtrSVDD_0038_E_0006086,-4.5780362859
CtrSVDD_0039_E_0006087,-5.4035407587
CtrSVDD_0040_E_0006088,-7.0630744315
CtrSVDD_0041_E_0006089,-3.8438703335
CtrSVDD_0042_E_0006090,-6.5961995045
CtrSVDD_0043_E_0006091,-6.6219703423
CtrSVDD_0044_E_0006092,1.3263921989
CtrSVDD_0045_E_0006093,-4.7634157894
CtrSVDD_0046_E_0006094,-6.2044219024
CtrSVDD_0047_E_0006095,-5.0777362439
CtrSVDD_0000_E_0006096,-7.2306470536
CtrSVDD_0001_E_0006097,-2.5449636645
CtrSVDD_0002_E_0006098,-8.3725953568
CtrSVDD_0003_E_0006099,-3.3932119611
CtrSVDD_0004_E_0006100,-5.0202379499
CtrSVDD_0005_E_0006101,-1.2165582875
CtrSVDD_0006_E_0006102,-1.4510591404
CtrSVDD_0007_E_0006103,-7.6467994241
CtrSVDD_0008_E_0006104,-2.4292941987
CtrSVDD_0009_E_0006105,-5.6598181767
CtrSVDD_0010_E_0006106,-6.0346735872
CtrSVDD_0011_E_0006107,-2.2314620823
CtrSVDD_0012_E_0006108,-5.9701489228
CtrSVDD_0013_E_0006109,-1.1244713298
CtrSVDD_0014_E_0006110,-7.2373138361
CtrSVDD_0015_E_0006111,-7.1038688469
CtrSVDD_0016_E_0006112,-4.3057821766
CtrSVDD_0017_E_0006113,-8.4876489404
CtrSVDD_0018_E_0006114,-5.8522266719
CtrSVDD_0019_E_0006115,-4.2335965272
CtrSVDD_0020_E_0006116,-7.4652634116
CtrSVDD_0021_E_0006117,-8.1687368844
CtrSVDD_0022_E_0006118,-6.5645475695
CtrSVDD_0023_E_0006119,-6.8414235771
CtrSVDD_0024_E_0006120,-5.5374430026
CtrSVDD_0025_E_0006121,0.4598173600
CtrSVDD_0026_E_0006122,-5.5592308117
CtrSVDD_0027_E_0006123,-6.9371136746
CtrSVDD_0028_E_0006124,-2.2743353277
CtrSVDD_0029_E_0006125,-3.5159498831
CtrSVDD_0030_E_0006126,-6.4516343642
CtrSVDD_0031_E_0006127,-7.9041228204
CtrSVDD_0032_E_0006128,-5.7092498437
CtrSVDD_0033_E_0006129,-7.3811443240
CtrSVDD_0034_E_0006130,-6.2486004078
CtrSVDD_0035_E_0006131,-6.7262945465
CtrSVDD_0036_E_0006132,-7.5355049376
CtrSVDD_0037_E_0006133,-5.8361466833
CtrSVDD_0038_E_0006134,-6.7636142134
CtrSVDD_0039_E_0006135,-5.0093077282
CtrSVDD_0040_E_0006136,-7.1897594365
CtrSVDD_0041_E_0006137,-1.5483373749
CtrSVDD_0042_E_0006138,-3.2048052710
CtrSVDD_0043_E_0006139,-4.9279907378
CtrSVDD_0044_E_0006140,-0.9283296332
CtrSVDD_0045_E_0006141,0.1311617906
CtrSVDD_0046_E_0006142,-2.3869407604
CtrSVDD_0047_E_0006143,-6.8267809073
CtrSVDD_0000_E_0006144,-2.3665781392
CtrSVDD_0001_E_0006145,-5.3976474220
CtrSVDD_0002_E_0006146,-6.2006225054
CtrSVDD_0003_E_0006147,0.9229904982
CtrSVDD_0004_E_0006148,1.1962863813
CtrSVDD_0005_E_0006149,-6.3035357681
CtrSVDD_0006_E_0006150,-7.2933086122
CtrSVDD_0007_E_0006151,-5.0182967902
CtrSVDD_0008_E_0006152,-4.0937278947
CtrSVDD_0009_E_0006153,-6.4545431088
CtrSVDD_0010_E_0006154,-0.6966064677
CtrSVDD_0011_E_0006155,3.1426765601
CtrSVDD_0012_E_0006156,-3.6664144547
CtrSVDD_0013_E_0006157,-4.4740538459
CtrSVDD_0014_E_0006158,-5.5613179492
CtrSVDD_0015_E_0006159,-9.1243420008
CtrSVDD_0016_E_0006160,-4.6281816683
CtrSVDD_0017_E_0006161,-7.1126311087
CtrSVDD_0018_E_0006162,-7.6980425696
CtrSVDD_0019_E_0006163,-5.1218762218
CtrSVDD_0020_E_0006164,-4.6246810108
CtrSVDD_0021_E_0006165,-4.4285109842
CtrSVDD_0022_E_0006166,-4.2945200516
CtrSVDD_0023_E_0006167,-7.1218899046
CtrSVDD_0024_E_0006168,-6.1356699429
CtrSVDD_0025_E_0006169,-0.2973713219
CtrSVDD_0026_E_0006170,-7.6886582424
CtrSVDD_0027_E_0006171,-6.8685478939
CtrSVDD_0028_E_0006172,-6.3655603410
CtrSVDD_0029_E_0006173,-4.5121876435
CtrSVDD_0030_E_0006174,-1.5009421083
CtrSVDD_0031_E_0006175,-4.6686493779
CtrSVDD_0032_E_0006176,-1.9317757546
CtrSVDD_0033_E_0006177,-6.2171085953
CtrSVDD_0034_E_0006178,-6.9163782102
CtrSVDD_0035_E_0006179,-5.4663776127
CtrSVDD_0036_E_0006180,-5.6381531781
CtrSVDD_0037_E_0006181,-6.5627924603
CtrSVDD_0038_E_0006182,-4.4305742848
CtrSVDD_0039_E_0006183,-6.2408070014
CtrSVDD_0040_E_0006184,-8.2403086628
CtrSVDD_0041_E_0006185,-5.6016291541
CtrSVDD_0042_E_0006186,-6.0480433102
CtrSVDD_0043_E_0006187,-6.7242922114
CtrSVDD_0044_E_0006188,-4.5564653057
CtrSVDD_0045_E_0006189,-6.2776552097
CtrSVDD_0046_E_0006190,-4.4789376188
CtrSVDD_0047_E_0006191,-6.9160752972
CtrSVDD_0000_E_0006192,-3.7716577429
CtrSVDD_0001_E_0006193,-0.0468765635
CtrSVDD_0002_E_0006194,0.1994065447
CtrSVDD_0003_E_0006195,-3.6747172316
CtrSVDD_0004_E_0006196,-6.4403704915
CtrSVDD_0005_E_0006197,-5.5440882768
CtrSVDD_0006_E_0006198,-3.6870006350
CtrSVDD_0007_E_0006199,-7.3613061603
CtrSVDD_0008_E_0006200,-3.8634359707
CtrSVDD_0009_E_0006201,-7.6996299350
CtrSVDD_0010_E_0006202,-8.3393862287
CtrSVDD_0011_E_0006203,2.4307654601
CtrSVDD_0012_E_0006204,-7.3754529352
CtrSVDD_0013_E_0006205,0.3488224086
CtrSVDD_0014_E_0006206,-6.2278988836
CtrSVDD_0015_E_0006207,-6.7504992064
CtrSVDD_0016_E_0006208,-6.2458422534
CtrSVDD_0017_E_0006209,-2.9660573806
CtrSVDD_0018_E_0006210,-5.3799918685
CtrSVDD_0019_E_0006211,-6.2753835003
CtrSVDD_0020_E_0006212,-5.9388423243
CtrSVDD_0021_E_0006213,-1.6054693072
CtrSVDD_0022_E_0006214,-6.4961579632
CtrSVDD_0023_E_0006215,-5.6350204494
CtrSVDD_0024_E_0006216,-5.0205522207
CtrSVDD_0025_E_0006217,-1.3163457089
CtrSVDD_0026_E_0006218,-4.1093404749
CtrSVDD_0027_E_0006219,-5.7762228950
CtrSVDD_0028_E_0006220,-6.4516810144
CtrSVDD_0029_E_0006221,-6.3805964359
CtrSVDD_0030_E_0006222,-5.9489370831
CtrSVDD_0031_E_0006223,-5.1320705648
CtrSVDD_0032_E_0006224,-6.0621780009
CtrSVDD_0033_E_0006225,-5.9713413315
CtrSVDD_0034_E_0006226,-0.6269500708
CtrSVDD_0035_E_0006227,-3.1470432050
CtrSVDD_0036_E_0006228,-6.1944667147
CtrSVDD_0037_E_0006229,-2.5349105926
CtrSVDD_0038_E_0006230,-4.3174251772
CtrSVDD_0039_E_0006231,-7.6798176350
CtrSVDD_0040_E_0006232,-2.2514931380
CtrSVDD_0041_E_0006233,-7.9029411043
CtrSVDD_0042_E_0006234,-3.5836600879
CtrSVDD_0043_E_0006235,-5.4117826030
CtrSVDD_0044_E_0006236,-5.4807966326
CtrSVDD_0045_E_0006237,-6.8067404578
CtrSVDD_0046_E_0006238,-5.2590080232
CtrSVDD_0047_E_0006239,-5.1626590290
CtrSVDD_0000_E_0006240,0.0076934104
CtrSVDD_0001_E_0006241,1.6903562409
CtrSVDD_0002_E_0006242,-5.9497457648
CtrSVDD_0003_E_0006243,-5.1494668163
CtrSVDD_0004_E_0006244,-2.0315363683
CtrSVDD_0005_E_0006245,-7.3586173776
CtrSVDD_0006_E_0006246,-7.1985505328
CtrSVDD_0007_E_0006247,-5.8473599857
CtrSVDD_0008_E_0006248,-6.8855370352
CtrSVDD_0009_E_0006249,2.3499176557
CtrSVDD_0010_E_0006250,-5.7462148948
CtrSVDD_0011_E_0006251,-5.8461687628
CtrSVDD_0012_E_0006252,-8.0121329058
CtrSVDD_0013_E_0006253,-6.7186962666
CtrSVDD_0014_E_0006254,-7.2192919311
CtrSVDD_0015_E_0006255,-3.5985298034
CtrSVDD_0016_E_0006256,-6.6686453480
CtrSVDD_0017_E_0006257,1.1302508567
CtrSVDD_0018_E_0006258,-5.4849612056
CtrSVDD_0019_E_0006259,-7.3870810316
CtrSVDD_0020_E_0006260,-6.8977392938
CtrSVDD_0021_E_0006261,-6.4007190748
CtrSVDD_0022_E_0006262,-6.3453260806
CtrSVDD_0023_E_0006263,-4.7250544521
CtrSVDD_0024_E_0006264,-4.4579985230
CtrSVDD_0025_E_0006265,-4.2069689900
CtrSVDD_0026_E_0006266,1.5690792921
CtrSVDD_0027_E_0006267,-6.8237334989
CtrSVDD_0028_E_0006268,-3.9529384526
CtrSVDD_0029_E_0006269,-3.7733417923
CtrSVDD_0030_E_0006270,-0.8157895069
CtrSVDD_0031_E_0006271,-6.4186197614
CtrSVDD_0032_E_0006272,-7.9271276004
CtrSVDD_0033_E_0006273,-1.4253137748
CtrSVDD_0034_E_0006274,-6.0493360361
CtrSVDD_0035_E_0006275,1.7583790479
CtrSVDD_0036_E_0006276,-5.0372336079
CtrSVDD_0037_E_0006277,0.5358302223
CtrSVDD_0038_E_0006278,-6.3687508088
CtrSVDD_0039_E_0006279,-3.4530747906
CtrSVDD_0040_E_0006280,-6.5754709476
CtrSVDD_0041_E_0006281,-7.0813594564
CtrSVDD_0042_E_0006282,-7.0410083503
CtrSVDD_0043_E_0006283,-7.1056928879
CtrSVDD_0044_E_0006284,-8.6815109465
CtrSVDD_0045_E_0006285,-0.2639055764
CtrSVDD_0046_E_0006286,2.9500190302
CtrSVDD_0047_E_0006287,-7.4745948361
CtrSVDD_0000_E_0006288,-3.4861943817
CtrSVDD_0001_E_0006289,-6.5864608099
CtrSVDD_0002_E_0006290,-3.9893592399
CtrSVDD_0003_E_0006291,0.3400525366
CtrSVDD_0004_E_0006292,-7.0112912929
CtrSVDD_0005_E_0006293,-3.3948803493
CtrSVDD_0006_E_0006294,-7.5863786485
CtrSVDD_0007_E_0006295,-7.6038433005
CtrSVDD_0008_E_0006296,-7.8872156720
CtrSVDD_0009_E_0006297,-0.2408003976
CtrSVDD_0010_E_0006298,-7.7642930761
CtrSVDD_0011_E_0006299,-10.2378753545
CtrSVDD_0012_E_0006300,0.3105557215
CtrSVDD_0013_E_0006301,-7.1735178070
CtrSVDD_0014_E_0006302,-7.5478272590
CtrSVDD_0015_E_0006303,-7.7170618634
CtrSVDD_0016_E_0006304,-6.0360590065
CtrSVDD_0017_E_0006305,-3.2905975549
CtrSVDD_0018_E_0006306,-5.7955097783
CtrSVDD_0019_E_0006307,-5.8207860073
CtrSVDD_0020_E_0006308,-1.5934953657
CtrSVDD_0021_E_0006309,-5.6672293766
CtrSVDD_0022_E_0006310,1.0167797877
CtrSVDD_0023_E_0006311,-3.8497189345
CtrSVDD_0024_E_0006312,-7.6167614780
CtrSVDD_0025_E_0006313,-5.5334858810
CtrSVDD_0026_E_0006314,0.8742407230
CtrSVDD_0027_E_0006315,-5.7690756165
CtrSVDD_0028_E_0006316,0.5667698816
CtrSVDD_0029_E_0006317,-5.9729578020
CtrSVDD_0030_E_0006318,-4.0445766279
CtrSVDD_0031_E_0006319,-4.8416047169
CtrSVDD_0032_E_0006320,-7.3184809362
CtrSVDD_0033_E_0006321,-6.0579747120
CtrSVDD_0034_E_0006322,-6.7964151520
CtrSVDD_0035_E_0006323,-6.0249232614
CtrSVDD_0036_E_0006324,-7.5494179359
CtrSVDD_0037_E_0006325,0.9448368552
CtrSVDD_0038_E_0006326,-5.7631060551
CtrSVDD_0039_E_0006327,-5.9844541667
CtrSVDD_0040_E_0006328,-5.8526324765
CtrSVDD_0041_E_0006329,-0.4598173600
CtrSVDD_0042_E_0006330,-7.3305766559
CtrSVDD_0043_E_0006331,-5.6703155329
CtrSVDD_0044_E_0006332,0.4644866708
CtrSVDD_0045_E_0006333,-1.1355656473
CtrSVDD_0046_E_0006334,-7.1555548671
CtrSVDD_0047_E_0006335,-6.9390575086
CtrSVDD_0000_E_0006336,-6.0551028640
CtrSVDD_0001_E_0006337,-2.1195954258
CtrSVDD_0002_E_0006338,-4.9303788805
CtrSVDD_0003_E_0006339,-5.5771468648
CtrSVDD_0004_E_0006340,-5.8873628828
CtrSVDD_0005_E_0006341,-6.8830899874
CtrSVDD_0006_E_0006342,-0.0342770194
CtrSVDD_0007_E_0006343,-6.3542489515
CtrSVDD_0008_E_0006344,-8.8051370905
CtrSVDD_0009_E_0006345,-5.6924780173
CtrSVDD_0010_E_0006346,-6.7772744856
CtrSVDD_0011_E_0006347,-5.1050355633
CtrSVDD_0012_E_0006348,-5.7952134792
CtrSVDD_0013_E_0006349,-6.5410995753
CtrSVDD_0014_E_0006350,-7.3641934823
CtrSVDD_0015_E_0006351,-6.4482504503
CtrSVDD_0016_E_0006352,-7.2409062737
CtrSVDD_0017_E_0006353,-7.0911644317
CtrSVDD_0018_E_0006354,-8.4148853818
CtrSVDD_0019_E_0006355,-7.0481682422
CtrSVDD_0020_E_0006356,-7.3486711103
CtrSVDD_0021_E_0006357,-1.3130262377
CtrSVDD_0022_E_0006358,0.9338985295
CtrSVDD_0023_E_0006359,-5.0832443074
CtrSVDD_0024_E_0006360,-6.0456275849
CtrSVDD_0025_E_0006361,-5.8216866859
CtrSVDD_0026_E_0006362,-5.6683762326
CtrSVDD_0027_E_0006363,-7.2317375329
CtrSVDD_0028_E_0006364,-2.9899557576
CtrSVDD_0029_E_0006365,-5.7778154084
CtrSVDD_0030_E_0006366,-2.5555281466
CtrSVDD_0031_E_0006367,1.2313500657
CtrSVDD_0032_E_0006368,-8.4438204252
CtrSVDD_0033_E_0006369,-3.9875748656
CtrSVDD_0034_E_0006370,-5.2819680950
CtrSVDD_0035_E_0006371,-6.5882990509
CtrSVDD_0036_E_0006372,-6.5971949248
CtrSVDD_0037_E_0006373,-6.5832364534
CtrSVDD_0038_E_0006374,-6.4950433893
CtrSVDD_0039_E_0006375,-7.7214840056
CtrSVDD_0040_E_0006376,-6.1205983432
CtrSVDD_0041_E_0006377,-5.8078219912
CtrSVDD_0042_E_0006378,-6.2061370498
CtrSVDD_0043_E_0006379,-4.5536796953
CtrSVDD_0044_E_0006380,-7.0667918123
CtrSVDD_0045_E_0006381,0.7217891729
CtrSVDD_0046_E_0006382,-2.7950717688
CtrSVDD_0047_E_0006383,-5.4243995163
CtrSVDD_0000_E_0006384,-5.7082741347
CtrSVDD_0001_E_0006385,-6.3691241446
CtrSVDD_0002_E_0006386,-8.7740870412
CtrSVDD_0003_E_0006387,-6.2618036624
CtrSVDD_0004_E_0006388,-5.7186619498
CtrSVDD_0005_E_0006389,-4.9390751858
CtrSVDD_0006_E_0006390,-3.9485943476
CtrSVDD_0007_E_0006391,-3.8640535484
CtrSVDD_0008_E_0006392,-4.6097820021
CtrSVDD_0009_E_0006393,-5.1188043110
CtrSVDD_0010_E_0006394,0.3593837417
CtrSVDD_0011_E_0006395,-8.0092532458
CtrSVDD_0012_E_0006396,-5.0609477795
CtrSVDD_0013_E_0006397,-6.8439326898
CtrSVDD_0014_E_0006398,-6.3972659445
CtrSVDD_0015_E_0006399,-4.9285889176
CtrSVDD_0016_E_0006400,-5.9517804091
CtrSVDD_0017_E_0006401,-0.2871525250
CtrSVDD_0018_E_0006402,-6.7716964083
CtrSVDD_0019_E_0006403,-1.3064303511
CtrSVDD_0020_E_0006404,-7.1863933541
CtrSVDD_0021_E_0006405,2.0938614812
CtrSVDD_0022_E_0006406,-7.3741689542
CtrSVDD_0023_E_0006407,-7.5921473583
CtrSVDD_0024_E_0006408,-7.5219840131
CtrSVDD_0025_E_0006409,-2.7740445950
CtrSVDD_0026_E_0006410,-5.9966200508
CtrSVDD_0027_E_0006411,-6.2347452101
CtrSVDD_0028_E_0006412,-8.1054890723
CtrSVDD_0029_E_0006413,0.6423478973
CtrSVDD_0030_E_0006414,-6.7705239027
CtrSVDD_0031_E_0006415,-6.1818029228
CtrSVDD_0032_E_0006416,-5.3903958950
CtrSVDD_0033_E_0006417,-7.5787835765
CtrSVDD_0034_E_0006418,-3.8720333157
CtrSVDD_0035_E_0006419,-7.2045085610
CtrSVDD_0036_E_0006420,-5.8851210947
CtrSVDD_0037_E_0006421,-5.2126934932
CtrSVDD_0038_E_0006422,-8.0316580555
CtrSVDD_0039_E_0006423,-3.3580854933
CtrSVDD_0040_E_0006424,-6.4998862079
CtrSVDD_0041_E_0006425,-7.3240438440
CtrSVDD_0042_E_0006426,-6.6427969101
CtrSVDD_0043_E_0006427,-0.9746932656
CtrSVDD_0044_E_0006428,-1.1792936900
CtrSVDD_0045_E_0006429,-4.6927454714
CtrSVDD_0046_E_0006430,-6.2266171315
CtrSVDD_0047_E_0006431,-2.6319619337
CtrSVDD_0000_E_0006432,-5.3304369407
CtrSVDD_0001_E_0006433,-4.5295562713
CtrSVDD_0002_E_0006434,-7.4069958847
CtrSVDD_0003_E_0006435,-0.0230820531
CtrSVDD_0004_E_0006436,-3.4591353144
CtrSVDD_0005_E_0006437,-5.6955585529
CtrSVDD_0006_E_0006438,-7.2077968921
CtrSVDD_0007_E_0006439,-0.8394306710
CtrSVDD_0008_E_0006440,-7.1163949863
CtrSVDD_0009_E_0006441,-6.2258629039
CtrSVDD_0010_E_0006442,-5.9292067615
CtrSVDD_0011_E_0006443,-5.5986512969
CtrSVDD_0012_E_0006444,-5.4194826327
CtrSVDD_0013_E_0006445,-2.8322476980
CtrSVDD_0014_E_0006446,-1.7081333224
CtrSVDD_0015_E_0006447,-5.0217994790
CtrSVDD_0016_E_0006448,-4.4059016888
CtrSVDD_0017_E_0006449,0.5766526762
CtrSVDD_0018_E_0006450,-7.6790092681
CtrSVDD_0019_E_0006451,-7.4376146885
CtrSVDD_0020_E_0006452,1.2679967613
CtrSVDD_0021_E_0006453,-5.2882515823
CtrSVDD_0022_E_0006454,-6.9698249393
CtrSVDD_0023_E_0006455,-7.5117317836
CtrSVDD_0024_E_0006456,-5.5005001309
CtrSVDD_0025_E_0006457,-3.1716746952
CtrSVDD_0026_E_0006458,-8.4419641293
CtrSVDD_0027_E_0006459,0.2924055437
CtrSVDD_0028_E_0006460,-7.5511014859
CtrSVDD_0029_E_0006461,0.5899181344
CtrSVDD_0030_E_0006462,-7.6957782168
CtrSVDD_0031_E_0006463,-0.0048957779
CtrSVDD_0032_E_0006464,-3.8230949548
CtrSVDD_0033_E_0006465,-7.1619887237
CtrSVDD_0034_E_0006466,-4.1788985774
CtrSVDD_0035_E_0006467,-7.6827176927
CtrSVDD_0036_E_0006468,-5.2782438037
CtrSVDD_0037_E_0006469,-6.9982591510
CtrSVDD_0038_E_0006470,-7.9718036293
CtrSVDD_0039_E_0006471,1.8207925786
CtrSVDD_0040_E_0006472,-7.1308411018
CtrSVDD_0041_E_0006473,-6.8885486263
CtrSVDD_0042_E_0006474,-6.0895959617
CtrSVDD_0043_E_0006475,-3.2854994530
CtrSVDD_0044_E_0006476,0.8655832398
CtrSVDD_0045_E_0006477,-3.8088315233
CtrSVDD_0046_E_0006478,-6.3925095712
CtrSVDD_0047_E_0006479,-8.4930247206
CtrSVDD_0000_E_0006480,-7.6254193854
CtrSVDD_0001_E_0006481,1.4435348120
CtrSVDD_0002_E_0006482,-6.4984931725
CtrSVDD_0003_E_0006483,-0.7927202458
CtrSVDD_0004_E_0006484,0.4412387283
CtrSVDD_0005_E_0006485,-0.4274043749
CtrSVDD_0006_E_0006486,-8.8811184882
CtrSVDD_0007_E_0006487,-4.1335308673
CtrSVDD_0008_E_0006488,-7.0851845204
CtrSVDD_0009_E_0006489,-8.8212299536
CtrSVDD_0010_E_0006490,-7.7829038020
CtrSVDD_0011_E_0006491,-5.8904971831
CtrSVDD_0012_E_0006492,-4.6420128902
CtrSVDD_0013_E_0006493,-5.4560788025
CtrSVDD_0014_E_0006494,0.0356766635
CtrSVDD_0015_E_0006495,-7.5471876298
CtrSVDD_0016_E_0006496,0.8580985090
CtrSVDD_0017_E_0006497,-5.8939103907
CtrSVDD_0018_E_0006498,-6.1513293733
CtrSVDD_0019_E_0006499,-7.3136770362
CtrSVDD_0020_E_0006500,-4.5763655427
CtrSVDD_0021_E_0006501,-6.9289537241
CtrSVDD_0022_E_0006502,-6.9651998994
CtrSVDD_0023_E_0006503,-5.0131849948
CtrSVDD_0024_E_0006504,-7.4067710547
CtrSVDD_0025_E_0006505,0.9007043491
CtrSVDD_0026_E_0006506,-5.0536179303
CtrSVDD_0027_E_0006507,-5.4853434003
CtrSVDD_0028_E_0006508,-5.7341749950
CtrSVDD_0029_E_0006509,-4.9733704579
CtrSVDD_0030_E_0006510,-4.7164003823
CtrSVDD_0031_E_0006511,-5.1423900319
CtrSVDD_0032_E_0006512,-5.7130748245
CtrSVDD_0033_E_0006513,-4.8565391931
CtrSVDD_0034_E_0006514,-5.0307176638
CtrSVDD_0035_E_0006515,-5.9874917012
CtrSVDD_0036_E_0006516,-6.6944453829
CtrSVDD_0037_E_0006517,-5.5481781284
CtrSVDD_0038_E_0006518,-5.9298667400
CtrSVDD_0039_E_0006519,-4.5906376005
CtrSVDD_0040_E_0006520,-3.8411690585
CtrSVDD_0041_E_0006521,-6.4433971595
CtrSVDD_0042_E_0006522,-0.3668543308
CtrSVDD_0043_E_0006523,-6.5740476327
CtrSVDD_0044_E_0006524,-2.1576725454
CtrSVDD_0045_E_0006525,-5.9635234972
CtrSVDD_0046_E_0006526,-6.7879836673
CtrSVDD_0047_E_0006527,-4.9931147785
CtrSVDD_0000_E_0006528,-6.6643736991
CtrSVDD_0001_E_0006529,-3.6996686948
CtrSVDD_0002_E_0006530,-4.2597325354
CtrSVDD_0003_E_0006531,1.7021477290
CtrSVDD_0004_E_0006532,-6.4312195536
CtrSVDD_0005_E_0006533,-6.3410405073
CtrSVDD_0006_E_0006534,-5.2203511919
CtrSVDD_0007_E_0006535,-8.4884987734
CtrSVDD_0008_E_0006536,-5.4454194893
CtrSVDD_0009_E_0006537,-6.7933656134
CtrSVDD_0010_E_0006538,-5.1600550717
CtrSVDD_0011_E_0006539,-5.5117888800
CtrSVDD_0012_E_0006540,0.9677938789
CtrSVDD_0013_E_0006541,-7.4119200934
CtrSVDD_0014_E_0006542,-6.1202477330
CtrSVDD_0015_E_0006543,-5.1646380972
CtrSVDD_0016_E_0006544,-8.2090912055
CtrSVDD_0017_E_0006545,-6.5983514409
CtrSVDD_0018_E_0006546,-8.3282143157
CtrSVDD_0019_E_0006547,-4.9069759533
CtrSVDD_0020_E_0006548,-5.8567541538
CtrSVDD_0021_E_0006549,-4.7417064820
CtrSVDD_0022_E_0006550,-3.5242096033
CtrSVDD_0023_E_0006551,-7.1536449719
CtrSVDD_0024_E_0006552,-5.1923353551
CtrSVDD_0025_E_0006553,-6.3959309365
CtrSVDD_0026_E_0006554,-1.0443641049
CtrSVDD_0027_E_0006555,-7.8542330886
CtrSVDD_0028_E_0006556,-5.6319393998
CtrSVDD_0029_E_0006557,-6.2063125029
CtrSVDD_0030_E_0006558,-8.3612420256
CtrSVDD_0031_E_0006559,-5.8063616558
CtrSVDD_0032_E_0006560,-6.5216172373
CtrSVDD_0033_E_0006561,-6.4310097110
CtrSVDD_0034_E_0006562,-4.6143690580
CtrSVDD_0035_E_0006563,-6.1640356612
CtrSVDD_0036_E_0006564,-1.8817168217
CtrSVDD_0037_E_0006565,-5.9759804199
CtrSVDD_0038_E_0006566,-5.3130858241
CtrSVDD_0039_E_0006567,-7.6138634329
CtrSVDD_0040_E_0006568,1.2966417965
CtrSVDD_0041_E_0006569,-5.2797119986
CtrSVDD_0042_E_0006570,2.0493675430
CtrSVDD_0043_E_0006571,-4.7375374649
CtrSVDD_0044_E_0006572,-3.1786770834
CtrSVDD_0045_E_0006573,-8.0999196658
CtrSVDD_0046_E_0006574,-0.0608848778
CtrSVDD_0047_E_0006575,-7.1760873318
CtrSVDD_0000_E_0006576,-6.6251983085
CtrSVDD_0001_E_0006577,-7.2061522300
CtrSVDD_0002_E_0006578,1.3216605747
CtrSVDD_0003_E_0006579,-7.1051188933
CtrSVDD_0004_E_0006580,-6.2252438552
CtrSVDD_0005_E_0006581,-4.0234855801
CtrSVDD_0006_E_0006582,-5.9615628339
CtrSVDD_0007_E_0006583,-7.4901977901
CtrSVDD_0008_E_0006584,-7.1683869951
CtrSVDD_0009_E_0006585,-6.9597402563
CtrSVDD_0010_E_0006586,-7.1202915963
CtrSVDD_0011_E_0006587,-7.1722340780
CtrSVDD_0012_E_0006588,-7.2492506865
CtrSVDD_0013_E_0006589,-6.1134003423
CtrSVDD_0014_E_0006590,-8.0479881303
CtrSVDD_0015_E_0006591,-7.1201641211
CtrSVDD_0016_E_0006592,-6.5937249352
CtrSVDD_0017_E_0006593,-2.1330075465
CtrSVDD_0018_E_0006594,0.9112471260
CtrSVDD_0019_E_0006595,-2.5424582359
CtrSVDD_0020_E_0006596,-7.5609299979
CtrSVDD_0021_E_0006597,-5.2694455492
CtrSVDD_0022_E_0006598,-2.7462796541
CtrSVDD_0023_E_0006599,-6.3622176117
CtrSVDD_0024_E_0006600,-8.1028564763
CtrSVDD_0025_E_0006601,-8.3305834902
CtrSVDD_0026_E_0006602,-5.7140095185
CtrSVDD_0027_E_0006603,-3.2547868661
CtrSVDD_0028_E_0006604,-2.5324533181
CtrSVDD_0029_E_0006605,1.7716607253
CtrSVDD_0030_E_0006606,-4.5340338299
CtrSVDD_0031_E_0006607,-6.4327884013
CtrSVDD_0032_E_0006608,-6.0619950318
CtrSVDD_0033_E_0006609,-5.6547019003
CtrSVDD_0034_E_0006610,-0.3445020561
CtrSVDD_0035_E_0006611,-3.7086120842
CtrSVDD_0036_E_0006612,-3.9997958613
CtrSVDD_0037_E_0006613,-3.6000999142
CtrSVDD_0038_E_0006614,-7.2935521746
CtrSVDD_0039_E_0006615,-4.8498461125
CtrSVDD_0040_E_0006616,-6.3751024505
CtrSVDD_0041_E_0006617,-7.3902692215
CtrSVDD_0042_E_0006618,-5.8116762636
CtrSVDD_0043_E_0006619,-0.7792611537
CtrSVDD_0044_E_0006620,-7.2442407058
CtrSVDD_0045_E_0006621,-5.3188209771
CtrSVDD_0046_E_0006622,-0.0622863212
CtrSVDD_0047_E_0006623,-3.7013346430
CtrSVDD_0000_E_0006624,-4.9622267982
CtrSVDD_0001_E_0006625,-5.0872982750
CtrSVDD_0002_E_0006626,-6.7918853915
CtrSVDD_0003_E_0006627,-0.1992388728
CtrSVDD_0004_E_0006628,1.5318557475
CtrSVDD_0005_E_0006629,-5.5085676916
CtrSVDD_0006_E_0006630,-4.6283422132
CtrSVDD_0007_E_0006631,-8.3463773947
CtrSVDD_0008_E_0006632,-6.8475851633
CtrSVDD_0009_E_0006633,0.0987749424
CtrSVDD_0010_E_0006634,-6.9669657458
CtrSVDD_0011_E_0006635,-0.9456874299
CtrSVDD_0012_E_0006636,-6.2820356533
CtrSVDD_0013_E_0006637,-3.8995244708
CtrSVDD_0014_E_0006638,-6.8215865340
CtrSVDD_0015_E_0006639,-6.3198530914
CtrSVDD_0016_E_0006640,-8.5301586760
CtrSVDD_0017_E_0006641,-1.2742722027
CtrSVDD_0018_E_0006642,-0.0903445830
CtrSVDD_0019_E_0006643,-6.0033309995
CtrSVDD_0020_E_0006644,-1.9922556843
CtrSVDD_0021_E_0006645,-5.9593667642
CtrSVDD_0022_E_0006646,-7.3940319356
CtrSVDD_0023_E_0006647,-6.8521272243
CtrSVDD_0024_E_0006648,-6.5334389498
CtrSVDD_0025_E_0006649,-8.5581178688
CtrSVDD_0026_E_0006650,-7.4963180599
CtrSVDD_0027_E_0006651,-3.1293257214
CtrSVDD_0028_E_0006652,-5.5392859931
CtrSVDD_0029_E_0006653,-5.0910366264
CtrSVDD_0030_E_0006654,-4.5528857678
CtrSVDD_0031_E_0006655,-6.2007754896
CtrSVDD_0032_E_0006656,-8.4364286116
CtrSVDD_0033_E_0006657,-5.3184400442
CtrSVDD_0034_E_0006658,-6.5533377210
CtrSVDD_0035_E_0006659,-3.0130692306
CtrSVDD_0036_E_0006660,-6.5993689017
CtrSVDD_0037_E_0006661,-7.6822214327
CtrSVDD_0038_E_0006662,-6.4914852907
CtrSVDD_0039_E_0006663,-4.3338474212
CtrSVDD_0040_E_0006664,-7.8158308651
CtrSVDD_0041_E_0006665,-5.3217791560
CtrSVDD_0042_E_0006666,-6.1346543768
CtrSVDD_0043_E_0006667,-3.6249868941
CtrSVDD_0044_E_0006668,-5.3842572521
CtrSVDD_0045_E_0006669,-0.7382221511
CtrSVDD_0046_E_0006670,-8.3021248527
CtrSVDD_0047_E_0006671,-6.4868095402
CtrSVDD_0000_E_0006672,0.3999761177
CtrSVDD_0001_E_0006673,-6.2296063293
CtrSVDD_0002_E_0006674,-7.4751429548
CtrSVDD_0003_E_0006675,-6.9275910668
CtrSVDD_0004_E_0006676,-6.0374065838
CtrSVDD_0005_E_0006677,-7.7173999891
CtrSVDD_0006_E_0006678,-5.5708233938
CtrSVDD_0007_E_0006679,-9.3969151577
CtrSVDD_0008_E_0006680,-4.3556338762
CtrSVDD_0009_E_0006681,-7.6348541359
CtrSVDD_0010_E_0006682,-7.7173552702
CtrSVDD_0011_E_0006683,-5.5406358426
CtrSVDD_0012_E_0006684,-6.3829816500
CtrSVDD_0013_E_0006685,-5.9192654486
CtrSVDD_0014_E_0006686,-5.1945746497
CtrSVDD_0015_E_0006687,-6.6552892976
CtrSVDD_0016_E_0006688,-1.6035332955
CtrSVDD_0017_E_0006689,-5.9556657521
CtrSVDD_0018_E_0006690,-5.5410103129
CtrSVDD_0019_E_0006691,-3.7464555172
CtrSVDD_0020_E_0006692,-7.4212212730
CtrSVDD_0021_E_0006693,-6.9718025433
CtrSVDD_0022_E_0006694,-6.7069572348
CtrSVDD_0023_E_0006695,-5.1506128933
CtrSVDD_0024_E_0006696,1.0676050914
CtrSVDD_0025_E_0006697,-6.8300321016
CtrSVDD_0026_E_0006698,-3.8163150574
CtrSVDD_0027_E_0006699,-6.6823093144
CtrSVDD_0028_E_0006700,-5.9288570511
CtrSVDD_0029_E_0006701,-5.9926409700
CtrSVDD_0030_E_0006702,-4.1554272211
CtrSVDD_0031_E_0006703,-6.2203310230
CtrSVDD_0032_E_0006704,-7.2165072613
CtrSVDD_0033_E_0006705,-5.5231567244
CtrSVDD_0034_E_0006706,-0.3623695476
CtrSVDD_0035_E_0006707,-5.9066202029
CtrSVDD_0036_E_0006708,-9.7002356453
CtrSVDD_0037_E_0006709,-6.2246242204
CtrSVDD_0038_E_0006710,-7.7665879960
CtrSVDD_0039_E_0006711,-6.0363953109
CtrSVDD_0040_E_0006712,-5.8642516577
CtrSVDD_0041_E_0006713,-3.4303436551
CtrSVDD_0042_E_0006714,-7.6798031956
CtrSVDD_0043_E_0006715,-6.4702324008
CtrSVDD_0044_E_0006716,0.5287151630
CtrSVDD_0045_E_0006717,-0.7163547607
CtrSVDD_0046_E_0006718,-2.9717534935
CtrSVDD_0047_E_0006719,-8.4825144493
CtrSVDD_0000_E_0006720,-8.6054061664
CtrSVDD_0001_E_0006721,-6.5229704584
CtrSVDD_0002_E_0006722,-0.8474158143
CtrSVDD_0003_E_0006723,-4.6398589157
CtrSVDD_0004_E_0006724,-8.3346239748
CtrSVDD_0005_E_0006725,-6.8380855386
CtrSVDD_0006_E_0006726,-4.7254845486
CtrSVDD_0007_E_0006727,-6.0510005080
CtrSVDD_0008_E_0006728,-2.3153664664
CtrSVDD_0009_E_0006729,-7.6247048809
CtrSVDD_0010_E_0006730,-5.2600102501
CtrSVDD_0011_E_0006731,0.6235485520
CtrSVDD_0012_E_0006732,-5.0903456735
CtrSVDD_0013_E_0006733,-2.7245710490
CtrSVDD_0014_E_0006734,-5.6520418890
CtrSVDD_0015_E_0006735,-2.3352330401
CtrSVDD_0016_E_0006736,-6.6673474515
CtrSVDD_0017_E_0006737,-5.6260869172
CtrSVDD_0018_E_0006738,-7.6867541687
CtrSVDD_0019_E_0006739,-8.6179648728
CtrSVDD_0020_E_0006740,-9.5901454787
CtrSVDD_0021_E_0006741,-4.6968373510
CtrSVDD_0022_E_0006742,-7.0116284406
CtrSVDD_0023_E_0006743,0.3370899316
CtrSVDD_0024_E_0006744,-6.6715349377
CtrSVDD_0025_E_0006745,-7.5885256134
CtrSVDD_0026_E_0006746,-5.9575110127
CtrSVDD_0027_E_0006747,-3.3109353775
CtrSVDD_0028_E_0006748,-2.5145473264
CtrSVDD_0029_E_0006749,-6.9228420467
CtrSVDD_0030_E_0006750,0.5607376411
CtrSVDD_0031_E_0006751,-6.5386275167
CtrSVDD_0032_E_0006752,-6.3356683356
CtrSVDD_0033_E_0006753,-1.8868780486
CtrSVDD_0034_E_0006754,-8.3912920718
CtrSVDD_0035_E_0006755,-4.2182614372
CtrSVDD_0036_E_0006756,-5.6893958782
CtrSVDD_0037_E_0006757,-3.4746108779
CtrSVDD_0038_E_0006758,-6.7222925814
CtrSVDD_0039_E_0006759,-0.5849315401
CtrSVDD_0040_E_0006760,-7.2242992068
CtrSVDD_0041_E_0006761,-7.4952787145
CtrSVDD_0042_E_0006762,0.0370763774
CtrSVDD_0043_E_0006763,-5.4732137283
CtrSVDD_0044_E_0006764,-0.4060446121
CtrSVDD_0045_E_0006765,-7.5865261409
CtrSVDD_0046_E_0006766,-5.4794235358
CtrSVDD_0047_E_0006767,-3.4563903026
CtrSVDD_0000_E_0006768,-7.1689647172
CtrSVDD_0001_E_0006769,-6.4910734130
CtrSVDD_0002_E_0006770,0.5406807072
CtrSVDD_0003_E_0006771,-2.4307654601
CtrSVDD_0004_E_0006772,-5.1268013188
CtrSVDD_0005_E_0006773,-7.8110510896
CtrSVDD_0006_E_0006774,-5.0854785091
CtrSVDD_0007_E_0006775,-5.3827217077
CtrSVDD_0008_E_0006776,-7.2719433002
CtrSVDD_0009_E_0006777,-7.4121767556
CtrSVDD_0010_E_0006778,0.2639055764
CtrSVDD_0011_E_0006779,2.2700960885
CtrSVDD_0012_E_0006780,-7.1829233209
CtrSVDD_0013_E_0006781,0.0735025060
CtrSVDD_0014_E_0006782,-3.8694093239
CtrSVDD_0015_E_0006783,-6.4316083547
CtrSVDD_0016_E_0006784,-5.6704687327
CtrSVDD_0017_E_0006785,-9.3242456000
CtrSVDD_0018_E_0006786,-6.3913196966
CtrSVDD_0019_E_0006787,-5.8263082808
CtrSVDD_0020_E_0006788,-7.3853127438
CtrSVDD_0021_E_0006789,-5.3180867837
CtrSVDD_0022_E_0006790,-4.7425816848
CtrSVDD_0023_E_0006791,-5.6116505344
CtrSVDD_0024_E_0006792,-5.3951567763
CtrSVDD_0025_E_0006793,-5.4621650607
CtrSVDD_0026_E_0006794,-7.0225235950
CtrSVDD_0027_E_0006795,-6.2120935651
CtrSVDD_0028_E_0006796,-7.2638999752
CtrSVDD_0029_E_0006797,-5.6486287475
CtrSVDD_0030_E_0006798,-7.2476138557
CtrSVDD_0031_E_0006799,-4.8093687424
CtrSVDD_0032_E_0006800,-5.5735335572
CtrSVDD_0033_E_0006801,-4.3384302148
CtrSVDD_0034_E_0006802,-7.2175906336
CtrSVDD_0035_E_0006803,1.8509683456
CtrSVDD_0036_E_0006804,-7.2962701191
CtrSVDD_0037_E_0006805,-7.7197426894
CtrSVDD_0038_E_0006806,-3.8617187688
CtrSVDD_0039_E_0006807,-5.5365154284
CtrSVDD_0040_E_0006808,-6.0163849791
CtrSVDD_0041_E_0006809,0.7754766874
CtrSVDD_0042_E_0006810,-4.7109090367
CtrSVDD_0043_E_0006811,-8.2371222190
CtrSVDD_0044_E_0006812,-8.4322634151
CtrSVDD_0045_E_0006813,-6.0912400163
CtrSVDD_0046_E_0006814,-0.3802476369
CtrSVDD_0047_E_0006815,-5.7075728137
CtrSVDD_0000_E_0006816,-6.1982848192
CtrSVDD_0001_E_0006817,-4.9273458525
CtrSVDD_0002_E_0006818,-8.2975962524
CtrSVDD_0003_E_0006819,-3.8509999587
CtrSVDD_0004_E_0006820,-8.4310051497
CtrSVDD_0005_E_0006821,-6.5200231270
CtrSVDD_0006_E_0006822,-5.4996971111
CtrSVDD_0007_E_0006823,-4.5662702867
CtrSVDD_0008_E_0006824,0.2740578323
CtrSVDD_0009_E_0006825,-4.4208499292
CtrSVDD_0010_E_0006826,-7.1711048123
CtrSVDD_0011_E_0006827,-1.7936637989
CtrSVDD_0012_E_0006828,-5.1323087271
CtrSVDD_0013_E_0006829,0.1793015971
CtrSVDD_0014_E_0006830,-2.0143179776
CtrSVDD_0015_E_0006831,-6.8946871826
CtrSVDD_0016_E_0006832,-6.6584215560
CtrSVDD_0017_E_0006833,-3.9257925669
CtrSVDD_0018_E_0006834,-7.5383213465
CtrSVDD_0019_E_0006835,1.3412758765
CtrSVDD_0020_E_0006836,-8.7883093130
CtrSVDD_0021_E_0006837,-6.4633815283
CtrSVDD_0022_E_0006838,-5.5077216285
CtrSVDD_0023_E_0006839,-4.9030645618
CtrSVDD_0024_E_0006840,-3.1204262681
CtrSVDD_0025_E_0006841,-4.8978957837
CtrSVDD_0026_E_0006842,-7.7637942312
CtrSVDD_0027_E_0006843,-8.1828506451
CtrSVDD_0028_E_0006844,-3.3815228197
CtrSVDD_0029_E_0006845,0.5865921165
CtrSVDD_0030_E_0006846,-0.1488734770
CtrSVDD_0031_E_0006847,-4.9631279733
CtrSVDD_0032_E_0006848,-6.2083261893
CtrSVDD_0033_E_0006849,0.5117628915
CtrSVDD_0034_E_0006850,-7.9452844011
CtrSVDD_0035_E_0006851,-5.0097046725
CtrSVDD_0036_E_0006852,-7.0802225287
CtrSVDD_0037_E_0006853,-7.4148807289
CtrSVDD_0038_E_0006854,-6.0041398824
CtrSVDD_0039_E_0006855,-0.4489609573
CtrSVDD_0040_E_0006856,-7.1748022241
CtrSVDD_0041_E_0006857,-5.8545866812
CtrSVDD_0042_E_0006858,0.0132888781
CtrSVDD_0043_E_0006859,-0.4848395315
CtrSVDD_0044_E_0006860,-8.3158783619
CtrSVDD_0045_E_0006861,-6.6914121333
CtrSVDD_0046_E_0006862,1.2020280035
CtrSVDD_0047_E_0006863,-6.2157665577
CtrSVDD_0000_E_0006864,-6.4495617213
CtrSVDD_0001_E_0006865,0.1241106340
CtrSVDD_0002_E_0006866,-5.7730323283
CtrSVDD_0003_E_0006867,-6.5597513442
CtrSVDD_0004_E_0006868,-7.8302904772
CtrSVDD_0005_E_0006869,-5.8086383971
CtrSVDD_0006_E_0006870,1.5544859921
CtrSVDD_0007_E_0006871,-7.8882115410
CtrSVDD_0008_E_0006872,-6.4263723182
CtrSVDD_0009_E_0006873,0.9995624115
CtrSVDD_0010_E_0006874,-6.5288216631
CtrSVDD_0011_E_0006875,-7.7512402534
CtrSVDD_0012_E_0006876,-2.9698565115
CtrSVDD_0013_E_0006877,-6.5186096873
CtrSVDD_0014_E_0006878,-5.6701029627
CtrSVDD_0015_E_0006879,0.3788501997
CtrSVDD_0016_E_0006880,-5.7594685225
CtrSVDD_0017_E_0006881,-6.3013720877
CtrSVDD_0018_E_0006882,-7.4632951897
CtrSVDD_0019_E_0006883,-6.4932930056
CtrSVDD_0020_E_0006884,-5.1759263210
CtrSVDD_0021_E_0006885,0.6771261906
CtrSVDD_0022_E_0006886,-4.4271616269
CtrSVDD_0023_E_0006887,0.6826494433
CtrSVDD_0024_E_0006888,-4.4742559573
CtrSVDD_0025_E_0006889,-2.4403127622
CtrSVDD_0026_E_0006890,-3.3547303813
CtrSVDD_0027_E_0006891,-6.2862249940
CtrSVDD_0028_E_0006892,-6.9133582504
CtrSVDD_0029_E_0006893,-4.0307264575
CtrSVDD_0030_E_0006894,-6.2637020598
CtrSVDD_0031_E_0006895,-5.7263054966
CtrSVDD_0032_E_0006896,-3.3513734407
CtrSVDD_0033_E_0006897,-2.9962616906
CtrSVDD_0034_E_0006898,-7.4391561844
CtrSVDD_0035_E_0006899,-5.7939366202
CtrSVDD_0036_E_0006900,-5.7730470618
CtrSVDD_0037_E_0006901,-7.0083120954
CtrSVDD_0038_E_0006902,-8.8431451416
CtrSVDD_0039_E_0006903,-4.5081565926
CtrSVDD_0040_E_0006904,-6.1239789610
CtrSVDD_0041_E_0006905,0.5085764963
CtrSVDD_0042_E_0006906,-4.1204771005
CtrSVDD_0043_E_0006907,-5.3883954504
CtrSVDD_0044_E_0006908,-8.2695955061
CtrSVDD_0045_E_0006909,-6.8900269307
CtrSVDD_0046_E_0006910,-6.9177839260
CtrSVDD_0047_E_0006911,-0.6066475734
CtrSVDD_0000_E_0006912,1.3880734414
CtrSVDD_0001_E_0006913,-7.0706814269
CtrSVDD_0002_E_0006914,-5.5500973596
CtrSVDD_0003_E_0006915,-6.7329918523
CtrSVDD_0004_E_0006916,-6.6052985577
CtrSVDD_0005_E_0006917,-7.3195301004
CtrSVDD_0006_E_0006918,-6.2232166000
CtrSVDD_0007_E_0006919,-5.9224773346
CtrSVDD_0008_E_0006920,-5.6878541993
CtrSVDD_0009_E_0006921,-6.3984055686
CtrSVDD_0010_E_0006922,-5.6219963919
CtrSVDD_0011_E_0006923,-6.2974401882
CtrSVDD_0012_E_0006924,-7.5827801453
CtrSVDD_0013_E_0006925,-5.4516284882
CtrSVDD_0014_E_0006926,-8.0808755457
CtrSVDD_0015_E_0006927,-3.8224190657
CtrSVDD_0016_E_0006928,-7.0567653626
CtrSVDD_0017_E_0006929,-3.9929314072
CtrSVDD_0018_E_0006930,-5.6243582964
CtrSVDD_0019_E_0006931,-3.5902680078
CtrSVDD_0020_E_0006932,-8.7285295939
CtrSVDD_0021_E_0006933,-4.9032541055
CtrSVDD_0022_E_0006934,-6.9977751813
CtrSVDD_0023_E_0006935,-8.7337281011
CtrSVDD_0024_E_0006936,-4.6612428206
CtrSVDD_0025_E_0006937,-8.1878250350
CtrSVDD_0026_E_0006938,-7.1538837555
CtrSVDD_0027_E_0006939,-8.6497517140
CtrSVDD_0028_E_0006940,-6.7435883943
CtrSVDD_0029_E_0006941,-5.3090894163
CtrSVDD_0030_E_0006942,-6.1537155373
CtrSVDD_0031_E_0006943,-6.8258839587
CtrSVDD_0032_E_0006944,-0.4974643919
CtrSVDD_0033_E_0006945,-5.2208353462
CtrSVDD_0034_E_0006946,-5.1366253463
CtrSVDD_0035_E_0006947,-2.8464853556
CtrSVDD_0036_E_0006948,-4.1420626768
CtrSVDD_0037_E_0006949,-2.5399476042
CtrSVDD_0038_E_0006950,-3.9556438190
CtrSVDD_0039_E_0006951,-5.2885481979
CtrSVDD_0040_E_0006952,-7.5799985604
CtrSVDD_0041_E_0006953,-8.3686354150
CtrSVDD_0042_E_0006954,-5.3212574202
CtrSVDD_0043_E_0006955,-1.4470623406
CtrSVDD_0044_E_0006956,-4.0966835637
CtrSVDD_0045_E_0006957,-7.8929632172
CtrSVDD_0046_E_0006958,-6.5244148287
CtrSVDD_0047_E_0006959,-7.2761451807
CtrSVDD_0000_E_0006960,0.6406295548
CtrSVDD_0001_E_0006961,-7.7487860928
CtrSVDD_0002_E_0006962,-0.4412387283
CtrSVDD_0003_E_0006963,-5.4086008568
CtrSVDD_0004_E_0006964,-3.9027964261
CtrSVDD_0005_E_0006965,-0.5899181344
CtrSVDD_0006_E_0006966,-6.6159091707
CtrSVDD_0007_E_0006967,-2.6824154472
CtrSVDD_0008_E_0006968,-6.9498088810
CtrSVDD_0009_E_0006969,-5.8953750718
CtrSVDD_0010_E_0006970,-4.3007349864
CtrSVDD_0011_E_0006971,-2.9411904836
CtrSVDD_0012_E_0006972,-5.2298152599
CtrSVDD_0013_E_0006973,-6.5171492344
CtrSVDD_0014_E_0006974,-5.6193790051
CtrSVDD_0015_E_0006975,-7.5226201847
CtrSVDD_0016_E_0006976,-7.4284889991
CtrSVDD_0017_E_0006977,-5.0196106708
CtrSVDD_0018_E_0006978,-0.5117628915
CtrSVDD_0019_E_0006979,-3.9066222464
CtrSVDD_0020_E_0006980,-6.9958427420
CtrSVDD_0021_E_0006981,-5.5486314003
CtrSVDD_0022_E_0006982,-6.7821763750
CtrSVDD_0023_E_0006983,-7.0846452059
CtrSVDD_0024_E_0006984,-3.7632450192
CtrSVDD_0025_E_0006985,-6.3506658892
CtrSVDD_0026_E_0006986,-6.7728914422
CtrSVDD_0027_E_0006987,-7.1632670360
CtrSVDD_0028_E_0006988,-2.5574139520
CtrSVDD_0029_E_0006989,-5.6258742977
CtrSVDD_0030_E_0006990,-5.0341384306
CtrSVDD_0031_E_0006991,-7.3728858535
CtrSVDD_0032_E_0006992,-5.4728083304
CtrSVDD_0033_E_0006993,-0.1963860225
CtrSVDD_0034_E_0006994,0.3803534882
CtrSVDD_0035_E_0006995,-6.3022351171
CtrSVDD_0036_E_0006996,-6.2502830142
CtrSVDD_0037_E_0006997,-3.2203883470
CtrSVDD_0038_E_0006998,-5.1570699235
CtrSVDD_0039_E_0006999,-5.7063281682
CtrSVDD_0040_E_0007000,-5.0120445077
CtrSVDD_0041_E_0007001,-5.9240711521
CtrSVDD_0042_E_0007002,-6.7414143788
CtrSVDD_0043_E_0007003,-7.0570980442
CtrSVDD_0044_E_0007004,-3.6018352064
CtrSVDD_0045_E_0007005,-6.1376184774
CtrSVDD_0046_E_0007006,-5.8865998220
CtrSVDD_0047_E_0007007,-6.3843593948
CtrSVDD_0000_E_0007008,-6.2078508711
CtrSVDD_0001_E_0007009,-5.7766951958
CtrSVDD_0002_E_0007010,1.8696725349
CtrSVDD_0003_E_0007011,-3.7817697938
CtrSVDD_0004_E_0007012,-7.0474344450
CtrSVDD_0005_E_0007013,-5.0754618595
CtrSVDD_0006_E_0007014,-5.4850322369
CtrSVDD_0007_E_0007015,-6.1666583701
CtrSVDD_0008_E_0007016,-4.4954560421
CtrSVDD_0009_E_0007017,-6.2474525392
CtrSVDD_0010_E_0007018,-7.1421768886
CtrSVDD_0011_E_0007019,-5.2991839985
CtrSVDD_0012_E_0007020,-3.3714883097
CtrSVDD_0013_E_0007021,-5.7646438048
CtrSVDD_0014_E_0007022,1.3064303511
CtrSVDD_0015_E_0007023,2.3143720728
CtrSVDD_0016_E_0007024,-6.7566609473
CtrSVDD_0017_E_0007025,-8.2163157767
CtrSVDD_0018_E_0007026,-7.4437501717
CtrSVDD_0019_E_0007027,-4.4156433717
CtrSVDD_0020_E_0007028,0.3653585875
CtrSVDD_0021_E_0007029,-1.8747589502
CtrSVDD_0022_E_0007030,-0.5165522584
CtrSVDD_0023_E_0007031,-5.8185974306
CtrSVDD_0024_E_0007032,-4.0746187439
CtrSVDD_0025_E_0007033,-5.7923911302
CtrSVDD_0026_E_0007034,-0.0132888781
CtrSVDD_0027_E_0007035,-7.5988757495
CtrSVDD_0028_E_0007036,-7.6112972244
CtrSVDD_0029_E_0007037,-6.0255158173
CtrSVDD_0030_E_0007038,-4.9176393357
CtrSVDD_0031_E_0007039,-1.4757080613
CtrSVDD_0032_E_0007040,-7.8301753196
CtrSVDD_0033_E_0007041,-5.3931882752
CtrSVDD_0034_E_0007042,0.4042036749
CtrSVDD_0035_E_0007043,-5.4538913517
CtrSVDD_0036_E_0007044,-6.2512051837
CtrSVDD_0037_E_0007045,-6.9082719131
CtrSVDD_0038_E_0007046,-0.5667698816
CtrSVDD_0039_E_0007047,-4.0747922894
CtrSVDD_0040_E_0007048,-7.0209655907
CtrSVDD_0041_E_0007049,-0.6841798459
CtrSVDD_0042_E_0007050,-5.7698343243
CtrSVDD_0043_E_0007051,-6.3003819351
CtrSVDD_0044_E_0007052,-6.0277950686
CtrSVDD_0045_E_0007053,-7.4810645815
CtrSVDD_0046_E_0007054,-6.1484787694
CtrSVDD_0047_E_0007055,-6.1812092602
CtrSVDD_0000_E_0007056,-4.1099562004
CtrSVDD_0001_E_0007057,-6.0174531494
CtrSVDD_0002_E_0007058,-5.9692757281
CtrSVDD_0003_E_0007059,-5.4261433172
CtrSVDD_0004_E_0007060,-4.0257604655
CtrSVDD_0005_E_0007061,-2.2966440994
CtrSVDD_0006_E_0007062,-8.1805854810
CtrSVDD_0007_E_0007063,-5.4118390859
CtrSVDD_0008_E_0007064,-4.7889387917
CtrSVDD_0009_E_0007065,1.0913665906
CtrSVDD_0010_E_0007066,-6.0865712705
CtrSVDD_0011_E_0007067,-5.5365913757
CtrSVDD_0012_E_0007068,-7.1940760557
CtrSVDD_0013_E_0007069,-4.1155872533
CtrSVDD_0014_E_0007070,-4.4148238165
CtrSVDD_0015_E_0007071,-5.7996257526
CtrSVDD_0016_E_0007072,-6.8668826769
CtrSVDD_0017_E_0007073,-6.2015914217
CtrSVDD_0018_E_0007074,-7.3023100829
CtrSVDD_0019_E_0007075,-6.8979858777
CtrSVDD_0020_E_0007076,-6.3010669833
CtrSVDD_0021_E_0007077,-6.1628440436
CtrSVDD_0022_E_0007078,-5.5693969706
CtrSVDD_0023_E_0007079,-6.0545284638
CtrSVDD_0024_E_0007080,-5.0642434121
CtrSVDD_0025_E_0007081,-6.8615051369
CtrSVDD_0026_E_0007082,-6.2903257763
CtrSVDD_0027_E_0007083,-8.1171124541
CtrSVDD_0028_E_0007084,-7.9498174354
CtrSVDD_0029_E_0007085,1.2107154884
CtrSVDD_0030_E_0007086,-0.4644866708
CtrSVDD_0031_E_0007087,0.1835676051
CtrSVDD_0032_E_0007088,-7.4157933665
CtrSVDD_0033_E_0007089,-6.9191354131
CtrSVDD_0034_E_0007090,-7.5132949309
CtrSVDD_0035_E_0007091,-5.7387077310
CtrSVDD_0036_E_0007092,-8.6122545591
CtrSVDD_0037_E_0007093,-3.9947192126
CtrSVDD_0038_E_0007094,-3.0881497363
CtrSVDD_0039_E_0007095,-4.8997154249
CtrSVDD_0040_E_0007096,-6.6976788094
CtrSVDD_0041_E_0007097,-5.5205755160
CtrSVDD_0042_E_0007098,-4.8235205128
CtrSVDD_0043_E_0007099,-5.6735562224
CtrSVDD_0044_E_0007100,-4.1580988841
CtrSVDD_0045_E_0007101,-6.8366893735
CtrSVDD_0046_E_0007102,-4.3730326478
CtrSVDD_0047_E_0007103,-0.1721987889
CtrSVDD_0000_E_0007104,-6.3313959243
CtrSVDD_0001_E_0007105,-6.1168291179
CtrSVDD_0002_E_0007106,-4.9587878957
CtrSVDD_0003_E_0007107,-6.2379178172
CtrSVDD_0004_E_0007108,-6.0591172677
CtrSVDD_0005_E_0007109,0.9767699911
CtrSVDD_0006_E_0007110,-5.0805121879
CtrSVDD_0007_E_0007111,-6.6046662930
CtrSVDD_0008_E_0007112,-6.1723076911
CtrSVDD_0009_E_0007113,-7.1960116681
CtrSVDD_0010_E_0007114,-5.6622969997
CtrSVDD_0011_E_0007115,2.7784602291
CtrSVDD_0012_E_0007116,-6.8254395937
CtrSVDD_0013_E_0007117,-5.4337494374
CtrSVDD_0014_E_0007118,-5.4517361672
CtrSVDD_0015_E_0007119,-5.7736480807
CtrSVDD_0016_E_0007120,-6.3702679801
CtrSVDD_0017_E_0007121,-6.7826998467
CtrSVDD_0018_E_0007122,-4.7456042675
CtrSVDD_0019_E_0007123,-7.0011232806
CtrSVDD_0020_E_0007124,0.7886275707
CtrSVDD_0021_E_0007125,-6.2246139810
CtrSVDD_0022_E_0007126,-0.2595629833
CtrSVDD_0023_E_0007127,-6.5783477958
CtrSVDD_0024_E_0007128,-3.5192539944
CtrSVDD_0025_E_0007129,-5.4848817272
CtrSVDD_0026_E_0007130,-6.5277676426
CtrSVDD_0027_E_0007131,-4.5936825813
CtrSVDD_0028_E_0007132,-7.0975866414
CtrSVDD_0029_E_0007133,-5.3661774275
CtrSVDD_0030_E_0007134,-5.1852545184
CtrSVDD_0031_E_0007135,-3.5212476922
CtrSVDD_0032_E_0007136,-5.0753565339
CtrSVDD_0033_E_0007137,-5.4401017803
CtrSVDD_0034_E_0007138,-3.7883541886
CtrSVDD_0035_E_0007139,0.2973713219
CtrSVDD_0036_E_0007140,-7.5651004228
CtrSVDD_0037_E_0007141,-7.4947856048
CtrSVDD_0038_E_0007142,-4.7091854008
CtrSVDD_0039_E_0007143,-5.8321338421
CtrSVDD_0040_E_0007144,-2.6012276341
CtrSVDD_0041_E_0007145,-5.8677823754
CtrSVDD_0042_E_0007146,-6.6153592335
CtrSVDD_0043_E_0007147,-5.3085336333
CtrSVDD_0044_E_0007148,-7.9845284123
CtrSVDD_0045_E_0007149,-7.7694923976
CtrSVDD_0046_E_0007150,-4.7204157372
CtrSVDD_0047_E_0007151,0.8002791039
CtrSVDD_0000_E_0007152,-6.5898883119
CtrSVDD_0001_E_0007153,-6.9252593916
CtrSVDD_0002_E_0007154,-5.2615843460
CtrSVDD_0003_E_0007155,0.7249705504
CtrSVDD_0004_E_0007156,-4.0216785224
CtrSVDD_0005_E_0007157,-4.7905525800
CtrSVDD_0006_E_0007158,-5.9602823098
CtrSVDD_0007_E_0007159,-6.8019354971
CtrSVDD_0008_E_0007160,-4.2332950174
CtrSVDD_0009_E_0007161,0.5165522584
CtrSVDD_0010_E_0007162,-7.7562418468
CtrSVDD_0011_E_0007163,-5.7999211266
CtrSVDD_0012_E_0007164,-6.8210130456
CtrSVDD_0013_E_0007165,-5.8405064432
CtrSVDD_0014_E_0007166,-3.8339116359
CtrSVDD_0015_E_0007167,-6.5231898699
CtrSVDD_0016_E_0007168,-5.5668012090
CtrSVDD_0017_E_0007169,-5.3567440792
CtrSVDD_0018_E_0007170,1.1118956117
CtrSVDD_0019_E_0007171,-7.9963926085
CtrSVDD_0020_E_0007172,-5.8592855159
CtrSVDD_0021_E_0007173,-6.2095825668
CtrSVDD_0022_E_0007174,-2.9294696251
CtrSVDD_0023_E_0007175,-7.3921495233
CtrSVDD_0024_E_0007176,-0.3267438821
CtrSVDD_0025_E_0007177,-5.1801847849
CtrSVDD_0026_E_0007178,-1.9439844904
CtrSVDD_0027_E_0007179,0.7992729940
CtrSVDD_0028_E_0007180,-3.3227609161
CtrSVDD_0029_E_0007181,-6.2041907882
CtrSVDD_0030_E_0007182,-5.2349342638
CtrSVDD_0031_E_0007183,-7.5462384111
CtrSVDD_0032_E_0007184,-5.9403785449
CtrSVDD_0033_E_0007185,-1.8587820645
CtrSVDD_0034_E_0007186,-7.3045853038
CtrSVDD_0035_E_0007187,-5.3338902849
CtrSVDD_0036_E_0007188,-6.1345198119
CtrSVDD_0037_E_0007189,-3.4132096996
CtrSVDD_0038_E_0007190,-7.7586351176
CtrSVDD_0039_E_0007191,-5.9258296614
CtrSVDD_0040_E_0007192,-8.3690501250
CtrSVDD_0041_E_0007193,-6.7989588214
CtrSVDD_0042_E_0007194,-7.8043183440
CtrSVDD_0043_E_0007195,-5.9517216604
CtrSVDD_0044_E_0007196,-5.7159361199
CtrSVDD_0045_E_0007197,-7.8382825591
CtrSVDD_0046_E_0007198,-6.6840575631
CtrSVDD_0047_E_0007199,-6.1805330859
CtrSVDD_0000_E_0007200,0.7408576739
CtrSVDD_0001_E_0007201,-6.1315246253
CtrSVDD_0002_E_0007202,-4.0709304480
CtrSVDD_0003_E_0007203,-7.3882854334
CtrSVDD_0004_E_0007204,-5.9425924664
CtrSVDD_0005_E_0007205,-8.4887551295
CtrSVDD_0006_E_0007206,-5.5189752670
CtrSVDD_0007_E_0007207,-7.7119569539
CtrSVDD_0008_E_0007208,-5.0804751997
CtrSVDD_0009_E_0007209,-0.1594353462
CtrSVDD_0010_E_0007210,-5.3827340572
CtrSVDD_0011_E_0007211,-7.5239085359
CtrSVDD_0012_E_0007212,-5.7461783591
CtrSVDD_0013_E_0007213,-7.7390224780
CtrSVDD_0014_E_0007214,-5.7789238605
CtrSVDD_0015_E_0007215,-7.4225284713
CtrSVDD_0016_E_0007216,-4.9867456545
CtrSVDD_0017_E_0007217,-6.2906932599
CtrSVDD_0018_E_0007218,-7.1226798272
CtrSVDD_0019_E_0007219,-6.4115058951
CtrSVDD_0020_E_0007220,0.4258723100
CtrSVDD_0021_E_0007221,-7.9185995843
CtrSVDD_0022_E_0007222,-4.7841582247
CtrSVDD_0023_E_0007223,-7.2268263405
CtrSVDD_0024_E_0007224,-7.8354735414
CtrSVDD_0025_E_0007225,-6.0925597080
CtrSVDD_0026_E_0007226,-0.2610099665
CtrSVDD_0027_E_0007227,-5.9641671711
CtrSVDD_0028_E_0007228,-4.8756870612
CtrSVDD_0029_E_0007229,1.0837857127
CtrSVDD_0030_E_0007230,-7.2167211030
CtrSVDD_0031_E_0007231,-3.5142977049
CtrSVDD_0032_E_0007232,-3.9398050355
CtrSVDD_0033_E_0007233,0.2035211983
CtrSVDD_0034_E_0007234,-6.4324743921
CtrSVDD_0035_E_0007235,-6.6616203488
CtrSVDD_0036_E_0007236,-6.5901392007
CtrSVDD_0037_E_0007237,-0.8840409509
CtrSVDD_0038_E_0007238,-8.8751865198
CtrSVDD_0039_E_0007239,-2.5171119508
CtrSVDD_0040_E_0007240,-7.2202100892
CtrSVDD_0041_E_0007241,-8.1339302456
CtrSVDD_0042_E_0007242,-6.0453588196
CtrSVDD_0043_E_0007243,-6.6445670401
CtrSVDD_0044_E_0007244,-7.1507938636
CtrSVDD_0045_E_0007245,-0.1001806688
CtrSVDD_0046_E_0007246,-5.5438256968
CtrSVDD_0047_E_0007247,-4.2476215406
CtrSVDD_0000_E_0007248,-6.4621331251
CtrSVDD_0001_E_0007249,1.6019832540
CtrSVDD_0002_E_0007250,-6.0788391257
CtrSVDD_0003_E_0007251,-1.8356715369
CtrSVDD_0004_E_0007252,-5.3442174890
CtrSVDD_0005_E_0007253,-6.2815171329
CtrSVDD_0006_E_0007254,-8.2002372688
CtrSVDD_0007_E_0007255,-0.0624592578
CtrSVDD_0008_E_0007256,-7.5123959012
CtrSVDD_0009_E_0007257,-0.8514287083
CtrSVDD_0010_E_0007258,-1.4158888988
CtrSVDD_0011_E_0007259,-4.9640789559
CtrSVDD_0012_E_0007260,-3.0518143814
CtrSVDD_0013_E_0007261,-3.8309318606
CtrSVDD_0014_E_0007262,-1.2433804294
CtrSVDD_0015_E_0007263,-6.4187505499
CtrSVDD_0016_E_0007264,-3.6831559669
CtrSVDD_0017_E_0007265,-5.9924970559
CtrSVDD_0018_E_0007266,-7.1298929672
CtrSVDD_0019_E_0007267,-0.3713465049
CtrSVDD_0020_E_0007268,-7.2633407672
CtrSVDD_0021_E_0007269,-0.3223206095
CtrSVDD_0022_E_0007270,-4.1062101867
CtrSVDD_0023_E_0007271,-1.5643068011
CtrSVDD_0024_E_0007272,-7.7393292566
CtrSVDD_0025_E_0007273,-5.2929639170
CtrSVDD_0026_E_0007274,-5.2672743436
CtrSVDD_0027_E_0007275,-7.6716707422
CtrSVDD_0028_E_0007276,-5.4972671802
CtrSVDD_0029_E_0007277,-7.4171659661
CtrSVDD_0030_E_0007278,-7.5714461428
CtrSVDD_0031_E_0007279,-5.4072493697
CtrSVDD_0032_E_0007280,-7.1799468233
CtrSVDD_0033_E_0007281,-6.3991352952
CtrSVDD_0034_E_0007282,-0.3803534882
CtrSVDD_0035_E_0007283,-7.3865149089
CtrSVDD_0036_E_0007284,-7.5306896604
CtrSVDD_0037_E_0007285,-4.4167634457
CtrSVDD_0038_E_0007286,-7.7078009274
CtrSVDD_0039_E_0007287,-7.3085486687
CtrSVDD_0040_E_0007288,-6.3340329700
CtrSVDD_0041_E_0007289,-5.2140734304
CtrSVDD_0042_E_0007290,0.2278607921
CtrSVDD_0043_E_0007291,-5.9677586618
CtrSVDD_0044_E_0007292,-4.6639862375
CtrSVDD_0045_E_0007293,-4.7132776103
CtrSVDD_0046_E_0007294,-4.8962281946
CtrSVDD_0047_E_0007295,-8.5828296711
CtrSVDD_0000_E_0007296,-4.7234572301
CtrSVDD_0001_E_0007297,-0.2668034008
CtrSVDD_0002_E_0007298,-5.9320513960
CtrSVDD_0003_E_0007299,0.1523558843
CtrSVDD_0004_E_0007300,-1.0299927843
CtrSVDD_0005_E_0007301,-4.8342086238
CtrSVDD_0006_E_0007302,-0.1821452351
CtrSVDD_0007_E_0007303,-5.8511170562
CtrSVDD_0008_E_0007304,-6.8101509341
CtrSVDD_0009_E_0007305,-4.3153294273
CtrSVDD_0010_E_0007306,-9.0286866089
CtrSVDD_0011_E_0007307,-6.6376387958
CtrSVDD_0012_E_0007308,-2.1758009979
CtrSVDD_0013_E_0007309,-6.8785967149
CtrSVDD_0014_E_0007310,-6.7974437313
CtrSVDD_0015_E_0007311,-5.5471170680
CtrSVDD_0016_E_0007312,-6.2442714505
CtrSVDD_0017_E_0007313,-6.2753842748
CtrSVDD_0018_E_0007314,-5.0409852417
CtrSVDD_0019_E_0007315,-8.3112654839
CtrSVDD_0020_E_0007316,-7.7210429188
CtrSVDD_0021_E_0007317,-3.2564989565
CtrSVDD_0022_E_0007318,-2.5819433412
CtrSVDD_0023_E_0007319,-6.8607263141
CtrSVDD_0024_E_0007320,-3.9804486228
CtrSVDD_0025_E_0007321,-4.5674976108
CtrSVDD_0026_E_0007322,-5.3215994961
CtrSVDD_0027_E_0007323,-6.7766101609
CtrSVDD_0028_E_0007324,-6.4504583518
CtrSVDD_0029_E_0007325,-5.5907538440
CtrSVDD_0030_E_0007326,0.2112443551
CtrSVDD_0031_E_0007327,-6.0859530565
CtrSVDD_0032_E_0007328,-6.0468863765
CtrSVDD_0033_E_0007329,-1.9508985224
CtrSVDD_0034_E_0007330,-7.0944296160
CtrSVDD_0035_E_0007331,-0.3895708518
CtrSVDD_0036_E_0007332,-0.2422405838
CtrSVDD_0037_E_0007333,-3.4182017325
CtrSVDD_0038_E_0007334,0.4629291134
CtrSVDD_0039_E_0007335,-2.6733790000
CtrSVDD_0040_E_0007336,-8.9783574994
CtrSVDD_0041_E_0007337,-4.1507780643
CtrSVDD_0042_E_0007338,-0.6628312663
CtrSVDD_0043_E_0007339,-5.7685374660
CtrSVDD_0044_E_0007340,-5.2521302912
CtrSVDD_0045_E_0007341,-7.9978186398
CtrSVDD_0046_E_0007342,-4.9213582622
CtrSVDD_0047_E_0007343,-5.2741549815
CtrSVDD_0000_E_0007344,-4.6087611166
CtrSVDD_0001_E_0007345,-7.0475257162
CtrSVDD_0002_E_0007346,-6.1687128505
CtrSVDD_0003_E_0007347,-7.5629033227
CtrSVDD_0004_E_0007348,-7.1076206828
CtrSVDD_0005_E_0007349,-2.9023138309
CtrSVDD_0006_E_0007350,-5.4168963409
CtrSVDD_0007_E_0007351,-5.2101208902
CtrSVDD_0008_E_0007352,-6.9669181862
CtrSVDD_0009_E_0007353,-3.2410639691
CtrSVDD_0010_E_0007354,-5.8561523820
CtrSVDD_0011_E_0007355,-3.1097097171
CtrSVDD_0012_E_0007356,-4.2924536140
CtrSVDD_0013_E_0007357,-8.5247009691
CtrSVDD_0014_E_0007358,-7.1214216777
CtrSVDD_0015_E_0007359,-5.6115074552
CtrSVDD_0016_E_0007360,-5.9693905710
CtrSVDD_0017_E_0007361,-0.8861104068
CtrSVDD_0018_E_0007362,-5.3901124740
CtrSVDD_0019_E_0007363,-4.5145958219
CtrSVDD_0020_E_0007364,-4.6395810540
CtrSVDD_0021_E_0007365,-6.0616429213
CtrSVDD_0022_E_0007366,-6.2620592947
CtrSVDD_0023_E_0007367,-5.6031438958
CtrSVDD_0024_E_0007368,-0.2135279657
CtrSVDD_0025_E_0007369,-0.6859485777
CtrSVDD_0026_E_0007370,-4.2019413940
CtrSVDD_0027_E_0007371,-6.1988408313
CtrSVDD_0028_E_0007372,-5.9960776349
CtrSVDD_0029_E_0007373,-2.7929814772
CtrSVDD_0030_E_0007374,-0.5229565873
CtrSVDD_0031_E_0007375,-5.8777064339
CtrSVDD_0032_E_0007376,0.2944485424
CtrSVDD_0033_E_0007377,-4.5209594948
CtrSVDD_0034_E_0007378,-6.5578473167
CtrSVDD_0035_E_0007379,-1.0737737290
CtrSVDD_0036_E_0007380,-6.2065435953
CtrSVDD_0037_E_0007381,-5.3240753805
CtrSVDD_0038_E_0007382,-5.1629589382
CtrSVDD_0039_E_0007383,-6.7280003450
CtrSVDD_0040_E_0007384,0.5149544913
CtrSVDD_0041_E_0007385,-5.4483648498
CtrSVDD_0042_E_0007386,-5.1744829772
CtrSVDD_0043_E_0007387,-5.7292057733
CtrSVDD_0044_E_0007388,-7.9358969268
CtrSVDD_0045_E_0007389,-5.5819420391
CtrSVDD_0046_E_0007390,-6.5179371168
CtrSVDD_0047_E_0007391,-6.6038855561
CtrSVDD_0000_E_0007392,-5.7308776576
CtrSVDD_0001_E_0007393,-6.7928989018
CtrSVDD_0002_E_0007394,-4.7296201571
CtrSVDD_0003_E_0007395,-7.4418091183
CtrSVDD_0004_E_0007396,-4.9552661618
CtrSVDD_0005_E_0007397,-2.6620000540
CtrSVDD_0006_E_0007398,-0.1906850892
CtrSVDD_0007_E_0007399,2.3802881009
CtrSVDD_0008_E_0007400,-5.5803608486
CtrSVDD_0009_E_0007401,-6.1919389309
CtrSVDD_0010_E_0007402,-6.4356347987
CtrSVDD_0011_E_0007403,-0.3788501997
CtrSVDD_0012_E_0007404,-7.9295859224
CtrSVDD_0013_E_0007405,-5.8530215530
CtrSVDD_0014_E_0007406,0.7236053830
CtrSVDD_0015_E_0007407,-4.7275090333
CtrSVDD_0016_E_0007408,0.6133869154
CtrSVDD_0017_E_0007409,-3.7230240492
CtrSVDD_0018_E_0007410,-5.0719239913
CtrSVDD_0019_E_0007411,-3.9327911741
CtrSVDD_0020_E_0007412,-3.5853119563
CtrSVDD_0021_E_0007413,-7.9728144709
CtrSVDD_0022_E_0007414,-3.9627097012
CtrSVDD_0023_E_0007415,-7.3187989254
CtrSVDD_0024_E_0007416,-0.8799133538
CtrSVDD_0025_E_0007417,-5.0536646685
CtrSVDD_0026_E_0007418,-7.4951578088
CtrSVDD_0027_E_0007419,-4.9566124143
CtrSVDD_0028_E_0007420,-5.6413982740
CtrSVDD_0029_E_0007421,-5.8278455615
CtrSVDD_0030_E_0007422,-5.4212615952
CtrSVDD_0031_E_0007423,-5.5214328795
CtrSVDD_0032_E_0007424,-1.7141807469
CtrSVDD_0033_E_0007425,-1.6132189978
CtrSVDD_0034_E_0007426,-6.9766633827
CtrSVDD_0035_E_0007427,-8.1352796029
CtrSVDD_0036_E_0007428,-3.5787048772
CtrSVDD_0037_E_0007429,-6.1917304060
CtrSVDD_0038_E_0007430,-8.2029027700
CtrSVDD_0039_E_0007431,-6.5705723970
CtrSVDD_0040_E_0007432,-0.7345532687
CtrSVDD_0041_E_0007433,-7.0062779092
CtrSVDD_0042_E_0007434,-8.7829917528
CtrSVDD_0043_E_0007435,1.6101026823
CtrSVDD_0044_E_0007436,-7.9054203700
CtrSVDD_0045_E_0007437,-6.9418677861
CtrSVDD_0046_E_0007438,-7.0303215921
CtrSVDD_0047_E_0007439,-6.8745870305
CtrSVDD_0000_E_0007440,-7.8062909367
CtrSVDD_0001_E_0007441,0.2364828216
CtrSVDD_0002_E_0007442,-2.7548762404
CtrSVDD_0003_E_0007443,-6.2810345987
CtrSVDD_0004_E_0007444,-5.6872737630
CtrSVDD_0005_E_0007445,-7.6009002342
CtrSVDD_0006_E_0007446,-5.8378526979
CtrSVDD_0007_E_0007447,-5.3642662175
CtrSVDD_0008_E_0007448,-7.4950995023
CtrSVDD_0009_E_0007449,-4.0193661102
CtrSVDD_0010_E_0007450,-7.6277881862
CtrSVDD_0011_E_0007451,-0.9655620099
CtrSVDD_0012_E_0007452,-1.1571530850
CtrSVDD_0013_E_0007453,0.9283296332
CtrSVDD_0014_E_0007454,1.0252493761
CtrSVDD_0015_E_0007455,-7.5414827669
CtrSVDD_0016_E_0007456,-8.1156370775
CtrSVDD_0017_E_0007457,-8.0920796101
CtrSVDD_0018_E_0007458,-6.1161778033
CtrSVDD_0019_E_0007459,-1.3815546681
CtrSVDD_0020_E_0007460,0.8236186951
CtrSVDD_0021_E_0007461,-8.0035192727
CtrSVDD_0022_E_0007462,-6.2938466392
CtrSVDD_0023_E_0007463,-7.0805700574
CtrSVDD_0024_E_0007464,-2.7570178440
CtrSVDD_0025_E_0007465,-8.3734463302
CtrSVDD_0026_E_0007466,-6.5886134950
CtrSVDD_0027_E_0007467,0.1665228078
CtrSVDD_0028_E_0007468,-8.0404328004
CtrSVDD_0029_E_0007469,-6.6235989056
CtrSVDD_0030_E_0007470,-6.1453734148
CtrSVDD_0031_E_0007471,-5.7124739741
CtrSVDD_0032_E_0007472,-0.1100264567
CtrSVDD_0033_E_0007473,-6.4193482281
CtrSVDD_0034_E_0007474,-4.5752615035
CtrSVDD_0035_E_0007475,-5.8844406408
CtrSVDD_0036_E_0007476,-8.0594193593
CtrSVDD_0037_E_0007477,-5.0331767163
CtrSVDD_0038_E_0007478,-8.5654097316
CtrSVDD_0039_E_0007479,-6.4346226105
CtrSVDD_0040_E_0007480,-0.1325727936
CtrSVDD_0041_E_0007481,-3.2496462800
CtrSVDD_0042_E_0007482,-5.3302783715
CtrSVDD_0043_E_0007483,-5.8986559934
CtrSVDD_0044_E_0007484,-2.1278606530
CtrSVDD_0045_E_0007485,-6.8087770635
CtrSVDD_0046_E_0007486,-7.6331569201
CtrSVDD_0047_E_0007487,-5.7049213208
CtrSVDD_0000_E_0007488,-8.1585332072
CtrSVDD_0001_E_0007489,-6.4375059720
CtrSVDD_0002_E_0007490,-1.6927751974
CtrSVDD_0003_E_0007491,-7.5432836516
CtrSVDD_0004_E_0007492,-8.0710516172
CtrSVDD_0005_E_0007493,-5.1942692871
CtrSVDD_0006_E_0007494,-7.5234204919
CtrSVDD_0007_E_0007495,-7.5112619004
CtrSVDD_0008_E_0007496,-3.9911447517
CtrSVDD_0009_E_0007497,-7.1168510561
CtrSVDD_0010_E_0007498,-5.2204443097
CtrSVDD_0011_E_0007499,-6.1421307126
CtrSVDD_0012_E_0007500,-2.4153619386
CtrSVDD_0013_E_0007501,0.9121113029
CtrSVDD_0014_E_0007502,-6.3794033351
CtrSVDD_0015_E_0007503,-8.6697263717
CtrSVDD_0016_E_0007504,-5.1388449372
CtrSVDD_0017_E_0007505,-3.5968772561
CtrSVDD_0018_E_0007506,-0.7907762051
CtrSVDD_0019_E_0007507,-5.1169422307
CtrSVDD_0020_E_0007508,-6.1314229975
CtrSVDD_0021_E_0007509,-5.1890014084
CtrSVDD_0022_E_0007510,-7.2948139771
CtrSVDD_0023_E_0007511,-6.3734947187
CtrSVDD_0024_E_0007512,-5.8092897657
CtrSVDD_0025_E_0007513,-6.6085883112
CtrSVDD_0026_E_0007514,-8.2658540669
CtrSVDD_0027_E_0007515,-4.0123018329
CtrSVDD_0028_E_0007516,-5.2457318724
CtrSVDD_0029_E_0007517,-6.9648144303
CtrSVDD_0030_E_0007518,-7.3523203396
CtrSVDD_0031_E_0007519,-6.1845680399
CtrSVDD_0032_E_0007520,-6.3608472894
CtrSVDD_0033_E_0007521,0.5585763374
CtrSVDD_0034_E_0007522,-4.7791971530
CtrSVDD_0035_E_0007523,-5.3284494038
CtrSVDD_0036_E_0007524,-5.0637242462
CtrSVDD_0037_E_0007525,-7.8761014549
CtrSVDD_0038_E_0007526,-6.7147009040
CtrSVDD_0039_E_0007527,2.1757241556
CtrSVDD_0040_E_0007528,0.5006329560
CtrSVDD_0041_E_0007529,-8.6938567571
CtrSVDD_0042_E_0007530,-5.9298425027
CtrSVDD_0043_E_0007531,-0.0594835540
CtrSVDD_0044_E_0007532,-6.5551881881
CtrSVDD_0045_E_0007533,-8.5813447598
CtrSVDD_0046_E_0007534,-0.1049334829
CtrSVDD_0047_E_0007535,-3.8054407467
CtrSVDD_0000_E_0007536,-0.9745186026
CtrSVDD_0001_E_0007537,-7.6171993820
CtrSVDD_0002_E_0007538,-6.8708973154
CtrSVDD_0003_E_0007539,-5.4145471059
CtrSVDD_0004_E_0007540,-6.6676573122
CtrSVDD_0005_E_0007541,-6.1935055868
CtrSVDD_0006_E_0007542,-8.5940814703
CtrSVDD_0007_E_0007543,-6.1616279915
CtrSVDD_0008_E_0007544,-5.3147563422
CtrSVDD_0009_E_0007545,-0.0104911032
CtrSVDD_0010_E_0007546,0.1778803231
CtrSVDD_0011_E_0007547,-6.0244966851
CtrSVDD_0012_E_0007548,-6.7542939906
CtrSVDD_0013_E_0007549,-4.1458722555
CtrSVDD_0014_E_0007550,-6.2778215556
CtrSVDD_0015_E_0007551,-3.5885579098
CtrSVDD_0016_E_0007552,-6.8803141891
CtrSVDD_0017_E_0007553,-4.2196802220
CtrSVDD_0018_E_0007554,0.9745186026
CtrSVDD_0019_E_0007555,0.6912677074
CtrSVDD_0020_E_0007556,1.1544251897
CtrSVDD_0021_E_0007557,-7.1043495695
CtrSVDD_0022_E_0007558,-5.0332742385
CtrSVDD_0023_E_0007559,-0.5309923114
CtrSVDD_0024_E_0007560,-5.8520903895
CtrSVDD_0025_E_0007561,-5.2929402052
CtrSVDD_0026_E_0007562,-6.8194065934
CtrSVDD_0027_E_0007563,-5.4085574743
CtrSVDD_0028_E_0007564,-0.7019651572
CtrSVDD_0029_E_0007565,-8.7738462696
CtrSVDD_0030_E_0007566,-7.4841027569
CtrSVDD_0031_E_0007567,-2.1900414235
CtrSVDD_0032_E_0007568,-1.2869759279
CtrSVDD_0033_E_0007569,-7.0200805036
CtrSVDD_0034_E_0007570,-6.1221433966
CtrSVDD_0035_E_0007571,-6.0529994625
CtrSVDD_0036_E_0007572,-4.1542198127
CtrSVDD_0037_E_0007573,-5.7919173271
CtrSVDD_0038_E_0007574,-3.3446539413
CtrSVDD_0039_E_0007575,-6.5026042385
CtrSVDD_0040_E_0007576,-3.3895438218
CtrSVDD_0041_E_0007577,-5.8895531139
CtrSVDD_0042_E_0007578,-0.9991357851
CtrSVDD_0043_E_0007579,-8.9160734495
CtrSVDD_0044_E_0007580,-7.9670378120
CtrSVDD_0045_E_0007581,-5.0586764216
CtrSVDD_0046_E_0007582,-4.9126515225
CtrSVDD_0047_E_0007583,-4.2883284674
CtrSVDD_0000_E_0007584,-7.3549313152
CtrSVDD_0001_E_0007585,-6.5500832894
CtrSVDD_0002_E_0007586,-0.1509409192
CtrSVDD_0003_E_0007587,-5.9813578507
CtrSVDD_0004_E_0007588,-7.7530724874
CtrSVDD_0005_E_0007589,-5.5759930909
CtrSVDD_0006_E_0007590,-4.5967176899
CtrSVDD_0007_E_0007591,-5.8151003482
CtrSVDD_0008_E_0007592,-9.2086125397
CtrSVDD_0009_E_0007593,-4.4560432317
CtrSVDD_0010_E_0007594,0.0216829145
CtrSVDD_0011_E_0007595,0.8527282741
CtrSVDD_0012_E_0007596,-5.4133683851
CtrSVDD_0013_E_0007597,-5.0281601019
CtrSVDD_0014_E_0007598,-4.3577845313
CtrSVDD_0015_E_0007599,-5.5503391147
CtrSVDD_0016_E_0007600,-6.6318644908
CtrSVDD_0017_E_0007601,-4.4510907332
CtrSVDD_0018_E_0007602,-5.7857505774
CtrSVDD_0019_E_0007603,-0.4075640663
CtrSVDD_0020_E_0007604,-5.5801303395
CtrSVDD_0021_E_0007605,-6.2458616356
CtrSVDD_0022_E_0007606,-5.3867437169
CtrSVDD_0023_E_0007607,-8.7461261725
CtrSVDD_0024_E_0007608,-3.0481515306
CtrSVDD_0025_E_0007609,-7.1902698108
CtrSVDD_0026_E_0007610,-0.2149592275
CtrSVDD_0027_E_0007611,-5.9274587220
CtrSVDD_0028_E_0007612,-6.4749277890
CtrSVDD_0029_E_0007613,-7.5296640778
CtrSVDD_0030_E_0007614,-0.5634879274
CtrSVDD_0031_E_0007615,-8.2082356705
CtrSVDD_0032_E_0007616,-6.9695311448
CtrSVDD_0033_E_0007617,-6.6719440467
CtrSVDD_0034_E_0007618,-7.7370846488
CtrSVDD_0035_E_0007619,-4.9124026472
CtrSVDD_0036_E_0007620,-4.8924259013
CtrSVDD_0037_E_0007621,-6.1548110248
CtrSVDD_0038_E_0007622,-4.8111054360
CtrSVDD_0039_E_0007623,-6.6386326577
CtrSVDD_0040_E_0007624,-4.5110257625
CtrSVDD_0041_E_0007625,-6.3318216052
CtrSVDD_0042_E_0007626,-5.6855673141
CtrSVDD_0043_E_0007627,-2.7887927138
CtrSVDD_0044_E_0007628,-5.8223037661
CtrSVDD_0045_E_0007629,-6.7310338399
CtrSVDD_0046_E_0007630,-7.6478821019
CtrSVDD_0047_E_0007631,-6.9868742380
CtrSVDD_0000_E_0007632,-5.5111057103
CtrSVDD_0001_E_0007633,-4.9368660392
CtrSVDD_0002_E_0007634,-7.8041779792
CtrSVDD_0003_E_0007635,-0.9028048733
CtrSVDD_0004_E_0007636,-3.5720987125
CtrSVDD_0005_E_0007637,1.4881218960
CtrSVDD_0006_E_0007638,-6.2345898399
CtrSVDD_0007_E_0007639,-6.4551609676
CtrSVDD_0008_E_0007640,-4.9635558883
CtrSVDD_0009_E_0007641,-0.4505086063
CtrSVDD_0010_E_0007642,-6.1635407392
CtrSVDD_0011_E_0007643,-3.8979438362
CtrSVDD_0012_E_0007644,-5.3356047784
CtrSVDD_0013_E_0007645,-4.7877654073
CtrSVDD_0014_E_0007646,-7.9536801132
CtrSVDD_0015_E_0007647,-6.6690479940
CtrSVDD_0016_E_0007648,-5.8998464730
CtrSVDD_0017_E_0007649,0.5072823611
CtrSVDD_0018_E_0007650,-5.8612681395
CtrSVDD_0019_E_0007651,-6.3726897976
CtrSVDD_0020_E_0007652,-8.8326656822
CtrSVDD_0021_E_0007653,-8.1417876129
CtrSVDD_0022_E_0007654,-5.2167027774
CtrSVDD_0023_E_0007655,0.4424632490
CtrSVDD_0024_E_0007656,-5.6832266867
CtrSVDD_0025_E_0007657,-6.2445308754
CtrSVDD_0026_E_0007658,-5.8381490184
CtrSVDD_0027_E_0007659,-3.6830268756
CtrSVDD_0028_E_0007660,-6.1158675532
CtrSVDD_0029_E_0007661,-5.9418079685
CtrSVDD_0030_E_0007662,-6.7508693818
CtrSVDD_0031_E_0007663,-6.8824889685
CtrSVDD_0032_E_0007664,1.4391373656
CtrSVDD_0033_E_0007665,-4.4836359478
CtrSVDD_0034_E_0007666,-4.6611563911
CtrSVDD_0035_E_0007667,-3.8326363826
CtrSVDD_0036_E_0007668,1.3573652672
CtrSVDD_0037_E_0007669,-6.1883398339
CtrSVDD_0038_E_0007670,-5.0383769312
CtrSVDD_0039_E_0007671,-4.4260560825
CtrSVDD_0040_E_0007672,-0.2740578323
CtrSVDD_0041_E_0007673,-4.7427827385
CtrSVDD_0042_E_0007674,-6.2650010416
CtrSVDD_0043_E_0007675,-3.8837783769
CtrSVDD_0044_E_0007676,-5.5342471446
CtrSVDD_0045_E_0007677,1.8281814675
CtrSVDD_0046_E_0007678,-7.4072687815
CtrSVDD_0047_E_0007679,-7.5418890091
CtrSVDD_0000_E_0007680,-4.6870606435
CtrSVDD_0001_E_0007681,-7.3257001085
CtrSVDD_0002_E_0007682,-6.3746276040
CtrSVDD_0003_E_0007683,-2.6083848875
CtrSVDD_0004_E_0007684,-6.8638518160
CtrSVDD_0005_E_0007685,-6.6989943770
CtrSVDD_0006_E_0007686,-5.1982802137
CtrSVDD_0007_E_0007687,-7.1026091239
CtrSVDD_0008_E_0007688,-4.8648732690
CtrSVDD_0009_E_0007689,-6.6613455899
CtrSVDD_0010_E_0007690,-5.2690560176
CtrSVDD_0011_E_0007691,-7.5420666001
CtrSVDD_0012_E_0007692,-6.7960886445
CtrSVDD_0013_E_0007693,1.6182838953
CtrSVDD_0014_E_0007694,-6.4572701318
CtrSVDD_0015_E_0007695,-6.6469111163
CtrSVDD_0016_E_0007696,-5.9027872619
CtrSVDD_0017_E_0007697,-5.4647426660
CtrSVDD_0018_E_0007698,-8.7391898082
CtrSVDD_0019_E_0007699,-5.1545483707
CtrSVDD_0020_E_0007700,-0.3728455586
CtrSVDD_0021_E_0007701,-7.9560745753
CtrSVDD_0022_E_0007702,-6.8404238041
CtrSVDD_0023_E_0007703,-6.4818716551
CtrSVDD_0024_E_0007704,-5.5454195143
CtrSVDD_0025_E_0007705,-6.4985486527
CtrSVDD_0026_E_0007706,-5.1571352481
CtrSVDD_0027_E_0007707,-8.5117103470
CtrSVDD_0028_E_0007708,-6.1168214102
CtrSVDD_0029_E_0007709,-6.8931615211
CtrSVDD_0030_E_0007710,-8.4533464063
CtrSVDD_0031_E_0007711,-6.4329204492
CtrSVDD_0032_E_0007712,-4.6484538041
CtrSVDD_0033_E_0007713,-5.0296370919
CtrSVDD_0034_E_0007714,-6.4843033910
CtrSVDD_0035_E_0007715,-1.7479758220
CtrSVDD_0036_E_0007716,-6.2961903808
CtrSVDD_0037_E_0007717,-6.9679582919
CtrSVDD_0038_E_0007718,-5.5929100850
CtrSVDD_0039_E_0007719,-9.1483347670
CtrSVDD_0040_E_0007720,-7.4084439423
CtrSVDD_0041_E_0007721,0.7660637131
CtrSVDD_0042_E_0007722,-1.0467803551
CtrSVDD_0043_E_0007723,-6.7052630020
CtrSVDD_0044_E_0007724,-6.8109034608
CtrSVDD_0045_E_0007725,-7.4157035171
CtrSVDD_0046_E_0007726,0.7090947688
CtrSVDD_0047_E_0007727,-4.4556920109
CtrSVDD_0000_E_0007728,-6.1329711750
CtrSVDD_0001_E_0007729,-5.9147226704
CtrSVDD_0002_E_0007730,-4.2801087103
CtrSVDD_0003_E_0007731,-3.5621906634
CtrSVDD_0004_E_0007732,-7.2441350945
CtrSVDD_0005_E_0007733,-7.6233598972
CtrSVDD_0006_E_0007734,-6.2114866116
CtrSVDD_0007_E_0007735,-4.5248346242
CtrSVDD_0008_E_0007736,-5.7615686807
CtrSVDD_0009_E_0007737,-1.0228863013
CtrSVDD_0010_E_0007738,-6.5370833263
CtrSVDD_0011_E_0007739,1.2494636636
CtrSVDD_0012_E_0007740,-0.2929880969
CtrSVDD_0013_E_0007741,-7.0976270150
CtrSVDD_0014_E_0007742,-6.0806528481
CtrSVDD_0015_E_0007743,-5.9571426722
CtrSVDD_0016_E_0007744,-3.6332624736
CtrSVDD_0017_E_0007745,-4.2536665254
CtrSVDD_0018_E_0007746,-6.7444427437
CtrSVDD_0019_E_0007747,-6.3765365814
CtrSVDD_0020_E_0007748,-3.1681677700
CtrSVDD_0021_E_0007749,-5.3450595757
CtrSVDD_0022_E_0007750,-5.8046131597
CtrSVDD_0023_E_0007751,-4.4533894220
CtrSVDD_0024_E_0007752,-7.0663745327
CtrSVDD_0025_E_0007753,-3.0645914443
CtrSVDD_0026_E_0007754,-6.4657282074
CtrSVDD_0027_E_0007755,-6.8368689477
CtrSVDD_0028_E_0007756,-7.1977125637
CtrSVDD_0029_E_0007757,-7.2375762364
CtrSVDD_0030_E_0007758,-6.1174825214
CtrSVDD_0031_E_0007759,-6.4645549800
CtrSVDD_0032_E_0007760,-6.6745842792
CtrSVDD_0033_E_0007761,-4.5103845737
CtrSVDD_0034_E_0007762,-6.7083697639
CtrSVDD_0035_E_0007763,-0.8392748757
CtrSVDD_0036_E_0007764,-6.7492462812
CtrSVDD_0037_E_0007765,-7.6090266591
CtrSVDD_0038_E_0007766,-5.1303959226
CtrSVDD_0039_E_0007767,-8.6754312686
CtrSVDD_0040_E_0007768,-5.0605957646
CtrSVDD_0041_E_0007769,-3.5043826846
CtrSVDD_0042_E_0007770,-8.2120886489
CtrSVDD_0043_E_0007771,-6.2572034099
CtrSVDD_0044_E_0007772,-7.0827024689
CtrSVDD_0045_E_0007773,-6.2366113285
CtrSVDD_0046_E_0007774,-4.1118316055
CtrSVDD_0047_E_0007775,-6.0824912308
CtrSVDD_0000_E_0007776,-4.0894306834
CtrSVDD_0001_E_0007777,-3.4048832480
CtrSVDD_0002_E_0007778,1.0540660493
CtrSVDD_0003_E_0007779,-6.7404504896
CtrSVDD_0004_E_0007780,-4.6631677214
CtrSVDD_0005_E_0007781,-6.8130332388
CtrSVDD_0006_E_0007782,-4.0180681547
CtrSVDD_0007_E_0007783,0.8157895069
CtrSVDD_0008_E_0007784,-6.5460562507
CtrSVDD_0009_E_0007785,-6.9645689190
CtrSVDD_0010_E_0007786,-7.6291632219
CtrSVDD_0011_E_0007787,-2.5068196809
CtrSVDD_0012_E_0007788,-2.3276533050
CtrSVDD_0013_E_0007789,-6.1021302382
CtrSVDD_0014_E_0007790,-1.0837857127
CtrSVDD_0015_E_0007791,-5.3303644538
CtrSVDD_0016_E_0007792,-4.4771030954
CtrSVDD_0017_E_0007793,-7.1059404731
CtrSVDD_0018_E_0007794,-5.2788590666
CtrSVDD_0019_E_0007795,-5.3925217638
CtrSVDD_0020_E_0007796,-6.2284082598
CtrSVDD_0021_E_0007797,-7.0995811542
CtrSVDD_0022_E_0007798,-6.2890814237
CtrSVDD_0023_E_0007799,-5.6133101677
CtrSVDD_0024_E_0007800,-6.8346274840
CtrSVDD_0025_E_0007801,-3.8003590198
CtrSVDD_0026_E_0007802,-8.5696312885
CtrSVDD_0027_E_0007803,-7.0748936752
CtrSVDD_0028_E_0007804,-5.5294476276
CtrSVDD_0029_E_0007805,-0.4629291134
CtrSVDD_0030_E_0007806,-5.6815999071
CtrSVDD_0031_E_0007807,-5.8970206278
CtrSVDD_0032_E_0007808,-7.8161814885
CtrSVDD_0033_E_0007809,-7.4681009876
CtrSVDD_0034_E_0007810,-6.7163097841
CtrSVDD_0035_E_0007811,-5.7059564072
CtrSVDD_0036_E_0007812,-5.9260169907
CtrSVDD_0037_E_0007813,-7.4026593408
CtrSVDD_0038_E_0007814,-0.2436812725
CtrSVDD_0039_E_0007815,-5.1230069580
CtrSVDD_0040_E_0007816,-2.8686254818
CtrSVDD_0041_E_0007817,-5.8123990235
CtrSVDD_0042_E_0007818,0.6032504628
CtrSVDD_0043_E_0007819,-3.0389699824
CtrSVDD_0044_E_0007820,1.1067196000
CtrSVDD_0045_E_0007821,-0.8374427401
CtrSVDD_0046_E_0007822,0.1368073982
CtrSVDD_0047_E_0007823,-6.8315635723
CtrSVDD_0000_E_0007824,-5.5327459772
CtrSVDD_0001_E_0007825,-5.8765602365
CtrSVDD_0002_E_0007826,-6.4649685201
CtrSVDD_0003_E_0007827,-7.6939942159
CtrSVDD_0004_E_0007828,0.5651281436
CtrSVDD_0005_E_0007829,-6.3403591063
CtrSVDD_0006_E_0007830,-5.2324886698
CtrSVDD_0007_E_0007831,-6.0715125804
CtrSVDD_0008_E_0007832,-7.8249100752
CtrSVDD_0009_E_0007833,-6.8392545731
CtrSVDD_0010_E_0007834,1.3365743780
CtrSVDD_0011_E_0007835,-0.4474143830
CtrSVDD_0012_E_0007836,-6.3999635730
CtrSVDD_0013_E_0007837,-7.2423978699
CtrSVDD_0014_E_0007838,-4.9302154155
CtrSVDD_0015_E_0007839,-8.3264255165
CtrSVDD_0016_E_0007840,-1.9832541700
CtrSVDD_0017_E_0007841,-6.1271163406
CtrSVDD_0018_E_0007842,-5.4001057440
CtrSVDD_0019_E_0007843,-4.9376236079
CtrSVDD_0020_E_0007844,-6.2032431719
CtrSVDD_0021_E_0007845,-6.6156779408
CtrSVDD_0022_E_0007846,-5.3942684055
CtrSVDD_0023_E_0007847,-0.2886104937
CtrSVDD_0024_E_0007848,-4.9332802232
CtrSVDD_0025_E_0007849,-7.4932273023
CtrSVDD_0026_E_0007850,0.2379215198
CtrSVDD_0027_E_0007851,-4.5960098542
CtrSVDD_0028_E_0007852,-8.1538532274
CtrSVDD_0029_E_0007853,-7.0752689181
CtrSVDD_0030_E_0007854,-7.0948642011
CtrSVDD_0031_E_0007855,-2.8706245377
CtrSVDD_0032_E_0007856,-2.2178631904
CtrSVDD_0033_E_0007857,-2.7901700424
CtrSVDD_0034_E_0007858,1.6137354486
CtrSVDD_0035_E_0007859,-7.4539927194
CtrSVDD_0036_E_0007860,-6.0423045422
CtrSVDD_0037_E_0007861,0.3821620437
CtrSVDD_0038_E_0007862,-6.0586233368
CtrSVDD_0039_E_0007863,-5.5274259614
CtrSVDD_0040_E_0007864,-6.0943960712
CtrSVDD_0041_E_0007865,1.6265283966
CtrSVDD_0042_E_0007866,-6.3592750524
CtrSVDD_0043_E_0007867,-1.7513640510
CtrSVDD_0044_E_0007868,-2.0689842831
CtrSVDD_0045_E_0007869,-5.6395234617
CtrSVDD_0046_E_0007870,-5.8970734551
CtrSVDD_0047_E_0007871,-7.9893290357
CtrSVDD_0000_E_0007872,-6.0683032509
CtrSVDD_0001_E_0007873,-6.7303593840
CtrSVDD_0002_E_0007874,-5.7232471961
CtrSVDD_0003_E_0007875,-6.9525631557
CtrSVDD_0004_E_0007876,-7.5028642700
CtrSVDD_0005_E_0007877,-2.6412760557
CtrSVDD_0006_E_0007878,-5.7365572711
CtrSVDD_0007_E_0007879,-5.8747037684
CtrSVDD_0008_E_0007880,-2.8904943313
CtrSVDD_0009_E_0007881,-5.1483204943
CtrSVDD_0010_E_0007882,-7.7126550290
CtrSVDD_0011_E_0007883,-6.0660074086
CtrSVDD_0012_E_0007884,-3.7380777060
CtrSVDD_0013_E_0007885,0.6116994783
CtrSVDD_0014_E_0007886,-3.1222083855
CtrSVDD_0015_E_0007887,-5.0291396645
CtrSVDD_0016_E_0007888,-7.8498605491
CtrSVDD_0017_E_0007889,-6.0148624490
CtrSVDD_0018_E_0007890,-4.0495096884
CtrSVDD_0019_E_0007891,-7.0418657138
CtrSVDD_0020_E_0007892,-5.8233882403
CtrSVDD_0021_E_0007893,-7.3257130101
CtrSVDD_0022_E_0007894,-6.3530951358
CtrSVDD_0023_E_0007895,-6.6018205656
CtrSVDD_0024_E_0007896,-4.8616622620
CtrSVDD_0025_E_0007897,-6.1970607919
CtrSVDD_0026_E_0007898,-7.1327666296
CtrSVDD_0027_E_0007899,-5.6152763905
CtrSVDD_0028_E_0007900,-2.3753539235
CtrSVDD_0029_E_0007901,-7.1589004711
CtrSVDD_0030_E_0007902,-5.5913366124
CtrSVDD_0031_E_0007903,-6.5108650221
CtrSVDD_0032_E_0007904,-6.9303863071
CtrSVDD_0033_E_0007905,-5.0773534727
CtrSVDD_0034_E_0007906,-7.5751237746
CtrSVDD_0035_E_0007907,-4.4166887543
CtrSVDD_0036_E_0007908,-4.6117481402
CtrSVDD_0037_E_0007909,0.2668034008
CtrSVDD_0038_E_0007910,-5.8264985749
CtrSVDD_0039_E_0007911,-5.2850184282
CtrSVDD_0040_E_0007912,-6.1733153080
CtrSVDD_0041_E_0007913,-6.8629960717
CtrSVDD_0042_E_0007914,1.2049137313
CtrSVDD_0043_E_0007915,-7.3570844216
CtrSVDD_0044_E_0007916,-4.9937612640
CtrSVDD_0045_E_0007917,-1.7259569108
CtrSVDD_0046_E_0007918,-6.7568413806
CtrSVDD_0047_E_0007919,-5.0675248882
CtrSVDD_0000_E_0007920,-3.3798514053
CtrSVDD_0001_E_0007921,-5.8619699327
CtrSVDD_0002_E_0007922,-4.3171701632
CtrSVDD_0003_E_0007923,-5.3728611394
CtrSVDD_0004_E_0007924,-7.1013704404
CtrSVDD_0005_E_0007925,-6.4279214179
CtrSVDD_0006_E_0007926,-6.8285009504
CtrSVDD_0007_E_0007927,-2.2997894870
CtrSVDD_0008_E_0007928,0.7514573812
CtrSVDD_0009_E_0007929,-8.5626453685
CtrSVDD_0010_E_0007930,-6.2506365180
CtrSVDD_0011_E_0007931,-6.3608498081
CtrSVDD_0012_E_0007932,-7.4103731209
CtrSVDD_0013_E_0007933,-7.2809588416
CtrSVDD_0014_E_0007934,-8.6303765837
CtrSVDD_0015_E_0007935,-7.4302127165
CtrSVDD_0016_E_0007936,-7.2626605366
CtrSVDD_0017_E_0007937,-5.5586614888
CtrSVDD_0018_E_0007938,-1.0638682391
CtrSVDD_0019_E_0007939,-1.3097211719
CtrSVDD_0020_E_0007940,-5.9768631080
CtrSVDD_0021_E_0007941,-6.0744337095
CtrSVDD_0022_E_0007942,0.2149592275
CtrSVDD_0023_E_0007943,-6.2095633726
CtrSVDD_0024_E_0007944,-7.0138362799
CtrSVDD_0025_E_0007945,-5.9216842426
CtrSVDD_0026_E_0007946,-0.5085764963
CtrSVDD_0027_E_0007947,-5.7477067736
CtrSVDD_0028_E_0007948,-8.3687909048
CtrSVDD_0029_E_0007949,-6.2653742966
CtrSVDD_0030_E_0007950,-2.8964134669
CtrSVDD_0031_E_0007951,-7.9704892651
CtrSVDD_0032_E_0007952,-2.0770782265
CtrSVDD_0033_E_0007953,-7.3413096751
CtrSVDD_0034_E_0007954,-3.5176019784
CtrSVDD_0035_E_0007955,-6.2704679817
CtrSVDD_0036_E_0007956,-5.2221781677
CtrSVDD_0037_E_0007957,2.1507868402
CtrSVDD_0038_E_0007958,3.4102301795
CtrSVDD_0039_E_0007959,-4.6748029912
CtrSVDD_0040_E_0007960,-4.3385364683
CtrSVDD_0041_E_0007961,-6.4879787712
CtrSVDD_0042_E_0007962,-5.8844370233
CtrSVDD_0043_E_0007963,-5.4384510574
CtrSVDD_0044_E_0007964,0.7567601723
CtrSVDD_0045_E_0007965,-5.2148590968
CtrSVDD_0046_E_0007966,-4.3142518770
CtrSVDD_0047_E_0007967,-2.4912088713
CtrSVDD_0000_E_0007968,-0.1636868392
CtrSVDD_0001_E_0007969,-6.0117607131
CtrSVDD_0002_E_0007970,-7.2558883106
CtrSVDD_0003_E_0007971,-0.2364828216
CtrSVDD_0004_E_0007972,-7.5793876781
CtrSVDD_0005_E_0007973,-3.1821726330
CtrSVDD_0006_E_0007974,-7.0555357577
CtrSVDD_0007_E_0007975,-8.7551261272
CtrSVDD_0008_E_0007976,-5.1852758725
CtrSVDD_0009_E_0007977,-6.2393303703
CtrSVDD_0010_E_0007978,-7.5195007446
CtrSVDD_0011_E_0007979,-7.7283634568
CtrSVDD_0012_E_0007980,-5.0888085464
CtrSVDD_0013_E_0007981,-6.3232305999
CtrSVDD_0014_E_0007982,-3.5605394143
CtrSVDD_0015_E_0007983,-5.5834562081
CtrSVDD_0016_E_0007984,-3.6566584111
CtrSVDD_0017_E_0007985,-5.4621248568
CtrSVDD_0018_E_0007986,-6.4146873525
CtrSVDD_0019_E_0007987,-6.2618470125
CtrSVDD_0020_E_0007988,-4.3534862548
CtrSVDD_0021_E_0007989,-6.6558210270
CtrSVDD_0022_E_0007990,1.3347095063
CtrSVDD_0023_E_0007991,-1.2956232963
CtrSVDD_0024_E_0007992,-5.9998852351
CtrSVDD_0025_E_0007993,0.9175473861
CtrSVDD_0026_E_0007994,-7.3041000458
CtrSVDD_0027_E_0007995,-6.3674538494
CtrSVDD_0028_E_0007996,-5.8131949487
CtrSVDD_0029_E_0007997,-8.3636774560
CtrSVDD_0030_E_0007998,-5.7011864742
CtrSVDD_0031_E_0007999,-5.4834426823
CtrSVDD_0032_E_0008000,-4.9268353914
CtrSVDD_0033_E_0008001,-5.3225234341
CtrSVDD_0034_E_0008002,-6.8921256970
CtrSVDD_0035_E_0008003,-6.5612719991
CtrSVDD_0036_E_0008004,-4.6802018363
CtrSVDD_0037_E_0008005,-3.3568718149
CtrSVDD_0038_E_0008006,-0.2552252796
CtrSVDD_0039_E_0008007,0.1353955945
CtrSVDD_0040_E_0008008,-5.1970577126
CtrSVDD_0041_E_0008009,-7.1696686745
CtrSVDD_0042_E_0008010,-7.4593663298
CtrSVDD_0043_E_0008011,-1.8712836272
CtrSVDD_0044_E_0008012,-5.1379951474
CtrSVDD_0045_E_0008013,-1.0888326775
CtrSVDD_0046_E_0008014,-3.9831918630
CtrSVDD_0047_E_0008015,-7.2812217875
CtrSVDD_0000_E_0008016,-3.5540261104
CtrSVDD_0001_E_0008017,-5.8662676948
CtrSVDD_0002_E_0008018,0.3385708627
CtrSVDD_0003_E_0008019,1.2403559942
CtrSVDD_0004_E_0008020,-6.8407592757
CtrSVDD_0005_E_0008021,-6.6307095308
CtrSVDD_0006_E_0008022,-5.6729376192
CtrSVDD_0007_E_0008023,-6.4797899508
CtrSVDD_0008_E_0008024,-7.1330996455
CtrSVDD_0009_E_0008025,-0.5520484215
CtrSVDD_0010_E_0008026,-6.1360689116
CtrSVDD_0011_E_0008027,-6.7232408870
CtrSVDD_0012_E_0008028,0.3710873993
CtrSVDD_0013_E_0008029,-5.0986395357
CtrSVDD_0014_E_0008030,-8.5384272239
CtrSVDD_0015_E_0008031,-7.6951773074
CtrSVDD_0016_E_0008032,-4.5870555261
CtrSVDD_0017_E_0008033,0.7792611537
CtrSVDD_0018_E_0008034,-4.0987371203
CtrSVDD_0019_E_0008035,0.2451224673
CtrSVDD_0020_E_0008036,0.0636878869
CtrSVDD_0021_E_0008037,-6.2863546358
CtrSVDD_0022_E_0008038,-5.8480859438
CtrSVDD_0023_E_0008039,-6.7903170620
CtrSVDD_0024_E_0008040,-0.3459867419
CtrSVDD_0025_E_0008041,-6.7553220200
CtrSVDD_0026_E_0008042,-6.5346013779
CtrSVDD_0027_E_0008043,1.1849199287
CtrSVDD_0028_E_0008044,-4.1010745736
CtrSVDD_0029_E_0008045,-5.8671286224
CtrSVDD_0030_E_0008046,1.0990107135
CtrSVDD_0031_E_0008047,0.7945121794
CtrSVDD_0032_E_0008048,-8.2966092691
CtrSVDD_0033_E_0008049,-0.7849588792
CtrSVDD_0034_E_0008050,-0.0398760261
CtrSVDD_0035_E_0008051,-7.0281940852
CtrSVDD_0036_E_0008052,-3.5324677101
CtrSVDD_0037_E_0008053,0.7673723835
CtrSVDD_0038_E_0008054,-7.8449360728
CtrSVDD_0039_E_0008055,-5.8684420366
CtrSVDD_0040_E_0008056,-0.9790263415
CtrSVDD_0041_E_0008057,-5.9461248442
CtrSVDD_0042_E_0008058,-6.9837842259
CtrSVDD_0043_E_0008059,-4.9859741889
CtrSVDD_0044_E_0008060,-0.2393607108
CtrSVDD_0045_E_0008061,-6.7295170304
CtrSVDD_0046_E_0008062,-7.3375146626
CtrSVDD_0047_E_0008063,-1.6787952007
CtrSVDD_0000_E_0008064,-6.9382943454
CtrSVDD_0001_E_0008065,-7.4139821356
CtrSVDD_0002_E_0008066,-7.7887181427
CtrSVDD_0003_E_0008067,-7.4495269104
CtrSVDD_0004_E_0008068,-7.0122446537
CtrSVDD_0005_E_0008069,-6.5206424459
CtrSVDD_0006_E_0008070,-5.8880771599
CtrSVDD_0007_E_0008071,-7.8849585920
CtrSVDD_0008_E_0008072,-7.3102489505
CtrSVDD_0009_E_0008073,-7.3797196984
CtrSVDD_0010_E_0008074,-1.7194519158
CtrSVDD_0011_E_0008075,-2.8738153786
CtrSVDD_0012_E_0008076,-3.0651616338
CtrSVDD_0013_E_0008077,-2.3984008539
CtrSVDD_0014_E_0008078,-5.8617232749
CtrSVDD_0015_E_0008079,-6.8611778195
CtrSVDD_0016_E_0008080,-7.7007789679
CtrSVDD_0017_E_0008081,-5.5787260809
CtrSVDD_0018_E_0008082,-6.2781903552
CtrSVDD_0019_E_0008083,-7.6046454454
CtrSVDD_0020_E_0008084,-5.1167475960
CtrSVDD_0021_E_0008085,-6.5463421332
CtrSVDD_0022_E_0008086,-6.3443779463
CtrSVDD_0023_E_0008087,-4.7094942750
CtrSVDD_0024_E_0008088,-7.6705972567
CtrSVDD_0025_E_0008089,-3.6360389816
CtrSVDD_0026_E_0008090,-6.1775860994
CtrSVDD_0027_E_0008091,-5.3674375923
CtrSVDD_0028_E_0008092,-2.3428021016
CtrSVDD_0029_E_0008093,-7.1832290587
CtrSVDD_0030_E_0008094,-5.5021153277
CtrSVDD_0031_E_0008095,-0.2480063880
CtrSVDD_0032_E_0008096,1.2901844981
CtrSVDD_0033_E_0008097,0.1679412931
CtrSVDD_0034_E_0008098,-6.9460013747
CtrSVDD_0035_E_0008099,-4.8866142105
CtrSVDD_0036_E_0008100,-4.1515998724
CtrSVDD_0037_E_0008101,-7.6960855702
CtrSVDD_0038_E_0008102,-4.9845249368
CtrSVDD_0039_E_0008103,-7.0700299344
CtrSVDD_0040_E_0008104,-7.4053713063
CtrSVDD_0041_E_0008105,-8.4663154776
CtrSVDD_0042_E_0008106,0.2711543501
CtrSVDD_0043_E_0008107,-5.0271780730
CtrSVDD_0044_E_0008108,-7.1372333607
CtrSVDD_0045_E_0008109,0.6932263160
CtrSVDD_0046_E_0008110,-7.0653832051
CtrSVDD_0047_E_0008111,-0.0694438963
CtrSVDD_0000_E_0008112,-3.2582103355
CtrSVDD_0001_E_0008113,-6.6179768026
CtrSVDD_0002_E_0008114,-4.7755164489
CtrSVDD_0003_E_0008115,-7.3239727450
CtrSVDD_0004_E_0008116,-4.7883401144
CtrSVDD_0005_E_0008117,-3.2322393837
CtrSVDD_0006_E_0008118,-7.6433888294
CtrSVDD_0007_E_0008119,-2.7289381412
CtrSVDD_0008_E_0008120,-3.9135806728
CtrSVDD_0009_E_0008121,-8.0514154673
CtrSVDD_0010_E_0008122,-6.6275906648
CtrSVDD_0011_E_0008123,-5.7257518563
CtrSVDD_0012_E_0008124,-5.4530343999
CtrSVDD_0013_E_0008125,-5.0485486208
CtrSVDD_0014_E_0008126,-6.3022850284
CtrSVDD_0015_E_0008127,-6.7340678426
CtrSVDD_0016_E_0008128,-5.7094018031
CtrSVDD_0017_E_0008129,-9.0496351543
CtrSVDD_0018_E_0008130,-5.0937954530
CtrSVDD_0019_E_0008131,-8.3939553364
CtrSVDD_0020_E_0008132,-6.8310753811
CtrSVDD_0021_E_0008133,-0.2339135217
CtrSVDD_0022_E_0008134,1.0562284023
CtrSVDD_0023_E_0008135,-4.9850751077
CtrSVDD_0024_E_0008136,-4.3882218471
CtrSVDD_0025_E_0008137,-5.6264543765
CtrSVDD_0026_E_0008138,-7.2149742852
CtrSVDD_0027_E_0008139,-6.6711207588
CtrSVDD_0028_E_0008140,-7.1465236456
CtrSVDD_0029_E_0008141,-6.7876950126
CtrSVDD_0030_E_0008142,-6.6462782099
CtrSVDD_0031_E_0008143,-3.7400635997
CtrSVDD_0032_E_0008144,-6.2402487988
CtrSVDD_0033_E_0008145,-8.3880193772
CtrSVDD_0034_E_0008146,-4.5438590679
CtrSVDD_0035_E_0008147,-5.9303384354
CtrSVDD_0036_E_0008148,-0.2703978671
CtrSVDD_0037_E_0008149,-6.3089316334
CtrSVDD_0038_E_0008150,0.9926705409
CtrSVDD_0039_E_0008151,-7.2359128528
CtrSVDD_0040_E_0008152,-4.9304168931
CtrSVDD_0041_E_0008153,-2.0186575418
CtrSVDD_0042_E_0008154,-4.6813230493
CtrSVDD_0043_E_0008155,-6.8399052125
CtrSVDD_0044_E_0008156,-7.4431124027
CtrSVDD_0045_E_0008157,-7.3458754936
CtrSVDD_0046_E_0008158,-6.9616730033
CtrSVDD_0047_E_0008159,-5.3766086869
CtrSVDD_0000_E_0008160,-6.5020599575
CtrSVDD_0001_E_0008161,-5.7278137458
CtrSVDD_0002_E_0008162,-6.9242880517
CtrSVDD_0003_E_0008163,-6.1364279532
CtrSVDD_0004_E_0008164,-3.0352874429
CtrSVDD_0005_E_0008165,-5.1992680976
CtrSVDD_0006_E_0008166,-6.0606474792
CtrSVDD_0007_E_0008167,-8.4751013667
CtrSVDD_0008_E_0008168,-0.2292966039
CtrSVDD_0009_E_0008169,-4.0071662952
CtrSVDD_0010_E_0008170,-8.0841338200
CtrSVDD_0011_E_0008171,0.0650895778
CtrSVDD_0012_E_0008172,-7.6692939555
CtrSVDD_0013_E_0008173,-6.3498285663
CtrSVDD_0014_E_0008174,-4.2842135352
CtrSVDD_0015_E_0008175,-6.2384291576
CtrSVDD_0016_E_0008176,-7.9265168921
CtrSVDD_0017_E_0008177,-6.6122244254
CtrSVDD_0018_E_0008178,-6.7202112088
CtrSVDD_0019_E_0008179,-6.7198947404
CtrSVDD_0020_E_0008180,-3.6290139682
CtrSVDD_0021_E_0008181,0.9503178414
CtrSVDD_0022_E_0008182,-6.4482861781
CtrSVDD_0023_E_0008183,2.1202823753
CtrSVDD_0024_E_0008184,-6.5508609910
CtrSVDD_0025_E_0008185,-5.6226924716
CtrSVDD_0026_E_0008186,-5.6491703459
CtrSVDD_0027_E_0008187,-5.7318489975
CtrSVDD_0028_E_0008188,-7.1851026317
CtrSVDD_0029_E_0008189,0.7363864709
CtrSVDD_0030_E_0008190,-1.2396424785
CtrSVDD_0031_E_0008191,-8.9368409609
CtrSVDD_0032_E_0008192,-6.3662570180
CtrSVDD_0033_E_0008193,-5.3750385274
CtrSVDD_0034_E_0008194,-5.5037296778
CtrSVDD_0035_E_0008195,-5.5350006867
CtrSVDD_0036_E_0008196,-5.5991978156
CtrSVDD_0037_E_0008197,-5.3980614794
CtrSVDD_0038_E_0008198,-7.6672649974
CtrSVDD_0039_E_0008199,-6.0929815872
CtrSVDD_0040_E_0008200,-5.8078662110
CtrSVDD_0041_E_0008201,-6.4811511944
CtrSVDD_0042_E_0008202,-7.1568821127
CtrSVDD_0043_E_0008203,-0.7455899122
CtrSVDD_0044_E_0008204,-8.1136376743
CtrSVDD_0045_E_0008205,-2.8805865992
CtrSVDD_0046_E_0008206,1.3679843837
CtrSVDD_0047_E_0008207,-2.6642833717
CtrSVDD_0000_E_0008208,-5.6098780741
CtrSVDD_0001_E_0008209,-6.3260687606
CtrSVDD_0002_E_0008210,-6.4079499203
CtrSVDD_0003_E_0008211,-6.2395646450
CtrSVDD_0004_E_0008212,-7.1645460168
CtrSVDD_0005_E_0008213,-4.8329970254
CtrSVDD_0006_E_0008214,-6.5678897370
CtrSVDD_0007_E_0008215,-4.7963619112
CtrSVDD_0008_E_0008216,-1.3583335339
CtrSVDD_0009_E_0008217,-9.4964496593
CtrSVDD_0010_E_0008218,-3.0718633140
CtrSVDD_0011_E_0008219,0.3504453938
CtrSVDD_0012_E_0008220,-5.0633178977
CtrSVDD_0013_E_0008221,-7.6189267977
CtrSVDD_0014_E_0008222,-6.3960773169
CtrSVDD_0015_E_0008223,-4.7269676885
CtrSVDD_0016_E_0008224,-7.3181538982
CtrSVDD_0017_E_0008225,-6.4245616813
CtrSVDD_0018_E_0008226,-7.8844255429
CtrSVDD_0019_E_0008227,1.1517058579
CtrSVDD_0020_E_0008228,-5.6950075300
CtrSVDD_0021_E_0008229,-7.6865258671
CtrSVDD_0022_E_0008230,-5.7936407607
CtrSVDD_0023_E_0008231,-0.5069852349
CtrSVDD_0024_E_0008232,-5.0053205046
CtrSVDD_0025_E_0008233,-6.6311243541
CtrSVDD_0026_E_0008234,-5.3774159089
CtrSVDD_0027_E_0008235,-8.1690209101
CtrSVDD_0028_E_0008236,-4.6741586076
CtrSVDD_0029_E_0008237,-7.3205743388
CtrSVDD_0030_E_0008238,-6.6458408814
CtrSVDD_0031_E_0008239,-5.1773388245
CtrSVDD_0032_E_0008240,-6.3865570264
CtrSVDD_0033_E_0008241,-7.2267724687
CtrSVDD_0034_E_0008242,-6.6138325070
CtrSVDD_0035_E_0008243,-9.0014943556
CtrSVDD_0036_E_0008244,-6.6777560353
CtrSVDD_0037_E_0008245,-5.5010635271
CtrSVDD_0038_E_0008246,-6.7926712911
CtrSVDD_0039_E_0008247,-6.9394851715
CtrSVDD_0040_E_0008248,-5.4667276182
CtrSVDD_0041_E_0008249,-5.5896530094
CtrSVDD_0042_E_0008250,-3.8190184435
CtrSVDD_0043_E_0008251,-5.9657815212
CtrSVDD_0044_E_0008252,-7.0927965557
CtrSVDD_0045_E_0008253,-3.7739511003
CtrSVDD_0046_E_0008254,-6.5140270136
CtrSVDD_0047_E_0008255,-6.1617918450
CtrSVDD_0000_E_0008256,-4.3513416506
CtrSVDD_0001_E_0008257,-6.8413525459
CtrSVDD_0002_E_0008258,-4.6739114489
CtrSVDD_0003_E_0008259,-3.2341845752
CtrSVDD_0004_E_0008260,-2.0814974982
CtrSVDD_0005_E_0008261,0.4803781156
CtrSVDD_0006_E_0008262,-0.1638787766
CtrSVDD_0007_E_0008263,-6.1288368543
CtrSVDD_0008_E_0008264,-4.6752255578
CtrSVDD_0009_E_0008265,-8.5803140505
CtrSVDD_0010_E_0008266,-7.2233812352
CtrSVDD_0011_E_0008267,-4.8611088878
CtrSVDD_0012_E_0008268,-4.4840882027
CtrSVDD_0013_E_0008269,-6.1906741142
CtrSVDD_0014_E_0008270,-5.7125973316
CtrSVDD_0015_E_0008271,-6.6237789723
CtrSVDD_0016_E_0008272,-6.3702768138
CtrSVDD_0017_E_0008273,-8.6634513332
CtrSVDD_0018_E_0008274,-8.2467211564
CtrSVDD_0019_E_0008275,-6.4996605002
CtrSVDD_0020_E_0008276,-5.2001300448
CtrSVDD_0021_E_0008277,-6.6596539679
CtrSVDD_0022_E_0008278,-6.7644408840
CtrSVDD_0023_E_0008279,-0.0272797511
CtrSVDD_0024_E_0008280,-8.5751435212
CtrSVDD_0025_E_0008281,-4.7136028583
CtrSVDD_0026_E_0008282,-8.1895132339
CtrSVDD_0027_E_0008283,-4.0688579186
CtrSVDD_0028_E_0008284,-4.6405416051
CtrSVDD_0029_E_0008285,1.0589544258
CtrSVDD_0030_E_0008286,-4.2914577819
CtrSVDD_0031_E_0008287,-5.7017149157
CtrSVDD_0032_E_0008288,-8.4619649106
CtrSVDD_0033_E_0008289,-7.1479707332
CtrSVDD_0034_E_0008290,-2.1164095816
CtrSVDD_0035_E_0008291,-6.7462093931
CtrSVDD_0036_E_0008292,-0.1184741650
CtrSVDD_0037_E_0008293,-8.7925869505
CtrSVDD_0038_E_0008294,-7.6450859411
CtrSVDD_0039_E_0008295,-1.1118956117
CtrSVDD_0040_E_0008296,-7.7303749286
CtrSVDD_0041_E_0008297,-6.5700010653
CtrSVDD_0042_E_0008298,1.3097211719
CtrSVDD_0043_E_0008299,-5.1871396510
CtrSVDD_0044_E_0008300,-4.2155073921
CtrSVDD_0045_E_0008301,-7.3711186210
CtrSVDD_0046_E_0008302,-0.1878369565
CtrSVDD_0047_E_0008303,-4.3779637593
CtrSVDD_0000_E_0008304,-6.0915894797
CtrSVDD_0001_E_0008305,-5.7842500545
CtrSVDD_0002_E_0008306,-6.3566696782
CtrSVDD_0003_E_0008307,-6.3276960197
CtrSVDD_0004_E_0008308,-2.6913940745
CtrSVDD_0005_E_0008309,1.0619105681
CtrSVDD_0006_E_0008310,-6.9645499409
CtrSVDD_0007_E_0008311,-2.7398000648
CtrSVDD_0008_E_0008312,0.1283405650
CtrSVDD_0009_E_0008313,-6.0848354744
CtrSVDD_0010_E_0008314,-4.5875826599
CtrSVDD_0011_E_0008315,-5.2439602936
CtrSVDD_0012_E_0008316,-5.7887033493
CtrSVDD_0013_E_0008317,-4.6654788781
CtrSVDD_0014_E_0008318,0.1580188258
CtrSVDD_0015_E_0008319,-2.6296231737
CtrSVDD_0016_E_0008320,-6.3247411249
CtrSVDD_0017_E_0008321,-5.4743280461
CtrSVDD_0018_E_0008322,-6.1265944059
CtrSVDD_0019_E_0008323,1.1792936900
CtrSVDD_0020_E_0008324,-6.6849756223
CtrSVDD_0021_E_0008325,-6.6330110182
CtrSVDD_0022_E_0008326,-8.0084123672
CtrSVDD_0023_E_0008327,-4.3648433970
CtrSVDD_0024_E_0008328,-6.1055726228
CtrSVDD_0025_E_0008329,1.1409127093
CtrSVDD_0026_E_0008330,-0.4350798563
CtrSVDD_0027_E_0008331,-4.6355403440
CtrSVDD_0028_E_0008332,-4.3129441295
CtrSVDD_0029_E_0008333,-8.4817666834
CtrSVDD_0030_E_0008334,-6.6867464782
CtrSVDD_0031_E_0008335,-9.5388791557
CtrSVDD_0032_E_0008336,-7.7149727565
CtrSVDD_0033_E_0008337,-7.3925846432
CtrSVDD_0034_E_0008338,-5.6332391284
CtrSVDD_0035_E_0008339,-0.3939223175
CtrSVDD_0036_E_0008340,-7.0916478792
CtrSVDD_0037_E_0008341,1.3297709502
CtrSVDD_0038_E_0008342,-7.0298231460
CtrSVDD_0039_E_0008343,-4.5240878092
CtrSVDD_0040_E_0008344,-4.0324516946
CtrSVDD_0041_E_0008345,-1.4947104358
CtrSVDD_0042_E_0008346,-6.2604415320
CtrSVDD_0043_E_0008347,1.2283701829
CtrSVDD_0044_E_0008348,-5.2671682803
CtrSVDD_0045_E_0008349,-5.6501467589
CtrSVDD_0046_E_0008350,-5.9404708875
CtrSVDD_0047_E_0008351,-7.0138065862
CtrSVDD_0000_E_0008352,-7.0249982272
CtrSVDD_0001_E_0008353,-7.6096310689
CtrSVDD_0002_E_0008354,-7.6069907502
CtrSVDD_0003_E_0008355,0.6544299850
CtrSVDD_0004_E_0008356,-5.8355078682
CtrSVDD_0005_E_0008357,-0.3519331562
CtrSVDD_0006_E_0008358,-3.3681401850
CtrSVDD_0007_E_0008359,-8.1848433124
CtrSVDD_0008_E_0008360,-6.7623967305
CtrSVDD_0009_E_0008361,0.5390624707
CtrSVDD_0010_E_0008362,-5.6090901295
CtrSVDD_0011_E_0008363,-4.2669654235
CtrSVDD_0012_E_0008364,-6.4987323940
CtrSVDD_0013_E_0008365,-4.7153193213
CtrSVDD_0014_E_0008366,-6.9406763179
CtrSVDD_0015_E_0008367,0.8688545674
CtrSVDD_0016_E_0008368,-5.8540714659
CtrSVDD_0017_E_0008369,-6.9359888878
CtrSVDD_0018_E_0008370,-6.7959287165
CtrSVDD_0019_E_0008371,-6.8275728441
CtrSVDD_0020_E_0008372,-5.9128276475
CtrSVDD_0021_E_0008373,-5.8597649676
CtrSVDD_0022_E_0008374,1.3130262377
CtrSVDD_0023_E_0008375,-6.8181418575
CtrSVDD_0024_E_0008376,-6.8505371999
CtrSVDD_0025_E_0008377,-6.9930077458
CtrSVDD_0026_E_0008378,-7.5510104493
CtrSVDD_0027_E_0008379,-5.2678745332
CtrSVDD_0028_E_0008380,-5.6579393888
CtrSVDD_0029_E_0008381,-7.2386351635
CtrSVDD_0030_E_0008382,-8.8107105653
CtrSVDD_0031_E_0008383,-0.4320066126
CtrSVDD_0032_E_0008384,-5.8582603076
CtrSVDD_0033_E_0008385,0.8138400168
CtrSVDD_0034_E_0008386,-5.4116759179
CtrSVDD_0035_E_0008387,-4.0000895894
CtrSVDD_0036_E_0008388,-5.5380301090
CtrSVDD_0037_E_0008389,-7.0921489969
CtrSVDD_0038_E_0008390,0.8696593245
CtrSVDD_0039_E_0008391,-5.6974640176
CtrSVDD_0040_E_0008392,-5.6972282910
CtrSVDD_0041_E_0008393,-7.0347051092
CtrSVDD_0042_E_0008394,-5.9304538463
CtrSVDD_0043_E_0008395,-6.6198487634
CtrSVDD_0044_E_0008396,0.7455899122
CtrSVDD_0045_E_0008397,-0.1944753570
CtrSVDD_0046_E_0008398,0.5926382516
CtrSVDD_0047_E_0008399,-6.1305587252
CtrSVDD_0000_E_0008400,-7.4129744135
CtrSVDD_0001_E_0008401,-3.7414275286
CtrSVDD_0002_E_0008402,-5.6501468034
CtrSVDD_0003_E_0008403,-5.0368871379
CtrSVDD_0004_E_0008404,-0.1495262561
CtrSVDD_0005_E_0008405,-0.0174857423
CtrSVDD_0006_E_0008406,-5.7480369870
CtrSVDD_0007_E_0008407,-6.8898605630
CtrSVDD_0008_E_0008408,-5.7434340443
CtrSVDD_0009_E_0008409,-4.7956951224
CtrSVDD_0010_E_0008410,-4.3970347800
CtrSVDD_0011_E_0008411,-4.8872497745
CtrSVDD_0012_E_0008412,0.5229565873
CtrSVDD_0013_E_0008413,-8.0648373878
CtrSVDD_0014_E_0008414,-7.2898267605
CtrSVDD_0015_E_0008415,-9.1117259523
CtrSVDD_0016_E_0008416,-7.4157892690
CtrSVDD_0017_E_0008417,-8.8647117803
CtrSVDD_0018_E_0008418,-0.3578920410
CtrSVDD_0019_E_0008419,-7.9903340127
CtrSVDD_0020_E_0008420,1.1598896185
CtrSVDD_0021_E_0008421,-5.8507144849
CtrSVDD_0022_E_0008422,-7.9362824152
CtrSVDD_0023_E_0008423,-6.1532208025
CtrSVDD_0024_E_0008424,-7.1685894946
CtrSVDD_0025_E_0008425,-5.9791200454
CtrSVDD_0026_E_0008426,-6.7844988903
CtrSVDD_0027_E_0008427,-4.6071773348
CtrSVDD_0028_E_0008428,-7.9940074981
CtrSVDD_0029_E_0008429,-5.4475159192
CtrSVDD_0030_E_0008430,-6.3927350785
CtrSVDD_0031_E_0008431,-3.8349070956
CtrSVDD_0032_E_0008432,0.1452840503
CtrSVDD_0033_E_0008433,-0.6016111041
CtrSVDD_0034_E_0008434,-2.8013264575
CtrSVDD_0035_E_0008435,-7.3753015788
CtrSVDD_0036_E_0008436,0.3655359218
CtrSVDD_0037_E_0008437,-1.2821668573
CtrSVDD_0038_E_0008438,-4.9499597322
CtrSVDD_0039_E_0008439,-4.7422663107
CtrSVDD_0040_E_0008440,-0.8594959304
CtrSVDD_0041_E_0008441,-4.3364125279
CtrSVDD_0042_E_0008442,-6.6412746002
CtrSVDD_0043_E_0008443,-7.1607110777
CtrSVDD_0044_E_0008444,1.9824130007
CtrSVDD_0045_E_0008445,-6.5682550643
CtrSVDD_0046_E_0008446,-7.6211607243
CtrSVDD_0047_E_0008447,-8.1730256880
CtrSVDD_0000_E_0008448,-7.3771653573
CtrSVDD_0001_E_0008449,1.2869759279
CtrSVDD_0002_E_0008450,-6.4863062964
CtrSVDD_0003_E_0008451,-6.1257622774
CtrSVDD_0004_E_0008452,-7.5452344121
CtrSVDD_0005_E_0008453,-6.7207882199
CtrSVDD_0006_E_0008454,-7.1379156091
CtrSVDD_0007_E_0008455,-0.1665228078
CtrSVDD_0008_E_0008456,-7.7341720030
CtrSVDD_0009_E_0008457,-5.0869246816
CtrSVDD_0010_E_0008458,-8.2400693248
CtrSVDD_0011_E_0008459,-5.5539257860
CtrSVDD_0012_E_0008460,-7.2228326744
CtrSVDD_0013_E_0008461,-5.1275037845
CtrSVDD_0014_E_0008462,-6.4410414444
CtrSVDD_0015_E_0008463,-6.2876390225
CtrSVDD_0016_E_0008464,-7.9681698279
CtrSVDD_0017_E_0008465,-5.7140792761
CtrSVDD_0018_E_0008466,-7.2786707465
CtrSVDD_0019_E_0008467,-4.3001248795
CtrSVDD_0020_E_0008468,-5.2779400193
CtrSVDD_0021_E_0008469,-0.3863752869
CtrSVDD_0022_E_0008470,-2.0011548611
CtrSVDD_0023_E_0008471,-7.0666198841
CtrSVDD_0024_E_0008472,-5.2923127585
CtrSVDD_0025_E_0008473,0.9723250225
CtrSVDD_0026_E_0008474,-5.5101786984
CtrSVDD_0027_E_0008475,-6.9574995387
CtrSVDD_0028_E_0008476,-7.3868547994
CtrSVDD_0029_E_0008477,-8.4240075569
CtrSVDD_0030_E_0008478,-7.4485307387
CtrSVDD_0031_E_0008479,-5.8814122191
CtrSVDD_0032_E_0008480,-8.9475200633
CtrSVDD_0033_E_0008481,-6.7807820884
CtrSVDD_0034_E_0008482,-9.1202643543
CtrSVDD_0035_E_0008483,-6.6789580572
CtrSVDD_0036_E_0008484,-3.3781795947
CtrSVDD_0037_E_0008485,-6.2027054228
CtrSVDD_0038_E_0008486,-3.5374219917
CtrSVDD_0039_E_0008487,-7.4041035886
CtrSVDD_0040_E_0008488,-4.1177098253
CtrSVDD_0041_E_0008489,-3.3664654880
CtrSVDD_0042_E_0008490,-5.0621756976
CtrSVDD_0043_E_0008491,-7.4991233321
CtrSVDD_0044_E_0008492,-5.0670662772
CtrSVDD_0045_E_0008493,0.9478772177
CtrSVDD_0046_E_0008494,-7.6029878211
CtrSVDD_0047_E_0008495,-4.7515870648
CtrSVDD_0000_E_0008496,-2.5549340300
CtrSVDD_0001_E_0008497,-5.8806765244
CtrSVDD_0002_E_0008498,-6.6016085854
CtrSVDD_0003_E_0008499,-2.6482193679
CtrSVDD_0004_E_0008500,-6.0652399871
CtrSVDD_0005_E_0008501,-6.0268791177
CtrSVDD_0006_E_0008502,-6.4642331336
CtrSVDD_0007_E_0008503,-6.5688724271
CtrSVDD_0008_E_0008504,-5.3968358770
CtrSVDD_0009_E_0008505,-5.7584950458
CtrSVDD_0010_E_0008506,-4.4417267758
CtrSVDD_0011_E_0008507,2.1330075465
CtrSVDD_0012_E_0008508,-6.6810290107
CtrSVDD_0013_E_0008509,-7.5654269747
CtrSVDD_0014_E_0008510,-6.7020264864
CtrSVDD_0015_E_0008511,-7.4504692022
CtrSVDD_0016_E_0008512,-7.4175981642
CtrSVDD_0017_E_0008513,0.6683561956
CtrSVDD_0018_E_0008514,-5.6473553023
CtrSVDD_0019_E_0008515,-6.7972825481
CtrSVDD_0020_E_0008516,-7.7104572974
CtrSVDD_0021_E_0008517,-7.7326075083
CtrSVDD_0022_E_0008518,-0.1736186442
CtrSVDD_0023_E_0008519,-6.1572970052
CtrSVDD_0024_E_0008520,-1.0341626049
CtrSVDD_0025_E_0008521,-4.1325691262
CtrSVDD_0026_E_0008522,-5.7985757413
CtrSVDD_0027_E_0008523,-4.8663556596
CtrSVDD_0028_E_0008524,-2.4430501696
CtrSVDD_0029_E_0008525,-5.5461135635
CtrSVDD_0030_E_0008526,-4.6312074754
CtrSVDD_0031_E_0008527,-0.3120239506
CtrSVDD_0032_E_0008528,-8.1140681588
CtrSVDD_0033_E_0008529,-4.9393037512
CtrSVDD_0034_E_0008530,-3.5869638966
CtrSVDD_0035_E_0008531,-8.8743757922
CtrSVDD_0036_E_0008532,-1.4313017591
CtrSVDD_0037_E_0008533,-5.7614498666
CtrSVDD_0038_E_0008534,-8.5430751196
CtrSVDD_0039_E_0008535,-6.3957828597
CtrSVDD_0040_E_0008536,-5.0067131485
CtrSVDD_0041_E_0008537,0.0577215216
CtrSVDD_0042_E_0008538,-6.3374247129
CtrSVDD_0043_E_0008539,-5.0247442402
CtrSVDD_0044_E_0008540,-5.5365036208
CtrSVDD_0045_E_0008541,-6.3812319696
CtrSVDD_0046_E_0008542,-6.5287877842
CtrSVDD_0047_E_0008543,-5.9945631776
CtrSVDD_0000_E_0008544,-3.9298521806
CtrSVDD_0001_E_0008545,-5.0057637238
CtrSVDD_0002_E_0008546,-6.0105560428
CtrSVDD_0003_E_0008547,-8.9681145812
CtrSVDD_0004_E_0008548,-4.2486049178
CtrSVDD_0005_E_0008549,-6.4174267457
CtrSVDD_0006_E_0008550,-5.9432361859
CtrSVDD_0007_E_0008551,-5.1212804424
CtrSVDD_0008_E_0008552,0.9566822130
CtrSVDD_0009_E_0008553,-7.6339852130
CtrSVDD_0010_E_0008554,-4.8851068304
CtrSVDD_0011_E_0008555,-5.6809041162
CtrSVDD_0012_E_0008556,-7.5351670652
CtrSVDD_0013_E_0008557,-7.1423432900
CtrSVDD_0014_E_0008558,1.3478708836
CtrSVDD_0015_E_0008559,-7.2999319640
CtrSVDD_0016_E_0008560,-6.9114873964
CtrSVDD_0017_E_0008561,-0.0875359191
CtrSVDD_0018_E_0008562,-3.4231910154
CtrSVDD_0019_E_0008563,-8.5161279084
CtrSVDD_0020_E_0008564,-7.1773731326
CtrSVDD_0021_E_0008565,-6.6099128824
CtrSVDD_0022_E_0008566,-4.8242791818
CtrSVDD_0023_E_0008567,-6.4603109916
CtrSVDD_0024_E_0008568,0.0160867570
CtrSVDD_0025_E_0008569,-9.3714194753
CtrSVDD_0026_E_0008570,-4.1333592958
CtrSVDD_0027_E_0008571,-5.8324035503
CtrSVDD_0028_E_0008572,-7.4450738930
CtrSVDD_0029_E_0008573,-8.5966499818
CtrSVDD_0030_E_0008574,-8.0993296676
CtrSVDD_0031_E_0008575,-5.2670759363
CtrSVDD_0032_E_0008576,-8.0155212676
CtrSVDD_0033_E_0008577,0.2697034673
CtrSVDD_0034_E_0008578,-5.5724052601
CtrSVDD_0035_E_0008579,-5.6086113330
CtrSVDD_0036_E_0008580,-6.0445151829
CtrSVDD_0037_E_0008581,-8.2289754223
CtrSVDD_0038_E_0008582,-7.7053621452
CtrSVDD_0039_E_0008583,-5.6148752960
CtrSVDD_0040_E_0008584,-6.4418428866
CtrSVDD_0041_E_0008585,-4.3922425548
CtrSVDD_0042_E_0008586,-7.5848912348
CtrSVDD_0043_E_0008587,-7.3940201639
CtrSVDD_0044_E_0008588,-6.0879556252
CtrSVDD_0045_E_0008589,-7.5906760732
CtrSVDD_0046_E_0008590,-4.8703777784
CtrSVDD_0047_E_0008591,-5.2710159601
CtrSVDD_0000_E_0008592,-6.0026898856
CtrSVDD_0001_E_0008593,-4.6583184094
CtrSVDD_0002_E_0008594,-6.6974781592
CtrSVDD_0003_E_0008595,-6.3722377196
CtrSVDD_0004_E_0008596,-0.1142492917
CtrSVDD_0005_E_0008597,-0.7181638739
CtrSVDD_0006_E_0008598,-4.2456111616
CtrSVDD_0007_E_0008599,-7.0164341809
CtrSVDD_0008_E_0008600,-6.1899999837
CtrSVDD_0009_E_0008601,-6.9742534363
CtrSVDD_0010_E_0008602,-2.6779045352
CtrSVDD_0011_E_0008603,-7.9987839405
CtrSVDD_0012_E_0008604,0.0055155674
CtrSVDD_0013_E_0008605,-5.5182214401
CtrSVDD_0014_E_0008606,-5.5130382517
CtrSVDD_0015_E_0008607,-6.6204551739
CtrSVDD_0016_E_0008608,-5.9556265641
CtrSVDD_0017_E_0008609,0.9790263415
CtrSVDD_0018_E_0008610,-0.3061550341
CtrSVDD_0019_E_0008611,-8.9606012390
CtrSVDD_0020_E_0008612,-7.8375895691
CtrSVDD_0021_E_0008613,-5.7507627388
CtrSVDD_0022_E_0008614,-0.5480604828
CtrSVDD_0023_E_0008615,-4.1592618048
CtrSVDD_0024_E_0008616,-7.0261700731
CtrSVDD_0025_E_0008617,-6.5825421601
CtrSVDD_0026_E_0008618,-5.5866124399
CtrSVDD_0027_E_0008619,-7.4171593230
CtrSVDD_0028_E_0008620,-4.7531959449
CtrSVDD_0029_E_0008621,-5.8446504485
CtrSVDD_0030_E_0008622,0.5949194409
CtrSVDD_0031_E_0008623,-7.5963783319
CtrSVDD_0032_E_0008624,1.3787600432
CtrSVDD_0033_E_0008625,1.5622636368
CtrSVDD_0034_E_0008626,-2.9830997620
CtrSVDD_0035_E_0008627,-3.3597623737
CtrSVDD_0036_E_0008628,-0.5439214382
CtrSVDD_0037_E_0008629,-6.0796194886
CtrSVDD_0038_E_0008630,-5.9432557124
CtrSVDD_0039_E_0008631,-3.8489700512
CtrSVDD_0040_E_0008632,-6.2262620318
CtrSVDD_0041_E_0008633,-3.4148740226
CtrSVDD_0042_E_0008634,-4.7544346204
CtrSVDD_0043_E_0008635,-5.5577409467
CtrSVDD_0044_E_0008636,1.5595696761
CtrSVDD_0045_E_0008637,1.1725096369
CtrSVDD_0046_E_0008638,-7.8705900490
CtrSVDD_0047_E_0008639,-4.9973442032
CtrSVDD_0000_E_0008640,-6.8779512462
CtrSVDD_0001_E_0008641,-2.7824888977
CtrSVDD_0002_E_0008642,-6.3132279115
CtrSVDD_0003_E_0008643,-0.6252484071
CtrSVDD_0004_E_0008644,-4.8987028425
CtrSVDD_0005_E_0008645,-5.4181128697
CtrSVDD_0006_E_0008646,-6.9074402443
CtrSVDD_0007_E_0008647,-8.0295927462
CtrSVDD_0008_E_0008648,-0.0482769358
CtrSVDD_0009_E_0008649,-0.8986077914
CtrSVDD_0010_E_0008650,-4.4978330035
CtrSVDD_0011_E_0008651,-6.9988002604
CtrSVDD_0012_E_0008652,-7.6366791092
CtrSVDD_0013_E_0008653,-7.4480411572
CtrSVDD_0014_E_0008654,-5.9338444678
CtrSVDD_0015_E_0008655,-0.7363864709
CtrSVDD_0016_E_0008656,-5.2053674950
CtrSVDD_0017_E_0008657,-7.0115783751
CtrSVDD_0018_E_0008658,-0.1651046575
CtrSVDD_0019_E_0008659,-5.0721139892
CtrSVDD_0020_E_0008660,-6.8566164329
CtrSVDD_0021_E_0008661,-4.6633625121
CtrSVDD_0022_E_0008662,0.0426759874
CtrSVDD_0023_E_0008663,-5.6561917860
CtrSVDD_0024_E_0008664,-2.9296089312
CtrSVDD_0025_E_0008665,0.0448336442
CtrSVDD_0026_E_0008666,-7.0069667033
CtrSVDD_0027_E_0008667,-7.2652383126
CtrSVDD_0028_E_0008668,-7.3112767876
CtrSVDD_0029_E_0008669,-7.5210596110
CtrSVDD_0030_E_0008670,-6.3470591905
CtrSVDD_0031_E_0008671,-6.5916483027
CtrSVDD_0032_E_0008672,0.7833095470
CtrSVDD_0033_E_0008673,-6.8581367034
CtrSVDD_0034_E_0008674,-6.4176572468
CtrSVDD_0035_E_0008675,1.3151769909
CtrSVDD_0036_E_0008676,-8.6575438352
CtrSVDD_0037_E_0008677,-5.4917598030
CtrSVDD_0038_E_0008678,-4.2516492105
CtrSVDD_0039_E_0008679,-7.8596563156
CtrSVDD_0040_E_0008680,-7.3130752353
CtrSVDD_0041_E_0008681,-4.1977683776
CtrSVDD_0042_E_0008682,-0.0076934104
CtrSVDD_0043_E_0008683,-5.7224992267
CtrSVDD_0044_E_0008684,-6.2300126478
CtrSVDD_0045_E_0008685,-8.3646792673
CtrSVDD_0046_E_0008686,-4.9658368914
CtrSVDD_0047_E_0008687,-6.4248227524
CtrSVDD_0000_E_0008688,-5.7714342598
CtrSVDD_0001_E_0008689,-8.1318909259
CtrSVDD_0002_E_0008690,-5.6241006522
CtrSVDD_0003_E_0008691,-6.8561487087
CtrSVDD_0004_E_0008692,-5.9145191841
CtrSVDD_0005_E_0008693,-6.3492057908
CtrSVDD_0006_E_0008694,-5.2757235992
CtrSVDD_0007_E_0008695,-7.6189592096
CtrSVDD_0008_E_0008696,-7.2881276686
CtrSVDD_0009_E_0008697,-7.9996675685
CtrSVDD_0010_E_0008698,-6.2126126635
CtrSVDD_0011_E_0008699,-7.6736543501
CtrSVDD_0012_E_0008700,-4.1650274074
CtrSVDD_0013_E_0008701,-8.2180278130
CtrSVDD_0014_E_0008702,-6.1430930017
CtrSVDD_0015_E_0008703,-7.1017236838
CtrSVDD_0016_E_0008704,-6.1082784870
CtrSVDD_0017_E_0008705,-6.5214826724
CtrSVDD_0018_E_0008706,-6.1417391295
CtrSVDD_0019_E_0008707,-7.4034760143
CtrSVDD_0020_E_0008708,-8.5897021897
CtrSVDD_0021_E_0008709,-1.6346590772
CtrSVDD_0022_E_0008710,-1.1462925919
CtrSVDD_0023_E_0008711,-3.6946728317
CtrSVDD_0024_E_0008712,2.2396815046
CtrSVDD_0025_E_0008713,-1.6400033795
CtrSVDD_0026_E_0008714,-4.3838505919
CtrSVDD_0027_E_0008715,-0.4990480477
CtrSVDD_0028_E_0008716,-5.7246632229
CtrSVDD_0029_E_0008717,-4.0736861003
CtrSVDD_0030_E_0008718,-4.3593853668
CtrSVDD_0031_E_0008719,0.7726821063
CtrSVDD_0032_E_0008720,-0.7537166219
CtrSVDD_0033_E_0008721,-7.0361971479
CtrSVDD_0034_E_0008722,-7.6588606525
CtrSVDD_0035_E_0008723,0.2408003976
CtrSVDD_0036_E_0008724,0.6354858275
CtrSVDD_0037_E_0008725,-6.2220821235
CtrSVDD_0038_E_0008726,0.3356097395
CtrSVDD_0039_E_0008727,-7.0711005974
CtrSVDD_0040_E_0008728,-0.6492403483
CtrSVDD_0041_E_0008729,-4.2137484109
CtrSVDD_0042_E_0008730,1.0505583578
CtrSVDD_0043_E_0008731,-5.1251606000
CtrSVDD_0044_E_0008732,-6.4534316264
CtrSVDD_0045_E_0008733,-4.1669529729
CtrSVDD_0046_E_0008734,-7.3715800756
CtrSVDD_0047_E_0008735,-1.2246745384
CtrSVDD_0000_E_0008736,-5.5069558555
CtrSVDD_0001_E_0008737,-6.6768933504
CtrSVDD_0002_E_0008738,-4.4346889885
CtrSVDD_0003_E_0008739,-4.8907704877
CtrSVDD_0004_E_0008740,-6.0980692691
CtrSVDD_0005_E_0008741,-0.4151755544
CtrSVDD_0006_E_0008742,-5.4950246971
CtrSVDD_0007_E_0008743,-3.1926372182
CtrSVDD_0008_E_0008744,-6.7204186786
CtrSVDD_0009_E_0008745,-0.6003450504
CtrSVDD_0010_E_0008746,0.8312954721
CtrSVDD_0011_E_0008747,-6.2581448475
CtrSVDD_0012_E_0008748,-4.7401633630
CtrSVDD_0013_E_0008749,-7.5503967221
CtrSVDD_0014_E_0008750,-5.6429536945
CtrSVDD_0015_E_0008751,-5.1499457158
CtrSVDD_0016_E_0008752,-6.1966299569
CtrSVDD_0017_E_0008753,-8.1498945198
CtrSVDD_0018_E_0008754,-6.5183137991
CtrSVDD_0019_E_0008755,-4.2738207933
CtrSVDD_0020_E_0008756,-6.6765256428
CtrSVDD_0021_E_0008757,-2.2415314504
CtrSVDD_0022_E_0008758,-5.1120588483
CtrSVDD_0023_E_0008759,0.4478993322
CtrSVDD_0024_E_0008760,-6.6000792861
CtrSVDD_0025_E_0008761,0.3623695476
CtrSVDD_0026_E_0008762,-0.0300784789
CtrSVDD_0027_E_0008763,-7.4615115137
CtrSVDD_0028_E_0008764,-6.8838361849
CtrSVDD_0029_E_0008765,-4.2496342196
CtrSVDD_0030_E_0008766,-5.1594174154
CtrSVDD_0031_E_0008767,-7.5996788929
CtrSVDD_0032_E_0008768,-6.1252348162
CtrSVDD_0033_E_0008769,-4.6324045400
CtrSVDD_0034_E_0008770,-7.6821157110
CtrSVDD_0035_E_0008771,-6.4465736766
CtrSVDD_0036_E_0008772,1.7992027972
CtrSVDD_0037_E_0008773,-5.9222941545
CtrSVDD_0038_E_0008774,-6.8596571646
CtrSVDD_0039_E_0008775,-4.8139888816
CtrSVDD_0040_E_0008776,-8.2899638840
CtrSVDD_0041_E_0008777,-0.9070179191
CtrSVDD_0042_E_0008778,0.6614954021
CtrSVDD_0043_E_0008779,-6.4704189020
CtrSVDD_0044_E_0008780,1.5409625827
CtrSVDD_0045_E_0008781,-5.9556532687
CtrSVDD_0046_E_0008782,1.9603556855
CtrSVDD_0047_E_0008783,-2.5222245424
CtrSVDD_0000_E_0008784,-4.0834524930
CtrSVDD_0001_E_0008785,-6.8956249896
CtrSVDD_0002_E_0008786,-7.8404464086
CtrSVDD_0003_E_0008787,-7.7528829437
CtrSVDD_0004_E_0008788,-6.7612960320
CtrSVDD_0005_E_0008789,-7.7906419686
CtrSVDD_0006_E_0008790,-5.1513709054
CtrSVDD_0007_E_0008791,-1.4966413405
CtrSVDD_0008_E_0008792,-8.9875075981
CtrSVDD_0009_E_0008793,-7.6566830765
CtrSVDD_0010_E_0008794,-2.6107618489
CtrSVDD_0011_E_0008795,-1.1709236590
CtrSVDD_0012_E_0008796,-5.6043646471
CtrSVDD_0013_E_0008797,-4.3565875085
CtrSVDD_0014_E_0008798,0.6824132519
CtrSVDD_0015_E_0008799,0.0524786315
CtrSVDD_0016_E_0008800,-5.7754188316
CtrSVDD_0017_E_0008801,-4.0617347645
CtrSVDD_0018_E_0008802,-6.6161069022
CtrSVDD_0019_E_0008803,-5.6402459580
CtrSVDD_0020_E_0008804,-0.5261667968
CtrSVDD_0021_E_0008805,-1.8110287428
CtrSVDD_0022_E_0008806,-7.6036533342
CtrSVDD_0023_E_0008807,-5.1303016638
CtrSVDD_0024_E_0008808,-6.4061903885
CtrSVDD_0025_E_0008809,-2.9507906699
CtrSVDD_0026_E_0008810,-4.3086947868
CtrSVDD_0027_E_0008811,-4.5689505761
CtrSVDD_0028_E_0008812,-6.8080511054
CtrSVDD_0029_E_0008813,-6.7004712971
CtrSVDD_0030_E_0008814,-2.2839595484
CtrSVDD_0031_E_0008815,-7.3698776686
CtrSVDD_0032_E_0008816,0.2784173997
CtrSVDD_0033_E_0008817,-5.2851230296
CtrSVDD_0034_E_0008818,-1.5816270471
CtrSVDD_0035_E_0008819,-5.8342833948
CtrSVDD_0036_E_0008820,-7.8423516171
CtrSVDD_0037_E_0008821,-3.1734267169
CtrSVDD_0038_E_0008822,0.8676194803
CtrSVDD_0039_E_0008823,-4.7579303141
CtrSVDD_0040_E_0008824,-6.7381361395
CtrSVDD_0041_E_0008825,1.6348377422
CtrSVDD_0042_E_0008826,-6.8307981956
CtrSVDD_0043_E_0008827,0.6320660016
CtrSVDD_0044_E_0008828,-2.0730411747
CtrSVDD_0045_E_0008829,-3.7063345238
CtrSVDD_0046_E_0008830,-6.1881426200
CtrSVDD_0047_E_0008831,-2.8075571670
CtrSVDD_0000_E_0008832,-0.6648625781
CtrSVDD_0001_E_0008833,-3.1978573617
CtrSVDD_0002_E_0008834,-6.6280302619
CtrSVDD_0003_E_0008835,-5.7557872015
CtrSVDD_0004_E_0008836,-7.7302008991
CtrSVDD_0005_E_0008837,-7.2131314448
CtrSVDD_0006_E_0008838,-5.8726196799
CtrSVDD_0007_E_0008839,-1.0964555527
CtrSVDD_0008_E_0008840,0.6509682782
CtrSVDD_0009_E_0008841,-6.9206659348
CtrSVDD_0010_E_0008842,-8.0381951065
CtrSVDD_0011_E_0008843,-8.2000938175
CtrSVDD_0012_E_0008844,-0.6218504967
CtrSVDD_0013_E_0008845,-6.9605784963
CtrSVDD_0014_E_0008846,-5.3503873164
CtrSVDD_0015_E_0008847,-6.2949701156
CtrSVDD_0016_E_0008848,-4.8547247530
CtrSVDD_0017_E_0008849,-4.6057646424
CtrSVDD_0018_E_0008850,-1.8829302476
CtrSVDD_0019_E_0008851,-3.2650488325
CtrSVDD_0020_E_0008852,-7.3995875092
CtrSVDD_0021_E_0008853,-7.2127368854
CtrSVDD_0022_E_0008854,-6.1072917855
CtrSVDD_0023_E_0008855,-7.8818342116
CtrSVDD_0024_E_0008856,-4.9926093695
CtrSVDD_0025_E_0008857,-6.4891478057
CtrSVDD_0026_E_0008858,-4.5307831743
CtrSVDD_0027_E_0008859,-7.8388828808
CtrSVDD_0028_E_0008860,-4.4945676621
CtrSVDD_0029_E_0008861,-8.0894228237
CtrSVDD_0030_E_0008862,-6.9979520598
CtrSVDD_0031_E_0008863,-6.8626783643
CtrSVDD_0032_E_0008864,-5.1932851373
CtrSVDD_0033_E_0008865,-6.3628612856
CtrSVDD_0034_E_0008866,-4.5501129229
CtrSVDD_0035_E_0008867,-7.2333547580
CtrSVDD_0036_E_0008868,-6.3509546183
CtrSVDD_0037_E_0008869,-6.2328037284
CtrSVDD_0038_E_0008870,-5.8989451506
CtrSVDD_0039_E_0008871,-4.9281036596
CtrSVDD_0040_E_0008872,-3.8875576784
CtrSVDD_0041_E_0008873,-6.2770487467
CtrSVDD_0042_E_0008874,2.8288644327
CtrSVDD_0043_E_0008875,-2.6528284690
CtrSVDD_0044_E_0008876,-3.7447790816
CtrSVDD_0045_E_0008877,-3.2035676450
CtrSVDD_0046_E_0008878,-5.3887083568
CtrSVDD_0047_E_0008879,0.4489609573
CtrSVDD_0000_E_0008880,-7.9371675585
CtrSVDD_0001_E_0008881,-7.0616541113
CtrSVDD_0002_E_0008882,1.1905004250
CtrSVDD_0003_E_0008883,-7.8622676749
CtrSVDD_0004_E_0008884,-8.1243319936
CtrSVDD_0005_E_0008885,-5.9952711963
CtrSVDD_0006_E_0008886,-5.3673459610
CtrSVDD_0007_E_0008887,-5.6007043923
CtrSVDD_0008_E_0008888,-1.3031536179
CtrSVDD_0009_E_0008889,-4.5346463938
CtrSVDD_0010_E_0008890,-9.8674490419
CtrSVDD_0011_E_0008891,-7.3966097016
CtrSVDD_0012_E_0008892,-5.5016551236
CtrSVDD_0013_E_0008893,-7.0837317891
CtrSVDD_0014_E_0008894,-0.9478772177
CtrSVDD_0015_E_0008895,-6.1975479285
CtrSVDD_0016_E_0008896,-6.4268855089
CtrSVDD_0017_E_0008897,0.6948246815
CtrSVDD_0018_E_0008898,-2.4673871476
CtrSVDD_0019_E_0008899,-5.5310482361
CtrSVDD_0020_E_0008900,-5.0964450770
CtrSVDD_0021_E_0008901,-5.3934631394
CtrSVDD_0022_E_0008902,-3.9415609253
CtrSVDD_0023_E_0008903,-6.9821768204
CtrSVDD_0024_E_0008904,-4.2938510695
CtrSVDD_0025_E_0008905,-4.6078964169
CtrSVDD_0026_E_0008906,-7.2209905246
CtrSVDD_0027_E_0008907,-8.3632796396
CtrSVDD_0028_E_0008908,-6.5658328135
CtrSVDD_0029_E_0008909,1.4649441180
CtrSVDD_0030_E_0008910,-5.9752355298
CtrSVDD_0031_E_0008911,-4.8991101624
CtrSVDD_0032_E_0008912,-7.8839554752
CtrSVDD_0033_E_0008913,-5.9049929437
CtrSVDD_0034_E_0008914,-7.7269346966
CtrSVDD_0035_E_0008915,-6.4727629400
CtrSVDD_0036_E_0008916,-1.2617708616
CtrSVDD_0037_E_0008917,-6.7113241736
CtrSVDD_0038_E_0008918,-0.1410444574
CtrSVDD_0039_E_0008919,-6.8065355029
CtrSVDD_0040_E_0008920,-1.1598896185
CtrSVDD_0041_E_0008921,0.3151104336
CtrSVDD_0042_E_0008922,-6.5155548533
CtrSVDD_0043_E_0008923,-6.1065737768
CtrSVDD_0044_E_0008924,1.0347594811
CtrSVDD_0045_E_0008925,-7.2439287242
CtrSVDD_0046_E_0008926,-0.7906822025
CtrSVDD_0047_E_0008927,0.3032245382
CtrSVDD_0000_E_0008928,-3.9170652330
CtrSVDD_0001_E_0008929,0.1297510487
CtrSVDD_0002_E_0008930,-7.2160352689
CtrSVDD_0003_E_0008931,-8.6707388943
CtrSVDD_0004_E_0008932,-0.0706976479
CtrSVDD_0005_E_0008933,-5.4538396812
CtrSVDD_0006_E_0008934,-5.4746385209
CtrSVDD_0007_E_0008935,-5.1610386609
CtrSVDD_0008_E_0008936,-5.4109028446
CtrSVDD_0009_E_0008937,-2.8261091806
CtrSVDD_0010_E_0008938,-8.5021697584
CtrSVDD_0011_E_0008939,-5.7023626861
CtrSVDD_0012_E_0008940,-8.9476427596
CtrSVDD_0013_E_0008941,-5.2060931865
CtrSVDD_0014_E_0008942,-7.5283027992
CtrSVDD_0015_E_0008943,-8.1000999078
CtrSVDD_0016_E_0008944,-3.9310401058
CtrSVDD_0017_E_0008945,-5.3554297150
CtrSVDD_0018_E_0008946,-6.0637088359
CtrSVDD_0019_E_0008947,-0.7623174933
CtrSVDD_0020_E_0008948,-4.6441932479
CtrSVDD_0021_E_0008949,-5.9935688028
CtrSVDD_0022_E_0008950,-5.8101574141
CtrSVDD_0023_E_0008951,-5.6883216554
CtrSVDD_0024_E_0008952,-6.6411030286
CtrSVDD_0025_E_0008953,-4.2699907464
CtrSVDD_0026_E_0008954,-2.8116978394
CtrSVDD_0027_E_0008955,-6.8673735309
CtrSVDD_0028_E_0008956,-6.7300384195
CtrSVDD_0029_E_0008957,-4.3488758449
CtrSVDD_0030_E_0008958,-6.0872760312
CtrSVDD_0031_E_0008959,0.7181638739
CtrSVDD_0032_E_0008960,-6.5252978472
CtrSVDD_0033_E_0008961,-5.6940764242
CtrSVDD_0034_E_0008962,-6.4422194276
CtrSVDD_0035_E_0008963,-9.8659670068
CtrSVDD_0036_E_0008964,-8.5114424034
CtrSVDD_0037_E_0008965,-7.8275362332
CtrSVDD_0038_E_0008966,-4.5129462740
CtrSVDD_0039_E_0008967,-6.4561147334
CtrSVDD_0040_E_0008968,0.9284408188
CtrSVDD_0041_E_0008969,-8.2363547925
CtrSVDD_0042_E_0008970,-7.1139059083
CtrSVDD_0043_E_0008971,-5.6906796998
CtrSVDD_0044_E_0008972,-8.9263615016
CtrSVDD_0045_E_0008973,-4.2078355646
CtrSVDD_0046_E_0008974,-5.8717858468
CtrSVDD_0047_E_0008975,-6.4198058831
CtrSVDD_0000_E_0008976,-6.8966685267
CtrSVDD_0001_E_0008977,-5.5493872899
CtrSVDD_0002_E_0008978,-5.2903107495
CtrSVDD_0003_E_0008979,1.2373428625
CtrSVDD_0004_E_0008980,0.0552802723
CtrSVDD_0005_E_0008981,-1.0990107135
CtrSVDD_0006_E_0008982,-5.2867840932
CtrSVDD_0007_E_0008983,1.1606040904
CtrSVDD_0008_E_0008984,2.2516466494
CtrSVDD_0009_E_0008985,-4.2944273185
CtrSVDD_0010_E_0008986,0.3549110233
CtrSVDD_0011_E_0008987,-3.7080018426
CtrSVDD_0012_E_0008988,-3.2769898919
CtrSVDD_0013_E_0008989,-7.9871797263
CtrSVDD_0014_E_0008990,-0.2827822652
CtrSVDD_0015_E_0008991,-8.8261495716
CtrSVDD_0016_E_0008992,-7.3274288611
CtrSVDD_0017_E_0008993,-6.6341743080
CtrSVDD_0018_E_0008994,-5.5486049499
CtrSVDD_0019_E_0008995,0.1227011540
CtrSVDD_0020_E_0008996,-8.1671810341
CtrSVDD_0021_E_0008997,-6.8652129388
CtrSVDD_0022_E_0008998,-5.9350838210
CtrSVDD_0023_E_0008999,2.2572007159
CtrSVDD_0024_E_0009000,-0.4576264840
CtrSVDD_0025_E_0009001,-0.0524786315
CtrSVDD_0026_E_0009002,-5.8296109492
CtrSVDD_0027_E_0009003,-5.1206321116
CtrSVDD_0028_E_0009004,-7.4614645604
CtrSVDD_0029_E_0009005,-6.1236888866
CtrSVDD_0030_E_0009006,-9.2535472440
CtrSVDD_0031_E_0009007,0.4582631533
CtrSVDD_0032_E_0009008,-6.1409188091
CtrSVDD_0033_E_0009009,-7.2389276995
CtrSVDD_0034_E_0009010,-6.1906522381
CtrSVDD_0035_E_0009011,-0.5053952563
CtrSVDD_0036_E_0009012,-6.3767093740
CtrSVDD_0037_E_0009013,-6.6965373855
CtrSVDD_0038_E_0009014,-8.6232721143
CtrSVDD_0039_E_0009015,-5.3462346569
CtrSVDD_0040_E_0009016,-2.7634248145
CtrSVDD_0041_E_0009017,-6.9585830107
CtrSVDD_0042_E_0009018,-7.7710700237
CtrSVDD_0043_E_0009019,-6.4961316923
CtrSVDD_0044_E_0009020,-5.7344032966
CtrSVDD_0045_E_0009021,-4.1047237167
CtrSVDD_0046_E_0009022,-0.9391451029
CtrSVDD_0047_E_0009023,-3.0664113825
CtrSVDD_0000_E_0009024,-5.3854454282
CtrSVDD_0001_E_0009025,-5.2108835762
CtrSVDD_0002_E_0009026,-3.7868329516
CtrSVDD_0003_E_0009027,-7.5273122177
CtrSVDD_0004_E_0009028,-1.6618633406
CtrSVDD_0005_E_0009029,-4.4852109758
CtrSVDD_0006_E_0009030,-6.3906075716
CtrSVDD_0007_E_0009031,-7.9081349407
CtrSVDD_0008_E_0009032,0.3578920410
CtrSVDD_0009_E_0009033,-6.2519644262
CtrSVDD_0010_E_0009034,-2.5623588231
CtrSVDD_0011_E_0009035,-4.9534989293
CtrSVDD_0012_E_0009036,-6.5763639625
CtrSVDD_0013_E_0009037,-3.7213534153
CtrSVDD_0014_E_0009038,-3.6051410452
CtrSVDD_0015_E_0009039,-6.9240288498
CtrSVDD_0016_E_0009040,-5.0713545688
CtrSVDD_0017_E_0009041,-6.3686503336
CtrSVDD_0018_E_0009042,-6.4277287894
CtrSVDD_0019_E_0009043,-6.1614076757
CtrSVDD_0020_E_0009044,-7.3308905598
CtrSVDD_0021_E_0009045,-7.2348754540
CtrSVDD_0022_E_0009046,-6.4109053984
CtrSVDD_0023_E_0009047,-3.6183693523
CtrSVDD_0024_E_0009048,-6.9148242989
CtrSVDD_0025_E_0009049,-5.1283724762
CtrSVDD_0026_E_0009050,-5.3688852441
CtrSVDD_0027_E_0009051,-5.6242920682
CtrSVDD_0028_E_0009052,-7.3756098788
CtrSVDD_0029_E_0009053,-3.3831938418
CtrSVDD_0030_E_0009054,-5.4455901737
CtrSVDD_0031_E_0009055,-5.6819066857
CtrSVDD_0032_E_0009056,-7.6833460497
CtrSVDD_0033_E_0009057,-5.0592829654
CtrSVDD_0034_E_0009058,-6.7996087214
CtrSVDD_0035_E_0009059,-4.5587539666
CtrSVDD_0036_E_0009060,-0.1438705663
CtrSVDD_0037_E_0009061,-6.3577021995
CtrSVDD_0038_E_0009062,-5.3061050040
CtrSVDD_0039_E_0009063,-4.5267058819
CtrSVDD_0040_E_0009064,-9.2054217716
CtrSVDD_0041_E_0009065,-5.9933585931
CtrSVDD_0042_E_0009066,-4.6769236923
CtrSVDD_0043_E_0009067,-6.8030991142
CtrSVDD_0044_E_0009068,-1.1934303035
CtrSVDD_0045_E_0009069,-9.7199210269
CtrSVDD_0046_E_0009070,0.8334767716
CtrSVDD_0047_E_0009071,-3.5754016953
CtrSVDD_0000_E_0009072,-6.8884810011
CtrSVDD_0001_E_0009073,-5.0408679953
CtrSVDD_0002_E_0009074,-5.1577952882
CtrSVDD_0003_E_0009075,-5.4864795703
CtrSVDD_0004_E_0009076,-5.7177964716
CtrSVDD_0005_E_0009077,-0.6320660016
CtrSVDD_0006_E_0009078,-6.9338630190
CtrSVDD_0007_E_0009079,-6.1369635335
CtrSVDD_0008_E_0009080,-6.8151664163
CtrSVDD_0009_E_0009081,-6.2293579640
CtrSVDD_0010_E_0009082,1.1737045358
CtrSVDD_0011_E_0009083,-4.5533870747
CtrSVDD_0012_E_0009084,-5.9137247488
CtrSVDD_0013_E_0009085,-6.0194307114
CtrSVDD_0014_E_0009086,1.0638682391
CtrSVDD_0015_E_0009087,-4.8686953912
CtrSVDD_0016_E_0009088,-6.9681646936
CtrSVDD_0017_E_0009089,-6.2425881384
CtrSVDD_0018_E_0009090,0.4848395315
CtrSVDD_0019_E_0009091,-3.1030536706
CtrSVDD_0020_E_0009092,-5.6372824761
CtrSVDD_0021_E_0009093,-7.4554841903
CtrSVDD_0022_E_0009094,1.0041834899
CtrSVDD_0023_E_0009095,-7.2880078516
CtrSVDD_0024_E_0009096,-6.6306121017
CtrSVDD_0025_E_0009097,-8.0716265013
CtrSVDD_0026_E_0009098,-7.4013808422
CtrSVDD_0027_E_0009099,-6.6901151511
CtrSVDD_0028_E_0009100,-5.7171341101
CtrSVDD_0029_E_0009101,-8.1844774706
CtrSVDD_0030_E_0009102,-6.1487986834
CtrSVDD_0031_E_0009103,-5.5818825576
CtrSVDD_0032_E_0009104,0.4228111722
CtrSVDD_0033_E_0009105,-4.6964797386
CtrSVDD_0034_E_0009106,-6.0209539195
CtrSVDD_0035_E_0009107,-5.3458880987
CtrSVDD_0036_E_0009108,-0.1269303366
CtrSVDD_0037_E_0009109,-5.7666288213
CtrSVDD_0038_E_0009110,-8.0888359585
CtrSVDD_0039_E_0009111,-4.8044007697
CtrSVDD_0040_E_0009112,-6.4228252612
CtrSVDD_0041_E_0009113,-3.0899530593
CtrSVDD_0042_E_0009114,-5.2075099147
CtrSVDD_0043_E_0009115,0.7037558681
CtrSVDD_0044_E_0009116,-4.4085880024
CtrSVDD_0045_E_0009117,-6.3301825970
CtrSVDD_0046_E_0009118,-5.1696159860
CtrSVDD_0047_E_0009119,-5.8147134721
CtrSVDD_0000_E_0009120,-7.7047388697
CtrSVDD_0001_E_0009121,-3.5926566817
CtrSVDD_0002_E_0009122,-5.6769998459
CtrSVDD_0003_E_0009123,-7.6129655358
CtrSVDD_0004_E_0009124,-4.8032931323
CtrSVDD_0005_E_0009125,-6.2146930190
CtrSVDD_0006_E_0009126,-4.9070161507
CtrSVDD_0007_E_0009127,-5.7706000140
CtrSVDD_0008_E_0009128,-7.5816274531
CtrSVDD_0009_E_0009129,-7.3033504227
CtrSVDD_0010_E_0009130,-5.0442518530
CtrSVDD_0011_E_0009131,-6.4918342676
CtrSVDD_0012_E_0009132,-2.7157978043
CtrSVDD_0013_E_0009133,-4.9546379875
CtrSVDD_0014_E_0009134,-4.6333765872
CtrSVDD_0015_E_0009135,-7.0593088465
CtrSVDD_0016_E_0009136,-5.5137862861
CtrSVDD_0017_E_0009137,-6.3180803504
CtrSVDD_0018_E_0009138,-6.0445041131
CtrSVDD_0019_E_0009139,-4.0559767555
CtrSVDD_0020_E_0009140,-0.7168826702
CtrSVDD_0021_E_0009141,-4.9250039405
CtrSVDD_0022_E_0009142,-5.1273690304
CtrSVDD_0023_E_0009143,-7.5557990845
CtrSVDD_0024_E_0009144,0.3474721907
CtrSVDD_0025_E_0009145,-6.3181697793
CtrSVDD_0026_E_0009146,-6.5473789613
CtrSVDD_0027_E_0009147,-7.8221631330
CtrSVDD_0028_E_0009148,1.8912292378
CtrSVDD_0029_E_0009149,-5.0692139276
CtrSVDD_0030_E_0009150,-5.0162158345
CtrSVDD_0031_E_0009151,0.3282197238
CtrSVDD_0032_E_0009152,-5.0553052886
CtrSVDD_0033_E_0009153,0.1651046575
CtrSVDD_0034_E_0009154,-4.0931486604
CtrSVDD_0035_E_0009155,-4.4540902627
CtrSVDD_0036_E_0009156,-5.2163206139
CtrSVDD_0037_E_0009157,-5.7797413831
CtrSVDD_0038_E_0009158,-4.4465049635
CtrSVDD_0039_E_0009159,-4.0598315384
CtrSVDD_0040_E_0009160,-0.0764652898
CtrSVDD_0041_E_0009161,-6.5126306871
CtrSVDD_0042_E_0009162,-4.7733226336
CtrSVDD_0043_E_0009163,-7.3472727553
CtrSVDD_0044_E_0009164,-6.8515031598
CtrSVDD_0045_E_0009165,-6.9922210993
CtrSVDD_0046_E_0009166,-4.7514584646
CtrSVDD_0047_E_0009167,-7.9669994160
CtrSVDD_0000_E_0009168,-3.4812309969
CtrSVDD_0001_E_0009169,-7.8362539873
CtrSVDD_0002_E_0009170,-4.8351122648
CtrSVDD_0003_E_0009171,0.9668103579
CtrSVDD_0004_E_0009172,-1.2901844981
CtrSVDD_0005_E_0009173,-8.6973708146
CtrSVDD_0006_E_0009174,-2.8342889307
CtrSVDD_0007_E_0009175,-5.1300798395
CtrSVDD_0008_E_0009176,-6.6049302171
CtrSVDD_0009_E_0009177,1.7518528889
CtrSVDD_0010_E_0009178,-7.8424819122
CtrSVDD_0011_E_0009179,-7.8261698172
CtrSVDD_0012_E_0009180,-5.4879977792
CtrSVDD_0013_E_0009181,-5.1772035890
CtrSVDD_0014_E_0009182,-5.4895158351
CtrSVDD_0015_E_0009183,-5.6349726495
CtrSVDD_0016_E_0009184,-9.2777236560
CtrSVDD_0017_E_0009185,-6.1850163109
CtrSVDD_0018_E_0009186,2.2337171702
CtrSVDD_0019_E_0009187,-1.4797091119
CtrSVDD_0020_E_0009188,-4.1787223176
CtrSVDD_0021_E_0009189,-6.7161646617
CtrSVDD_0022_E_0009190,-7.2084468652
CtrSVDD_0023_E_0009191,-4.8918439731
CtrSVDD_0024_E_0009192,-5.5281097173
CtrSVDD_0025_E_0009193,-4.3794616835
CtrSVDD_0026_E_0009194,-6.6477185594
CtrSVDD_0027_E_0009195,-8.1329640572
CtrSVDD_0028_E_0009196,-4.9274216968
CtrSVDD_0029_E_0009197,-0.7548569455
CtrSVDD_0030_E_0009198,-6.1859046484
CtrSVDD_0031_E_0009199,-2.6272802722
CtrSVDD_0032_E_0009200,-7.2827181614
CtrSVDD_0033_E_0009201,-2.7025380570
CtrSVDD_0034_E_0009202,2.3289639096
CtrSVDD_0035_E_0009203,-4.8348858308
CtrSVDD_0036_E_0009204,2.1055201391
CtrSVDD_0037_E_0009205,-6.1252949547
CtrSVDD_0038_E_0009206,-4.8852692150
CtrSVDD_0039_E_0009207,-8.4531007550
CtrSVDD_0040_E_0009208,-5.2314159298
CtrSVDD_0041_E_0009209,-7.6500932673
CtrSVDD_0042_E_0009210,-5.6986375105
CtrSVDD_0043_E_0009211,-7.8082580773
CtrSVDD_0044_E_0009212,-7.5842351593
CtrSVDD_0045_E_0009213,-6.3707190307
CtrSVDD_0046_E_0009214,-5.7954825498
CtrSVDD_0047_E_0009215,-6.9502172060
CtrSVDD_0000_E_0009216,-7.4229956783
CtrSVDD_0001_E_0009217,-6.5321580882
CtrSVDD_0002_E_0009218,-7.0027099317
CtrSVDD_0003_E_0009219,-7.4317901514
CtrSVDD_0004_E_0009220,-6.7057648927
CtrSVDD_0005_E_0009221,-1.5984941976
CtrSVDD_0006_E_0009222,-5.4777794842
CtrSVDD_0007_E_0009223,-6.3718360073
CtrSVDD_0008_E_0009224,0.8986077914
CtrSVDD_0009_E_0009225,-4.6659051287
CtrSVDD_0010_E_0009226,-7.7221350457
CtrSVDD_0011_E_0009227,-1.6453949376
CtrSVDD_0012_E_0009228,-2.1316438762
CtrSVDD_0013_E_0009229,-7.8733936632
CtrSVDD_0014_E_0009230,-6.2942397421
CtrSVDD_0015_E_0009231,-6.8718869947
CtrSVDD_0016_E_0009232,-5.4891696818
CtrSVDD_0017_E_0009233,-6.3890916410
CtrSVDD_0018_E_0009234,-5.1050508018
CtrSVDD_0019_E_0009235,-1.2283701829
CtrSVDD_0020_E_0009236,0.5504201225
CtrSVDD_0021_E_0009237,-6.1107260830
CtrSVDD_0022_E_0009238,-7.7867660048
CtrSVDD_0023_E_0009239,-6.0325381436
CtrSVDD_0024_E_0009240,-6.0951966539
CtrSVDD_0025_E_0009241,-6.0195483214
CtrSVDD_0026_E_0009242,-5.1431557241
CtrSVDD_0027_E_0009243,-5.9475136460
CtrSVDD_0028_E_0009244,-5.1658552265
CtrSVDD_0029_E_0009245,-7.2012241828
CtrSVDD_0030_E_0009246,-6.4983302774
CtrSVDD_0031_E_0009247,-6.4351196969
CtrSVDD_0032_E_0009248,-5.8071192098
CtrSVDD_0033_E_0009249,-6.9062574867
CtrSVDD_0034_E_0009250,-7.5914430226
CtrSVDD_0035_E_0009251,0.8374427401
CtrSVDD_0036_E_0009252,-6.2438935520
CtrSVDD_0037_E_0009253,-7.1637257538
CtrSVDD_0038_E_0009254,-5.3581019329
CtrSVDD_0039_E_0009255,-7.9892557691
CtrSVDD_0040_E_0009256,-4.2608853341
CtrSVDD_0041_E_0009257,-8.0349205859
CtrSVDD_0042_E_0009258,-7.3535313231
CtrSVDD_0043_E_0009259,0.3599747356
CtrSVDD_0044_E_0009260,-6.3051824309
CtrSVDD_0045_E_0009261,-3.0235620741
CtrSVDD_0046_E_0009262,-3.0953556628
CtrSVDD_0047_E_0009263,-5.6425579953
CtrSVDD_0000_E_0009264,1.1821021320
CtrSVDD_0001_E_0009265,-4.7813214490
CtrSVDD_0002_E_0009266,-7.0506523498
CtrSVDD_0003_E_0009267,2.0694437537
CtrSVDD_0004_E_0009268,2.1908890624
CtrSVDD_0005_E_0009269,-0.1921097344
CtrSVDD_0006_E_0009270,-7.3641610162
CtrSVDD_0007_E_0009271,-0.1424573696
CtrSVDD_0008_E_0009272,-7.5143089608
CtrSVDD_0009_E_0009273,-6.0928583215
CtrSVDD_0010_E_0009274,-6.1749566437
CtrSVDD_0011_E_0009275,-5.7214045288
CtrSVDD_0012_E_0009276,-5.1309652797
CtrSVDD_0013_E_0009277,-4.5043405031
CtrSVDD_0014_E_0009278,-6.1540770917
CtrSVDD_0015_E_0009279,-5.5634391131
CtrSVDD_0016_E_0009280,-4.9954223460
CtrSVDD_0017_E_0009281,-5.0025981730
CtrSVDD_0018_E_0009282,-6.5033239621
CtrSVDD_0019_E_0009283,-6.9633710367
CtrSVDD_0020_E_0009284,-0.7419009975
CtrSVDD_0021_E_0009285,-5.4988840832
CtrSVDD_0022_E_0009286,-0.3017602678
CtrSVDD_0023_E_0009287,-6.3985473342
CtrSVDD_0024_E_0009288,0.4769881839
CtrSVDD_0025_E_0009289,-8.1081965540
CtrSVDD_0026_E_0009290,-5.3565598435
CtrSVDD_0027_E_0009291,-6.3032587517
CtrSVDD_0028_E_0009292,0.1114338467
CtrSVDD_0029_E_0009293,-5.3209710016
CtrSVDD_0030_E_0009294,-8.8031455351
CtrSVDD_0031_E_0009295,-7.4215346099
CtrSVDD_0032_E_0009296,-8.1642744061
CtrSVDD_0033_E_0009297,-5.5420606691
CtrSVDD_0034_E_0009298,-7.3264264470
CtrSVDD_0035_E_0009299,-5.3212376380
CtrSVDD_0036_E_0009300,0.8958434492
CtrSVDD_0037_E_0009301,-6.4751061201
CtrSVDD_0038_E_0009302,-6.9790862771
CtrSVDD_0039_E_0009303,-5.2824527540
CtrSVDD_0040_E_0009304,-0.3833626499
CtrSVDD_0041_E_0009305,-5.9924401646
CtrSVDD_0042_E_0009306,-3.3412913161
CtrSVDD_0043_E_0009307,0.9611126384
CtrSVDD_0044_E_0009308,-7.0043072049
CtrSVDD_0045_E_0009309,-6.2239365553
CtrSVDD_0046_E_0009310,-6.1283280077
CtrSVDD_0047_E_0009311,-3.3007771443
CtrSVDD_0000_E_0009312,-5.9313168757
CtrSVDD_0001_E_0009313,-1.0576107825
CtrSVDD_0002_E_0009314,-6.0883056449
CtrSVDD_0003_E_0009315,-5.5107541768
CtrSVDD_0004_E_0009316,-6.6522610691
CtrSVDD_0005_E_0009317,-1.8970928897
CtrSVDD_0006_E_0009318,-3.1995956446
CtrSVDD_0007_E_0009319,-8.9808462305
CtrSVDD_0008_E_0009320,-7.7809778158
CtrSVDD_0009_E_0009321,-5.4102274661
CtrSVDD_0010_E_0009322,-5.2367282198
CtrSVDD_0011_E_0009323,0.5342161970
CtrSVDD_0012_E_0009324,-6.7416552225
CtrSVDD_0013_E_0009325,-6.1082532371
CtrSVDD_0014_E_0009326,-6.3590686507
CtrSVDD_0015_E_0009327,-2.4885864381
CtrSVDD_0016_E_0009328,-6.3494640284
CtrSVDD_0017_E_0009329,-6.8563686098
CtrSVDD_0018_E_0009330,-6.0404594503
CtrSVDD_0019_E_0009331,-4.0325398716
CtrSVDD_0020_E_0009332,-2.9546180186
CtrSVDD_0021_E_0009333,-2.9622513021
CtrSVDD_0022_E_0009334,-7.3278088091
CtrSVDD_0023_E_0009335,-0.3924111291
CtrSVDD_0024_E_0009336,-5.3510754387
CtrSVDD_0025_E_0009337,1.0111882266
CtrSVDD_0026_E_0009338,1.3644275699
CtrSVDD_0027_E_0009339,-3.7565236167
CtrSVDD_0028_E_0009340,-7.2110555410
CtrSVDD_0029_E_0009341,0.1934623919
CtrSVDD_0030_E_0009342,-7.5747977180
CtrSVDD_0031_E_0009343,-6.8561130616
CtrSVDD_0032_E_0009344,-7.2062361447
CtrSVDD_0033_E_0009345,-6.1740656266
CtrSVDD_0034_E_0009346,-5.7033959180
CtrSVDD_0035_E_0009347,-0.5684131487
CtrSVDD_0036_E_0009348,-3.1664128555
CtrSVDD_0037_E_0009349,-2.0566920338
CtrSVDD_0038_E_0009350,-7.8597751379
CtrSVDD_0039_E_0009351,-0.6133869154
CtrSVDD_0040_E_0009352,-2.8302040041
CtrSVDD_0041_E_0009353,-3.3041655481
CtrSVDD_0042_E_0009354,-6.2208638398
CtrSVDD_0043_E_0009355,-4.6926971033
CtrSVDD_0044_E_0009356,-7.8525948234
CtrSVDD_0045_E_0009357,-7.2982246809
CtrSVDD_0046_E_0009358,-8.2829814913
CtrSVDD_0047_E_0009359,-6.1890377824
CtrSVDD_0000_E_0009360,-4.5848068616
CtrSVDD_0001_E_0009361,-7.5181419018
CtrSVDD_0002_E_0009362,-4.3887142330
CtrSVDD_0003_E_0009363,-5.6677738392
CtrSVDD_0004_E_0009364,-6.6006642600
CtrSVDD_0005_E_0009365,-7.4811018986
CtrSVDD_0006_E_0009366,-5.5881877935
CtrSVDD_0007_E_0009367,-6.5156463855
CtrSVDD_0008_E_0009368,-7.8926285912
CtrSVDD_0009_E_0009369,-3.3092437815
CtrSVDD_0010_E_0009370,1.6400033795
CtrSVDD_0011_E_0009371,-6.3941083566
CtrSVDD_0012_E_0009372,-4.8499200463
CtrSVDD_0013_E_0009373,-6.3006375674
CtrSVDD_0014_E_0009374,-7.6727916829
CtrSVDD_0015_E_0009375,-6.9436630751
CtrSVDD_0016_E_0009376,0.0945589226
CtrSVDD_0017_E_0009377,-5.2691326176
CtrSVDD_0018_E_0009378,-2.9276720347
CtrSVDD_0019_E_0009379,-6.0159565567
CtrSVDD_0020_E_0009380,-6.4526463138
CtrSVDD_0021_E_0009381,-5.8798979607
CtrSVDD_0022_E_0009382,-4.7178517072
CtrSVDD_0023_E_0009383,-6.3253465749
CtrSVDD_0024_E_0009384,-5.4680116139
CtrSVDD_0025_E_0009385,-5.3488431260
CtrSVDD_0026_E_0009386,-3.0167872076
CtrSVDD_0027_E_0009387,-4.2157235597
CtrSVDD_0028_E_0009388,-6.8808413228
CtrSVDD_0029_E_0009389,-6.7822965060
CtrSVDD_0030_E_0009390,-5.2838471293
CtrSVDD_0031_E_0009391,-7.3764250506
CtrSVDD_0032_E_0009392,-6.3375951851
CtrSVDD_0033_E_0009393,-6.3625025907
CtrSVDD_0034_E_0009394,-5.0543134336
CtrSVDD_0035_E_0009395,-6.5138670444
CtrSVDD_0036_E_0009396,-7.0213873468
CtrSVDD_0037_E_0009397,-5.5395447312
CtrSVDD_0038_E_0009398,-4.9357387607
CtrSVDD_0039_E_0009399,-4.0825841052
CtrSVDD_0040_E_0009400,-7.6213034111
CtrSVDD_0041_E_0009401,-6.6640907367
CtrSVDD_0042_E_0009402,-8.5085812012
CtrSVDD_0043_E_0009403,2.4585253458
CtrSVDD_0044_E_0009404,-4.5319099956
CtrSVDD_0045_E_0009405,-5.3183061353
CtrSVDD_0046_E_0009406,-6.8885860771
CtrSVDD_0047_E_0009407,-6.2655446759
CtrSVDD_0000_E_0009408,-5.7908460768
CtrSVDD_0001_E_0009409,-8.5352109586
CtrSVDD_0002_E_0009410,-7.8222778668
CtrSVDD_0003_E_0009411,-6.8873701359
CtrSVDD_0004_E_0009412,-5.0020419098
CtrSVDD_0005_E_0009413,-5.4556126002
CtrSVDD_0006_E_0009414,-7.2011181577
CtrSVDD_0007_E_0009415,-7.3310458120
CtrSVDD_0008_E_0009416,-7.2193377420
CtrSVDD_0009_E_0009417,-7.9213252882
CtrSVDD_0010_E_0009418,0.2523361478
CtrSVDD_0011_E_0009419,-5.5209469482
CtrSVDD_0012_E_0009420,-6.8989462728
CtrSVDD_0013_E_0009421,-6.3757626185
CtrSVDD_0014_E_0009422,-6.9436507256
CtrSVDD_0015_E_0009423,-9.6325749751
CtrSVDD_0016_E_0009424,0.2508923729
CtrSVDD_0017_E_0009425,-6.8004739898
CtrSVDD_0018_E_0009426,-1.4560711321
CtrSVDD_0019_E_0009427,-5.5435866567
CtrSVDD_0020_E_0009428,-4.3255535590
CtrSVDD_0021_E_0009429,-4.7375894612
CtrSVDD_0022_E_0009430,0.9949625801
CtrSVDD_0023_E_0009431,-6.2955337876
CtrSVDD_0024_E_0009432,-5.4287783520
CtrSVDD_0025_E_0009433,-6.2482499990
CtrSVDD_0026_E_0009434,-7.0030967837
CtrSVDD_0027_E_0009435,-8.0947446745
CtrSVDD_0028_E_0009436,-6.8661993979
CtrSVDD_0029_E_0009437,-5.7617420394
CtrSVDD_0030_E_0009438,-6.3117245741
CtrSVDD_0031_E_0009439,-0.3638636612
CtrSVDD_0032_E_0009440,0.6389131017
CtrSVDD_0033_E_0009441,-8.7967732759
CtrSVDD_0034_E_0009442,-2.9392649181
CtrSVDD_0035_E_0009443,-6.9741648414
CtrSVDD_0036_E_0009444,-6.4585891207
CtrSVDD_0037_E_0009445,-4.1535126469
CtrSVDD_0038_E_0009446,1.4313017591
CtrSVDD_0039_E_0009447,0.4315698163
CtrSVDD_0040_E_0009448,-5.9115298272
CtrSVDD_0041_E_0009449,-7.5179435787
CtrSVDD_0042_E_0009450,-6.4513980189
CtrSVDD_0043_E_0009451,0.7355604574
CtrSVDD_0044_E_0009452,-6.0476726525
CtrSVDD_0045_E_0009453,-6.7733011855
CtrSVDD_0046_E_0009454,-5.8854242261
CtrSVDD_0047_E_0009455,-4.5505732524
CtrSVDD_0000_E_0009456,-5.9008673582
CtrSVDD_0001_E_0009457,-3.6647546812
CtrSVDD_0002_E_0009458,-3.7130059299
CtrSVDD_0003_E_0009459,-1.0134905810
CtrSVDD_0004_E_0009460,0.5019121261
CtrSVDD_0005_E_0009461,-5.9010956399
CtrSVDD_0006_E_0009462,-7.4049726070
CtrSVDD_0007_E_0009463,-0.5536781855
CtrSVDD_0008_E_0009464,-4.5364787101
CtrSVDD_0009_E_0009465,-8.3778682492
CtrSVDD_0010_E_0009466,-5.5940563057
CtrSVDD_0011_E_0009467,0.9066820700
CtrSVDD_0012_E_0009468,-6.6883783874
CtrSVDD_0013_E_0009469,0.6201542326
CtrSVDD_0014_E_0009470,-4.0063853352
CtrSVDD_0015_E_0009471,1.3031536179
CtrSVDD_0016_E_0009472,-6.3199578512
CtrSVDD_0017_E_0009473,-7.1875259681
CtrSVDD_0018_E_0009474,-7.6336876795
CtrSVDD_0019_E_0009475,-5.8016707311
CtrSVDD_0020_E_0009476,-3.9372071885
CtrSVDD_0021_E_0009477,-6.9535474127
CtrSVDD_0022_E_0009478,-7.0432660595
CtrSVDD_0023_E_0009479,-6.5112844346
CtrSVDD_0024_E_0009480,-3.8885091708
CtrSVDD_0025_E_0009481,-3.0463180263
CtrSVDD_0026_E_0009482,-7.3102030806
CtrSVDD_0027_E_0009483,-1.7583790479
CtrSVDD_0028_E_0009484,-7.0154286325
CtrSVDD_0029_E_0009485,-0.3149624314
CtrSVDD_0030_E_0009486,-7.6253796212
CtrSVDD_0031_E_0009487,1.7878416882
CtrSVDD_0032_E_0009488,-2.8137642770
CtrSVDD_0033_E_0009489,0.4014918522
CtrSVDD_0034_E_0009490,-7.9566578299
CtrSVDD_0035_E_0009491,-4.2577081756
CtrSVDD_0036_E_0009492,-7.0554853744
CtrSVDD_0037_E_0009493,-4.6843794796
CtrSVDD_0038_E_0009494,-4.2603163771
CtrSVDD_0039_E_0009495,0.3939223175
CtrSVDD_0040_E_0009496,-2.2005750851
CtrSVDD_0041_E_0009497,-5.8436426106
CtrSVDD_0042_E_0009498,-3.5076880876
CtrSVDD_0043_E_0009499,-3.3075516142
CtrSVDD_0044_E_0009500,-6.2570132727
CtrSVDD_0045_E_0009501,-5.6526890032
CtrSVDD_0046_E_0009502,0.1029927185
CtrSVDD_0047_E_0009503,-0.2832029081
CtrSVDD_0000_E_0009504,-7.2215209892
CtrSVDD_0001_E_0009505,-6.0072530417
CtrSVDD_0002_E_0009506,-6.5581574082
CtrSVDD_0003_E_0009507,-5.5672217033
CtrSVDD_0004_E_0009508,-7.6416660303
CtrSVDD_0005_E_0009509,-6.3641564107
CtrSVDD_0006_E_0009510,-3.1382518488
CtrSVDD_0007_E_0009511,-6.5643127308
CtrSVDD_0008_E_0009512,-4.7216424056
CtrSVDD_0009_E_0009513,-6.7355850416
CtrSVDD_0010_E_0009514,-6.1639663083
CtrSVDD_0011_E_0009515,-5.5676576413
CtrSVDD_0012_E_0009516,-6.8100841099
CtrSVDD_0013_E_0009517,-6.1665222666
CtrSVDD_0014_E_0009518,-6.3245234126
CtrSVDD_0015_E_0009519,-5.3308407359
CtrSVDD_0016_E_0009520,-5.3892711081
CtrSVDD_0017_E_0009521,-6.8579867865
CtrSVDD_0018_E_0009522,-7.8946298960
CtrSVDD_0019_E_0009523,0.0538793990
CtrSVDD_0020_E_0009524,-4.6382191275
CtrSVDD_0021_E_0009525,-6.3281326080
CtrSVDD_0022_E_0009526,-5.8580258410
CtrSVDD_0023_E_0009527,-6.0331481845
CtrSVDD_0024_E_0009528,-6.2308530303
CtrSVDD_0025_E_0009529,-4.6236033359
CtrSVDD_0026_E_0009530,-7.2969502027
CtrSVDD_0027_E_0009531,-5.1739774114
CtrSVDD_0028_E_0009532,-4.9508131822
CtrSVDD_0029_E_0009533,-7.6930090759
CtrSVDD_0030_E_0009534,-7.5441444397
CtrSVDD_0031_E_0009535,-1.9257990969
CtrSVDD_0032_E_0009536,-4.3427930765
CtrSVDD_0033_E_0009537,0.8635505819
CtrSVDD_0034_E_0009538,-7.8045109157
CtrSVDD_0035_E_0009539,-6.1151102225
CtrSVDD_0036_E_0009540,-7.0490931564
CtrSVDD_0037_E_0009541,-6.7338428947
CtrSVDD_0038_E_0009542,-6.0250126951
CtrSVDD_0039_E_0009543,-5.9101801607
CtrSVDD_0040_E_0009544,0.1100264567
CtrSVDD_0041_E_0009545,-5.6027009735
CtrSVDD_0042_E_0009546,-4.5738337487
CtrSVDD_0043_E_0009547,-4.5690387983
CtrSVDD_0044_E_0009548,-8.8420223685
CtrSVDD_0045_E_0009549,-6.4392416913
CtrSVDD_0046_E_0009550,-1.7716607253
CtrSVDD_0047_E_0009551,0.4816954322
CtrSVDD_0000_E_0009552,-7.1450313389
CtrSVDD_0001_E_0009553,-6.0778779386
CtrSVDD_0002_E_0009554,-6.8354974739
CtrSVDD_0003_E_0009555,-3.9822285075
CtrSVDD_0004_E_0009556,-5.7537305620
CtrSVDD_0005_E_0009557,-7.5573990200
CtrSVDD_0006_E_0009558,-7.0864263429
CtrSVDD_0007_E_0009559,-4.3740528227
CtrSVDD_0008_E_0009560,-2.2871463235
CtrSVDD_0009_E_0009561,-7.7635923749
CtrSVDD_0010_E_0009562,-4.7575460086
CtrSVDD_0011_E_0009563,-5.5636409694
CtrSVDD_0012_E_0009564,-4.8580335433
CtrSVDD_0013_E_0009565,-6.9381869915
CtrSVDD_0014_E_0009566,-9.0615437969
CtrSVDD_0015_E_0009567,-5.2240032969
CtrSVDD_0016_E_0009568,-6.7853254847
CtrSVDD_0017_E_0009569,-0.4085017731
CtrSVDD_0018_E_0009570,-6.3542692591
CtrSVDD_0019_E_0009571,-7.2459095831
CtrSVDD_0020_E_0009572,-4.9803461034
CtrSVDD_0021_E_0009573,-6.3002394147
CtrSVDD_0022_E_0009574,-5.5578805160
CtrSVDD_0023_E_0009575,-4.1573436039
CtrSVDD_0024_E_0009576,-6.3758220391
CtrSVDD_0025_E_0009577,-5.7259010377
CtrSVDD_0026_E_0009578,1.3896982195
CtrSVDD_0027_E_0009579,-7.7348440739
CtrSVDD_0028_E_0009580,-6.8292808610
CtrSVDD_0029_E_0009581,-7.2354631900
CtrSVDD_0030_E_0009582,-7.4820868394
CtrSVDD_0031_E_0009583,1.1934303035
CtrSVDD_0032_E_0009584,-6.4788016330
CtrSVDD_0033_E_0009585,-6.0499423418
CtrSVDD_0034_E_0009586,-6.4402978332
CtrSVDD_0035_E_0009587,-7.2603763904
CtrSVDD_0036_E_0009588,-6.6815390265
CtrSVDD_0037_E_0009589,-8.1556161895
CtrSVDD_0038_E_0009590,-6.0344041442
CtrSVDD_0039_E_0009591,-4.6323993751
CtrSVDD_0040_E_0009592,-3.9305641107
CtrSVDD_0041_E_0009593,-8.4576420253
CtrSVDD_0042_E_0009594,-6.3329064493
CtrSVDD_0043_E_0009595,-7.9218996247
CtrSVDD_0044_E_0009596,-6.1750195806
CtrSVDD_0045_E_0009597,0.3061550341
CtrSVDD_0046_E_0009598,-4.6720398626
CtrSVDD_0047_E_0009599,-7.5380446684
CtrSVDD_0000_E_0009600,-6.9179326212
CtrSVDD_0001_E_0009601,-4.2075204585
CtrSVDD_0002_E_0009602,-9.3023083590
CtrSVDD_0003_E_0009603,-5.8025605968
CtrSVDD_0004_E_0009604,-7.3675888513
CtrSVDD_0005_E_0009605,-7.2292700980
CtrSVDD_0006_E_0009606,0.1892608309
CtrSVDD_0007_E_0009607,-9.1395581617
CtrSVDD_0008_E_0009608,-6.5478838121
CtrSVDD_0009_E_0009609,-3.7783970253
CtrSVDD_0010_E_0009610,-5.4940691141
CtrSVDD_0011_E_0009611,-5.6498591400
CtrSVDD_0012_E_0009612,-7.0932331440
CtrSVDD_0013_E_0009613,-7.8254502993
CtrSVDD_0014_E_0009614,-3.4514166989
CtrSVDD_0015_E_0009615,-7.2110892149
CtrSVDD_0016_E_0009616,-6.4045789512
CtrSVDD_0017_E_0009617,-8.3104898848
CtrSVDD_0018_E_0009618,-7.1266894216
CtrSVDD_0019_E_0009619,-0.5733521972
CtrSVDD_0020_E_0009620,-4.2790088502
CtrSVDD_0021_E_0009621,0.0482769358
CtrSVDD_0022_E_0009622,-3.4944637421
CtrSVDD_0023_E_0009623,-6.7948902578
CtrSVDD_0024_E_0009624,-1.5363932377
CtrSVDD_0025_E_0009625,-7.2121367427
CtrSVDD_0026_E_0009626,-6.4269116073
CtrSVDD_0027_E_0009627,-4.5340283170
CtrSVDD_0028_E_0009628,-5.4971039218
CtrSVDD_0029_E_0009629,-7.5587775145
CtrSVDD_0030_E_0009630,-4.8095737915
CtrSVDD_0031_E_0009631,-6.5609208956
CtrSVDD_0032_E_0009632,-9.0957741887
CtrSVDD_0033_E_0009633,-3.3898740878
CtrSVDD_0034_E_0009634,-6.6128780583
CtrSVDD_0035_E_0009635,-5.6410406607
CtrSVDD_0036_E_0009636,-4.1298324871
CtrSVDD_0037_E_0009637,-4.9739156165
CtrSVDD_0038_E_0009638,-7.6745443411
CtrSVDD_0039_E_0009639,-2.3337403118
CtrSVDD_0040_E_0009640,0.0300784789
CtrSVDD_0041_E_0009641,-6.5445334976
CtrSVDD_0042_E_0009642,-4.9899240140
CtrSVDD_0043_E_0009643,-3.5671445470
CtrSVDD_0044_E_0009644,-5.1366644570
CtrSVDD_0045_E_0009645,-2.7527316362
CtrSVDD_0046_E_0009646,-1.1056701490
CtrSVDD_0047_E_0009647,-0.9261795494
CtrSVDD_0000_E_0009648,-4.1631036972
CtrSVDD_0001_E_0009649,0.9613044018
CtrSVDD_0002_E_0009650,-6.5414873103
CtrSVDD_0003_E_0009651,-7.1042478997
CtrSVDD_0004_E_0009652,-7.2701284714
CtrSVDD_0005_E_0009653,-5.0733569039
CtrSVDD_0006_E_0009654,-5.7975631197
CtrSVDD_0007_E_0009655,-4.5604851830
CtrSVDD_0008_E_0009656,1.3087199986
CtrSVDD_0009_E_0009657,-7.3983341423
CtrSVDD_0010_E_0009658,-5.7192253917
CtrSVDD_0011_E_0009659,-3.3143168729
CtrSVDD_0012_E_0009660,-7.9725643139
CtrSVDD_0013_E_0009661,-5.8950937783
CtrSVDD_0014_E_0009662,0.3608762425
CtrSVDD_0015_E_0009663,2.2228238742
CtrSVDD_0016_E_0009664,-5.1830209454
CtrSVDD_0017_E_0009665,-7.4012163536
CtrSVDD_0018_E_0009666,-5.7862135024
CtrSVDD_0019_E_0009667,0.4458688780
CtrSVDD_0020_E_0009668,-5.2483562037
CtrSVDD_0021_E_0009669,-7.8342293574
CtrSVDD_0022_E_0009670,-7.4194088294
CtrSVDD_0023_E_0009671,-7.2976305261
CtrSVDD_0024_E_0009672,-6.9350650984
CtrSVDD_0025_E_0009673,-6.7121134474
CtrSVDD_0026_E_0009674,1.3948847544
CtrSVDD_0027_E_0009675,-5.6122605878
CtrSVDD_0028_E_0009676,0.3713465049
CtrSVDD_0029_E_0009677,-6.1999386391
CtrSVDD_0030_E_0009678,-5.6646779404
CtrSVDD_0031_E_0009679,-6.9538005129
CtrSVDD_0032_E_0009680,-1.7784204807
CtrSVDD_0033_E_0009681,-5.8388340373
CtrSVDD_0034_E_0009682,-8.7660219223
CtrSVDD_0035_E_0009683,0.1410444574
CtrSVDD_0036_E_0009684,-5.7446814431
CtrSVDD_0037_E_0009685,-1.4357491583
CtrSVDD_0038_E_0009686,-7.5153308397
CtrSVDD_0039_E_0009687,1.7852624904
CtrSVDD_0040_E_0009688,-7.3067741120
CtrSVDD_0041_E_0009689,0.1339840606
CtrSVDD_0042_E_0009690,-4.9313743832
CtrSVDD_0043_E_0009691,-1.3331649506
CtrSVDD_0044_E_0009692,-8.0123283069
CtrSVDD_0045_E_0009693,-6.0391056757
CtrSVDD_0046_E_0009694,-5.6787180713
CtrSVDD_0047_E_0009695,-7.3487337086
CtrSVDD_0000_E_0009696,-7.2507291531
CtrSVDD_0001_E_0009697,-6.1562823097
CtrSVDD_0002_E_0009698,-3.8480075554
CtrSVDD_0003_E_0009699,-5.1136478974
CtrSVDD_0004_E_0009700,-4.8087414427
CtrSVDD_0005_E_0009701,-3.0444831265
CtrSVDD_0006_E_0009702,-1.4008052395
CtrSVDD_0007_E_0009703,-7.1239901724
CtrSVDD_0008_E_0009704,-5.3085077956
CtrSVDD_0009_E_0009705,1.3611489816
CtrSVDD_0010_E_0009706,-5.7472347839
CtrSVDD_0011_E_0009707,-3.2701704650
CtrSVDD_0012_E_0009708,-6.5975190705
CtrSVDD_0013_E_0009709,-5.3149050374
CtrSVDD_0014_E_0009710,-4.1037033667
CtrSVDD_0015_E_0009711,-6.4811804054
CtrSVDD_0016_E_0009712,-3.7412112762
CtrSVDD_0017_E_0009713,-7.6233660440
CtrSVDD_0018_E_0009714,-3.1558626942
CtrSVDD_0019_E_0009715,-6.5908970621
CtrSVDD_0020_E_0009716,-8.2623163503
CtrSVDD_0021_E_0009717,-6.4949900788
CtrSVDD_0022_E_0009718,-6.2826209764
CtrSVDD_0023_E_0009719,-6.7173204619
CtrSVDD_0024_E_0009720,-5.4712884326
CtrSVDD_0025_E_0009721,-1.8667109463
CtrSVDD_0026_E_0009722,-7.7897813896
CtrSVDD_0027_E_0009723,0.5873285288
CtrSVDD_0028_E_0009724,-7.9075927053
CtrSVDD_0029_E_0009725,-0.4769881839
CtrSVDD_0030_E_0009726,-4.5814425424
CtrSVDD_0031_E_0009727,-6.8358200239
CtrSVDD_0032_E_0009728,-5.7354711144
CtrSVDD_0033_E_0009729,-5.5153021834
CtrSVDD_0034_E_0009730,-6.2814066311
CtrSVDD_0035_E_0009731,-1.9533237077
CtrSVDD_0036_E_0009732,-5.9071584799
CtrSVDD_0037_E_0009733,-6.0512562969
CtrSVDD_0038_E_0009734,-6.8125984967
CtrSVDD_0039_E_0009735,-5.8698276778
CtrSVDD_0040_E_0009736,-8.1218658493
CtrSVDD_0041_E_0009737,-4.2036877638
CtrSVDD_0042_E_0009738,1.0419539366
CtrSVDD_0043_E_0009739,-6.3083687107
CtrSVDD_0044_E_0009740,-7.7718886498
CtrSVDD_0045_E_0009741,-5.2347369036
CtrSVDD_0046_E_0009742,-6.9693798885
CtrSVDD_0047_E_0009743,-4.4215524186
CtrSVDD_0000_E_0009744,-6.4557292643
CtrSVDD_0001_E_0009745,-0.3683508953
CtrSVDD_0002_E_0009746,-5.8345505152
CtrSVDD_0003_E_0009747,-6.5276246229
CtrSVDD_0004_E_0009748,-0.4567100527
CtrSVDD_0005_E_0009749,0.2915282760
CtrSVDD_0006_E_0009750,1.1252843155
CtrSVDD_0007_E_0009751,-7.3595398791
CtrSVDD_0008_E_0009752,0.1382194746
CtrSVDD_0009_E_0009753,-5.7446496528
CtrSVDD_0010_E_0009754,-5.8431305874
CtrSVDD_0011_E_0009755,-0.5882543120
CtrSVDD_0012_E_0009756,-6.0673431170
CtrSVDD_0013_E_0009757,-7.1783410253
CtrSVDD_0014_E_0009758,-4.6946442951
CtrSVDD_0015_E_0009759,-7.5993132565
CtrSVDD_0016_E_0009760,-4.6441633501
CtrSVDD_0017_E_0009761,-3.5423759582
CtrSVDD_0018_E_0009762,-6.4086138835
CtrSVDD_0019_E_0009763,1.3538593641
CtrSVDD_0020_E_0009764,-6.9934279197
CtrSVDD_0021_E_0009765,-0.9176216787
CtrSVDD_0022_E_0009766,-4.8001678867
CtrSVDD_0023_E_0009767,-7.1381853162
CtrSVDD_0024_E_0009768,-4.9760625813
CtrSVDD_0025_E_0009769,-5.8492007751
CtrSVDD_0026_E_0009770,-5.3431492987
CtrSVDD_0027_E_0009771,-4.8849360649
CtrSVDD_0028_E_0009772,-1.8279740872
CtrSVDD_0029_E_0009773,-5.7079729055
CtrSVDD_0030_E_0009774,-7.4042287956
CtrSVDD_0031_E_0009775,-5.3664295617
CtrSVDD_0032_E_0009776,-2.6459089090
CtrSVDD_0033_E_0009777,-6.9804966841
CtrSVDD_0034_E_0009778,-6.6107782296
CtrSVDD_0035_E_0009779,-7.6482765354
CtrSVDD_0036_E_0009780,-7.1251979135
CtrSVDD_0037_E_0009781,-7.3500705625
CtrSVDD_0038_E_0009782,-3.8789250853
CtrSVDD_0039_E_0009783,-0.1043990475
CtrSVDD_0040_E_0009784,-6.5247140517
CtrSVDD_0041_E_0009785,-6.0667714578
CtrSVDD_0042_E_0009786,-7.9626982170
CtrSVDD_0043_E_0009787,-5.7889119978
CtrSVDD_0044_E_0009788,1.3745482730
CtrSVDD_0045_E_0009789,1.5836154758
CtrSVDD_0046_E_0009790,0.6562059672
CtrSVDD_0047_E_0009791,-5.2243768680
CtrSVDD_0000_E_0009792,-3.6167153416
CtrSVDD_0001_E_0009793,-6.6961735350
CtrSVDD_0002_E_0009794,-4.3321732960
CtrSVDD_0003_E_0009795,-4.6294762910
CtrSVDD_0004_E_0009796,-6.4715910290
CtrSVDD_0005_E_0009797,-4.8713871931
CtrSVDD_0006_E_0009798,-7.8118390342
CtrSVDD_0007_E_0009799,-7.6316160224
CtrSVDD_0008_E_0009800,-4.7030248856
CtrSVDD_0009_E_0009801,0.6184597510
CtrSVDD_0010_E_0009802,-7.5061913334
CtrSVDD_0011_E_0009803,-0.7029888095
CtrSVDD_0012_E_0009804,-2.8825724473
CtrSVDD_0013_E_0009805,-7.9300366898
CtrSVDD_0014_E_0009806,-4.3132364138
CtrSVDD_0015_E_0009807,-7.0668574352
CtrSVDD_0016_E_0009808,-5.6347497024
CtrSVDD_0017_E_0009809,-5.6569300946
CtrSVDD_0018_E_0009810,-5.2991004626
CtrSVDD_0019_E_0009811,-6.7050581798
CtrSVDD_0020_E_0009812,-5.6367991030
CtrSVDD_0021_E_0009813,0.6983904682
CtrSVDD_0022_E_0009814,-7.5328041379
CtrSVDD_0023_E_0009815,-6.4103208619
CtrSVDD_0024_E_0009816,-2.7003162022
CtrSVDD_0025_E_0009817,-7.4597086308
CtrSVDD_0026_E_0009818,-2.3840560917
CtrSVDD_0027_E_0009819,-4.3542055594
CtrSVDD_0028_E_0009820,-6.6704299573
CtrSVDD_0029_E_0009821,-7.6614606412
CtrSVDD_0030_E_0009822,-4.6864635681
CtrSVDD_0031_E_0009823,-5.9344109679
CtrSVDD_0032_E_0009824,-3.8772009656
CtrSVDD_0033_E_0009825,-4.9536054281
CtrSVDD_0034_E_0009826,-6.3508992293
CtrSVDD_0035_E_0009827,-4.6228943784
CtrSVDD_0036_E_0009828,-0.1566026223
CtrSVDD_0037_E_0009829,-7.5629872571
CtrSVDD_0038_E_0009830,-8.2742813004
CtrSVDD_0039_E_0009831,-6.6929288187
CtrSVDD_0040_E_0009832,-7.1026193633
CtrSVDD_0041_E_0009833,-5.7931409775
CtrSVDD_0042_E_0009834,0.4427810558
CtrSVDD_0043_E_0009835,-6.3313906023
CtrSVDD_0044_E_0009836,-6.7254127788
CtrSVDD_0045_E_0009837,-7.3517809395
CtrSVDD_0046_E_0009838,-5.0132324314
CtrSVDD_0047_E_0009839,-6.6500886144
CtrSVDD_0000_E_0009840,-5.7042121332
CtrSVDD_0001_E_0009841,-5.3067176102
CtrSVDD_0002_E_0009842,-7.1411302643
CtrSVDD_0003_E_0009843,-8.2709834479
CtrSVDD_0004_E_0009844,-4.7149787852
CtrSVDD_0005_E_0009845,-5.3338309128
CtrSVDD_0006_E_0009846,-6.8264056992
CtrSVDD_0007_E_0009847,-2.8281578360
CtrSVDD_0008_E_0009848,-7.3366146417
CtrSVDD_0009_E_0009849,-5.4130946215
CtrSVDD_0010_E_0009850,-6.7358221161
CtrSVDD_0011_E_0009851,-7.1336628779
CtrSVDD_0012_E_0009852,-5.0511793294
CtrSVDD_0013_E_0009853,1.2805982317
CtrSVDD_0014_E_0009854,-5.6589266751
CtrSVDD_0015_E_0009855,-6.7682519065
CtrSVDD_0016_E_0009856,-3.0773035631
CtrSVDD_0017_E_0009857,-8.4701542597
CtrSVDD_0018_E_0009858,-7.0442197897
CtrSVDD_0019_E_0009859,-6.6457216674
CtrSVDD_0020_E_0009860,-7.5718837445
CtrSVDD_0021_E_0009861,0.1438705663
CtrSVDD_0022_E_0009862,-8.5412056266
CtrSVDD_0023_E_0009863,-4.7049713507
CtrSVDD_0024_E_0009864,1.1223380117
CtrSVDD_0025_E_0009865,-5.9673967180
CtrSVDD_0026_E_0009866,-6.2622290020
CtrSVDD_0027_E_0009867,-5.0518790387
CtrSVDD_0028_E_0009868,-6.2586093175
CtrSVDD_0029_E_0009869,-7.0715591336
CtrSVDD_0030_E_0009870,-6.9209768867
CtrSVDD_0031_E_0009871,-6.9081000622
CtrSVDD_0032_E_0009872,-4.8250635859
CtrSVDD_0033_E_0009873,-3.7851791562
CtrSVDD_0034_E_0009874,-6.8826587030
CtrSVDD_0035_E_0009875,-0.6771261906
CtrSVDD_0036_E_0009876,-4.9898083094
CtrSVDD_0037_E_0009877,-5.9738660582
CtrSVDD_0038_E_0009878,0.6456249513
CtrSVDD_0039_E_0009879,-5.9883278975
CtrSVDD_0040_E_0009880,-6.4125915603
CtrSVDD_0041_E_0009881,-5.8040803126
CtrSVDD_0042_E_0009882,0.8420025708
CtrSVDD_0043_E_0009883,-7.6440925415
CtrSVDD_0044_E_0009884,0.6252484071
CtrSVDD_0045_E_0009885,-1.0223898134
CtrSVDD_0046_E_0009886,-7.0459588594
CtrSVDD_0047_E_0009887,-5.1529235714
CtrSVDD_0000_E_0009888,-7.8206305160
CtrSVDD_0001_E_0009889,-4.1477796857
CtrSVDD_0002_E_0009890,-5.7721241678
CtrSVDD_0003_E_0009891,-6.7277849315
CtrSVDD_0004_E_0009892,-6.8957414424
CtrSVDD_0005_E_0009893,-3.7615639497
CtrSVDD_0006_E_0009894,-6.4733632298
CtrSVDD_0007_E_0009895,-0.0011383465
CtrSVDD_0008_E_0009896,-6.9729640853
CtrSVDD_0009_E_0009897,-7.4652758949
CtrSVDD_0010_E_0009898,-5.7970289224
CtrSVDD_0011_E_0009899,-4.4025136438
CtrSVDD_0012_E_0009900,-5.5224741713
CtrSVDD_0013_E_0009901,0.0398760261
CtrSVDD_0014_E_0009902,-6.3362839578
CtrSVDD_0015_E_0009903,-2.8055985918
CtrSVDD_0016_E_0009904,-3.6700435949
CtrSVDD_0017_E_0009905,-6.5992329994
CtrSVDD_0018_E_0009906,-1.2235967810
CtrSVDD_0019_E_0009907,-7.8697792267
CtrSVDD_0020_E_0009908,-3.8156203361
CtrSVDD_0021_E_0009909,-6.4952168731
CtrSVDD_0022_E_0009910,-2.7803820538
CtrSVDD_0023_E_0009911,-5.5385152017
CtrSVDD_0024_E_0009912,-3.1328777930
CtrSVDD_0025_E_0009913,-4.3593469708
CtrSVDD_0026_E_0009914,-7.1838126199
CtrSVDD_0027_E_0009915,-0.1935347696
CtrSVDD_0028_E_0009916,-6.1624776568
CtrSVDD_0029_E_0009917,-5.3373381238
CtrSVDD_0030_E_0009918,-5.3681291976
CtrSVDD_0031_E_0009919,-0.4228111722
CtrSVDD_0032_E_0009920,-4.3642548673
CtrSVDD_0033_E_0009921,-4.4814487100
CtrSVDD_0034_E_0009922,-0.3969473992
CtrSVDD_0035_E_0009923,-3.9727390401
CtrSVDD_0036_E_0009924,-8.5638500791
CtrSVDD_0037_E_0009925,-1.1223380117
CtrSVDD_0038_E_0009926,-4.9973408070
CtrSVDD_0039_E_0009927,-3.3058588711
CtrSVDD_0040_E_0009928,-0.6457902880
CtrSVDD_0041_E_0009929,1.5984941976
CtrSVDD_0042_E_0009930,-5.5536594829
CtrSVDD_0043_E_0009931,0.2321696494
CtrSVDD_0044_E_0009932,0.2809784640
CtrSVDD_0045_E_0009933,-7.5335925836
CtrSVDD_0046_E_0009934,-7.6110654615
CtrSVDD_0047_E_0009935,-5.7038673003
CtrSVDD_0000_E_0009936,-7.0830176941
CtrSVDD_0001_E_0009937,-5.3824862737
CtrSVDD_0002_E_0009938,-7.1393307059
CtrSVDD_0003_E_0009939,-4.4194348081
CtrSVDD_0004_E_0009940,-5.1455748581
CtrSVDD_0005_E_0009941,-7.0574857523
CtrSVDD_0006_E_0009942,-7.3512529244
CtrSVDD_0007_E_0009943,-5.3796851252
CtrSVDD_0008_E_0009944,-5.3493097850
CtrSVDD_0009_E_0009945,-6.9335049650
CtrSVDD_0010_E_0009946,-5.2410711274
CtrSVDD_0011_E_0009947,-6.9101655293
CtrSVDD_0012_E_0009948,-4.8713961672
CtrSVDD_0013_E_0009949,-1.8052882770
CtrSVDD_0014_E_0009950,-4.3703102075
CtrSVDD_0015_E_0009951,-7.8793389391
CtrSVDD_0016_E_0009952,1.8829302476
CtrSVDD_0017_E_0009953,-6.8186631543
CtrSVDD_0018_E_0009954,-6.4905428566
CtrSVDD_0019_E_0009955,-0.3848685318
CtrSVDD_0020_E_0009956,-5.9378356678
CtrSVDD_0021_E_0009957,-6.9216555424
CtrSVDD_0022_E_0009958,-8.8960411277
CtrSVDD_0023_E_0009959,-5.8933215719
CtrSVDD_0024_E_0009960,-6.1843389476
CtrSVDD_0025_E_0009961,-4.8905989255
CtrSVDD_0026_E_0009962,-6.8864543066
CtrSVDD_0027_E_0009963,-7.0359267281
CtrSVDD_0028_E_0009964,-7.0522625315
CtrSVDD_0029_E_0009965,-0.0314779298
CtrSVDD_0030_E_0009966,-5.1914714796
CtrSVDD_0031_E_0009967,-3.2169312602
CtrSVDD_0032_E_0009968,-8.2042263863
CtrSVDD_0033_E_0009969,-8.2122653795
CtrSVDD_0034_E_0009970,-7.8629411644
CtrSVDD_0035_E_0009971,-5.6889778881
CtrSVDD_0036_E_0009972,0.3134928526
CtrSVDD_0037_E_0009973,-7.0758324053
CtrSVDD_0038_E_0009974,-7.1256419226
CtrSVDD_0039_E_0009975,-5.1202325528
CtrSVDD_0040_E_0009976,-4.5200938461
CtrSVDD_0041_E_0009977,-4.8582837952
CtrSVDD_0042_E_0009978,-8.0187255487
CtrSVDD_0043_E_0009979,-0.4014918522
CtrSVDD_0044_E_0009980,-3.0408091118
CtrSVDD_0045_E_0009981,-0.0118899790
CtrSVDD_0046_E_0009982,-6.6790294805
CtrSVDD_0047_E_0009983,-6.4537651029
CtrSVDD_0000_E_0009984,-6.1953110792
CtrSVDD_0001_E_0009985,-0.6788864349
CtrSVDD_0002_E_0009986,-5.7492348991
CtrSVDD_0003_E_0009987,-5.4231105239
CtrSVDD_0004_E_0009988,-2.5892093183
CtrSVDD_0005_E_0009989,-5.9495631716
CtrSVDD_0006_E_0009990,-5.7341472778
CtrSVDD_0007_E_0009991,-2.7267562074
CtrSVDD_0008_E_0009992,-5.8216159072
CtrSVDD_0009_E_0009993,0.2981000670
CtrSVDD_0010_E_0009994,-6.4025656556
CtrSVDD_0011_E_0009995,-7.9069690031
CtrSVDD_0012_E_0009996,-5.6398093829
CtrSVDD_0013_E_0009997,-5.6602187210
CtrSVDD_0014_E_0009998,-8.2339487978
CtrSVDD_0015_E_0009999,-4.3113636752
CtrSVDD_0016_E_0010000,-7.5173696421
CtrSVDD_0017_E_0010001,-7.3402630621
CtrSVDD_0018_E_0010002,0.6788864349
CtrSVDD_0019_E_0010003,0.3773477668
CtrSVDD_0020_E_0010004,-7.5980275710
CtrSVDD_0021_E_0010005,-4.9234466835
CtrSVDD_0022_E_0010006,-5.4925514996
CtrSVDD_0023_E_0010007,-7.4569771043
CtrSVDD_0024_E_0010008,0.0875359191
CtrSVDD_0025_E_0010009,-3.4497583784
CtrSVDD_0026_E_0010010,-3.9468345014
CtrSVDD_0027_E_0010011,-7.2545888142
CtrSVDD_0028_E_0010012,-0.3385708627
CtrSVDD_0029_E_0010013,-6.0678379983
CtrSVDD_0030_E_0010014,-5.5607449167
CtrSVDD_0031_E_0010015,-7.2727668524
CtrSVDD_0032_E_0010016,-5.2505523775
CtrSVDD_0033_E_0010017,-6.6674018140
CtrSVDD_0034_E_0010018,-6.0400301470
CtrSVDD_0035_E_0010019,-7.3364607688
CtrSVDD_0036_E_0010020,-7.6179835006
CtrSVDD_0037_E_0010021,-2.0502195444
CtrSVDD_0038_E_0010022,-4.4524868370
CtrSVDD_0039_E_0010023,-7.9300418548
CtrSVDD_0040_E_0010024,-7.0481145922
CtrSVDD_0041_E_0010025,-0.8916360143
CtrSVDD_0042_E_0010026,-8.2629899323
CtrSVDD_0043_E_0010027,-7.7991869587
CtrSVDD_0044_E_0010028,-6.8369166993
CtrSVDD_0045_E_0010029,-6.5573013352
CtrSVDD_0046_E_0010030,-5.2426529937
CtrSVDD_0047_E_0010031,-3.7501679713
CtrSVDD_0000_E_0010032,-2.6036178075
CtrSVDD_0001_E_0010033,-6.7444396189
CtrSVDD_0002_E_0010034,-2.8865376690
CtrSVDD_0003_E_0010035,-10.5647478236
CtrSVDD_0004_E_0010036,-7.8015501586
CtrSVDD_0005_E_0010037,-5.9177708993
CtrSVDD_0006_E_0010038,-3.0093451337
CtrSVDD_0007_E_0010039,-5.9123526155
CtrSVDD_0008_E_0010040,-5.7472748136
CtrSVDD_0009_E_0010041,-7.0518291246
CtrSVDD_0010_E_0010042,-3.9999592663
CtrSVDD_0011_E_0010043,-8.7189298607
CtrSVDD_0012_E_0010044,-6.8653430025
CtrSVDD_0013_E_0010045,-3.7598833622
CtrSVDD_0014_E_0010046,-8.4077843066
CtrSVDD_0015_E_0010047,-6.0740086684
CtrSVDD_0016_E_0010048,-7.1250888131
CtrSVDD_0017_E_0010049,-8.3603333991
CtrSVDD_0018_E_0010050,-8.0181439280
CtrSVDD_0019_E_0010051,-7.7031326921
CtrSVDD_0020_E_0010052,-6.2435454889
CtrSVDD_0021_E_0010053,-7.6993543096
CtrSVDD_0022_E_0010054,-6.1434207244
CtrSVDD_0023_E_0010055,1.5363932377
CtrSVDD_0024_E_0010056,-8.9105445900
CtrSVDD_0025_E_0010057,-9.9542621226
CtrSVDD_0026_E_0010058,-5.6566360876
CtrSVDD_0027_E_0010059,-8.4364628567
CtrSVDD_0028_E_0010060,-8.2253102092
CtrSVDD_0029_E_0010061,-5.5198275597
CtrSVDD_0030_E_0010062,-1.3196797484
CtrSVDD_0031_E_0010063,-5.5925418881
CtrSVDD_0032_E_0010064,-3.3698144575
CtrSVDD_0033_E_0010065,-4.5735018391
CtrSVDD_0034_E_0010066,-0.9112471260
CtrSVDD_0035_E_0010067,-5.4362738114
CtrSVDD_0036_E_0010068,-7.3000452733
CtrSVDD_0037_E_0010069,0.3094522773
CtrSVDD_0038_E_0010070,-1.7992027972
CtrSVDD_0039_E_0010071,-3.4098800979
CtrSVDD_0040_E_0010072,-9.7939314647
CtrSVDD_0041_E_0010073,-5.2556068430
CtrSVDD_0042_E_0010074,0.6403330736
CtrSVDD_0043_E_0010075,-3.6752908187
CtrSVDD_0044_E_0010076,-7.0237307094
CtrSVDD_0045_E_0010077,-5.4377987056
CtrSVDD_0046_E_0010078,-6.7474710120
CtrSVDD_0047_E_0010079,-5.2637060607
CtrSVDD_0000_E_0010080,-5.8063166452
CtrSVDD_0001_E_0010081,-7.9138707385
CtrSVDD_0002_E_0010082,-6.6123732428
CtrSVDD_0003_E_0010083,1.5314637079
CtrSVDD_0004_E_0010084,-5.6456527985
CtrSVDD_0005_E_0010085,-7.5277645730
CtrSVDD_0006_E_0010086,-5.2283916816
CtrSVDD_0007_E_0010087,-7.0103654758
CtrSVDD_0008_E_0010088,-5.4930039869
CtrSVDD_0009_E_0010089,-6.7403878156
CtrSVDD_0010_E_0010090,-6.5540464868
CtrSVDD_0011_E_0010091,-7.2182237408
CtrSVDD_0012_E_0010092,0.4958819829
CtrSVDD_0013_E_0010093,-0.3549110233
CtrSVDD_0014_E_0010094,-6.8208498776
CtrSVDD_0015_E_0010095,-5.0024120378
CtrSVDD_0016_E_0010096,-7.8122124056
CtrSVDD_0017_E_0010097,-1.0589544258
CtrSVDD_0018_E_0010098,-6.4875507455
CtrSVDD_0019_E_0010099,1.7784204807
CtrSVDD_0020_E_0010100,0.7055488387
CtrSVDD_0021_E_0010101,-2.7624855207
CtrSVDD_0022_E_0010102,-6.3168678685
CtrSVDD_0023_E_0010103,-3.1079195935
CtrSVDD_0024_E_0010104,-4.6207721854
CtrSVDD_0025_E_0010105,-3.8241203312
CtrSVDD_0026_E_0010106,-6.9482718790
CtrSVDD_0027_E_0010107,-6.6566958725
CtrSVDD_0028_E_0010108,-6.4371791851
CtrSVDD_0029_E_0010109,-2.3245958204
CtrSVDD_0030_E_0010110,-0.2106667507
CtrSVDD_0031_E_0010111,-6.5919812684
CtrSVDD_0032_E_0010112,-5.7677204433
CtrSVDD_0033_E_0010113,-5.3615098044
CtrSVDD_0034_E_0010114,-0.3430181294
CtrSVDD_0035_E_0010115,-7.1702125080
CtrSVDD_0036_E_0010116,-5.7934472721
CtrSVDD_0037_E_0010117,-4.6518020757
CtrSVDD_0038_E_0010118,-0.8696593245
CtrSVDD_0039_E_0010119,-0.4045260948
CtrSVDD_0040_E_0010120,-5.5864846298
CtrSVDD_0041_E_0010121,-3.9644787787
CtrSVDD_0042_E_0010122,-6.7126976006
CtrSVDD_0043_E_0010123,-7.1340302140
CtrSVDD_0044_E_0010124,-6.2409597133
CtrSVDD_0045_E_0010125,-7.8403150949
CtrSVDD_0046_E_0010126,-6.0057317882
CtrSVDD_0047_E_0010127,-6.1578067718
CtrSVDD_0000_E_0010128,-6.6067879611
CtrSVDD_0001_E_0010129,-6.5601410306
CtrSVDD_0002_E_0010130,1.4867194090
CtrSVDD_0003_E_0010131,-6.7566638737
CtrSVDD_0004_E_0010132,-5.3705567569
CtrSVDD_0005_E_0010133,-4.7055001184
CtrSVDD_0006_E_0010134,-5.8220534142
CtrSVDD_0007_E_0010135,-2.0099545654
CtrSVDD_0008_E_0010136,-3.6349181139
CtrSVDD_0009_E_0010137,-6.0474893423
CtrSVDD_0010_E_0010138,-4.3750668214
CtrSVDD_0011_E_0010139,-5.8520200365
CtrSVDD_0012_E_0010140,-6.5222170971
CtrSVDD_0013_E_0010141,-5.8098637022
CtrSVDD_0014_E_0010142,-6.3149886906
CtrSVDD_0015_E_0010143,-7.5672100853
CtrSVDD_0016_E_0010144,-8.1384764097
CtrSVDD_0017_E_0010145,-5.4787480145
CtrSVDD_0018_E_0010146,-6.3578693445
CtrSVDD_0019_E_0010147,-3.4000232812
CtrSVDD_0020_E_0010148,-7.1403574065
CtrSVDD_0021_E_0010149,-0.9216498511
CtrSVDD_0022_E_0010150,-5.2725857697
CtrSVDD_0023_E_0010151,-5.9851433064
CtrSVDD_0024_E_0010152,-5.0572517077
CtrSVDD_0025_E_0010153,-4.1597060147
CtrSVDD_0026_E_0010154,-0.8041385478
CtrSVDD_0027_E_0010155,-6.5870958805
CtrSVDD_0028_E_0010156,-3.8105278124
CtrSVDD_0029_E_0010157,-6.6022660094
CtrSVDD_0030_E_0010158,-1.4120878115
CtrSVDD_0031_E_0010159,-6.6988338425
CtrSVDD_0032_E_0010160,-6.2620286926
CtrSVDD_0033_E_0010161,-3.9662489106
CtrSVDD_0034_E_0010162,-5.3017212619
CtrSVDD_0035_E_0010163,-6.7249673349
CtrSVDD_0036_E_0010164,-4.4160677244
CtrSVDD_0037_E_0010165,-4.5404999717
CtrSVDD_0038_E_0010166,-6.4257041253
CtrSVDD_0039_E_0010167,-3.8858295440
CtrSVDD_0040_E_0010168,-4.2547654041
CtrSVDD_0041_E_0010169,-3.8739354974
CtrSVDD_0042_E_0010170,-5.9588682262
CtrSVDD_0043_E_0010171,-6.4041726027
CtrSVDD_0044_E_0010172,-6.1992684421
CtrSVDD_0045_E_0010173,-4.0361705804
CtrSVDD_0046_E_0010174,-6.6740274746
CtrSVDD_0047_E_0010175,-7.2799884759
CtrSVDD_0000_E_0010176,-1.3751504013
CtrSVDD_0001_E_0010177,-7.6545765784
CtrSVDD_0002_E_0010178,2.0576833914
CtrSVDD_0003_E_0010179,0.7830568137
CtrSVDD_0004_E_0010180,-3.4762661624
CtrSVDD_0005_E_0010181,-0.0678933459
CtrSVDD_0006_E_0010182,-5.0918999134
CtrSVDD_0007_E_0010183,1.3434402402
CtrSVDD_0008_E_0010184,-3.1611422383
CtrSVDD_0009_E_0010185,-5.4087061312
CtrSVDD_0010_E_0010186,-3.8178035816
CtrSVDD_0011_E_0010187,-7.6515817916
CtrSVDD_0012_E_0010188,-7.7415779212
CtrSVDD_0013_E_0010189,-6.5555019634
CtrSVDD_0014_E_0010190,-5.9997078907
CtrSVDD_0015_E_0010191,-1.1276053953
CtrSVDD_0016_E_0010192,-7.1157467328
CtrSVDD_0017_E_0010193,-6.8217389209
CtrSVDD_0018_E_0010194,-3.3318914492
CtrSVDD_0019_E_0010195,-4.0562342444
CtrSVDD_0020_E_0010196,-7.5799585308
CtrSVDD_0021_E_0010197,-3.8514310249
CtrSVDD_0022_E_0010198,-7.4167892813
CtrSVDD_0023_E_0010199,-4.8640112929
CtrSVDD_0024_E_0010200,-6.0136603822
CtrSVDD_0025_E_0010201,-5.5501456943
CtrSVDD_0026_E_0010202,-6.7392932731
CtrSVDD_0027_E_0010203,-7.2162820724
CtrSVDD_0028_E_0010204,-3.8071358362
CtrSVDD_0029_E_0010205,-5.7503319069
CtrSVDD_0030_E_0010206,-6.0710609719
CtrSVDD_0031_E_0010207,-8.3318109983
CtrSVDD_0032_E_0010208,-5.4944122716
CtrSVDD_0033_E_0010209,-7.9185272131
CtrSVDD_0034_E_0010210,-5.9785622340
CtrSVDD_0035_E_0010211,-2.3606858231
CtrSVDD_0036_E_0010212,-5.3749152617
CtrSVDD_0037_E_0010213,-2.3695116912
CtrSVDD_0038_E_0010214,-5.2791415508
CtrSVDD_0039_E_0010215,-1.4713997696
CtrSVDD_0040_E_0010216,-0.3954344060
CtrSVDD_0041_E_0010217,-0.1608521865
CtrSVDD_0042_E_0010218,-4.8942510305
CtrSVDD_0043_E_0010219,-8.8223776301
CtrSVDD_0044_E_0010220,-6.4724026259
CtrSVDD_0045_E_0010221,-8.3837189122
CtrSVDD_0046_E_0010222,-5.6064900424
CtrSVDD_0047_E_0010223,-6.6906553830
CtrSVDD_0000_E_0010224,0.7868637889
CtrSVDD_0001_E_0010225,0.7145479891
CtrSVDD_0002_E_0010226,0.4261121056
CtrSVDD_0003_E_0010227,-7.0876686993
CtrSVDD_0004_E_0010228,-6.8850139167
CtrSVDD_0005_E_0010229,1.3281712446
CtrSVDD_0006_E_0010230,-8.3246351713
CtrSVDD_0007_E_0010231,-4.4908147285
CtrSVDD_0008_E_0010232,-7.7758115304
CtrSVDD_0009_E_0010233,-4.6176314528
CtrSVDD_0010_E_0010234,-6.0458652410
CtrSVDD_0011_E_0010235,-8.1578374660
CtrSVDD_0012_E_0010236,-6.6480308647
CtrSVDD_0013_E_0010237,0.1481118923
CtrSVDD_0014_E_0010238,-6.5601082966
CtrSVDD_0015_E_0010239,-2.2646131740
CtrSVDD_0016_E_0010240,-4.8652684337
CtrSVDD_0017_E_0010241,-5.4390218033
CtrSVDD_0018_E_0010242,-7.5070904625
CtrSVDD_0019_E_0010243,-7.0152195947
CtrSVDD_0020_E_0010244,-6.5323430865
CtrSVDD_0021_E_0010245,-4.0635710669
CtrSVDD_0022_E_0010246,-6.1868759378
CtrSVDD_0023_E_0010247,-4.8710305164
CtrSVDD_0024_E_0010248,-7.9407728198
CtrSVDD_0025_E_0010249,-7.1876847897
CtrSVDD_0026_E_0010250,-4.9815905525
CtrSVDD_0027_E_0010251,-4.6473755147
CtrSVDD_0028_E_0010252,-6.5092112019
CtrSVDD_0029_E_0010253,-4.6668080135
CtrSVDD_0030_E_0010254,-5.5198492798
CtrSVDD_0031_E_0010255,-7.3326235188
CtrSVDD_0032_E_0010256,-5.3705755144
CtrSVDD_0033_E_0010257,-3.5459972242
CtrSVDD_0034_E_0010258,-8.2182724830
CtrSVDD_0035_E_0010259,-5.5283005725
CtrSVDD_0036_E_0010260,0.2798717615
CtrSVDD_0037_E_0010261,-6.5691940064
CtrSVDD_0038_E_0010262,-6.4747820704
CtrSVDD_0039_E_0010263,-4.3237289933
CtrSVDD_0040_E_0010264,-8.5178646019
CtrSVDD_0041_E_0010265,-6.6444780971
CtrSVDD_0042_E_0010266,-0.5326035623
CtrSVDD_0043_E_0010267,-5.2967753440
CtrSVDD_0044_E_0010268,-8.2499474807
CtrSVDD_0045_E_0010269,-0.5602120314
CtrSVDD_0046_E_0010270,0.2292966039
CtrSVDD_0047_E_0010271,-8.0255120825
CtrSVDD_0000_E_0010272,-5.2026067377
CtrSVDD_0001_E_0010273,-4.4363189183
CtrSVDD_0002_E_0010274,-7.7536997871
CtrSVDD_0003_E_0010275,-5.3244170503
CtrSVDD_0004_E_0010276,-6.0775009539
CtrSVDD_0005_E_0010277,-8.0251685049
CtrSVDD_0006_E_0010278,-4.6019854790
CtrSVDD_0007_E_0010279,-6.4588105984
CtrSVDD_0008_E_0010280,-8.2203871305
CtrSVDD_0009_E_0010281,-6.8124246222
CtrSVDD_0010_E_0010282,-6.0427321338
CtrSVDD_0011_E_0010283,-6.4433758221
CtrSVDD_0012_E_0010284,-6.0539463643
CtrSVDD_0013_E_0010285,-6.2507166557
CtrSVDD_0014_E_0010286,-5.5304560663
CtrSVDD_0015_E_0010287,-6.6757388082
CtrSVDD_0016_E_0010288,1.1093038909
CtrSVDD_0017_E_0010289,-5.1900752933
CtrSVDD_0018_E_0010290,-5.3235135304
CtrSVDD_0019_E_0010291,-4.6880550740
CtrSVDD_0020_E_0010292,-7.7925851565
CtrSVDD_0021_E_0010293,-6.7751997456
CtrSVDD_0022_E_0010294,-5.7279200878
CtrSVDD_0023_E_0010295,-6.4575108561
CtrSVDD_0024_E_0010296,-0.1156573525
CtrSVDD_0025_E_0010297,-6.1923782188
CtrSVDD_0026_E_0010298,-5.3424996710
CtrSVDD_0027_E_0010299,-6.1346196943
CtrSVDD_0028_E_0010300,-6.5948816733
CtrSVDD_0029_E_0010301,-7.7192710100
CtrSVDD_0030_E_0010302,-6.0104546345
CtrSVDD_0031_E_0010303,-6.9561910772
CtrSVDD_0032_E_0010304,-7.5304489027
CtrSVDD_0033_E_0010305,-7.5255540919
CtrSVDD_0034_E_0010306,-7.3631731322
CtrSVDD_0035_E_0010307,-5.5720907922
CtrSVDD_0036_E_0010308,-0.1339840606
CtrSVDD_0037_E_0010309,-3.9118397373
CtrSVDD_0038_E_0010310,-5.0178968495
CtrSVDD_0039_E_0010311,-4.2276193130
CtrSVDD_0040_E_0010312,-0.5213535034
CtrSVDD_0041_E_0010313,-6.8853904577
CtrSVDD_0042_E_0010314,0.1184741650
CtrSVDD_0043_E_0010315,-7.0993344607
CtrSVDD_0044_E_0010316,-7.8459871416
CtrSVDD_0045_E_0010317,-7.4850877572
CtrSVDD_0046_E_0010318,-2.4457807857
CtrSVDD_0047_E_0010319,-5.5085952096
CtrSVDD_0000_E_0010320,-6.3857527719
CtrSVDD_0001_E_0010321,-0.5766526762
CtrSVDD_0002_E_0010322,-6.7095322391
CtrSVDD_0003_E_0010323,-2.1354105208
CtrSVDD_0004_E_0010324,-1.2934064059
CtrSVDD_0005_E_0010325,-6.7450802106
CtrSVDD_0006_E_0010326,-0.3090881616
CtrSVDD_0007_E_0010327,1.1078332881
CtrSVDD_0008_E_0010328,0.1206941383
CtrSVDD_0009_E_0010329,-7.5276075917
CtrSVDD_0010_E_0010330,-5.4622102718
CtrSVDD_0011_E_0010331,-7.5589592310
CtrSVDD_0012_E_0010332,-7.4421122496
CtrSVDD_0013_E_0010333,-7.8623787559
CtrSVDD_0014_E_0010334,-0.9566822130
CtrSVDD_0015_E_0010335,-6.0344142548
CtrSVDD_0016_E_0010336,-6.7424123004
CtrSVDD_0017_E_0010337,-5.0491462990
CtrSVDD_0018_E_0010338,-6.4150592626
CtrSVDD_0019_E_0010339,-8.3648431783
CtrSVDD_0020_E_0010340,-3.6216778160
CtrSVDD_0021_E_0010341,-7.9069499747
CtrSVDD_0022_E_0010342,-7.1967450245
CtrSVDD_0023_E_0010343,-5.6228423992
CtrSVDD_0024_E_0010344,1.7202915191
CtrSVDD_0025_E_0010345,-2.1610436950
CtrSVDD_0026_E_0010346,-3.9100996912
CtrSVDD_0027_E_0010347,-6.5846244688
CtrSVDD_0028_E_0010348,0.7698207150
CtrSVDD_0029_E_0010349,-6.1141550517
CtrSVDD_0030_E_0010350,-0.0931539598
CtrSVDD_0031_E_0010351,-4.9975288484
CtrSVDD_0032_E_0010352,-7.7752201047
CtrSVDD_0033_E_0010353,-5.3379775752
CtrSVDD_0034_E_0010354,-4.3729254845
CtrSVDD_0035_E_0010355,-3.1186430254
CtrSVDD_0036_E_0010356,0.4381572148
CtrSVDD_0037_E_0010357,-2.8034060061
CtrSVDD_0038_E_0010358,-6.8171468239
CtrSVDD_0039_E_0010359,1.1276053953
CtrSVDD_0040_E_0010360,1.4550792554
CtrSVDD_0041_E_0010361,-6.3102116288
CtrSVDD_0042_E_0010362,-2.9679578101
CtrSVDD_0043_E_0010363,-6.2532015343
CtrSVDD_0044_E_0010364,-3.1505740719
CtrSVDD_0045_E_0010365,-0.3909008364
CtrSVDD_0046_E_0010366,-1.3263921989
CtrSVDD_0047_E_0010367,-6.7595835738
CtrSVDD_0000_E_0010368,3.2373150989
CtrSVDD_0001_E_0010369,-2.0400088043
CtrSVDD_0002_E_0010370,-7.8722945201
CtrSVDD_0003_E_0010371,-8.7372621951
CtrSVDD_0004_E_0010372,-7.2226443445
CtrSVDD_0005_E_0010373,-6.6113623604
CtrSVDD_0006_E_0010374,-5.1364154542
CtrSVDD_0007_E_0010375,-7.9506930896
CtrSVDD_0008_E_0010376,-2.9450360582
CtrSVDD_0009_E_0010377,-7.6123772778
CtrSVDD_0010_E_0010378,-4.2039040601
CtrSVDD_0011_E_0010379,0.5447437410
CtrSVDD_0012_E_0010380,-6.1530694748
CtrSVDD_0013_E_0010381,-5.3611164259
CtrSVDD_0014_E_0010382,-4.5315539316
CtrSVDD_0015_E_0010383,-7.7487401284
CtrSVDD_0016_E_0010384,-7.1517860079
CtrSVDD_0017_E_0010385,-3.6977294495
CtrSVDD_0018_E_0010386,-6.5810239512
CtrSVDD_0019_E_0010387,-8.3251914345
CtrSVDD_0020_E_0010388,-7.0853136554
CtrSVDD_0021_E_0010389,-0.1255203605
CtrSVDD_0022_E_0010390,-6.1958260576
CtrSVDD_0023_E_0010391,-2.4647090974
CtrSVDD_0024_E_0010392,-7.8572881943
CtrSVDD_0025_E_0010393,-5.8139511288
CtrSVDD_0026_E_0010394,-5.8756947516
CtrSVDD_0027_E_0010395,-6.9344550951
CtrSVDD_0028_E_0010396,-4.3622039610
CtrSVDD_0029_E_0010397,-1.2683651930
CtrSVDD_0030_E_0010398,-3.5299892964
CtrSVDD_0031_E_0010399,-8.0006648225
CtrSVDD_0032_E_0010400,-6.1767197387
CtrSVDD_0033_E_0010401,-2.0890727846
CtrSVDD_0034_E_0010402,-6.1716784772
CtrSVDD_0035_E_0010403,-6.2444672978
CtrSVDD_0036_E_0010404,-4.9609597418
CtrSVDD_0037_E_0010405,-5.3596183619
CtrSVDD_0038_E_0010406,-4.3090585379
CtrSVDD_0039_E_0010407,-6.7659613452
CtrSVDD_0040_E_0010408,-4.7938693743
CtrSVDD_0041_E_0010409,-9.0542970584
CtrSVDD_0042_E_0010410,-0.7037558681
CtrSVDD_0043_E_0010411,-7.1881254353
CtrSVDD_0044_E_0010412,1.5014510818
CtrSVDD_0045_E_0010413,-6.0021882236
CtrSVDD_0046_E_0010414,-3.4663317398
CtrSVDD_0047_E_0010415,-5.9100740213
CtrSVDD_0000_E_0010416,-7.4596876002
CtrSVDD_0001_E_0010417,-6.2475456570
CtrSVDD_0002_E_0010418,-7.7660793186
CtrSVDD_0003_E_0010419,-4.5777840221
CtrSVDD_0004_E_0010420,0.5022191229
CtrSVDD_0005_E_0010421,-5.6054758656
CtrSVDD_0006_E_0010422,-4.0054705380
CtrSVDD_0007_E_0010423,0.2579652618
CtrSVDD_0008_E_0010424,-5.6794736665
CtrSVDD_0009_E_0010425,-8.3277915688
CtrSVDD_0010_E_0010426,0.3668543308
CtrSVDD_0011_E_0010427,-6.8585739295
CtrSVDD_0012_E_0010428,-6.0552900441
CtrSVDD_0013_E_0010429,-6.2803744307
CtrSVDD_0014_E_0010430,-6.6519263121
CtrSVDD_0015_E_0010431,-3.4265157278
CtrSVDD_0016_E_0010432,1.9439844904
CtrSVDD_0017_E_0010433,-6.8657409756
CtrSVDD_0018_E_0010434,-6.4310182323
CtrSVDD_0019_E_0010435,-7.0047852867
CtrSVDD_0020_E_0010436,-9.0458623423
CtrSVDD_0021_E_0010437,-5.3594665966
CtrSVDD_0022_E_0010438,-5.4791412476
CtrSVDD_0023_E_0010439,-3.1043358351
CtrSVDD_0024_E_0010440,-4.4334215656
CtrSVDD_0025_E_0010441,-4.3258358372
CtrSVDD_0026_E_0010442,-4.9346530436
CtrSVDD_0027_E_0010443,-5.1908611542
CtrSVDD_0028_E_0010444,-5.3704241392
CtrSVDD_0029_E_0010445,-6.2113473089
CtrSVDD_0030_E_0010446,-5.7723382960
CtrSVDD_0031_E_0010447,-6.6572670742
CtrSVDD_0032_E_0010448,-3.9156350062
CtrSVDD_0033_E_0010449,1.4155212894
CtrSVDD_0034_E_0010450,-4.2098044241
CtrSVDD_0035_E_0010451,1.1487662800
CtrSVDD_0036_E_0010452,-6.0512068321
CtrSVDD_0037_E_0010453,-6.1096427108
CtrSVDD_0038_E_0010454,-1.5052708191
CtrSVDD_0039_E_0010455,-7.1113776411
CtrSVDD_0040_E_0010456,-5.7107068419
CtrSVDD_0041_E_0010457,-6.1399703221
CtrSVDD_0042_E_0010458,-0.7529983711
CtrSVDD_0043_E_0010459,-4.0521034824
CtrSVDD_0044_E_0010460,-3.9591746860
CtrSVDD_0045_E_0010461,-7.6163086645
CtrSVDD_0046_E_0010462,-8.7412620462
CtrSVDD_0047_E_0010463,-0.6372182001
CtrSVDD_0000_E_0010464,-6.5724974524
CtrSVDD_0001_E_0010465,-5.5511499369
CtrSVDD_0002_E_0010466,-5.5228802101
CtrSVDD_0003_E_0010467,-1.0657933976
CtrSVDD_0004_E_0010468,0.2813267155
CtrSVDD_0005_E_0010469,-6.6364839966
CtrSVDD_0006_E_0010470,-5.4804051477
CtrSVDD_0007_E_0010471,-6.0231332985
CtrSVDD_0008_E_0010472,-8.6014272663
CtrSVDD_0009_E_0010473,-5.2857516093
CtrSVDD_0010_E_0010474,-2.6936298526
CtrSVDD_0011_E_0010475,-6.4341132221
CtrSVDD_0012_E_0010476,-6.1190537229
CtrSVDD_0013_E_0010477,-5.1798611372
CtrSVDD_0014_E_0010478,-6.7535273497
CtrSVDD_0015_E_0010479,-3.3480146384
CtrSVDD_0016_E_0010480,-4.0900299903
CtrSVDD_0017_E_0010481,-5.2331015459
CtrSVDD_0018_E_0010482,-7.6399212147
CtrSVDD_0019_E_0010483,-7.8196584914
CtrSVDD_0020_E_0010484,0.9012595106
CtrSVDD_0021_E_0010485,-4.8781556966
CtrSVDD_0022_E_0010486,-7.0765166886
CtrSVDD_0023_E_0010487,-6.9502362094
CtrSVDD_0024_E_0010488,0.4707282311
CtrSVDD_0025_E_0010489,-3.9697923607
CtrSVDD_0026_E_0010490,-4.9077885523
CtrSVDD_0027_E_0010491,-1.9071682332
CtrSVDD_0028_E_0010492,-2.4181628170
CtrSVDD_0029_E_0010493,-6.0708971184
CtrSVDD_0030_E_0010494,-5.6680462200
CtrSVDD_0031_E_0010495,-7.0585102496
CtrSVDD_0032_E_0010496,-5.0892793514
CtrSVDD_0033_E_0010497,-6.5509659512
CtrSVDD_0034_E_0010498,-5.8639381546
CtrSVDD_0035_E_0010499,-1.3230285222
CtrSVDD_0036_E_0010500,-6.9568710864
CtrSVDD_0037_E_0010501,-6.6699662701
CtrSVDD_0038_E_0010502,-7.5031582644
CtrSVDD_0039_E_0010503,-2.2144317347
CtrSVDD_0040_E_0010504,-8.4427009918
CtrSVDD_0041_E_0010505,-6.8875995832
CtrSVDD_0042_E_0010506,-4.5620917067
CtrSVDD_0043_E_0010507,-5.1412858653
CtrSVDD_0044_E_0010508,-6.3203363480
CtrSVDD_0045_E_0010509,-4.6696217835
CtrSVDD_0046_E_0010510,-6.6747197706
CtrSVDD_0047_E_0010511,-6.2994875547
CtrSVDD_0000_E_0010512,-6.0146256799
CtrSVDD_0001_E_0010513,-6.5466038736
CtrSVDD_0002_E_0010514,-5.6242542383
CtrSVDD_0003_E_0010515,-3.6498592923
CtrSVDD_0004_E_0010516,-5.7176022754
CtrSVDD_0005_E_0010517,-5.3380215727
CtrSVDD_0006_E_0010518,-7.7912637802
CtrSVDD_0007_E_0010519,-7.1549527195
CtrSVDD_0008_E_0010520,-6.7981951426
CtrSVDD_0009_E_0010521,0.3638636612
CtrSVDD_0010_E_0010522,-5.3100900771
CtrSVDD_0011_E_0010523,0.6191529613
CtrSVDD_0012_E_0010524,3.1180259155
CtrSVDD_0013_E_0010525,-7.2294029755
CtrSVDD_0014_E_0010526,-6.1470361317
CtrSVDD_0015_E_0010527,-6.6310598093
CtrSVDD_0016_E_0010528,-5.5486346436
CtrSVDD_0017_E_0010529,1.1681518079
CtrSVDD_0018_E_0010530,-6.4776057554
CtrSVDD_0019_E_0010531,-5.7820174748
CtrSVDD_0020_E_0010532,-6.3783154936
CtrSVDD_0021_E_0010533,-6.7356309387
CtrSVDD_0022_E_0010534,-6.5736458184
CtrSVDD_0023_E_0010535,-5.4576006811
CtrSVDD_0024_E_0010536,-5.1341530361
CtrSVDD_0025_E_0010537,-5.0649169940
CtrSVDD_0026_E_0010538,-6.9117179618
CtrSVDD_0027_E_0010539,-7.2143855684
CtrSVDD_0028_E_0010540,-4.9392139672
CtrSVDD_0029_E_0010541,-5.9612205329
CtrSVDD_0030_E_0010542,-7.0840462570
CtrSVDD_0031_E_0010543,-1.0111555966
CtrSVDD_0032_E_0010544,-7.1223394495
CtrSVDD_0033_E_0010545,-5.3390182646
CtrSVDD_0034_E_0010546,-6.5875713301
CtrSVDD_0035_E_0010547,-9.5614977034
CtrSVDD_0036_E_0010548,-7.4555950160
CtrSVDD_0037_E_0010549,-6.1811127557
CtrSVDD_0038_E_0010550,-8.2863653490
CtrSVDD_0039_E_0010551,-5.7975692665
CtrSVDD_0040_E_0010552,-5.1919537414
CtrSVDD_0041_E_0010553,-6.5922097878
CtrSVDD_0042_E_0010554,-0.0280628062
CtrSVDD_0043_E_0010555,0.7437441897
CtrSVDD_0044_E_0010556,-4.8330991744
CtrSVDD_0045_E_0010557,-4.6333757069
CtrSVDD_0046_E_0010558,1.1329042518
CtrSVDD_0047_E_0010559,-1.5397241121
CtrSVDD_0000_E_0010560,-6.2367888211
CtrSVDD_0001_E_0010561,-6.6396276221
CtrSVDD_0002_E_0010562,-5.6615802037
CtrSVDD_0003_E_0010563,-6.6916350804
CtrSVDD_0004_E_0010564,-6.7277334859
CtrSVDD_0005_E_0010565,-8.1527503672
CtrSVDD_0006_E_0010566,1.0790321711
CtrSVDD_0007_E_0010567,0.2842384143
CtrSVDD_0008_E_0010568,-5.0471103901
CtrSVDD_0009_E_0010569,-4.6159274854
CtrSVDD_0010_E_0010570,-5.4703046338
CtrSVDD_0011_E_0010571,-7.4435923714
CtrSVDD_0012_E_0010572,-2.6869119049
CtrSVDD_0013_E_0010573,-5.2124788745
CtrSVDD_0014_E_0010574,-8.7258808352
CtrSVDD_0015_E_0010575,-6.9961064113
CtrSVDD_0016_E_0010576,-7.6322258143
CtrSVDD_0017_E_0010577,1.7495814869
CtrSVDD_0018_E_0010578,-3.3564081638
CtrSVDD_0019_E_0010579,-6.0867110453
CtrSVDD_0020_E_0010580,-1.2092670529
CtrSVDD_0021_E_0010581,-4.2719289602
CtrSVDD_0022_E_0010582,-7.3598977860
CtrSVDD_0023_E_0010583,0.8474158143
CtrSVDD_0024_E_0010584,-5.9574529884
CtrSVDD_0025_E_0010585,-3.5851227366
CtrSVDD_0026_E_0010586,-5.5229150003
CtrSVDD_0027_E_0010587,-7.0538735382
CtrSVDD_0028_E_0010588,-4.1432055077
CtrSVDD_0029_E_0010589,-7.5767467295
CtrSVDD_0030_E_0010590,-4.9888720518
CtrSVDD_0031_E_0010591,0.0895005952
CtrSVDD_0032_E_0010592,-5.6258154571
CtrSVDD_0033_E_0010593,-0.6150761009
CtrSVDD_0034_E_0010594,-5.1512694378
CtrSVDD_0035_E_0010595,-6.2733598061
CtrSVDD_0036_E_0010596,-3.9970314982
CtrSVDD_0037_E_0010597,-5.8385616631
CtrSVDD_0038_E_0010598,-8.2036502122
CtrSVDD_0039_E_0010599,-6.6792739412
CtrSVDD_0040_E_0010600,-0.8227141811
CtrSVDD_0041_E_0010601,-7.4679375826
CtrSVDD_0042_E_0010602,-0.1949601979
CtrSVDD_0043_E_0010603,-3.0426468241
CtrSVDD_0044_E_0010604,-6.1843406922
CtrSVDD_0045_E_0010605,-0.2419726189
CtrSVDD_0046_E_0010606,-5.1278342500
CtrSVDD_0047_E_0010607,-4.7335656313
CtrSVDD_0000_E_0010608,-7.1543327565
CtrSVDD_0001_E_0010609,-1.5548672921
CtrSVDD_0002_E_0010610,-4.4414261908
CtrSVDD_0003_E_0010611,0.0705068570
CtrSVDD_0004_E_0010612,-5.0904719300
CtrSVDD_0005_E_0010613,-6.0833046202
CtrSVDD_0006_E_0010614,0.0763079424
CtrSVDD_0007_E_0010615,-0.1170656426
CtrSVDD_0008_E_0010616,-0.3564011362
CtrSVDD_0009_E_0010617,-6.5293558604
CtrSVDD_0010_E_0010618,0.4060446121
CtrSVDD_0011_E_0010619,-4.0598998647
CtrSVDD_0012_E_0010620,-6.6526490652
CtrSVDD_0013_E_0010621,-7.6002844234
CtrSVDD_0014_E_0010622,-6.2519644465
CtrSVDD_0015_E_0010623,0.0034969774
CtrSVDD_0016_E_0010624,-5.7407072034
CtrSVDD_0017_E_0010625,-5.6460630196
CtrSVDD_0018_E_0010626,-7.2320366904
CtrSVDD_0019_E_0010627,0.6475143547
CtrSVDD_0020_E_0010628,-3.5697722044
CtrSVDD_0021_E_0010629,-0.1537711546
CtrSVDD_0022_E_0010630,-5.1119992144
CtrSVDD_0023_E_0010631,-4.3982267577
CtrSVDD_0024_E_0010632,-6.8741195744
CtrSVDD_0025_E_0010633,-6.0744203363
CtrSVDD_0026_E_0010634,-7.3030817987
CtrSVDD_0027_E_0010635,-5.8260939411
CtrSVDD_0028_E_0010636,-2.2396815046
CtrSVDD_0029_E_0010637,-6.9150110811
CtrSVDD_0030_E_0010638,-4.9585979293
CtrSVDD_0031_E_0010639,-5.9002392076
CtrSVDD_0032_E_0010640,-7.8112384378
CtrSVDD_0033_E_0010641,-4.8286637423
CtrSVDD_0034_E_0010642,-7.7989327718
CtrSVDD_0035_E_0010643,-7.7259216337
CtrSVDD_0036_E_0010644,-4.2903897571
CtrSVDD_0037_E_0010645,-6.1754473364
CtrSVDD_0038_E_0010646,-2.3458046819
CtrSVDD_0039_E_0010647,-7.0265957769
CtrSVDD_0040_E_0010648,1.5096279205
CtrSVDD_0041_E_0010649,-6.5566619055
CtrSVDD_0042_E_0010650,-5.5960551749
CtrSVDD_0043_E_0010651,-1.9649320256
CtrSVDD_0044_E_0010652,-6.6399483106
CtrSVDD_0045_E_0010653,-3.7767114292
CtrSVDD_0046_E_0010654,-7.1085498781
CtrSVDD_0047_E_0010655,-5.4672490505
CtrSVDD_0000_E_0010656,-8.1652024452
CtrSVDD_0001_E_0010657,1.6346590772
CtrSVDD_0002_E_0010658,-8.3129311486
CtrSVDD_0003_E_0010659,-6.8897273723
CtrSVDD_0004_E_0010660,-4.9434820202
CtrSVDD_0005_E_0010661,-7.0444909015
CtrSVDD_0006_E_0010662,-6.3038319123
CtrSVDD_0007_E_0010663,-5.9519317655
CtrSVDD_0008_E_0010664,-5.4499891167
CtrSVDD_0009_E_0010665,-3.3362436903
CtrSVDD_0010_E_0010666,-0.7717032953
CtrSVDD_0011_E_0010667,-5.2076907362
CtrSVDD_0012_E_0010668,-5.7494079910
CtrSVDD_0013_E_0010669,-4.7453956381
CtrSVDD_0014_E_0010670,-1.4923680786
CtrSVDD_0015_E_0010671,-1.1764945189
CtrSVDD_0016_E_0010672,0.0286790869
CtrSVDD_0017_E_0010673,-3.7666086209
CtrSVDD_0018_E_0010674,-3.2767496285
CtrSVDD_0019_E_0010675,-7.3444793212
CtrSVDD_0020_E_0010676,-8.4019052784
CtrSVDD_0021_E_0010677,-4.8282692268
CtrSVDD_0022_E_0010678,-5.9528900641
CtrSVDD_0023_E_0010679,-8.0788771406
CtrSVDD_0024_E_0010680,-4.5627736613
CtrSVDD_0025_E_0010681,-6.2680073099
CtrSVDD_0026_E_0010682,-7.3678665801
CtrSVDD_0027_E_0010683,-4.3675804759
CtrSVDD_0028_E_0010684,0.0174857423
CtrSVDD_0029_E_0010685,1.2958838614
CtrSVDD_0030_E_0010686,-6.9522630400
CtrSVDD_0031_E_0010687,-7.1979061025
CtrSVDD_0032_E_0010688,-6.2703842773
CtrSVDD_0033_E_0010689,-4.9885538689
CtrSVDD_0034_E_0010690,0.4587511246
CtrSVDD_0035_E_0010691,0.5882543120
CtrSVDD_0036_E_0010692,-6.9789814042
CtrSVDD_0037_E_0010693,-3.9985932140
CtrSVDD_0038_E_0010694,-5.4601240930
CtrSVDD_0039_E_0010695,-3.8962107191
CtrSVDD_0040_E_0010696,-2.4125537359
CtrSVDD_0041_E_0010697,-4.2739701929
CtrSVDD_0042_E_0010698,-7.1057979345
CtrSVDD_0043_E_0010699,-5.1086987910
CtrSVDD_0044_E_0010700,-6.3889389989
CtrSVDD_0045_E_0010701,-7.2425729378
CtrSVDD_0046_E_0010702,-1.2648776829
CtrSVDD_0047_E_0010703,-6.9963188725
CtrSVDD_0000_E_0010704,-7.7347787870
CtrSVDD_0001_E_0010705,-8.7956794127
CtrSVDD_0002_E_0010706,-4.0712871473
CtrSVDD_0003_E_0010707,-6.6762379794
CtrSVDD_0004_E_0010708,-9.3412771297
CtrSVDD_0005_E_0010709,-6.0350387141
CtrSVDD_0006_E_0010710,-4.7869953296
CtrSVDD_0007_E_0010711,-6.9145456969
CtrSVDD_0008_E_0010712,-6.8497753934
CtrSVDD_0009_E_0010713,-6.8920856375
CtrSVDD_0010_E_0010714,-6.3214815165
CtrSVDD_0011_E_0010715,-6.1253971780
CtrSVDD_0012_E_0010716,-5.9336497043
CtrSVDD_0013_E_0010717,-2.6846654724
CtrSVDD_0014_E_0010718,-0.4927208810
CtrSVDD_0015_E_0010719,-3.7567534943
CtrSVDD_0016_E_0010720,-4.5442415915
CtrSVDD_0017_E_0010721,-6.1894086780
CtrSVDD_0018_E_0010722,-2.7748649429
CtrSVDD_0019_E_0010723,-1.5455643299
CtrSVDD_0020_E_0010724,-7.0679492557
CtrSVDD_0021_E_0010725,-6.4221583375
CtrSVDD_0022_E_0010726,-9.5160317691
CtrSVDD_0023_E_0010727,-6.8807578833
CtrSVDD_0024_E_0010728,-0.8177421023
CtrSVDD_0025_E_0010729,-5.6167797927
CtrSVDD_0026_E_0010730,-3.7498097272
CtrSVDD_0027_E_0010731,-5.1996953612
CtrSVDD_0028_E_0010732,0.8366467767
CtrSVDD_0029_E_0010733,0.9700305792
CtrSVDD_0030_E_0010734,-6.0713678168
CtrSVDD_0031_E_0010735,-5.2093500645
CtrSVDD_0032_E_0010736,-5.6866327127
CtrSVDD_0033_E_0010737,-3.9574087368
CtrSVDD_0034_E_0010738,-5.2383973858
CtrSVDD_0035_E_0010739,-7.7887022575
CtrSVDD_0036_E_0010740,-0.1793015971
CtrSVDD_0037_E_0010741,-4.9321671702
CtrSVDD_0038_E_0010742,-6.7546192386
CtrSVDD_0039_E_0010743,-8.3181755341
CtrSVDD_0040_E_0010744,-8.1619211404
CtrSVDD_0041_E_0010745,-5.7109246798
CtrSVDD_0042_E_0010746,-1.0861330349
CtrSVDD_0043_E_0010747,-6.0515762077
CtrSVDD_0044_E_0010748,-8.0974180844
CtrSVDD_0045_E_0010749,-4.4732864041
CtrSVDD_0046_E_0010750,0.1963860225
CtrSVDD_0047_E_0010751,-7.8546557459
CtrSVDD_0000_E_0010752,-6.9192834240
CtrSVDD_0001_E_0010753,-5.0704341618
CtrSVDD_0002_E_0010754,-5.1721720083
CtrSVDD_0003_E_0010755,1.2254011678
CtrSVDD_0004_E_0010756,-5.8109667543
CtrSVDD_0005_E_0010757,0.0440760921
CtrSVDD_0006_E_0010758,-3.4082148115
CtrSVDD_0007_E_0010759,-3.7962261068
CtrSVDD_0008_E_0010760,1.8747589502
CtrSVDD_0009_E_0010761,-7.2465804962
CtrSVDD_0010_E_0010762,-7.2096546034
CtrSVDD_0011_E_0010763,-7.4856241708
CtrSVDD_0012_E_0010764,-5.0413105904
CtrSVDD_0013_E_0010765,-3.3515704752
CtrSVDD_0014_E_0010766,-7.2773234414
CtrSVDD_0015_E_0010767,-5.6080133236
CtrSVDD_0016_E_0010768,-5.7903960736
CtrSVDD_0017_E_0010769,-1.9725302450
CtrSVDD_0018_E_0010770,-6.7277254588
CtrSVDD_0019_E_0010771,-7.1388935104
CtrSVDD_0020_E_0010772,-0.3174049680
CtrSVDD_0021_E_0010773,-5.0434683396
CtrSVDD_0022_E_0010774,-5.7600316787
CtrSVDD_0023_E_0010775,-7.3236648266
CtrSVDD_0024_E_0010776,0.3341302823
CtrSVDD_0025_E_0010777,-5.1808598389
CtrSVDD_0026_E_0010778,-5.6007682265
CtrSVDD_0027_E_0010779,-5.9966566884
CtrSVDD_0028_E_0010780,-9.3869161642
CtrSVDD_0029_E_0010781,-1.6359132571
CtrSVDD_0030_E_0010782,-6.7189026773
CtrSVDD_0031_E_0010783,1.4294545314
CtrSVDD_0032_E_0010784,-5.4729079905
CtrSVDD_0033_E_0010785,-5.4301716770
CtrSVDD_0034_E_0010786,-4.9782281719
CtrSVDD_0035_E_0010787,-7.2679176380
CtrSVDD_0036_E_0010788,-6.3845685707
CtrSVDD_0037_E_0010789,-6.1649827257
CtrSVDD_0038_E_0010790,-7.4398704616
CtrSVDD_0039_E_0010791,-8.2531873766
CtrSVDD_0040_E_0010792,-3.2444991222
CtrSVDD_0041_E_0010793,-6.6260893191
CtrSVDD_0042_E_0010794,-6.4828217412
CtrSVDD_0043_E_0010795,-7.9965296474
CtrSVDD_0044_E_0010796,-7.7278332492
CtrSVDD_0045_E_0010797,-3.3210731983
CtrSVDD_0046_E_0010798,-5.9256504492
CtrSVDD_0047_E_0010799,-7.5288796893
CtrSVDD_0000_E_0010800,-6.6234854324
CtrSVDD_0001_E_0010801,-7.4187000818
CtrSVDD_0002_E_0010802,-7.4015828951
CtrSVDD_0003_E_0010803,0.9456874299
CtrSVDD_0004_E_0010804,-7.9155574265
CtrSVDD_0005_E_0010805,-3.9083605293
CtrSVDD_0006_E_0010806,-7.5162348752
CtrSVDD_0007_E_0010807,-4.4520468245
CtrSVDD_0008_E_0010808,-5.2363214810
CtrSVDD_0009_E_0010809,-6.6654206020
CtrSVDD_0010_E_0010810,-3.1150731393
CtrSVDD_0011_E_0010811,0.8434165203
CtrSVDD_0012_E_0010812,-5.8247693790
CtrSVDD_0013_E_0010813,-6.4965501567
CtrSVDD_0014_E_0010814,-6.7720451562
CtrSVDD_0015_E_0010815,0.1170656426
CtrSVDD_0016_E_0010816,-8.2356574652
CtrSVDD_0017_E_0010817,-7.1196334284
CtrSVDD_0018_E_0010818,-6.9573868720
CtrSVDD_0019_E_0010819,-5.8974256011
CtrSVDD_0020_E_0010820,-5.4697683499
CtrSVDD_0021_E_0010821,-5.9369641228
CtrSVDD_0022_E_0010822,-7.4890843259
CtrSVDD_0023_E_0010823,-2.8383640637
CtrSVDD_0024_E_0010824,-5.1427558738
CtrSVDD_0025_E_0010825,0.4045260948
CtrSVDD_0026_E_0010826,-0.7272449856
CtrSVDD_0027_E_0010827,-3.5935724511
CtrSVDD_0028_E_0010828,-5.4496282553
CtrSVDD_0029_E_0010829,0.7773675288
CtrSVDD_0030_E_0010830,-5.1543759193
CtrSVDD_0031_E_0010831,-4.7050813717
CtrSVDD_0032_E_0010832,-5.5358454529
CtrSVDD_0033_E_0010833,-7.3209073201
CtrSVDD_0034_E_0010834,-5.8776455121
CtrSVDD_0035_E_0010835,-8.1517965461
CtrSVDD_0036_E_0010836,-9.3472430634
CtrSVDD_0037_E_0010837,-7.8473956065
CtrSVDD_0038_E_0010838,-0.3489584066
CtrSVDD_0039_E_0010839,-9.7328637261
CtrSVDD_0040_E_0010840,-0.1807232334
CtrSVDD_0041_E_0010841,-8.0581636426
CtrSVDD_0042_E_0010842,-6.7092310224
CtrSVDD_0043_E_0010843,-5.3275657758
CtrSVDD_0044_E_0010844,-6.9273968772
CtrSVDD_0045_E_0010845,1.9725302450
CtrSVDD_0046_E_0010846,-5.6398423435
CtrSVDD_0047_E_0010847,-4.2639303149
CtrSVDD_0000_E_0010848,-5.9659271840
CtrSVDD_0001_E_0010849,0.4370201369
CtrSVDD_0002_E_0010850,0.8206056900
CtrSVDD_0003_E_0010851,1.1546768705
CtrSVDD_0004_E_0010852,-6.8530394267
CtrSVDD_0005_E_0010853,-6.7311950083
CtrSVDD_0006_E_0010854,-7.6693913947
CtrSVDD_0007_E_0010855,-0.4182268725
CtrSVDD_0008_E_0010856,-4.3892172243
CtrSVDD_0009_E_0010857,-7.1492418481
CtrSVDD_0010_E_0010858,-6.5094417673
CtrSVDD_0011_E_0010859,1.9972288352
CtrSVDD_0012_E_0010860,-7.5200618055
CtrSVDD_0013_E_0010861,-6.9770821204
CtrSVDD_0014_E_0010862,-0.8617505932
CtrSVDD_0015_E_0010863,-1.5221213511
CtrSVDD_0016_E_0010864,-6.6665666061
CtrSVDD_0017_E_0010865,1.4274166951
CtrSVDD_0018_E_0010866,-4.8185474801
CtrSVDD_0019_E_0010867,-4.0980191804
CtrSVDD_0020_E_0010868,-2.9584382053
CtrSVDD_0021_E_0010869,-6.8262465957
CtrSVDD_0022_E_0010870,-6.7750882823
CtrSVDD_0023_E_0010871,-3.1275480455
CtrSVDD_0024_E_0010872,-7.7861794613
CtrSVDD_0025_E_0010873,-5.7995206163
CtrSVDD_0026_E_0010874,-5.6336134542
CtrSVDD_0027_E_0010875,-7.4465568199
CtrSVDD_0028_E_0010876,-0.2944485424
CtrSVDD_0029_E_0010877,-5.9042376660
CtrSVDD_0030_E_0010878,-7.3140313601
CtrSVDD_0031_E_0010879,-6.1005508880
CtrSVDD_0032_E_0010880,-2.5988330017
CtrSVDD_0033_E_0010881,-7.3457495646
CtrSVDD_0034_E_0010882,-7.0313929938
CtrSVDD_0035_E_0010883,-4.4595847535
CtrSVDD_0036_E_0010884,-6.4711202827
CtrSVDD_0037_E_0010885,0.3848685318
CtrSVDD_0038_E_0010886,-3.7196831657
CtrSVDD_0039_E_0010887,-6.0900386039
CtrSVDD_0040_E_0010888,0.0566812540
CtrSVDD_0041_E_0010889,-6.9225988863
CtrSVDD_0042_E_0010890,-5.0075858573
CtrSVDD_0043_E_0010891,-5.6801395828
CtrSVDD_0044_E_0010892,-5.1382593474
CtrSVDD_0045_E_0010893,-8.2090148232
CtrSVDD_0046_E_0010894,-5.9803492943
CtrSVDD_0047_E_0010895,-4.7595270850
CtrSVDD_0000_E_0010896,-7.3136373782
CtrSVDD_0001_E_0010897,-4.5469199623
CtrSVDD_0002_E_0010898,-5.1671827206
CtrSVDD_0003_E_0010899,-4.7082081413
CtrSVDD_0004_E_0010900,-6.0097035188
CtrSVDD_0005_E_0010901,-4.0108622282
CtrSVDD_0006_E_0010902,-7.1623354859
CtrSVDD_0007_E_0010903,-4.1785458562
CtrSVDD_0008_E_0010904,-6.5415729969
CtrSVDD_0009_E_0010905,-6.8280379332
CtrSVDD_0010_E_0010906,-4.2256312918
CtrSVDD_0011_E_0010907,-6.1677992489
CtrSVDD_0012_E_0010908,-5.6600306379
CtrSVDD_0013_E_0010909,-0.2726058039
CtrSVDD_0014_E_0010910,-6.6568033870
CtrSVDD_0015_E_0010911,-0.1283405650
CtrSVDD_0016_E_0010912,-4.5893001340
CtrSVDD_0017_E_0010913,-8.4795375696
CtrSVDD_0018_E_0010914,-7.8144391213
CtrSVDD_0019_E_0010915,-5.3965290321
CtrSVDD_0020_E_0010916,-4.7173581237
CtrSVDD_0021_E_0010917,-0.5717042991
CtrSVDD_0022_E_0010918,-3.4103113333
CtrSVDD_0023_E_0010919,-1.6506052908
CtrSVDD_0024_E_0010920,-7.2028658802
CtrSVDD_0025_E_0010921,-5.9757622284
CtrSVDD_0026_E_0010922,-5.4185608128
CtrSVDD_0027_E_0010923,-4.3666321053
CtrSVDD_0028_E_0010924,-8.3841318990
CtrSVDD_0029_E_0010925,-4.0950099399
CtrSVDD_0030_E_0010926,-6.8809652935
CtrSVDD_0031_E_0010927,-0.4722914813
CtrSVDD_0032_E_0010928,-7.6762995446
CtrSVDD_0033_E_0010929,-5.1027279836
CtrSVDD_0034_E_0010930,0.0253011288
CtrSVDD_0035_E_0010931,-5.6940184839
CtrSVDD_0036_E_0010932,-6.1083333727
CtrSVDD_0037_E_0010933,-7.4990671257
CtrSVDD_0038_E_0010934,-4.5337787526
CtrSVDD_0039_E_0010935,0.5126476193
CtrSVDD_0040_E_0010936,-4.5942407919
CtrSVDD_0041_E_0010937,-5.7104718663
CtrSVDD_0042_E_0010938,-5.9480692892
CtrSVDD_0043_E_0010939,-5.5133982407
CtrSVDD_0044_E_0010940,-4.7850494468
CtrSVDD_0045_E_0010941,-1.9269184969
CtrSVDD_0046_E_0010942,0.9558069603
CtrSVDD_0047_E_0010943,-8.6401727008
CtrSVDD_0000_E_0010944,-6.3184300326
CtrSVDD_0001_E_0010945,-4.8778540441
CtrSVDD_0002_E_0010946,-5.0265896174
CtrSVDD_0003_E_0010947,0.1058055829
CtrSVDD_0004_E_0010948,-6.5482831208
CtrSVDD_0005_E_0010949,-6.3289741933
CtrSVDD_0006_E_0010950,-5.0159678604
CtrSVDD_0007_E_0010951,-1.3787600432
CtrSVDD_0008_E_0010952,2.5521872733
CtrSVDD_0009_E_0010953,-6.3018880977
CtrSVDD_0010_E_0010954,-7.9425341909
CtrSVDD_0011_E_0010955,-6.2630800645
CtrSVDD_0012_E_0010956,-6.8152790725
CtrSVDD_0013_E_0010957,-2.4833235126
CtrSVDD_0014_E_0010958,-1.9877679033
CtrSVDD_0015_E_0010959,-7.0127916935
CtrSVDD_0016_E_0010960,-4.6549960460
CtrSVDD_0017_E_0010961,-7.2650956609
CtrSVDD_0018_E_0010962,-0.0146878031
CtrSVDD_0019_E_0010963,-6.1090096035
CtrSVDD_0020_E_0010964,0.7641892626
CtrSVDD_0021_E_0010965,-6.8591593495
CtrSVDD_0022_E_0010966,-3.4845400750
CtrSVDD_0023_E_0010967,-6.3674671825
CtrSVDD_0024_E_0010968,-6.3774249189
CtrSVDD_0025_E_0010969,-7.6630222707
CtrSVDD_0026_E_0010970,-3.0572983696
CtrSVDD_0027_E_0010971,1.1382351104
CtrSVDD_0028_E_0010972,-6.4363269687
CtrSVDD_0029_E_0010973,-7.6411482545
CtrSVDD_0030_E_0010974,-4.8013302428
CtrSVDD_0031_E_0010975,-5.8259416072
CtrSVDD_0032_E_0010976,-7.1001220761
CtrSVDD_0033_E_0010977,-3.1908953880
CtrSVDD_0034_E_0010978,1.5939241568
CtrSVDD_0035_E_0010979,-5.1796723127
CtrSVDD_0036_E_0010980,-6.3511492529
CtrSVDD_0037_E_0010981,0.4396974496
CtrSVDD_0038_E_0010982,-2.5323841423
CtrSVDD_0039_E_0010983,-5.2665072844
CtrSVDD_0040_E_0010984,-7.2525962905
CtrSVDD_0041_E_0010985,-7.8322086472
CtrSVDD_0042_E_0010986,-0.7055488387
CtrSVDD_0043_E_0010987,-5.9920492661
CtrSVDD_0044_E_0010988,-2.6958621199
CtrSVDD_0045_E_0010989,-7.1186940466
CtrSVDD_0046_E_0010990,-5.3256268441
CtrSVDD_0047_E_0010991,0.8394306710
CtrSVDD_0000_E_0010992,-6.8039106114
CtrSVDD_0001_E_0010993,-7.2734029920
CtrSVDD_0002_E_0010994,-4.2267130393
CtrSVDD_0003_E_0010995,1.6861499706
CtrSVDD_0004_E_0010996,-7.3068343868
CtrSVDD_0005_E_0010997,-7.1009713125
CtrSVDD_0006_E_0010998,-3.6514852338
CtrSVDD_0007_E_0010999,-4.9844663070
CtrSVDD_0008_E_0011000,-5.7538175728
CtrSVDD_0009_E_0011001,-6.6701641975
CtrSVDD_0010_E_0011002,-1.8499556720
CtrSVDD_0011_E_0011003,-6.0392513600
CtrSVDD_0012_E_0011004,-5.1755909192
CtrSVDD_0013_E_0011005,-8.0614625671
CtrSVDD_0014_E_0011006,0.3002966440
CtrSVDD_0015_E_0011007,-5.8599991658
CtrSVDD_0016_E_0011008,-6.0965139138
CtrSVDD_0017_E_0011009,1.4577681199
CtrSVDD_0018_E_0011010,-6.0484142162
CtrSVDD_0019_E_0011011,-0.7217891729
CtrSVDD_0020_E_0011012,-7.6995246349
CtrSVDD_0021_E_0011013,1.5700950206
CtrSVDD_0022_E_0011014,-5.4152307755
CtrSVDD_0023_E_0011015,-3.8275247933
CtrSVDD_0024_E_0011016,-1.9366019050
CtrSVDD_0025_E_0011017,-3.7163438032
CtrSVDD_0026_E_0011018,-6.1038521091
CtrSVDD_0027_E_0011019,-8.2860143447
CtrSVDD_0028_E_0011020,-4.4936664855
CtrSVDD_0029_E_0011021,-6.2770356947
CtrSVDD_0030_E_0011022,-7.0012730336
CtrSVDD_0031_E_0011023,-5.9162368962
CtrSVDD_0032_E_0011024,-4.1439665889
CtrSVDD_0033_E_0011025,-5.8125177384
CtrSVDD_0034_E_0011026,-3.8020523429
CtrSVDD_0035_E_0011027,-1.0445749696
CtrSVDD_0036_E_0011028,-5.2453224452
CtrSVDD_0037_E_0011029,-6.5809954833
CtrSVDD_0038_E_0011030,-6.6870862690
CtrSVDD_0039_E_0011031,-4.3044218131
CtrSVDD_0040_E_0011032,-6.3614661895
CtrSVDD_0041_E_0011033,-6.5939590483
CtrSVDD_0042_E_0011034,0.0819206398
CtrSVDD_0043_E_0011035,-6.5073383658
CtrSVDD_0044_E_0011036,1.1462925919
CtrSVDD_0045_E_0011037,-4.7135314919
CtrSVDD_0046_E_0011038,-0.2379215198
CtrSVDD_0047_E_0011039,-3.5549621569
CtrSVDD_0000_E_0011040,-7.8040766200
CtrSVDD_0001_E_0011041,-8.1451112867
CtrSVDD_0002_E_0011042,-3.2837988252
CtrSVDD_0003_E_0011043,-4.5009786627
CtrSVDD_0004_E_0011044,-4.8476957747
CtrSVDD_0005_E_0011045,-4.0544035096
CtrSVDD_0006_E_0011046,-6.3841737666
CtrSVDD_0007_E_0011047,2.0240136237
CtrSVDD_0008_E_0011048,-7.0690884968
CtrSVDD_0009_E_0011049,-5.1629097469
CtrSVDD_0010_E_0011050,-4.6718082044
CtrSVDD_0011_E_0011051,-6.6734297621
CtrSVDD_0012_E_0011052,-0.1128414574
CtrSVDD_0013_E_0011053,1.2136317090
CtrSVDD_0014_E_0011054,-6.4600363351
CtrSVDD_0015_E_0011055,-4.5537688174
CtrSVDD_0016_E_0011056,-4.6073093422
CtrSVDD_0017_E_0011057,-7.3585563740
CtrSVDD_0018_E_0011058,-6.3670556255
CtrSVDD_0019_E_0011059,-6.0819791526
CtrSVDD_0020_E_0011060,-5.9359258404
CtrSVDD_0021_E_0011061,-5.4255923067
CtrSVDD_0022_E_0011062,-6.6462043336
CtrSVDD_0023_E_0011063,1.4045462482
CtrSVDD_0024_E_0011064,0.7196775615
CtrSVDD_0025_E_0011065,-0.1551867330
CtrSVDD_0026_E_0011066,-6.7485028164
CtrSVDD_0027_E_0011067,-6.7656398661
CtrSVDD_0028_E_0011068,-6.4118655987
CtrSVDD_0029_E_0011069,-6.9753659641
CtrSVDD_0030_E_0011070,-0.3356097395
CtrSVDD_0031_E_0011071,0.4911560677
CtrSVDD_0032_E_0011072,-5.3985138202
CtrSVDD_0033_E_0011073,-7.4110703244
CtrSVDD_0034_E_0011074,-5.1771284861
CtrSVDD_0035_E_0011075,-7.1734612114
CtrSVDD_0036_E_0011076,1.0228863013
CtrSVDD_0037_E_0011077,-6.2539617963
CtrSVDD_0038_E_0011078,-6.1291910859
CtrSVDD_0039_E_0011079,-5.9465320591
CtrSVDD_0040_E_0011080,-2.8856349124
CtrSVDD_0041_E_0011081,-7.3148754039
CtrSVDD_0042_E_0011082,0.6613770568
CtrSVDD_0043_E_0011083,-6.9421275307
CtrSVDD_0044_E_0011084,-7.7543617074
CtrSVDD_0045_E_0011085,-4.5671049198
CtrSVDD_0046_E_0011086,-3.6200235092
CtrSVDD_0047_E_0011087,1.1965339706
CtrSVDD_0000_E_0011088,-5.6206941234
CtrSVDD_0001_E_0011089,-4.5026000835
CtrSVDD_0002_E_0011090,0.7143856838
CtrSVDD_0003_E_0011091,-7.8691997258
CtrSVDD_0004_E_0011092,-6.6688117883
CtrSVDD_0005_E_0011093,2.5205022172
CtrSVDD_0006_E_0011094,-9.0074790730
CtrSVDD_0007_E_0011095,1.2025863788
CtrSVDD_0008_E_0011096,-6.6847957177
CtrSVDD_0009_E_0011097,-1.6563238653
CtrSVDD_0010_E_0011098,-6.4796180873
CtrSVDD_0011_E_0011099,1.7264672134
CtrSVDD_0012_E_0011100,-0.5553094215
CtrSVDD_0013_E_0011101,1.2208602231
CtrSVDD_0014_E_0011102,-5.5150209387
CtrSVDD_0015_E_0011103,-6.5617409780
CtrSVDD_0016_E_0011104,-4.4010394137
CtrSVDD_0017_E_0011105,-6.5332438053
CtrSVDD_0018_E_0011106,-2.9793244008
CtrSVDD_0019_E_0011107,-4.4081269945
CtrSVDD_0020_E_0011108,-5.0519293701
CtrSVDD_0021_E_0011109,-6.4134550691
CtrSVDD_0022_E_0011110,-5.9177002728
CtrSVDD_0023_E_0011111,0.1513526443
CtrSVDD_0024_E_0011112,-5.9911083999
CtrSVDD_0025_E_0011113,-5.9278374486
CtrSVDD_0026_E_0011114,-2.9943862854
CtrSVDD_0027_E_0011115,-4.2967920366
CtrSVDD_0028_E_0011116,-5.1185878907
CtrSVDD_0029_E_0011117,-0.6877194580
CtrSVDD_0030_E_0011118,-3.6614358854
CtrSVDD_0031_E_0011119,-7.7771359847
CtrSVDD_0032_E_0011120,-5.5196443249
CtrSVDD_0033_E_0011121,-3.6431991440
CtrSVDD_0034_E_0011122,-2.3029247587
CtrSVDD_0035_E_0011123,-4.9160116619
CtrSVDD_0036_E_0011124,-6.3724412462
CtrSVDD_0037_E_0011125,-5.2252148689
CtrSVDD_0038_E_0011126,-6.6299879899
CtrSVDD_0039_E_0011127,0.8099502840
CtrSVDD_0040_E_0011128,0.5717042991
CtrSVDD_0041_E_0011129,-4.5811071719
CtrSVDD_0042_E_0011130,-2.4348173707
CtrSVDD_0043_E_0011131,-4.4887952137
CtrSVDD_0044_E_0011132,-5.6896784450
CtrSVDD_0045_E_0011133,-8.4330820480
CtrSVDD_0046_E_0011134,-4.1987637738
CtrSVDD_0047_E_0011135,-4.5937772745
CtrSVDD_0000_E_0011136,-7.0726772236
CtrSVDD_0001_E_0011137,-5.6991544155
CtrSVDD_0002_E_0011138,-0.0861318474
CtrSVDD_0003_E_0011139,-7.1239385718
CtrSVDD_0004_E_0011140,-8.4840032160
CtrSVDD_0005_E_0011141,-6.3965422801
CtrSVDD_0006_E_0011142,-5.0161817021
CtrSVDD_0007_E_0011143,-5.7920662791
CtrSVDD_0008_E_0011144,-4.9087866186
CtrSVDD_0009_E_0011145,-4.3918901392
CtrSVDD_0010_E_0011146,-1.8773044638
CtrSVDD_0011_E_0011147,0.6578995520
CtrSVDD_0012_E_0011148,-5.7893014565
CtrSVDD_0013_E_0011149,-6.1652446206
CtrSVDD_0014_E_0011150,-5.6170110226
CtrSVDD_0015_E_0011151,0.6066475734
CtrSVDD_0016_E_0011152,-6.1298752762
CtrSVDD_0017_E_0011153,-9.3894823125
CtrSVDD_0018_E_0011154,-2.0850937919
CtrSVDD_0019_E_0011155,-4.6885445237
CtrSVDD_0020_E_0011156,-8.1818726182
CtrSVDD_0021_E_0011157,-7.3250451207
CtrSVDD_0022_E_0011158,-5.2421549136
CtrSVDD_0023_E_0011159,-6.2659189277
CtrSVDD_0024_E_0011160,-6.2032947725
CtrSVDD_0025_E_0011161,-6.2077657020
CtrSVDD_0026_E_0011162,-8.5139130130
CtrSVDD_0027_E_0011163,-6.1785312938
CtrSVDD_0028_E_0011164,-6.0098588393
CtrSVDD_0029_E_0011165,-6.6945742153
CtrSVDD_0030_E_0011166,0.5634879274
CtrSVDD_0031_E_0011167,-7.0037797410
CtrSVDD_0032_E_0011168,-2.9764191617
CtrSVDD_0033_E_0011169,0.6806487851
CtrSVDD_0034_E_0011170,-3.3311915380
CtrSVDD_0035_E_0011171,-7.5939613516
CtrSVDD_0036_E_0011172,-5.8705324416
CtrSVDD_0037_E_0011173,-5.5470125973
CtrSVDD_0038_E_0011174,0.8554553602
CtrSVDD_0039_E_0011175,-0.5651281436
CtrSVDD_0040_E_0011176,-5.6905542351
CtrSVDD_0041_E_0011177,-1.9413974348
CtrSVDD_0042_E_0011178,-7.6049577198
CtrSVDD_0043_E_0011179,-7.7483484969
CtrSVDD_0044_E_0011180,-5.3427049321
CtrSVDD_0045_E_0011181,-6.1633059347
CtrSVDD_0046_E_0011182,-0.9218921745
CtrSVDD_0047_E_0011183,-4.6377014070
CtrSVDD_0000_E_0011184,-1.3644275699
CtrSVDD_0001_E_0011185,-5.9368486129
CtrSVDD_0002_E_0011186,-4.6115282391
CtrSVDD_0003_E_0011187,-5.2613598011
CtrSVDD_0004_E_0011188,-7.3846408779
CtrSVDD_0005_E_0011189,-5.0389376672
CtrSVDD_0006_E_0011190,-7.0147387752
CtrSVDD_0007_E_0011191,-3.5060354387
CtrSVDD_0008_E_0011192,-5.0838118450
CtrSVDD_0009_E_0011193,-5.4940307907
CtrSVDD_0010_E_0011194,-7.4031758722
CtrSVDD_0011_E_0011195,-7.0381332005
CtrSVDD_0012_E_0011196,-8.6036749953
CtrSVDD_0013_E_0011197,-5.4367993072
CtrSVDD_0014_E_0011198,-5.8177500456
CtrSVDD_0015_E_0011199,-7.2545560643
CtrSVDD_0016_E_0011200,-6.6105094643
CtrSVDD_0017_E_0011201,-4.6334936713
CtrSVDD_0018_E_0011202,-8.4774147316
CtrSVDD_0019_E_0011203,-6.5827900185
CtrSVDD_0020_E_0011204,-4.3998678907
CtrSVDD_0021_E_0011205,-5.3819489433
CtrSVDD_0022_E_0011206,-0.7925957377
CtrSVDD_0023_E_0011207,-1.5568306010
CtrSVDD_0024_E_0011208,-4.0379878886
CtrSVDD_0025_E_0011209,1.0395498058
CtrSVDD_0026_E_0011210,-5.9085332625
CtrSVDD_0027_E_0011211,-6.2358343522
CtrSVDD_0028_E_0011212,-6.1610936599
CtrSVDD_0029_E_0011213,-5.7663525853
CtrSVDD_0030_E_0011214,-6.0015192362
CtrSVDD_0031_E_0011215,-5.5951920509
CtrSVDD_0032_E_0011216,-6.0060484348
CtrSVDD_0033_E_0011217,-7.0322632287
CtrSVDD_0034_E_0011218,-4.3620989144
CtrSVDD_0035_E_0011219,-5.2244431305
CtrSVDD_0036_E_0011220,-6.6272444303
CtrSVDD_0037_E_0011221,-5.0603602076
CtrSVDD_0038_E_0011222,-7.6151518075
CtrSVDD_0039_E_0011223,-3.9733400980
CtrSVDD_0040_E_0011224,-6.2716975867
CtrSVDD_0041_E_0011225,1.2331435240
CtrSVDD_0042_E_0011226,-0.9722721429
CtrSVDD_0043_E_0011227,-3.5041593695
CtrSVDD_0044_E_0011228,-6.9744537027
CtrSVDD_0045_E_0011229,-5.5653320159
CtrSVDD_0046_E_0011230,-5.1096636798
CtrSVDD_0047_E_0011231,-6.1070821059
CtrSVDD_0000_E_0011232,-0.3076212670
CtrSVDD_0001_E_0011233,-7.0392845055
CtrSVDD_0002_E_0011234,-7.6080079527
CtrSVDD_0003_E_0011235,-5.2312855204
CtrSVDD_0004_E_0011236,-6.0790350907
CtrSVDD_0005_E_0011237,0.3445020561
CtrSVDD_0006_E_0011238,-4.6411159417
CtrSVDD_0007_E_0011239,-0.3534216980
CtrSVDD_0008_E_0011240,-5.1243305743
CtrSVDD_0009_E_0011241,-5.2172789515
CtrSVDD_0010_E_0011242,-7.4085712233
CtrSVDD_0011_E_0011243,-4.9587959315
CtrSVDD_0012_E_0011244,-9.6860695875
CtrSVDD_0013_E_0011245,-6.2275490688
CtrSVDD_0014_E_0011246,-4.5551938440
CtrSVDD_0015_E_0011247,-2.7484333597
CtrSVDD_0016_E_0011248,-7.6101907664
CtrSVDD_0017_E_0011249,-7.1507266857
CtrSVDD_0018_E_0011250,2.6849316373
CtrSVDD_0019_E_0011251,-5.3066400623
CtrSVDD_0020_E_0011252,-0.0485973836
CtrSVDD_0021_E_0011253,2.0814974982
CtrSVDD_0022_E_0011254,-7.1858325430
CtrSVDD_0023_E_0011255,-6.5960383360
CtrSVDD_0024_E_0011256,-6.1767940692
CtrSVDD_0025_E_0011257,-8.5256000638
CtrSVDD_0026_E_0011258,-7.0627441187
CtrSVDD_0027_E_0011259,0.0383500604
CtrSVDD_0028_E_0011260,-5.3486485613
CtrSVDD_0029_E_0011261,-8.5056128534
CtrSVDD_0030_E_0011262,-5.0213231723
CtrSVDD_0031_E_0011263,0.0721000060
CtrSVDD_0032_E_0011264,-0.7753546961
CtrSVDD_0033_E_0011265,-7.2580851201
CtrSVDD_0034_E_0011266,-4.3482634205
CtrSVDD_0035_E_0011267,-5.6759795218
CtrSVDD_0036_E_0011268,-3.5588881819
CtrSVDD_0037_E_0011269,0.4660453558
CtrSVDD_0038_E_0011270,1.5238894117
CtrSVDD_0039_E_0011271,-5.3613772237
CtrSVDD_0040_E_0011272,2.3087101115
CtrSVDD_0041_E_0011273,-7.8677969348
CtrSVDD_0042_E_0011274,-3.1488091541
CtrSVDD_0043_E_0011275,-9.4655146146
CtrSVDD_0044_E_0011276,-7.3959164686
CtrSVDD_0045_E_0011277,-7.6192499113
CtrSVDD_0046_E_0011278,-7.8788684945
CtrSVDD_0047_E_0011279,-4.7162896589
CtrSVDD_0000_E_0011280,-2.4700588398
CtrSVDD_0001_E_0011281,-6.3231108595
CtrSVDD_0002_E_0011282,0.2769636266
CtrSVDD_0003_E_0011283,-8.2662855648
CtrSVDD_0004_E_0011284,-6.4448624889
CtrSVDD_0005_E_0011285,-8.0480917936
CtrSVDD_0006_E_0011286,-7.0732715480
CtrSVDD_0007_E_0011287,0.2929880969
CtrSVDD_0008_E_0011288,-7.8086685759
CtrSVDD_0009_E_0011289,-6.3134008003
CtrSVDD_0010_E_0011290,0.5277739351
CtrSVDD_0011_E_0011291,-4.8569500905
CtrSVDD_0012_E_0011292,-5.4591223483
CtrSVDD_0013_E_0011293,-7.1572529660
CtrSVDD_0014_E_0011294,-8.6629167591
CtrSVDD_0015_E_0011295,-2.8983823264
CtrSVDD_0016_E_0011296,-6.0015203342
CtrSVDD_0017_E_0011297,-4.3454732914
CtrSVDD_0018_E_0011298,-0.5358302223
CtrSVDD_0019_E_0011299,-5.4399304762
CtrSVDD_0020_E_0011300,-5.2792452140
CtrSVDD_0021_E_0011301,-5.6101781898
CtrSVDD_0022_E_0011302,-1.6086134433
CtrSVDD_0023_E_0011303,-4.4839028706
CtrSVDD_0024_E_0011304,-6.7150089189
CtrSVDD_0025_E_0011305,-5.3971914895
CtrSVDD_0026_E_0011306,-2.8885170646
CtrSVDD_0027_E_0011307,-4.6388307434
CtrSVDD_0028_E_0011308,0.7474381782
CtrSVDD_0029_E_0011309,-6.4844704832
CtrSVDD_0030_E_0011310,1.4591230250
CtrSVDD_0031_E_0011311,-5.9253230366
CtrSVDD_0032_E_0011312,-4.7355789269
CtrSVDD_0033_E_0011313,-8.2086749575
CtrSVDD_0034_E_0011314,-7.4765188594
CtrSVDD_0035_E_0011315,-7.1170972514
CtrSVDD_0036_E_0011316,-8.6325890493
CtrSVDD_0037_E_0011317,1.9628364706
CtrSVDD_0038_E_0011318,-5.1317176509
CtrSVDD_0039_E_0011319,0.6526981539
CtrSVDD_0040_E_0011320,-4.7512027920
CtrSVDD_0041_E_0011321,0.5820161919
CtrSVDD_0042_E_0011322,-7.0315779306
CtrSVDD_0043_E_0011323,-6.3602675985
CtrSVDD_0044_E_0011324,-2.8525513656
CtrSVDD_0045_E_0011325,-7.6297693267
CtrSVDD_0046_E_0011326,-1.3700645256
CtrSVDD_0047_E_0011327,-6.0733470307
CtrSVDD_0000_E_0011328,-6.6356036790
CtrSVDD_0001_E_0011329,-4.4932033173
CtrSVDD_0002_E_0011330,-7.6637383873
CtrSVDD_0003_E_0011331,1.3468970466
CtrSVDD_0004_E_0011332,-5.2535810688
CtrSVDD_0005_E_0011333,-0.2178230759
CtrSVDD_0006_E_0011334,-3.6880654376
CtrSVDD_0007_E_0011335,-2.0694437537
CtrSVDD_0008_E_0011336,-0.7127435471
CtrSVDD_0009_E_0011337,-6.2586785451
CtrSVDD_0010_E_0011338,-3.6896798587
CtrSVDD_0011_E_0011339,-5.9743605698
CtrSVDD_0012_E_0011340,-3.2117394459
CtrSVDD_0013_E_0011341,-6.5673527113
CtrSVDD_0014_E_0011342,0.7735886145
CtrSVDD_0015_E_0011343,-6.6671263310
CtrSVDD_0016_E_0011344,-5.3751412589
CtrSVDD_0017_E_0011345,-5.5334199515
CtrSVDD_0018_E_0011346,-0.6235485520
CtrSVDD_0019_E_0011347,-3.7902111100
CtrSVDD_0020_E_0011348,-4.0636680533
CtrSVDD_0021_E_0011349,-5.0562498964
CtrSVDD_0022_E_0011350,-5.3287283362
CtrSVDD_0023_E_0011351,-6.8674336998
CtrSVDD_0024_E_0011352,-4.8197145499
CtrSVDD_0025_E_0011353,-7.3416902287
CtrSVDD_0026_E_0011354,-1.2805982317
CtrSVDD_0027_E_0011355,-7.3813910882
CtrSVDD_0028_E_0011356,-0.5455439463
CtrSVDD_0029_E_0011357,-2.0483932659
CtrSVDD_0030_E_0011358,-8.1457524755
CtrSVDD_0031_E_0011359,-6.9759974664
CtrSVDD_0032_E_0011360,-7.3697803559
CtrSVDD_0033_E_0011361,-7.5930860665
CtrSVDD_0034_E_0011362,-6.0761017686
CtrSVDD_0035_E_0011363,-4.2780600550
CtrSVDD_0036_E_0011364,-3.6481701605
CtrSVDD_0037_E_0011365,0.6083298156
CtrSVDD_0038_E_0011366,0.4864133783
CtrSVDD_0039_E_0011367,0.0318393905
CtrSVDD_0040_E_0011368,-5.2842892584
CtrSVDD_0041_E_0011369,1.3933814760
CtrSVDD_0042_E_0011370,-5.1037404383
CtrSVDD_0043_E_0011371,-4.8450859596
CtrSVDD_0044_E_0011372,0.9240337388
CtrSVDD_0045_E_0011373,-0.4816954322
CtrSVDD_0046_E_0011374,-3.5489809287
CtrSVDD_0047_E_0011375,-8.8023453083
CtrSVDD_0000_E_0011376,-7.0744765292
CtrSVDD_0001_E_0011377,-4.9051635098
CtrSVDD_0002_E_0011378,2.6527627355
CtrSVDD_0003_E_0011379,-5.5558350160
CtrSVDD_0004_E_0011380,-7.9637374794
CtrSVDD_0005_E_0011381,0.4096927937
CtrSVDD_0006_E_0011382,-6.5262419811
CtrSVDD_0007_E_0011383,-7.3746546610
CtrSVDD_0008_E_0011384,-7.0239260282
CtrSVDD_0009_E_0011385,-7.1378246663
CtrSVDD_0010_E_0011386,-4.3664178262
CtrSVDD_0011_E_0011387,-5.4826758378
CtrSVDD_0012_E_0011388,-6.7353572682
CtrSVDD_0013_E_0011389,-2.0608099712
CtrSVDD_0014_E_0011390,-4.6566622519
CtrSVDD_0015_E_0011391,-6.8497848910
CtrSVDD_0016_E_0011392,-7.4574056665
CtrSVDD_0017_E_0011393,-6.8499672557
CtrSVDD_0018_E_0011394,-4.5413940540
CtrSVDD_0019_E_0011395,-6.6507469243
CtrSVDD_0020_E_0011396,-3.3865347253
CtrSVDD_0021_E_0011397,-3.7263664857
CtrSVDD_0022_E_0011398,-7.4449487438
CtrSVDD_0023_E_0011399,-6.0794681609
CtrSVDD_0024_E_0011400,-6.1426503595
CtrSVDD_0025_E_0011401,-6.6204283756
CtrSVDD_0026_E_0011402,-5.9814837797
CtrSVDD_0027_E_0011403,-6.9889076726
CtrSVDD_0028_E_0011404,-7.9687586486
CtrSVDD_0029_E_0011405,-7.5483094838
CtrSVDD_0030_E_0011406,-7.5867875345
CtrSVDD_0031_E_0011407,-0.2321696494
CtrSVDD_0032_E_0011408,-1.5140138711
CtrSVDD_0033_E_0011409,-6.8065908984
CtrSVDD_0034_E_0011410,-4.7583646099
CtrSVDD_0035_E_0011411,-7.4394342718
CtrSVDD_0036_E_0011412,-0.5293824378
CtrSVDD_0037_E_0011413,-5.7003458769
CtrSVDD_0038_E_0011414,-4.0018820559
CtrSVDD_0039_E_0011415,-2.8103530137
CtrSVDD_0040_E_0011416,0.0959640721
CtrSVDD_0041_E_0011417,-7.7148565437
CtrSVDD_0042_E_0011418,-4.8380994926
CtrSVDD_0043_E_0011419,-7.0249483159
CtrSVDD_0044_E_0011420,-4.6224981970
CtrSVDD_0045_E_0011421,0.4197539913
CtrSVDD_0046_E_0011422,-5.8358419262
CtrSVDD_0047_E_0011423,-6.0526660734
CtrSVDD_0000_E_0011424,-6.5031613918
CtrSVDD_0001_E_0011425,-1.3928148450
CtrSVDD_0002_E_0011426,-6.6007495636
CtrSVDD_0003_E_0011427,-5.3411156601
CtrSVDD_0004_E_0011428,0.8717027939
CtrSVDD_0005_E_0011429,0.3415349575
CtrSVDD_0006_E_0011430,-6.7670923137
CtrSVDD_0007_E_0011431,-3.0863451749
CtrSVDD_0008_E_0011432,-6.7786935800
CtrSVDD_0009_E_0011433,-6.0779977167
CtrSVDD_0010_E_0011434,-4.1191631403
CtrSVDD_0011_E_0011435,0.0777108845
CtrSVDD_0012_E_0011436,-6.8322432655
CtrSVDD_0013_E_0011437,-7.0976985638
CtrSVDD_0014_E_0011438,-4.3501758503
CtrSVDD_0015_E_0011439,-5.1182185211
CtrSVDD_0016_E_0011440,-0.7474381782
CtrSVDD_0017_E_0011441,-7.5040044948
CtrSVDD_0018_E_0011442,-8.0530611681
CtrSVDD_0019_E_0011443,-5.3271778282
CtrSVDD_0020_E_0011444,-5.9541105628
CtrSVDD_0021_E_0011445,-6.1652911229
CtrSVDD_0022_E_0011446,-4.0343545770
CtrSVDD_0023_E_0011447,-7.2813681033
CtrSVDD_0024_E_0011448,-4.9332780079
CtrSVDD_0025_E_0011449,-5.8663484477
CtrSVDD_0026_E_0011450,-6.2827424428
CtrSVDD_0027_E_0011451,-7.6131071725
CtrSVDD_0028_E_0011452,-4.6290356292
CtrSVDD_0029_E_0011453,-7.7597162074
CtrSVDD_0030_E_0011454,-6.1933170853
CtrSVDD_0031_E_0011455,-6.6295545349
CtrSVDD_0032_E_0011456,-4.4104110966
CtrSVDD_0033_E_0011457,-5.3442079624
CtrSVDD_0034_E_0011458,-6.4142789186
CtrSVDD_0035_E_0011459,-7.0170217155
CtrSVDD_0036_E_0011460,-7.1672844535
CtrSVDD_0037_E_0011461,-4.2879418928
CtrSVDD_0038_E_0011462,-1.1249678019
CtrSVDD_0039_E_0011463,-6.1498602117
CtrSVDD_0040_E_0011464,-7.4273868713
CtrSVDD_0041_E_0011465,-6.6250004472
CtrSVDD_0042_E_0011466,-6.2098399488
CtrSVDD_0043_E_0011467,-5.9949888585
CtrSVDD_0044_E_0011468,-5.3917950803
CtrSVDD_0045_E_0011469,-5.5784932159
CtrSVDD_0046_E_0011470,-7.2862747869
CtrSVDD_0047_E_0011471,-6.6561125855
CtrSVDD_0000_E_0011472,-6.7473956020
CtrSVDD_0001_E_0011473,-2.8432066509
CtrSVDD_0002_E_0011474,-5.1235189026
CtrSVDD_0003_E_0011475,-0.3608762425
CtrSVDD_0004_E_0011476,-5.8632381474
CtrSVDD_0005_E_0011477,-5.8192681015
CtrSVDD_0006_E_0011478,-6.7158709839
CtrSVDD_0007_E_0011479,-6.2173444714
CtrSVDD_0008_E_0011480,-7.4802107282
CtrSVDD_0009_E_0011481,-7.2359933280
CtrSVDD_0010_E_0011482,-2.9024871173
CtrSVDD_0011_E_0011483,-7.3333486909
CtrSVDD_0012_E_0011484,-2.8565836714
CtrSVDD_0013_E_0011485,-7.5358516125
CtrSVDD_0014_E_0011486,-0.6499156756
CtrSVDD_0015_E_0011487,0.2682531520
CtrSVDD_0016_E_0011488,-4.8082428810
CtrSVDD_0017_E_0011489,-5.7370191914
CtrSVDD_0018_E_0011490,0.3223206095
CtrSVDD_0019_E_0011491,-4.8062765001
CtrSVDD_0020_E_0011492,-7.9615413858
CtrSVDD_0021_E_0011493,-6.5801698880
CtrSVDD_0022_E_0011494,-7.8956332163
CtrSVDD_0023_E_0011495,-4.2986607240
CtrSVDD_0024_E_0011496,-8.3587534661
CtrSVDD_0025_E_0011497,-7.0256411884
CtrSVDD_0026_E_0011498,-4.8823979915
CtrSVDD_0027_E_0011499,-5.9715539210
CtrSVDD_0028_E_0011500,-7.0522298012
CtrSVDD_0029_E_0011501,-4.9123063826
CtrSVDD_0030_E_0011502,-4.4616189397
CtrSVDD_0031_E_0011503,0.1212919178
CtrSVDD_0032_E_0011504,-6.6580085502
CtrSVDD_0033_E_0011505,-6.7747248301
CtrSVDD_0034_E_0011506,-5.8420225513
CtrSVDD_0035_E_0011507,-2.5499590495
CtrSVDD_0036_E_0011508,-5.6152643725
CtrSVDD_0037_E_0011509,-3.6018399908
CtrSVDD_0038_E_0011510,-8.2762589361
CtrSVDD_0039_E_0011511,-7.4674683768
CtrSVDD_0040_E_0011512,0.5261667968
CtrSVDD_0041_E_0011513,-2.9315439151
CtrSVDD_0042_E_0011514,-5.9477672853
CtrSVDD_0043_E_0011515,-6.7462378610
CtrSVDD_0044_E_0011516,-7.1769958016
CtrSVDD_0045_E_0011517,-4.4490422758
CtrSVDD_0046_E_0011518,-7.4534918104
CtrSVDD_0047_E_0011519,-7.9098234534
CtrSVDD_0000_E_0011520,-4.7258060780
CtrSVDD_0001_E_0011521,-6.8591357323
CtrSVDD_0002_E_0011522,-6.4670992668
CtrSVDD_0003_E_0011523,-7.2880499677
CtrSVDD_0004_E_0011524,-6.3350122451
CtrSVDD_0005_E_0011525,-3.3530521417
CtrSVDD_0006_E_0011526,-0.3261393354
CtrSVDD_0007_E_0011527,-5.2489738145
CtrSVDD_0008_E_0011528,-6.3953369847
CtrSVDD_0009_E_0011529,-3.5165788875
CtrSVDD_0010_E_0011530,-7.4659652048
CtrSVDD_0011_E_0011531,0.0608848778
CtrSVDD_0012_E_0011532,-6.6517928891
CtrSVDD_0013_E_0011533,-3.6763785957
CtrSVDD_0014_E_0011534,-5.5385310868
CtrSVDD_0015_E_0011535,-2.5273151746
CtrSVDD_0016_E_0011536,-6.0952290552
CtrSVDD_0017_E_0011537,-5.6385751019
CtrSVDD_0018_E_0011538,-7.0018867694
CtrSVDD_0019_E_0011539,-6.6336596896
CtrSVDD_0020_E_0011540,1.3196797484
CtrSVDD_0021_E_0011541,-5.4909793570
CtrSVDD_0022_E_0011542,-5.2587746177
CtrSVDD_0023_E_0011543,-7.7968285115
CtrSVDD_0024_E_0011544,-6.7323516711
CtrSVDD_0025_E_0011545,-8.6765254905
CtrSVDD_0026_E_0011546,-6.3654437893
CtrSVDD_0027_E_0011547,-7.8278678224
CtrSVDD_0028_E_0011548,-6.9789715483
CtrSVDD_0029_E_0011549,0.6877194580
CtrSVDD_0030_E_0011550,0.8902607472
CtrSVDD_0031_E_0011551,-6.0846292538
CtrSVDD_0032_E_0011552,-3.1804253241
CtrSVDD_0033_E_0011553,-5.7295184503
CtrSVDD_0034_E_0011554,-4.4688758373
CtrSVDD_0035_E_0011555,1.0733122116
CtrSVDD_0036_E_0011556,-5.8708115645
CtrSVDD_0037_E_0011557,1.8075939945
CtrSVDD_0038_E_0011558,-7.7054911393
CtrSVDD_0039_E_0011559,-6.8462729546
CtrSVDD_0040_E_0011560,-6.4092204273
CtrSVDD_0041_E_0011561,-1.1197159605
CtrSVDD_0042_E_0011562,-6.9157274492
CtrSVDD_0043_E_0011563,-8.0819108991
CtrSVDD_0044_E_0011564,0.7925957377
CtrSVDD_0045_E_0011565,-3.3882045947
CtrSVDD_0046_E_0011566,-7.2598355038
CtrSVDD_0047_E_0011567,0.9028048733
CtrSVDD_0000_E_0011568,-5.3424993586
CtrSVDD_0001_E_0011569,-5.8389902253
CtrSVDD_0002_E_0011570,-3.8428776392
CtrSVDD_0003_E_0011571,-6.8240719526
CtrSVDD_0004_E_0011572,0.6032882259
CtrSVDD_0005_E_0011573,-5.9636228188
CtrSVDD_0006_E_0011574,-5.7934383782
CtrSVDD_0007_E_0011575,-5.3989879056
CtrSVDD_0008_E_0011576,-0.4879884309
CtrSVDD_0009_E_0011577,-0.1563525874
CtrSVDD_0010_E_0011578,-6.9069021501
CtrSVDD_0011_E_0011579,-7.1926136500
CtrSVDD_0012_E_0011580,-8.1767122079
CtrSVDD_0013_E_0011581,-6.4726657044
CtrSVDD_0014_E_0011582,-4.6908559524
CtrSVDD_0015_E_0011583,-4.9056428058
CtrSVDD_0016_E_0011584,0.0889401633
CtrSVDD_0017_E_0011585,-6.7288819034
CtrSVDD_0018_E_0011586,-6.8814814696
CtrSVDD_0019_E_0011587,-5.8809373036
CtrSVDD_0020_E_0011588,-6.9559606436
CtrSVDD_0021_E_0011589,-5.9609409935
CtrSVDD_0022_E_0011590,-7.0522534772
CtrSVDD_0023_E_0011591,-9.1095615933
CtrSVDD_0024_E_0011592,-0.6948246815
CtrSVDD_0025_E_0011593,-5.6076885162
CtrSVDD_0026_E_0011594,-3.9916209369
CtrSVDD_0027_E_0011595,-7.7592798630
CtrSVDD_0028_E_0011596,-6.0241515456
CtrSVDD_0029_E_0011597,-6.4967738336
CtrSVDD_0030_E_0011598,0.2135279657
CtrSVDD_0031_E_0011599,-4.8474684733
CtrSVDD_0032_E_0011600,-7.2346736363
CtrSVDD_0033_E_0011601,-7.5235035626
CtrSVDD_0034_E_0011602,-7.9998927337
CtrSVDD_0035_E_0011603,-6.8840128814
CtrSVDD_0036_E_0011604,-8.6252340413
CtrSVDD_0037_E_0011605,-4.7572188618
CtrSVDD_0038_E_0011606,-7.5569910091
CtrSVDD_0039_E_0011607,-7.9291693607
CtrSVDD_0040_E_0011608,-7.8569411114
CtrSVDD_0041_E_0011609,-1.4197105540
CtrSVDD_0042_E_0011610,-7.9107414111
CtrSVDD_0043_E_0011611,-6.8742142676
CtrSVDD_0044_E_0011612,-5.1184499877
CtrSVDD_0045_E_0011613,0.6286535519
CtrSVDD_0046_E_0011614,-5.7078651702
CtrSVDD_0047_E_0011615,0.9049093884
CtrSVDD_0000_E_0011616,-4.8403061841
CtrSVDD_0001_E_0011617,-0.2020933456
CtrSVDD_0002_E_0011618,-1.0158311043
CtrSVDD_0003_E_0011619,-1.7649809686
CtrSVDD_0004_E_0011620,-3.0450548171
CtrSVDD_0005_E_0011621,0.7001766943
CtrSVDD_0006_E_0011622,-1.7387802987
CtrSVDD_0007_E_0011623,-6.8345211420
CtrSVDD_0008_E_0011624,-6.5299507962
CtrSVDD_0009_E_0011625,-4.9763527375
CtrSVDD_0010_E_0011626,-3.2684639344
CtrSVDD_0011_E_0011627,-3.9859562146
CtrSVDD_0012_E_0011628,-6.3108269254
CtrSVDD_0013_E_0011629,-7.5105621911
CtrSVDD_0014_E_0011630,-5.5337134917
CtrSVDD_0015_E_0011631,-6.1802670899
CtrSVDD_0016_E_0011632,-7.0813910909
CtrSVDD_0017_E_0011633,0.5816152139
CtrSVDD_0018_E_0011634,-5.2988259444
CtrSVDD_0019_E_0011635,-5.7660260779
CtrSVDD_0020_E_0011636,0.2336068896
CtrSVDD_0021_E_0011637,-6.1036306314
CtrSVDD_0022_E_0011638,-4.5170085727
CtrSVDD_0023_E_0011639,-5.2142146895
CtrSVDD_0024_E_0011640,-7.6519541111
CtrSVDD_0025_E_0011641,-4.0162648317
CtrSVDD_0026_E_0011642,1.2525226939
CtrSVDD_0027_E_0011643,-6.8792145431
CtrSVDD_0028_E_0011644,-4.5436087972
CtrSVDD_0029_E_0011645,0.4749805094
CtrSVDD_0030_E_0011646,-4.9446389957
CtrSVDD_0031_E_0011647,-7.2241451475
CtrSVDD_0032_E_0011648,0.3984613015
CtrSVDD_0033_E_0011649,-6.3183200397
CtrSVDD_0034_E_0011650,1.9924932571
CtrSVDD_0035_E_0011651,-5.7262812985
CtrSVDD_0036_E_0011652,-7.8400330894
CtrSVDD_0037_E_0011653,-0.9240337388
CtrSVDD_0038_E_0011654,-6.0851751412
CtrSVDD_0039_E_0011655,-5.5150067848
CtrSVDD_0040_E_0011656,1.0299927843
CtrSVDD_0041_E_0011657,-5.2493659945
CtrSVDD_0042_E_0011658,-5.3116460076
CtrSVDD_0043_E_0011659,-5.6843345059
CtrSVDD_0044_E_0011660,-3.5317950484
CtrSVDD_0045_E_0011661,-6.1020905624
CtrSVDD_0046_E_0011662,-5.3178646645
CtrSVDD_0047_E_0011663,-3.5572369623
CtrSVDD_0000_E_0011664,0.6350400847
CtrSVDD_0001_E_0011665,-0.2249905740
CtrSVDD_0002_E_0011666,-5.7825819596
CtrSVDD_0003_E_0011667,-6.5169685365
CtrSVDD_0004_E_0011668,-6.7872694741
CtrSVDD_0005_E_0011669,-6.1017749330
CtrSVDD_0006_E_0011670,-3.0074807707
CtrSVDD_0007_E_0011671,-6.3671301506
CtrSVDD_0008_E_0011672,-5.6863121099
CtrSVDD_0009_E_0011673,1.1428720206
CtrSVDD_0010_E_0011674,-6.2976051424
CtrSVDD_0011_E_0011675,-0.4989985784
CtrSVDD_0012_E_0011676,-0.2451224673
CtrSVDD_0013_E_0011677,0.6753680420
CtrSVDD_0014_E_0011678,-2.0240136237
CtrSVDD_0015_E_0011679,-7.0706580643
CtrSVDD_0016_E_0011680,-5.6476169309
CtrSVDD_0017_E_0011681,-7.9207288939
CtrSVDD_0018_E_0011682,-5.4423719014
CtrSVDD_0019_E_0011683,-2.4047612230
CtrSVDD_0020_E_0011684,-6.5045509535
CtrSVDD_0021_E_0011685,-6.7242565408
CtrSVDD_0022_E_0011686,-4.6026839101
CtrSVDD_0023_E_0011687,-8.0933633879
CtrSVDD_0024_E_0011688,-7.7655563689
CtrSVDD_0025_E_0011689,-4.2455092371
CtrSVDD_0026_E_0011690,-7.5606045230
CtrSVDD_0027_E_0011691,-4.7308639675
CtrSVDD_0028_E_0011692,-6.4020173912
CtrSVDD_0029_E_0011693,-8.5598778221
CtrSVDD_0030_E_0011694,-4.6463103149
CtrSVDD_0031_E_0011695,2.2065752165
CtrSVDD_0032_E_0011696,-1.1015730699
CtrSVDD_0033_E_0011697,-8.3560121697
CtrSVDD_0034_E_0011698,-6.2384798024
CtrSVDD_0035_E_0011699,-7.2045288615
CtrSVDD_0036_E_0011700,0.1864134628
CtrSVDD_0037_E_0011701,-3.9380501210
CtrSVDD_0038_E_0011702,0.0749051505
CtrSVDD_0039_E_0011703,-5.9525946656
CtrSVDD_0040_E_0011704,-6.5591102304
CtrSVDD_0041_E_0011705,-5.3125540921
CtrSVDD_0042_E_0011706,-7.4200748645
CtrSVDD_0043_E_0011707,-9.2617183192
CtrSVDD_0044_E_0011708,-6.6422577220
CtrSVDD_0045_E_0011709,-7.3778668586
CtrSVDD_0046_E_0011710,-5.9144375336
CtrSVDD_0047_E_0011711,-5.4134426936
CtrSVDD_0000_E_0011712,-4.1363613795
CtrSVDD_0001_E_0011713,-5.4986211208
CtrSVDD_0002_E_0011714,-5.9389557974
CtrSVDD_0003_E_0011715,-0.8314986965
CtrSVDD_0004_E_0011716,-5.5577166882
CtrSVDD_0005_E_0011717,-1.5409625827
CtrSVDD_0006_E_0011718,-2.2580759624
CtrSVDD_0007_E_0011719,0.7199753406
CtrSVDD_0008_E_0011720,-3.7030009279
CtrSVDD_0009_E_0011721,1.1144948228
CtrSVDD_0010_E_0011722,-6.3921682459
CtrSVDD_0011_E_0011723,0.3017602678
CtrSVDD_0012_E_0011724,-8.2796127421
CtrSVDD_0013_E_0011725,-5.2480717387
CtrSVDD_0014_E_0011726,-4.7019993030
CtrSVDD_0015_E_0011727,-0.4106058040
CtrSVDD_0016_E_0011728,-8.6575484062
CtrSVDD_0017_E_0011729,-8.1470485594
CtrSVDD_0018_E_0011730,-7.0553688227
CtrSVDD_0019_E_0011731,-5.7385509845
CtrSVDD_0020_E_0011732,-6.2720520453
CtrSVDD_0021_E_0011733,-7.8062863961
CtrSVDD_0022_E_0011734,-7.1671059939
CtrSVDD_0023_E_0011735,-6.7569878122
CtrSVDD_0024_E_0011736,-0.5006329560
CtrSVDD_0025_E_0011737,-6.3279840904
CtrSVDD_0026_E_0011738,-5.0687615538
CtrSVDD_0027_E_0011739,-6.7760456681
CtrSVDD_0028_E_0011740,-6.3895361699
CtrSVDD_0029_E_0011741,-7.9865152657
CtrSVDD_0030_E_0011742,-5.0366772953
CtrSVDD_0031_E_0011743,0.8944264796
CtrSVDD_0032_E_0011744,-9.2108707546
CtrSVDD_0033_E_0011745,1.4923680786
CtrSVDD_0034_E_0011746,-3.1699217147
CtrSVDD_0035_E_0011747,-5.2894952864
CtrSVDD_0036_E_0011748,-7.5072044149
CtrSVDD_0037_E_0011749,-4.3397257462
CtrSVDD_0038_E_0011750,-5.2920717552
CtrSVDD_0039_E_0011751,-7.1113093404
CtrSVDD_0040_E_0011752,-6.2602061127
CtrSVDD_0041_E_0011753,-8.5366807643
CtrSVDD_0042_E_0011754,-3.9485165336
CtrSVDD_0043_E_0011755,-7.6255751906
CtrSVDD_0044_E_0011756,-7.2642090852
CtrSVDD_0045_E_0011757,1.4672829233
CtrSVDD_0046_E_0011758,-6.4397367471
CtrSVDD_0047_E_0011759,-7.1302412970
CtrSVDD_0000_E_0011760,-3.7364034334
CtrSVDD_0001_E_0011761,-1.1329042518
CtrSVDD_0002_E_0011762,-7.4634181510
CtrSVDD_0003_E_0011763,-7.4629633023
CtrSVDD_0004_E_0011764,-7.7125951173
CtrSVDD_0005_E_0011765,-4.4883511490
CtrSVDD_0006_E_0011766,-6.5795055866
CtrSVDD_0007_E_0011767,-4.6185838554
CtrSVDD_0008_E_0011768,-6.9994679548
CtrSVDD_0009_E_0011769,-6.9852943650
CtrSVDD_0010_E_0011770,-6.3781022822
CtrSVDD_0011_E_0011771,0.5439214382
CtrSVDD_0012_E_0011772,-7.2199415589
CtrSVDD_0013_E_0011773,-7.2965186873
CtrSVDD_0014_E_0011774,-0.1414404467
CtrSVDD_0015_E_0011775,-4.4234436785
CtrSVDD_0016_E_0011776,0.8354581133
CtrSVDD_0017_E_0011777,-5.6358226309
CtrSVDD_0018_E_0011778,-4.3069736464
CtrSVDD_0019_E_0011779,-8.5495329965
CtrSVDD_0020_E_0011780,-4.6150090196
CtrSVDD_0021_E_0011781,-6.2846196742
CtrSVDD_0022_E_0011782,-4.8629666318
CtrSVDD_0023_E_0011783,-6.8681538361
CtrSVDD_0024_E_0011784,-6.5393079313
CtrSVDD_0025_E_0011785,-7.1750869103
CtrSVDD_0026_E_0011786,-5.6770507721
CtrSVDD_0027_E_0011787,0.4151737799
CtrSVDD_0028_E_0011788,-3.7192960882
CtrSVDD_0029_E_0011789,-0.0538793990
CtrSVDD_0030_E_0011790,-4.3406633125
CtrSVDD_0031_E_0011791,1.0181772056
CtrSVDD_0032_E_0011792,-5.9177511546
CtrSVDD_0033_E_0011793,-4.9684798783
CtrSVDD_0034_E_0011794,-5.2351537342
CtrSVDD_0035_E_0011795,-0.6509682782
CtrSVDD_0036_E_0011796,-6.2147769337
CtrSVDD_0037_E_0011797,-0.6423478973
CtrSVDD_0038_E_0011798,-6.8744232077
CtrSVDD_0039_E_0011799,0.4212820896
CtrSVDD_0040_E_0011800,-7.5526048068
CtrSVDD_0041_E_0011801,-8.2475490468
CtrSVDD_0042_E_0011802,-1.2774288271
CtrSVDD_0043_E_0011803,-7.2130782926
CtrSVDD_0044_E_0011804,-2.4237428244
CtrSVDD_0045_E_0011805,0.1736186442
CtrSVDD_0046_E_0011806,-2.8363277150
CtrSVDD_0047_E_0011807,-6.3460206271
CtrSVDD_0000_E_0011808,-8.1551583865
CtrSVDD_0001_E_0011809,-5.7357903217
CtrSVDD_0002_E_0011810,-6.3277653895
CtrSVDD_0003_E_0011811,-6.5450569693
CtrSVDD_0004_E_0011812,-5.2487641936
CtrSVDD_0005_E_0011813,-4.5812746076
CtrSVDD_0006_E_0011814,-7.1173933955
CtrSVDD_0007_E_0011815,-0.4304715213
CtrSVDD_0008_E_0011816,-9.0413385790
CtrSVDD_0009_E_0011817,-6.1856086294
CtrSVDD_0010_E_0011818,-5.7293458644
CtrSVDD_0011_E_0011819,-2.6756436062
CtrSVDD_0012_E_0011820,-1.9628364706
CtrSVDD_0013_E_0011821,-8.1756067185
CtrSVDD_0014_E_0011822,-5.7388134527
CtrSVDD_0015_E_0011823,-7.0012872041
CtrSVDD_0016_E_0011824,-6.3945399450
CtrSVDD_0017_E_0011825,-6.9899109314
CtrSVDD_0018_E_0011826,-5.3999698752
CtrSVDD_0019_E_0011827,-6.1600444333
CtrSVDD_0020_E_0011828,2.0462009173
CtrSVDD_0021_E_0011829,1.5738877915
CtrSVDD_0022_E_0011830,1.5934953657
CtrSVDD_0023_E_0011831,-5.9199645628
CtrSVDD_0024_E_0011832,-5.7142678085
CtrSVDD_0025_E_0011833,-2.9906306377
CtrSVDD_0026_E_0011834,-7.8977724393
CtrSVDD_0027_E_0011835,-6.9914591088
CtrSVDD_0028_E_0011836,-7.8141950927
CtrSVDD_0029_E_0011837,-4.4672642774
CtrSVDD_0030_E_0011838,-2.4182616947
CtrSVDD_0031_E_0011839,-4.3492000470
CtrSVDD_0032_E_0011840,0.2726058039
CtrSVDD_0033_E_0011841,-3.5638419328
CtrSVDD_0034_E_0011842,-6.9103993409
CtrSVDD_0035_E_0011843,-5.5758855764
CtrSVDD_0036_E_0011844,-4.2235424027
CtrSVDD_0037_E_0011845,-7.2721304803
CtrSVDD_0038_E_0011846,-7.5820951264
CtrSVDD_0039_E_0011847,-3.7313831222
CtrSVDD_0040_E_0011848,-7.2030518715
CtrSVDD_0041_E_0011849,-8.0063820578
CtrSVDD_0042_E_0011850,-6.8459796351
CtrSVDD_0043_E_0011851,-4.9412491367
CtrSVDD_0044_E_0011852,-0.3773477668
CtrSVDD_0045_E_0011853,-9.1341004273
CtrSVDD_0046_E_0011854,-6.5518851870
CtrSVDD_0047_E_0011855,-3.2720877244
CtrSVDD_0000_E_0011856,-7.0530780002
CtrSVDD_0001_E_0011857,0.7679408591
CtrSVDD_0002_E_0011858,-6.5079127660
CtrSVDD_0003_E_0011859,-6.8277636620
CtrSVDD_0004_E_0011860,-6.2729267068
CtrSVDD_0005_E_0011861,-5.4196406390
CtrSVDD_0006_E_0011862,-3.3244480971
CtrSVDD_0007_E_0011863,-6.3925403150
CtrSVDD_0008_E_0011864,-4.2375924092
CtrSVDD_0009_E_0011865,-6.6273574088
CtrSVDD_0010_E_0011866,-0.9812876872
CtrSVDD_0011_E_0011867,-5.9503593360
CtrSVDD_0012_E_0011868,-2.3184524837
CtrSVDD_0013_E_0011869,-6.0438315425
CtrSVDD_0014_E_0011870,-7.3474197484
CtrSVDD_0015_E_0011871,-7.1790710331
CtrSVDD_0016_E_0011872,-6.1588463493
CtrSVDD_0017_E_0011873,-3.0536437421
CtrSVDD_0018_E_0011874,-8.6930319060
CtrSVDD_0019_E_0011875,0.9944747133
CtrSVDD_0020_E_0011876,-7.5898020261
CtrSVDD_0021_E_0011877,-8.1413859526
CtrSVDD_0022_E_0011878,-8.3019314898
CtrSVDD_0023_E_0011879,0.7461565985
CtrSVDD_0024_E_0011880,-0.6167670433
CtrSVDD_0025_E_0011881,-7.4113439006
CtrSVDD_0026_E_0011882,-3.7986662768
CtrSVDD_0027_E_0011883,-8.1728574250
CtrSVDD_0028_E_0011884,-4.0974093605
CtrSVDD_0029_E_0011885,-6.5734305116
CtrSVDD_0030_E_0011886,-5.4304547507
CtrSVDD_0031_E_0011887,-6.1800228900
CtrSVDD_0032_E_0011888,0.6138540366
CtrSVDD_0033_E_0011889,-4.1491279309
CtrSVDD_0034_E_0011890,-6.2317085399
CtrSVDD_0035_E_0011891,-5.5930613413
CtrSVDD_0036_E_0011892,-5.1834100631
CtrSVDD_0037_E_0011893,-2.7591564633
CtrSVDD_0038_E_0011894,-6.4278215355
CtrSVDD_0039_E_0011895,-6.7172946533
CtrSVDD_0040_E_0011896,-4.3420540993
CtrSVDD_0041_E_0011897,-5.6117444669
CtrSVDD_0042_E_0011898,-6.1175095325
CtrSVDD_0043_E_0011899,-5.2137075212
CtrSVDD_0044_E_0011900,-0.3528154914
CtrSVDD_0045_E_0011901,-5.5773996658
CtrSVDD_0046_E_0011902,-7.3897172824
CtrSVDD_0047_E_0011903,1.2934064059
CtrSVDD_0000_E_0011904,-0.4030085097
CtrSVDD_0001_E_0011905,0.0384761641
CtrSVDD_0002_E_0011906,-6.9469373541
CtrSVDD_0003_E_0011907,-6.6628596452
CtrSVDD_0004_E_0011908,-6.6838209522
CtrSVDD_0005_E_0011909,-5.0912578309
CtrSVDD_0006_E_0011910,-6.2685217923
CtrSVDD_0007_E_0011911,-6.5136545595
CtrSVDD_0008_E_0011912,-1.3311997810
CtrSVDD_0009_E_0011913,0.8454144771
CtrSVDD_0010_E_0011914,-4.7609396142
CtrSVDD_0011_E_0011915,-4.7106703973
CtrSVDD_0012_E_0011916,-6.0606558119
CtrSVDD_0013_E_0011917,-7.2660245752
CtrSVDD_0014_E_0011918,-4.7686278370
CtrSVDD_0015_E_0011919,-3.9440685269
CtrSVDD_0016_E_0011920,-8.2753543056
CtrSVDD_0017_E_0011921,-3.6134077436
CtrSVDD_0018_E_0011922,-5.2561817271
CtrSVDD_0019_E_0011923,-3.9224089481
CtrSVDD_0020_E_0011924,-5.1792993941
CtrSVDD_0021_E_0011925,-5.8420813918
CtrSVDD_0022_E_0011926,-6.4469288610
CtrSVDD_0023_E_0011927,-3.8173190777
CtrSVDD_0024_E_0011928,-7.3587914803
CtrSVDD_0025_E_0011929,-0.5982619239
CtrSVDD_0026_E_0011930,-7.8523309369
CtrSVDD_0027_E_0011931,-0.5149544913
CtrSVDD_0028_E_0011932,-5.8140692020
CtrSVDD_0029_E_0011933,-5.9704599615
CtrSVDD_0030_E_0011934,-4.7723646187
CtrSVDD_0031_E_0011935,-0.0580823470
CtrSVDD_0032_E_0011936,-0.1029927185
CtrSVDD_0033_E_0011937,-7.0407352220
CtrSVDD_0034_E_0011938,-5.4910337409
CtrSVDD_0035_E_0011939,-3.9121687676
CtrSVDD_0036_E_0011940,-8.7316575448
CtrSVDD_0037_E_0011941,-6.2640729967
CtrSVDD_0038_E_0011942,-8.4706941512
CtrSVDD_0039_E_0011943,-3.9031482969
CtrSVDD_0040_E_0011944,-7.6013323066
CtrSVDD_0041_E_0011945,-5.6311477741
CtrSVDD_0042_E_0011946,-7.6420053032
CtrSVDD_0043_E_0011947,-6.1889248746
CtrSVDD_0044_E_0011948,-6.1916590657
CtrSVDD_0045_E_0011949,0.3766293726
CtrSVDD_0046_E_0011950,-5.8717491540
CtrSVDD_0047_E_0011951,-6.4498245463
CtrSVDD_0000_E_0011952,1.3544950677
CtrSVDD_0001_E_0011953,0.0831933267
CtrSVDD_0002_E_0011954,-5.4956494175
CtrSVDD_0003_E_0011955,-9.6797178875
CtrSVDD_0004_E_0011956,-6.9713674424
CtrSVDD_0005_E_0011957,-6.1702729839
CtrSVDD_0006_E_0011958,-3.2513605326
CtrSVDD_0007_E_0011959,-5.6507232680
CtrSVDD_0008_E_0011960,-7.6780573053
CtrSVDD_0009_E_0011961,-4.4770747765
CtrSVDD_0010_E_0011962,-5.4087962579
CtrSVDD_0011_E_0011963,-5.0015604708
CtrSVDD_0012_E_0011964,-5.3732206060
CtrSVDD_0013_E_0011965,-5.3781129038
CtrSVDD_0014_E_0011966,-6.0882473122
CtrSVDD_0015_E_0011967,-6.3518673802
CtrSVDD_0016_E_0011968,1.0205289246
CtrSVDD_0017_E_0011969,-3.6713953237
CtrSVDD_0018_E_0011970,-7.2732869800
CtrSVDD_0019_E_0011971,-5.0315708057
CtrSVDD_0020_E_0011972,-5.8431038104
CtrSVDD_0021_E_0011973,-2.6980908964
CtrSVDD_0022_E_0011974,-6.4429205575
CtrSVDD_0023_E_0011975,-7.1189071550
CtrSVDD_0024_E_0011976,-7.5214559882
CtrSVDD_0025_E_0011977,-8.4980381650
CtrSVDD_0026_E_0011978,-6.5718225272
CtrSVDD_0027_E_0011979,0.4974643919
CtrSVDD_0028_E_0011980,-6.8853427327
CtrSVDD_0029_E_0011981,-4.6495815559
CtrSVDD_0030_E_0011982,-2.2775541487
CtrSVDD_0031_E_0011983,-4.2204305307
CtrSVDD_0032_E_0011984,-8.2285938086
CtrSVDD_0033_E_0011985,-7.7169745689
CtrSVDD_0034_E_0011986,-6.9528840051
CtrSVDD_0035_E_0011987,-4.6947687604
CtrSVDD_0036_E_0011988,-4.9267972736
CtrSVDD_0037_E_0011989,-6.8622648242
CtrSVDD_0038_E_0011990,-6.4454474792
CtrSVDD_0039_E_0011991,-2.6466668953
CtrSVDD_0040_E_0011992,-3.3538286902
CtrSVDD_0041_E_0011993,-8.3867907331
CtrSVDD_0042_E_0011994,-8.8837970036
CtrSVDD_0043_E_0011995,-6.5571254444
CtrSVDD_0044_E_0011996,-6.8696583775
CtrSVDD_0045_E_0011997,-8.9584075997
CtrSVDD_0046_E_0011998,-7.0345949855
CtrSVDD_0047_E_0011999,-4.2058687801
CtrSVDD_0000_E_0012000,-4.5088558213
CtrSVDD_0001_E_0012001,-6.9916178360
CtrSVDD_0002_E_0012002,0.9091304899
CtrSVDD_0003_E_0012003,-5.5530835973
CtrSVDD_0004_E_0012004,-5.9667700357
CtrSVDD_0005_E_0012005,-7.2766896205
CtrSVDD_0006_E_0012006,-7.5051799301
CtrSVDD_0007_E_0012007,-6.7082934199
CtrSVDD_0008_E_0012008,-7.0490429891
CtrSVDD_0009_E_0012009,-3.0659915705
CtrSVDD_0010_E_0012010,-7.1390907244
CtrSVDD_0011_E_0012011,-4.9821572311
CtrSVDD_0012_E_0012012,-6.6595286329
CtrSVDD_0013_E_0012013,-5.8749867639
CtrSVDD_0014_E_0012014,-6.1864144607
CtrSVDD_0015_E_0012015,-6.9908220724
CtrSVDD_0016_E_0012016,-7.4358041024
CtrSVDD_0017_E_0012017,-6.2320991810
CtrSVDD_0018_E_0012018,-5.1109026371
CtrSVDD_0019_E_0012019,-3.4015503374
CtrSVDD_0020_E_0012020,-4.2236454436
CtrSVDD_0021_E_0012021,-8.0329412532
CtrSVDD_0022_E_0012022,0.4151755544
CtrSVDD_0023_E_0012023,-4.4805303307
CtrSVDD_0024_E_0012024,-7.2866233528
CtrSVDD_0025_E_0012025,-6.3241557009
CtrSVDD_0026_E_0012026,-5.1229637210
CtrSVDD_0027_E_0012027,-3.3748347688
CtrSVDD_0028_E_0012028,-1.2998908171
CtrSVDD_0029_E_0012029,-8.0375531938
CtrSVDD_0030_E_0012030,-5.9869360434
CtrSVDD_0031_E_0012031,-0.5949194409
CtrSVDD_0032_E_0012032,-2.0810956849
CtrSVDD_0033_E_0012033,0.6100137811
CtrSVDD_0034_E_0012034,1.4510591404
CtrSVDD_0035_E_0012035,-6.0560005055
CtrSVDD_0036_E_0012036,-1.4045462482
CtrSVDD_0037_E_0012037,-0.3984613015
CtrSVDD_0038_E_0012038,-4.1119745094
CtrSVDD_0039_E_0012039,-6.5613005095
CtrSVDD_0040_E_0012040,-6.5404114050
CtrSVDD_0041_E_0012041,-5.9360829935
CtrSVDD_0042_E_0012042,-6.9053743104
CtrSVDD_0043_E_0012043,-5.3519310801
CtrSVDD_0044_E_0012044,-6.8007720333
CtrSVDD_0045_E_0012045,-5.6987941180
CtrSVDD_0046_E_0012046,-7.4376802305
CtrSVDD_0047_E_0012047,-8.2513146318
CtrSVDD_0000_E_0012048,-6.4821306238
CtrSVDD_0001_E_0012049,-6.9024105919
CtrSVDD_0002_E_0012050,-5.4087795812
CtrSVDD_0003_E_0012051,-5.6721430708
CtrSVDD_0004_E_0012052,-6.5432575407
CtrSVDD_0005_E_0012053,-5.8747306582
CtrSVDD_0006_E_0012054,-7.3570365866
CtrSVDD_0007_E_0012055,0.5181513452
CtrSVDD_0008_E_0012056,-4.4311873478
CtrSVDD_0009_E_0012057,-3.4298392953
CtrSVDD_0010_E_0012058,-3.9840095055
CtrSVDD_0011_E_0012059,-6.7578195619
CtrSVDD_0012_E_0012060,-7.9589489970
CtrSVDD_0013_E_0012061,-5.9272610063
CtrSVDD_0014_E_0012062,-5.9901008250
CtrSVDD_0015_E_0012063,0.7019651572
CtrSVDD_0016_E_0012064,-5.9332014087
CtrSVDD_0017_E_0012065,-7.8604419268
CtrSVDD_0018_E_0012066,0.7511423942
CtrSVDD_0019_E_0012067,-2.9431141938
CtrSVDD_0020_E_0012068,-3.7885217560
CtrSVDD_0021_E_0012069,-6.4695829083
CtrSVDD_0022_E_0012070,-5.0127474046
CtrSVDD_0023_E_0012071,-5.7721165516
CtrSVDD_0024_E_0012072,-5.5531741785
CtrSVDD_0025_E_0012073,-7.2790835353
CtrSVDD_0026_E_0012074,-4.2965890837
CtrSVDD_0027_E_0012075,0.3326515560
CtrSVDD_0028_E_0012076,-6.3450967584
CtrSVDD_0029_E_0012077,-8.1246266066
CtrSVDD_0030_E_0012078,-5.2091250013
CtrSVDD_0031_E_0012079,-0.8655832398
CtrSVDD_0032_E_0012080,-8.8758171485
CtrSVDD_0033_E_0012081,-6.0410298977
CtrSVDD_0034_E_0012082,-5.5346481878
CtrSVDD_0035_E_0012083,-7.2693933323
CtrSVDD_0036_E_0012084,-5.6770984971
CtrSVDD_0037_E_0012085,-6.0997676513
CtrSVDD_0038_E_0012086,1.6086134433
CtrSVDD_0039_E_0012087,-4.7713594634
CtrSVDD_0040_E_0012088,-6.8803044834
CtrSVDD_0041_E_0012089,-6.8095784395
CtrSVDD_0042_E_0012090,-7.5683723782
CtrSVDD_0043_E_0012091,-5.8041676857
CtrSVDD_0044_E_0012092,-0.1121501310
CtrSVDD_0045_E_0012093,-6.6656071437
CtrSVDD_0046_E_0012094,-7.1339162591
CtrSVDD_0047_E_0012095,-0.7983538465
CtrSVDD_0000_E_0012096,-4.4625215640
CtrSVDD_0001_E_0012097,-3.2976981739
CtrSVDD_0002_E_0012098,-6.4166318819
CtrSVDD_0003_E_0012099,-6.9667411710
CtrSVDD_0004_E_0012100,-6.0793257038
CtrSVDD_0005_E_0012101,-5.8659038443
CtrSVDD_0006_E_0012102,-7.8318578674
CtrSVDD_0007_E_0012103,-6.8239093822
CtrSVDD_0008_E_0012104,-5.5910275146
CtrSVDD_0009_E_0012105,-7.1190410660
CtrSVDD_0010_E_0012106,-0.5406807072
CtrSVDD_0011_E_0012107,-6.7196322398
CtrSVDD_0012_E_0012108,-3.7481323977
CtrSVDD_0013_E_0012109,-2.3955474937
CtrSVDD_0014_E_0012110,-7.3660128114
CtrSVDD_0015_E_0012111,-5.3867659752
CtrSVDD_0016_E_0012112,-5.8240510337
CtrSVDD_0017_E_0012113,-6.6443763361
CtrSVDD_0018_E_0012114,-3.6147240906
CtrSVDD_0019_E_0012115,0.5569421364
CtrSVDD_0020_E_0012116,-6.2741553441
CtrSVDD_0021_E_0012117,0.2552252796
CtrSVDD_0022_E_0012118,-0.1466978246
CtrSVDD_0023_E_0012119,-5.6596844814
CtrSVDD_0024_E_0012120,-6.4008132383
CtrSVDD_0025_E_0012121,-8.8583575070
CtrSVDD_0026_E_0012122,-6.2031661774
CtrSVDD_0027_E_0012123,-5.0061599864
CtrSVDD_0028_E_0012124,-7.6314619871
CtrSVDD_0029_E_0012125,-4.6760114574
CtrSVDD_0030_E_0012126,-5.1466478633
CtrSVDD_0031_E_0012127,-5.9328961622
CtrSVDD_0032_E_0012128,-5.9317764266
CtrSVDD_0033_E_0012129,-4.7455320679
CtrSVDD_0034_E_0012130,-3.7330561456
CtrSVDD_0035_E_0012131,-1.7575693297
CtrSVDD_0036_E_0012132,-5.5827963885
CtrSVDD_0037_E_0012133,2.6367465081
CtrSVDD_0038_E_0012134,-6.7887931491
CtrSVDD_0039_E_0012135,-3.7450400230
CtrSVDD_0040_E_0012136,-5.3842073981
CtrSVDD_0041_E_0012137,-2.8096288073
CtrSVDD_0042_E_0012138,-6.1044006699
CtrSVDD_0043_E_0012139,-9.2612231490
CtrSVDD_0044_E_0012140,-1.7637185324
CtrSVDD_0045_E_0012141,-5.6957726811
CtrSVDD_0046_E_0012142,0.2856951664
CtrSVDD_0047_E_0012143,-7.1639274096
CtrSVDD_0000_E_0012144,-7.1918844729
CtrSVDD_0001_E_0012145,-5.8514569938
CtrSVDD_0002_E_0012146,-0.2581165434
CtrSVDD_0003_E_0012147,-6.4293113277
CtrSVDD_0004_E_0012148,-7.4554474975
CtrSVDD_0005_E_0012149,-4.5224666417
CtrSVDD_0006_E_0012150,-4.5097840088
CtrSVDD_0007_E_0012151,-2.2547903061
CtrSVDD_0008_E_0012152,-6.5043279963
CtrSVDD_0009_E_0012153,-5.2473945984
CtrSVDD_0010_E_0012154,-5.2623959565
CtrSVDD_0011_E_0012155,-4.9235295409
CtrSVDD_0012_E_0012156,-6.9774047780
CtrSVDD_0013_E_0012157,-8.0716193787
CtrSVDD_0014_E_0012158,-6.6191577466
CtrSVDD_0015_E_0012159,-5.7064469823
CtrSVDD_0016_E_0012160,-5.9595996637
CtrSVDD_0017_E_0012161,-4.5073848893
CtrSVDD_0018_E_0012162,-4.4182498421
CtrSVDD_0019_E_0012163,-7.1206897490
CtrSVDD_0020_E_0012164,-6.4689409272
CtrSVDD_0021_E_0012165,-4.7928185019
CtrSVDD_0022_E_0012166,-0.2006659048
CtrSVDD_0023_E_0012167,-1.7877778468
CtrSVDD_0024_E_0012168,-6.1311024032
CtrSVDD_0025_E_0012169,-7.6675488629
CtrSVDD_0026_E_0012170,-4.9596050443
CtrSVDD_0027_E_0012171,-7.4230355033
CtrSVDD_0028_E_0012172,-9.7722711875
CtrSVDD_0029_E_0012173,-7.7851065328
CtrSVDD_0030_E_0012174,-6.2926383588
CtrSVDD_0031_E_0012175,-6.1565871948
CtrSVDD_0032_E_0012176,-7.0058853348
CtrSVDD_0033_E_0012177,-0.4911421764
CtrSVDD_0034_E_0012178,-0.4366180187
CtrSVDD_0035_E_0012179,-2.6801618085
CtrSVDD_0036_E_0012180,-5.9500679870
CtrSVDD_0037_E_0012181,-5.9616952431
CtrSVDD_0038_E_0012182,-6.8338332831
CtrSVDD_0039_E_0012183,-6.6015411893
CtrSVDD_0040_E_0012184,-5.7400831031
CtrSVDD_0041_E_0012185,0.8118936149
CtrSVDD_0042_E_0012186,-6.1144224286
CtrSVDD_0043_E_0012187,-5.6296663910
CtrSVDD_0044_E_0012188,-2.0777280885
CtrSVDD_0045_E_0012189,-5.2913778870
CtrSVDD_0046_E_0012190,-5.4022036150
CtrSVDD_0047_E_0012191,-8.0890321294
CtrSVDD_0000_E_0012192,-7.5149583963
CtrSVDD_0001_E_0012193,-5.8171735809
CtrSVDD_0002_E_0012194,-9.1482164045
CtrSVDD_0003_E_0012195,-2.1935663685
CtrSVDD_0004_E_0012196,-5.8253388536
CtrSVDD_0005_E_0012197,0.0187347586
CtrSVDD_0006_E_0012198,-7.5464733694
CtrSVDD_0007_E_0012199,-5.1349903996
CtrSVDD_0008_E_0012200,-6.2146022356
CtrSVDD_0009_E_0012201,-8.6056912644
CtrSVDD_0010_E_0012202,-7.4560070044
CtrSVDD_0011_E_0012203,-2.6665629031
CtrSVDD_0012_E_0012204,-5.5683152643
CtrSVDD_0013_E_0012205,-6.1816884554
CtrSVDD_0014_E_0012206,-1.1517058579
CtrSVDD_0015_E_0012207,-6.8962131058
CtrSVDD_0016_E_0012208,-6.0087745006
CtrSVDD_0017_E_0012209,-5.0813393312
CtrSVDD_0018_E_0012210,-4.0968727573
CtrSVDD_0019_E_0012211,-7.2510984109
CtrSVDD_0020_E_0012212,-1.7327094646
CtrSVDD_0021_E_0012213,-1.2464162809
CtrSVDD_0022_E_0012214,-6.8607830761
CtrSVDD_0023_E_0012215,-5.9512823323
CtrSVDD_0024_E_0012216,-0.2221222082
CtrSVDD_0025_E_0012217,-3.7180132963
CtrSVDD_0026_E_0012218,-6.8050199930
CtrSVDD_0027_E_0012219,-5.2945019719
CtrSVDD_0028_E_0012220,-6.3356155083
CtrSVDD_0029_E_0012221,-5.5153943101
CtrSVDD_0030_E_0012222,-6.8697224883
CtrSVDD_0031_E_0012223,0.9070179191
CtrSVDD_0032_E_0012224,-5.5747775928
CtrSVDD_0033_E_0012225,-6.8429421005
CtrSVDD_0034_E_0012226,-7.7450079503
CtrSVDD_0035_E_0012227,-0.7698207150
CtrSVDD_0036_E_0012228,-3.2633402518
CtrSVDD_0037_E_0012229,-5.0509744082
CtrSVDD_0038_E_0012230,-4.6049007772
CtrSVDD_0039_E_0012231,0.5767010881
CtrSVDD_0040_E_0012232,-6.5148196160
CtrSVDD_0041_E_0012233,-6.4623951818
CtrSVDD_0042_E_0012234,-7.2492356276
CtrSVDD_0043_E_0012235,-7.2509229232
CtrSVDD_0044_E_0012236,-7.4354451543
CtrSVDD_0045_E_0012237,-5.8156211484
CtrSVDD_0046_E_0012238,-4.8512978752
CtrSVDD_0047_E_0012239,-2.8746159716
CtrSVDD_0000_E_0012240,-5.5053431856
CtrSVDD_0001_E_0012241,-5.9799605890
CtrSVDD_0002_E_0012242,-7.0334208658
CtrSVDD_0003_E_0012243,-6.0862152124
CtrSVDD_0004_E_0012244,0.7548569455
CtrSVDD_0005_E_0012245,-3.2359055718
CtrSVDD_0006_E_0012246,-6.3840850039
CtrSVDD_0007_E_0012247,-6.8730453516
CtrSVDD_0008_E_0012248,-5.9041237662
CtrSVDD_0009_E_0012249,-0.6893569079
CtrSVDD_0010_E_0012250,-0.0510779670
CtrSVDD_0011_E_0012251,-6.1159657688
CtrSVDD_0012_E_0012252,-1.6859338363
CtrSVDD_0013_E_0012253,-6.8054268135
CtrSVDD_0014_E_0012254,-4.9833335577
CtrSVDD_0015_E_0012255,-1.4038552049
CtrSVDD_0016_E_0012256,-0.5766989024
CtrSVDD_0017_E_0012257,-4.5825541162
CtrSVDD_0018_E_0012258,-5.0863051889
CtrSVDD_0019_E_0012259,-5.2657707772
CtrSVDD_0020_E_0012260,-7.5055466584
CtrSVDD_0021_E_0012261,-6.3638623076
CtrSVDD_0022_E_0012262,-0.1523558843
CtrSVDD_0023_E_0012263,-8.3786555474
CtrSVDD_0024_E_0012264,-0.4691661305
CtrSVDD_0025_E_0012265,-5.5976267996
CtrSVDD_0026_E_0012266,-9.4115983382
CtrSVDD_0027_E_0012267,-5.4450478343
CtrSVDD_0028_E_0012268,-5.5709914976
CtrSVDD_0029_E_0012269,-4.2511757459
CtrSVDD_0030_E_0012270,-7.7293420554
CtrSVDD_0031_E_0012271,-8.1968374217
CtrSVDD_0032_E_0012272,-2.9925092705
CtrSVDD_0033_E_0012273,-7.5908058559
CtrSVDD_0034_E_0012274,-6.7735666151
CtrSVDD_0035_E_0012275,-6.4138750939
CtrSVDD_0036_E_0012276,-5.4052141260
CtrSVDD_0037_E_0012277,-6.3996422776
CtrSVDD_0038_E_0012278,-5.8389605841
CtrSVDD_0039_E_0012279,-7.8650230725
CtrSVDD_0040_E_0012280,0.2230168364
CtrSVDD_0041_E_0012281,-6.5278090415
CtrSVDD_0042_E_0012282,-7.5693264514
CtrSVDD_0043_E_0012283,-3.5357706044
CtrSVDD_0044_E_0012284,-6.0543327375
CtrSVDD_0045_E_0012285,-5.7600232590
CtrSVDD_0046_E_0012286,-6.2047390303
CtrSVDD_0047_E_0012287,-0.6184597510
CtrSVDD_0000_E_0012288,-5.9056378428
CtrSVDD_0001_E_0012289,-3.7146746824
CtrSVDD_0002_E_0012290,-4.3972387846
CtrSVDD_0003_E_0012291,-5.2166916653
CtrSVDD_0004_E_0012292,0.1978122464
CtrSVDD_0005_E_0012293,-5.2633103513
CtrSVDD_0006_E_0012294,-7.2075804718
CtrSVDD_0007_E_0012295,-4.5574975081
CtrSVDD_0008_E_0012296,-4.4701216676
CtrSVDD_0009_E_0012297,1.1764945189
CtrSVDD_0010_E_0012298,-3.9188088683
CtrSVDD_0011_E_0012299,-4.9257621206
CtrSVDD_0012_E_0012300,-4.9142080272
CtrSVDD_0013_E_0012301,-0.6406295548
CtrSVDD_0014_E_0012302,-3.0736780194
CtrSVDD_0015_E_0012303,-5.0522937487
CtrSVDD_0016_E_0012304,-6.1109512720
CtrSVDD_0017_E_0012305,-8.0853664533
CtrSVDD_0018_E_0012306,-8.1188643243
CtrSVDD_0019_E_0012307,-3.8590610472
CtrSVDD_0020_E_0012308,-7.0592260345
CtrSVDD_0021_E_0012309,-4.4863516934
CtrSVDD_0022_E_0012310,1.6189001435
CtrSVDD_0023_E_0012311,-6.3885491150
CtrSVDD_0024_E_0012312,-5.1284410637
CtrSVDD_0025_E_0012313,-5.6134648749
CtrSVDD_0026_E_0012314,-5.7364964709
CtrSVDD_0027_E_0012315,-5.9884733132
CtrSVDD_0028_E_0012316,-2.3367699931
CtrSVDD_0029_E_0012317,-8.1614018161
CtrSVDD_0030_E_0012318,-5.2190367904
CtrSVDD_0031_E_0012319,-0.7679408591
CtrSVDD_0032_E_0012320,-6.0729005958
CtrSVDD_0033_E_0012321,-4.1921585084
CtrSVDD_0034_E_0012322,-8.3958206721
CtrSVDD_0035_E_0012323,-5.3332258463
CtrSVDD_0036_E_0012324,-4.5218479073
CtrSVDD_0037_E_0012325,-5.3307036969
CtrSVDD_0038_E_0012326,-4.1804846750
CtrSVDD_0039_E_0012327,-6.4248669722
CtrSVDD_0040_E_0012328,-0.5783052720
CtrSVDD_0041_E_0012329,-4.9782060705
CtrSVDD_0042_E_0012330,-6.1828784207
CtrSVDD_0043_E_0012331,-6.3766390180
CtrSVDD_0044_E_0012332,-5.7815847390
CtrSVDD_0045_E_0012333,-5.4135641114
CtrSVDD_0046_E_0012334,-5.7423421095
CtrSVDD_0047_E_0012335,-6.5061048648
CtrSVDD_0000_E_0012336,-8.8579627311
CtrSVDD_0001_E_0012337,-5.2258265881
CtrSVDD_0002_E_0012338,-6.2919705280
CtrSVDD_0003_E_0012339,0.8216566788
CtrSVDD_0004_E_0012340,-6.7382766918
CtrSVDD_0005_E_0012341,-6.7984455601
CtrSVDD_0006_E_0012342,-6.7231003692
CtrSVDD_0007_E_0012343,0.8881836646
CtrSVDD_0008_E_0012344,-7.1963049433
CtrSVDD_0009_E_0012345,-7.1422170334
CtrSVDD_0010_E_0012346,-6.4655318266
CtrSVDD_0011_E_0012347,-2.8766083726
CtrSVDD_0012_E_0012348,-5.7830889047
CtrSVDD_0013_E_0012349,-1.5896762588
CtrSVDD_0014_E_0012350,-8.2510736594
CtrSVDD_0015_E_0012351,-3.5919201861
CtrSVDD_0016_E_0012352,-5.7953539731
CtrSVDD_0017_E_0012353,-4.5248880360
CtrSVDD_0018_E_0012354,-7.2309291800
CtrSVDD_0019_E_0012355,-6.6348998235
CtrSVDD_0020_E_0012356,-8.9349907895
CtrSVDD_0021_E_0012357,-5.6851101826
CtrSVDD_0022_E_0012358,-1.2343409229
CtrSVDD_0023_E_0012359,-5.6455930829
CtrSVDD_0024_E_0012360,0.7620651227
CtrSVDD_0025_E_0012361,-3.5378601591
CtrSVDD_0026_E_0012362,-6.9839939784
CtrSVDD_0027_E_0012363,-4.2760123760
CtrSVDD_0028_E_0012364,-6.0377251720
CtrSVDD_0029_E_0012365,-0.8881836646
CtrSVDD_0030_E_0012366,-2.7698053631
CtrSVDD_0031_E_0012367,-2.5672839457
CtrSVDD_0032_E_0012368,0.4335427226
CtrSVDD_0033_E_0012369,-6.2990392591
CtrSVDD_0034_E_0012370,-5.1948888701
CtrSVDD_0035_E_0012371,-5.5611540257
CtrSVDD_0036_E_0012372,-5.2835579013
CtrSVDD_0037_E_0012373,-7.3439188692
CtrSVDD_0038_E_0012374,-6.6260389059
CtrSVDD_0039_E_0012375,-4.7021332782
CtrSVDD_0040_E_0012376,-6.4492820981
CtrSVDD_0041_E_0012377,-6.1881848503
CtrSVDD_0042_E_0012378,-2.2944721524
CtrSVDD_0043_E_0012379,-6.7183013814
CtrSVDD_0044_E_0012380,-4.0403704381
CtrSVDD_0045_E_0012381,-5.6666399789
CtrSVDD_0046_E_0012382,-6.4126600340
CtrSVDD_0047_E_0012383,1.4086080187
CtrSVDD_0000_E_0012384,-5.6994451581
CtrSVDD_0001_E_0012385,-5.1456519485
CtrSVDD_0002_E_0012386,-8.1825317779
CtrSVDD_0003_E_0012387,-5.5475871711
CtrSVDD_0004_E_0012388,-4.3297115327
CtrSVDD_0005_E_0012389,-4.9100495322
CtrSVDD_0006_E_0012390,-7.2571491436
CtrSVDD_0007_E_0012391,-6.1833529273
CtrSVDD_0008_E_0012392,-4.9808559496
CtrSVDD_0009_E_0012393,-6.1478534890
CtrSVDD_0010_E_0012394,-6.3146240697
CtrSVDD_0011_E_0012395,-5.0327771520
CtrSVDD_0012_E_0012396,-7.0264706582
CtrSVDD_0013_E_0012397,-2.3811634389
CtrSVDD_0014_E_0012398,0.2480063880
CtrSVDD_0015_E_0012399,-1.8207925786
CtrSVDD_0016_E_0012400,-6.1562508413
CtrSVDD_0017_E_0012401,-3.6518966398
CtrSVDD_0018_E_0012402,-5.0932337265
CtrSVDD_0019_E_0012403,-7.4110684725
CtrSVDD_0020_E_0012404,-6.0391833766
CtrSVDD_0021_E_0012405,-3.1311023019
CtrSVDD_0022_E_0012406,-6.7265690843
CtrSVDD_0023_E_0012407,-5.6122337895
CtrSVDD_0024_E_0012408,-7.2829164432
CtrSVDD_0025_E_0012409,-1.1681518079
CtrSVDD_0026_E_0012410,-4.9972257735
CtrSVDD_0027_E_0012411,-0.8255838870
CtrSVDD_0028_E_0012412,-5.0789514693
CtrSVDD_0029_E_0012413,-5.1551724483
CtrSVDD_0030_E_0012414,-5.2402075334
CtrSVDD_0031_E_0012415,-6.7069202216
CtrSVDD_0032_E_0012416,-3.2186602126
CtrSVDD_0033_E_0012417,-6.6634960792
CtrSVDD_0034_E_0012418,0.7327225318
CtrSVDD_0035_E_0012419,-6.5893655914
CtrSVDD_0036_E_0012420,-8.7642669118
CtrSVDD_0037_E_0012421,-5.5062051827
CtrSVDD_0038_E_0012422,-3.9260078398
CtrSVDD_0039_E_0012423,-6.1837344233
CtrSVDD_0040_E_0012424,-8.0414112548
CtrSVDD_0041_E_0012425,-3.9444763570
CtrSVDD_0042_E_0012426,-6.6133099583
CtrSVDD_0043_E_0012427,-2.4938253410
CtrSVDD_0044_E_0012428,-5.2220352133
CtrSVDD_0045_E_0012429,-7.8015016157
CtrSVDD_0046_E_0012430,-5.8983800627
CtrSVDD_0047_E_0012431,-0.6544299850
CtrSVDD_0000_E_0012432,-6.6353291677
CtrSVDD_0001_E_0012433,-0.6526981539
CtrSVDD_0002_E_0012434,-8.9104698986
CtrSVDD_0003_E_0012435,-4.1882593699
CtrSVDD_0004_E_0012436,-6.4854141499
CtrSVDD_0005_E_0012437,-7.1524073714
CtrSVDD_0006_E_0012438,-0.0006993941
CtrSVDD_0007_E_0012439,-2.9042764970
CtrSVDD_0008_E_0012440,-7.0194081100
CtrSVDD_0009_E_0012441,-4.1912072284
CtrSVDD_0010_E_0012442,-4.3972154220
CtrSVDD_0011_E_0012443,-6.9913726153
CtrSVDD_0012_E_0012444,-4.1287836811
CtrSVDD_0013_E_0012445,-5.8600484047
CtrSVDD_0014_E_0012446,-5.4271190332
CtrSVDD_0015_E_0012447,-5.6662261178
CtrSVDD_0016_E_0012448,-5.9686159667
CtrSVDD_0017_E_0012449,-6.4108551341
CtrSVDD_0018_E_0012450,-2.9981354942
CtrSVDD_0019_E_0012451,-3.6863527638
CtrSVDD_0020_E_0012452,-7.3514711160
CtrSVDD_0021_E_0012453,-7.0774109683
CtrSVDD_0022_E_0012454,-2.9868684853
CtrSVDD_0023_E_0012455,-3.9637118574
CtrSVDD_0024_E_0012456,-4.0314468511
CtrSVDD_0025_E_0012457,-8.2059529019
CtrSVDD_0026_E_0012458,-3.6697347722
CtrSVDD_0027_E_0012459,-0.2206887118
CtrSVDD_0028_E_0012460,-6.7022991775
CtrSVDD_0029_E_0012461,-4.3816468420
CtrSVDD_0030_E_0012462,-5.1068462138
CtrSVDD_0031_E_0012463,-3.1168586511
CtrSVDD_0032_E_0012464,-6.3070232554
CtrSVDD_0033_E_0012465,-5.5462555285
CtrSVDD_0034_E_0012466,-6.4261244014
CtrSVDD_0035_E_0012467,1.6774156031
CtrSVDD_0036_E_0012468,-7.9059467798
CtrSVDD_0037_E_0012469,-5.3596436118
CtrSVDD_0038_E_0012470,-0.2264254499
CtrSVDD_0039_E_0012471,-1.7323992348
CtrSVDD_0040_E_0012472,-5.5585504078
CtrSVDD_0041_E_0012473,-4.4641171079
CtrSVDD_0042_E_0012474,-1.9169401488
CtrSVDD_0043_E_0012475,-6.6992690119
CtrSVDD_0044_E_0012476,-3.4597843024
CtrSVDD_0045_E_0012477,-4.4103557711
CtrSVDD_0046_E_0012478,-6.9886029807
CtrSVDD_0047_E_0012479,-7.1824493613
CtrSVDD_0000_E_0012480,-7.0569392336
CtrSVDD_0001_E_0012481,-7.3529654263
CtrSVDD_0002_E_0012482,-7.6884473719
CtrSVDD_0003_E_0012483,-5.6107186211
CtrSVDD_0004_E_0012484,-7.5024639653
CtrSVDD_0005_E_0012485,-5.9116943055
CtrSVDD_0006_E_0012486,-7.0926435044
CtrSVDD_0007_E_0012487,-5.5166145166
CtrSVDD_0008_E_0012488,1.0737737290
CtrSVDD_0009_E_0012489,-9.1937024770
CtrSVDD_0010_E_0012490,-5.3719626493
CtrSVDD_0011_E_0012491,-6.3395380728
CtrSVDD_0012_E_0012492,-5.2268036286
CtrSVDD_0013_E_0012493,-7.3222855610
CtrSVDD_0014_E_0012494,-5.0014156810
CtrSVDD_0015_E_0012495,-6.1122590591
CtrSVDD_0016_E_0012496,-4.6071137728
CtrSVDD_0017_E_0012497,-8.5067898674
CtrSVDD_0018_E_0012498,-7.8875092122
CtrSVDD_0019_E_0012499,-6.1854659737
CtrSVDD_0020_E_0012500,-6.9506967629
CtrSVDD_0021_E_0012501,-3.6465129464
CtrSVDD_0022_E_0012502,-6.7303073878
CtrSVDD_0023_E_0012503,-7.8092452849
CtrSVDD_0024_E_0012504,-6.4043912976
CtrSVDD_0025_E_0012505,-6.0566328256
CtrSVDD_0026_E_0012506,-1.7518528889
CtrSVDD_0027_E_0012507,-6.9430595777
CtrSVDD_0028_E_0012508,-8.5356599487
CtrSVDD_0029_E_0012509,-2.6597129274
CtrSVDD_0030_E_0012510,-2.7866942127
CtrSVDD_0031_E_0012511,-7.1123113524
CtrSVDD_0032_E_0012512,0.1821452351
CtrSVDD_0033_E_0012513,-6.4941379789
CtrSVDD_0034_E_0012514,-4.6202598916
CtrSVDD_0035_E_0012515,-7.2448418478
CtrSVDD_0036_E_0012516,-5.5661223573
CtrSVDD_0037_E_0012517,-8.5240768792
CtrSVDD_0038_E_0012518,-8.0443889090
CtrSVDD_0039_E_0012519,-3.5465754559
CtrSVDD_0040_E_0012520,0.0805172304
CtrSVDD_0041_E_0012521,-5.6693211076
CtrSVDD_0042_E_0012522,-3.6498275884
CtrSVDD_0043_E_0012523,-5.7300847249
CtrSVDD_0044_E_0012524,0.2171386145
CtrSVDD_0045_E_0012525,-4.6093229194
CtrSVDD_0046_E_0012526,-5.9817465612
CtrSVDD_0047_E_0012527,-5.9855431156
CtrSVDD_0000_E_0012528,-6.7614005308
CtrSVDD_0001_E_0012529,-6.1116917637
CtrSVDD_0002_E_0012530,-5.9690127657
CtrSVDD_0003_E_0012531,-6.5946825680
CtrSVDD_0004_E_0012532,-5.7235800102
CtrSVDD_0005_E_0012533,-7.3203410009
CtrSVDD_0006_E_0012534,-6.2507268023
CtrSVDD_0007_E_0012535,-6.5970197815
CtrSVDD_0008_E_0012536,-6.0179077322
CtrSVDD_0009_E_0012537,-6.7994657017
CtrSVDD_0010_E_0012538,-5.5629039052
CtrSVDD_0011_E_0012539,-7.3924309885
CtrSVDD_0012_E_0012540,-5.2315656828
CtrSVDD_0013_E_0012541,-4.2862697312
CtrSVDD_0014_E_0012542,-7.4795478080
CtrSVDD_0015_E_0012543,-5.9448594452
CtrSVDD_0016_E_0012544,-7.3170770546
CtrSVDD_0017_E_0012545,-0.1622693499
CtrSVDD_0018_E_0012546,-4.3992463990
CtrSVDD_0019_E_0012547,-6.8177915770
CtrSVDD_0020_E_0012548,-5.0871440745
CtrSVDD_0021_E_0012549,-6.9035145548
CtrSVDD_0022_E_0012550,-3.8292279991
CtrSVDD_0023_E_0012551,-3.8445869124
CtrSVDD_0024_E_0012552,-4.1306755569
CtrSVDD_0025_E_0012553,-6.8895396647
CtrSVDD_0026_E_0012554,-8.2643292039
CtrSVDD_0027_E_0012555,-4.8379088590
CtrSVDD_0028_E_0012556,-7.8201654881
CtrSVDD_0029_E_0012557,-4.0654087792
CtrSVDD_0030_E_0012558,-5.2639373370
CtrSVDD_0031_E_0012559,-4.7480021085
CtrSVDD_0032_E_0012560,-5.9868467100
CtrSVDD_0033_E_0012561,-6.0179120297
CtrSVDD_0034_E_0012562,-4.8777576483
CtrSVDD_0035_E_0012563,-7.4764647365
CtrSVDD_0036_E_0012564,-5.3735532311
CtrSVDD_0037_E_0012565,-7.5778253533
CtrSVDD_0038_E_0012566,-0.4458688780
CtrSVDD_0039_E_0012567,-0.9304840170
CtrSVDD_0040_E_0012568,-6.4810816397
CtrSVDD_0041_E_0012569,-4.6675919368
CtrSVDD_0042_E_0012570,-5.5262440820
CtrSVDD_0043_E_0012571,-6.8296777214
CtrSVDD_0044_E_0012572,-8.2588982646
CtrSVDD_0045_E_0012573,-5.3527038426
CtrSVDD_0046_E_0012574,-7.0680289582
CtrSVDD_0047_E_0012575,-5.6092035310
CtrSVDD_0000_E_0012576,-3.1541008363
CtrSVDD_0001_E_0012577,-7.3099178495
CtrSVDD_0002_E_0012578,-8.2307882673
CtrSVDD_0003_E_0012579,0.2063781519
CtrSVDD_0004_E_0012580,-6.8916361183
CtrSVDD_0005_E_0012581,-7.8748156002
CtrSVDD_0006_E_0012582,-7.8464367117
CtrSVDD_0007_E_0012583,-2.3547594263
CtrSVDD_0008_E_0012584,-5.5691081917
CtrSVDD_0009_E_0012585,-6.3312715026
CtrSVDD_0010_E_0012586,-7.8134385088
CtrSVDD_0011_E_0012587,-6.9403762049
CtrSVDD_0012_E_0012588,-4.7634814601
CtrSVDD_0013_E_0012589,-5.1004296664
CtrSVDD_0014_E_0012590,-6.4790247971
CtrSVDD_0015_E_0012591,-6.0991460218
CtrSVDD_0016_E_0012592,-8.2810702278
CtrSVDD_0017_E_0012593,-3.4142248254
CtrSVDD_0018_E_0012594,-6.3150415191
CtrSVDD_0019_E_0012595,-0.4551580530
CtrSVDD_0020_E_0012596,-2.0930328962
CtrSVDD_0021_E_0012597,-1.1600930467
CtrSVDD_0022_E_0012598,-7.6710415583
CtrSVDD_0023_E_0012599,-1.4184495940
CtrSVDD_0024_E_0012600,-0.2769636266
CtrSVDD_0025_E_0012601,-6.5924282133
CtrSVDD_0026_E_0012602,-3.3295064618
CtrSVDD_0027_E_0012603,-4.6796671175
CtrSVDD_0028_E_0012604,-7.1507653120
CtrSVDD_0029_E_0012605,-3.9395940497
CtrSVDD_0030_E_0012606,-4.6578214942
CtrSVDD_0031_E_0012607,-6.8626986710
CtrSVDD_0032_E_0012608,-7.2223876118
CtrSVDD_0033_E_0012609,-4.0801621105
CtrSVDD_0034_E_0012610,-3.6398861512
CtrSVDD_0035_E_0012611,-5.6471108416
CtrSVDD_0036_E_0012612,-0.7091416044
CtrSVDD_0037_E_0012613,-5.6273904058
CtrSVDD_0038_E_0012614,0.8196978204
CtrSVDD_0039_E_0012615,1.2774288271
CtrSVDD_0040_E_0012616,-5.7893131413
CtrSVDD_0041_E_0012617,-6.7489273582
CtrSVDD_0042_E_0012618,-3.5774954817
CtrSVDD_0043_E_0012619,-4.1960656150
CtrSVDD_0044_E_0012620,1.0000358995
CtrSVDD_0045_E_0012621,2.4420658437
CtrSVDD_0046_E_0012622,-7.3345375531
CtrSVDD_0047_E_0012623,-4.1611818327
CtrSVDD_0000_E_0012624,-3.3949139002
CtrSVDD_0001_E_0012625,-2.5940302474
CtrSVDD_0002_E_0012626,1.1844854064
CtrSVDD_0003_E_0012627,-0.9154926949
CtrSVDD_0004_E_0012628,-7.8900658645
CtrSVDD_0005_E_0012629,-7.5698318603
CtrSVDD_0006_E_0012630,-5.1884691737
CtrSVDD_0007_E_0012631,-2.7971593531
CtrSVDD_0008_E_0012632,-7.3697223316
CtrSVDD_0009_E_0012633,-7.3854253758
CtrSVDD_0010_E_0012634,-6.3059365393
CtrSVDD_0011_E_0012635,-6.8838458374
CtrSVDD_0012_E_0012636,0.5713830644
CtrSVDD_0013_E_0012637,-5.7846701622
CtrSVDD_0014_E_0012638,-7.8180375566
CtrSVDD_0015_E_0012639,-2.1065540882
CtrSVDD_0016_E_0012640,-5.5840965399
CtrSVDD_0017_E_0012641,-7.2136672695
CtrSVDD_0018_E_0012642,-6.6493493688
CtrSVDD_0019_E_0012643,-7.5638175874
CtrSVDD_0020_E_0012644,-7.5148343208
CtrSVDD_0021_E_0012645,-3.0371294285
CtrSVDD_0022_E_0012646,-5.5390397978
CtrSVDD_0023_E_0012647,-5.1891092384
CtrSVDD_0024_E_0012648,-5.1990496578
CtrSVDD_0025_E_0012649,-0.1396318267
CtrSVDD_0026_E_0012650,-7.4671356408
CtrSVDD_0027_E_0012651,-7.2505644606
CtrSVDD_0028_E_0012652,-3.3788647195
CtrSVDD_0029_E_0012653,-5.4283013832
CtrSVDD_0030_E_0012654,-8.9059690779
CtrSVDD_0031_E_0012655,0.3743454506
CtrSVDD_0032_E_0012656,-6.7717313809
CtrSVDD_0033_E_0012657,-5.3054191921
CtrSVDD_0034_E_0012658,-5.8994731755
CtrSVDD_0035_E_0012659,-5.6631293034
CtrSVDD_0036_E_0012660,-5.5955707702
CtrSVDD_0037_E_0012661,-7.3997746223
CtrSVDD_0038_E_0012662,-4.6993027604
CtrSVDD_0039_E_0012663,-0.2100843855
CtrSVDD_0040_E_0012664,-6.0228490146
CtrSVDD_0041_E_0012665,0.5293824378
CtrSVDD_0042_E_0012666,-5.5090617308
CtrSVDD_0043_E_0012667,-9.0812034175
CtrSVDD_0044_E_0012668,-1.3434402402
CtrSVDD_0045_E_0012669,3.0257847151
CtrSVDD_0046_E_0012670,-0.8562630518
CtrSVDD_0047_E_0012671,-6.0227862990
CtrSVDD_0000_E_0012672,0.1750388497
CtrSVDD_0001_E_0012673,1.8135017802
CtrSVDD_0002_E_0012674,-6.2196126615
CtrSVDD_0003_E_0012675,1.9137459226
CtrSVDD_0004_E_0012676,-5.9810587021
CtrSVDD_0005_E_0012677,-7.1892206238
CtrSVDD_0006_E_0012678,0.1156573525
CtrSVDD_0007_E_0012679,-4.6457223978
CtrSVDD_0008_E_0012680,-1.1144948228
CtrSVDD_0009_E_0012681,-3.2082740547
CtrSVDD_0010_E_0012682,-4.9881755172
CtrSVDD_0011_E_0012683,-4.8849461104
CtrSVDD_0012_E_0012684,-6.7363472888
CtrSVDD_0013_E_0012685,-5.6718308025
CtrSVDD_0014_E_0012686,-6.0593157063
CtrSVDD_0015_E_0012687,-3.1830538092
CtrSVDD_0016_E_0012688,-1.0116207156
CtrSVDD_0017_E_0012689,-4.5176606395
CtrSVDD_0018_E_0012690,-5.4438958143
CtrSVDD_0019_E_0012691,-5.8465702459
CtrSVDD_0020_E_0012692,2.4883199322
CtrSVDD_0021_E_0012693,-7.0913989921
CtrSVDD_0022_E_0012694,-8.2939330882
CtrSVDD_0023_E_0012695,-6.1374599082
CtrSVDD_0024_E_0012696,-6.9693639999
CtrSVDD_0025_E_0012697,0.6049670462
CtrSVDD_0026_E_0012698,-4.0525741488
CtrSVDD_0027_E_0012699,-4.2171676958
CtrSVDD_0028_E_0012700,-6.8977632895
CtrSVDD_0029_E_0012701,-7.8608635021
CtrSVDD_0030_E_0012702,-6.7323179220
CtrSVDD_0031_E_0012703,-4.6241558878
CtrSVDD_0032_E_0012704,-7.3790311667
CtrSVDD_0033_E_0012705,0.6269500708
CtrSVDD_0034_E_0012706,-6.5717309094
CtrSVDD_0035_E_0012707,-6.6692766391
CtrSVDD_0036_E_0012708,-6.3101015607
CtrSVDD_0037_E_0012709,0.8022073322
CtrSVDD_0038_E_0012710,-8.0533784136
CtrSVDD_0039_E_0012711,-7.2563362259
CtrSVDD_0040_E_0012712,-5.8119025046
CtrSVDD_0041_E_0012713,-7.5542010160
CtrSVDD_0042_E_0012714,-7.5648792183
CtrSVDD_0043_E_0012715,-5.1716171548
CtrSVDD_0044_E_0012716,-6.3446528534
CtrSVDD_0045_E_0012717,-4.4286123435
CtrSVDD_0046_E_0012718,-0.1015865932
CtrSVDD_0047_E_0012719,-6.8232128497
CtrSVDD_0000_E_0012720,-8.0150211075
CtrSVDD_0001_E_0012721,-6.5216634141
CtrSVDD_0002_E_0012722,-5.0995928467
CtrSVDD_0003_E_0012723,-3.8251790347
CtrSVDD_0004_E_0012724,-7.1799549561
CtrSVDD_0005_E_0012725,-7.0555604773
CtrSVDD_0006_E_0012726,-4.1975980515
CtrSVDD_0007_E_0012727,-5.5840868674
CtrSVDD_0008_E_0012728,-6.2420488240
CtrSVDD_0009_E_0012729,-6.7629206135
CtrSVDD_0010_E_0012730,1.3163457089
CtrSVDD_0011_E_0012731,-5.8560499454
CtrSVDD_0012_E_0012732,-6.8353510419
CtrSVDD_0013_E_0012733,-0.3504453938
CtrSVDD_0014_E_0012734,1.8277963206
CtrSVDD_0015_E_0012735,-5.7035738935
CtrSVDD_0016_E_0012736,0.8099319508
CtrSVDD_0017_E_0012737,-6.3746631224
CtrSVDD_0018_E_0012738,1.4364759249
CtrSVDD_0019_E_0012739,-5.8037297817
CtrSVDD_0020_E_0012740,-5.5822253940
CtrSVDD_0021_E_0012741,-0.2959096162
CtrSVDD_0022_E_0012742,-6.2198110060
CtrSVDD_0023_E_0012743,-0.3863912223
CtrSVDD_0024_E_0012744,-3.2973863677
CtrSVDD_0025_E_0012745,0.8799133538
CtrSVDD_0026_E_0012746,-4.8646864406
CtrSVDD_0027_E_0012747,-0.7327225318
CtrSVDD_0028_E_0012748,-3.3193849394
CtrSVDD_0029_E_0012749,-6.0686779552
CtrSVDD_0030_E_0012750,-5.4149532396
CtrSVDD_0031_E_0012751,-6.4015210537
CtrSVDD_0032_E_0012752,-7.3906460221
CtrSVDD_0033_E_0012753,-4.6591197854
CtrSVDD_0034_E_0012754,-5.0875603492
CtrSVDD_0035_E_0012755,-5.2040701836
CtrSVDD_0036_E_0012756,-6.3068581880
CtrSVDD_0037_E_0012757,-1.1382351104
CtrSVDD_0038_E_0012758,-2.0969743553
CtrSVDD_0039_E_0012759,-7.4933877574
CtrSVDD_0040_E_0012760,-1.0688078753
CtrSVDD_0041_E_0012761,-1.8432660285
CtrSVDD_0042_E_0012762,1.4506319509
CtrSVDD_0043_E_0012763,-4.1475558480
CtrSVDD_0044_E_0012764,-8.1110250340
CtrSVDD_0045_E_0012765,0.1072123277
CtrSVDD_0046_E_0012766,-5.3117120768
CtrSVDD_0047_E_0012767,-4.6836669686
CtrSVDD_0000_E_0012768,-1.4352085477
CtrSVDD_0001_E_0012769,-5.4179545072
CtrSVDD_0002_E_0012770,-7.1930302801
CtrSVDD_0003_E_0012771,-5.4368451181
CtrSVDD_0004_E_0012772,0.1551867330
CtrSVDD_0005_E_0012773,0.2206887118
CtrSVDD_0006_E_0012774,-7.6715211727
CtrSVDD_0007_E_0012775,-1.2494636636
CtrSVDD_0008_E_0012776,-7.1841403426
CtrSVDD_0009_E_0012777,-3.2956900786
CtrSVDD_0010_E_0012778,-6.9801741538
CtrSVDD_0011_E_0012779,0.7382221511
CtrSVDD_0012_E_0012780,-5.8812844090
CtrSVDD_0013_E_0012781,0.5309923114
CtrSVDD_0014_E_0012782,-2.5697391809
CtrSVDD_0015_E_0012783,0.5554099322
CtrSVDD_0016_E_0012784,-7.1594340954
CtrSVDD_0017_E_0012785,-5.3647286661
CtrSVDD_0018_E_0012786,-6.8550963502
CtrSVDD_0019_E_0012787,-7.9097698560
CtrSVDD_0020_E_0012788,0.2178230759
CtrSVDD_0021_E_0012789,-6.5376814334
CtrSVDD_0022_E_0012790,-7.6014814880
CtrSVDD_0023_E_0012791,-6.6431757812
CtrSVDD_0024_E_0012792,-5.7170425779
CtrSVDD_0025_E_0012793,-0.4427810558
CtrSVDD_0026_E_0012794,-5.4745382558
CtrSVDD_0027_E_0012795,-5.8954915888
CtrSVDD_0028_E_0012796,-4.0788357360
CtrSVDD_0029_E_0012797,-8.0729829487
CtrSVDD_0030_E_0012798,-5.0476206022
CtrSVDD_0031_E_0012799,-7.9612457429
CtrSVDD_0032_E_0012800,-6.3569942118
CtrSVDD_0033_E_0012801,-6.3790883025
CtrSVDD_0034_E_0012802,-4.6577132300
CtrSVDD_0035_E_0012803,-0.4289374437
CtrSVDD_0036_E_0012804,-3.7649265749
CtrSVDD_0037_E_0012805,-3.6780402383
CtrSVDD_0038_E_0012806,-6.1932031303
CtrSVDD_0039_E_0012807,-6.1304883198
CtrSVDD_0040_E_0012808,-6.3205040692
CtrSVDD_0041_E_0012809,-8.2797505108
CtrSVDD_0042_E_0012810,-7.8327182973
CtrSVDD_0043_E_0012811,-6.3192924167
CtrSVDD_0044_E_0012812,-4.3599382369
CtrSVDD_0045_E_0012813,-5.4581933301
CtrSVDD_0046_E_0012814,-9.2233311121
CtrSVDD_0047_E_0012815,-6.5231658742
CtrSVDD_0000_E_0012816,-5.5075748530
CtrSVDD_0001_E_0012817,-8.4095940086
CtrSVDD_0002_E_0012818,-0.2748271071
CtrSVDD_0003_E_0012819,1.2579652968
CtrSVDD_0004_E_0012820,-5.1360752437
CtrSVDD_0005_E_0012821,-2.4512218450
CtrSVDD_0006_E_0012822,-6.9347237731
CtrSVDD_0007_E_0012823,-6.9038467535
CtrSVDD_0008_E_0012824,-6.1267811888
CtrSVDD_0009_E_0012825,-9.1781054135
CtrSVDD_0010_E_0012826,-6.3458562102
CtrSVDD_0011_E_0012827,-8.0556086977
CtrSVDD_0012_E_0012828,-0.5038065543
CtrSVDD_0013_E_0012829,-8.1135258231
CtrSVDD_0014_E_0012830,-5.5713433735
CtrSVDD_0015_E_0012831,-6.7939854000
CtrSVDD_0016_E_0012832,-7.1155012066
CtrSVDD_0017_E_0012833,1.0276181900
CtrSVDD_0018_E_0012834,-7.8824139620
CtrSVDD_0019_E_0012835,-5.3390599946
CtrSVDD_0020_E_0012836,-4.8311060683
CtrSVDD_0021_E_0012837,0.6561637812
CtrSVDD_0022_E_0012838,-6.4692465578
CtrSVDD_0023_E_0012839,-8.9580658099
CtrSVDD_0024_E_0012840,-5.0957377292
CtrSVDD_0025_E_0012841,-7.3931045595
CtrSVDD_0026_E_0012842,-6.0567681475
CtrSVDD_0027_E_0012843,-6.2554179744
CtrSVDD_0028_E_0012844,-3.2168231895
CtrSVDD_0029_E_0012845,-6.3229261394
CtrSVDD_0030_E_0012846,-5.4725775984
CtrSVDD_0031_E_0012847,-6.8345796004
CtrSVDD_0032_E_0012848,-5.0954556028
CtrSVDD_0033_E_0012849,-4.4736052713
CtrSVDD_0034_E_0012850,-4.8064284039
CtrSVDD_0035_E_0012851,-2.1008973863
CtrSVDD_0036_E_0012852,-7.1011699139
CtrSVDD_0037_E_0012853,-4.8733610636
CtrSVDD_0038_E_0012854,-7.4098932794
CtrSVDD_0039_E_0012855,-6.7416077903
CtrSVDD_0040_E_0012856,-4.6697017063
CtrSVDD_0041_E_0012857,-6.5627333391
CtrSVDD_0042_E_0012858,-0.8022073322
CtrSVDD_0043_E_0012859,-5.4453991327
CtrSVDD_0044_E_0012860,1.1653889030
CtrSVDD_0045_E_0012861,-6.0079547502
CtrSVDD_0046_E_0012862,-5.8734139110
CtrSVDD_0047_E_0012863,-8.7001258578
CtrSVDD_0000_E_0012864,-6.5737622884
CtrSVDD_0001_E_0012865,-8.0783530271
CtrSVDD_0002_E_0012866,-7.0988742684
CtrSVDD_0003_E_0012867,-5.6195672803
CtrSVDD_0004_E_0012868,-0.0777108845
CtrSVDD_0005_E_0012869,-5.8085518859
CtrSVDD_0006_E_0012870,-5.4970415095
CtrSVDD_0007_E_0012871,-5.5289410515
CtrSVDD_0008_E_0012872,-6.1114491109
CtrSVDD_0009_E_0012873,-7.4889543286
CtrSVDD_0010_E_0012874,-4.7988488549
CtrSVDD_0011_E_0012875,-4.6045785072
CtrSVDD_0012_E_0012876,-4.3838352432
CtrSVDD_0013_E_0012877,-5.9632082305
CtrSVDD_0014_E_0012878,1.3608879341
CtrSVDD_0015_E_0012879,-0.4613726783
CtrSVDD_0016_E_0012880,-5.3560917759
CtrSVDD_0017_E_0012881,1.7921891094
CtrSVDD_0018_E_0012882,-6.5250346460
CtrSVDD_0019_E_0012883,-5.1189976738
CtrSVDD_0020_E_0012884,-4.1227345706
CtrSVDD_0021_E_0012885,-6.8116784910
CtrSVDD_0022_E_0012886,-6.9729103625
CtrSVDD_0023_E_0012887,0.2566706433
CtrSVDD_0024_E_0012888,-4.6724276107
CtrSVDD_0025_E_0012889,-0.2350446126
CtrSVDD_0026_E_0012890,-6.8383870036
CtrSVDD_0027_E_0012891,-4.0568283764
CtrSVDD_0028_E_0012892,-8.2244797147
CtrSVDD_0029_E_0012893,-1.4391373656
CtrSVDD_0030_E_0012894,-7.9032528204
CtrSVDD_0031_E_0012895,2.3352330401
CtrSVDD_0032_E_0012896,-6.1469258473
CtrSVDD_0033_E_0012897,-6.9359136477
CtrSVDD_0034_E_0012898,-5.3364050404
CtrSVDD_0035_E_0012899,-7.1101247490
CtrSVDD_0036_E_0012900,-4.9228909986
CtrSVDD_0037_E_0012901,-4.4603089820
CtrSVDD_0038_E_0012902,0.8473630158
CtrSVDD_0039_E_0012903,-2.2678649427
CtrSVDD_0040_E_0012904,-8.9354435308
CtrSVDD_0041_E_0012905,0.0272797511
CtrSVDD_0042_E_0012906,-7.9994747973
CtrSVDD_0043_E_0012907,-5.7949592297
CtrSVDD_0044_E_0012908,0.1015865932
CtrSVDD_0045_E_0012909,-6.6886006866
CtrSVDD_0046_E_0012910,-3.4507152776
CtrSVDD_0047_E_0012911,-2.7402957116
CtrSVDD_0000_E_0012912,-4.0129082333
CtrSVDD_0001_E_0012913,-7.5761945134
CtrSVDD_0002_E_0012914,-6.8711791590
CtrSVDD_0003_E_0012915,-4.6415087936
CtrSVDD_0004_E_0012916,-5.1109175676
CtrSVDD_0005_E_0012917,-6.3824183398
CtrSVDD_0006_E_0012918,-6.2603541895
CtrSVDD_0007_E_0012919,-4.5899711492
CtrSVDD_0008_E_0012920,-0.6759748282
CtrSVDD_0009_E_0012921,-7.6427178142
CtrSVDD_0010_E_0012922,-1.3538593641
CtrSVDD_0011_E_0012923,-6.0300981433
CtrSVDD_0012_E_0012924,-0.2682531520
CtrSVDD_0013_E_0012925,-7.1347041697
CtrSVDD_0014_E_0012926,-5.9446632018
CtrSVDD_0015_E_0012927,-2.9081957091
CtrSVDD_0016_E_0012928,-4.2693463161
CtrSVDD_0017_E_0012929,-5.8001230098
CtrSVDD_0018_E_0012930,-0.8065556559
CtrSVDD_0019_E_0012931,-7.4830934959
CtrSVDD_0020_E_0012932,-5.0340542788
CtrSVDD_0021_E_0012933,-5.2708243054
CtrSVDD_0022_E_0012934,-5.5168179795
CtrSVDD_0023_E_0012935,-4.8112009764
CtrSVDD_0024_E_0012936,-4.2372497953
CtrSVDD_0025_E_0012937,-3.4994237537
CtrSVDD_0026_E_0012938,-6.6967183918
CtrSVDD_0027_E_0012939,-8.3069953944
CtrSVDD_0028_E_0012940,-5.7110255493
CtrSVDD_0029_E_0012941,-5.1269960755
CtrSVDD_0030_E_0012942,-6.4209758576
CtrSVDD_0031_E_0012943,-6.1609201761
CtrSVDD_0032_E_0012944,-7.0106537501
CtrSVDD_0033_E_0012945,-4.8986880490
CtrSVDD_0034_E_0012946,-6.9180978069
CtrSVDD_0035_E_0012947,-8.0958174145
CtrSVDD_0036_E_0012948,-7.6757909458
CtrSVDD_0037_E_0012949,-8.0011815379
CtrSVDD_0038_E_0012950,-7.6213397642
CtrSVDD_0039_E_0012951,-0.2035211983
CtrSVDD_0040_E_0012952,-5.9722474314
CtrSVDD_0041_E_0012953,-7.4708611767
CtrSVDD_0042_E_0012954,-5.8496015463
CtrSVDD_0043_E_0012955,-7.3154045316
CtrSVDD_0044_E_0012956,-3.7206935184
CtrSVDD_0045_E_0012957,-7.3447942303
CtrSVDD_0046_E_0012958,-5.7621363177
CtrSVDD_0047_E_0012959,-2.6688386703
CtrSVDD_0000_E_0012960,1.0111555966
CtrSVDD_0001_E_0012961,-4.6554722267
CtrSVDD_0002_E_0012962,-5.6647644339
CtrSVDD_0003_E_0012963,-4.7337809608
CtrSVDD_0004_E_0012964,-6.3054279571
CtrSVDD_0005_E_0012965,-5.9849288727
CtrSVDD_0006_E_0012966,-6.7550414093
CtrSVDD_0007_E_0012967,-7.5047661438
CtrSVDD_0008_E_0012968,-1.7128827887
CtrSVDD_0009_E_0012969,-7.3293396839
CtrSVDD_0010_E_0012970,-3.4779212745
CtrSVDD_0011_E_0012971,2.0768933054
CtrSVDD_0012_E_0012972,-5.6491760390
CtrSVDD_0013_E_0012973,-5.3811858036
CtrSVDD_0014_E_0012974,-8.1962680647
CtrSVDD_0015_E_0012975,-0.0244812369
CtrSVDD_0016_E_0012976,-5.6273761315
CtrSVDD_0017_E_0012977,-6.4528101366
CtrSVDD_0018_E_0012978,-5.1542076563
CtrSVDD_0019_E_0012979,-5.5561633206
CtrSVDD_0020_E_0012980,-7.1764390670
CtrSVDD_0021_E_0012981,-5.9890107182
CtrSVDD_0022_E_0012982,-0.5197517581
CtrSVDD_0023_E_0012983,-7.0938885608
CtrSVDD_0024_E_0012984,-2.7992442446
CtrSVDD_0025_E_0012985,-5.7873321836
CtrSVDD_0026_E_0012986,-6.5925681206
CtrSVDD_0027_E_0012987,-5.9416527670
CtrSVDD_0028_E_0012988,-5.4460705937
CtrSVDD_0029_E_0012989,-6.7659328348
CtrSVDD_0030_E_0012990,-6.3686666322
CtrSVDD_0031_E_0012991,-6.0897734543
CtrSVDD_0032_E_0012992,-6.4874241987
CtrSVDD_0033_E_0012993,-8.1207144540
CtrSVDD_0034_E_0012994,-5.8995815846
CtrSVDD_0035_E_0012995,-5.0987727044
CtrSVDD_0036_E_0012996,-0.2494491207
CtrSVDD_0037_E_0012997,-6.6275635503
CtrSVDD_0038_E_0012998,-6.0255249475
CtrSVDD_0039_E_0012999,-7.6196605306
CtrSVDD_0040_E_0013000,-7.1096820054
CtrSVDD_0041_E_0013001,-7.1363094895
CtrSVDD_0042_E_0013002,-7.0716503025
CtrSVDD_0043_E_0013003,-0.9903837048
CtrSVDD_0044_E_0013004,-6.9023194764
CtrSVDD_0045_E_0013005,-5.4757011512
CtrSVDD_0046_E_0013006,-0.0370763774
CtrSVDD_0047_E_0013007,-6.6434123921
CtrSVDD_0000_E_0013008,-3.2427819203
CtrSVDD_0001_E_0013009,-5.9384492213
CtrSVDD_0002_E_0013010,-7.2987351691
CtrSVDD_0003_E_0013011,-6.7459568885
CtrSVDD_0004_E_0013012,-6.0986823994
CtrSVDD_0005_E_0013013,-4.0163731867
CtrSVDD_0006_E_0013014,0.1086192847
CtrSVDD_0007_E_0013015,-7.2593185056
CtrSVDD_0008_E_0013016,-3.3429728718
CtrSVDD_0009_E_0013017,-4.4419345193
CtrSVDD_0010_E_0013018,-4.0482114929
CtrSVDD_0011_E_0013019,-4.3279454921
CtrSVDD_0012_E_0013020,-8.6876522903
CtrSVDD_0013_E_0013021,-5.7684558298
CtrSVDD_0014_E_0013022,-6.2669074422
CtrSVDD_0015_E_0013023,0.9500715601
CtrSVDD_0016_E_0013024,-6.6504052610
CtrSVDD_0017_E_0013025,-3.2803956521
CtrSVDD_0018_E_0013026,-6.1293239909
CtrSVDD_0019_E_0013027,-6.7815570740
CtrSVDD_0020_E_0013028,-7.0629207260
CtrSVDD_0021_E_0013029,-6.5159845071
CtrSVDD_0022_E_0013030,-5.7400617520
CtrSVDD_0023_E_0013031,-6.2181062958
CtrSVDD_0024_E_0013032,-8.3574970932
CtrSVDD_0025_E_0013033,-7.1756975129
CtrSVDD_0026_E_0013034,-5.9218058316
CtrSVDD_0027_E_0013035,-5.6509337997
CtrSVDD_0028_E_0013036,-5.5024920772
CtrSVDD_0029_E_0013037,-3.6597768555
CtrSVDD_0030_E_0013038,-7.7978532540
CtrSVDD_0031_E_0013039,-5.8795938277
CtrSVDD_0032_E_0013040,-2.5843699837
CtrSVDD_0033_E_0013041,-7.0469419910
CtrSVDD_0034_E_0013042,1.6962225050
CtrSVDD_0035_E_0013043,-7.2188999716
CtrSVDD_0036_E_0013044,-2.4620246430
CtrSVDD_0037_E_0013045,-4.6004631491
CtrSVDD_0038_E_0013046,-6.4956697721
CtrSVDD_0039_E_0013047,-5.2065188903
CtrSVDD_0040_E_0013048,-6.0990116048
CtrSVDD_0041_E_0013049,-6.5681814240
CtrSVDD_0042_E_0013050,-7.2778361620
CtrSVDD_0043_E_0013051,0.2537804489
CtrSVDD_0044_E_0013052,-1.9082291381
CtrSVDD_0045_E_0013053,-5.2378105206
CtrSVDD_0046_E_0013054,-5.2349137821
CtrSVDD_0047_E_0013055,-5.3949962532
CtrSVDD_0000_E_0013056,-8.6400322817
CtrSVDD_0001_E_0013057,-6.1391886608
CtrSVDD_0002_E_0013058,-5.3320932052
CtrSVDD_0003_E_0013059,-7.7574342067
CtrSVDD_0004_E_0013060,-2.6891547654
CtrSVDD_0005_E_0013061,-5.0203746297
CtrSVDD_0006_E_0013062,-5.7058935801
CtrSVDD_0007_E_0013063,-1.5131232614
CtrSVDD_0008_E_0013064,-5.5752310582
CtrSVDD_0009_E_0013065,-1.8390496106
CtrSVDD_0010_E_0013066,0.9326427283
CtrSVDD_0011_E_0013067,-7.0889115916
CtrSVDD_0012_E_0013068,0.0512906365
CtrSVDD_0013_E_0013069,-8.6432288159
CtrSVDD_0014_E_0013070,-4.5612542264
CtrSVDD_0015_E_0013071,-5.6553791105
CtrSVDD_0016_E_0013072,-5.4696446741
CtrSVDD_0017_E_0013073,-3.8820500080
CtrSVDD_0018_E_0013074,-6.8427628611
CtrSVDD_0019_E_0013075,2.0359854633
CtrSVDD_0020_E_0013076,-1.6903562409
CtrSVDD_0021_E_0013077,-2.5746351558
CtrSVDD_0022_E_0013078,-6.2523396691
CtrSVDD_0023_E_0013079,-8.0777798650
CtrSVDD_0024_E_0013080,-7.3380643618
CtrSVDD_0025_E_0013081,0.3037822328
CtrSVDD_0026_E_0013082,-8.4283197941
CtrSVDD_0027_E_0013083,-5.4549128664
CtrSVDD_0028_E_0013084,-5.8834831726
CtrSVDD_0029_E_0013085,0.8861104068
CtrSVDD_0030_E_0013086,-8.1316143899
CtrSVDD_0031_E_0013087,-6.5421347283
CtrSVDD_0032_E_0013088,-5.2217442720
CtrSVDD_0033_E_0013089,-7.3275254536
CtrSVDD_0034_E_0013090,-5.0058626229
CtrSVDD_0035_E_0013091,-4.3195236783
CtrSVDD_0036_E_0013092,-7.1995834640
CtrSVDD_0037_E_0013093,-6.1565540300
CtrSVDD_0038_E_0013094,-7.0408177715
CtrSVDD_0039_E_0013095,-5.9827540231
CtrSVDD_0040_E_0013096,-8.0581007267
CtrSVDD_0041_E_0013097,-4.8190715675
CtrSVDD_0042_E_0013098,0.0146878031
CtrSVDD_0043_E_0013099,-5.8642700420
CtrSVDD_0044_E_0013100,-7.6448018941
CtrSVDD_0045_E_0013101,-2.8240580249
CtrSVDD_0046_E_0013102,0.5602120314
CtrSVDD_0047_E_0013103,-6.3591980579
CtrSVDD_0000_E_0013104,-6.9204693353
CtrSVDD_0001_E_0013105,-5.6367289392
CtrSVDD_0002_E_0013106,-5.0771340963
CtrSVDD_0003_E_0013107,-4.1137086204
CtrSVDD_0004_E_0013108,1.4470623406
CtrSVDD_0005_E_0013109,-6.2469166219
CtrSVDD_0006_E_0013110,-6.8453616892
CtrSVDD_0007_E_0013111,-6.1511460125
CtrSVDD_0008_E_0013112,-6.8763956661
CtrSVDD_0009_E_0013113,-4.2330213949
CtrSVDD_0010_E_0013114,-3.0204991265
CtrSVDD_0011_E_0013115,-7.5988853415
CtrSVDD_0012_E_0013116,-7.0868961937
CtrSVDD_0013_E_0013117,-4.8814360390
CtrSVDD_0014_E_0013118,0.6985152330
CtrSVDD_0015_E_0013119,-6.9837151489
CtrSVDD_0016_E_0013120,-7.0162947057
CtrSVDD_0017_E_0013121,-3.9148750030
CtrSVDD_0018_E_0013122,-6.0499099029
CtrSVDD_0019_E_0013123,-7.2916051728
CtrSVDD_0020_E_0013124,-8.3490051724
CtrSVDD_0021_E_0013125,-4.2698901759
CtrSVDD_0022_E_0013126,-7.6365536445
CtrSVDD_0023_E_0013127,0.2827822652
CtrSVDD_0024_E_0013128,-4.4470458437
CtrSVDD_0025_E_0013129,-7.1915634015
CtrSVDD_0026_E_0013130,-6.1941028232
CtrSVDD_0027_E_0013131,-5.9418162121
CtrSVDD_0028_E_0013132,-6.4686661237
CtrSVDD_0029_E_0013133,-5.9980411335
CtrSVDD_0030_E_0013134,-5.7841671718
CtrSVDD_0031_E_0013135,-5.8910276889
CtrSVDD_0032_E_0013136,-6.1982538001
CtrSVDD_0033_E_0013137,-8.5449654658
CtrSVDD_0034_E_0013138,-7.6168968903
CtrSVDD_0035_E_0013139,-6.3308658619
CtrSVDD_0036_E_0013140,-5.0704383448
CtrSVDD_0037_E_0013141,0.7290684029
CtrSVDD_0038_E_0013142,-7.1909165159
CtrSVDD_0039_E_0013143,-6.1524311202
CtrSVDD_0040_E_0013144,-4.7295306990
CtrSVDD_0041_E_0013145,-0.7602717402
CtrSVDD_0042_E_0013146,-2.7441228811
CtrSVDD_0043_E_0013147,-6.2643126184
CtrSVDD_0044_E_0013148,-2.5042324120
CtrSVDD_0045_E_0013149,-5.8586933179
CtrSVDD_0046_E_0013150,-0.5504201225
CtrSVDD_0047_E_0013151,-5.9435013054
CtrSVDD_0000_E_0013152,-8.2564409867
CtrSVDD_0001_E_0013153,-5.8232288495
CtrSVDD_0002_E_0013154,-3.7800831454
CtrSVDD_0003_E_0013155,1.0158311043
CtrSVDD_0004_E_0013156,-3.5341191784
CtrSVDD_0005_E_0013157,0.6371985290
CtrSVDD_0006_E_0013158,-4.0655150251
CtrSVDD_0007_E_0013159,1.0065020892
CtrSVDD_0008_E_0013160,-7.0074740945
CtrSVDD_0009_E_0013161,-5.3933351023
CtrSVDD_0010_E_0013162,-2.4883199322
CtrSVDD_0011_E_0013163,-5.4326034483
CtrSVDD_0012_E_0013164,-8.4587378632
CtrSVDD_0013_E_0013165,1.4940631617
CtrSVDD_0014_E_0013166,-7.6937458386
CtrSVDD_0015_E_0013167,-5.7109380701
CtrSVDD_0016_E_0013168,-6.5694137824
CtrSVDD_0017_E_0013169,-6.5178328969
CtrSVDD_0018_E_0013170,-6.8229053480
CtrSVDD_0019_E_0013171,-6.6446900752
CtrSVDD_0020_E_0013172,-5.6194275480
CtrSVDD_0021_E_0013173,-0.3105557215
CtrSVDD_0022_E_0013174,-5.7569666914
CtrSVDD_0023_E_0013175,-6.1397073762
CtrSVDD_0024_E_0013176,-3.6797021632
CtrSVDD_0025_E_0013177,-5.8476855363
CtrSVDD_0026_E_0013178,-2.2075298420
CtrSVDD_0027_E_0013179,-4.7189694907
CtrSVDD_0028_E_0013180,-5.1691318168
CtrSVDD_0029_E_0013181,-7.1634750358
CtrSVDD_0030_E_0013182,-1.7390199717
CtrSVDD_0031_E_0013183,-6.1330805886
CtrSVDD_0032_E_0013184,-6.5355387060
CtrSVDD_0033_E_0013185,-5.1027536296
CtrSVDD_0034_E_0013186,-5.2029013507
CtrSVDD_0035_E_0013187,-7.4004103307
CtrSVDD_0036_E_0013188,-6.1014672872
CtrSVDD_0037_E_0013189,-7.1943120322
CtrSVDD_0038_E_0013190,-6.1984512998
CtrSVDD_0039_E_0013191,-4.7966886724
CtrSVDD_0040_E_0013192,1.2343409229
CtrSVDD_0041_E_0013193,-3.6531431004
CtrSVDD_0042_E_0013194,-6.1765189619
CtrSVDD_0043_E_0013195,-4.3449257762
CtrSVDD_0044_E_0013196,-5.7553495998
CtrSVDD_0045_E_0013197,-1.5690792921
CtrSVDD_0046_E_0013198,-4.6548636101
CtrSVDD_0047_E_0013199,-5.1665247612
CtrSVDD_0000_E_0013200,-4.8514275849
CtrSVDD_0001_E_0013201,-7.7408207389
CtrSVDD_0002_E_0013202,-5.5895131822
CtrSVDD_0003_E_0013203,-7.8160002091
CtrSVDD_0004_E_0013204,-4.4434363407
CtrSVDD_0005_E_0013205,-0.0216829145
CtrSVDD_0006_E_0013206,-6.5268130583
CtrSVDD_0007_E_0013207,-6.8993119264
CtrSVDD_0008_E_0013208,0.5245610163
CtrSVDD_0009_E_0013209,-7.0055180348
CtrSVDD_0010_E_0013210,-4.5789027164
CtrSVDD_0011_E_0013211,-0.1353955945
CtrSVDD_0012_E_0013212,-5.5424001520
CtrSVDD_0013_E_0013213,-4.7604132090
CtrSVDD_0014_E_0013214,-9.1296352928
CtrSVDD_0015_E_0013215,-4.4465095021
CtrSVDD_0016_E_0013216,-7.0189814422
CtrSVDD_0017_E_0013217,-6.8992657496
CtrSVDD_0018_E_0013218,-6.0356281715
CtrSVDD_0019_E_0013219,-7.4486271345
CtrSVDD_0020_E_0013220,-4.9145591280
CtrSVDD_0021_E_0013221,-6.1030881968
CtrSVDD_0022_E_0013222,-5.4271976991
CtrSVDD_0023_E_0013223,-1.2224429156
CtrSVDD_0024_E_0013224,-4.8336500331
CtrSVDD_0025_E_0013225,-4.3934203197
CtrSVDD_0026_E_0013226,-6.6542417119
CtrSVDD_0027_E_0013227,-6.3807527744
CtrSVDD_0028_E_0013228,-5.7339565695
CtrSVDD_0029_E_0013229,-7.0601116504
CtrSVDD_0030_E_0013230,-5.2716246467
CtrSVDD_0031_E_0013231,-5.8359574491
CtrSVDD_0032_E_0013232,-8.0354314364
CtrSVDD_0033_E_0013233,-6.5663635949
CtrSVDD_0034_E_0013234,-5.4316001280
CtrSVDD_0035_E_0013235,-4.1888133137
CtrSVDD_0036_E_0013236,-6.1407190207
CtrSVDD_0037_E_0013237,-5.4924112954
CtrSVDD_0038_E_0013238,-5.6403484586
CtrSVDD_0039_E_0013239,-5.3200433599
CtrSVDD_0040_E_0013240,-6.9938430031
CtrSVDD_0041_E_0013241,-7.3968949089
CtrSVDD_0042_E_0013242,-7.7785987007
CtrSVDD_0043_E_0013243,-5.5970852844
CtrSVDD_0044_E_0013244,-7.5335662809
CtrSVDD_0045_E_0013245,-1.7580152804
CtrSVDD_0046_E_0013246,-5.9142589308
CtrSVDD_0047_E_0013247,-5.5049554775
CtrSVDD_0000_E_0013248,-7.0781405927
CtrSVDD_0001_E_0013249,-6.7833375665
CtrSVDD_0002_E_0013250,-6.8576504360
CtrSVDD_0003_E_0013251,-5.9942598058
CtrSVDD_0004_E_0013252,-2.7047564804
CtrSVDD_0005_E_0013253,-7.7468724957
CtrSVDD_0006_E_0013254,-4.6796958275
CtrSVDD_0007_E_0013255,-4.9055234184
CtrSVDD_0008_E_0013256,-1.8223707617
CtrSVDD_0009_E_0013257,-4.3277727157
CtrSVDD_0010_E_0013258,0.5783052720
CtrSVDD_0011_E_0013259,1.2998908171
CtrSVDD_0012_E_0013260,-7.9475482191
CtrSVDD_0013_E_0013261,-5.2568601735
CtrSVDD_0014_E_0013262,-5.1006509179
CtrSVDD_0015_E_0013263,-5.8249431544
CtrSVDD_0016_E_0013264,-2.8505317146
CtrSVDD_0017_E_0013265,-6.2015939404
CtrSVDD_0018_E_0013266,-1.4672829233
CtrSVDD_0019_E_0013267,-2.0885094282
CtrSVDD_0020_E_0013268,-9.5515198398
CtrSVDD_0021_E_0013269,-5.0450715877
CtrSVDD_0022_E_0013270,-6.6514945361
CtrSVDD_0023_E_0013271,-6.3466746721
CtrSVDD_0024_E_0013272,-0.5277739351
CtrSVDD_0025_E_0013273,1.4008052395
CtrSVDD_0026_E_0013274,-1.3365743780
CtrSVDD_0027_E_0013275,-5.1778003519
CtrSVDD_0028_E_0013276,-7.2458737542
CtrSVDD_0029_E_0013277,-8.2931790655
CtrSVDD_0030_E_0013278,-6.5586643395
CtrSVDD_0031_E_0013279,-5.2379053749
CtrSVDD_0032_E_0013280,-7.5296961104
CtrSVDD_0033_E_0013281,-3.5473297091
CtrSVDD_0034_E_0013282,-9.0777232631
CtrSVDD_0035_E_0013283,-1.4631907961
CtrSVDD_0036_E_0013284,-4.2849735280
CtrSVDD_0037_E_0013285,-4.2556861764
CtrSVDD_0038_E_0013286,-5.1733801169
CtrSVDD_0039_E_0013287,-3.2871994475
CtrSVDD_0040_E_0013288,-6.8776716230
CtrSVDD_0041_E_0013289,-5.2296989956
CtrSVDD_0042_E_0013290,-8.6517018019
CtrSVDD_0043_E_0013291,-0.6613770568
CtrSVDD_0044_E_0013292,-6.7937943945
CtrSVDD_0045_E_0013293,-6.7323284771
CtrSVDD_0046_E_0013294,-6.7868400516
CtrSVDD_0047_E_0013295,-5.8768693344
CtrSVDD_0000_E_0013296,-5.3132014281
CtrSVDD_0001_E_0013297,-7.0188646336
CtrSVDD_0002_E_0013298,-9.7377797571
CtrSVDD_0003_E_0013299,-8.3998116475
CtrSVDD_0004_E_0013300,-5.1459352031
CtrSVDD_0005_E_0013301,-2.6551271578
CtrSVDD_0006_E_0013302,-7.2496354117
CtrSVDD_0007_E_0013303,-8.5548687257
CtrSVDD_0008_E_0013304,-1.5096279205
CtrSVDD_0009_E_0013305,-5.5410538830
CtrSVDD_0010_E_0013306,-7.0240821265
CtrSVDD_0011_E_0013307,-6.6641939052
CtrSVDD_0012_E_0013308,-1.3503700232
CtrSVDD_0013_E_0013309,-6.4325659536
CtrSVDD_0014_E_0013310,-6.9852691227
CtrSVDD_0015_E_0013311,-7.3978031326
CtrSVDD_0016_E_0013312,-0.7400603223
CtrSVDD_0017_E_0013313,-5.3269780399
CtrSVDD_0018_E_0013314,-5.7429981850
CtrSVDD_0019_E_0013315,-7.4303210399
CtrSVDD_0020_E_0013316,-5.8954431930
CtrSVDD_0021_E_0013317,-5.6915326650
CtrSVDD_0022_E_0013318,0.7127435471
CtrSVDD_0023_E_0013319,-8.0035854449
CtrSVDD_0024_E_0013320,-6.3554696503
CtrSVDD_0025_E_0013321,-4.9954942230
CtrSVDD_0026_E_0013322,-2.4593337380
CtrSVDD_0027_E_0013323,0.1815220500
CtrSVDD_0028_E_0013324,-6.1549992663
CtrSVDD_0029_E_0013325,-7.9003536477
CtrSVDD_0030_E_0013326,-8.3222896280
CtrSVDD_0031_E_0013327,-0.3237943289
CtrSVDD_0032_E_0013328,-6.7525775276
CtrSVDD_0033_E_0013329,-8.0108354735
CtrSVDD_0034_E_0013330,-4.3461254531
CtrSVDD_0035_E_0013331,-6.4124090454
CtrSVDD_0036_E_0013332,-8.7667481613
CtrSVDD_0037_E_0013333,-7.3781970299
CtrSVDD_0038_E_0013334,1.4017293963
CtrSVDD_0039_E_0013335,0.1330190778
CtrSVDD_0040_E_0013336,-1.8660103576
CtrSVDD_0041_E_0013337,-6.9127030049
CtrSVDD_0042_E_0013338,-6.7538028327
CtrSVDD_0043_E_0013339,-6.0302831416
CtrSVDD_0044_E_0013340,-8.6563411879
CtrSVDD_0045_E_0013341,-6.6031375867
CtrSVDD_0046_E_0013342,-8.5208469384
CtrSVDD_0047_E_0013343,-5.3794474287
CtrSVDD_0000_E_0013344,-6.2603869343
CtrSVDD_0001_E_0013345,-9.8605663032
CtrSVDD_0002_E_0013346,-6.1937418674
CtrSVDD_0003_E_0013347,-2.8158281338
CtrSVDD_0004_E_0013348,-4.4283133558
CtrSVDD_0005_E_0013349,-5.8655588128
CtrSVDD_0006_E_0013350,-6.4330632108
CtrSVDD_0007_E_0013351,-6.6077228330
CtrSVDD_0008_E_0013352,-4.5242461233
CtrSVDD_0009_E_0013353,-7.3942176126
CtrSVDD_0010_E_0013354,-6.6564882797
CtrSVDD_0011_E_0013355,-6.0813595901
CtrSVDD_0012_E_0013356,-5.5030687753
CtrSVDD_0013_E_0013357,-5.9852210111
CtrSVDD_0014_E_0013358,-4.7635084580
CtrSVDD_0015_E_0013359,-4.9605584831
CtrSVDD_0016_E_0013360,0.4691661305
CtrSVDD_0017_E_0013361,-3.5093406349
CtrSVDD_0018_E_0013362,-6.1148723220
CtrSVDD_0019_E_0013363,-7.5670382761
CtrSVDD_0020_E_0013364,-5.5666960751
CtrSVDD_0021_E_0013365,-7.8776050891
CtrSVDD_0022_E_0013366,0.3267438821
CtrSVDD_0023_E_0013367,-9.0103398022
CtrSVDD_0024_E_0013368,-3.3100593829
CtrSVDD_0025_E_0013369,-7.8752401673
CtrSVDD_0026_E_0013370,-6.3472647374
CtrSVDD_0027_E_0013371,-4.0764650689
CtrSVDD_0028_E_0013372,-6.7103864969
CtrSVDD_0029_E_0013373,-7.1706461495
CtrSVDD_0030_E_0013374,-0.1864134628
CtrSVDD_0031_E_0013375,-5.3698275798
CtrSVDD_0032_E_0013376,-4.1083569698
CtrSVDD_0033_E_0013377,-7.8712945213
CtrSVDD_0034_E_0013378,-5.2583411840
CtrSVDD_0035_E_0013379,-7.3556794233
CtrSVDD_0036_E_0013380,1.8176371191
CtrSVDD_0037_E_0013381,-6.4973256606
CtrSVDD_0038_E_0013382,-7.2276120784
CtrSVDD_0039_E_0013383,-5.5882108664
CtrSVDD_0040_E_0013384,-3.7582032526
CtrSVDD_0041_E_0013385,-3.4666670411
CtrSVDD_0042_E_0013386,-7.6461829465
CtrSVDD_0043_E_0013387,-5.8201428818
CtrSVDD_0044_E_0013388,-7.0383713326
CtrSVDD_0045_E_0013389,-7.8981246446
CtrSVDD_0046_E_0013390,-0.6736119784
CtrSVDD_0047_E_0013391,-9.4223359497
CtrSVDD_0000_E_0013392,-4.7674255518
CtrSVDD_0001_E_0013393,-7.4914989520
CtrSVDD_0002_E_0013394,-1.8281814675
CtrSVDD_0003_E_0013395,-6.6689158807
CtrSVDD_0004_E_0013396,-5.2817708331
CtrSVDD_0005_E_0013397,-5.5685982268
CtrSVDD_0006_E_0013398,-6.4620342260
CtrSVDD_0007_E_0013399,-5.8030508719
CtrSVDD_0008_E_0013400,0.0622863212
CtrSVDD_0009_E_0013401,-8.9226295805
CtrSVDD_0010_E_0013402,-0.4212820896
CtrSVDD_0011_E_0013403,-8.0325337133
CtrSVDD_0012_E_0013404,-5.6755057187
CtrSVDD_0013_E_0013405,-6.4150438289
CtrSVDD_0014_E_0013406,-0.3087460368
CtrSVDD_0015_E_0013407,-5.8301233078
CtrSVDD_0016_E_0013408,1.1665482432
CtrSVDD_0017_E_0013409,-6.4091355374
CtrSVDD_0018_E_0013410,-0.2063781519
CtrSVDD_0019_E_0013411,-7.8181716135
CtrSVDD_0020_E_0013412,-2.0055669731
CtrSVDD_0021_E_0013413,-5.9071519322
CtrSVDD_0022_E_0013414,-5.7522902957
CtrSVDD_0023_E_0013415,-4.7094878925
CtrSVDD_0024_E_0013416,-7.5949875565
CtrSVDD_0025_E_0013417,-6.1500321844
CtrSVDD_0026_E_0013418,-7.7357309965
CtrSVDD_0027_E_0013419,0.1634766645
CtrSVDD_0028_E_0013420,-8.8183775231
CtrSVDD_0029_E_0013421,-6.5945357853
CtrSVDD_0030_E_0013422,-4.4337561916
CtrSVDD_0031_E_0013423,2.8055985918
CtrSVDD_0032_E_0013424,-6.4739346366
CtrSVDD_0033_E_0013425,-1.4235530574
CtrSVDD_0034_E_0013426,-0.0917491809
CtrSVDD_0035_E_0013427,-1.2078095279
CtrSVDD_0036_E_0013428,-7.3291590093
CtrSVDD_0037_E_0013429,-0.5965898493
CtrSVDD_0038_E_0013430,-4.1174675122
CtrSVDD_0039_E_0013431,-9.0684580788
CtrSVDD_0040_E_0013432,1.0663348048
CtrSVDD_0041_E_0013433,-7.4971100365
CtrSVDD_0042_E_0013434,-7.8182281902
CtrSVDD_0043_E_0013435,-6.1705512800
CtrSVDD_0044_E_0013436,-1.9787141065
CtrSVDD_0045_E_0013437,-0.1241106340
CtrSVDD_0046_E_0013438,-6.8532987077
CtrSVDD_0047_E_0013439,-4.7311507261
CtrSVDD_0000_E_0013440,-4.4960943056
CtrSVDD_0001_E_0013441,-8.9695129679
CtrSVDD_0002_E_0013442,-4.0674865182
CtrSVDD_0003_E_0013443,-6.1312216762
CtrSVDD_0004_E_0013444,-7.9657235400
CtrSVDD_0005_E_0013445,-1.9121550315
CtrSVDD_0006_E_0013446,-2.3307014421
CtrSVDD_0007_E_0013447,-5.4552056237
CtrSVDD_0008_E_0013448,-4.0284625771
CtrSVDD_0009_E_0013449,-5.6963967929
CtrSVDD_0010_E_0013450,-1.1093038909
CtrSVDD_0011_E_0013451,-6.3943333868
CtrSVDD_0012_E_0013452,0.3544036342
CtrSVDD_0013_E_0013453,-0.1452840503
CtrSVDD_0014_E_0013454,-5.3069766728
CtrSVDD_0015_E_0013455,-6.6734581517
CtrSVDD_0016_E_0013456,-6.3395243727
CtrSVDD_0017_E_0013457,-6.9194875353
CtrSVDD_0018_E_0013458,-0.4136513455
CtrSVDD_0019_E_0013459,-8.3000552713
CtrSVDD_0020_E_0013460,-6.6037823398
CtrSVDD_0021_E_0013461,-6.3707821641
CtrSVDD_0022_E_0013462,-5.6382858997
CtrSVDD_0023_E_0013463,-8.0923195622
CtrSVDD_0024_E_0013464,0.5500786843
CtrSVDD_0025_E_0013465,-1.3823877397
CtrSVDD_0026_E_0013466,2.5940015058
CtrSVDD_0027_E_0013467,-3.5770532595
CtrSVDD_0028_E_0013468,-4.4912334662
CtrSVDD_0029_E_0013469,-7.3808990167
CtrSVDD_0030_E_0013470,-5.7794060853
CtrSVDD_0031_E_0013471,-5.8965534754
CtrSVDD_0032_E_0013472,-4.6527304327
CtrSVDD_0033_E_0013473,-5.0400753134
CtrSVDD_0034_E_0013474,-4.0865057607
CtrSVDD_0035_E_0013475,-8.4975815479
CtrSVDD_0036_E_0013476,-0.8554553602
CtrSVDD_0037_E_0013477,-7.4510140849
CtrSVDD_0038_E_0013478,-7.4394453839
CtrSVDD_0039_E_0013479,-4.2578303934
CtrSVDD_0040_E_0013480,-5.9197897604
CtrSVDD_0041_E_0013481,-6.2778383775
CtrSVDD_0042_E_0013482,-5.9905299055
CtrSVDD_0043_E_0013483,-1.5836154758
CtrSVDD_0044_E_0013484,-5.4593877779
CtrSVDD_0045_E_0013485,-7.6883086405
CtrSVDD_0046_E_0013486,-7.7506108641
CtrSVDD_0047_E_0013487,-5.6304229540
CtrSVDD_0000_E_0013488,-3.9516619738
CtrSVDD_0001_E_0013489,-6.1363168284
CtrSVDD_0002_E_0013490,1.5088841121
CtrSVDD_0003_E_0013491,-5.5520132397
CtrSVDD_0004_E_0013492,-3.0754914335
CtrSVDD_0005_E_0013493,-0.0650895778
CtrSVDD_0006_E_0013494,-0.6912677074
CtrSVDD_0007_E_0013495,-2.3898175086
CtrSVDD_0008_E_0013496,-7.4644635153
CtrSVDD_0009_E_0013497,-4.3691675345
CtrSVDD_0010_E_0013498,-5.8370355543
CtrSVDD_0011_E_0013499,-4.7071348715
CtrSVDD_0012_E_0013500,-6.9821365859
CtrSVDD_0013_E_0013501,1.2742722027
CtrSVDD_0014_E_0013502,-7.8903463976
CtrSVDD_0015_E_0013503,-8.0762607627
CtrSVDD_0016_E_0013504,-6.4340549257
CtrSVDD_0017_E_0013505,-7.8102334071
CtrSVDD_0018_E_0013506,-7.3205221599
CtrSVDD_0019_E_0013507,-5.3864605245
CtrSVDD_0020_E_0013508,-7.9513179614
CtrSVDD_0021_E_0013509,-7.3310253000
CtrSVDD_0022_E_0013510,-7.1299353338
CtrSVDD_0023_E_0013511,-7.0760067097
CtrSVDD_0024_E_0013512,-8.0447805903
CtrSVDD_0025_E_0013513,-6.3589880648
CtrSVDD_0026_E_0013514,-7.8924858400
CtrSVDD_0027_E_0013515,-0.4676051739
CtrSVDD_0028_E_0013516,-5.9706296687
CtrSVDD_0029_E_0013517,-7.8039181411
CtrSVDD_0030_E_0013518,-6.3609031166
CtrSVDD_0031_E_0013519,-1.3087532593
CtrSVDD_0032_E_0013520,-7.1124564106
CtrSVDD_0033_E_0013521,-5.1840414928
CtrSVDD_0034_E_0013522,-0.6666083698
CtrSVDD_0035_E_0013523,-5.2562622190
CtrSVDD_0036_E_0013524,-6.7857460340
CtrSVDD_0037_E_0013525,-6.7944137743
CtrSVDD_0038_E_0013526,-4.6157920731
CtrSVDD_0039_E_0013527,-1.0712874999
CtrSVDD_0040_E_0013528,-6.7678343750
CtrSVDD_0041_E_0013529,-7.8733419926
CtrSVDD_0042_E_0013530,-5.9352487752
CtrSVDD_0043_E_0013531,-2.8424295051
CtrSVDD_0044_E_0013532,-4.8593085377
CtrSVDD_0045_E_0013533,-7.2951668863
CtrSVDD_0046_E_0013534,-4.7574195108
CtrSVDD_0047_E_0013535,-7.2891745313
CtrSVDD_0000_E_0013536,-1.1076002757
CtrSVDD_0001_E_0013537,-0.5618492257
CtrSVDD_0002_E_0013538,-0.1227011540
CtrSVDD_0003_E_0013539,-5.8202799180
CtrSVDD_0004_E_0013540,-5.1658971511
CtrSVDD_0005_E_0013541,-7.0789901844
CtrSVDD_0006_E_0013542,-0.8778551678
CtrSVDD_0007_E_0013543,-4.4591151020
CtrSVDD_0008_E_0013544,-7.0548663769
CtrSVDD_0009_E_0013545,2.3716313507
CtrSVDD_0010_E_0013546,-5.1447859894
CtrSVDD_0011_E_0013547,-4.8461740546
CtrSVDD_0012_E_0013548,-3.0627701807
CtrSVDD_0013_E_0013549,-6.0284981752
CtrSVDD_0014_E_0013550,-8.0678735677
CtrSVDD_0015_E_0013551,-0.9500715601
CtrSVDD_0016_E_0013552,-8.6866917392
CtrSVDD_0017_E_0013553,-7.3799706062
CtrSVDD_0018_E_0013554,-4.3895838048
CtrSVDD_0019_E_0013555,-4.8158996821
CtrSVDD_0020_E_0013556,-7.0079409276
CtrSVDD_0021_E_0013557,0.0664913965
CtrSVDD_0022_E_0013558,-0.9326427283
CtrSVDD_0023_E_0013559,-5.3395688412
CtrSVDD_0024_E_0013560,-6.8415932330
CtrSVDD_0025_E_0013561,-8.7597357335
CtrSVDD_0026_E_0013562,-4.7673555223
CtrSVDD_0027_E_0013563,-5.6816833465
CtrSVDD_0028_E_0013564,0.6016111041
CtrSVDD_0029_E_0013565,-4.4789891763
CtrSVDD_0030_E_0013566,-7.1505448864
CtrSVDD_0031_E_0013567,-6.3589474295
CtrSVDD_0032_E_0013568,-5.1788154252
CtrSVDD_0033_E_0013569,-6.8509559525
CtrSVDD_0034_E_0013570,-5.4001906112
CtrSVDD_0035_E_0013571,-3.2530740597
CtrSVDD_0036_E_0013572,1.8804728729
CtrSVDD_0037_E_0013573,-1.6730978450
CtrSVDD_0038_E_0013574,-6.2830135546
CtrSVDD_0039_E_0013575,-0.3710156822
CtrSVDD_0040_E_0013576,-8.6551934817
CtrSVDD_0041_E_0013577,-6.5055773601
CtrSVDD_0042_E_0013578,-6.9632434143
CtrSVDD_0043_E_0013579,-6.7732106043
CtrSVDD_0044_E_0013580,-6.1626873275
CtrSVDD_0045_E_0013581,-7.7945318398
CtrSVDD_0046_E_0013582,0.3698482853
CtrSVDD_0047_E_0013583,-0.5799594487
CtrSVDD_0000_E_0013584,0.1764594083
CtrSVDD_0001_E_0013585,-4.2534018340
CtrSVDD_0002_E_0013586,-6.4897966997
CtrSVDD_0003_E_0013587,-6.4680451586
CtrSVDD_0004_E_0013588,-7.3058132701
CtrSVDD_0005_E_0013589,-4.3213732034
CtrSVDD_0006_E_0013590,-3.2238421822
CtrSVDD_0007_E_0013591,-0.2755104387
CtrSVDD_0008_E_0013592,-6.6959618288
CtrSVDD_0009_E_0013593,-0.5374456446
CtrSVDD_0010_E_0013594,-4.9196137281
CtrSVDD_0011_E_0013595,-4.6123925499
CtrSVDD_0012_E_0013596,-3.0297528221
CtrSVDD_0013_E_0013597,-6.2548722024
CtrSVDD_0014_E_0013598,-7.0420416834
CtrSVDD_0015_E_0013599,-6.9513462553
CtrSVDD_0016_E_0013600,-0.0454762832
CtrSVDD_0017_E_0013601,-5.5456026944
CtrSVDD_0018_E_0013602,-7.1063695045
CtrSVDD_0019_E_0013603,-5.2385388850
CtrSVDD_0020_E_0013604,0.9633349402
CtrSVDD_0021_E_0013605,-8.4935833112
CtrSVDD_0022_E_0013606,-0.5569421364
CtrSVDD_0023_E_0013607,-1.0492027322
CtrSVDD_0024_E_0013608,-5.6988212325
CtrSVDD_0025_E_0013609,-4.5389339453
CtrSVDD_0026_E_0013610,-7.5767893153
CtrSVDD_0027_E_0013611,-7.0038613487
CtrSVDD_0028_E_0013612,-6.2158557032
CtrSVDD_0029_E_0013613,-4.9339537943
CtrSVDD_0030_E_0013614,-7.0395943219
CtrSVDD_0031_E_0013615,-4.8516261335
CtrSVDD_0032_E_0013616,-6.0897839451
CtrSVDD_0033_E_0013617,-3.8933027348
CtrSVDD_0034_E_0013618,-6.8388612197
CtrSVDD_0035_E_0013619,-5.8400862008
CtrSVDD_0036_E_0013620,-3.5008974329
CtrSVDD_0037_E_0013621,-3.6564595126
CtrSVDD_0038_E_0013622,-10.4847131414
CtrSVDD_0039_E_0013623,-6.8422930684
CtrSVDD_0040_E_0013624,0.3932002772
CtrSVDD_0041_E_0013625,-7.3329735385
CtrSVDD_0042_E_0013626,-0.9290925809
CtrSVDD_0043_E_0013627,-5.4411521017
CtrSVDD_0044_E_0013628,-6.5709619080
CtrSVDD_0045_E_0013629,-5.0793477339
CtrSVDD_0046_E_0013630,-4.8395844039
CtrSVDD_0047_E_0013631,-6.1200896790
CtrSVDD_0000_E_0013632,-9.1068028136
CtrSVDD_0001_E_0013633,0.4443244374
CtrSVDD_0002_E_0013634,-7.9809114914
CtrSVDD_0003_E_0013635,-7.0428268815
CtrSVDD_0004_E_0013636,-8.8538242439
CtrSVDD_0005_E_0013637,-0.9926705409
CtrSVDD_0006_E_0013638,0.4520573351
CtrSVDD_0007_E_0013639,-2.7223826478
CtrSVDD_0008_E_0013640,-4.1712263963
CtrSVDD_0009_E_0013641,-7.0894409741
CtrSVDD_0010_E_0013642,-7.4196853561
CtrSVDD_0011_E_0013643,-5.1411786529
CtrSVDD_0012_E_0013644,-6.0118288127
CtrSVDD_0013_E_0013645,-6.2112745603
CtrSVDD_0014_E_0013646,-6.1783562259
CtrSVDD_0015_E_0013647,-8.2276404976
CtrSVDD_0016_E_0013648,-0.9049093884
CtrSVDD_0017_E_0013649,-3.9377510318
CtrSVDD_0018_E_0013650,-6.5902542567
CtrSVDD_0019_E_0013651,-9.4238976655
CtrSVDD_0020_E_0013652,-8.3175286718
CtrSVDD_0021_E_0013653,-5.4432778691
CtrSVDD_0022_E_0013654,-5.9829356433
CtrSVDD_0023_E_0013655,1.2711282247
CtrSVDD_0024_E_0013656,-5.4412491891
CtrSVDD_0025_E_0013657,1.1041426793
CtrSVDD_0026_E_0013658,1.9169401488
CtrSVDD_0027_E_0013659,-6.6907493477
CtrSVDD_0028_E_0013660,-6.7292994983
CtrSVDD_0029_E_0013661,-6.1871961220
CtrSVDD_0030_E_0013662,-0.3296962808
CtrSVDD_0031_E_0013663,-6.3371973746
