filename,score
CtrSVDD_0000_E_0000000,-5.9563585216
CtrSVDD_0001_E_0000001,-2.0814974982
CtrSVDD_0002_E_0000002,-5.9409254219
CtrSVDD_0003_E_0000003,-5.4266365356
CtrSVDD_0004_E_0000004,-6.3515296573
CtrSVDD_0005_E_0000005,-5.8841490803
CtrSVDD_0006_E_0000006,-5.1645259274
CtrSVDD_0007_E_0000007,-5.1273676496
CtrSVDD_0008_E_0000008,-4.5395733135
CtrSVDD_0009_E_0000009,0.6562059672
CtrSVDD_0010_E_0000010,-3.9546856855
CtrSVDD_0011_E_0000011,-4.8728972248
CtrSVDD_0012_E_0000012,-5.4634904866
CtrSVDD_0013_E_0000013,0.1241106340
CtrSVDD_0014_E_0000014,-6.8383003998
CtrSVDD_0015_E_0000015,-4.9136379642
CtrSVDD_0016_E_0000016,-4.0352283775
CtrSVDD_0017_E_0000017,-4.9639125532
CtrSVDD_0018_E_0000018,-5.3771939490
CtrSVDD_0019_E_0000019,-4.0084831475
CtrSVDD_0020_E_0000020,-4.5042575434
CtrSVDD_0021_E_0000021,-6.1116491798
CtrSVDD_0022_E_0000022,-5.5197990424
CtrSVDD_0023_E_0000023,-3.2078081991
CtrSVDD_0024_E_0000024,-6.9578323214
CtrSVDD_0025_E_0000025,-0.4691661305
CtrSVDD_0026_E_0000026,-7.5564003256
CtrSVDD_0027_E_0000027,-5.4777358123
CtrSVDD_0028_E_0000028,-4.9885241021
CtrSVDD_0029_E_0000029,-0.4458688780
CtrSVDD_0030_E_0000030,-4.8582036245
CtrSVDD_0031_E_0000031,-3.1025867620
CtrSVDD_0032_E_0000032,-5.4085886219
CtrSVDD_0033_E_0000033,-6.3008827215
CtrSVDD_0034_E_0000034,-6.2039918755
CtrSVDD_0035_E_0000035,-4.3253488845
CtrSVDD_0036_E_0000036,-3.9607362668
CtrSVDD_0037_E_0000037,-5.2622646998
CtrSVDD_0038_E_0000038,1.3399994132
CtrSVDD_0039_E_0000039,-6.2420474801
CtrSVDD_0040_E_0000040,0.3954344060
CtrSVDD_0041_E_0000041,-5.1963192392
CtrSVDD_0042_E_0000042,0.1029927185
CtrSVDD_0043_E_0000043,-6.5376321044
CtrSVDD_0044_E_0000044,-3.5204540986
CtrSVDD_0045_E_0000045,-5.0935786855
CtrSVDD_0046_E_0000046,-3.8682566547
CtrSVDD_0047_E_0000047,-5.4074773287
CtrSVDD_0000_E_0000048,-0.7127435471
CtrSVDD_0001_E_0000049,-2.7428810586
CtrSVDD_0002_E_0000050,-4.8743154424
CtrSVDD_0003_E_0000051,-5.6066273034
CtrSVDD_0004_E_0000052,-4.2552152605
CtrSVDD_0005_E_0000053,-4.2825562556
CtrSVDD_0006_E_0000054,2.3087101115
CtrSVDD_0007_E_0000055,-4.4684063834
CtrSVDD_0008_E_0000056,-4.8464236567
CtrSVDD_0009_E_0000057,-5.0018066886
CtrSVDD_0010_E_0000058,-6.1265650553
CtrSVDD_0011_E_0000059,-5.5250166696
CtrSVDD_0012_E_0000060,-2.4288613645
CtrSVDD_0013_E_0000061,-4.6454707936
CtrSVDD_0014_E_0000062,-5.6874151297
CtrSVDD_0015_E_0000063,-3.3651645702
CtrSVDD_0016_E_0000064,-4.6006178447
CtrSVDD_0017_E_0000065,-3.6197544018
CtrSVDD_0018_E_0000066,-5.9392942988
CtrSVDD_0019_E_0000067,-4.7535949403
CtrSVDD_0020_E_0000068,-3.7179694658
CtrSVDD_0021_E_0000069,-3.0696015308
CtrSVDD_0022_E_0000070,-5.2330165804
CtrSVDD_0023_E_0000071,-4.4072828196
CtrSVDD_0024_E_0000072,-4.7444697562
CtrSVDD_0025_E_0000073,-4.6550968967
CtrSVDD_0026_E_0000074,-5.7772286962
CtrSVDD_0027_E_0000075,-5.5838287571
CtrSVDD_0028_E_0000076,-3.5156745135
CtrSVDD_0029_E_0000077,-0.4974643919
CtrSVDD_0030_E_0000078,-4.8640851018
CtrSVDD_0031_E_0000079,-4.6457497954
CtrSVDD_0032_E_0000080,-4.7305035735
CtrSVDD_0033_E_0000081,-3.3353131017
CtrSVDD_0034_E_0000082,-5.4255821016
CtrSVDD_0035_E_0000083,-5.4570172968
CtrSVDD_0036_E_0000084,-5.3978241944
CtrSVDD_0037_E_0000085,-4.8714293563
CtrSVDD_0038_E_0000086,-5.2989724237
CtrSVDD_0039_E_0000087,-3.8626739249
CtrSVDD_0040_E_0000088,-6.1913633794
CtrSVDD_0041_E_0000089,-3.3080961653
CtrSVDD_0042_E_0000090,-4.3937716088
CtrSVDD_0043_E_0000091,-4.2674851624
CtrSVDD_0044_E_0000092,-4.9354807271
CtrSVDD_0045_E_0000093,0.3267438821
CtrSVDD_0046_E_0000094,-3.6864461372
CtrSVDD_0047_E_0000095,-5.3698163368
CtrSVDD_0000_E_0000096,-4.6023133961
CtrSVDD_0001_E_0000097,-2.8909808131
CtrSVDD_0002_E_0000098,-4.3328536271
CtrSVDD_0003_E_0000099,-4.6082557519
CtrSVDD_0004_E_0000100,-7.0783159391
CtrSVDD_0005_E_0000101,-5.4297850775
CtrSVDD_0006_E_0000102,-2.8801134699
CtrSVDD_0007_E_0000103,0.2668034008
CtrSVDD_0008_E_0000104,-5.6008134105
CtrSVDD_0009_E_0000105,-5.1909744926
CtrSVDD_0010_E_0000106,-3.8385985920
CtrSVDD_0011_E_0000107,-4.8277470857
CtrSVDD_0012_E_0000108,-3.0043816565
CtrSVDD_0013_E_0000109,0.0468765635
CtrSVDD_0014_E_0000110,-4.9818290637
CtrSVDD_0015_E_0000111,-3.0841831900
CtrSVDD_0016_E_0000112,-4.3239210633
CtrSVDD_0017_E_0000113,-0.1100264567
CtrSVDD_0018_E_0000114,-4.9341620003
CtrSVDD_0019_E_0000115,-6.3942050965
CtrSVDD_0020_E_0000116,-5.5232851682
CtrSVDD_0021_E_0000117,-0.9348057945
CtrSVDD_0022_E_0000118,-0.9178235515
CtrSVDD_0023_E_0000119,-6.0953959269
CtrSVDD_0024_E_0000120,-4.5134870717
CtrSVDD_0025_E_0000121,-5.1367690309
CtrSVDD_0026_E_0000122,-6.2551956401
CtrSVDD_0027_E_0000123,-6.5015772160
CtrSVDD_0028_E_0000124,-5.9726053823
CtrSVDD_0029_E_0000125,-3.3862410709
CtrSVDD_0030_E_0000126,-3.4331611975
CtrSVDD_0031_E_0000127,-2.5593220507
CtrSVDD_0032_E_0000128,-4.0120683776
CtrSVDD_0033_E_0000129,1.1517058579
CtrSVDD_0034_E_0000130,-6.1815365738
CtrSVDD_0035_E_0000131,-1.5854857971
CtrSVDD_0036_E_0000132,-0.9767699911
CtrSVDD_0037_E_0000133,-5.5184059404
CtrSVDD_0038_E_0000134,-3.6307109125
CtrSVDD_0039_E_0000135,-4.6054832702
CtrSVDD_0040_E_0000136,-5.1562825764
CtrSVDD_0041_E_0000137,0.9522704869
CtrSVDD_0042_E_0000138,-5.1223599293
CtrSVDD_0043_E_0000139,1.6601712470
CtrSVDD_0044_E_0000140,-5.8485309057
CtrSVDD_0045_E_0000141,-3.9503368074
CtrSVDD_0046_E_0000142,2.3716313507
CtrSVDD_0047_E_0000143,-5.2427254751
CtrSVDD_0000_E_0000144,-6.7939274660
CtrSVDD_0001_E_0000145,-2.7971679229
CtrSVDD_0002_E_0000146,-1.4911197453
CtrSVDD_0003_E_0000147,-6.4850551385
CtrSVDD_0004_E_0000148,-4.4044615664
CtrSVDD_0005_E_0000149,-4.0912677820
CtrSVDD_0006_E_0000150,-5.8809539321
CtrSVDD_0007_E_0000151,-0.7199753406
CtrSVDD_0008_E_0000152,-1.8281814675
CtrSVDD_0009_E_0000153,0.8944264796
CtrSVDD_0010_E_0000154,0.7290684029
CtrSVDD_0011_E_0000155,-3.2174227382
CtrSVDD_0012_E_0000156,-1.2107154884
CtrSVDD_0013_E_0000157,-5.0546358718
CtrSVDD_0014_E_0000158,-4.2345228176
CtrSVDD_0015_E_0000159,-3.0397099038
CtrSVDD_0016_E_0000160,-1.3287214802
CtrSVDD_0017_E_0000161,-3.2108931001
CtrSVDD_0018_E_0000162,-6.5261663831
CtrSVDD_0019_E_0000163,-6.5032093394
CtrSVDD_0020_E_0000164,-4.0524733248
CtrSVDD_0021_E_0000165,-1.2901844981
CtrSVDD_0022_E_0000166,0.7217891729
CtrSVDD_0023_E_0000167,0.1634766645
CtrSVDD_0024_E_0000168,-5.1099233862
CtrSVDD_0025_E_0000169,-4.2335923408
CtrSVDD_0026_E_0000170,-4.4985239582
CtrSVDD_0027_E_0000171,-3.1131138634
CtrSVDD_0028_E_0000172,-1.1681518079
CtrSVDD_0029_E_0000173,-6.1608798054
CtrSVDD_0030_E_0000174,-4.7982714814
CtrSVDD_0031_E_0000175,-5.5050387570
CtrSVDD_0032_E_0000176,-4.4737113937
CtrSVDD_0033_E_0000177,-5.1547719544
CtrSVDD_0034_E_0000178,-5.3575538751
CtrSVDD_0035_E_0000179,-5.7922268805
CtrSVDD_0036_E_0000180,-6.2814683240
CtrSVDD_0037_E_0000181,-4.5155945849
CtrSVDD_0038_E_0000182,-5.7307464795
CtrSVDD_0039_E_0000183,0.9435021675
CtrSVDD_0040_E_0000184,-4.2287995371
CtrSVDD_0041_E_0000185,-4.0228634482
CtrSVDD_0042_E_0000186,-4.5858642222
CtrSVDD_0043_E_0000187,-3.3577208473
CtrSVDD_0044_E_0000188,-4.5265691536
CtrSVDD_0045_E_0000189,-3.9647755909
CtrSVDD_0046_E_0000190,-4.2353255588
CtrSVDD_0047_E_0000191,-5.9914383436
CtrSVDD_0000_E_0000192,-3.5146292881
CtrSVDD_0001_E_0000193,-4.3626551259
CtrSVDD_0002_E_0000194,-6.2362740161
CtrSVDD_0003_E_0000195,-3.8982281894
CtrSVDD_0004_E_0000196,-6.3562921590
CtrSVDD_0005_E_0000197,-2.9533456469
CtrSVDD_0006_E_0000198,-3.6225078983
CtrSVDD_0007_E_0000199,-5.0183902095
CtrSVDD_0008_E_0000200,-6.5579545437
CtrSVDD_0009_E_0000201,-6.4186831044
CtrSVDD_0010_E_0000202,-4.4168291068
CtrSVDD_0011_E_0000203,-2.5974123500
CtrSVDD_0012_E_0000204,-2.9556128543
CtrSVDD_0013_E_0000205,-3.7190798241
CtrSVDD_0014_E_0000206,-3.8443108734
CtrSVDD_0015_E_0000207,-5.0161874814
CtrSVDD_0016_E_0000208,-4.1914668775
CtrSVDD_0017_E_0000209,-4.3759661167
CtrSVDD_0018_E_0000210,-4.7481754058
CtrSVDD_0019_E_0000211,1.8380753872
CtrSVDD_0020_E_0000212,-5.1621114377
CtrSVDD_0021_E_0000213,-6.4010399890
CtrSVDD_0022_E_0000214,-5.5869542619
CtrSVDD_0023_E_0000215,-5.3277022643
CtrSVDD_0024_E_0000216,-4.0058512506
CtrSVDD_0025_E_0000217,-4.3213546761
CtrSVDD_0026_E_0000218,-3.6820468517
CtrSVDD_0027_E_0000219,-4.5755078891
CtrSVDD_0028_E_0000220,-6.4429541026
CtrSVDD_0029_E_0000221,-2.8766898186
CtrSVDD_0030_E_0000222,-5.0862776156
CtrSVDD_0031_E_0000223,-5.2253412356
CtrSVDD_0032_E_0000224,-1.5921761646
CtrSVDD_0033_E_0000225,-5.9048922705
CtrSVDD_0034_E_0000226,-2.2532821503
CtrSVDD_0035_E_0000227,-4.1269835876
CtrSVDD_0036_E_0000228,-2.8247792168
CtrSVDD_0037_E_0000229,-4.1014337605
CtrSVDD_0038_E_0000230,-7.2110428182
CtrSVDD_0039_E_0000231,-4.6521949869
CtrSVDD_0040_E_0000232,-0.3668543308
CtrSVDD_0041_E_0000233,-3.0910324031
CtrSVDD_0042_E_0000234,0.7400603223
CtrSVDD_0043_E_0000235,-4.8617008702
CtrSVDD_0044_E_0000236,-7.0130488072
CtrSVDD_0045_E_0000237,-6.5823199299
CtrSVDD_0046_E_0000238,-4.5393299856
CtrSVDD_0047_E_0000239,-2.5122969661
CtrSVDD_0000_E_0000240,-1.9090268361
CtrSVDD_0001_E_0000241,-5.2286673105
CtrSVDD_0002_E_0000242,-3.5654842377
CtrSVDD_0003_E_0000243,1.1546768705
CtrSVDD_0004_E_0000244,-5.2441532006
CtrSVDD_0005_E_0000245,-5.7082476873
CtrSVDD_0006_E_0000246,-2.8050510315
CtrSVDD_0007_E_0000247,-0.5667698816
CtrSVDD_0008_E_0000248,-4.4887377481
CtrSVDD_0009_E_0000249,-0.8840409509
CtrSVDD_0010_E_0000250,-4.6720815501
CtrSVDD_0011_E_0000251,-5.3911413523
CtrSVDD_0012_E_0000252,-5.9304022274
CtrSVDD_0013_E_0000253,-3.7703702148
CtrSVDD_0014_E_0000254,2.2572007159
CtrSVDD_0015_E_0000255,-6.9600870264
CtrSVDD_0016_E_0000256,-5.4309637571
CtrSVDD_0017_E_0000257,-5.5243331965
CtrSVDD_0018_E_0000258,-5.5851731831
CtrSVDD_0019_E_0000259,-3.8813224691
CtrSVDD_0020_E_0000260,-2.2014412048
CtrSVDD_0021_E_0000261,-4.2774348041
CtrSVDD_0022_E_0000262,-5.2080466705
CtrSVDD_0023_E_0000263,0.3599747356
CtrSVDD_0024_E_0000264,-4.9850113668
CtrSVDD_0025_E_0000265,-2.4019355462
CtrSVDD_0026_E_0000266,-5.1934764581
CtrSVDD_0027_E_0000267,0.2078072593
CtrSVDD_0028_E_0000268,-4.1264828912
CtrSVDD_0029_E_0000269,-4.7400125273
CtrSVDD_0030_E_0000270,-5.5826637092
CtrSVDD_0031_E_0000271,-4.5589396873
CtrSVDD_0032_E_0000272,-2.6786285072
CtrSVDD_0033_E_0000273,-5.7673124506
CtrSVDD_0034_E_0000274,-4.8144893678
CtrSVDD_0035_E_0000275,-4.3957185924
CtrSVDD_0036_E_0000276,-3.0983451520
CtrSVDD_0037_E_0000277,-4.9484338745
CtrSVDD_0038_E_0000278,-5.2040232205
CtrSVDD_0039_E_0000279,-5.2809659741
CtrSVDD_0040_E_0000280,-6.0903528669
CtrSVDD_0041_E_0000281,-4.6711854937
CtrSVDD_0042_E_0000282,-3.6070536182
CtrSVDD_0043_E_0000283,-4.9796637020
CtrSVDD_0044_E_0000284,-3.2177468409
CtrSVDD_0045_E_0000285,-4.5493987301
CtrSVDD_0046_E_0000286,-3.9689133136
CtrSVDD_0047_E_0000287,-4.8357171249
CtrSVDD_0000_E_0000288,-3.7550676841
CtrSVDD_0001_E_0000289,-2.7484531377
CtrSVDD_0002_E_0000290,-5.6869376712
CtrSVDD_0003_E_0000291,-3.6574564979
CtrSVDD_0004_E_0000292,-3.4775709967
CtrSVDD_0005_E_0000293,-5.7209624987
CtrSVDD_0006_E_0000294,-5.4147568361
CtrSVDD_0007_E_0000295,-5.0156442816
CtrSVDD_0008_E_0000296,-6.9515365111
CtrSVDD_0009_E_0000297,-1.7185667765
CtrSVDD_0010_E_0000298,-1.4245928101
CtrSVDD_0011_E_0000299,-6.2436601124
CtrSVDD_0012_E_0000300,-5.7042354848
CtrSVDD_0013_E_0000301,-3.5879270039
CtrSVDD_0014_E_0000302,-3.8676078875
CtrSVDD_0015_E_0000303,-2.8535640419
CtrSVDD_0016_E_0000304,-1.3365743780
CtrSVDD_0017_E_0000305,0.2020933456
CtrSVDD_0018_E_0000306,-5.6458038403
CtrSVDD_0019_E_0000307,-3.6475677108
CtrSVDD_0020_E_0000308,-5.3609340670
CtrSVDD_0021_E_0000309,-4.2135322861
CtrSVDD_0022_E_0000310,-4.1447214409
CtrSVDD_0023_E_0000311,-4.3225419981
CtrSVDD_0024_E_0000312,-5.6437765624
CtrSVDD_0025_E_0000313,-5.0504373799
CtrSVDD_0026_E_0000314,-0.0280628062
CtrSVDD_0027_E_0000315,-0.3758461852
CtrSVDD_0028_E_0000316,-3.4940686052
CtrSVDD_0029_E_0000317,-3.7020019483
CtrSVDD_0030_E_0000318,1.4940631617
CtrSVDD_0031_E_0000319,-3.4965815044
CtrSVDD_0032_E_0000320,1.5163632225
CtrSVDD_0033_E_0000321,-2.4819895277
CtrSVDD_0034_E_0000322,-3.1554608153
CtrSVDD_0035_E_0000323,0.6773611918
CtrSVDD_0036_E_0000324,-5.6905510805
CtrSVDD_0037_E_0000325,-6.7062099801
CtrSVDD_0038_E_0000326,-4.1206600947
CtrSVDD_0039_E_0000327,-6.6979110000
CtrSVDD_0040_E_0000328,-5.0206109241
CtrSVDD_0041_E_0000329,-6.2742764441
CtrSVDD_0042_E_0000330,-3.8015343769
CtrSVDD_0043_E_0000331,-0.6666083698
CtrSVDD_0044_E_0000332,-0.1835676051
CtrSVDD_0045_E_0000333,-5.2359162456
CtrSVDD_0046_E_0000334,-5.5478351492
CtrSVDD_0047_E_0000335,-5.7850872494
CtrSVDD_0000_E_0000336,1.6265283966
CtrSVDD_0001_E_0000337,-3.3588391372
CtrSVDD_0002_E_0000338,-6.4515069782
CtrSVDD_0003_E_0000339,-3.3999468819
CtrSVDD_0004_E_0000340,-6.8970595531
CtrSVDD_0005_E_0000341,-1.3311997810
CtrSVDD_0006_E_0000342,2.1757241556
CtrSVDD_0007_E_0000343,-6.6875713057
CtrSVDD_0008_E_0000344,-5.2663827220
CtrSVDD_0009_E_0000345,-6.1142970060
CtrSVDD_0010_E_0000346,-4.2694527870
CtrSVDD_0011_E_0000347,-3.5414197154
CtrSVDD_0012_E_0000348,-5.2001717251
CtrSVDD_0013_E_0000349,-5.7813005123
CtrSVDD_0014_E_0000350,-5.4833192793
CtrSVDD_0015_E_0000351,-1.1249678019
CtrSVDD_0016_E_0000352,-4.4650181937
CtrSVDD_0017_E_0000353,-3.9185295056
CtrSVDD_0018_E_0000354,-4.1324180068
CtrSVDD_0019_E_0000355,-3.9648331473
CtrSVDD_0020_E_0000356,-0.0328774424
CtrSVDD_0021_E_0000357,-4.1162100144
CtrSVDD_0022_E_0000358,-4.2932063711
CtrSVDD_0023_E_0000359,-4.5864027858
CtrSVDD_0024_E_0000360,0.6526981539
CtrSVDD_0025_E_0000361,-5.5591221682
CtrSVDD_0026_E_0000362,-5.5527769639
CtrSVDD_0027_E_0000363,-6.3747034994
CtrSVDD_0028_E_0000364,-0.1212919178
CtrSVDD_0029_E_0000365,-4.7534325606
CtrSVDD_0030_E_0000366,-0.2292966039
CtrSVDD_0031_E_0000367,1.7649809686
CtrSVDD_0032_E_0000368,-3.5352801207
CtrSVDD_0033_E_0000369,-3.7504651638
CtrSVDD_0034_E_0000370,-6.3577206170
CtrSVDD_0035_E_0000371,-5.9500458952
CtrSVDD_0036_E_0000372,-4.4813921356
CtrSVDD_0037_E_0000373,-3.2748460626
CtrSVDD_0038_E_0000374,-1.6440419715
CtrSVDD_0039_E_0000375,-5.2878577711
CtrSVDD_0040_E_0000376,-5.3454138776
CtrSVDD_0041_E_0000377,-4.8947205181
CtrSVDD_0042_E_0000378,-4.0231737878
CtrSVDD_0043_E_0000379,-3.1772606671
CtrSVDD_0044_E_0000380,-6.1769259827
CtrSVDD_0045_E_0000381,-4.4852212596
CtrSVDD_0046_E_0000382,-4.9665905497
CtrSVDD_0047_E_0000383,-3.9976549381
CtrSVDD_0000_E_0000384,-5.4524016476
CtrSVDD_0001_E_0000385,-0.1963860225
CtrSVDD_0002_E_0000386,-1.5984941976
CtrSVDD_0003_E_0000387,-5.7366393687
CtrSVDD_0004_E_0000388,-3.2994585925
CtrSVDD_0005_E_0000389,-4.1498965588
CtrSVDD_0006_E_0000390,-5.7440641210
CtrSVDD_0007_E_0000391,-3.0778590792
CtrSVDD_0008_E_0000392,-5.3529554489
CtrSVDD_0009_E_0000393,0.3878829198
CtrSVDD_0010_E_0000394,-6.0195366199
CtrSVDD_0011_E_0000395,-4.8549217532
CtrSVDD_0012_E_0000396,-4.4572086070
CtrSVDD_0013_E_0000397,0.5767010881
CtrSVDD_0014_E_0000398,0.0706976479
CtrSVDD_0015_E_0000399,-5.7293411535
CtrSVDD_0016_E_0000400,-2.4728441452
CtrSVDD_0017_E_0000401,-4.9115483340
CtrSVDD_0018_E_0000402,-5.3817573916
CtrSVDD_0019_E_0000403,-3.8144669148
CtrSVDD_0020_E_0000404,-5.7921332520
CtrSVDD_0021_E_0000405,-5.5770897856
CtrSVDD_0022_E_0000406,-5.3265586613
CtrSVDD_0023_E_0000407,-3.3812090904
CtrSVDD_0024_E_0000408,-6.0028566881
CtrSVDD_0025_E_0000409,-2.5357559176
CtrSVDD_0026_E_0000410,-0.7604483910
CtrSVDD_0027_E_0000411,-0.1311617906
CtrSVDD_0028_E_0000412,1.2617708616
CtrSVDD_0029_E_0000413,-5.8924009136
CtrSVDD_0030_E_0000414,-6.0107558493
CtrSVDD_0031_E_0000415,-3.5647417099
CtrSVDD_0032_E_0000416,-6.3202351773
CtrSVDD_0033_E_0000417,1.0962715625
CtrSVDD_0034_E_0000418,-4.3558121497
CtrSVDD_0035_E_0000419,-6.0102954720
CtrSVDD_0036_E_0000420,-6.0421839295
CtrSVDD_0037_E_0000421,-3.8879575426
CtrSVDD_0038_E_0000422,-4.9489724480
CtrSVDD_0039_E_0000423,2.3941732400
CtrSVDD_0040_E_0000424,2.0132834216
CtrSVDD_0041_E_0000425,-5.1171892344
CtrSVDD_0042_E_0000426,-3.7693554623
CtrSVDD_0043_E_0000427,-2.2987105223
CtrSVDD_0044_E_0000428,-3.4537974098
CtrSVDD_0045_E_0000429,-5.7407000727
CtrSVDD_0046_E_0000430,-4.9430316448
CtrSVDD_0047_E_0000431,-4.4556698037
CtrSVDD_0000_E_0000432,-4.6696390355
CtrSVDD_0001_E_0000433,-3.0126449481
CtrSVDD_0002_E_0000434,-3.9958730151
CtrSVDD_0003_E_0000435,-4.9804057894
CtrSVDD_0004_E_0000436,-6.5199530108
CtrSVDD_0005_E_0000437,-4.3471506444
CtrSVDD_0006_E_0000438,-6.0794609721
CtrSVDD_0007_E_0000439,-3.3615980913
CtrSVDD_0008_E_0000440,-6.1216635438
CtrSVDD_0009_E_0000441,-5.1988982654
CtrSVDD_0010_E_0000442,0.6191529613
CtrSVDD_0011_E_0000443,-5.9521618336
CtrSVDD_0012_E_0000444,-4.4890429911
CtrSVDD_0013_E_0000445,-7.3623803396
CtrSVDD_0014_E_0000446,-4.8750082792
CtrSVDD_0015_E_0000447,-4.4108415414
CtrSVDD_0016_E_0000448,-6.0667661017
CtrSVDD_0017_E_0000449,-0.0258804687
CtrSVDD_0018_E_0000450,-5.3054414978
CtrSVDD_0019_E_0000451,-0.5293824378
CtrSVDD_0020_E_0000452,-7.5424224644
CtrSVDD_0021_E_0000453,-4.3612907667
CtrSVDD_0022_E_0000454,-3.5989817815
CtrSVDD_0023_E_0000455,-3.7317850888
CtrSVDD_0024_E_0000456,-6.6600545620
CtrSVDD_0025_E_0000457,-3.0363719091
CtrSVDD_0026_E_0000458,-0.0763079424
CtrSVDD_0027_E_0000459,-5.2900413967
CtrSVDD_0028_E_0000460,-5.7920873234
CtrSVDD_0029_E_0000461,-2.1080874134
CtrSVDD_0030_E_0000462,-1.7453951495
CtrSVDD_0031_E_0000463,-6.6946046383
CtrSVDD_0032_E_0000464,0.5447437410
CtrSVDD_0033_E_0000465,-5.7277114319
CtrSVDD_0034_E_0000466,-0.7308942474
CtrSVDD_0035_E_0000467,-2.8658859538
CtrSVDD_0036_E_0000468,-5.0615126700
CtrSVDD_0037_E_0000469,-5.4957085079
CtrSVDD_0038_E_0000470,-5.2855822982
CtrSVDD_0039_E_0000471,-2.0981938253
CtrSVDD_0040_E_0000472,-6.1439070410
CtrSVDD_0041_E_0000473,-0.6824132519
CtrSVDD_0042_E_0000474,-6.3905499638
CtrSVDD_0043_E_0000475,-0.5949194409
CtrSVDD_0044_E_0000476,-3.9890430147
CtrSVDD_0045_E_0000477,-4.3612888402
CtrSVDD_0046_E_0000478,-4.3398294159
CtrSVDD_0047_E_0000479,-1.8058079561
CtrSVDD_0000_E_0000480,-5.1901068128
CtrSVDD_0001_E_0000481,1.6019832540
CtrSVDD_0002_E_0000482,-4.6332448267
CtrSVDD_0003_E_0000483,-4.4452824459
CtrSVDD_0004_E_0000484,-4.7225588729
CtrSVDD_0005_E_0000485,-4.0885362028
CtrSVDD_0006_E_0000486,-3.7374612148
CtrSVDD_0007_E_0000487,-3.8129811509
CtrSVDD_0008_E_0000488,-6.4742389496
CtrSVDD_0009_E_0000489,-4.0983481656
CtrSVDD_0010_E_0000490,-5.5740196287
CtrSVDD_0011_E_0000491,-3.9160712969
CtrSVDD_0012_E_0000492,-4.4653636367
CtrSVDD_0013_E_0000493,-1.7240183225
CtrSVDD_0014_E_0000494,-5.0096871580
CtrSVDD_0015_E_0000495,-4.3408243201
CtrSVDD_0016_E_0000496,-6.3843972175
CtrSVDD_0017_E_0000497,-5.8095269391
CtrSVDD_0018_E_0000498,-4.3348152153
CtrSVDD_0019_E_0000499,-5.0294562939
CtrSVDD_0020_E_0000500,-5.8413497235
CtrSVDD_0021_E_0000501,-2.3469922831
CtrSVDD_0022_E_0000502,-4.1764493350
CtrSVDD_0023_E_0000503,-3.4071074403
CtrSVDD_0024_E_0000504,-3.9760744325
CtrSVDD_0025_E_0000505,-4.9996910707
CtrSVDD_0026_E_0000506,-2.9482360996
CtrSVDD_0027_E_0000507,-0.7145479891
CtrSVDD_0028_E_0000508,-4.4521630213
CtrSVDD_0029_E_0000509,-4.4469276199
CtrSVDD_0030_E_0000510,0.0831933267
CtrSVDD_0031_E_0000511,-3.4511182165
CtrSVDD_0032_E_0000512,-3.8551014392
CtrSVDD_0033_E_0000513,-4.5430946402
CtrSVDD_0034_E_0000514,-5.5273591045
CtrSVDD_0035_E_0000515,-6.7012191563
CtrSVDD_0036_E_0000516,-4.4687197253
CtrSVDD_0037_E_0000517,-4.6836961120
CtrSVDD_0038_E_0000518,-5.8375232383
CtrSVDD_0039_E_0000519,-5.1637922070
CtrSVDD_0040_E_0000520,1.7976633338
CtrSVDD_0041_E_0000521,-2.9705324128
CtrSVDD_0042_E_0000522,-3.3368994044
CtrSVDD_0043_E_0000523,-4.3414275553
CtrSVDD_0044_E_0000524,-3.2773386160
CtrSVDD_0045_E_0000525,-5.0399568453
CtrSVDD_0046_E_0000526,-4.6981473087
CtrSVDD_0047_E_0000527,-4.1766282992
CtrSVDD_0000_E_0000528,0.5180080643
CtrSVDD_0001_E_0000529,-3.2870541837
CtrSVDD_0002_E_0000530,-3.9930806370
CtrSVDD_0003_E_0000531,-5.9535819727
CtrSVDD_0004_E_0000532,-5.3848031015
CtrSVDD_0005_E_0000533,-2.3970510811
CtrSVDD_0006_E_0000534,-4.5329737732
CtrSVDD_0007_E_0000535,-4.9413697181
CtrSVDD_0008_E_0000536,-3.6963717608
CtrSVDD_0009_E_0000537,-2.6324704874
CtrSVDD_0010_E_0000538,2.0938614812
CtrSVDD_0011_E_0000539,0.2049494660
CtrSVDD_0012_E_0000540,-5.5822894462
CtrSVDD_0013_E_0000541,-3.7908177850
CtrSVDD_0014_E_0000542,-5.2785946227
CtrSVDD_0015_E_0000543,-3.6017532821
CtrSVDD_0016_E_0000544,-3.3430207340
CtrSVDD_0017_E_0000545,-5.3621675563
CtrSVDD_0018_E_0000546,-5.6295953118
CtrSVDD_0019_E_0000547,-6.0240321187
CtrSVDD_0020_E_0000548,-6.6516727626
CtrSVDD_0021_E_0000549,-4.7362013846
CtrSVDD_0022_E_0000550,-1.6245976578
CtrSVDD_0023_E_0000551,-1.0737737290
CtrSVDD_0024_E_0000552,-4.2089893875
CtrSVDD_0025_E_0000553,-3.3733501548
CtrSVDD_0026_E_0000554,-5.4356832087
CtrSVDD_0027_E_0000555,-3.9793586207
CtrSVDD_0028_E_0000556,-3.6091437278
CtrSVDD_0029_E_0000557,-1.6745469747
CtrSVDD_0030_E_0000558,-2.2161235640
CtrSVDD_0031_E_0000559,-5.3334000151
CtrSVDD_0032_E_0000560,-0.1086192847
CtrSVDD_0033_E_0000561,-2.3921454480
CtrSVDD_0034_E_0000562,-4.5295885829
CtrSVDD_0035_E_0000563,-5.8398881278
CtrSVDD_0036_E_0000564,-2.8079885883
CtrSVDD_0037_E_0000565,-5.1905722081
CtrSVDD_0038_E_0000566,-4.5245799199
CtrSVDD_0039_E_0000567,-3.3335911913
CtrSVDD_0040_E_0000568,0.4075640663
CtrSVDD_0041_E_0000569,-1.6355961215
CtrSVDD_0042_E_0000570,-3.9140858377
CtrSVDD_0043_E_0000571,-5.3841651780
CtrSVDD_0044_E_0000572,-3.6716640125
CtrSVDD_0045_E_0000573,-6.9038614751
CtrSVDD_0046_E_0000574,-5.3499370017
CtrSVDD_0047_E_0000575,-4.8743647727
CtrSVDD_0000_E_0000576,-3.8760311607
CtrSVDD_0001_E_0000577,-4.2257776431
CtrSVDD_0002_E_0000578,-5.1329057751
CtrSVDD_0003_E_0000579,-4.2345321050
CtrSVDD_0004_E_0000580,-2.5179166249
CtrSVDD_0005_E_0000581,-6.0126258732
CtrSVDD_0006_E_0000582,0.9611126384
CtrSVDD_0007_E_0000583,-5.8023388874
CtrSVDD_0008_E_0000584,-5.0143532542
CtrSVDD_0009_E_0000585,-5.5589696701
CtrSVDD_0010_E_0000586,0.7567181311
CtrSVDD_0011_E_0000587,-3.9613606880
CtrSVDD_0012_E_0000588,-5.9159861573
CtrSVDD_0013_E_0000589,-5.3060273525
CtrSVDD_0014_E_0000590,-0.1878369565
CtrSVDD_0015_E_0000591,-3.9282788798
CtrSVDD_0016_E_0000592,0.2809784640
CtrSVDD_0017_E_0000593,-3.9189062810
CtrSVDD_0018_E_0000594,-3.8599799017
CtrSVDD_0019_E_0000595,-0.5915835914
CtrSVDD_0020_E_0000596,-5.8727023063
CtrSVDD_0021_E_0000597,-4.4698596152
CtrSVDD_0022_E_0000598,-4.9661181140
CtrSVDD_0023_E_0000599,-0.1580188258
CtrSVDD_0024_E_0000600,-5.4977781160
CtrSVDD_0025_E_0000601,-4.0798210080
CtrSVDD_0026_E_0000602,-4.9561255513
CtrSVDD_0027_E_0000603,-4.1544507585
CtrSVDD_0028_E_0000604,-4.7708779340
CtrSVDD_0029_E_0000605,-4.2433249625
CtrSVDD_0030_E_0000606,-0.7419009975
CtrSVDD_0031_E_0000607,-3.4556482964
CtrSVDD_0032_E_0000608,-4.6426821758
CtrSVDD_0033_E_0000609,-5.2386053048
CtrSVDD_0034_E_0000610,-1.7264672134
CtrSVDD_0035_E_0000611,-5.5821097158
CtrSVDD_0036_E_0000612,-5.9466339622
CtrSVDD_0037_E_0000613,0.6718579897
CtrSVDD_0038_E_0000614,-3.7828692517
CtrSVDD_0039_E_0000615,-1.3810844514
CtrSVDD_0040_E_0000616,-3.6882071821
CtrSVDD_0041_E_0000617,-3.0416348942
CtrSVDD_0042_E_0000618,-4.4317432336
CtrSVDD_0043_E_0000619,-0.9689532745
CtrSVDD_0044_E_0000620,-2.7731236668
CtrSVDD_0045_E_0000621,-6.3588849355
CtrSVDD_0046_E_0000622,-3.0428290414
CtrSVDD_0047_E_0000623,-8.2106592088
CtrSVDD_0000_E_0000624,-4.7941024868
CtrSVDD_0001_E_0000625,-6.1041754274
CtrSVDD_0002_E_0000626,-2.6064853425
CtrSVDD_0003_E_0000627,-4.2573165063
CtrSVDD_0004_E_0000628,-3.7012078146
CtrSVDD_0005_E_0000629,-4.4257437398
CtrSVDD_0006_E_0000630,-3.9953941261
CtrSVDD_0007_E_0000631,-5.6713955637
CtrSVDD_0008_E_0000632,-3.2522764575
CtrSVDD_0009_E_0000633,-7.7518400607
CtrSVDD_0010_E_0000634,-3.5505349476
CtrSVDD_0011_E_0000635,-2.8806210446
CtrSVDD_0012_E_0000636,-4.3129505452
CtrSVDD_0013_E_0000637,-0.4381572148
CtrSVDD_0014_E_0000638,-3.1089230124
CtrSVDD_0015_E_0000639,-2.4436088324
CtrSVDD_0016_E_0000640,-6.0138901022
CtrSVDD_0017_E_0000641,-2.9960321672
CtrSVDD_0018_E_0000642,-3.6114352232
CtrSVDD_0019_E_0000643,-6.5698325310
CtrSVDD_0020_E_0000644,-4.2158425574
CtrSVDD_0021_E_0000645,-5.1068480636
CtrSVDD_0022_E_0000646,0.5471678918
CtrSVDD_0023_E_0000647,-7.1480098775
CtrSVDD_0024_E_0000648,-2.5740301719
CtrSVDD_0025_E_0000649,-5.8016686970
CtrSVDD_0026_E_0000650,-4.4851899035
CtrSVDD_0027_E_0000651,0.0847279455
CtrSVDD_0028_E_0000652,-4.1488977586
CtrSVDD_0029_E_0000653,-5.5990296170
CtrSVDD_0030_E_0000654,-3.5285538119
CtrSVDD_0031_E_0000655,-4.6533220625
CtrSVDD_0032_E_0000656,-4.5346568956
CtrSVDD_0033_E_0000657,-4.2318781885
CtrSVDD_0034_E_0000658,-4.8446723330
CtrSVDD_0035_E_0000659,-5.3786376294
CtrSVDD_0036_E_0000660,-0.0624592578
CtrSVDD_0037_E_0000661,-4.9896313314
CtrSVDD_0038_E_0000662,-3.2318186775
CtrSVDD_0039_E_0000663,-5.0128767921
CtrSVDD_0040_E_0000664,0.8138400168
CtrSVDD_0041_E_0000665,-5.4070485332
CtrSVDD_0042_E_0000666,0.4228111722
CtrSVDD_0043_E_0000667,-3.3888799989
CtrSVDD_0044_E_0000668,-3.9981859175
CtrSVDD_0045_E_0000669,-4.0054410002
CtrSVDD_0046_E_0000670,-3.1418923227
CtrSVDD_0047_E_0000671,-3.4586579695
CtrSVDD_0000_E_0000672,-4.4009390409
CtrSVDD_0001_E_0000673,-5.0205335539
CtrSVDD_0002_E_0000674,-4.8503021617
CtrSVDD_0003_E_0000675,-4.3059372062
CtrSVDD_0004_E_0000676,-4.7944661513
CtrSVDD_0005_E_0000677,-4.4656883842
CtrSVDD_0006_E_0000678,-5.4787657765
CtrSVDD_0007_E_0000679,-4.8846288807
CtrSVDD_0008_E_0000680,-4.8342369860
CtrSVDD_0009_E_0000681,-6.9272694440
CtrSVDD_0010_E_0000682,-5.0301423897
CtrSVDD_0011_E_0000683,-4.6497612151
CtrSVDD_0012_E_0000684,-4.3812303646
CtrSVDD_0013_E_0000685,-3.6721348703
CtrSVDD_0014_E_0000686,-6.0072211087
CtrSVDD_0015_E_0000687,-0.0650895778
CtrSVDD_0016_E_0000688,-4.9357509905
CtrSVDD_0017_E_0000689,-5.1431790340
CtrSVDD_0018_E_0000690,-3.5945246054
CtrSVDD_0019_E_0000691,-5.6961791010
CtrSVDD_0020_E_0000692,-4.1702931978
CtrSVDD_0021_E_0000693,-4.3366236381
CtrSVDD_0022_E_0000694,-3.1591298877
CtrSVDD_0023_E_0000695,-5.4989867543
CtrSVDD_0024_E_0000696,-4.6232934531
CtrSVDD_0025_E_0000697,-4.0691893678
CtrSVDD_0026_E_0000698,-3.0762090882
CtrSVDD_0027_E_0000699,-3.4220862687
CtrSVDD_0028_E_0000700,-4.3784162692
CtrSVDD_0029_E_0000701,-3.8072157861
CtrSVDD_0030_E_0000702,-4.6621954828
CtrSVDD_0031_E_0000703,-3.9720337342
CtrSVDD_0032_E_0000704,-1.6086134433
CtrSVDD_0033_E_0000705,-3.4683478684
CtrSVDD_0034_E_0000706,-6.7764771719
CtrSVDD_0035_E_0000707,-2.7070876682
CtrSVDD_0036_E_0000708,1.7310263173
CtrSVDD_0037_E_0000709,-6.8504854237
CtrSVDD_0038_E_0000710,-5.6194559253
CtrSVDD_0039_E_0000711,-2.7950955674
CtrSVDD_0040_E_0000712,-1.8799176486
CtrSVDD_0041_E_0000713,-3.1496619702
CtrSVDD_0042_E_0000714,-3.8768071174
CtrSVDD_0043_E_0000715,-5.2035215818
CtrSVDD_0044_E_0000716,1.0733122116
CtrSVDD_0045_E_0000717,-6.1245122911
CtrSVDD_0046_E_0000718,-0.5101690464
CtrSVDD_0047_E_0000719,-2.7746553152
CtrSVDD_0000_E_0000720,0.6049670462
CtrSVDD_0001_E_0000721,-4.4937113348
CtrSVDD_0002_E_0000722,-6.9916812496
CtrSVDD_0003_E_0000723,-5.3034991062
CtrSVDD_0004_E_0000724,-6.4415947680
CtrSVDD_0005_E_0000725,-6.9463855474
CtrSVDD_0006_E_0000726,-0.7602717402
CtrSVDD_0007_E_0000727,-2.9913530637
CtrSVDD_0008_E_0000728,-3.8457683978
CtrSVDD_0009_E_0000729,-6.3332582259
CtrSVDD_0010_E_0000730,-7.9692440925
CtrSVDD_0011_E_0000731,-0.5700579520
CtrSVDD_0012_E_0000732,-2.2809418658
CtrSVDD_0013_E_0000733,-5.6700187685
CtrSVDD_0014_E_0000734,-5.2726500869
CtrSVDD_0015_E_0000735,-7.0198080800
CtrSVDD_0016_E_0000736,-6.3651205203
CtrSVDD_0017_E_0000737,-3.6756615522
CtrSVDD_0018_E_0000738,-3.7637428858
CtrSVDD_0019_E_0000739,1.0847652160
CtrSVDD_0020_E_0000740,-5.5553040945
CtrSVDD_0021_E_0000741,0.4261121056
CtrSVDD_0022_E_0000742,-3.0701768318
CtrSVDD_0023_E_0000743,-2.6393305266
CtrSVDD_0024_E_0000744,0.8080100070
CtrSVDD_0025_E_0000745,-4.5498718106
CtrSVDD_0026_E_0000746,-3.8238885156
CtrSVDD_0027_E_0000747,-3.9911477194
CtrSVDD_0028_E_0000748,-0.1142492917
CtrSVDD_0029_E_0000749,-2.8676694945
CtrSVDD_0030_E_0000750,-5.9386179916
CtrSVDD_0031_E_0000751,-5.8127638392
CtrSVDD_0032_E_0000752,-5.4912079779
CtrSVDD_0033_E_0000753,-4.2374936430
CtrSVDD_0034_E_0000754,-6.2133360584
CtrSVDD_0035_E_0000755,-4.7834566786
CtrSVDD_0036_E_0000756,-6.1380118293
CtrSVDD_0037_E_0000757,-3.3153972347
CtrSVDD_0038_E_0000758,-4.9004700446
CtrSVDD_0039_E_0000759,-4.3532295589
CtrSVDD_0040_E_0000760,-3.2047536141
CtrSVDD_0041_E_0000761,-4.6479011559
CtrSVDD_0042_E_0000762,-5.8607022004
CtrSVDD_0043_E_0000763,-2.4636300206
CtrSVDD_0044_E_0000764,-2.3463677490
CtrSVDD_0045_E_0000765,-6.5218807729
CtrSVDD_0046_E_0000766,-6.1310309214
CtrSVDD_0047_E_0000767,0.1100264567
CtrSVDD_0000_E_0000768,-7.1690119292
CtrSVDD_0001_E_0000769,-3.5596452924
CtrSVDD_0002_E_0000770,-4.1906601697
CtrSVDD_0003_E_0000771,-6.0970638834
CtrSVDD_0004_E_0000772,-4.9762943821
CtrSVDD_0005_E_0000773,-2.9117184688
CtrSVDD_0006_E_0000774,-4.4280527532
CtrSVDD_0007_E_0000775,-5.1419225799
CtrSVDD_0008_E_0000776,-3.4794331353
CtrSVDD_0009_E_0000777,1.3933814760
CtrSVDD_0010_E_0000778,-4.2558445996
CtrSVDD_0011_E_0000779,-1.5501990408
CtrSVDD_0012_E_0000780,-4.1263502537
CtrSVDD_0013_E_0000781,-6.2950039113
CtrSVDD_0014_E_0000782,-4.3696143586
CtrSVDD_0015_E_0000783,-3.6102859222
CtrSVDD_0016_E_0000784,-4.5481752421
CtrSVDD_0017_E_0000785,-0.4848395315
CtrSVDD_0018_E_0000786,-5.5027659018
CtrSVDD_0019_E_0000787,-6.4312038420
CtrSVDD_0020_E_0000788,-5.3680851336
CtrSVDD_0021_E_0000789,-5.5644532418
CtrSVDD_0022_E_0000790,-4.2028746674
CtrSVDD_0023_E_0000791,0.1651046575
CtrSVDD_0024_E_0000792,-6.1729975193
CtrSVDD_0025_E_0000793,-3.3168274186
CtrSVDD_0026_E_0000794,-4.0943595619
CtrSVDD_0027_E_0000795,-5.5540141247
CtrSVDD_0028_E_0000796,-5.6163402969
CtrSVDD_0029_E_0000797,-2.6140158534
CtrSVDD_0030_E_0000798,-4.0864602997
CtrSVDD_0031_E_0000799,-3.4474080730
CtrSVDD_0032_E_0000800,-8.0512802003
CtrSVDD_0033_E_0000801,-4.8852328176
CtrSVDD_0034_E_0000802,-4.3152051302
CtrSVDD_0035_E_0000803,-5.1286360084
CtrSVDD_0036_E_0000804,-5.2573512983
CtrSVDD_0037_E_0000805,-2.6587301690
CtrSVDD_0038_E_0000806,-5.2485767866
CtrSVDD_0039_E_0000807,-5.5486133524
CtrSVDD_0040_E_0000808,-4.1118120431
CtrSVDD_0041_E_0000809,-2.2887655570
CtrSVDD_0042_E_0000810,-4.1121773730
CtrSVDD_0043_E_0000811,-3.7341926916
CtrSVDD_0044_E_0000812,-6.7747562872
CtrSVDD_0045_E_0000813,-2.2391577033
CtrSVDD_0046_E_0000814,-2.2529763554
CtrSVDD_0047_E_0000815,-6.6145085157
CtrSVDD_0000_E_0000816,-6.5579336897
CtrSVDD_0001_E_0000817,-1.0467803551
CtrSVDD_0002_E_0000818,-4.0981228180
CtrSVDD_0003_E_0000819,-4.1528239418
CtrSVDD_0004_E_0000820,-6.1987577182
CtrSVDD_0005_E_0000821,-6.5694013177
CtrSVDD_0006_E_0000822,1.0419539366
CtrSVDD_0007_E_0000823,-4.0644844472
CtrSVDD_0008_E_0000824,-3.9068311843
CtrSVDD_0009_E_0000825,-2.9575505421
CtrSVDD_0010_E_0000826,-2.7690411844
CtrSVDD_0011_E_0000827,-5.8794515002
CtrSVDD_0012_E_0000828,-3.9250312729
CtrSVDD_0013_E_0000829,-6.4367147364
CtrSVDD_0014_E_0000830,-4.0971873762
CtrSVDD_0015_E_0000831,-3.0580083400
CtrSVDD_0016_E_0000832,-5.0526698188
CtrSVDD_0017_E_0000833,-5.6334496523
CtrSVDD_0018_E_0000834,-3.6368206900
CtrSVDD_0019_E_0000835,-3.5980315125
CtrSVDD_0020_E_0000836,-3.9786473504
CtrSVDD_0021_E_0000837,-4.1655574403
CtrSVDD_0022_E_0000838,-1.4066864453
CtrSVDD_0023_E_0000839,-4.7172951274
CtrSVDD_0024_E_0000840,0.0819206398
CtrSVDD_0025_E_0000841,-4.9748410743
CtrSVDD_0026_E_0000842,-7.0364084048
CtrSVDD_0027_E_0000843,-5.2489433555
CtrSVDD_0028_E_0000844,-5.5676688306
CtrSVDD_0029_E_0000845,-6.0564718971
CtrSVDD_0030_E_0000846,-1.8041059572
CtrSVDD_0031_E_0000847,-5.5887331264
CtrSVDD_0032_E_0000848,-4.6996740045
CtrSVDD_0033_E_0000849,-4.2568698499
CtrSVDD_0034_E_0000850,-6.7214092360
CtrSVDD_0035_E_0000851,-6.0783266626
CtrSVDD_0036_E_0000852,-6.2153584990
CtrSVDD_0037_E_0000853,-5.2170700754
CtrSVDD_0038_E_0000854,-3.6345970717
CtrSVDD_0039_E_0000855,-4.9532169684
CtrSVDD_0040_E_0000856,-6.0485468285
CtrSVDD_0041_E_0000857,-6.1590111587
CtrSVDD_0042_E_0000858,-4.9604872511
CtrSVDD_0043_E_0000859,-6.7266644130
CtrSVDD_0044_E_0000860,0.3999761177
CtrSVDD_0045_E_0000861,-5.7738230079
CtrSVDD_0046_E_0000862,-4.0554606661
CtrSVDD_0047_E_0000863,-4.2617598691
CtrSVDD_0000_E_0000864,-5.0488373847
CtrSVDD_0001_E_0000865,-4.2625751966
CtrSVDD_0002_E_0000866,2.1055201391
CtrSVDD_0003_E_0000867,2.4883199322
CtrSVDD_0004_E_0000868,-4.8198286586
CtrSVDD_0005_E_0000869,-5.2779889375
CtrSVDD_0006_E_0000870,-0.1721987889
CtrSVDD_0007_E_0000871,-4.3706051412
CtrSVDD_0008_E_0000872,-5.8821743490
CtrSVDD_0009_E_0000873,-4.6727311413
CtrSVDD_0010_E_0000874,0.3385708627
CtrSVDD_0011_E_0000875,0.1227011540
CtrSVDD_0012_E_0000876,-2.5498869238
CtrSVDD_0013_E_0000877,-4.5544511669
CtrSVDD_0014_E_0000878,-5.7666557940
CtrSVDD_0015_E_0000879,-5.3094423710
CtrSVDD_0016_E_0000880,-5.2137839165
CtrSVDD_0017_E_0000881,-5.4004219063
CtrSVDD_0018_E_0000882,-5.4457948274
CtrSVDD_0019_E_0000883,-6.2960016952
CtrSVDD_0020_E_0000884,-3.2475490012
CtrSVDD_0021_E_0000885,-2.1895289836
CtrSVDD_0022_E_0000886,-2.4426377346
CtrSVDD_0023_E_0000887,-5.9504057836
CtrSVDD_0024_E_0000888,-4.1102869524
CtrSVDD_0025_E_0000889,-3.1694091799
CtrSVDD_0026_E_0000890,-3.1535305428
CtrSVDD_0027_E_0000891,-3.6468657724
CtrSVDD_0028_E_0000892,-6.6183749919
CtrSVDD_0029_E_0000893,0.5277739351
CtrSVDD_0030_E_0000894,-3.3853187218
CtrSVDD_0031_E_0000895,-3.2589352893
CtrSVDD_0032_E_0000896,-5.9192866691
CtrSVDD_0033_E_0000897,0.7038046679
CtrSVDD_0034_E_0000898,-6.8885481254
CtrSVDD_0035_E_0000899,-5.2722296195
CtrSVDD_0036_E_0000900,-4.3838211508
CtrSVDD_0037_E_0000901,-4.0559181504
CtrSVDD_0038_E_0000902,-4.3924306592
CtrSVDD_0039_E_0000903,-5.0171801205
CtrSVDD_0040_E_0000904,0.7992729940
CtrSVDD_0041_E_0000905,-3.8840579450
CtrSVDD_0042_E_0000906,-4.9995300230
CtrSVDD_0043_E_0000907,-6.9879900954
CtrSVDD_0044_E_0000908,-5.0848168823
CtrSVDD_0045_E_0000909,-0.4801251684
CtrSVDD_0046_E_0000910,-5.7426990796
CtrSVDD_0047_E_0000911,-5.7588899396
CtrSVDD_0000_E_0000912,1.1409127093
CtrSVDD_0001_E_0000913,0.5390624707
CtrSVDD_0002_E_0000914,-5.9338122999
CtrSVDD_0003_E_0000915,-3.8646983177
CtrSVDD_0004_E_0000916,-5.3690992123
CtrSVDD_0005_E_0000917,-6.3960674640
CtrSVDD_0006_E_0000918,-5.2870681978
CtrSVDD_0007_E_0000919,-5.8471089097
CtrSVDD_0008_E_0000920,-5.6272491865
CtrSVDD_0009_E_0000921,-5.5639363779
CtrSVDD_0010_E_0000922,-4.0825574190
CtrSVDD_0011_E_0000923,-5.1423150828
CtrSVDD_0012_E_0000924,-3.5345010712
CtrSVDD_0013_E_0000925,-3.7752933084
CtrSVDD_0014_E_0000926,-3.8244029786
CtrSVDD_0015_E_0000927,-6.3525098448
CtrSVDD_0016_E_0000928,-4.7315771107
CtrSVDD_0017_E_0000929,-3.6775479871
CtrSVDD_0018_E_0000930,-3.1025215558
CtrSVDD_0019_E_0000931,-6.0455359571
CtrSVDD_0020_E_0000932,-4.7201806167
CtrSVDD_0021_E_0000933,-3.7231305135
CtrSVDD_0022_E_0000934,-4.7453426744
CtrSVDD_0023_E_0000935,-4.7357199111
CtrSVDD_0024_E_0000936,-4.7476655242
CtrSVDD_0025_E_0000937,-6.5644338763
CtrSVDD_0026_E_0000938,-4.8424187746
CtrSVDD_0027_E_0000939,-6.8730452386
CtrSVDD_0028_E_0000940,-4.9007877843
CtrSVDD_0029_E_0000941,-4.1631342703
CtrSVDD_0030_E_0000942,-3.8265041567
CtrSVDD_0031_E_0000943,-5.2741355242
CtrSVDD_0032_E_0000944,-6.8641503690
CtrSVDD_0033_E_0000945,1.0158311043
CtrSVDD_0034_E_0000946,-4.0606812561
CtrSVDD_0035_E_0000947,-5.3610318717
CtrSVDD_0036_E_0000948,-1.0018702764
CtrSVDD_0037_E_0000949,-4.4360703441
CtrSVDD_0038_E_0000950,-0.1452840503
CtrSVDD_0039_E_0000951,-5.6555460003
CtrSVDD_0040_E_0000952,-5.9848008256
CtrSVDD_0041_E_0000953,-2.2132051476
CtrSVDD_0042_E_0000954,-5.2949816581
CtrSVDD_0043_E_0000955,-1.7032669676
CtrSVDD_0044_E_0000956,-3.2397665171
CtrSVDD_0045_E_0000957,-5.1360984385
CtrSVDD_0046_E_0000958,-1.1171015851
CtrSVDD_0047_E_0000959,-5.4479453324
CtrSVDD_0000_E_0000960,-5.9271712176
CtrSVDD_0001_E_0000961,-4.6454999491
CtrSVDD_0002_E_0000962,-5.2711651086
CtrSVDD_0003_E_0000963,-4.0541970578
CtrSVDD_0004_E_0000964,0.1608521865
CtrSVDD_0005_E_0000965,-4.0403041971
CtrSVDD_0006_E_0000966,2.2516466494
CtrSVDD_0007_E_0000967,-3.6754153880
CtrSVDD_0008_E_0000968,-5.5477643416
CtrSVDD_0009_E_0000969,-5.6671872268
CtrSVDD_0010_E_0000970,-4.3964503486
CtrSVDD_0011_E_0000971,-6.0512766925
CtrSVDD_0012_E_0000972,-6.2225376401
CtrSVDD_0013_E_0000973,-4.1584140869
CtrSVDD_0014_E_0000974,-2.7895431157
CtrSVDD_0015_E_0000975,-3.4487025585
CtrSVDD_0016_E_0000976,-1.3434402402
CtrSVDD_0017_E_0000977,-0.3370899316
CtrSVDD_0018_E_0000978,0.2827822652
CtrSVDD_0019_E_0000979,-4.1353645858
CtrSVDD_0020_E_0000980,1.1041426793
CtrSVDD_0021_E_0000981,-6.3851997014
CtrSVDD_0022_E_0000982,-5.0792011898
CtrSVDD_0023_E_0000983,-4.2309713088
CtrSVDD_0024_E_0000984,-7.2478151948
CtrSVDD_0025_E_0000985,-0.4567100527
CtrSVDD_0026_E_0000986,-3.6023096713
CtrSVDD_0027_E_0000987,-3.8649874060
CtrSVDD_0028_E_0000988,-3.7666893247
CtrSVDD_0029_E_0000989,0.7474381782
CtrSVDD_0030_E_0000990,-5.4917930229
CtrSVDD_0031_E_0000991,-3.5909222861
CtrSVDD_0032_E_0000992,-4.1860812781
CtrSVDD_0033_E_0000993,-4.6090742656
CtrSVDD_0034_E_0000994,-2.4704579929
CtrSVDD_0035_E_0000995,-3.3588387725
CtrSVDD_0036_E_0000996,-2.9846800650
CtrSVDD_0037_E_0000997,-4.5480095067
CtrSVDD_0038_E_0000998,-3.7696343015
CtrSVDD_0039_E_0000999,-5.4567398199
CtrSVDD_0040_E_0001000,-5.4536081749
CtrSVDD_0041_E_0001001,0.3432308474
CtrSVDD_0042_E_0001002,-4.2240728952
CtrSVDD_0043_E_0001003,-5.2346025575
CtrSVDD_0044_E_0001004,-0.0348741193
CtrSVDD_0045_E_0001005,-4.5875961356
CtrSVDD_0046_E_0001006,-4.3029421581
CtrSVDD_0047_E_0001007,-3.6760472530
CtrSVDD_0000_E_0001008,-4.4864959876
CtrSVDD_0001_E_0001009,-2.8102711732
CtrSVDD_0002_E_0001010,-1.2586761719
CtrSVDD_0003_E_0001011,-5.1201443847
CtrSVDD_0004_E_0001012,-4.5909179877
CtrSVDD_0005_E_0001013,-6.5340018326
CtrSVDD_0006_E_0001014,-6.6047005501
CtrSVDD_0007_E_0001015,-0.1058055829
CtrSVDD_0008_E_0001016,-2.8763014443
CtrSVDD_0009_E_0001017,-4.1560734033
CtrSVDD_0010_E_0001018,-5.3478736487
CtrSVDD_0011_E_0001019,-6.6463753350
CtrSVDD_0012_E_0001020,-5.5853688457
CtrSVDD_0013_E_0001021,-6.0009472974
CtrSVDD_0014_E_0001022,0.7620651227
CtrSVDD_0015_E_0001023,-5.6944373019
CtrSVDD_0016_E_0001024,-1.0323732006
CtrSVDD_0017_E_0001025,-4.6369686825
CtrSVDD_0018_E_0001026,-5.9993090753
CtrSVDD_0019_E_0001027,-5.5510035439
CtrSVDD_0020_E_0001028,-6.3596839493
CtrSVDD_0021_E_0001029,-4.7903030877
CtrSVDD_0022_E_0001030,-4.8024530932
CtrSVDD_0023_E_0001031,-6.4486470745
CtrSVDD_0024_E_0001032,-3.1426765601
CtrSVDD_0025_E_0001033,-4.4488145161
CtrSVDD_0026_E_0001034,-6.1018924995
CtrSVDD_0027_E_0001035,0.8676194803
CtrSVDD_0028_E_0001036,-3.7150088578
CtrSVDD_0029_E_0001037,-5.6682885419
CtrSVDD_0030_E_0001038,-3.6313572379
CtrSVDD_0031_E_0001039,-3.7808022363
CtrSVDD_0032_E_0001040,-5.2969335008
CtrSVDD_0033_E_0001041,-3.9304547228
CtrSVDD_0034_E_0001042,-4.7495852484
CtrSVDD_0035_E_0001043,-5.2686286634
CtrSVDD_0036_E_0001044,-3.7786778170
CtrSVDD_0037_E_0001045,-4.2587861167
CtrSVDD_0038_E_0001046,-6.0853151242
CtrSVDD_0039_E_0001047,-6.3408965059
CtrSVDD_0040_E_0001048,-4.9434926322
CtrSVDD_0041_E_0001049,-6.5146104329
CtrSVDD_0042_E_0001050,-6.2409835787
CtrSVDD_0043_E_0001051,-6.1526246257
CtrSVDD_0044_E_0001052,-4.8084574381
CtrSVDD_0045_E_0001053,-5.1547015936
CtrSVDD_0046_E_0001054,-6.3022673267
CtrSVDD_0047_E_0001055,-5.0382262264
CtrSVDD_0000_E_0001056,-2.3418579927
CtrSVDD_0001_E_0001057,-3.0343904174
CtrSVDD_0002_E_0001058,-3.5797857755
CtrSVDD_0003_E_0001059,-4.9780911498
CtrSVDD_0004_E_0001060,-5.2050090404
CtrSVDD_0005_E_0001061,-6.8322956987
CtrSVDD_0006_E_0001062,1.4591230250
CtrSVDD_0007_E_0001063,-2.6784937284
CtrSVDD_0008_E_0001064,-4.5925228858
CtrSVDD_0009_E_0001065,-4.1420647584
CtrSVDD_0010_E_0001066,-3.7952982418
CtrSVDD_0011_E_0001067,-2.1465888349
CtrSVDD_0012_E_0001068,-5.0980039881
CtrSVDD_0013_E_0001069,-0.9486994764
CtrSVDD_0014_E_0001070,-1.4281424198
CtrSVDD_0015_E_0001071,-1.2619361569
CtrSVDD_0016_E_0001072,-4.6003643068
CtrSVDD_0017_E_0001073,0.9218921745
CtrSVDD_0018_E_0001074,-4.9263741169
CtrSVDD_0019_E_0001075,-4.4651481518
CtrSVDD_0020_E_0001076,-5.8847015773
CtrSVDD_0021_E_0001077,-5.4153855286
CtrSVDD_0022_E_0001078,-2.4705471259
CtrSVDD_0023_E_0001079,-7.0875215146
CtrSVDD_0024_E_0001080,-3.5497003271
CtrSVDD_0025_E_0001081,-5.3354742101
CtrSVDD_0026_E_0001082,-4.1705076920
CtrSVDD_0027_E_0001083,-2.7945258960
CtrSVDD_0028_E_0001084,-6.6656893259
CtrSVDD_0029_E_0001085,0.0538793990
CtrSVDD_0030_E_0001086,-0.0485973836
CtrSVDD_0031_E_0001087,-5.5977180457
CtrSVDD_0032_E_0001088,-2.4236612016
CtrSVDD_0033_E_0001089,-0.3349511434
CtrSVDD_0034_E_0001090,-6.5875952874
CtrSVDD_0035_E_0001091,-4.3829509824
CtrSVDD_0036_E_0001092,-6.5493876154
CtrSVDD_0037_E_0001093,-4.6307017353
CtrSVDD_0038_E_0001094,-1.5140138711
CtrSVDD_0039_E_0001095,-3.2402465066
CtrSVDD_0040_E_0001096,-3.2158975047
CtrSVDD_0041_E_0001097,-3.8217210397
CtrSVDD_0042_E_0001098,-3.1107075714
CtrSVDD_0043_E_0001099,-1.1118956117
CtrSVDD_0044_E_0001100,-5.6476490948
CtrSVDD_0045_E_0001101,-5.5952413635
CtrSVDD_0046_E_0001102,-4.7596221798
CtrSVDD_0047_E_0001103,-5.5455690147
CtrSVDD_0000_E_0001104,-3.6979766175
CtrSVDD_0001_E_0001105,-4.6208230717
CtrSVDD_0002_E_0001106,-4.2814324667
CtrSVDD_0003_E_0001107,-0.1410444574
CtrSVDD_0004_E_0001108,-3.3779109270
CtrSVDD_0005_E_0001109,-4.7293870683
CtrSVDD_0006_E_0001110,-4.0280565539
CtrSVDD_0007_E_0001111,-0.5799594487
CtrSVDD_0008_E_0001112,-0.8881836646
CtrSVDD_0009_E_0001113,-6.6882494504
CtrSVDD_0010_E_0001114,-4.5684951774
CtrSVDD_0011_E_0001115,-4.2937755438
CtrSVDD_0012_E_0001116,-4.1736287455
CtrSVDD_0013_E_0001117,-1.7434627580
CtrSVDD_0014_E_0001118,-6.2525166438
CtrSVDD_0015_E_0001119,-7.3949359632
CtrSVDD_0016_E_0001120,-4.3420380870
CtrSVDD_0017_E_0001121,-5.9762732331
CtrSVDD_0018_E_0001122,0.0383500604
CtrSVDD_0019_E_0001123,-3.0650407273
CtrSVDD_0020_E_0001124,-4.9121759491
CtrSVDD_0021_E_0001125,-4.4569479908
CtrSVDD_0022_E_0001126,1.4649441180
CtrSVDD_0023_E_0001127,-3.4137741809
CtrSVDD_0024_E_0001128,-3.0044812320
CtrSVDD_0025_E_0001129,-6.2567373959
CtrSVDD_0026_E_0001130,-3.6313482921
CtrSVDD_0027_E_0001131,-4.6875193140
CtrSVDD_0028_E_0001132,0.5394049451
CtrSVDD_0029_E_0001133,-3.0983453589
CtrSVDD_0030_E_0001134,-0.5783052720
CtrSVDD_0031_E_0001135,-2.6536610516
CtrSVDD_0032_E_0001136,-6.2790655777
CtrSVDD_0033_E_0001137,-2.4520130239
CtrSVDD_0034_E_0001138,-7.5668331172
CtrSVDD_0035_E_0001139,-2.1402861583
CtrSVDD_0036_E_0001140,-3.8966707565
CtrSVDD_0037_E_0001141,-4.8567323867
CtrSVDD_0038_E_0001142,-3.8472736741
CtrSVDD_0039_E_0001143,-3.2827917705
CtrSVDD_0040_E_0001144,-2.7876886485
CtrSVDD_0041_E_0001145,1.1136355709
CtrSVDD_0042_E_0001146,-4.6390782282
CtrSVDD_0043_E_0001147,-3.1788725622
CtrSVDD_0044_E_0001148,-4.5045785801
CtrSVDD_0045_E_0001149,2.6170276295
CtrSVDD_0046_E_0001150,-2.2190331074
CtrSVDD_0047_E_0001151,-3.8907057776
CtrSVDD_0000_E_0001152,-5.9026807483
CtrSVDD_0001_E_0001153,-3.6030261270
CtrSVDD_0002_E_0001154,-5.6631079039
CtrSVDD_0003_E_0001155,-2.9280956485
CtrSVDD_0004_E_0001156,-4.1984996467
CtrSVDD_0005_E_0001157,-6.2633406581
CtrSVDD_0006_E_0001158,-4.9675723253
CtrSVDD_0007_E_0001159,-6.0576310300
CtrSVDD_0008_E_0001160,-6.0273441761
CtrSVDD_0009_E_0001161,-4.8149554335
CtrSVDD_0010_E_0001162,-0.1340525266
CtrSVDD_0011_E_0001163,-3.8792397541
CtrSVDD_0012_E_0001164,-5.3064284322
CtrSVDD_0013_E_0001165,-2.8517809086
CtrSVDD_0014_E_0001166,0.8473630158
CtrSVDD_0015_E_0001167,-6.2048749857
CtrSVDD_0016_E_0001168,-4.0237991424
CtrSVDD_0017_E_0001169,1.8281814675
CtrSVDD_0018_E_0001170,-4.9070968599
CtrSVDD_0019_E_0001171,-4.8205493345
CtrSVDD_0020_E_0001172,-0.8717027939
CtrSVDD_0021_E_0001173,-5.6471712284
CtrSVDD_0022_E_0001174,-4.4298338429
CtrSVDD_0023_E_0001175,-4.3402343428
CtrSVDD_0024_E_0001176,-5.6132281314
CtrSVDD_0025_E_0001177,-3.1237711724
CtrSVDD_0026_E_0001178,-4.5750724489
CtrSVDD_0027_E_0001179,-0.9261795494
CtrSVDD_0028_E_0001180,-6.1043686932
CtrSVDD_0029_E_0001181,-6.2804626917
CtrSVDD_0030_E_0001182,-4.2498125574
CtrSVDD_0031_E_0001183,-3.5925426191
CtrSVDD_0032_E_0001184,-5.4271318439
CtrSVDD_0033_E_0001185,-5.2303784259
CtrSVDD_0034_E_0001186,-6.5365393936
CtrSVDD_0035_E_0001187,-4.8134690684
CtrSVDD_0036_E_0001188,-4.8660360377
CtrSVDD_0037_E_0001189,-4.3000520510
CtrSVDD_0038_E_0001190,-5.2873424870
CtrSVDD_0039_E_0001191,-3.4632510023
CtrSVDD_0040_E_0001192,-4.5453079468
CtrSVDD_0041_E_0001193,-3.3995974198
CtrSVDD_0042_E_0001194,-4.4222883154
CtrSVDD_0043_E_0001195,-3.5616363667
CtrSVDD_0044_E_0001196,-3.9150332743
CtrSVDD_0045_E_0001197,-5.0731217519
CtrSVDD_0046_E_0001198,-3.1578788928
CtrSVDD_0047_E_0001199,2.0814974982
CtrSVDD_0000_E_0001200,-3.6164516664
CtrSVDD_0001_E_0001201,-1.8106148215
CtrSVDD_0002_E_0001202,-4.9559339905
CtrSVDD_0003_E_0001203,1.1118956117
CtrSVDD_0004_E_0001204,-4.6649297845
CtrSVDD_0005_E_0001205,-4.8152990891
CtrSVDD_0006_E_0001206,-4.1404653727
CtrSVDD_0007_E_0001207,-8.3834510200
CtrSVDD_0008_E_0001208,-4.4478847218
CtrSVDD_0009_E_0001209,-2.8551533672
CtrSVDD_0010_E_0001210,-2.1435085402
CtrSVDD_0011_E_0001211,-4.5491546007
CtrSVDD_0012_E_0001212,-3.1585728457
CtrSVDD_0013_E_0001213,-5.2132779386
CtrSVDD_0014_E_0001214,-0.0764652898
CtrSVDD_0015_E_0001215,-0.8758006938
CtrSVDD_0016_E_0001216,-6.2577003739
CtrSVDD_0017_E_0001217,-5.0169398700
CtrSVDD_0018_E_0001218,-4.8887456927
CtrSVDD_0019_E_0001219,-4.1299917376
CtrSVDD_0020_E_0001220,-5.6889489273
CtrSVDD_0021_E_0001221,-7.4561669288
CtrSVDD_0022_E_0001222,-4.3569629060
CtrSVDD_0023_E_0001223,-5.1421299779
CtrSVDD_0024_E_0001224,-4.9270076845
CtrSVDD_0025_E_0001225,-6.1899245056
CtrSVDD_0026_E_0001226,-6.3278326948
CtrSVDD_0027_E_0001227,-4.7154179048
CtrSVDD_0028_E_0001228,-5.0633338607
CtrSVDD_0029_E_0001229,-4.3438369256
CtrSVDD_0030_E_0001230,-4.8684926459
CtrSVDD_0031_E_0001231,-6.5575530789
CtrSVDD_0032_E_0001232,-6.1134771580
CtrSVDD_0033_E_0001233,0.1849903467
CtrSVDD_0034_E_0001234,-4.9779213697
CtrSVDD_0035_E_0001235,-5.0357902850
CtrSVDD_0036_E_0001236,-3.3284155429
CtrSVDD_0037_E_0001237,-5.7228295146
CtrSVDD_0038_E_0001238,0.3282197238
CtrSVDD_0039_E_0001239,-2.4122642032
CtrSVDD_0040_E_0001240,-5.8945519936
CtrSVDD_0041_E_0001241,-4.3188827155
CtrSVDD_0042_E_0001242,-3.3893577010
CtrSVDD_0043_E_0001243,-5.1589689097
CtrSVDD_0044_E_0001244,-4.8307128445
CtrSVDD_0045_E_0001245,1.4155212894
CtrSVDD_0046_E_0001246,-4.1797860880
CtrSVDD_0047_E_0001247,-5.3624952408
CtrSVDD_0000_E_0001248,-5.0239281535
CtrSVDD_0001_E_0001249,-5.2823457144
CtrSVDD_0002_E_0001250,-5.6752196006
CtrSVDD_0003_E_0001251,-4.8079649747
CtrSVDD_0004_E_0001252,-6.3893690427
CtrSVDD_0005_E_0001253,-5.2810624226
CtrSVDD_0006_E_0001254,-5.0007001313
CtrSVDD_0007_E_0001255,-4.1366888358
CtrSVDD_0008_E_0001256,-5.5930810988
CtrSVDD_0009_E_0001257,-4.1178511109
CtrSVDD_0010_E_0001258,-4.5667459529
CtrSVDD_0011_E_0001259,-5.0446387297
CtrSVDD_0012_E_0001260,-3.9797706320
CtrSVDD_0013_E_0001261,-0.3120239506
CtrSVDD_0014_E_0001262,-6.6486077880
CtrSVDD_0015_E_0001263,-0.6201542326
CtrSVDD_0016_E_0001264,1.0562284023
CtrSVDD_0017_E_0001265,-6.9688561235
CtrSVDD_0018_E_0001266,-3.1798355665
CtrSVDD_0019_E_0001267,-6.3740499074
CtrSVDD_0020_E_0001268,0.6354858275
CtrSVDD_0021_E_0001269,-4.1436892584
CtrSVDD_0022_E_0001270,-1.3163457089
CtrSVDD_0023_E_0001271,-3.9430884504
CtrSVDD_0024_E_0001272,-4.3851487877
CtrSVDD_0025_E_0001273,-4.2165476244
CtrSVDD_0026_E_0001274,-6.3502390476
CtrSVDD_0027_E_0001275,-2.7116144659
CtrSVDD_0028_E_0001276,-5.2980692260
CtrSVDD_0029_E_0001277,-0.4990480477
CtrSVDD_0030_E_0001278,1.3130262377
CtrSVDD_0031_E_0001279,-3.9579718444
CtrSVDD_0032_E_0001280,-5.7539532193
CtrSVDD_0033_E_0001281,-3.9880321015
CtrSVDD_0034_E_0001282,-3.2058608684
CtrSVDD_0035_E_0001283,-0.8080100070
CtrSVDD_0036_E_0001284,0.9448368552
CtrSVDD_0037_E_0001285,-4.2573541287
CtrSVDD_0038_E_0001286,-2.0027438317
CtrSVDD_0039_E_0001287,-3.0194214680
CtrSVDD_0040_E_0001288,-4.9674723533
CtrSVDD_0041_E_0001289,-5.5077349013
CtrSVDD_0042_E_0001290,0.6985152330
CtrSVDD_0043_E_0001291,-5.1417239933
CtrSVDD_0044_E_0001292,-6.8566684703
CtrSVDD_0045_E_0001293,-2.7586541213
CtrSVDD_0046_E_0001294,-2.1559368873
CtrSVDD_0047_E_0001295,-3.3232248552
CtrSVDD_0000_E_0001296,-4.0432131033
CtrSVDD_0001_E_0001297,-5.8265867445
CtrSVDD_0002_E_0001298,-3.5491925599
CtrSVDD_0003_E_0001299,-0.2393607108
CtrSVDD_0004_E_0001300,-4.0418622353
CtrSVDD_0005_E_0001301,-5.1634142784
CtrSVDD_0006_E_0001302,-4.0025387041
CtrSVDD_0007_E_0001303,-5.6104368875
CtrSVDD_0008_E_0001304,-5.5026161850
CtrSVDD_0009_E_0001305,-5.1331874749
CtrSVDD_0010_E_0001306,0.3296962808
CtrSVDD_0011_E_0001307,-4.4361454265
CtrSVDD_0012_E_0001308,-5.4993900168
CtrSVDD_0013_E_0001309,-3.3021301650
CtrSVDD_0014_E_0001310,-5.1492071393
CtrSVDD_0015_E_0001311,-5.6220554338
CtrSVDD_0016_E_0001312,-3.0595347121
CtrSVDD_0017_E_0001313,-5.0995911268
CtrSVDD_0018_E_0001314,-4.3731774844
CtrSVDD_0019_E_0001315,-5.0098439335
CtrSVDD_0020_E_0001316,-5.5937148244
CtrSVDD_0021_E_0001317,-3.4456728390
CtrSVDD_0022_E_0001318,-0.9326427283
CtrSVDD_0023_E_0001319,-4.9138781168
CtrSVDD_0024_E_0001320,-4.9953387747
CtrSVDD_0025_E_0001321,-3.1740354163
CtrSVDD_0026_E_0001322,-0.1368073982
CtrSVDD_0027_E_0001323,-4.7796687510
CtrSVDD_0028_E_0001324,-4.8164320477
CtrSVDD_0029_E_0001325,-5.5269511825
CtrSVDD_0030_E_0001326,0.7408576739
CtrSVDD_0031_E_0001327,-5.0496774486
CtrSVDD_0032_E_0001328,-6.2718899831
CtrSVDD_0033_E_0001329,-4.1185449636
CtrSVDD_0034_E_0001330,-5.9635932697
CtrSVDD_0035_E_0001331,-5.2528494799
CtrSVDD_0036_E_0001332,-4.3732904584
CtrSVDD_0037_E_0001333,-3.8440544579
CtrSVDD_0038_E_0001334,-4.7881806920
CtrSVDD_0039_E_0001335,-5.2475165934
CtrSVDD_0040_E_0001336,-5.8764775263
CtrSVDD_0041_E_0001337,-5.4498880158
CtrSVDD_0042_E_0001338,-4.3882990823
CtrSVDD_0043_E_0001339,-6.0856171094
CtrSVDD_0044_E_0001340,-2.2836664472
CtrSVDD_0045_E_0001341,-3.1156112407
CtrSVDD_0046_E_0001342,-6.4806169987
CtrSVDD_0047_E_0001343,-5.7195808867
CtrSVDD_0000_E_0001344,-7.3792204886
CtrSVDD_0001_E_0001345,-6.0653862742
CtrSVDD_0002_E_0001346,-0.9112471260
CtrSVDD_0003_E_0001347,-4.7363919341
CtrSVDD_0004_E_0001348,-4.9909857306
CtrSVDD_0005_E_0001349,-1.4023082171
CtrSVDD_0006_E_0001350,-4.6819882354
CtrSVDD_0007_E_0001351,-4.2158969148
CtrSVDD_0008_E_0001352,-0.8861104068
CtrSVDD_0009_E_0001353,-6.1394099608
CtrSVDD_0010_E_0001354,-3.5045322150
CtrSVDD_0011_E_0001355,-3.2632769183
CtrSVDD_0012_E_0001356,-2.7445083816
CtrSVDD_0013_E_0001357,-3.7573582556
CtrSVDD_0014_E_0001358,-3.0926758126
CtrSVDD_0015_E_0001359,-7.4163582390
CtrSVDD_0016_E_0001360,0.5553094215
CtrSVDD_0017_E_0001361,-4.2389725067
CtrSVDD_0018_E_0001362,-5.8869804726
CtrSVDD_0019_E_0001363,-4.8232242050
CtrSVDD_0020_E_0001364,-4.0398317614
CtrSVDD_0021_E_0001365,-6.7728270532
CtrSVDD_0022_E_0001366,-4.2419543845
CtrSVDD_0023_E_0001367,-2.6424656922
CtrSVDD_0024_E_0001368,0.2288793099
CtrSVDD_0025_E_0001369,-5.8108065807
CtrSVDD_0026_E_0001370,-7.0409305928
CtrSVDD_0027_E_0001371,-5.2225340110
CtrSVDD_0028_E_0001372,-5.2978305545
CtrSVDD_0029_E_0001373,-3.8501397347
CtrSVDD_0030_E_0001374,-3.7451192254
CtrSVDD_0031_E_0001375,-5.8110192250
CtrSVDD_0032_E_0001376,-5.6463538276
CtrSVDD_0033_E_0001377,-7.4031691722
CtrSVDD_0034_E_0001378,-1.1934303035
CtrSVDD_0035_E_0001379,-5.5112583467
CtrSVDD_0036_E_0001380,-4.3476315304
CtrSVDD_0037_E_0001381,-4.5188168684
CtrSVDD_0038_E_0001382,-4.0228171864
CtrSVDD_0039_E_0001383,-7.3776715644
CtrSVDD_0040_E_0001384,-4.1015604707
CtrSVDD_0041_E_0001385,-4.2755174428
CtrSVDD_0042_E_0001386,-0.5006329560
CtrSVDD_0043_E_0001387,1.3163457089
CtrSVDD_0044_E_0001388,-5.3863269922
CtrSVDD_0045_E_0001389,-4.6082520798
CtrSVDD_0046_E_0001390,0.9112471260
CtrSVDD_0047_E_0001391,-5.8108720325
CtrSVDD_0000_E_0001392,-4.0883998626
CtrSVDD_0001_E_0001393,-4.0073197891
CtrSVDD_0002_E_0001394,-4.0066860383
CtrSVDD_0003_E_0001395,-6.0348419767
CtrSVDD_0004_E_0001396,-0.5053952563
CtrSVDD_0005_E_0001397,-3.2149797143
CtrSVDD_0006_E_0001398,0.9229904982
CtrSVDD_0007_E_0001399,-6.3134545683
CtrSVDD_0008_E_0001400,-2.7365839068
CtrSVDD_0009_E_0001401,-6.4209453652
CtrSVDD_0010_E_0001402,-5.6642378909
CtrSVDD_0011_E_0001403,-3.9599086120
CtrSVDD_0012_E_0001404,-3.1477236422
CtrSVDD_0013_E_0001405,-5.5038271744
CtrSVDD_0014_E_0001406,-1.3715585885
CtrSVDD_0015_E_0001407,-5.5355275674
CtrSVDD_0016_E_0001408,-3.8413951895
CtrSVDD_0017_E_0001409,-5.8694483648
CtrSVDD_0018_E_0001410,-4.7225011883
CtrSVDD_0019_E_0001411,-5.6454731308
CtrSVDD_0020_E_0001412,-3.7059561674
CtrSVDD_0021_E_0001413,-5.0836334218
CtrSVDD_0022_E_0001414,-4.3660434922
CtrSVDD_0023_E_0001415,-5.2059479766
CtrSVDD_0024_E_0001416,-5.6117083589
CtrSVDD_0025_E_0001417,0.3489584066
CtrSVDD_0026_E_0001418,-5.4184953072
CtrSVDD_0027_E_0001419,-3.0563489799
CtrSVDD_0028_E_0001420,-4.7553601755
CtrSVDD_0029_E_0001421,-5.6118230396
CtrSVDD_0030_E_0001422,-5.6975620650
CtrSVDD_0031_E_0001423,-2.9329568098
CtrSVDD_0032_E_0001424,-4.0890787990
CtrSVDD_0033_E_0001425,-6.4543759303
CtrSVDD_0034_E_0001426,-2.9824614552
CtrSVDD_0035_E_0001427,-5.4494303107
CtrSVDD_0036_E_0001428,-6.3909229012
CtrSVDD_0037_E_0001429,-5.2983307021
CtrSVDD_0038_E_0001430,-0.1325727936
CtrSVDD_0039_E_0001431,-5.4881297984
CtrSVDD_0040_E_0001432,0.0931539598
CtrSVDD_0041_E_0001433,1.2254011678
CtrSVDD_0042_E_0001434,-4.5669227838
CtrSVDD_0043_E_0001435,-3.4309721474
CtrSVDD_0044_E_0001436,-5.1696326915
CtrSVDD_0045_E_0001437,-4.9575796050
CtrSVDD_0046_E_0001438,-4.5200380357
CtrSVDD_0047_E_0001439,-4.2846342446
CtrSVDD_0000_E_0001440,-5.8853051660
CtrSVDD_0001_E_0001441,0.6403330736
CtrSVDD_0002_E_0001442,-4.3914532173
CtrSVDD_0003_E_0001443,-4.8311365678
CtrSVDD_0004_E_0001444,-5.4997102353
CtrSVDD_0005_E_0001445,-5.1400963697
CtrSVDD_0006_E_0001446,1.8356715369
CtrSVDD_0007_E_0001447,-3.9958394980
CtrSVDD_0008_E_0001448,0.6561637812
CtrSVDD_0009_E_0001449,-2.4331877820
CtrSVDD_0010_E_0001450,-3.2286221463
CtrSVDD_0011_E_0001451,-3.6261867462
CtrSVDD_0012_E_0001452,-4.5568936338
CtrSVDD_0013_E_0001453,-3.6628070087
CtrSVDD_0014_E_0001454,-3.3213557463
CtrSVDD_0015_E_0001455,-5.0198404878
CtrSVDD_0016_E_0001456,-3.4280156133
CtrSVDD_0017_E_0001457,-5.3094143681
CtrSVDD_0018_E_0001458,1.9725302450
CtrSVDD_0019_E_0001459,-2.8636513557
CtrSVDD_0020_E_0001460,-6.5677031251
CtrSVDD_0021_E_0001461,-2.6105783195
CtrSVDD_0022_E_0001462,-5.2315981781
CtrSVDD_0023_E_0001463,-5.7552090200
CtrSVDD_0024_E_0001464,-3.8908624262
CtrSVDD_0025_E_0001465,-5.8337070075
CtrSVDD_0026_E_0001466,-4.4497488643
CtrSVDD_0027_E_0001467,0.8216566788
CtrSVDD_0028_E_0001468,-5.0691329462
CtrSVDD_0029_E_0001469,-4.6291327015
CtrSVDD_0030_E_0001470,-6.0508094568
CtrSVDD_0031_E_0001471,-2.7099570622
CtrSVDD_0032_E_0001472,-4.9253248908
CtrSVDD_0033_E_0001473,-4.9579427131
CtrSVDD_0034_E_0001474,-7.1086497923
CtrSVDD_0035_E_0001475,-6.1925451015
CtrSVDD_0036_E_0001476,-3.1301548795
CtrSVDD_0037_E_0001477,-1.9337567782
CtrSVDD_0038_E_0001478,-4.4788352405
CtrSVDD_0039_E_0001479,-6.0307324085
CtrSVDD_0040_E_0001480,-5.8723437324
CtrSVDD_0041_E_0001481,-7.0597086153
CtrSVDD_0042_E_0001482,-4.4021734613
CtrSVDD_0043_E_0001483,-3.8186139022
CtrSVDD_0044_E_0001484,0.7145479891
CtrSVDD_0045_E_0001485,-4.6519982395
CtrSVDD_0046_E_0001486,-3.3536133313
CtrSVDD_0047_E_0001487,-4.7592233917
CtrSVDD_0000_E_0001488,-3.5645633941
CtrSVDD_0001_E_0001489,-0.2595629833
CtrSVDD_0002_E_0001490,-5.0111378448
CtrSVDD_0003_E_0001491,-2.8244404143
CtrSVDD_0004_E_0001492,-6.5415301920
CtrSVDD_0005_E_0001493,-5.8220943182
CtrSVDD_0006_E_0001494,-0.4864133783
CtrSVDD_0007_E_0001495,-5.7544616305
CtrSVDD_0008_E_0001496,-5.3449524298
CtrSVDD_0009_E_0001497,-5.5479215590
CtrSVDD_0010_E_0001498,-0.1867502548
CtrSVDD_0011_E_0001499,-5.1763616348
CtrSVDD_0012_E_0001500,-5.7182024805
CtrSVDD_0013_E_0001501,-3.6934684872
CtrSVDD_0014_E_0001502,-4.0329458273
CtrSVDD_0015_E_0001503,-4.5981964569
CtrSVDD_0016_E_0001504,-3.9687034933
CtrSVDD_0017_E_0001505,-3.1627312756
CtrSVDD_0018_E_0001506,-7.4184267031
CtrSVDD_0019_E_0001507,-6.0554242159
CtrSVDD_0020_E_0001508,-4.8740620215
CtrSVDD_0021_E_0001509,-4.8227902120
CtrSVDD_0022_E_0001510,-2.1744220374
CtrSVDD_0023_E_0001511,0.4478993322
CtrSVDD_0024_E_0001512,-0.9544740278
CtrSVDD_0025_E_0001513,-4.0669433797
CtrSVDD_0026_E_0001514,-6.0191604804
CtrSVDD_0027_E_0001515,-3.8632983669
CtrSVDD_0028_E_0001516,-4.2322914524
CtrSVDD_0029_E_0001517,-5.5213098042
CtrSVDD_0030_E_0001518,-2.3672893873
CtrSVDD_0031_E_0001519,-2.0240136237
CtrSVDD_0032_E_0001520,0.5455439463
CtrSVDD_0033_E_0001521,-6.7265535744
CtrSVDD_0034_E_0001522,-3.8777863026
CtrSVDD_0035_E_0001523,-4.0650006158
CtrSVDD_0036_E_0001524,0.2871525250
CtrSVDD_0037_E_0001525,-5.6347361487
CtrSVDD_0038_E_0001526,-5.9631597267
CtrSVDD_0039_E_0001527,-4.6637833577
CtrSVDD_0040_E_0001528,-7.5782798912
CtrSVDD_0041_E_0001529,-4.8956351936
CtrSVDD_0042_E_0001530,-2.0132834216
CtrSVDD_0043_E_0001531,-4.8537888477
CtrSVDD_0044_E_0001532,-4.2846938226
CtrSVDD_0045_E_0001533,-3.8129991101
CtrSVDD_0046_E_0001534,-2.3229528940
CtrSVDD_0047_E_0001535,-4.8960756547
CtrSVDD_0000_E_0001536,-5.6210150489
CtrSVDD_0001_E_0001537,0.2682531520
CtrSVDD_0002_E_0001538,0.2552252796
CtrSVDD_0003_E_0001539,-4.4014125031
CtrSVDD_0004_E_0001540,-3.0636763217
CtrSVDD_0005_E_0001541,-4.7991704873
CtrSVDD_0006_E_0001542,-0.8216566788
CtrSVDD_0007_E_0001543,-6.3683027472
CtrSVDD_0008_E_0001544,1.6687566719
CtrSVDD_0009_E_0001545,-4.5603505679
CtrSVDD_0010_E_0001546,-2.8479678978
CtrSVDD_0011_E_0001547,-2.9378801186
CtrSVDD_0012_E_0001548,-4.0049597479
CtrSVDD_0013_E_0001549,-4.5397150883
CtrSVDD_0014_E_0001550,-7.4120831289
CtrSVDD_0015_E_0001551,-4.3833325950
CtrSVDD_0016_E_0001552,-0.7792611537
CtrSVDD_0017_E_0001553,-5.6023623254
CtrSVDD_0018_E_0001554,-4.8349724853
CtrSVDD_0019_E_0001555,-0.9972598582
CtrSVDD_0020_E_0001556,-0.4676051739
CtrSVDD_0021_E_0001557,-5.3504980039
CtrSVDD_0022_E_0001558,-7.0201845821
CtrSVDD_0023_E_0001559,-3.7750070974
CtrSVDD_0024_E_0001560,-5.6357244544
CtrSVDD_0025_E_0001561,0.0454762832
CtrSVDD_0026_E_0001562,0.2106667507
CtrSVDD_0027_E_0001563,-0.5374456446
CtrSVDD_0028_E_0001564,0.1707792806
CtrSVDD_0029_E_0001565,-2.8389509691
CtrSVDD_0030_E_0001566,-4.7080666762
CtrSVDD_0031_E_0001567,-3.3778472176
CtrSVDD_0032_E_0001568,-4.7019498645
CtrSVDD_0033_E_0001569,-5.0424105091
CtrSVDD_0034_E_0001570,-3.7786630584
CtrSVDD_0035_E_0001571,-3.5759207439
CtrSVDD_0036_E_0001572,-4.7582762951
CtrSVDD_0037_E_0001573,0.1892608309
CtrSVDD_0038_E_0001574,-5.2811273601
CtrSVDD_0039_E_0001575,-4.8256764800
CtrSVDD_0040_E_0001576,-5.3522573639
CtrSVDD_0041_E_0001577,-5.4593978080
CtrSVDD_0042_E_0001578,2.5521872733
CtrSVDD_0043_E_0001579,-4.6050098080
CtrSVDD_0044_E_0001580,-3.8937668234
CtrSVDD_0045_E_0001581,-4.4678118496
CtrSVDD_0046_E_0001582,-4.6176859275
CtrSVDD_0047_E_0001583,-5.5453683051
CtrSVDD_0000_E_0001584,-4.4963026420
CtrSVDD_0001_E_0001585,-3.8136498006
CtrSVDD_0002_E_0001586,-6.9571195642
CtrSVDD_0003_E_0001587,-4.3910886516
CtrSVDD_0004_E_0001588,-4.7611275065
CtrSVDD_0005_E_0001589,-5.6151620943
CtrSVDD_0006_E_0001590,-6.6613566764
CtrSVDD_0007_E_0001591,-4.3280287164
CtrSVDD_0008_E_0001592,-4.2639868078
CtrSVDD_0009_E_0001593,-4.3183935250
CtrSVDD_0010_E_0001594,-4.2587741525
CtrSVDD_0011_E_0001595,-0.2092367911
CtrSVDD_0012_E_0001596,-5.1656377017
CtrSVDD_0013_E_0001597,-4.5515699081
CtrSVDD_0014_E_0001598,-3.5006035949
CtrSVDD_0015_E_0001599,-5.2314998514
CtrSVDD_0016_E_0001600,-3.5244626848
CtrSVDD_0017_E_0001601,-4.2332730037
CtrSVDD_0018_E_0001602,-2.3982496464
CtrSVDD_0019_E_0001603,-2.4116421068
CtrSVDD_0020_E_0001604,-5.4962058651
CtrSVDD_0021_E_0001605,-6.4023696752
CtrSVDD_0022_E_0001606,-5.0467413882
CtrSVDD_0023_E_0001607,-4.6572376870
CtrSVDD_0024_E_0001608,-4.6886915838
CtrSVDD_0025_E_0001609,-5.1504569067
CtrSVDD_0026_E_0001610,-5.1500838043
CtrSVDD_0027_E_0001611,-5.4109608004
CtrSVDD_0028_E_0001612,-5.0721866478
CtrSVDD_0029_E_0001613,-5.8244347792
CtrSVDD_0030_E_0001614,-4.0650525930
CtrSVDD_0031_E_0001615,-4.4633276709
CtrSVDD_0032_E_0001616,-2.4955290604
CtrSVDD_0033_E_0001617,-2.9943393809
CtrSVDD_0034_E_0001618,0.7001766943
CtrSVDD_0035_E_0001619,-1.2742722027
CtrSVDD_0036_E_0001620,-4.9305648771
CtrSVDD_0037_E_0001621,-2.8359643783
CtrSVDD_0038_E_0001622,0.5799594487
CtrSVDD_0039_E_0001623,-6.0239520966
CtrSVDD_0040_E_0001624,-2.5614660607
CtrSVDD_0041_E_0001625,-1.3573652672
CtrSVDD_0042_E_0001626,-3.8180366440
CtrSVDD_0043_E_0001627,-2.7202487827
CtrSVDD_0044_E_0001628,-0.0314779298
CtrSVDD_0045_E_0001629,-1.0888326775
CtrSVDD_0046_E_0001630,1.8996605653
CtrSVDD_0047_E_0001631,-1.7921891094
CtrSVDD_0000_E_0001632,-6.2920789810
CtrSVDD_0001_E_0001633,-1.8614688638
CtrSVDD_0002_E_0001634,-4.2543356814
CtrSVDD_0003_E_0001635,-4.0884679778
CtrSVDD_0004_E_0001636,-3.9035656350
CtrSVDD_0005_E_0001637,-5.1689737887
CtrSVDD_0006_E_0001638,1.1355656473
CtrSVDD_0007_E_0001639,-3.3240255044
CtrSVDD_0008_E_0001640,-3.4233011755
CtrSVDD_0009_E_0001641,-5.7630160348
CtrSVDD_0010_E_0001642,-5.6717506818
CtrSVDD_0011_E_0001643,-3.4433778361
CtrSVDD_0012_E_0001644,-4.6108609537
CtrSVDD_0013_E_0001645,-6.1458629353
CtrSVDD_0014_E_0001646,-5.5899938193
CtrSVDD_0015_E_0001647,-3.8787671515
CtrSVDD_0016_E_0001648,-5.0360892994
CtrSVDD_0017_E_0001649,-2.6131680736
CtrSVDD_0018_E_0001650,-5.3947554876
CtrSVDD_0019_E_0001651,-5.6158509232
CtrSVDD_0020_E_0001652,-5.1915713173
CtrSVDD_0021_E_0001653,-3.2986661147
CtrSVDD_0022_E_0001654,-4.5282118317
CtrSVDD_0023_E_0001655,-3.5003601972
CtrSVDD_0024_E_0001656,-4.3653842627
CtrSVDD_0025_E_0001657,-3.9623449492
CtrSVDD_0026_E_0001658,-4.9250672979
CtrSVDD_0027_E_0001659,-4.7436558732
CtrSVDD_0028_E_0001660,-5.9583615604
CtrSVDD_0029_E_0001661,-4.4417059952
CtrSVDD_0030_E_0001662,-6.1718062845
CtrSVDD_0031_E_0001663,-5.0703562544
CtrSVDD_0032_E_0001664,-4.6958213697
CtrSVDD_0033_E_0001665,-4.8365189435
CtrSVDD_0034_E_0001666,-3.5093058119
CtrSVDD_0035_E_0001667,-4.8375730304
CtrSVDD_0036_E_0001668,-3.4161695585
CtrSVDD_0037_E_0001669,-3.0025357093
CtrSVDD_0038_E_0001670,-5.1169001744
CtrSVDD_0039_E_0001671,-4.0247123440
CtrSVDD_0040_E_0001672,-3.7858066181
CtrSVDD_0041_E_0001673,-3.1400471948
CtrSVDD_0042_E_0001674,-4.6086491523
CtrSVDD_0043_E_0001675,-5.1112851377
CtrSVDD_0044_E_0001676,-3.2445909997
CtrSVDD_0045_E_0001677,-7.0473718092
CtrSVDD_0046_E_0001678,-2.4530748198
CtrSVDD_0047_E_0001679,-3.7279737239
CtrSVDD_0000_E_0001680,-3.6549763912
CtrSVDD_0001_E_0001681,-5.4065394714
CtrSVDD_0002_E_0001682,-4.7399979767
CtrSVDD_0003_E_0001683,-5.8472518948
CtrSVDD_0004_E_0001684,-2.6610394262
CtrSVDD_0005_E_0001685,-4.6426258233
CtrSVDD_0006_E_0001686,-5.2605715325
CtrSVDD_0007_E_0001687,-5.1115759397
CtrSVDD_0008_E_0001688,-4.6933762370
CtrSVDD_0009_E_0001689,-3.4442015224
CtrSVDD_0010_E_0001690,-5.4380035596
CtrSVDD_0011_E_0001691,0.7887715581
CtrSVDD_0012_E_0001692,-2.9135460269
CtrSVDD_0013_E_0001693,-2.7671659473
CtrSVDD_0014_E_0001694,1.0812725529
CtrSVDD_0015_E_0001695,-3.4410749193
CtrSVDD_0016_E_0001696,0.3193752661
CtrSVDD_0017_E_0001697,-5.4551735425
CtrSVDD_0018_E_0001698,0.7983538465
CtrSVDD_0019_E_0001699,-5.2279616098
CtrSVDD_0020_E_0001700,-7.1365631035
CtrSVDD_0021_E_0001701,-3.1481595819
CtrSVDD_0022_E_0001702,-0.6269500708
CtrSVDD_0023_E_0001703,-1.3097211719
CtrSVDD_0024_E_0001704,-6.7095344001
CtrSVDD_0025_E_0001705,-2.0772744346
CtrSVDD_0026_E_0001706,-5.7794623147
CtrSVDD_0027_E_0001707,-4.8682803195
CtrSVDD_0028_E_0001708,-5.0133416740
CtrSVDD_0029_E_0001709,-5.8615505110
CtrSVDD_0030_E_0001710,-4.2712553306
CtrSVDD_0031_E_0001711,-4.2188102526
CtrSVDD_0032_E_0001712,-3.0574587549
CtrSVDD_0033_E_0001713,-4.8817291331
CtrSVDD_0034_E_0001714,0.2063781519
CtrSVDD_0035_E_0001715,-8.8748258558
CtrSVDD_0036_E_0001716,-4.4326346925
CtrSVDD_0037_E_0001717,-3.6340414701
CtrSVDD_0038_E_0001718,-3.3929304440
CtrSVDD_0039_E_0001719,-6.5482772571
CtrSVDD_0040_E_0001720,-5.2959934836
CtrSVDD_0041_E_0001721,-5.1890161288
CtrSVDD_0042_E_0001722,-3.6999938789
CtrSVDD_0043_E_0001723,-4.9238648921
CtrSVDD_0044_E_0001724,-4.3406540912
CtrSVDD_0045_E_0001725,-4.9208072326
CtrSVDD_0046_E_0001726,-4.4537820389
CtrSVDD_0047_E_0001727,-5.3085124838
CtrSVDD_0000_E_0001728,1.5885360383
CtrSVDD_0001_E_0001729,-4.5313769421
CtrSVDD_0002_E_0001730,-4.4785247597
CtrSVDD_0003_E_0001731,-5.4180238108
CtrSVDD_0004_E_0001732,-2.4803651042
CtrSVDD_0005_E_0001733,-3.7930608317
CtrSVDD_0006_E_0001734,0.2006659048
CtrSVDD_0007_E_0001735,-1.7925352723
CtrSVDD_0008_E_0001736,0.0160867570
CtrSVDD_0009_E_0001737,-6.1067150336
CtrSVDD_0010_E_0001738,-4.6471758410
CtrSVDD_0011_E_0001739,-4.2063520094
CtrSVDD_0012_E_0001740,0.0121397515
CtrSVDD_0013_E_0001741,-4.6306919317
CtrSVDD_0014_E_0001742,-5.0388402318
CtrSVDD_0015_E_0001743,-6.0318127041
CtrSVDD_0016_E_0001744,-4.4297649379
CtrSVDD_0017_E_0001745,-6.8030998573
CtrSVDD_0018_E_0001746,-4.3170400954
CtrSVDD_0019_E_0001747,-3.8981225559
CtrSVDD_0020_E_0001748,-4.4595502709
CtrSVDD_0021_E_0001749,-5.3536073332
CtrSVDD_0022_E_0001750,-4.0593524651
CtrSVDD_0023_E_0001751,-5.9141275223
CtrSVDD_0024_E_0001752,-4.5085791677
CtrSVDD_0025_E_0001753,-5.2500520788
CtrSVDD_0026_E_0001754,-5.4819596263
CtrSVDD_0027_E_0001755,-5.2867036101
CtrSVDD_0028_E_0001756,-5.0953573889
CtrSVDD_0029_E_0001757,-5.0227408714
CtrSVDD_0030_E_0001758,-4.1679279432
CtrSVDD_0031_E_0001759,0.9284408188
CtrSVDD_0032_E_0001760,-3.4396714425
CtrSVDD_0033_E_0001761,-6.3362437662
CtrSVDD_0034_E_0001762,-0.0735025060
CtrSVDD_0035_E_0001763,-5.1314515638
CtrSVDD_0036_E_0001764,-4.6493403413
CtrSVDD_0037_E_0001765,-4.8050901305
CtrSVDD_0038_E_0001766,-4.5858915387
CtrSVDD_0039_E_0001767,1.0712874999
CtrSVDD_0040_E_0001768,-3.1991503786
CtrSVDD_0041_E_0001769,0.2278607921
CtrSVDD_0042_E_0001770,1.5939241568
CtrSVDD_0043_E_0001771,-0.0777108845
CtrSVDD_0044_E_0001772,-6.9033337982
CtrSVDD_0045_E_0001773,-6.6540274726
CtrSVDD_0046_E_0001774,-3.1419366049
CtrSVDD_0047_E_0001775,-5.6839219765
CtrSVDD_0000_E_0001776,-4.8044515041
CtrSVDD_0001_E_0001777,-5.5069996354
CtrSVDD_0002_E_0001778,-4.9619272617
CtrSVDD_0003_E_0001779,0.3876856126
CtrSVDD_0004_E_0001780,-3.6705017364
CtrSVDD_0005_E_0001781,-4.6187043520
CtrSVDD_0006_E_0001782,-7.3834891892
CtrSVDD_0007_E_0001783,-3.4695927936
CtrSVDD_0008_E_0001784,-4.9180224485
CtrSVDD_0009_E_0001785,-7.1444730892
CtrSVDD_0010_E_0001786,-4.6077791174
CtrSVDD_0011_E_0001787,-0.1665228078
CtrSVDD_0012_E_0001788,-6.1933405666
CtrSVDD_0013_E_0001789,-6.8811890779
CtrSVDD_0014_E_0001790,-4.6270863708
CtrSVDD_0015_E_0001791,-6.0258546031
CtrSVDD_0016_E_0001792,-0.2832029081
CtrSVDD_0017_E_0001793,-2.7874215139
CtrSVDD_0018_E_0001794,-3.9744419832
CtrSVDD_0019_E_0001795,-2.7060738181
CtrSVDD_0020_E_0001796,-5.1402691241
CtrSVDD_0021_E_0001797,0.6167670433
CtrSVDD_0022_E_0001798,-2.6486841263
CtrSVDD_0023_E_0001799,-3.7500325442
CtrSVDD_0024_E_0001800,0.7019651572
CtrSVDD_0025_E_0001801,-7.0944813263
CtrSVDD_0026_E_0001802,-3.6534668621
CtrSVDD_0027_E_0001803,1.9533237077
CtrSVDD_0028_E_0001804,0.5520484215
CtrSVDD_0029_E_0001805,-5.1037879084
CtrSVDD_0030_E_0001806,-5.2054729272
CtrSVDD_0031_E_0001807,-4.9984868503
CtrSVDD_0032_E_0001808,-4.8210171946
CtrSVDD_0033_E_0001809,-2.9335606006
CtrSVDD_0034_E_0001810,-0.9634902588
CtrSVDD_0035_E_0001811,-2.1975896796
CtrSVDD_0036_E_0001812,-4.2059521511
CtrSVDD_0037_E_0001813,-3.9644876555
CtrSVDD_0038_E_0001814,-5.8318027048
CtrSVDD_0039_E_0001815,1.2025863788
CtrSVDD_0040_E_0001816,1.2998908171
CtrSVDD_0041_E_0001817,-5.9760475384
CtrSVDD_0042_E_0001818,-5.9087596627
CtrSVDD_0043_E_0001819,-6.8201989132
CtrSVDD_0044_E_0001820,-5.7147168090
CtrSVDD_0045_E_0001821,-0.6912677074
CtrSVDD_0046_E_0001822,-5.5592904050
CtrSVDD_0047_E_0001823,-5.1734237345
CtrSVDD_0000_E_0001824,-3.3540944260
CtrSVDD_0001_E_0001825,-5.8264247984
CtrSVDD_0002_E_0001826,-4.0010171435
CtrSVDD_0003_E_0001827,-2.8881365926
CtrSVDD_0004_E_0001828,0.6303588592
CtrSVDD_0005_E_0001829,-4.5007012872
CtrSVDD_0006_E_0001830,1.4435348120
CtrSVDD_0007_E_0001831,-4.7880237063
CtrSVDD_0008_E_0001832,-3.9010258339
CtrSVDD_0009_E_0001833,0.8259484964
CtrSVDD_0010_E_0001834,-2.3352330401
CtrSVDD_0011_E_0001835,-3.7327893835
CtrSVDD_0012_E_0001836,-5.3574877378
CtrSVDD_0013_E_0001837,-2.5598551459
CtrSVDD_0014_E_0001838,-5.0344913536
CtrSVDD_0015_E_0001839,-5.1901309783
CtrSVDD_0016_E_0001840,-0.6016111041
CtrSVDD_0017_E_0001841,-4.9504688093
CtrSVDD_0018_E_0001842,-5.9763526749
CtrSVDD_0019_E_0001843,-4.7751844155
CtrSVDD_0020_E_0001844,-3.6032857728
CtrSVDD_0021_E_0001845,0.1665228078
CtrSVDD_0022_E_0001846,-3.9696526628
CtrSVDD_0023_E_0001847,-5.3992989673
CtrSVDD_0024_E_0001848,1.2555934900
CtrSVDD_0025_E_0001849,-3.9778812875
CtrSVDD_0026_E_0001850,-4.5424331484
CtrSVDD_0027_E_0001851,-6.1739044143
CtrSVDD_0028_E_0001852,-6.2504134168
CtrSVDD_0029_E_0001853,-4.8075188887
CtrSVDD_0030_E_0001854,-5.9503169858
CtrSVDD_0031_E_0001855,1.8135017802
CtrSVDD_0032_E_0001856,-2.6970370743
CtrSVDD_0033_E_0001857,-6.1163764241
CtrSVDD_0034_E_0001858,-1.1067196000
CtrSVDD_0035_E_0001859,-5.2925160069
CtrSVDD_0036_E_0001860,0.6269500708
CtrSVDD_0037_E_0001861,-3.2509693018
CtrSVDD_0038_E_0001862,-4.8696503985
CtrSVDD_0039_E_0001863,-0.3593837417
CtrSVDD_0040_E_0001864,-8.7094924059
CtrSVDD_0041_E_0001865,-5.0502870058
CtrSVDD_0042_E_0001866,0.1269303366
CtrSVDD_0043_E_0001867,-5.6460835578
CtrSVDD_0044_E_0001868,-3.9232506169
CtrSVDD_0045_E_0001869,-4.2696499209
CtrSVDD_0046_E_0001870,-2.8154636019
CtrSVDD_0047_E_0001871,-5.3733563275
CtrSVDD_0000_E_0001872,0.9121113029
CtrSVDD_0001_E_0001873,-3.3451690164
CtrSVDD_0002_E_0001874,-4.2218211241
CtrSVDD_0003_E_0001875,-2.6015813092
CtrSVDD_0004_E_0001876,0.0945589226
CtrSVDD_0005_E_0001877,0.6184597510
CtrSVDD_0006_E_0001878,0.5019121261
CtrSVDD_0007_E_0001879,-6.5941581078
CtrSVDD_0008_E_0001880,-0.2711543501
CtrSVDD_0009_E_0001881,-6.2546246269
CtrSVDD_0010_E_0001882,-4.2227833129
CtrSVDD_0011_E_0001883,-4.8556577613
CtrSVDD_0012_E_0001884,-3.3962526117
CtrSVDD_0013_E_0001885,-3.0613246437
CtrSVDD_0014_E_0001886,-2.5818738974
CtrSVDD_0015_E_0001887,-4.9441657632
CtrSVDD_0016_E_0001888,-3.6183758928
CtrSVDD_0017_E_0001889,-2.8335217129
CtrSVDD_0018_E_0001890,-5.0471431347
CtrSVDD_0019_E_0001891,-5.8033292965
CtrSVDD_0020_E_0001892,-5.4927075983
CtrSVDD_0021_E_0001893,-4.2522792509
CtrSVDD_0022_E_0001894,-3.5732323627
CtrSVDD_0023_E_0001895,-4.0192033055
CtrSVDD_0024_E_0001896,-3.7960772717
CtrSVDD_0025_E_0001897,-3.8987367353
CtrSVDD_0026_E_0001898,-4.8725918259
CtrSVDD_0027_E_0001899,-6.1909587092
CtrSVDD_0028_E_0001900,-4.6070667078
CtrSVDD_0029_E_0001901,1.1489950162
CtrSVDD_0030_E_0001902,-1.0347594811
CtrSVDD_0031_E_0001903,-6.0125053226
CtrSVDD_0032_E_0001904,-5.0375089975
CtrSVDD_0033_E_0001905,-1.1854331556
CtrSVDD_0034_E_0001906,-5.2736332050
CtrSVDD_0035_E_0001907,0.4370201369
CtrSVDD_0036_E_0001908,-5.4613269334
CtrSVDD_0037_E_0001909,-2.6762184333
CtrSVDD_0038_E_0001910,-5.2021030981
CtrSVDD_0039_E_0001911,-3.9340988553
CtrSVDD_0040_E_0001912,-5.2826118826
CtrSVDD_0041_E_0001913,-5.0681452558
CtrSVDD_0042_E_0001914,-3.9569711287
CtrSVDD_0043_E_0001915,-5.2003645606
CtrSVDD_0044_E_0001916,-6.8514669969
CtrSVDD_0045_E_0001917,0.0187347586
CtrSVDD_0046_E_0001918,-4.1485518803
CtrSVDD_0047_E_0001919,-4.5752027601
CtrSVDD_0000_E_0001920,-6.0036911644
CtrSVDD_0001_E_0001921,-2.5267425691
CtrSVDD_0002_E_0001922,-4.8371968428
CtrSVDD_0003_E_0001923,-6.5967258907
CtrSVDD_0004_E_0001924,-3.7333072940
CtrSVDD_0005_E_0001925,-0.3618724467
CtrSVDD_0006_E_0001926,-4.4724283196
CtrSVDD_0007_E_0001927,-4.3977731588
CtrSVDD_0008_E_0001928,-4.4344293155
CtrSVDD_0009_E_0001929,-5.3300232981
CtrSVDD_0010_E_0001930,-3.7755199656
CtrSVDD_0011_E_0001931,-5.6101193942
CtrSVDD_0012_E_0001932,-3.7578455245
CtrSVDD_0013_E_0001933,-4.5583777323
CtrSVDD_0014_E_0001934,-4.3581675846
CtrSVDD_0015_E_0001935,-4.5703519670
CtrSVDD_0016_E_0001936,-5.2250222398
CtrSVDD_0017_E_0001937,-5.2919977540
CtrSVDD_0018_E_0001938,-3.6880376779
CtrSVDD_0019_E_0001939,-2.2415295814
CtrSVDD_0020_E_0001940,-4.8552607954
CtrSVDD_0021_E_0001941,-5.2382327077
CtrSVDD_0022_E_0001942,-4.6601603217
CtrSVDD_0023_E_0001943,-5.0154894665
CtrSVDD_0024_E_0001944,-5.5919039623
CtrSVDD_0025_E_0001945,-2.8712321664
CtrSVDD_0026_E_0001946,-4.0286318167
CtrSVDD_0027_E_0001947,-5.5460492907
CtrSVDD_0028_E_0001948,0.4879884309
CtrSVDD_0029_E_0001949,-4.9173435121
CtrSVDD_0030_E_0001950,-4.9094973918
CtrSVDD_0031_E_0001951,-7.8999313666
CtrSVDD_0032_E_0001952,0.4121280969
CtrSVDD_0033_E_0001953,-4.2123198242
CtrSVDD_0034_E_0001954,0.9613044018
CtrSVDD_0035_E_0001955,-5.9312992153
CtrSVDD_0036_E_0001956,-2.6138220712
CtrSVDD_0037_E_0001957,-5.8210183531
CtrSVDD_0038_E_0001958,-3.0874393111
CtrSVDD_0039_E_0001959,-5.8512146923
CtrSVDD_0040_E_0001960,-3.9239274593
CtrSVDD_0041_E_0001961,-3.7726657767
CtrSVDD_0042_E_0001962,-2.0469435420
CtrSVDD_0043_E_0001963,-3.7534184841
CtrSVDD_0044_E_0001964,-7.2515127791
CtrSVDD_0045_E_0001965,-4.0868856929
CtrSVDD_0046_E_0001966,-8.2009685582
CtrSVDD_0047_E_0001967,-0.5899181344
CtrSVDD_0000_E_0001968,-5.7006111283
CtrSVDD_0001_E_0001969,-5.2294318054
CtrSVDD_0002_E_0001970,-5.3644766108
CtrSVDD_0003_E_0001971,-2.9187676564
CtrSVDD_0004_E_0001972,-5.7979448724
CtrSVDD_0005_E_0001973,-0.0973694111
CtrSVDD_0006_E_0001974,-2.2405452704
CtrSVDD_0007_E_0001975,-5.7794737966
CtrSVDD_0008_E_0001976,-0.3282197238
CtrSVDD_0009_E_0001977,-3.9983618826
CtrSVDD_0010_E_0001978,-0.4520573351
CtrSVDD_0011_E_0001979,-3.8927692431
CtrSVDD_0012_E_0001980,-5.3596719890
CtrSVDD_0013_E_0001981,-4.0487907248
CtrSVDD_0014_E_0001982,-3.4363263484
CtrSVDD_0015_E_0001983,-4.8386761428
CtrSVDD_0016_E_0001984,-2.1339389697
CtrSVDD_0017_E_0001985,1.0449002015
CtrSVDD_0018_E_0001986,-3.9779216305
CtrSVDD_0019_E_0001987,-6.7171247177
CtrSVDD_0020_E_0001988,-5.6988946854
CtrSVDD_0021_E_0001989,-4.9597085486
CtrSVDD_0022_E_0001990,-6.0814841046
CtrSVDD_0023_E_0001991,-3.5743133848
CtrSVDD_0024_E_0001992,-2.8353330755
CtrSVDD_0025_E_0001993,-4.8035086595
CtrSVDD_0026_E_0001994,-3.0657420126
CtrSVDD_0027_E_0001995,-5.5965033377
CtrSVDD_0028_E_0001996,-5.4869263255
CtrSVDD_0029_E_0001997,-5.0618841539
CtrSVDD_0030_E_0001998,0.6337749880
CtrSVDD_0031_E_0001999,-5.5878680968
CtrSVDD_0032_E_0002000,-6.1704579327
CtrSVDD_0033_E_0002001,-4.5719929956
CtrSVDD_0034_E_0002002,-4.7602017993
CtrSVDD_0035_E_0002003,-6.6311600166
CtrSVDD_0036_E_0002004,-5.0250338359
CtrSVDD_0037_E_0002005,-4.1172228058
CtrSVDD_0038_E_0002006,-6.5419007173
CtrSVDD_0039_E_0002007,-4.3489399842
CtrSVDD_0040_E_0002008,-3.0456817029
CtrSVDD_0041_E_0002009,-6.9085063271
CtrSVDD_0042_E_0002010,-6.4161393839
CtrSVDD_0043_E_0002011,-4.6889720718
CtrSVDD_0044_E_0002012,-6.0325884208
CtrSVDD_0045_E_0002013,-1.9866142311
CtrSVDD_0046_E_0002014,-4.7536797649
CtrSVDD_0047_E_0002015,-1.8265045410
CtrSVDD_0000_E_0002016,-3.1302878670
CtrSVDD_0001_E_0002017,-4.3637940222
CtrSVDD_0002_E_0002018,-4.8637909237
CtrSVDD_0003_E_0002019,-4.0576366154
CtrSVDD_0004_E_0002020,-4.7836389982
CtrSVDD_0005_E_0002021,-4.1500260303
CtrSVDD_0006_E_0002022,-5.7449416616
CtrSVDD_0007_E_0002023,-3.4572550973
CtrSVDD_0008_E_0002024,-4.3070627718
CtrSVDD_0009_E_0002025,-7.3304910645
CtrSVDD_0010_E_0002026,-5.4262036101
CtrSVDD_0011_E_0002027,-5.5147530337
CtrSVDD_0012_E_0002028,-5.3249368743
CtrSVDD_0013_E_0002029,-3.6749993632
CtrSVDD_0014_E_0002030,-4.5411934982
CtrSVDD_0015_E_0002031,-5.2282862124
CtrSVDD_0016_E_0002032,-4.3037638115
CtrSVDD_0017_E_0002033,-4.8396094323
CtrSVDD_0018_E_0002034,-1.6241083858
CtrSVDD_0019_E_0002035,-4.7644729413
CtrSVDD_0020_E_0002036,-5.2108493651
CtrSVDD_0021_E_0002037,-5.7905248064
CtrSVDD_0022_E_0002038,-6.2493042471
CtrSVDD_0023_E_0002039,-4.9415758904
CtrSVDD_0024_E_0002040,-4.7708886126
CtrSVDD_0025_E_0002041,-4.2375080793
CtrSVDD_0026_E_0002042,-5.7334948876
CtrSVDD_0027_E_0002043,-3.8939600739
CtrSVDD_0028_E_0002044,-3.3250311599
CtrSVDD_0029_E_0002045,-4.9196934282
CtrSVDD_0030_E_0002046,-5.5380744427
CtrSVDD_0031_E_0002047,-4.6905030904
CtrSVDD_0032_E_0002048,-6.0358336715
CtrSVDD_0033_E_0002049,-5.1081604844
CtrSVDD_0034_E_0002050,-3.7029232049
CtrSVDD_0035_E_0002051,-1.4430885239
CtrSVDD_0036_E_0002052,-4.1107871175
CtrSVDD_0037_E_0002053,-2.9875581408
CtrSVDD_0038_E_0002054,-2.3085113110
CtrSVDD_0039_E_0002055,-6.3293578546
CtrSVDD_0040_E_0002056,0.5849315401
CtrSVDD_0041_E_0002057,-5.9362119337
CtrSVDD_0042_E_0002058,-5.4138796919
CtrSVDD_0043_E_0002059,-2.9824702145
CtrSVDD_0044_E_0002060,-4.8409577294
CtrSVDD_0045_E_0002061,-4.9758283788
CtrSVDD_0046_E_0002062,-4.1720691743
CtrSVDD_0047_E_0002063,-4.9457410549
CtrSVDD_0000_E_0002064,-4.2074510282
CtrSVDD_0001_E_0002065,-6.5298958664
CtrSVDD_0002_E_0002066,-4.8073607329
CtrSVDD_0003_E_0002067,-3.4939918840
CtrSVDD_0004_E_0002068,-4.6896809410
CtrSVDD_0005_E_0002069,-7.0036784794
CtrSVDD_0006_E_0002070,-1.5455643299
CtrSVDD_0007_E_0002071,-7.1684630307
CtrSVDD_0008_E_0002072,-4.7970874036
CtrSVDD_0009_E_0002073,-4.8951506641
CtrSVDD_0010_E_0002074,0.1156573525
CtrSVDD_0011_E_0002075,-2.1984772542
CtrSVDD_0012_E_0002076,-5.3117205436
CtrSVDD_0013_E_0002077,-4.7771445307
CtrSVDD_0014_E_0002078,-3.4747851410
CtrSVDD_0015_E_0002079,1.5643068011
CtrSVDD_0016_E_0002080,-4.3327348762
CtrSVDD_0017_E_0002081,-4.5927794349
CtrSVDD_0018_E_0002082,-4.7960721147
CtrSVDD_0019_E_0002083,-4.8346197101
CtrSVDD_0020_E_0002084,-5.7599855443
CtrSVDD_0021_E_0002085,-4.5669613798
CtrSVDD_0022_E_0002086,-3.8341021430
CtrSVDD_0023_E_0002087,-0.9633349402
CtrSVDD_0024_E_0002088,-5.1634120882
CtrSVDD_0025_E_0002089,-5.3825101812
CtrSVDD_0026_E_0002090,-3.9073557375
CtrSVDD_0027_E_0002091,-3.5523927510
CtrSVDD_0028_E_0002092,-3.9053799906
CtrSVDD_0029_E_0002093,0.7143856838
CtrSVDD_0030_E_0002094,-5.2191475010
CtrSVDD_0031_E_0002095,-5.5903923353
CtrSVDD_0032_E_0002096,-4.0420300288
CtrSVDD_0033_E_0002097,-4.7131096443
CtrSVDD_0034_E_0002098,-7.1850821626
CtrSVDD_0035_E_0002099,1.5738877915
CtrSVDD_0036_E_0002100,-5.3347357274
CtrSVDD_0037_E_0002101,-4.2770437657
CtrSVDD_0038_E_0002102,-1.6493930374
CtrSVDD_0039_E_0002103,-5.1877123044
CtrSVDD_0040_E_0002104,-3.8209598908
CtrSVDD_0041_E_0002105,-6.8440559057
CtrSVDD_0042_E_0002106,-2.3698002166
CtrSVDD_0043_E_0002107,-5.6962304689
CtrSVDD_0044_E_0002108,-4.7976032956
CtrSVDD_0045_E_0002109,-6.6983064112
CtrSVDD_0046_E_0002110,-4.2649110641
CtrSVDD_0047_E_0002111,-3.4407836683
CtrSVDD_0000_E_0002112,-2.4410671781
CtrSVDD_0001_E_0002113,-4.3891235413
CtrSVDD_0002_E_0002114,-4.0099256963
CtrSVDD_0003_E_0002115,1.9025043029
CtrSVDD_0004_E_0002116,0.6666083698
CtrSVDD_0005_E_0002117,-2.3131678805
CtrSVDD_0006_E_0002118,-4.3445830020
CtrSVDD_0007_E_0002119,-4.8895615294
CtrSVDD_0008_E_0002120,-4.6054535712
CtrSVDD_0009_E_0002121,-5.1230045321
CtrSVDD_0010_E_0002122,-4.9497192297
CtrSVDD_0011_E_0002123,-5.8318200705
CtrSVDD_0012_E_0002124,-5.4583070116
CtrSVDD_0013_E_0002125,-4.1818813566
CtrSVDD_0014_E_0002126,0.3090881616
CtrSVDD_0015_E_0002127,-0.5537352875
CtrSVDD_0016_E_0002128,-4.2631436898
CtrSVDD_0017_E_0002129,-3.0507322868
CtrSVDD_0018_E_0002130,-3.3176895880
CtrSVDD_0019_E_0002131,-4.0199585646
CtrSVDD_0020_E_0002132,-2.3495502751
CtrSVDD_0021_E_0002133,-5.9741507101
CtrSVDD_0022_E_0002134,-3.0868983780
CtrSVDD_0023_E_0002135,-3.7494330709
CtrSVDD_0024_E_0002136,-4.7694577659
CtrSVDD_0025_E_0002137,-4.1795924446
CtrSVDD_0026_E_0002138,-3.9909328445
CtrSVDD_0027_E_0002139,-1.5184291412
CtrSVDD_0028_E_0002140,-4.8554416539
CtrSVDD_0029_E_0002141,-3.0218317993
CtrSVDD_0030_E_0002142,-4.9279656968
CtrSVDD_0031_E_0002143,1.3365743780
CtrSVDD_0032_E_0002144,-5.4154174593
CtrSVDD_0033_E_0002145,1.9724519057
CtrSVDD_0034_E_0002146,-6.4277698486
CtrSVDD_0035_E_0002147,-4.3198161390
CtrSVDD_0036_E_0002148,-4.5169342991
CtrSVDD_0037_E_0002149,-4.9802888834
CtrSVDD_0038_E_0002150,-4.1162195089
CtrSVDD_0039_E_0002151,-2.5678778834
CtrSVDD_0040_E_0002152,-3.8110379151
CtrSVDD_0041_E_0002153,-2.5932311098
CtrSVDD_0042_E_0002154,-5.5739039243
CtrSVDD_0043_E_0002155,-1.4235530574
CtrSVDD_0044_E_0002156,-3.9768447294
CtrSVDD_0045_E_0002157,-3.1367967151
CtrSVDD_0046_E_0002158,0.6066475734
CtrSVDD_0047_E_0002159,-2.9540137539
CtrSVDD_0000_E_0002160,-0.2552252796
CtrSVDD_0001_E_0002161,-7.2023163539
CtrSVDD_0002_E_0002162,-4.2179933876
CtrSVDD_0003_E_0002163,-4.2255719982
CtrSVDD_0004_E_0002164,-4.4634228025
CtrSVDD_0005_E_0002165,-1.6371153794
CtrSVDD_0006_E_0002166,1.0065020892
CtrSVDD_0007_E_0002167,-3.8450952436
CtrSVDD_0008_E_0002168,-5.7173993729
CtrSVDD_0009_E_0002169,-3.2379434610
CtrSVDD_0010_E_0002170,-5.4839004026
CtrSVDD_0011_E_0002171,-5.2677866453
CtrSVDD_0012_E_0002172,-1.0041834899
CtrSVDD_0013_E_0002173,-4.9309734328
CtrSVDD_0014_E_0002174,-4.8642205429
CtrSVDD_0015_E_0002175,-3.7489879064
CtrSVDD_0016_E_0002176,-3.7219084746
CtrSVDD_0017_E_0002177,-3.5089018435
CtrSVDD_0018_E_0002178,-6.7404255400
CtrSVDD_0019_E_0002179,-7.7968990883
CtrSVDD_0020_E_0002180,-3.8300606762
CtrSVDD_0021_E_0002181,-4.9080366584
CtrSVDD_0022_E_0002182,0.7037558681
CtrSVDD_0023_E_0002183,-4.4870771842
CtrSVDD_0024_E_0002184,-6.5071487534
CtrSVDD_0025_E_0002185,-0.3311735569
CtrSVDD_0026_E_0002186,-3.8524935856
CtrSVDD_0027_E_0002187,-5.9648264591
CtrSVDD_0028_E_0002188,-2.4879847404
CtrSVDD_0029_E_0002189,-0.1622693499
CtrSVDD_0030_E_0002190,-0.0078225554
CtrSVDD_0031_E_0002191,-4.3538490134
CtrSVDD_0032_E_0002192,-2.9841220820
CtrSVDD_0033_E_0002193,-3.6655820254
CtrSVDD_0034_E_0002194,-3.7423396821
CtrSVDD_0035_E_0002195,-4.6114851887
CtrSVDD_0036_E_0002196,-3.2756758316
CtrSVDD_0037_E_0002197,-4.9486542775
CtrSVDD_0038_E_0002198,-6.8880183698
CtrSVDD_0039_E_0002199,-4.3870562412
CtrSVDD_0040_E_0002200,-4.1824999052
CtrSVDD_0041_E_0002201,-4.8345237959
CtrSVDD_0042_E_0002202,-3.6865407819
CtrSVDD_0043_E_0002203,-5.7489568151
CtrSVDD_0044_E_0002204,-3.6910298692
CtrSVDD_0045_E_0002205,-4.6692335388
CtrSVDD_0046_E_0002206,-6.8762783178
CtrSVDD_0047_E_0002207,0.7792611537
CtrSVDD_0000_E_0002208,-7.2017418546
CtrSVDD_0001_E_0002209,-5.2578204344
CtrSVDD_0002_E_0002210,-4.3545967182
CtrSVDD_0003_E_0002211,0.5766526762
CtrSVDD_0004_E_0002212,0.3120239506
CtrSVDD_0005_E_0002213,-1.9010550731
CtrSVDD_0006_E_0002214,-3.6410139466
CtrSVDD_0007_E_0002215,-1.3975164669
CtrSVDD_0008_E_0002216,-4.9574753439
CtrSVDD_0009_E_0002217,-6.8337540607
CtrSVDD_0010_E_0002218,-0.1241106340
CtrSVDD_0011_E_0002219,-6.0974962203
CtrSVDD_0012_E_0002220,-3.8196188643
CtrSVDD_0013_E_0002221,-2.8024736296
CtrSVDD_0014_E_0002222,-2.5321833614
CtrSVDD_0015_E_0002223,-2.0881863475
CtrSVDD_0016_E_0002224,-4.6912171808
CtrSVDD_0017_E_0002225,-6.1089429943
CtrSVDD_0018_E_0002226,-4.7944894458
CtrSVDD_0019_E_0002227,0.7886275707
CtrSVDD_0020_E_0002228,-4.6302125973
CtrSVDD_0021_E_0002229,-7.2735606433
CtrSVDD_0022_E_0002230,-5.6283122376
CtrSVDD_0023_E_0002231,-4.4377857405
CtrSVDD_0024_E_0002232,-4.3552836997
CtrSVDD_0025_E_0002233,-6.1673741044
CtrSVDD_0026_E_0002234,-4.7541932090
CtrSVDD_0027_E_0002235,-4.8107645383
CtrSVDD_0028_E_0002236,-6.0927286534
CtrSVDD_0029_E_0002237,-2.2837373911
CtrSVDD_0030_E_0002238,-3.6782292442
CtrSVDD_0031_E_0002239,-4.4602698359
CtrSVDD_0032_E_0002240,-2.0452510984
CtrSVDD_0033_E_0002241,-2.0106414428
CtrSVDD_0034_E_0002242,-5.2821943147
CtrSVDD_0035_E_0002243,-6.1978076142
CtrSVDD_0036_E_0002244,-4.6133905744
CtrSVDD_0037_E_0002245,-5.7963766560
CtrSVDD_0038_E_0002246,-5.3408961248
CtrSVDD_0039_E_0002247,-5.8490338808
CtrSVDD_0040_E_0002248,-5.3946349706
CtrSVDD_0041_E_0002249,-4.6688350409
CtrSVDD_0042_E_0002250,-4.5834882142
CtrSVDD_0043_E_0002251,-0.2006659048
CtrSVDD_0044_E_0002252,-4.9698743717
CtrSVDD_0045_E_0002253,-5.4286824176
CtrSVDD_0046_E_0002254,-5.2875256496
CtrSVDD_0047_E_0002255,-2.6367465081
CtrSVDD_0000_E_0002256,-5.8192144918
CtrSVDD_0001_E_0002257,-5.8861267166
CtrSVDD_0002_E_0002258,-5.7132313112
CtrSVDD_0003_E_0002259,-1.2648776829
CtrSVDD_0004_E_0002260,-3.8893612030
CtrSVDD_0005_E_0002261,-5.7710918102
CtrSVDD_0006_E_0002262,-6.7803393403
CtrSVDD_0007_E_0002263,-5.7688331230
CtrSVDD_0008_E_0002264,-5.9247181278
CtrSVDD_0009_E_0002265,-2.9419398973
CtrSVDD_0010_E_0002266,-3.0801081463
CtrSVDD_0011_E_0002267,-6.9318695684
CtrSVDD_0012_E_0002268,-4.0245238749
CtrSVDD_0013_E_0002269,-4.5265734676
CtrSVDD_0014_E_0002270,-2.9739460406
CtrSVDD_0015_E_0002271,-4.2511416648
CtrSVDD_0016_E_0002272,-3.7863146269
CtrSVDD_0017_E_0002273,-6.7564264846
CtrSVDD_0018_E_0002274,-6.2719629551
CtrSVDD_0019_E_0002275,-3.8491265363
CtrSVDD_0020_E_0002276,-4.8272293688
CtrSVDD_0021_E_0002277,-6.2862576443
CtrSVDD_0022_E_0002278,-4.6659164879
CtrSVDD_0023_E_0002279,0.0650895778
CtrSVDD_0024_E_0002280,-4.8185262020
CtrSVDD_0025_E_0002281,0.1297510487
CtrSVDD_0026_E_0002282,-5.0187802946
CtrSVDD_0027_E_0002283,-3.9445381571
CtrSVDD_0028_E_0002284,-5.5025783363
CtrSVDD_0029_E_0002285,-3.1878797460
CtrSVDD_0030_E_0002286,-0.7474381782
CtrSVDD_0031_E_0002287,-4.5737876186
CtrSVDD_0032_E_0002288,-2.8942500463
CtrSVDD_0033_E_0002289,-6.3157527243
CtrSVDD_0034_E_0002290,-6.1113348470
CtrSVDD_0035_E_0002291,-4.6295741903
CtrSVDD_0036_E_0002292,-4.8809360248
CtrSVDD_0037_E_0002293,-4.6674589344
CtrSVDD_0038_E_0002294,-4.3371887723
CtrSVDD_0039_E_0002295,-5.6728311198
CtrSVDD_0040_E_0002296,-4.9936456074
CtrSVDD_0041_E_0002297,-5.0647620978
CtrSVDD_0042_E_0002298,-2.9257435237
CtrSVDD_0043_E_0002299,-4.8872787770
CtrSVDD_0044_E_0002300,0.1864134628
CtrSVDD_0045_E_0002301,-6.1583409367
CtrSVDD_0046_E_0002302,-5.3991779205
CtrSVDD_0047_E_0002303,-4.3721872628
CtrSVDD_0000_E_0002304,0.0202838183
CtrSVDD_0001_E_0002305,-5.8980544135
CtrSVDD_0002_E_0002306,-4.7866311895
CtrSVDD_0003_E_0002307,-4.3772663151
CtrSVDD_0004_E_0002308,-5.1431239442
CtrSVDD_0005_E_0002309,-3.7001103603
CtrSVDD_0006_E_0002310,0.5965898493
CtrSVDD_0007_E_0002311,-2.3822705727
CtrSVDD_0008_E_0002312,1.1093038909
CtrSVDD_0009_E_0002313,-4.7194580943
CtrSVDD_0010_E_0002314,-4.0052617331
CtrSVDD_0011_E_0002315,-8.6980456319
CtrSVDD_0012_E_0002316,-6.1039514414
CtrSVDD_0013_E_0002317,-5.2438492039
CtrSVDD_0014_E_0002318,-5.0559858412
CtrSVDD_0015_E_0002319,-4.9342213246
CtrSVDD_0016_E_0002320,-2.4687902067
CtrSVDD_0017_E_0002321,1.0276181900
CtrSVDD_0018_E_0002322,-0.2581165434
CtrSVDD_0019_E_0002323,-1.6614412582
CtrSVDD_0020_E_0002324,-5.3189282840
CtrSVDD_0021_E_0002325,-3.2907027436
CtrSVDD_0022_E_0002326,-3.2013903519
CtrSVDD_0023_E_0002327,-5.4987116653
CtrSVDD_0024_E_0002328,0.2135279657
CtrSVDD_0025_E_0002329,0.1001806688
CtrSVDD_0026_E_0002330,-4.1516178477
CtrSVDD_0027_E_0002331,2.4176214176
CtrSVDD_0028_E_0002332,-2.1112941435
CtrSVDD_0029_E_0002333,-4.3803140335
CtrSVDD_0030_E_0002334,-0.1267087739
CtrSVDD_0031_E_0002335,-4.2044501408
CtrSVDD_0032_E_0002336,-6.6930631188
CtrSVDD_0033_E_0002337,-4.9763397957
CtrSVDD_0034_E_0002338,-3.9352230424
CtrSVDD_0035_E_0002339,-5.1012087136
CtrSVDD_0036_E_0002340,-4.1290841881
CtrSVDD_0037_E_0002341,-0.0566812540
CtrSVDD_0038_E_0002342,-5.0979501653
CtrSVDD_0039_E_0002343,-4.6804473649
CtrSVDD_0040_E_0002344,-5.7413511157
CtrSVDD_0041_E_0002345,-1.0516312817
CtrSVDD_0042_E_0002346,-5.2069226136
CtrSVDD_0043_E_0002347,-5.8628573934
CtrSVDD_0044_E_0002348,-3.4062424107
CtrSVDD_0045_E_0002349,-4.8699611643
CtrSVDD_0046_E_0002350,1.7454005008
CtrSVDD_0047_E_0002351,-3.6559243071
CtrSVDD_0000_E_0002352,-4.2506800880
CtrSVDD_0001_E_0002353,-6.3127585946
CtrSVDD_0002_E_0002354,-4.7916044337
CtrSVDD_0003_E_0002355,-3.1183150378
CtrSVDD_0004_E_0002356,-5.6816494781
CtrSVDD_0005_E_0002357,-5.7076258750
CtrSVDD_0006_E_0002358,-5.1517971963
CtrSVDD_0007_E_0002359,-4.7676999184
CtrSVDD_0008_E_0002360,-4.6378585811
CtrSVDD_0009_E_0002361,-6.0005898708
CtrSVDD_0010_E_0002362,-3.8214297094
CtrSVDD_0011_E_0002363,1.5363932377
CtrSVDD_0012_E_0002364,-4.8548019311
CtrSVDD_0013_E_0002365,-1.5253929382
CtrSVDD_0014_E_0002366,-5.1279001805
CtrSVDD_0015_E_0002367,-6.3813251853
CtrSVDD_0016_E_0002368,-7.6740364098
CtrSVDD_0017_E_0002369,-0.8157895069
CtrSVDD_0018_E_0002370,-5.1883856671
CtrSVDD_0019_E_0002371,-4.4097818412
CtrSVDD_0020_E_0002372,-2.6567262287
CtrSVDD_0021_E_0002373,-4.9153378763
CtrSVDD_0022_E_0002374,-1.9998380128
CtrSVDD_0023_E_0002375,-7.0220019201
CtrSVDD_0024_E_0002376,0.5072823611
CtrSVDD_0025_E_0002377,0.6701060655
CtrSVDD_0026_E_0002378,-4.9851803802
CtrSVDD_0027_E_0002379,-0.7623174933
CtrSVDD_0028_E_0002380,-5.7522877117
CtrSVDD_0029_E_0002381,-6.1412873646
CtrSVDD_0030_E_0002382,-2.6345068187
CtrSVDD_0031_E_0002383,-3.2970796282
CtrSVDD_0032_E_0002384,-4.1843764438
CtrSVDD_0033_E_0002385,-4.5893297436
CtrSVDD_0034_E_0002386,-4.7402828311
CtrSVDD_0035_E_0002387,-3.8108054491
CtrSVDD_0036_E_0002388,-4.4565505005
CtrSVDD_0037_E_0002389,-5.7448405684
CtrSVDD_0038_E_0002390,-0.7906822025
CtrSVDD_0039_E_0002391,-5.4463398866
CtrSVDD_0040_E_0002392,-4.5573320447
CtrSVDD_0041_E_0002393,2.4307654601
CtrSVDD_0042_E_0002394,-3.2158840683
CtrSVDD_0043_E_0002395,-4.6387819877
CtrSVDD_0044_E_0002396,-1.7141807469
CtrSVDD_0045_E_0002397,-4.7721922241
CtrSVDD_0046_E_0002398,-3.4699390433
CtrSVDD_0047_E_0002399,-4.7190197348
CtrSVDD_0000_E_0002400,1.8912292378
CtrSVDD_0001_E_0002401,-2.4842653318
CtrSVDD_0002_E_0002402,-3.3145207187
CtrSVDD_0003_E_0002403,1.9251456555
CtrSVDD_0004_E_0002404,-4.0330346882
CtrSVDD_0005_E_0002405,-4.5029940143
CtrSVDD_0006_E_0002406,0.9722721429
CtrSVDD_0007_E_0002407,-3.9501055074
CtrSVDD_0008_E_0002408,-2.6242970540
CtrSVDD_0009_E_0002409,-5.1170122645
CtrSVDD_0010_E_0002410,-5.8381645697
CtrSVDD_0011_E_0002411,-0.9566822130
CtrSVDD_0012_E_0002412,-4.5306159108
CtrSVDD_0013_E_0002413,0.0735025060
CtrSVDD_0014_E_0002414,-5.0285410235
CtrSVDD_0015_E_0002415,-4.6282987752
CtrSVDD_0016_E_0002416,-6.4955373276
CtrSVDD_0017_E_0002417,-6.1981677134
CtrSVDD_0018_E_0002418,-3.4538114801
CtrSVDD_0019_E_0002419,-4.9461848122
CtrSVDD_0020_E_0002420,-4.4514515920
CtrSVDD_0021_E_0002421,-4.4951987401
CtrSVDD_0022_E_0002422,2.4047612230
CtrSVDD_0023_E_0002423,-4.0077284342
CtrSVDD_0024_E_0002424,-0.2944485424
CtrSVDD_0025_E_0002425,-7.7192026883
CtrSVDD_0026_E_0002426,-4.5379519560
CtrSVDD_0027_E_0002427,-6.9505296625
CtrSVDD_0028_E_0002428,-3.6443966565
CtrSVDD_0029_E_0002429,-5.3493346327
CtrSVDD_0030_E_0002430,-5.3888143334
CtrSVDD_0031_E_0002431,-5.5623473661
CtrSVDD_0032_E_0002432,-0.7455095040
CtrSVDD_0033_E_0002433,0.7567601723
CtrSVDD_0034_E_0002434,-4.3074359415
CtrSVDD_0035_E_0002435,-5.4420307841
CtrSVDD_0036_E_0002436,1.0347594811
CtrSVDD_0037_E_0002437,0.4536071489
CtrSVDD_0038_E_0002438,-4.6175025632
CtrSVDD_0039_E_0002439,0.4424632490
CtrSVDD_0040_E_0002440,-3.6626999176
CtrSVDD_0041_E_0002441,-4.8379088079
CtrSVDD_0042_E_0002442,-4.6782341670
CtrSVDD_0043_E_0002443,-4.0928696970
CtrSVDD_0044_E_0002444,-4.2778130181
CtrSVDD_0045_E_0002445,-4.4202481715
CtrSVDD_0046_E_0002446,-4.7685984735
CtrSVDD_0047_E_0002447,-5.0435910891
CtrSVDD_0000_E_0002448,-3.5197037014
CtrSVDD_0001_E_0002449,-3.8268033311
CtrSVDD_0002_E_0002450,0.0889401633
CtrSVDD_0003_E_0002451,0.5816152139
CtrSVDD_0004_E_0002452,-3.1416689057
CtrSVDD_0005_E_0002453,-4.1945191556
CtrSVDD_0006_E_0002454,-4.0763698240
CtrSVDD_0007_E_0002455,0.5342161970
CtrSVDD_0008_E_0002456,-2.9623871163
CtrSVDD_0009_E_0002457,-4.6511386114
CtrSVDD_0010_E_0002458,-6.6379314768
CtrSVDD_0011_E_0002459,-5.6476582274
CtrSVDD_0012_E_0002460,-4.6098267494
CtrSVDD_0013_E_0002461,0.7945121794
CtrSVDD_0014_E_0002462,1.0492027322
CtrSVDD_0015_E_0002463,-2.5285945131
CtrSVDD_0016_E_0002464,-3.0903372794
CtrSVDD_0017_E_0002465,-4.4184237901
CtrSVDD_0018_E_0002466,1.0111555966
CtrSVDD_0019_E_0002467,-6.3332186017
CtrSVDD_0020_E_0002468,-5.8477150222
CtrSVDD_0021_E_0002469,-1.1989975692
CtrSVDD_0022_E_0002470,-5.4224850948
CtrSVDD_0023_E_0002471,-4.7233092128
CtrSVDD_0024_E_0002472,-1.6963053779
CtrSVDD_0025_E_0002473,-4.7389318766
CtrSVDD_0026_E_0002474,-5.1244587433
CtrSVDD_0027_E_0002475,-2.1741266123
CtrSVDD_0028_E_0002476,-1.3263921989
CtrSVDD_0029_E_0002477,-5.2889912715
CtrSVDD_0030_E_0002478,-3.3576340555
CtrSVDD_0031_E_0002479,-6.1017996409
CtrSVDD_0032_E_0002480,-5.6085663005
CtrSVDD_0033_E_0002481,-3.9416602132
CtrSVDD_0034_E_0002482,-5.4803462489
CtrSVDD_0035_E_0002483,0.8314986965
CtrSVDD_0036_E_0002484,-6.0280947619
CtrSVDD_0037_E_0002485,-3.6590398622
CtrSVDD_0038_E_0002486,-4.3752798706
CtrSVDD_0039_E_0002487,-3.5529447529
CtrSVDD_0040_E_0002488,-1.2343409229
CtrSVDD_0041_E_0002489,-4.3882705270
CtrSVDD_0042_E_0002490,-5.0448700297
CtrSVDD_0043_E_0002491,-4.0898043551
CtrSVDD_0044_E_0002492,0.3002966440
CtrSVDD_0045_E_0002493,-6.4393237138
CtrSVDD_0046_E_0002494,-1.1877471651
CtrSVDD_0047_E_0002495,-4.4552604487
CtrSVDD_0000_E_0002496,-7.2022448411
CtrSVDD_0001_E_0002497,-5.8624478971
CtrSVDD_0002_E_0002498,-0.0426759874
CtrSVDD_0003_E_0002499,-3.5396059750
CtrSVDD_0004_E_0002500,-2.8560534761
CtrSVDD_0005_E_0002501,-4.1047354350
CtrSVDD_0006_E_0002502,0.2866984235
CtrSVDD_0007_E_0002503,-4.1395338831
CtrSVDD_0008_E_0002504,-5.7120690370
CtrSVDD_0009_E_0002505,-4.6769485941
CtrSVDD_0010_E_0002506,-5.2176796326
CtrSVDD_0011_E_0002507,-4.8257500688
CtrSVDD_0012_E_0002508,-3.4743510832
CtrSVDD_0013_E_0002509,-3.9488871659
CtrSVDD_0014_E_0002510,-3.6432053428
CtrSVDD_0015_E_0002511,-4.9459426085
CtrSVDD_0016_E_0002512,-5.3439073679
CtrSVDD_0017_E_0002513,0.4707282311
CtrSVDD_0018_E_0002514,-3.9416387205
CtrSVDD_0019_E_0002515,-4.1776939242
CtrSVDD_0020_E_0002516,-5.3939569552
CtrSVDD_0021_E_0002517,-5.0939122729
CtrSVDD_0022_E_0002518,0.5085764963
CtrSVDD_0023_E_0002519,-4.6671771808
CtrSVDD_0024_E_0002520,-4.2654434743
CtrSVDD_0025_E_0002521,-2.8189717461
CtrSVDD_0026_E_0002522,-4.5363849885
CtrSVDD_0027_E_0002523,-1.7685865887
CtrSVDD_0028_E_0002524,-4.0096075744
CtrSVDD_0029_E_0002525,-3.8617052106
CtrSVDD_0030_E_0002526,-7.5192749374
CtrSVDD_0031_E_0002527,-5.7309720926
CtrSVDD_0032_E_0002528,-0.0482769358
CtrSVDD_0033_E_0002529,-4.2797048248
CtrSVDD_0034_E_0002530,-4.7617025333
CtrSVDD_0035_E_0002531,-5.7570320761
CtrSVDD_0036_E_0002532,-5.1652519666
CtrSVDD_0037_E_0002533,0.4060446121
CtrSVDD_0038_E_0002534,-4.7116706122
CtrSVDD_0039_E_0002535,-5.3230729353
CtrSVDD_0040_E_0002536,-5.6053590427
CtrSVDD_0041_E_0002537,-3.0087151507
CtrSVDD_0042_E_0002538,-4.9264609564
CtrSVDD_0043_E_0002539,1.4352085477
CtrSVDD_0044_E_0002540,-5.1735458277
CtrSVDD_0045_E_0002541,-3.4715687423
CtrSVDD_0046_E_0002542,-7.4155761726
CtrSVDD_0047_E_0002543,1.8176371191
CtrSVDD_0000_E_0002544,-4.0633652057
CtrSVDD_0001_E_0002545,-6.5300834180
CtrSVDD_0002_E_0002546,-5.0670397851
CtrSVDD_0003_E_0002547,0.6983904682
CtrSVDD_0004_E_0002548,-0.2465641713
CtrSVDD_0005_E_0002549,-5.6353164086
CtrSVDD_0006_E_0002550,-4.4854152590
CtrSVDD_0007_E_0002551,-2.3105204705
CtrSVDD_0008_E_0002552,-4.9284654197
CtrSVDD_0009_E_0002553,-3.9165680714
CtrSVDD_0010_E_0002554,-3.3727934445
CtrSVDD_0011_E_0002555,-5.7288461470
CtrSVDD_0012_E_0002556,-2.1652380805
CtrSVDD_0013_E_0002557,-3.9058724935
CtrSVDD_0014_E_0002558,-0.7455899122
CtrSVDD_0015_E_0002559,-6.4131016396
CtrSVDD_0016_E_0002560,-1.6657740800
CtrSVDD_0017_E_0002561,-4.4897307691
CtrSVDD_0018_E_0002562,-3.8484442364
CtrSVDD_0019_E_0002563,-4.3855885238
CtrSVDD_0020_E_0002564,-4.0714163770
CtrSVDD_0021_E_0002565,-4.8992719476
CtrSVDD_0022_E_0002566,-3.9749814755
CtrSVDD_0023_E_0002567,-3.9672005764
CtrSVDD_0024_E_0002568,-2.5463776926
CtrSVDD_0025_E_0002569,-4.4672874827
CtrSVDD_0026_E_0002570,-3.6730857385
CtrSVDD_0027_E_0002571,-3.1675789587
CtrSVDD_0028_E_0002572,-5.0095511521
CtrSVDD_0029_E_0002573,-5.0350669251
CtrSVDD_0030_E_0002574,-5.3004626293
CtrSVDD_0031_E_0002575,-4.7502286873
CtrSVDD_0032_E_0002576,-5.5558711562
CtrSVDD_0033_E_0002577,-5.0393954714
CtrSVDD_0034_E_0002578,0.4598173600
CtrSVDD_0035_E_0002579,-4.1144988120
CtrSVDD_0036_E_0002580,-4.6139532076
CtrSVDD_0037_E_0002581,-4.6261415031
CtrSVDD_0038_E_0002582,-5.9395962002
CtrSVDD_0039_E_0002583,-6.1782782822
CtrSVDD_0040_E_0002584,-6.0713827120
CtrSVDD_0041_E_0002585,-5.8293190104
CtrSVDD_0042_E_0002586,-5.7050200209
CtrSVDD_0043_E_0002587,-4.8287082541
CtrSVDD_0044_E_0002588,-3.0407248395
CtrSVDD_0045_E_0002589,-2.8445873146
CtrSVDD_0046_E_0002590,-3.1074351725
CtrSVDD_0047_E_0002591,-4.0204328354
CtrSVDD_0000_E_0002592,-5.2844588938
CtrSVDD_0001_E_0002593,-4.6616133088
CtrSVDD_0002_E_0002594,-3.1562603683
CtrSVDD_0003_E_0002595,-2.2917966784
CtrSVDD_0004_E_0002596,-5.2841482010
CtrSVDD_0005_E_0002597,-3.2812031109
CtrSVDD_0006_E_0002598,-2.6647264094
CtrSVDD_0007_E_0002599,-1.0088261121
CtrSVDD_0008_E_0002600,1.1276053953
CtrSVDD_0009_E_0002601,-2.1859668572
CtrSVDD_0010_E_0002602,-3.5133792435
CtrSVDD_0011_E_0002603,1.2107154884
CtrSVDD_0012_E_0002604,-4.1689442906
CtrSVDD_0013_E_0002605,0.0692954288
CtrSVDD_0014_E_0002606,-3.5077143401
CtrSVDD_0015_E_0002607,-6.3182474855
CtrSVDD_0016_E_0002608,-6.0863819074
CtrSVDD_0017_E_0002609,-2.3444282037
CtrSVDD_0018_E_0002610,-6.6872608340
CtrSVDD_0019_E_0002611,-6.0645603356
CtrSVDD_0020_E_0002612,-2.4570346957
CtrSVDD_0021_E_0002613,-3.8151874649
CtrSVDD_0022_E_0002614,2.2754413992
CtrSVDD_0023_E_0002615,1.2679967613
CtrSVDD_0024_E_0002616,-4.8488617740
CtrSVDD_0025_E_0002617,-3.7482510491
CtrSVDD_0026_E_0002618,-3.7885690630
CtrSVDD_0027_E_0002619,-5.8052113315
CtrSVDD_0028_E_0002620,-6.3058047998
CtrSVDD_0029_E_0002621,-3.5908628973
CtrSVDD_0030_E_0002622,-2.1713708832
CtrSVDD_0031_E_0002623,-4.4355543763
CtrSVDD_0032_E_0002624,-2.3272900226
CtrSVDD_0033_E_0002625,-5.7864980984
CtrSVDD_0034_E_0002626,-3.8947295794
CtrSVDD_0035_E_0002627,-5.0475380249
CtrSVDD_0036_E_0002628,-4.8727664296
CtrSVDD_0037_E_0002629,-2.4260501407
CtrSVDD_0038_E_0002630,-5.9951052950
CtrSVDD_0039_E_0002631,-3.9096364641
CtrSVDD_0040_E_0002632,-1.1223380117
CtrSVDD_0041_E_0002633,-6.4344805978
CtrSVDD_0042_E_0002634,-4.3256826057
CtrSVDD_0043_E_0002635,-3.5013511565
CtrSVDD_0044_E_0002636,-5.2720166386
CtrSVDD_0045_E_0002637,-3.7769850307
CtrSVDD_0046_E_0002638,-4.3617307104
CtrSVDD_0047_E_0002639,-2.6632429872
CtrSVDD_0000_E_0002640,-3.1023635527
CtrSVDD_0001_E_0002641,-4.7132092980
CtrSVDD_0002_E_0002642,-3.4373490450
CtrSVDD_0003_E_0002643,-5.1723201681
CtrSVDD_0004_E_0002644,-4.8225711368
CtrSVDD_0005_E_0002645,-3.6002200495
CtrSVDD_0006_E_0002646,-5.1595943198
CtrSVDD_0007_E_0002647,-1.6732699651
CtrSVDD_0008_E_0002648,-1.8009682583
CtrSVDD_0009_E_0002649,-4.6438226245
CtrSVDD_0010_E_0002650,-4.6014037939
CtrSVDD_0011_E_0002651,-4.1998566926
CtrSVDD_0012_E_0002652,-3.9280776124
CtrSVDD_0013_E_0002653,-5.1848613714
CtrSVDD_0014_E_0002654,-4.7925059530
CtrSVDD_0015_E_0002655,-6.0947038422
CtrSVDD_0016_E_0002656,-5.0195051163
CtrSVDD_0017_E_0002657,-5.5501365514
CtrSVDD_0018_E_0002658,-5.8884913452
CtrSVDD_0019_E_0002659,-0.2682531520
CtrSVDD_0020_E_0002660,-5.2765369143
CtrSVDD_0021_E_0002661,-1.6453949376
CtrSVDD_0022_E_0002662,-5.8433402180
CtrSVDD_0023_E_0002663,-6.5337540816
CtrSVDD_0024_E_0002664,-5.1953243991
CtrSVDD_0025_E_0002665,-4.2484754913
CtrSVDD_0026_E_0002666,-0.3385708627
CtrSVDD_0027_E_0002667,-1.3751504013
CtrSVDD_0028_E_0002668,-3.3461850789
CtrSVDD_0029_E_0002669,-6.1870756959
CtrSVDD_0030_E_0002670,-4.2452948045
CtrSVDD_0031_E_0002671,-0.0384761641
CtrSVDD_0032_E_0002672,-2.8435447462
CtrSVDD_0033_E_0002673,0.4551580530
CtrSVDD_0034_E_0002674,-2.6701785449
CtrSVDD_0035_E_0002675,-3.9371532034
CtrSVDD_0036_E_0002676,-4.0283849874
CtrSVDD_0037_E_0002677,-5.2620224604
CtrSVDD_0038_E_0002678,1.4083070176
CtrSVDD_0039_E_0002679,-4.6402432441
CtrSVDD_0040_E_0002680,-2.9807604813
CtrSVDD_0041_E_0002681,-4.4031289459
CtrSVDD_0042_E_0002682,-4.5243699342
CtrSVDD_0043_E_0002683,-4.4569641797
CtrSVDD_0044_E_0002684,-2.4284341959
CtrSVDD_0045_E_0002685,-1.6293610596
CtrSVDD_0046_E_0002686,-3.4029226379
CtrSVDD_0047_E_0002687,-4.5200073743
CtrSVDD_0000_E_0002688,-5.2515277579
CtrSVDD_0001_E_0002689,0.5133580378
CtrSVDD_0002_E_0002690,-2.8207963126
CtrSVDD_0003_E_0002691,-1.7304182935
CtrSVDD_0004_E_0002692,-7.1469872947
CtrSVDD_0005_E_0002693,-4.7438338723
CtrSVDD_0006_E_0002694,-5.0910468343
CtrSVDD_0007_E_0002695,-6.5168631072
CtrSVDD_0008_E_0002696,-4.8416335018
CtrSVDD_0009_E_0002697,-3.4292185182
CtrSVDD_0010_E_0002698,-4.7042043056
CtrSVDD_0011_E_0002699,-4.1858729765
CtrSVDD_0012_E_0002700,-4.5640398373
CtrSVDD_0013_E_0002701,-3.3268440087
CtrSVDD_0014_E_0002702,-5.6420815158
CtrSVDD_0015_E_0002703,-2.9636921106
CtrSVDD_0016_E_0002704,-0.2419726189
CtrSVDD_0017_E_0002705,-4.6992222269
CtrSVDD_0018_E_0002706,-1.8773044638
CtrSVDD_0019_E_0002707,-3.9402080224
CtrSVDD_0020_E_0002708,-6.6114327740
CtrSVDD_0021_E_0002709,-5.1623027533
CtrSVDD_0022_E_0002710,-5.0750873908
CtrSVDD_0023_E_0002711,-4.6184862190
CtrSVDD_0024_E_0002712,-4.1983284139
CtrSVDD_0025_E_0002713,-6.1832211198
CtrSVDD_0026_E_0002714,3.7543430350
CtrSVDD_0027_E_0002715,-5.4301602384
CtrSVDD_0028_E_0002716,-4.8445892267
CtrSVDD_0029_E_0002717,-5.3318187365
CtrSVDD_0030_E_0002718,-5.1561536167
CtrSVDD_0031_E_0002719,-5.2697577390
CtrSVDD_0032_E_0002720,-3.4876068191
CtrSVDD_0033_E_0002721,-5.5509312080
CtrSVDD_0034_E_0002722,-0.7290684029
CtrSVDD_0035_E_0002723,-4.4770849903
CtrSVDD_0036_E_0002724,-5.5776761402
CtrSVDD_0037_E_0002725,-5.2185196964
CtrSVDD_0038_E_0002726,-4.1129496203
CtrSVDD_0039_E_0002727,0.0384761641
CtrSVDD_0040_E_0002728,-3.9662828337
CtrSVDD_0041_E_0002729,-6.1755435830
CtrSVDD_0042_E_0002730,-5.8307683007
CtrSVDD_0043_E_0002731,0.1020453384
CtrSVDD_0044_E_0002732,-6.0594000726
CtrSVDD_0045_E_0002733,-5.1923611416
CtrSVDD_0046_E_0002734,-5.5541918688
CtrSVDD_0047_E_0002735,-5.3725701455
CtrSVDD_0000_E_0002736,-6.0303393585
CtrSVDD_0001_E_0002737,-4.4032169813
CtrSVDD_0002_E_0002738,-2.5410520790
CtrSVDD_0003_E_0002739,-4.7308936375
CtrSVDD_0004_E_0002740,-6.1247290994
CtrSVDD_0005_E_0002741,-1.8373554895
CtrSVDD_0006_E_0002742,-4.3491846241
CtrSVDD_0007_E_0002743,-3.3351081086
CtrSVDD_0008_E_0002744,-5.7352931577
CtrSVDD_0009_E_0002745,-4.0476170989
CtrSVDD_0010_E_0002746,-1.9498126057
CtrSVDD_0011_E_0002747,-4.9617545072
CtrSVDD_0012_E_0002748,1.5228742124
CtrSVDD_0013_E_0002749,-5.2079244347
CtrSVDD_0014_E_0002750,-2.9465130411
CtrSVDD_0015_E_0002751,-0.4505086063
CtrSVDD_0016_E_0002752,1.6674542859
CtrSVDD_0017_E_0002753,-5.2146990085
CtrSVDD_0018_E_0002754,-5.1979393193
CtrSVDD_0019_E_0002755,-4.1021517125
CtrSVDD_0020_E_0002756,-5.9558582562
CtrSVDD_0021_E_0002757,-5.5110810409
CtrSVDD_0022_E_0002758,-3.9640118020
CtrSVDD_0023_E_0002759,-4.0610657121
CtrSVDD_0024_E_0002760,-5.8204294613
CtrSVDD_0025_E_0002761,-4.9764692305
CtrSVDD_0026_E_0002762,-5.8630333646
CtrSVDD_0027_E_0002763,-5.1810794656
CtrSVDD_0028_E_0002764,-6.5791781048
CtrSVDD_0029_E_0002765,-4.4798488434
CtrSVDD_0030_E_0002766,-5.9720318937
CtrSVDD_0031_E_0002767,-3.9459878435
CtrSVDD_0032_E_0002768,-4.2415429765
CtrSVDD_0033_E_0002769,-5.1992065249
CtrSVDD_0034_E_0002770,-4.4804212519
CtrSVDD_0035_E_0002771,-4.2302732078
CtrSVDD_0036_E_0002772,-0.7400603223
CtrSVDD_0037_E_0002773,0.2639055764
CtrSVDD_0038_E_0002774,-6.0462887507
CtrSVDD_0039_E_0002775,-4.1250143727
CtrSVDD_0040_E_0002776,-5.8704716990
CtrSVDD_0041_E_0002777,-5.4650549489
CtrSVDD_0042_E_0002778,-6.2919205595
CtrSVDD_0043_E_0002779,-1.8295245656
CtrSVDD_0044_E_0002780,0.2915282760
CtrSVDD_0045_E_0002781,0.7492890010
CtrSVDD_0046_E_0002782,-5.2905489532
CtrSVDD_0047_E_0002783,-6.2252165139
CtrSVDD_0000_E_0002784,-3.0095389737
CtrSVDD_0001_E_0002785,-7.1690668215
CtrSVDD_0002_E_0002786,-5.0099226765
CtrSVDD_0003_E_0002787,-5.3197037447
CtrSVDD_0004_E_0002788,-5.6918826032
CtrSVDD_0005_E_0002789,-4.6342776452
CtrSVDD_0006_E_0002790,-0.7641892626
CtrSVDD_0007_E_0002791,-3.4569119656
CtrSVDD_0008_E_0002792,-6.4663810240
CtrSVDD_0009_E_0002793,-3.7199893794
CtrSVDD_0010_E_0002794,-1.8747589502
CtrSVDD_0011_E_0002795,-6.6307036819
CtrSVDD_0012_E_0002796,-3.1965725080
CtrSVDD_0013_E_0002797,-3.3558502718
CtrSVDD_0014_E_0002798,-5.1679399322
CtrSVDD_0015_E_0002799,-6.1060137484
CtrSVDD_0016_E_0002800,-4.3969520521
CtrSVDD_0017_E_0002801,0.3969473992
CtrSVDD_0018_E_0002802,-2.6385711555
CtrSVDD_0019_E_0002803,0.1339840606
CtrSVDD_0020_E_0002804,-7.2893955351
CtrSVDD_0021_E_0002805,-4.5152102344
CtrSVDD_0022_E_0002806,-4.4056953611
CtrSVDD_0023_E_0002807,0.5607376411
CtrSVDD_0024_E_0002808,-1.7583790479
CtrSVDD_0025_E_0002809,-2.7288016583
CtrSVDD_0026_E_0002810,-4.1100473718
CtrSVDD_0027_E_0002811,-3.5321911003
CtrSVDD_0028_E_0002812,-6.4450886132
CtrSVDD_0029_E_0002813,-5.0109552130
CtrSVDD_0030_E_0002814,-4.2136951471
CtrSVDD_0031_E_0002815,-4.6789057084
CtrSVDD_0032_E_0002816,-2.3757186292
CtrSVDD_0033_E_0002817,-2.9292172400
CtrSVDD_0034_E_0002818,-5.6155276437
CtrSVDD_0035_E_0002819,-5.1434245892
CtrSVDD_0036_E_0002820,-5.0040426925
CtrSVDD_0037_E_0002821,-3.0229846536
CtrSVDD_0038_E_0002822,-4.8000703017
CtrSVDD_0039_E_0002823,-5.0597524947
CtrSVDD_0040_E_0002824,-5.2147448543
CtrSVDD_0041_E_0002825,-6.5742805970
CtrSVDD_0042_E_0002826,-4.9704802780
CtrSVDD_0043_E_0002827,-4.9663635233
CtrSVDD_0044_E_0002828,0.3017602678
CtrSVDD_0045_E_0002829,-4.0138565288
CtrSVDD_0046_E_0002830,-5.0599437179
CtrSVDD_0047_E_0002831,-4.1223185664
CtrSVDD_0000_E_0002832,-4.8492137628
CtrSVDD_0001_E_0002833,-4.8550143908
CtrSVDD_0002_E_0002834,-5.0068945661
CtrSVDD_0003_E_0002835,-3.5019496953
CtrSVDD_0004_E_0002836,-0.5882543120
CtrSVDD_0005_E_0002837,0.0973694111
CtrSVDD_0006_E_0002838,-5.3566383596
CtrSVDD_0007_E_0002839,-5.7572211824
CtrSVDD_0008_E_0002840,-3.4907993388
CtrSVDD_0009_E_0002841,-3.2542754643
CtrSVDD_0010_E_0002842,-5.4725280085
CtrSVDD_0011_E_0002843,-4.3228939869
CtrSVDD_0012_E_0002844,-3.4699588674
CtrSVDD_0013_E_0002845,-5.0183992740
CtrSVDD_0014_E_0002846,-0.6457902880
CtrSVDD_0015_E_0002847,0.1695102101
CtrSVDD_0016_E_0002848,-4.9991025220
CtrSVDD_0017_E_0002849,-3.6205905018
CtrSVDD_0018_E_0002850,0.8902607472
CtrSVDD_0019_E_0002851,-1.9378020451
CtrSVDD_0020_E_0002852,-3.7931443724
CtrSVDD_0021_E_0002853,-4.4136428762
CtrSVDD_0022_E_0002854,0.1043990475
CtrSVDD_0023_E_0002855,0.5126476193
CtrSVDD_0024_E_0002856,-2.9790584586
CtrSVDD_0025_E_0002857,-4.5036225954
CtrSVDD_0026_E_0002858,-3.6459864484
CtrSVDD_0027_E_0002859,-3.9871848571
CtrSVDD_0028_E_0002860,-5.1875314008
CtrSVDD_0029_E_0002861,-3.7258268891
CtrSVDD_0030_E_0002862,-5.0555457465
CtrSVDD_0031_E_0002863,-5.1215504783
CtrSVDD_0032_E_0002864,-3.2923189484
CtrSVDD_0033_E_0002865,-5.9776681636
CtrSVDD_0034_E_0002866,-3.6519567185
CtrSVDD_0035_E_0002867,-0.1636868392
CtrSVDD_0036_E_0002868,-4.8705237800
CtrSVDD_0037_E_0002869,-6.0644824138
CtrSVDD_0038_E_0002870,0.9903837048
CtrSVDD_0039_E_0002871,0.7660637131
CtrSVDD_0040_E_0002872,-5.3420321904
CtrSVDD_0041_E_0002873,-2.6548926537
CtrSVDD_0042_E_0002874,-5.4116711490
CtrSVDD_0043_E_0002875,-4.0679678525
CtrSVDD_0044_E_0002876,-5.4845210681
CtrSVDD_0045_E_0002877,-4.3507385663
CtrSVDD_0046_E_0002878,-2.4140559557
CtrSVDD_0047_E_0002879,-4.2566012319
CtrSVDD_0000_E_0002880,-3.7634471106
CtrSVDD_0001_E_0002881,-5.9429597619
CtrSVDD_0002_E_0002882,-3.5292458942
CtrSVDD_0003_E_0002883,-6.1488315392
CtrSVDD_0004_E_0002884,1.0565070817
CtrSVDD_0005_E_0002885,-3.7076330501
CtrSVDD_0006_E_0002886,-6.3206872648
CtrSVDD_0007_E_0002887,-5.2930164833
CtrSVDD_0008_E_0002888,-4.9907384936
CtrSVDD_0009_E_0002889,-5.7716941418
CtrSVDD_0010_E_0002890,-4.5343548008
CtrSVDD_0011_E_0002891,-4.1342467634
CtrSVDD_0012_E_0002892,-2.8298941155
CtrSVDD_0013_E_0002893,-2.1468147108
CtrSVDD_0014_E_0002894,-4.8999450353
CtrSVDD_0015_E_0002895,-1.9786692314
CtrSVDD_0016_E_0002896,-5.6937586544
CtrSVDD_0017_E_0002897,-2.7988682879
CtrSVDD_0018_E_0002898,-3.9574665395
CtrSVDD_0019_E_0002899,-6.6962650147
CtrSVDD_0020_E_0002900,-4.8449495068
CtrSVDD_0021_E_0002901,1.1849199287
CtrSVDD_0022_E_0002902,-3.2287959990
CtrSVDD_0023_E_0002903,-1.6845475769
CtrSVDD_0024_E_0002904,-4.5216508050
CtrSVDD_0025_E_0002905,-5.7407836135
CtrSVDD_0026_E_0002906,-4.4468002950
CtrSVDD_0027_E_0002907,-3.6135203150
CtrSVDD_0028_E_0002908,1.3216605747
CtrSVDD_0029_E_0002909,0.1198829224
CtrSVDD_0030_E_0002910,-4.4518808969
CtrSVDD_0031_E_0002911,-4.1959573168
CtrSVDD_0032_E_0002912,-6.0923489799
CtrSVDD_0033_E_0002913,-0.3002966440
CtrSVDD_0034_E_0002914,-6.6909228657
CtrSVDD_0035_E_0002915,-7.3058599614
CtrSVDD_0036_E_0002916,-0.4197539913
CtrSVDD_0037_E_0002917,-6.0393626828
CtrSVDD_0038_E_0002918,-3.2701214035
CtrSVDD_0039_E_0002919,-4.5754744780
CtrSVDD_0040_E_0002920,-5.8622310011
CtrSVDD_0041_E_0002921,-4.6748233726
CtrSVDD_0042_E_0002922,-2.8145728398
CtrSVDD_0043_E_0002923,-5.3696016211
CtrSVDD_0044_E_0002924,-3.0173348804
CtrSVDD_0045_E_0002925,-3.2541565931
CtrSVDD_0046_E_0002926,-3.9142802811
CtrSVDD_0047_E_0002927,-4.8192419178
CtrSVDD_0000_E_0002928,-5.4231179230
CtrSVDD_0001_E_0002929,1.4713997696
CtrSVDD_0002_E_0002930,-4.4530783750
CtrSVDD_0003_E_0002931,-6.6740080180
CtrSVDD_0004_E_0002932,1.0964555527
CtrSVDD_0005_E_0002933,-4.2727046209
CtrSVDD_0006_E_0002934,-5.2402660256
CtrSVDD_0007_E_0002935,-5.4823247775
CtrSVDD_0008_E_0002936,-2.3555168963
CtrSVDD_0009_E_0002937,-4.3317195937
CtrSVDD_0010_E_0002938,-5.3405724309
CtrSVDD_0011_E_0002939,-4.0736390568
CtrSVDD_0012_E_0002940,-3.8230592008
CtrSVDD_0013_E_0002941,-3.6647561255
CtrSVDD_0014_E_0002942,-4.8254861602
CtrSVDD_0015_E_0002943,-4.7135430703
CtrSVDD_0016_E_0002944,-3.6615755220
CtrSVDD_0017_E_0002945,-6.2057555157
CtrSVDD_0018_E_0002946,-4.4787538178
CtrSVDD_0019_E_0002947,-5.5705694830
CtrSVDD_0020_E_0002948,-3.9978482039
CtrSVDD_0021_E_0002949,-4.4374561543
CtrSVDD_0022_E_0002950,-2.3143720728
CtrSVDD_0023_E_0002951,-3.1765213842
CtrSVDD_0024_E_0002952,-6.1973069497
CtrSVDD_0025_E_0002953,-3.3145397079
CtrSVDD_0026_E_0002954,0.8312954721
CtrSVDD_0027_E_0002955,-5.4717618820
CtrSVDD_0028_E_0002956,-1.7807001241
CtrSVDD_0029_E_0002957,-4.8734001260
CtrSVDD_0030_E_0002958,0.1574242564
CtrSVDD_0031_E_0002959,-5.7976976166
CtrSVDD_0032_E_0002960,0.7679408591
CtrSVDD_0033_E_0002961,-4.4285889941
CtrSVDD_0034_E_0002962,0.9176216787
CtrSVDD_0035_E_0002963,-4.7851353595
CtrSVDD_0036_E_0002964,-5.3208454405
CtrSVDD_0037_E_0002965,-1.1792936900
CtrSVDD_0038_E_0002966,-5.1096175957
CtrSVDD_0039_E_0002967,-0.4258723100
CtrSVDD_0040_E_0002968,0.4641671859
CtrSVDD_0041_E_0002969,-6.1951727861
CtrSVDD_0042_E_0002970,-4.9294698544
CtrSVDD_0043_E_0002971,-3.0370647627
CtrSVDD_0044_E_0002972,-4.1466725385
CtrSVDD_0045_E_0002973,-5.4145043173
CtrSVDD_0046_E_0002974,-4.9007291751
CtrSVDD_0047_E_0002975,-6.4381161368
CtrSVDD_0000_E_0002976,-5.8163403424
CtrSVDD_0001_E_0002977,-6.2194161887
CtrSVDD_0002_E_0002978,-3.7895292832
CtrSVDD_0003_E_0002979,-5.8375871068
CtrSVDD_0004_E_0002980,-0.7868637889
CtrSVDD_0005_E_0002981,-5.8222602335
CtrSVDD_0006_E_0002982,0.1283405650
CtrSVDD_0007_E_0002983,-7.0318467995
CtrSVDD_0008_E_0002984,-4.2770352428
CtrSVDD_0009_E_0002985,-5.5503046957
CtrSVDD_0010_E_0002986,-5.5902527526
CtrSVDD_0011_E_0002987,-5.9699167626
CtrSVDD_0012_E_0002988,-3.9735316259
CtrSVDD_0013_E_0002989,-1.2966417965
CtrSVDD_0014_E_0002990,-4.5554222408
CtrSVDD_0015_E_0002991,-3.3129360438
CtrSVDD_0016_E_0002992,-6.3693253254
CtrSVDD_0017_E_0002993,-5.0185441753
CtrSVDD_0018_E_0002994,-6.7248017187
CtrSVDD_0019_E_0002995,-4.7945833737
CtrSVDD_0020_E_0002996,-4.6949557865
CtrSVDD_0021_E_0002997,1.5318557475
CtrSVDD_0022_E_0002998,-3.1396053123
CtrSVDD_0023_E_0002999,-6.4994464767
CtrSVDD_0024_E_0003000,1.2269915574
CtrSVDD_0025_E_0003001,-3.2068954637
CtrSVDD_0026_E_0003002,-2.3571881614
CtrSVDD_0027_E_0003003,-5.9374648169
CtrSVDD_0028_E_0003004,0.4151755544
CtrSVDD_0029_E_0003005,-4.0156021442
CtrSVDD_0030_E_0003006,-5.6218571321
CtrSVDD_0031_E_0003007,-5.7102960493
CtrSVDD_0032_E_0003008,-2.1681219112
CtrSVDD_0033_E_0003009,0.6297458358
CtrSVDD_0034_E_0003010,-5.4583499331
CtrSVDD_0035_E_0003011,-3.1494555318
CtrSVDD_0036_E_0003012,-4.2663662441
CtrSVDD_0037_E_0003013,-4.3169363819
CtrSVDD_0038_E_0003014,-5.4568621522
CtrSVDD_0039_E_0003015,1.9169401488
CtrSVDD_0040_E_0003016,-5.0687316417
CtrSVDD_0041_E_0003017,-5.6979372922
CtrSVDD_0042_E_0003018,-4.5363414844
CtrSVDD_0043_E_0003019,-0.5261667968
CtrSVDD_0044_E_0003020,-6.3975003732
CtrSVDD_0045_E_0003021,-7.3910556369
CtrSVDD_0046_E_0003022,-3.9590868626
CtrSVDD_0047_E_0003023,-3.8785325039
CtrSVDD_0000_E_0003024,-5.6522747670
CtrSVDD_0001_E_0003025,-5.6053869539
CtrSVDD_0002_E_0003026,-4.8039544053
CtrSVDD_0003_E_0003027,-4.4429223020
CtrSVDD_0004_E_0003028,-0.9790521915
CtrSVDD_0005_E_0003029,-4.2784872573
CtrSVDD_0006_E_0003030,-3.7504939740
CtrSVDD_0007_E_0003031,-6.0936900095
CtrSVDD_0008_E_0003032,1.7583790479
CtrSVDD_0009_E_0003033,-6.5379408414
CtrSVDD_0010_E_0003034,-5.1667119653
CtrSVDD_0011_E_0003035,-5.8063249027
CtrSVDD_0012_E_0003036,-0.9677938789
CtrSVDD_0013_E_0003037,0.0577215216
CtrSVDD_0014_E_0003038,0.3179036343
CtrSVDD_0015_E_0003039,-1.0276181900
CtrSVDD_0016_E_0003040,-4.2392793255
CtrSVDD_0017_E_0003041,-2.8783400799
CtrSVDD_0018_E_0003042,-0.3061550341
CtrSVDD_0019_E_0003043,-5.6961847941
CtrSVDD_0020_E_0003044,-4.8431115669
CtrSVDD_0021_E_0003045,-3.6038233701
CtrSVDD_0022_E_0003046,-5.3934700169
CtrSVDD_0023_E_0003047,-4.2003921633
CtrSVDD_0024_E_0003048,-0.0496774027
CtrSVDD_0025_E_0003049,-0.8737065351
CtrSVDD_0026_E_0003050,-2.7196256201
CtrSVDD_0027_E_0003051,0.7779944432
CtrSVDD_0028_E_0003052,-7.7925909475
CtrSVDD_0029_E_0003053,-5.8660038659
CtrSVDD_0030_E_0003054,-3.0637696476
CtrSVDD_0031_E_0003055,-4.1294209195
CtrSVDD_0032_E_0003056,-2.2727238053
CtrSVDD_0033_E_0003057,-4.8512862787
CtrSVDD_0034_E_0003058,-2.9892549762
CtrSVDD_0035_E_0003059,-3.6930764842
CtrSVDD_0036_E_0003060,-4.6980538931
CtrSVDD_0037_E_0003061,-2.0504583249
CtrSVDD_0038_E_0003062,-4.2317728282
CtrSVDD_0039_E_0003063,-6.4315218949
CtrSVDD_0040_E_0003064,-3.7349318469
CtrSVDD_0041_E_0003065,-7.4972561859
CtrSVDD_0042_E_0003066,-4.6680917626
CtrSVDD_0043_E_0003067,-0.6499156756
CtrSVDD_0044_E_0003068,-7.0806416989
CtrSVDD_0045_E_0003069,-4.7065385549
CtrSVDD_0046_E_0003070,-4.5331194353
CtrSVDD_0047_E_0003071,-4.2891271837
CtrSVDD_0000_E_0003072,-3.8578403380
CtrSVDD_0001_E_0003073,1.6845475769
CtrSVDD_0002_E_0003074,2.8854035733
CtrSVDD_0003_E_0003075,-4.4563378561
CtrSVDD_0004_E_0003076,-4.1340469153
CtrSVDD_0005_E_0003077,0.1466978246
CtrSVDD_0006_E_0003078,-6.3231889663
CtrSVDD_0007_E_0003079,-5.0125884566
CtrSVDD_0008_E_0003080,-4.8827981640
CtrSVDD_0009_E_0003081,-0.9176216787
CtrSVDD_0010_E_0003082,0.2508923729
CtrSVDD_0011_E_0003083,-3.6299552254
CtrSVDD_0012_E_0003084,-0.9995624115
CtrSVDD_0013_E_0003085,-4.2396153615
CtrSVDD_0014_E_0003086,-3.8041932210
CtrSVDD_0015_E_0003087,-3.1820705303
CtrSVDD_0016_E_0003088,-5.0320410193
CtrSVDD_0017_E_0003089,-0.8255838870
CtrSVDD_0018_E_0003090,-4.2059646130
CtrSVDD_0019_E_0003091,-4.5615809848
CtrSVDD_0020_E_0003092,-3.0893882809
CtrSVDD_0021_E_0003093,-0.2929880969
CtrSVDD_0022_E_0003094,-1.6848884400
CtrSVDD_0023_E_0003095,-4.2644719636
CtrSVDD_0024_E_0003096,-3.5859280432
CtrSVDD_0025_E_0003097,-4.1441316661
CtrSVDD_0026_E_0003098,-6.1437329341
CtrSVDD_0027_E_0003099,-4.3884014464
CtrSVDD_0028_E_0003100,-0.0809824015
CtrSVDD_0029_E_0003101,-6.1404713499
CtrSVDD_0030_E_0003102,-5.9955463556
CtrSVDD_0031_E_0003103,-6.5734698195
CtrSVDD_0032_E_0003104,-0.7735886145
CtrSVDD_0033_E_0003105,-4.1086341502
CtrSVDD_0034_E_0003106,-4.0417585686
CtrSVDD_0035_E_0003107,-5.2180557432
CtrSVDD_0036_E_0003108,-5.6786953622
CtrSVDD_0037_E_0003109,-6.0205975518
CtrSVDD_0038_E_0003110,-3.5772337111
CtrSVDD_0039_E_0003111,-2.2588757525
CtrSVDD_0040_E_0003112,-0.1382194746
CtrSVDD_0041_E_0003113,-4.0758574340
CtrSVDD_0042_E_0003114,-4.7994086441
CtrSVDD_0043_E_0003115,-4.1214941458
CtrSVDD_0044_E_0003116,-5.8802025072
CtrSVDD_0045_E_0003117,-3.1062427631
CtrSVDD_0046_E_0003118,-6.2046846451
CtrSVDD_0047_E_0003119,-5.5607494721
CtrSVDD_0000_E_0003120,-4.7438734840
CtrSVDD_0001_E_0003121,-4.2242802089
CtrSVDD_0002_E_0003122,1.5595696761
CtrSVDD_0003_E_0003123,-3.0889748241
CtrSVDD_0004_E_0003124,-4.0213724703
CtrSVDD_0005_E_0003125,-4.0957086422
CtrSVDD_0006_E_0003126,-0.3208475899
CtrSVDD_0007_E_0003127,-3.9340662287
CtrSVDD_0008_E_0003128,-6.2093038598
CtrSVDD_0009_E_0003129,0.6631188104
CtrSVDD_0010_E_0003130,-5.2226461652
CtrSVDD_0011_E_0003131,-5.6306027064
CtrSVDD_0012_E_0003132,-5.7606845931
CtrSVDD_0013_E_0003133,-5.1591965968
CtrSVDD_0014_E_0003134,-6.6768026764
CtrSVDD_0015_E_0003135,-6.0998369039
CtrSVDD_0016_E_0003136,-6.1429367688
CtrSVDD_0017_E_0003137,-4.9052002692
CtrSVDD_0018_E_0003138,-3.6655261863
CtrSVDD_0019_E_0003139,-5.5689144086
CtrSVDD_0020_E_0003140,-2.9442304411
CtrSVDD_0021_E_0003141,-3.7466803570
CtrSVDD_0022_E_0003142,-6.3692342479
CtrSVDD_0023_E_0003143,-5.4914373659
CtrSVDD_0024_E_0003144,-5.7627547518
CtrSVDD_0025_E_0003145,-3.3473209818
CtrSVDD_0026_E_0003146,-5.7557616420
CtrSVDD_0027_E_0003147,-3.3430365101
CtrSVDD_0028_E_0003148,-6.1776330289
CtrSVDD_0029_E_0003149,-5.5638769283
CtrSVDD_0030_E_0003150,-5.7117897451
CtrSVDD_0031_E_0003151,-2.8997072774
CtrSVDD_0032_E_0003152,-4.1658116976
CtrSVDD_0033_E_0003153,-0.3895708518
CtrSVDD_0034_E_0003154,-0.1978122464
CtrSVDD_0035_E_0003155,-6.2337553146
CtrSVDD_0036_E_0003156,-4.3961541373
CtrSVDD_0037_E_0003157,-1.6903562409
CtrSVDD_0038_E_0003158,-3.5721392867
CtrSVDD_0039_E_0003159,-4.4545745461
CtrSVDD_0040_E_0003160,-5.6909142548
CtrSVDD_0041_E_0003161,-1.4333393738
CtrSVDD_0042_E_0003162,-6.3247846851
CtrSVDD_0043_E_0003163,0.4520573351
CtrSVDD_0044_E_0003164,-3.8844132739
CtrSVDD_0045_E_0003165,-2.6963253221
CtrSVDD_0046_E_0003166,-5.3174275500
CtrSVDD_0047_E_0003167,-4.0344882860
CtrSVDD_0000_E_0003168,-5.1299971923
CtrSVDD_0001_E_0003169,-4.1182975294
CtrSVDD_0002_E_0003170,-5.6790112827
CtrSVDD_0003_E_0003171,-5.5939801628
CtrSVDD_0004_E_0003172,-4.3098903793
CtrSVDD_0005_E_0003173,1.0018702764
CtrSVDD_0006_E_0003174,-3.5791076308
CtrSVDD_0007_E_0003175,0.9391451029
CtrSVDD_0008_E_0003176,-6.0439017058
CtrSVDD_0009_E_0003177,-5.3718331286
CtrSVDD_0010_E_0003178,-4.0446678039
CtrSVDD_0011_E_0003179,-5.3893768641
CtrSVDD_0012_E_0003180,-8.2221059828
CtrSVDD_0013_E_0003181,-2.8443658528
CtrSVDD_0014_E_0003182,-5.2591206876
CtrSVDD_0015_E_0003183,-5.7907214310
CtrSVDD_0016_E_0003184,-5.5946259399
CtrSVDD_0017_E_0003185,-4.9029681915
CtrSVDD_0018_E_0003186,-3.3887047607
CtrSVDD_0019_E_0003187,-4.6710544737
CtrSVDD_0020_E_0003188,-5.4200353959
CtrSVDD_0021_E_0003189,-4.7213411006
CtrSVDD_0022_E_0003190,-4.6866061721
CtrSVDD_0023_E_0003191,-4.8015610021
CtrSVDD_0024_E_0003192,0.4206468217
CtrSVDD_0025_E_0003193,-4.5677231985
CtrSVDD_0026_E_0003194,-3.5838876641
CtrSVDD_0027_E_0003195,1.1197159605
CtrSVDD_0028_E_0003196,-5.8886060503
CtrSVDD_0029_E_0003197,-5.7066332841
CtrSVDD_0030_E_0003198,-3.7602083278
CtrSVDD_0031_E_0003199,-3.8108216939
CtrSVDD_0032_E_0003200,-4.8208962712
CtrSVDD_0033_E_0003201,-1.5900083951
CtrSVDD_0034_E_0003202,-4.9129696442
CtrSVDD_0035_E_0003203,-0.5536781855
CtrSVDD_0036_E_0003204,-4.4295908495
CtrSVDD_0037_E_0003205,-4.2162726899
CtrSVDD_0038_E_0003206,-6.0058884185
CtrSVDD_0039_E_0003207,-3.5724904423
CtrSVDD_0040_E_0003208,-5.5167793697
CtrSVDD_0041_E_0003209,-5.3794560788
CtrSVDD_0042_E_0003210,-5.5552519732
CtrSVDD_0043_E_0003211,-1.9783748707
CtrSVDD_0044_E_0003212,-7.1367102590
CtrSVDD_0045_E_0003213,-6.5842462946
CtrSVDD_0046_E_0003214,-4.9399121937
CtrSVDD_0047_E_0003215,0.6509158663
CtrSVDD_0000_E_0003216,-5.4124353280
CtrSVDD_0001_E_0003217,0.6859485777
CtrSVDD_0002_E_0003218,-3.9226520813
CtrSVDD_0003_E_0003219,-4.8246051165
CtrSVDD_0004_E_0003220,-0.8562630518
CtrSVDD_0005_E_0003221,-2.5201287568
CtrSVDD_0006_E_0003222,-7.3902223404
CtrSVDD_0007_E_0003223,1.4120878115
CtrSVDD_0008_E_0003224,-0.2842384143
CtrSVDD_0009_E_0003225,1.2464162809
CtrSVDD_0010_E_0003226,-6.0828203258
CtrSVDD_0011_E_0003227,-7.0382539837
CtrSVDD_0012_E_0003228,-3.3113512040
CtrSVDD_0013_E_0003229,-2.6040526358
CtrSVDD_0014_E_0003230,-3.5203486175
CtrSVDD_0015_E_0003231,-5.9707352884
CtrSVDD_0016_E_0003232,-4.9588445974
CtrSVDD_0017_E_0003233,-2.2248258767
CtrSVDD_0018_E_0003234,-4.6874403191
CtrSVDD_0019_E_0003235,-4.3077933587
CtrSVDD_0020_E_0003236,-2.0780614114
CtrSVDD_0021_E_0003237,-5.4193913636
CtrSVDD_0022_E_0003238,-4.9051144371
CtrSVDD_0023_E_0003239,-5.5558240310
CtrSVDD_0024_E_0003240,0.9544740278
CtrSVDD_0025_E_0003241,-4.7248281410
CtrSVDD_0026_E_0003242,-5.1168216327
CtrSVDD_0027_E_0003243,-5.3909028528
CtrSVDD_0028_E_0003244,-5.7034078925
CtrSVDD_0029_E_0003245,-6.2414503210
CtrSVDD_0030_E_0003246,0.1994065447
CtrSVDD_0031_E_0003247,-5.3672676446
CtrSVDD_0032_E_0003248,-5.6645701230
CtrSVDD_0033_E_0003249,-2.0398692980
CtrSVDD_0034_E_0003250,-5.9013135890
CtrSVDD_0035_E_0003251,-0.0188847618
CtrSVDD_0036_E_0003252,-2.7551342022
CtrSVDD_0037_E_0003253,0.6150761009
CtrSVDD_0038_E_0003254,-3.6696314921
CtrSVDD_0039_E_0003255,-5.0939497031
CtrSVDD_0040_E_0003256,-4.8223803410
CtrSVDD_0041_E_0003257,-4.6920333789
CtrSVDD_0042_E_0003258,-4.4897056485
CtrSVDD_0043_E_0003259,-1.9214917989
CtrSVDD_0044_E_0003260,0.0524786315
CtrSVDD_0045_E_0003261,-0.5229565873
CtrSVDD_0046_E_0003262,0.8041385478
CtrSVDD_0047_E_0003263,-5.1813257365
CtrSVDD_0000_E_0003264,-4.4057931624
CtrSVDD_0001_E_0003265,-6.5076592581
CtrSVDD_0002_E_0003266,-3.3912602168
CtrSVDD_0003_E_0003267,-5.4708780035
CtrSVDD_0004_E_0003268,-5.6288239364
CtrSVDD_0005_E_0003269,-5.7467399317
CtrSVDD_0006_E_0003270,-4.2103743501
CtrSVDD_0007_E_0003271,-5.5012966813
CtrSVDD_0008_E_0003272,-3.3975137385
CtrSVDD_0009_E_0003273,1.6516574684
CtrSVDD_0010_E_0003274,-4.4731268086
CtrSVDD_0011_E_0003275,-3.5940796207
CtrSVDD_0012_E_0003276,-6.1479967084
CtrSVDD_0013_E_0003277,-0.2566706433
CtrSVDD_0014_E_0003278,-5.3049362278
CtrSVDD_0015_E_0003279,-4.0096746515
CtrSVDD_0016_E_0003280,-2.8924878216
CtrSVDD_0017_E_0003281,-0.5832725752
CtrSVDD_0018_E_0003282,-5.2141708346
CtrSVDD_0019_E_0003283,-4.3456351957
CtrSVDD_0020_E_0003284,-5.1134995293
CtrSVDD_0021_E_0003285,-3.6248576160
CtrSVDD_0022_E_0003286,-5.0593019126
CtrSVDD_0023_E_0003287,-2.3949557396
CtrSVDD_0024_E_0003288,-2.1434430075
CtrSVDD_0025_E_0003289,0.5340621387
CtrSVDD_0026_E_0003290,-3.9213682967
CtrSVDD_0027_E_0003291,-5.4051385025
CtrSVDD_0028_E_0003292,-5.7487618752
CtrSVDD_0029_E_0003293,-4.5566553263
CtrSVDD_0030_E_0003294,-4.0170541674
CtrSVDD_0031_E_0003295,-4.3042298437
CtrSVDD_0032_E_0003296,-5.5507740147
CtrSVDD_0033_E_0003297,-5.2855915836
CtrSVDD_0034_E_0003298,-4.2097321483
CtrSVDD_0035_E_0003299,0.6371985290
CtrSVDD_0036_E_0003300,0.3909008364
CtrSVDD_0037_E_0003301,-6.5292900687
CtrSVDD_0038_E_0003302,-5.8572160531
CtrSVDD_0039_E_0003303,-5.3266605173
CtrSVDD_0040_E_0003304,-6.2172022897
CtrSVDD_0041_E_0003305,-3.5973689113
CtrSVDD_0042_E_0003306,-4.4720700830
CtrSVDD_0043_E_0003307,-6.7286734765
CtrSVDD_0044_E_0003308,0.1636868392
CtrSVDD_0045_E_0003309,-5.4168501972
CtrSVDD_0046_E_0003310,0.4629291134
CtrSVDD_0047_E_0003311,-4.2513196639
CtrSVDD_0000_E_0003312,-5.9552122715
CtrSVDD_0001_E_0003313,-5.5525609297
CtrSVDD_0002_E_0003314,-5.0823956186
CtrSVDD_0003_E_0003315,0.7641892626
CtrSVDD_0004_E_0003316,-6.2084194775
CtrSVDD_0005_E_0003317,-2.8283261391
CtrSVDD_0006_E_0003318,-4.1982792771
CtrSVDD_0007_E_0003319,-0.7109414228
CtrSVDD_0008_E_0003320,-4.7761491032
CtrSVDD_0009_E_0003321,-5.3026149872
CtrSVDD_0010_E_0003322,-3.4350613824
CtrSVDD_0011_E_0003323,0.5101690464
CtrSVDD_0012_E_0003324,-5.6489452563
CtrSVDD_0013_E_0003325,-5.8729593248
CtrSVDD_0014_E_0003326,-4.1987574003
CtrSVDD_0015_E_0003327,-3.8545687975
CtrSVDD_0016_E_0003328,-4.9552699084
CtrSVDD_0017_E_0003329,-4.7948582362
CtrSVDD_0018_E_0003330,-4.2926319849
CtrSVDD_0019_E_0003331,-4.8622906449
CtrSVDD_0020_E_0003332,-2.2305840494
CtrSVDD_0021_E_0003333,-1.2165582875
CtrSVDD_0022_E_0003334,-4.7474798299
CtrSVDD_0023_E_0003335,-3.9047166817
CtrSVDD_0024_E_0003336,-4.7341122686
CtrSVDD_0025_E_0003337,-5.5156208456
CtrSVDD_0026_E_0003338,1.6293610596
CtrSVDD_0027_E_0003339,-3.7702238148
CtrSVDD_0028_E_0003340,-5.0158293233
CtrSVDD_0029_E_0003341,0.2249905740
CtrSVDD_0030_E_0003342,-5.1458490008
CtrSVDD_0031_E_0003343,-3.9214534828
CtrSVDD_0032_E_0003344,-4.3275608225
CtrSVDD_0033_E_0003345,-2.8317087290
CtrSVDD_0034_E_0003346,-5.1578578682
CtrSVDD_0035_E_0003347,-3.1041601031
CtrSVDD_0036_E_0003348,-3.5526360159
CtrSVDD_0037_E_0003349,-4.1574025067
CtrSVDD_0038_E_0003350,-5.7923764034
CtrSVDD_0039_E_0003351,-3.7975432611
CtrSVDD_0040_E_0003352,-0.5750016537
CtrSVDD_0041_E_0003353,-5.9169097857
CtrSVDD_0042_E_0003354,-2.9879519549
CtrSVDD_0043_E_0003355,-5.7366943785
CtrSVDD_0044_E_0003356,-6.3958439915
CtrSVDD_0045_E_0003357,-4.1464001685
CtrSVDD_0046_E_0003358,-3.7725778404
CtrSVDD_0047_E_0003359,-5.1945919328
CtrSVDD_0000_E_0003360,-5.4137590875
CtrSVDD_0001_E_0003361,-2.5550238103
CtrSVDD_0002_E_0003362,-4.4105967403
CtrSVDD_0003_E_0003363,-2.8997787902
CtrSVDD_0004_E_0003364,-6.2759727749
CtrSVDD_0005_E_0003365,-5.5379837940
CtrSVDD_0006_E_0003366,-4.7985791033
CtrSVDD_0007_E_0003367,-2.8871928946
CtrSVDD_0008_E_0003368,-5.1708611089
CtrSVDD_0009_E_0003369,-4.9688810935
CtrSVDD_0010_E_0003370,-6.8346590185
CtrSVDD_0011_E_0003371,1.2373428625
CtrSVDD_0012_E_0003372,-1.4184495940
CtrSVDD_0013_E_0003373,-4.3422037988
CtrSVDD_0014_E_0003374,-5.3520927870
CtrSVDD_0015_E_0003375,-4.6801911734
CtrSVDD_0016_E_0003376,-4.2198492824
CtrSVDD_0017_E_0003377,-4.2528273707
CtrSVDD_0018_E_0003378,-5.1735698434
CtrSVDD_0019_E_0003379,-4.6651593672
CtrSVDD_0020_E_0003380,-4.9342942809
CtrSVDD_0021_E_0003381,-5.1854624203
CtrSVDD_0022_E_0003382,-3.7208400129
CtrSVDD_0023_E_0003383,-4.2662187143
CtrSVDD_0024_E_0003384,-2.1178741857
CtrSVDD_0025_E_0003385,-4.7098610164
CtrSVDD_0026_E_0003386,-5.1490009669
CtrSVDD_0027_E_0003387,-1.0762666132
CtrSVDD_0028_E_0003388,1.8914150880
CtrSVDD_0029_E_0003389,-3.9812026420
CtrSVDD_0030_E_0003390,-5.8975927109
CtrSVDD_0031_E_0003391,-5.0286927034
CtrSVDD_0032_E_0003392,-0.2436812725
CtrSVDD_0033_E_0003393,-3.3626457487
CtrSVDD_0034_E_0003394,-3.6398530142
CtrSVDD_0035_E_0003395,-5.3832799026
CtrSVDD_0036_E_0003396,-2.1178705204
CtrSVDD_0037_E_0003397,-3.0103850253
CtrSVDD_0038_E_0003398,-6.1883727567
CtrSVDD_0039_E_0003399,-4.6687010988
CtrSVDD_0040_E_0003400,-4.6385924134
CtrSVDD_0041_E_0003401,-3.4892046733
CtrSVDD_0042_E_0003402,-4.0286747621
CtrSVDD_0043_E_0003403,-6.0855398866
CtrSVDD_0044_E_0003404,-4.5112235710
CtrSVDD_0045_E_0003405,-6.7226619624
CtrSVDD_0046_E_0003406,-3.9811835528
CtrSVDD_0047_E_0003407,-5.5230752681
CtrSVDD_0000_E_0003408,-4.8849281652
CtrSVDD_0001_E_0003409,-4.0209240669
CtrSVDD_0002_E_0003410,-4.6475440725
CtrSVDD_0003_E_0003411,-4.1243330716
CtrSVDD_0004_E_0003412,-2.1757241556
CtrSVDD_0005_E_0003413,-2.2312426884
CtrSVDD_0006_E_0003414,-3.8428531383
CtrSVDD_0007_E_0003415,-2.1243328281
CtrSVDD_0008_E_0003416,-4.1622202976
CtrSVDD_0009_E_0003417,-5.1752389810
CtrSVDD_0010_E_0003418,-5.2589120644
CtrSVDD_0011_E_0003419,-5.1334425397
CtrSVDD_0012_E_0003420,-2.6160779030
CtrSVDD_0013_E_0003421,-4.2889575969
CtrSVDD_0014_E_0003422,-5.4348931126
CtrSVDD_0015_E_0003423,-2.5205022172
CtrSVDD_0016_E_0003424,-5.8645178142
CtrSVDD_0017_E_0003425,1.0336186357
CtrSVDD_0018_E_0003426,-0.4014918522
CtrSVDD_0019_E_0003427,-5.4212905971
CtrSVDD_0020_E_0003428,-4.6710598743
CtrSVDD_0021_E_0003429,-2.6487016940
CtrSVDD_0022_E_0003430,-4.6432211444
CtrSVDD_0023_E_0003431,-5.8278711782
CtrSVDD_0024_E_0003432,-1.1849199287
CtrSVDD_0025_E_0003433,-0.6841798459
CtrSVDD_0026_E_0003434,-3.6353035480
CtrSVDD_0027_E_0003435,-3.9903744515
CtrSVDD_0028_E_0003436,-5.8839638261
CtrSVDD_0029_E_0003437,-3.4642572238
CtrSVDD_0030_E_0003438,-4.9204360970
CtrSVDD_0031_E_0003439,0.2653542101
CtrSVDD_0032_E_0003440,-3.0625294170
CtrSVDD_0033_E_0003441,-4.3498767846
CtrSVDD_0034_E_0003442,-4.8738874537
CtrSVDD_0035_E_0003443,-6.7938744501
CtrSVDD_0036_E_0003444,-3.9894824410
CtrSVDD_0037_E_0003445,-4.9252610208
CtrSVDD_0038_E_0003446,-4.2625884388
CtrSVDD_0039_E_0003447,-3.6970079430
CtrSVDD_0040_E_0003448,-2.4566732645
CtrSVDD_0041_E_0003449,-5.0869421027
CtrSVDD_0042_E_0003450,-3.8187100066
CtrSVDD_0043_E_0003451,-5.8589582551
CtrSVDD_0044_E_0003452,-4.4091113148
CtrSVDD_0045_E_0003453,-4.9563797233
CtrSVDD_0046_E_0003454,-4.0373959320
CtrSVDD_0047_E_0003455,-6.2275253198
CtrSVDD_0000_E_0003456,-4.8194117488
CtrSVDD_0001_E_0003457,-7.1584340687
CtrSVDD_0002_E_0003458,-3.8605733103
CtrSVDD_0003_E_0003459,-3.5948748779
CtrSVDD_0004_E_0003460,-3.7588009251
CtrSVDD_0005_E_0003461,-3.6185707326
CtrSVDD_0006_E_0003462,-3.5037883149
CtrSVDD_0007_E_0003463,-1.0565070817
CtrSVDD_0008_E_0003464,-3.9032659131
CtrSVDD_0009_E_0003465,-2.2219338534
CtrSVDD_0010_E_0003466,-2.4047612230
CtrSVDD_0011_E_0003467,-4.3293775461
CtrSVDD_0012_E_0003468,-6.4826785710
CtrSVDD_0013_E_0003469,-4.4412117119
CtrSVDD_0014_E_0003470,-3.5293567328
CtrSVDD_0015_E_0003471,-5.8779507362
CtrSVDD_0016_E_0003472,-5.2681965163
CtrSVDD_0017_E_0003473,-3.5916697771
CtrSVDD_0018_E_0003474,-4.7179737221
CtrSVDD_0019_E_0003475,-0.8060727672
CtrSVDD_0020_E_0003476,1.2433804294
CtrSVDD_0021_E_0003477,-2.5713019199
CtrSVDD_0022_E_0003478,-5.2257679174
CtrSVDD_0023_E_0003479,-4.7195927396
CtrSVDD_0024_E_0003480,-2.1065540882
CtrSVDD_0025_E_0003481,-6.7475403472
CtrSVDD_0026_E_0003482,-7.5385450470
CtrSVDD_0027_E_0003483,-3.6925251712
CtrSVDD_0028_E_0003484,-5.4006495118
CtrSVDD_0029_E_0003485,-4.8514274411
CtrSVDD_0030_E_0003486,0.0664913965
CtrSVDD_0031_E_0003487,-7.2672433231
CtrSVDD_0032_E_0003488,0.6930450984
CtrSVDD_0033_E_0003489,-4.2724838133
CtrSVDD_0034_E_0003490,-4.7846023419
CtrSVDD_0035_E_0003491,1.7589986111
CtrSVDD_0036_E_0003492,-2.9309522500
CtrSVDD_0037_E_0003493,-5.4809173714
CtrSVDD_0038_E_0003494,-5.2169366465
CtrSVDD_0039_E_0003495,-6.4551578589
CtrSVDD_0040_E_0003496,-4.7120459933
CtrSVDD_0041_E_0003497,-4.2225721311
CtrSVDD_0042_E_0003498,-5.4416806012
CtrSVDD_0043_E_0003499,-4.8401550281
CtrSVDD_0044_E_0003500,-4.5686365706
CtrSVDD_0045_E_0003501,-2.2420821782
CtrSVDD_0046_E_0003502,-1.6182452434
CtrSVDD_0047_E_0003503,-4.1436620709
CtrSVDD_0000_E_0003504,-5.4598381924
CtrSVDD_0001_E_0003505,-6.3862105118
CtrSVDD_0002_E_0003506,-4.9630364708
CtrSVDD_0003_E_0003507,-4.1781101535
CtrSVDD_0004_E_0003508,-3.4908014655
CtrSVDD_0005_E_0003509,-4.4426765025
CtrSVDD_0006_E_0003510,-5.3903556896
CtrSVDD_0007_E_0003511,0.0398760261
CtrSVDD_0008_E_0003512,-5.9174802966
CtrSVDD_0009_E_0003513,-5.6002939278
CtrSVDD_0010_E_0003514,-4.4088712955
CtrSVDD_0011_E_0003515,-3.2891441086
CtrSVDD_0012_E_0003516,-4.1870105623
CtrSVDD_0013_E_0003517,-4.5018437309
CtrSVDD_0014_E_0003518,-3.6816297102
CtrSVDD_0015_E_0003519,-4.7224917237
CtrSVDD_0016_E_0003520,-3.4410092814
CtrSVDD_0017_E_0003521,-4.2287741391
CtrSVDD_0018_E_0003522,-1.5987955823
CtrSVDD_0019_E_0003523,-5.5839180716
CtrSVDD_0020_E_0003524,-3.9682254418
CtrSVDD_0021_E_0003525,-5.4016334991
CtrSVDD_0022_E_0003526,-5.1556361371
CtrSVDD_0023_E_0003527,-4.8005354607
CtrSVDD_0024_E_0003528,-4.0841867040
CtrSVDD_0025_E_0003529,-6.3556450104
CtrSVDD_0026_E_0003530,-0.2740578323
CtrSVDD_0027_E_0003531,-0.4167007285
CtrSVDD_0028_E_0003532,-6.9652269162
CtrSVDD_0029_E_0003533,-1.8684708746
CtrSVDD_0030_E_0003534,0.0230820531
CtrSVDD_0031_E_0003535,-2.1918048574
CtrSVDD_0032_E_0003536,-4.6208337873
CtrSVDD_0033_E_0003537,-6.8117087848
CtrSVDD_0034_E_0003538,-4.5910650543
CtrSVDD_0035_E_0003539,-7.8614783609
CtrSVDD_0036_E_0003540,0.0090922479
CtrSVDD_0037_E_0003541,-6.1795828821
CtrSVDD_0038_E_0003542,-5.4427767900
CtrSVDD_0039_E_0003543,-2.2580120110
CtrSVDD_0040_E_0003544,-5.6795783024
CtrSVDD_0041_E_0003545,-3.0301490780
CtrSVDD_0042_E_0003546,-5.2518676146
CtrSVDD_0043_E_0003547,-4.8457987609
CtrSVDD_0044_E_0003548,-5.3099676987
CtrSVDD_0045_E_0003549,-3.7854590570
CtrSVDD_0046_E_0003550,0.3076212670
CtrSVDD_0047_E_0003551,-6.4498449858
CtrSVDD_0000_E_0003552,-0.8118936149
CtrSVDD_0001_E_0003553,-3.9561353053
CtrSVDD_0002_E_0003554,-0.4780647520
CtrSVDD_0003_E_0003555,-5.8835359304
CtrSVDD_0004_E_0003556,-1.8829302476
CtrSVDD_0005_E_0003557,-3.2398039007
CtrSVDD_0006_E_0003558,-5.9237275581
CtrSVDD_0007_E_0003559,-2.8403341346
CtrSVDD_0008_E_0003560,-5.4953625846
CtrSVDD_0009_E_0003561,-5.9670021469
CtrSVDD_0010_E_0003562,-3.7946109764
CtrSVDD_0011_E_0003563,-5.5738601948
CtrSVDD_0012_E_0003564,-4.7062232906
CtrSVDD_0013_E_0003565,-2.6365403697
CtrSVDD_0014_E_0003566,-0.3578920410
CtrSVDD_0015_E_0003567,-6.3033452792
CtrSVDD_0016_E_0003568,-6.8146174537
CtrSVDD_0017_E_0003569,-5.4852149791
CtrSVDD_0018_E_0003570,-3.0739761910
CtrSVDD_0019_E_0003571,-3.2846794877
CtrSVDD_0020_E_0003572,-4.2315519324
CtrSVDD_0021_E_0003573,-6.7306885828
CtrSVDD_0022_E_0003574,-6.0599488688
CtrSVDD_0023_E_0003575,-5.1390101327
CtrSVDD_0024_E_0003576,-2.8527411350
CtrSVDD_0025_E_0003577,-6.8771013514
CtrSVDD_0026_E_0003578,-4.6505233533
CtrSVDD_0027_E_0003579,-3.1441913100
CtrSVDD_0028_E_0003580,-2.9527916075
CtrSVDD_0029_E_0003581,-4.0323135681
CtrSVDD_0030_E_0003582,-5.2979675941
CtrSVDD_0031_E_0003583,-5.8106089014
CtrSVDD_0032_E_0003584,-2.7918766144
CtrSVDD_0033_E_0003585,-0.7548569455
CtrSVDD_0034_E_0003586,-5.5329396800
CtrSVDD_0035_E_0003587,1.1905004250
CtrSVDD_0036_E_0003588,-3.4141780606
CtrSVDD_0037_E_0003589,-5.4577461710
CtrSVDD_0038_E_0003590,0.9154926949
CtrSVDD_0039_E_0003591,-5.7324092727
CtrSVDD_0040_E_0003592,-1.8432660285
CtrSVDD_0041_E_0003593,-3.0860978796
CtrSVDD_0042_E_0003594,-5.7671725591
CtrSVDD_0043_E_0003595,-4.4221705125
CtrSVDD_0044_E_0003596,-4.1925224438
CtrSVDD_0045_E_0003597,-4.5745399437
CtrSVDD_0046_E_0003598,-5.0775093989
CtrSVDD_0047_E_0003599,-2.5485506009
CtrSVDD_0000_E_0003600,-5.7109349798
CtrSVDD_0001_E_0003601,-2.0411953949
CtrSVDD_0002_E_0003602,-4.7806661113
CtrSVDD_0003_E_0003603,0.4443244374
CtrSVDD_0004_E_0003604,-1.0688078753
CtrSVDD_0005_E_0003605,-1.7347909714
CtrSVDD_0006_E_0003606,-3.7133503048
CtrSVDD_0007_E_0003607,-3.7297249768
CtrSVDD_0008_E_0003608,-2.8257669765
CtrSVDD_0009_E_0003609,1.9847402495
CtrSVDD_0010_E_0003610,-3.4276916399
CtrSVDD_0011_E_0003611,-4.3461828239
CtrSVDD_0012_E_0003612,-2.7785193786
CtrSVDD_0013_E_0003613,-2.2474351898
CtrSVDD_0014_E_0003614,-4.4837519661
CtrSVDD_0015_E_0003615,-0.3773477668
CtrSVDD_0016_E_0003616,-5.2323732328
CtrSVDD_0017_E_0003617,-7.2629595531
CtrSVDD_0018_E_0003618,-5.6116733364
CtrSVDD_0019_E_0003619,-6.1503688350
CtrSVDD_0020_E_0003620,-3.8215609396
CtrSVDD_0021_E_0003621,-3.9865818233
CtrSVDD_0022_E_0003622,-5.4902110227
CtrSVDD_0023_E_0003623,0.4738558864
CtrSVDD_0024_E_0003624,-4.9350059341
CtrSVDD_0025_E_0003625,0.2350446126
CtrSVDD_0026_E_0003626,-6.5387304571
CtrSVDD_0027_E_0003627,-5.4209378218
CtrSVDD_0028_E_0003628,-4.4920548171
CtrSVDD_0029_E_0003629,-2.4659400910
CtrSVDD_0030_E_0003630,-0.5423003608
CtrSVDD_0031_E_0003631,-3.7044689815
CtrSVDD_0032_E_0003632,-6.5395055385
CtrSVDD_0033_E_0003633,-5.0040196432
CtrSVDD_0034_E_0003634,-4.2942721073
CtrSVDD_0035_E_0003635,-5.7754890553
CtrSVDD_0036_E_0003636,-4.7490776189
CtrSVDD_0037_E_0003637,-3.6388160809
CtrSVDD_0038_E_0003638,-5.1184647684
CtrSVDD_0039_E_0003639,-5.2456273505
CtrSVDD_0040_E_0003640,-5.9584699886
CtrSVDD_0041_E_0003641,-3.8253428455
CtrSVDD_0042_E_0003642,-2.0434139215
CtrSVDD_0043_E_0003643,-5.1039449929
CtrSVDD_0044_E_0003644,-5.3772034498
CtrSVDD_0045_E_0003645,-3.3761640952
CtrSVDD_0046_E_0003646,-3.8495932786
CtrSVDD_0047_E_0003647,-3.1728757549
CtrSVDD_0000_E_0003648,-1.5009421083
CtrSVDD_0001_E_0003649,0.4304715213
CtrSVDD_0002_E_0003650,-3.4971781146
CtrSVDD_0003_E_0003651,-5.4115474331
CtrSVDD_0004_E_0003652,-5.0659343319
CtrSVDD_0005_E_0003653,0.5667698816
CtrSVDD_0006_E_0003654,-4.9793733929
CtrSVDD_0007_E_0003655,-3.2642290576
CtrSVDD_0008_E_0003656,-4.1855260399
CtrSVDD_0009_E_0003657,-7.1163049949
CtrSVDD_0010_E_0003658,-5.7661795381
CtrSVDD_0011_E_0003659,-6.4110754663
CtrSVDD_0012_E_0003660,1.2194953228
CtrSVDD_0013_E_0003661,-2.3387367966
CtrSVDD_0014_E_0003662,-1.6400033795
CtrSVDD_0015_E_0003663,-5.3656316972
CtrSVDD_0016_E_0003664,0.8295238696
CtrSVDD_0017_E_0003665,-4.7728299703
CtrSVDD_0018_E_0003666,-1.5142427193
CtrSVDD_0019_E_0003667,-3.6270074467
CtrSVDD_0020_E_0003668,-6.0881671025
CtrSVDD_0021_E_0003669,-5.8451865687
CtrSVDD_0022_E_0003670,-3.6938872617
CtrSVDD_0023_E_0003671,-6.4457961415
CtrSVDD_0024_E_0003672,-6.4582679182
CtrSVDD_0025_E_0003673,-3.9723854104
CtrSVDD_0026_E_0003674,0.6016111041
CtrSVDD_0027_E_0003675,-4.4205580888
CtrSVDD_0028_E_0003676,-2.3847466709
CtrSVDD_0029_E_0003677,-4.3589612421
CtrSVDD_0030_E_0003678,0.5882543120
CtrSVDD_0031_E_0003679,-3.1497808415
CtrSVDD_0032_E_0003680,0.0805172304
CtrSVDD_0033_E_0003681,-4.2944904322
CtrSVDD_0034_E_0003682,-5.3711187630
CtrSVDD_0035_E_0003683,-5.6204960306
CtrSVDD_0036_E_0003684,-6.2609774135
CtrSVDD_0037_E_0003685,-2.6924095139
CtrSVDD_0038_E_0003686,-5.3228769389
CtrSVDD_0039_E_0003687,-2.6640965028
CtrSVDD_0040_E_0003688,-3.7567479140
CtrSVDD_0041_E_0003689,-4.7656399830
CtrSVDD_0042_E_0003690,-4.4638229838
CtrSVDD_0043_E_0003691,-4.5597312062
CtrSVDD_0044_E_0003692,-4.5481913212
CtrSVDD_0045_E_0003693,-4.8367807145
CtrSVDD_0046_E_0003694,-5.2228685950
CtrSVDD_0047_E_0003695,0.4167007285
CtrSVDD_0000_E_0003696,-5.6729860890
CtrSVDD_0001_E_0003697,-3.9882915034
CtrSVDD_0002_E_0003698,-4.8130323598
CtrSVDD_0003_E_0003699,-3.1917507245
CtrSVDD_0004_E_0003700,-4.8194623996
CtrSVDD_0005_E_0003701,-5.2607828455
CtrSVDD_0006_E_0003702,-5.5441358903
CtrSVDD_0007_E_0003703,-6.4040587143
CtrSVDD_0008_E_0003704,-4.7926092632
CtrSVDD_0009_E_0003705,-3.8077968716
CtrSVDD_0010_E_0003706,-1.2313500657
CtrSVDD_0011_E_0003707,-4.3996615021
CtrSVDD_0012_E_0003708,-4.9386093530
CtrSVDD_0013_E_0003709,-4.9077883020
CtrSVDD_0014_E_0003710,-3.8964519360
CtrSVDD_0015_E_0003711,-3.8019770327
CtrSVDD_0016_E_0003712,-2.9899557576
CtrSVDD_0017_E_0003713,-7.1377852498
CtrSVDD_0018_E_0003714,-4.0581026930
CtrSVDD_0019_E_0003715,-4.5703864613
CtrSVDD_0020_E_0003716,-4.9980786384
CtrSVDD_0021_E_0003717,-4.7072969548
CtrSVDD_0022_E_0003718,-4.5991394915
CtrSVDD_0023_E_0003719,-0.9899070206
CtrSVDD_0024_E_0003720,-5.8900039267
CtrSVDD_0025_E_0003721,-3.4886370014
CtrSVDD_0026_E_0003722,-1.3130262377
CtrSVDD_0027_E_0003723,0.3987062333
CtrSVDD_0028_E_0003724,-5.3573070478
CtrSVDD_0029_E_0003725,-4.5733592196
CtrSVDD_0030_E_0003726,-5.9006607651
CtrSVDD_0031_E_0003727,-4.5579730149
CtrSVDD_0032_E_0003728,-3.7266202385
CtrSVDD_0033_E_0003729,-5.7704950482
CtrSVDD_0034_E_0003730,-3.5351004150
CtrSVDD_0035_E_0003731,-5.3430188186
CtrSVDD_0036_E_0003732,-4.4823735452
CtrSVDD_0037_E_0003733,-4.4839457102
CtrSVDD_0038_E_0003734,1.3608879341
CtrSVDD_0039_E_0003735,-4.1456047013
CtrSVDD_0040_E_0003736,-3.6606744172
CtrSVDD_0041_E_0003737,-0.1693601163
CtrSVDD_0042_E_0003738,-3.7238104285
CtrSVDD_0043_E_0003739,-5.5172176378
CtrSVDD_0044_E_0003740,-3.1784206503
CtrSVDD_0045_E_0003741,-0.3528154914
CtrSVDD_0046_E_0003742,-5.9006404329
CtrSVDD_0047_E_0003743,1.8484782934
CtrSVDD_0000_E_0003744,-4.4387606536
CtrSVDD_0001_E_0003745,-0.2969299051
CtrSVDD_0002_E_0003746,-5.5137708566
CtrSVDD_0003_E_0003747,-5.5153740972
CtrSVDD_0004_E_0003748,-3.8662020924
CtrSVDD_0005_E_0003749,-4.6015131270
CtrSVDD_0006_E_0003750,-0.9588950729
CtrSVDD_0007_E_0003751,-5.1619606040
CtrSVDD_0008_E_0003752,-0.6229712911
CtrSVDD_0009_E_0003753,-5.0394055661
CtrSVDD_0010_E_0003754,-5.0847302353
CtrSVDD_0011_E_0003755,-4.4979320538
CtrSVDD_0012_E_0003756,-6.4572540093
CtrSVDD_0013_E_0003757,-4.6364543819
CtrSVDD_0014_E_0003758,-3.7681619943
CtrSVDD_0015_E_0003759,-3.4505511549
CtrSVDD_0016_E_0003760,-4.9219432035
CtrSVDD_0017_E_0003761,-5.2348653494
CtrSVDD_0018_E_0003762,-4.9442841459
CtrSVDD_0019_E_0003763,-4.6286611207
CtrSVDD_0020_E_0003764,-5.0444884861
CtrSVDD_0021_E_0003765,-2.9722397655
CtrSVDD_0022_E_0003766,-5.9080769521
CtrSVDD_0023_E_0003767,-4.1579460543
CtrSVDD_0024_E_0003768,-5.4077362401
CtrSVDD_0025_E_0003769,-4.4389070761
CtrSVDD_0026_E_0003770,-2.8145752731
CtrSVDD_0027_E_0003771,0.6440681386
CtrSVDD_0028_E_0003772,-6.1414114951
CtrSVDD_0029_E_0003773,-4.7410100464
CtrSVDD_0030_E_0003774,0.9835540622
CtrSVDD_0031_E_0003775,-6.1628775649
CtrSVDD_0032_E_0003776,-5.6593471288
CtrSVDD_0033_E_0003777,0.4803781156
CtrSVDD_0034_E_0003778,-5.5672838972
CtrSVDD_0035_E_0003779,-4.2094105079
CtrSVDD_0036_E_0003780,-6.2824752360
CtrSVDD_0037_E_0003781,-4.9369820231
CtrSVDD_0038_E_0003782,-5.1083905552
CtrSVDD_0039_E_0003783,-4.4586461166
CtrSVDD_0040_E_0003784,-5.6492338524
CtrSVDD_0041_E_0003785,-0.3545581055
CtrSVDD_0042_E_0003786,0.3326515560
CtrSVDD_0043_E_0003787,-4.6161159659
CtrSVDD_0044_E_0003788,-5.0591360217
CtrSVDD_0045_E_0003789,-5.0825185151
CtrSVDD_0046_E_0003790,-2.9396445961
CtrSVDD_0047_E_0003791,-2.0915350447
CtrSVDD_0000_E_0003792,-3.2732561798
CtrSVDD_0001_E_0003793,-0.3179036343
CtrSVDD_0002_E_0003794,-4.2143094257
CtrSVDD_0003_E_0003795,-5.0604344676
CtrSVDD_0004_E_0003796,-3.8967352259
CtrSVDD_0005_E_0003797,-5.2088790499
CtrSVDD_0006_E_0003798,-3.8328764834
CtrSVDD_0007_E_0003799,-3.1360361994
CtrSVDD_0008_E_0003800,-5.7074985371
CtrSVDD_0009_E_0003801,-1.7580152804
CtrSVDD_0010_E_0003802,-3.4326105114
CtrSVDD_0011_E_0003803,-5.0511449965
CtrSVDD_0012_E_0003804,-2.9465162581
CtrSVDD_0013_E_0003805,-4.2165523295
CtrSVDD_0014_E_0003806,-6.2934171847
CtrSVDD_0015_E_0003807,-2.3896846028
CtrSVDD_0016_E_0003808,-5.4121602221
CtrSVDD_0017_E_0003809,-0.5504201225
CtrSVDD_0018_E_0003810,-5.2667128960
CtrSVDD_0019_E_0003811,-5.8762674316
CtrSVDD_0020_E_0003812,-7.0604616175
CtrSVDD_0021_E_0003813,-5.3464129154
CtrSVDD_0022_E_0003814,-0.0636878869
CtrSVDD_0023_E_0003815,-4.3182783717
CtrSVDD_0024_E_0003816,-2.9204676520
CtrSVDD_0025_E_0003817,-7.1908695799
CtrSVDD_0026_E_0003818,-5.0710763585
CtrSVDD_0027_E_0003819,0.6133869154
CtrSVDD_0028_E_0003820,0.0146878031
CtrSVDD_0029_E_0003821,-4.2005793662
CtrSVDD_0030_E_0003822,-4.6583518990
CtrSVDD_0031_E_0003823,-4.9728523386
CtrSVDD_0032_E_0003824,-7.1263384758
CtrSVDD_0033_E_0003825,-6.3926002399
CtrSVDD_0034_E_0003826,-5.8142043120
CtrSVDD_0035_E_0003827,-3.1779783980
CtrSVDD_0036_E_0003828,1.4966413405
CtrSVDD_0037_E_0003829,-3.7548945532
CtrSVDD_0038_E_0003830,-2.2363082049
CtrSVDD_0039_E_0003831,-3.4838730893
CtrSVDD_0040_E_0003832,-5.0852422366
CtrSVDD_0041_E_0003833,-5.1068571364
CtrSVDD_0042_E_0003834,-5.7138439141
CtrSVDD_0043_E_0003835,-4.1500307676
CtrSVDD_0044_E_0003836,-3.3999951829
CtrSVDD_0045_E_0003837,-5.2194555714
CtrSVDD_0046_E_0003838,-2.5213671726
CtrSVDD_0047_E_0003839,-3.3742725252
CtrSVDD_0000_E_0003840,-3.8436526116
CtrSVDD_0001_E_0003841,-3.7327108373
CtrSVDD_0002_E_0003842,-5.7377684983
CtrSVDD_0003_E_0003843,-4.8870619383
CtrSVDD_0004_E_0003844,-6.4601412951
CtrSVDD_0005_E_0003845,0.8236186951
CtrSVDD_0006_E_0003846,-1.9533237077
CtrSVDD_0007_E_0003847,-3.0882453573
CtrSVDD_0008_E_0003848,-2.1015041709
CtrSVDD_0009_E_0003849,-5.2106374375
CtrSVDD_0010_E_0003850,-3.3456103917
CtrSVDD_0011_E_0003851,-1.2555934900
CtrSVDD_0012_E_0003852,-4.1036346486
CtrSVDD_0013_E_0003853,-5.2765374711
CtrSVDD_0014_E_0003854,-1.4670548668
CtrSVDD_0015_E_0003855,-4.9296298801
CtrSVDD_0016_E_0003856,-4.6565455265
CtrSVDD_0017_E_0003857,-2.7041287585
CtrSVDD_0018_E_0003858,-5.4629724573
CtrSVDD_0019_E_0003859,-5.0314408356
CtrSVDD_0020_E_0003860,1.6787952007
CtrSVDD_0021_E_0003861,-3.5284261981
CtrSVDD_0022_E_0003862,-4.6457909130
CtrSVDD_0023_E_0003863,-1.6673824564
CtrSVDD_0024_E_0003864,-3.6305322389
CtrSVDD_0025_E_0003865,-3.4157595645
CtrSVDD_0026_E_0003866,-3.4521748742
CtrSVDD_0027_E_0003867,-6.7854044561
CtrSVDD_0028_E_0003868,-2.7021813913
CtrSVDD_0029_E_0003869,-0.4366180187
CtrSVDD_0030_E_0003870,-1.1544251897
CtrSVDD_0031_E_0003871,-2.3946009286
CtrSVDD_0032_E_0003872,-5.3633218977
CtrSVDD_0033_E_0003873,-3.9541381625
CtrSVDD_0034_E_0003874,-4.2347737378
CtrSVDD_0035_E_0003875,-4.2861560713
CtrSVDD_0036_E_0003876,-2.1308251681
CtrSVDD_0037_E_0003877,-3.7266416038
CtrSVDD_0038_E_0003878,-6.2275835235
CtrSVDD_0039_E_0003879,-4.9951274617
CtrSVDD_0040_E_0003880,-5.8528917683
CtrSVDD_0041_E_0003881,-4.1468505121
CtrSVDD_0042_E_0003882,-5.4101294925
CtrSVDD_0043_E_0003883,-5.4242455143
CtrSVDD_0044_E_0003884,-4.6042455153
CtrSVDD_0045_E_0003885,-6.1893901643
CtrSVDD_0046_E_0003886,-4.2856832889
CtrSVDD_0047_E_0003887,-3.3609491802
CtrSVDD_0000_E_0003888,-0.6083298156
CtrSVDD_0001_E_0003889,1.4391373656
CtrSVDD_0002_E_0003890,-5.8926119844
CtrSVDD_0003_E_0003891,-4.1716214039
CtrSVDD_0004_E_0003892,-2.3748047859
CtrSVDD_0005_E_0003893,-3.8858243033
CtrSVDD_0006_E_0003894,0.4458688780
CtrSVDD_0007_E_0003895,-5.4510068471
CtrSVDD_0008_E_0003896,-5.2799307937
CtrSVDD_0009_E_0003897,-4.4451037265
CtrSVDD_0010_E_0003898,0.2566706433
CtrSVDD_0011_E_0003899,-5.2796432903
CtrSVDD_0012_E_0003900,-2.4992735577
CtrSVDD_0013_E_0003901,1.1571530850
CtrSVDD_0014_E_0003902,-5.6829700458
CtrSVDD_0015_E_0003903,-6.7536774529
CtrSVDD_0016_E_0003904,-4.8322658924
CtrSVDD_0017_E_0003905,0.2230168364
CtrSVDD_0018_E_0003906,-3.4178194566
CtrSVDD_0019_E_0003907,-5.3683515411
CtrSVDD_0020_E_0003908,-4.5312921104
CtrSVDD_0021_E_0003909,-4.3040787589
CtrSVDD_0022_E_0003910,-5.1576055266
CtrSVDD_0023_E_0003911,0.6252484071
CtrSVDD_0024_E_0003912,-4.9719067687
CtrSVDD_0025_E_0003913,0.8881836646
CtrSVDD_0026_E_0003914,-1.2869759279
CtrSVDD_0027_E_0003915,-5.3242724186
CtrSVDD_0028_E_0003916,-5.2994613323
CtrSVDD_0029_E_0003917,-2.9642017377
CtrSVDD_0030_E_0003918,-4.4194676480
CtrSVDD_0031_E_0003919,-4.2549147217
CtrSVDD_0032_E_0003920,0.3803534882
CtrSVDD_0033_E_0003921,-2.6627302455
CtrSVDD_0034_E_0003922,-4.0892609092
CtrSVDD_0035_E_0003923,-3.8165746288
CtrSVDD_0036_E_0003924,-0.8138400168
CtrSVDD_0037_E_0003925,-7.2455252819
CtrSVDD_0038_E_0003926,-2.5067083511
CtrSVDD_0039_E_0003927,-7.2378357223
CtrSVDD_0040_E_0003928,-4.6966199021
CtrSVDD_0041_E_0003929,-5.4538880127
CtrSVDD_0042_E_0003930,-3.5136796283
CtrSVDD_0043_E_0003931,-3.5398019946
CtrSVDD_0044_E_0003932,-5.6397943413
CtrSVDD_0045_E_0003933,-4.1397147417
CtrSVDD_0046_E_0003934,-5.7023621292
CtrSVDD_0047_E_0003935,-6.4056518705
CtrSVDD_0000_E_0003936,-2.2448318881
CtrSVDD_0001_E_0003937,-4.6303516436
CtrSVDD_0002_E_0003938,-0.3698482853
CtrSVDD_0003_E_0003939,-4.3932303642
CtrSVDD_0004_E_0003940,-6.3837642987
CtrSVDD_0005_E_0003941,-4.4322155273
CtrSVDD_0006_E_0003942,-3.1887965775
CtrSVDD_0007_E_0003943,-5.7586027599
CtrSVDD_0008_E_0003944,-5.0747785146
CtrSVDD_0009_E_0003945,-5.2068729672
CtrSVDD_0010_E_0003946,-0.4397884868
CtrSVDD_0011_E_0003947,0.0552802723
CtrSVDD_0012_E_0003948,-3.9609063958
CtrSVDD_0013_E_0003949,-0.1114338467
CtrSVDD_0014_E_0003950,-6.8025650388
CtrSVDD_0015_E_0003951,-0.1651046575
CtrSVDD_0016_E_0003952,-0.9835540622
CtrSVDD_0017_E_0003953,0.4533285651
CtrSVDD_0018_E_0003954,-0.1949601979
CtrSVDD_0019_E_0003955,-2.3645480123
CtrSVDD_0020_E_0003956,-3.6086423037
CtrSVDD_0021_E_0003957,-5.7203589856
CtrSVDD_0022_E_0003958,-3.1962016919
CtrSVDD_0023_E_0003959,-7.0163063057
CtrSVDD_0024_E_0003960,-1.4525530726
CtrSVDD_0025_E_0003961,-5.4370288756
CtrSVDD_0026_E_0003962,-5.6814655425
CtrSVDD_0027_E_0003963,-1.5273495790
CtrSVDD_0028_E_0003964,-5.2344663960
CtrSVDD_0029_E_0003965,-4.3374598218
CtrSVDD_0030_E_0003966,2.0768933054
CtrSVDD_0031_E_0003967,1.5096279205
CtrSVDD_0032_E_0003968,-6.6762267005
CtrSVDD_0033_E_0003969,-5.3002426713
CtrSVDD_0034_E_0003970,0.9012595106
CtrSVDD_0035_E_0003971,-3.9169871364
CtrSVDD_0036_E_0003972,-5.8995271835
CtrSVDD_0037_E_0003973,-3.8129562046
CtrSVDD_0038_E_0003974,-7.0096966454
CtrSVDD_0039_E_0003975,-5.8930342438
CtrSVDD_0040_E_0003976,-2.6852009160
CtrSVDD_0041_E_0003977,-5.7886754702
CtrSVDD_0042_E_0003978,-3.9858887572
CtrSVDD_0043_E_0003979,-0.4060446121
CtrSVDD_0044_E_0003980,0.9478772177
CtrSVDD_0045_E_0003981,-0.5117628915
CtrSVDD_0046_E_0003982,0.5949194409
CtrSVDD_0047_E_0003983,-3.6562133591
CtrSVDD_0000_E_0003984,-7.2645572435
CtrSVDD_0001_E_0003985,-1.7170267760
CtrSVDD_0002_E_0003986,-1.3823877397
CtrSVDD_0003_E_0003987,-6.0122192763
CtrSVDD_0004_E_0003988,-4.9850498408
CtrSVDD_0005_E_0003989,-5.0877381012
CtrSVDD_0006_E_0003990,-5.7995724510
CtrSVDD_0007_E_0003991,-5.4317860766
CtrSVDD_0008_E_0003992,1.0787662039
CtrSVDD_0009_E_0003993,-2.6607315033
CtrSVDD_0010_E_0003994,-0.6423478973
CtrSVDD_0011_E_0003995,-0.9028048733
CtrSVDD_0012_E_0003996,-4.3570819698
CtrSVDD_0013_E_0003997,-1.2431354763
CtrSVDD_0014_E_0003998,-4.1967983550
CtrSVDD_0015_E_0003999,-5.7217428233
CtrSVDD_0016_E_0004000,-6.5046129186
CtrSVDD_0017_E_0004001,-5.5542474369
CtrSVDD_0018_E_0004002,-4.9185794784
CtrSVDD_0019_E_0004003,-5.2787994263
CtrSVDD_0020_E_0004004,-6.0039008133
CtrSVDD_0021_E_0004005,-2.4411518926
CtrSVDD_0022_E_0004006,-4.2418840174
CtrSVDD_0023_E_0004007,-4.5737322759
CtrSVDD_0024_E_0004008,-5.0880480947
CtrSVDD_0025_E_0004009,-4.6875395955
CtrSVDD_0026_E_0004010,-6.1640968090
CtrSVDD_0027_E_0004011,-5.5306229166
CtrSVDD_0028_E_0004012,-1.1626348657
CtrSVDD_0029_E_0004013,-4.7937198971
CtrSVDD_0030_E_0004014,-6.1161348742
CtrSVDD_0031_E_0004015,-3.3604205793
CtrSVDD_0032_E_0004016,-5.3650541072
CtrSVDD_0033_E_0004017,-2.9304152014
CtrSVDD_0034_E_0004018,-4.8473216853
CtrSVDD_0035_E_0004019,-5.8197069288
CtrSVDD_0036_E_0004020,-4.7984653025
CtrSVDD_0037_E_0004021,-5.4747478179
CtrSVDD_0038_E_0004022,-1.3925312254
CtrSVDD_0039_E_0004023,-4.5141414453
CtrSVDD_0040_E_0004024,-0.5149544913
CtrSVDD_0041_E_0004025,-5.9080771591
CtrSVDD_0042_E_0004026,-5.9615582587
CtrSVDD_0043_E_0004027,-0.6235485520
CtrSVDD_0044_E_0004028,-6.5295160735
CtrSVDD_0045_E_0004029,-6.2984437676
CtrSVDD_0046_E_0004030,-1.1076002757
CtrSVDD_0047_E_0004031,-4.8020222944
CtrSVDD_0000_E_0004032,-3.1270307495
CtrSVDD_0001_E_0004033,-3.3694168735
CtrSVDD_0002_E_0004034,-2.6726855556
CtrSVDD_0003_E_0004035,-2.6943686025
CtrSVDD_0004_E_0004036,-5.1535803475
CtrSVDD_0005_E_0004037,-6.7186809411
CtrSVDD_0006_E_0004038,-3.7483559968
CtrSVDD_0007_E_0004039,0.4582631533
CtrSVDD_0008_E_0004040,-4.1332746669
CtrSVDD_0009_E_0004041,-7.0334483805
CtrSVDD_0010_E_0004042,-4.4586340527
CtrSVDD_0011_E_0004043,1.3678331905
CtrSVDD_0012_E_0004044,-2.8206287339
CtrSVDD_0013_E_0004045,-4.8109335670
CtrSVDD_0014_E_0004046,-5.1594143349
CtrSVDD_0015_E_0004047,-3.7401158046
CtrSVDD_0016_E_0004048,-4.5686213086
CtrSVDD_0017_E_0004049,-4.7166967706
CtrSVDD_0018_E_0004050,-5.3469209842
CtrSVDD_0019_E_0004051,-5.4617803872
CtrSVDD_0020_E_0004052,-5.3544655926
CtrSVDD_0021_E_0004053,-4.4749806777
CtrSVDD_0022_E_0004054,-4.9429816218
CtrSVDD_0023_E_0004055,-5.9283494847
CtrSVDD_0024_E_0004056,-0.0524786315
CtrSVDD_0025_E_0004057,-4.7451629797
CtrSVDD_0026_E_0004058,-4.9879160045
CtrSVDD_0027_E_0004059,-2.5634785843
CtrSVDD_0028_E_0004060,-6.4392166226
CtrSVDD_0029_E_0004061,-3.3249567686
CtrSVDD_0030_E_0004062,-0.1283405650
CtrSVDD_0031_E_0004063,0.9070179191
CtrSVDD_0032_E_0004064,-0.5618492257
CtrSVDD_0033_E_0004065,-5.9797897398
CtrSVDD_0034_E_0004066,-0.7717032953
CtrSVDD_0035_E_0004067,-4.9299229441
CtrSVDD_0036_E_0004068,-2.5481543929
CtrSVDD_0037_E_0004069,1.3468970466
CtrSVDD_0038_E_0004070,-5.7497525372
CtrSVDD_0039_E_0004071,-3.2636786018
CtrSVDD_0040_E_0004072,-4.3759072689
CtrSVDD_0041_E_0004073,-5.1404662608
CtrSVDD_0042_E_0004074,-4.4408621234
CtrSVDD_0043_E_0004075,-6.1640897373
CtrSVDD_0044_E_0004076,-5.3159273745
CtrSVDD_0045_E_0004077,-6.5454731611
CtrSVDD_0046_E_0004078,-2.6806045317
CtrSVDD_0047_E_0004079,-4.8232045922
CtrSVDD_0000_E_0004080,-1.7454005008
CtrSVDD_0001_E_0004081,-4.7736885855
CtrSVDD_0002_E_0004082,-2.6849316373
CtrSVDD_0003_E_0004083,-6.0124423595
CtrSVDD_0004_E_0004084,0.8634738849
CtrSVDD_0005_E_0004085,-5.6901421362
CtrSVDD_0006_E_0004086,-2.6720368289
CtrSVDD_0007_E_0004087,-4.2411908838
CtrSVDD_0008_E_0004088,-4.4269623440
CtrSVDD_0009_E_0004089,-4.9573893825
CtrSVDD_0010_E_0004090,-1.1991522510
CtrSVDD_0011_E_0004091,-4.5738491761
CtrSVDD_0012_E_0004092,-5.7521468467
CtrSVDD_0013_E_0004093,0.4505086063
CtrSVDD_0014_E_0004094,-2.5774209757
CtrSVDD_0015_E_0004095,-5.4321429081
CtrSVDD_0016_E_0004096,-6.0182252181
CtrSVDD_0017_E_0004097,-4.6848308504
CtrSVDD_0018_E_0004098,2.2700960885
CtrSVDD_0019_E_0004099,-3.5535487565
CtrSVDD_0020_E_0004100,-4.1193603728
CtrSVDD_0021_E_0004101,-6.5954128929
CtrSVDD_0022_E_0004102,-7.6360157380
CtrSVDD_0023_E_0004103,-4.2279933789
CtrSVDD_0024_E_0004104,-3.9002652967
CtrSVDD_0025_E_0004105,-6.0169378005
CtrSVDD_0026_E_0004106,-5.4656472018
CtrSVDD_0027_E_0004107,-5.9712164845
CtrSVDD_0028_E_0004108,-3.7351870102
CtrSVDD_0029_E_0004109,-2.5841604735
CtrSVDD_0030_E_0004110,1.0676050914
CtrSVDD_0031_E_0004111,-4.9530226644
CtrSVDD_0032_E_0004112,0.0258804687
CtrSVDD_0033_E_0004113,-5.6015199796
CtrSVDD_0034_E_0004114,1.9824130007
CtrSVDD_0035_E_0004115,-2.3158085908
CtrSVDD_0036_E_0004116,-6.6650474098
CtrSVDD_0037_E_0004117,-4.8962383181
CtrSVDD_0038_E_0004118,-6.5982353164
CtrSVDD_0039_E_0004119,-4.5749560118
CtrSVDD_0040_E_0004120,-5.4657960791
CtrSVDD_0041_E_0004121,-4.7017184384
CtrSVDD_0042_E_0004122,-5.5902011734
CtrSVDD_0043_E_0004123,-4.7212105955
CtrSVDD_0044_E_0004124,-3.2716660414
CtrSVDD_0045_E_0004125,0.5820161919
CtrSVDD_0046_E_0004126,-2.4585253458
CtrSVDD_0047_E_0004127,-3.6600824756
CtrSVDD_0000_E_0004128,-4.1411866893
CtrSVDD_0001_E_0004129,-5.1123922999
CtrSVDD_0002_E_0004130,-5.7827834986
CtrSVDD_0003_E_0004131,-0.5865921165
CtrSVDD_0004_E_0004132,-5.6502423153
CtrSVDD_0005_E_0004133,-5.4614441558
CtrSVDD_0006_E_0004134,-1.8885207617
CtrSVDD_0007_E_0004135,-2.6435331433
CtrSVDD_0008_E_0004136,-1.0990107135
CtrSVDD_0009_E_0004137,-5.5009836531
CtrSVDD_0010_E_0004138,0.0132888781
CtrSVDD_0011_E_0004139,-6.4671099419
CtrSVDD_0012_E_0004140,-3.4844079043
CtrSVDD_0013_E_0004141,-0.3105557215
CtrSVDD_0014_E_0004142,-4.2907256719
CtrSVDD_0015_E_0004143,-5.6398907962
CtrSVDD_0016_E_0004144,-4.4621328352
CtrSVDD_0017_E_0004145,-6.5222378558
CtrSVDD_0018_E_0004146,-4.9733876229
CtrSVDD_0019_E_0004147,-4.3493559963
CtrSVDD_0020_E_0004148,-5.5656430116
CtrSVDD_0021_E_0004149,-5.6857478631
CtrSVDD_0022_E_0004150,-5.4380458004
CtrSVDD_0023_E_0004151,-3.3161052323
CtrSVDD_0024_E_0004152,-4.9267846503
CtrSVDD_0025_E_0004153,-2.8995796102
CtrSVDD_0026_E_0004154,-4.7433168854
CtrSVDD_0027_E_0004155,-4.0867017466
CtrSVDD_0028_E_0004156,-4.8657522957
CtrSVDD_0029_E_0004157,-6.2093686446
CtrSVDD_0030_E_0004158,-4.6494594051
CtrSVDD_0031_E_0004159,-5.6579421649
CtrSVDD_0032_E_0004160,-5.1898476823
CtrSVDD_0033_E_0004161,-4.7098005183
CtrSVDD_0034_E_0004162,0.3848685318
CtrSVDD_0035_E_0004163,-4.2785537047
CtrSVDD_0036_E_0004164,-4.3624648107
CtrSVDD_0037_E_0004165,-3.1140335360
CtrSVDD_0038_E_0004166,-5.8356621357
CtrSVDD_0039_E_0004167,-6.3608329333
CtrSVDD_0040_E_0004168,-0.3134928526
CtrSVDD_0041_E_0004169,-3.8157894252
CtrSVDD_0042_E_0004170,-4.9564489749
CtrSVDD_0043_E_0004171,-4.6385331448
CtrSVDD_0044_E_0004172,-3.2728204156
CtrSVDD_0045_E_0004173,-5.1141076269
CtrSVDD_0046_E_0004174,-6.3779222687
CtrSVDD_0047_E_0004175,-7.3173067354
CtrSVDD_0000_E_0004176,-0.6372182001
CtrSVDD_0001_E_0004177,-3.6547796743
CtrSVDD_0002_E_0004178,-4.1088815667
CtrSVDD_0003_E_0004179,-6.4747186866
CtrSVDD_0004_E_0004180,-0.6406295548
CtrSVDD_0005_E_0004181,-6.9684333072
CtrSVDD_0006_E_0004182,-2.2073413883
CtrSVDD_0007_E_0004183,-4.5253604872
CtrSVDD_0008_E_0004184,-4.7285512027
CtrSVDD_0009_E_0004185,-5.4728909298
CtrSVDD_0010_E_0004186,-3.8515964443
CtrSVDD_0011_E_0004187,-5.0649358146
CtrSVDD_0012_E_0004188,-5.8433779380
CtrSVDD_0013_E_0004189,1.0395498058
CtrSVDD_0014_E_0004190,-0.9218921745
CtrSVDD_0015_E_0004191,-5.7058694941
CtrSVDD_0016_E_0004192,-2.2672075792
CtrSVDD_0017_E_0004193,-3.3065956586
CtrSVDD_0018_E_0004194,-4.9386638225
CtrSVDD_0019_E_0004195,-4.6618944397
CtrSVDD_0020_E_0004196,-2.9691209339
CtrSVDD_0021_E_0004197,1.2705100400
CtrSVDD_0022_E_0004198,-5.2356551042
CtrSVDD_0023_E_0004199,-0.0286790869
CtrSVDD_0024_E_0004200,-5.8906074932
CtrSVDD_0025_E_0004201,-4.3930529137
CtrSVDD_0026_E_0004202,-4.7367076944
CtrSVDD_0027_E_0004203,-4.2084025084
CtrSVDD_0028_E_0004204,-3.0662931300
CtrSVDD_0029_E_0004205,-4.6035223197
CtrSVDD_0030_E_0004206,0.2264254499
CtrSVDD_0031_E_0004207,0.1523558843
CtrSVDD_0032_E_0004208,-0.1764594083
CtrSVDD_0033_E_0004209,-4.4118814952
CtrSVDD_0034_E_0004210,-3.8892055778
CtrSVDD_0035_E_0004211,-5.5198521753
CtrSVDD_0036_E_0004212,-5.5429041439
CtrSVDD_0037_E_0004213,-5.5073687180
CtrSVDD_0038_E_0004214,-3.4902254274
CtrSVDD_0039_E_0004215,-4.2813699387
CtrSVDD_0040_E_0004216,-6.4699863555
CtrSVDD_0041_E_0004217,-0.0678933459
CtrSVDD_0042_E_0004218,-6.4035374658
CtrSVDD_0043_E_0004219,-4.6950917809
CtrSVDD_0044_E_0004220,-4.0956334780
CtrSVDD_0045_E_0004221,-4.9624208534
CtrSVDD_0046_E_0004222,-6.0055597866
CtrSVDD_0047_E_0004223,-4.5025222222
CtrSVDD_0000_E_0004224,-5.3151400727
CtrSVDD_0001_E_0004225,-4.9107136689
CtrSVDD_0002_E_0004226,-3.3778133752
CtrSVDD_0003_E_0004227,-4.8392604197
CtrSVDD_0004_E_0004228,-5.7431453928
CtrSVDD_0005_E_0004229,-7.5437163431
CtrSVDD_0006_E_0004230,-5.7864370391
CtrSVDD_0007_E_0004231,2.5225135470
CtrSVDD_0008_E_0004232,-4.9261409258
CtrSVDD_0009_E_0004233,-3.6124653559
CtrSVDD_0010_E_0004234,-6.8207984495
CtrSVDD_0011_E_0004235,-4.7004851049
CtrSVDD_0012_E_0004236,-4.2376850891
CtrSVDD_0013_E_0004237,-3.8770062907
CtrSVDD_0014_E_0004238,1.1462925919
CtrSVDD_0015_E_0004239,-2.6073218846
CtrSVDD_0016_E_0004240,-5.2221134495
CtrSVDD_0017_E_0004241,-3.7888558119
CtrSVDD_0018_E_0004242,-6.8951281676
CtrSVDD_0019_E_0004243,-0.3032245382
CtrSVDD_0020_E_0004244,-4.0259067601
CtrSVDD_0021_E_0004245,-3.6384542207
CtrSVDD_0022_E_0004246,-3.7837622217
CtrSVDD_0023_E_0004247,-3.9512973147
CtrSVDD_0024_E_0004248,-5.3299904415
CtrSVDD_0025_E_0004249,-4.3114988250
CtrSVDD_0026_E_0004250,-6.5977255890
CtrSVDD_0027_E_0004251,-3.9219741964
CtrSVDD_0028_E_0004252,-3.3301424196
CtrSVDD_0029_E_0004253,-0.5204622378
CtrSVDD_0030_E_0004254,-4.8074727946
CtrSVDD_0031_E_0004255,-5.6711199662
CtrSVDD_0032_E_0004256,-5.0692861498
CtrSVDD_0033_E_0004257,-4.9283507763
CtrSVDD_0034_E_0004258,-4.6030368771
CtrSVDD_0035_E_0004259,-2.9240048047
CtrSVDD_0036_E_0004260,-5.8057214341
CtrSVDD_0037_E_0004261,-1.3933814760
CtrSVDD_0038_E_0004262,-8.7861210212
CtrSVDD_0039_E_0004263,-2.1371994971
CtrSVDD_0040_E_0004264,-4.4751302007
CtrSVDD_0041_E_0004265,-3.8431686500
CtrSVDD_0042_E_0004266,-5.2214189536
CtrSVDD_0043_E_0004267,-3.5490466653
CtrSVDD_0044_E_0004268,-5.5204144133
CtrSVDD_0045_E_0004269,-4.0002239905
CtrSVDD_0046_E_0004270,-5.6321497859
CtrSVDD_0047_E_0004271,-4.2668986540
CtrSVDD_0000_E_0004272,-5.5318481098
CtrSVDD_0001_E_0004273,-1.1041426793
CtrSVDD_0002_E_0004274,-3.6495266240
CtrSVDD_0003_E_0004275,-2.2890937971
CtrSVDD_0004_E_0004276,-4.2018813893
CtrSVDD_0005_E_0004277,-5.6969706199
CtrSVDD_0006_E_0004278,-6.4997139600
CtrSVDD_0007_E_0004279,-4.3946112302
CtrSVDD_0008_E_0004280,-0.2249905740
CtrSVDD_0009_E_0004281,-3.3729201033
CtrSVDD_0010_E_0004282,-7.5944106074
CtrSVDD_0011_E_0004283,-3.5755841734
CtrSVDD_0012_E_0004284,-4.8327564229
CtrSVDD_0013_E_0004285,-5.4345026321
CtrSVDD_0014_E_0004286,-5.6039120677
CtrSVDD_0015_E_0004287,-5.1256330878
CtrSVDD_0016_E_0004288,-3.5555944596
CtrSVDD_0017_E_0004289,-3.8733745676
CtrSVDD_0018_E_0004290,-6.2367161618
CtrSVDD_0019_E_0004291,-5.2162120846
CtrSVDD_0020_E_0004292,-3.0491201206
CtrSVDD_0021_E_0004293,-5.0517366255
CtrSVDD_0022_E_0004294,-5.4771862830
CtrSVDD_0023_E_0004295,-5.2489668716
CtrSVDD_0024_E_0004296,-4.7050097151
CtrSVDD_0025_E_0004297,-5.3391563214
CtrSVDD_0026_E_0004298,-4.4737431295
CtrSVDD_0027_E_0004299,-3.6639454943
CtrSVDD_0028_E_0004300,-5.6769566220
CtrSVDD_0029_E_0004301,-4.2740003008
CtrSVDD_0030_E_0004302,-5.7503425145
CtrSVDD_0031_E_0004303,-3.5569719774
CtrSVDD_0032_E_0004304,-2.6687110572
CtrSVDD_0033_E_0004305,-4.4480445787
CtrSVDD_0034_E_0004306,-5.0767118199
CtrSVDD_0035_E_0004307,-4.6863465980
CtrSVDD_0036_E_0004308,-4.1581256712
CtrSVDD_0037_E_0004309,-6.2496732435
CtrSVDD_0038_E_0004310,-2.7577603635
CtrSVDD_0039_E_0004311,-4.8175647375
CtrSVDD_0040_E_0004312,-1.6508347544
CtrSVDD_0041_E_0004313,-5.6634582467
CtrSVDD_0042_E_0004314,-3.2415874520
CtrSVDD_0043_E_0004315,-3.8093250872
CtrSVDD_0044_E_0004316,-0.0398760261
CtrSVDD_0045_E_0004317,-6.3423258082
CtrSVDD_0046_E_0004318,-3.3162801749
CtrSVDD_0047_E_0004319,-5.2202944982
CtrSVDD_0000_E_0004320,-3.6388294740
CtrSVDD_0001_E_0004321,-4.0329519244
CtrSVDD_0002_E_0004322,0.7109414228
CtrSVDD_0003_E_0004323,-3.7371551027
CtrSVDD_0004_E_0004324,-5.3288743240
CtrSVDD_0005_E_0004325,-5.4778684992
CtrSVDD_0006_E_0004326,-3.8353812172
CtrSVDD_0007_E_0004327,-3.9022041006
CtrSVDD_0008_E_0004328,-4.0635952765
CtrSVDD_0009_E_0004329,-3.7603729796
CtrSVDD_0010_E_0004330,-2.0337061493
CtrSVDD_0011_E_0004331,-3.6856820673
CtrSVDD_0012_E_0004332,-0.1821452351
CtrSVDD_0013_E_0004333,-4.7628673099
CtrSVDD_0014_E_0004334,-5.2338444707
CtrSVDD_0015_E_0004335,-3.9868943895
CtrSVDD_0016_E_0004336,-4.0577680336
CtrSVDD_0017_E_0004337,-4.1426589965
CtrSVDD_0018_E_0004338,-3.3640232829
CtrSVDD_0019_E_0004339,1.0540660493
CtrSVDD_0020_E_0004340,-5.5915370599
CtrSVDD_0021_E_0004341,-4.2864802264
CtrSVDD_0022_E_0004342,-5.6587079289
CtrSVDD_0023_E_0004343,-5.5952103411
CtrSVDD_0024_E_0004344,-5.1358137279
CtrSVDD_0025_E_0004345,-4.4158290364
CtrSVDD_0026_E_0004346,-4.1374509846
CtrSVDD_0027_E_0004347,-1.2801173089
CtrSVDD_0028_E_0004348,-3.3722289136
CtrSVDD_0029_E_0004349,-3.5165483223
CtrSVDD_0030_E_0004350,-3.7566407465
CtrSVDD_0031_E_0004351,-5.1212674404
CtrSVDD_0032_E_0004352,-3.2704421720
CtrSVDD_0033_E_0004353,-3.9039287028
CtrSVDD_0034_E_0004354,-5.2544802890
CtrSVDD_0035_E_0004355,-3.8603326703
CtrSVDD_0036_E_0004356,-4.9827253423
CtrSVDD_0037_E_0004357,-3.7871569185
CtrSVDD_0038_E_0004358,-2.6904480440
CtrSVDD_0039_E_0004359,-6.4814331295
CtrSVDD_0040_E_0004360,-7.9448370343
CtrSVDD_0041_E_0004361,-2.7259596194
CtrSVDD_0042_E_0004362,-4.7787028472
CtrSVDD_0043_E_0004363,-4.1080279252
CtrSVDD_0044_E_0004364,-6.7982910160
CtrSVDD_0045_E_0004365,-3.9111842285
CtrSVDD_0046_E_0004366,-1.1302508567
CtrSVDD_0047_E_0004367,-6.3064506854
CtrSVDD_0000_E_0004368,-4.3961917027
CtrSVDD_0001_E_0004369,-6.3478939316
CtrSVDD_0002_E_0004370,-3.3180189151
CtrSVDD_0003_E_0004371,-4.6967750832
CtrSVDD_0004_E_0004372,-3.9738069324
CtrSVDD_0005_E_0004373,-5.5364634436
CtrSVDD_0006_E_0004374,-4.7421481663
CtrSVDD_0007_E_0004375,-5.4039706852
CtrSVDD_0008_E_0004376,-4.7049790992
CtrSVDD_0009_E_0004377,-3.7182593327
CtrSVDD_0010_E_0004378,-3.1071734425
CtrSVDD_0011_E_0004379,0.1551867330
CtrSVDD_0012_E_0004380,-0.9070179191
CtrSVDD_0013_E_0004381,-4.7526896306
CtrSVDD_0014_E_0004382,-6.0582090240
CtrSVDD_0015_E_0004383,-4.2197911216
CtrSVDD_0016_E_0004384,-3.6770566865
CtrSVDD_0017_E_0004385,-5.8165548868
CtrSVDD_0018_E_0004386,1.3573652672
CtrSVDD_0019_E_0004387,-7.4413374674
CtrSVDD_0020_E_0004388,-4.5861042416
CtrSVDD_0021_E_0004389,-5.7342376458
CtrSVDD_0022_E_0004390,-0.9240337388
CtrSVDD_0023_E_0004391,-1.9169401488
CtrSVDD_0024_E_0004392,-5.9098262080
CtrSVDD_0025_E_0004393,-2.9221058612
CtrSVDD_0026_E_0004394,-5.3800783042
CtrSVDD_0027_E_0004395,-2.9413368384
CtrSVDD_0028_E_0004396,-5.9263141647
CtrSVDD_0029_E_0004397,-5.8184541529
CtrSVDD_0030_E_0004398,-6.0524085572
CtrSVDD_0031_E_0004399,-2.1925212269
CtrSVDD_0032_E_0004400,-1.2934064059
CtrSVDD_0033_E_0004401,-5.0139755367
CtrSVDD_0034_E_0004402,-0.3087460368
CtrSVDD_0035_E_0004403,-6.3157022848
CtrSVDD_0036_E_0004404,-6.8522953217
CtrSVDD_0037_E_0004405,0.1438705663
CtrSVDD_0038_E_0004406,-4.6898634093
CtrSVDD_0039_E_0004407,-1.3140951001
CtrSVDD_0040_E_0004408,-5.2359875937
CtrSVDD_0041_E_0004409,-2.9726753080
CtrSVDD_0042_E_0004410,0.1184741650
CtrSVDD_0043_E_0004411,-5.3034445280
CtrSVDD_0044_E_0004412,-4.2260468689
CtrSVDD_0045_E_0004413,-4.2947516989
CtrSVDD_0046_E_0004414,-6.8570181024
CtrSVDD_0047_E_0004415,0.9588950729
CtrSVDD_0000_E_0004416,-4.3141219018
CtrSVDD_0001_E_0004417,0.8861104068
CtrSVDD_0002_E_0004418,-4.9327832542
CtrSVDD_0003_E_0004419,-3.6199104639
CtrSVDD_0004_E_0004420,-4.4200195253
CtrSVDD_0005_E_0004421,-6.4845764526
CtrSVDD_0006_E_0004422,-1.8207925786
CtrSVDD_0007_E_0004423,1.9972288352
CtrSVDD_0008_E_0004424,-0.2915282760
CtrSVDD_0009_E_0004425,-5.1513229255
CtrSVDD_0010_E_0004426,-3.3843668773
CtrSVDD_0011_E_0004427,0.2451224673
CtrSVDD_0012_E_0004428,-2.4355573760
CtrSVDD_0013_E_0004429,-3.8158501029
CtrSVDD_0014_E_0004430,-3.1399430568
CtrSVDD_0015_E_0004431,-5.7461253509
CtrSVDD_0016_E_0004432,-5.7179583511
CtrSVDD_0017_E_0004433,-5.2264917556
CtrSVDD_0018_E_0004434,-5.9356374875
CtrSVDD_0019_E_0004435,-2.4910678592
CtrSVDD_0020_E_0004436,-5.4092709684
CtrSVDD_0021_E_0004437,-6.1025563475
CtrSVDD_0022_E_0004438,-5.3874176613
CtrSVDD_0023_E_0004439,-0.7001766943
CtrSVDD_0024_E_0004440,-3.5380033996
CtrSVDD_0025_E_0004441,-4.7027252789
CtrSVDD_0026_E_0004442,-5.2459876307
CtrSVDD_0027_E_0004443,-5.9679767160
CtrSVDD_0028_E_0004444,-4.5784081538
CtrSVDD_0029_E_0004445,-1.9577179687
CtrSVDD_0030_E_0004446,-4.0507469388
CtrSVDD_0031_E_0004447,-5.7297907968
CtrSVDD_0032_E_0004448,-4.5277982605
CtrSVDD_0033_E_0004449,-4.2796900397
CtrSVDD_0034_E_0004450,-5.4537862951
CtrSVDD_0035_E_0004451,-2.1046420312
CtrSVDD_0036_E_0004452,-5.7506404187
CtrSVDD_0037_E_0004453,-5.2840968609
CtrSVDD_0038_E_0004454,-5.3806825307
CtrSVDD_0039_E_0004455,-6.7428943964
CtrSVDD_0040_E_0004456,0.8796325195
CtrSVDD_0041_E_0004457,-2.0184322157
CtrSVDD_0042_E_0004458,-5.4860736936
CtrSVDD_0043_E_0004459,-2.0261194135
CtrSVDD_0044_E_0004460,-3.7450056196
CtrSVDD_0045_E_0004461,-5.3830038965
CtrSVDD_0046_E_0004462,-4.2072732401
CtrSVDD_0047_E_0004463,-4.3917149536
CtrSVDD_0000_E_0004464,-6.5911541817
CtrSVDD_0001_E_0004465,-2.8347803082
CtrSVDD_0002_E_0004466,-4.7317678233
CtrSVDD_0003_E_0004467,-3.0295213588
CtrSVDD_0004_E_0004468,-5.2781596700
CtrSVDD_0005_E_0004469,0.0286790869
CtrSVDD_0006_E_0004470,-5.1477498228
CtrSVDD_0007_E_0004471,0.8046007029
CtrSVDD_0008_E_0004472,0.4366180187
CtrSVDD_0009_E_0004473,-5.8347223887
CtrSVDD_0010_E_0004474,-2.7596454335
CtrSVDD_0011_E_0004475,-2.2146361967
CtrSVDD_0012_E_0004476,-5.3415086749
CtrSVDD_0013_E_0004477,-0.4396974496
CtrSVDD_0014_E_0004478,0.2163909299
CtrSVDD_0015_E_0004479,-7.2024402648
CtrSVDD_0016_E_0004480,-4.6757717821
CtrSVDD_0017_E_0004481,-5.5608185263
CtrSVDD_0018_E_0004482,-5.9884251448
CtrSVDD_0019_E_0004483,-6.3765672943
CtrSVDD_0020_E_0004484,-6.4865548449
CtrSVDD_0021_E_0004485,-5.2603901296
CtrSVDD_0022_E_0004486,-7.2640552007
CtrSVDD_0023_E_0004487,-3.5546911509
CtrSVDD_0024_E_0004488,1.5622636368
CtrSVDD_0025_E_0004489,-5.1267919666
CtrSVDD_0026_E_0004490,-5.3786113885
CtrSVDD_0027_E_0004491,-3.6773838187
CtrSVDD_0028_E_0004492,-2.8515637150
CtrSVDD_0029_E_0004493,-6.0461054809
CtrSVDD_0030_E_0004494,-5.0489988754
CtrSVDD_0031_E_0004495,-2.7400823734
CtrSVDD_0032_E_0004496,-3.5446951188
CtrSVDD_0033_E_0004497,-3.9816214461
CtrSVDD_0034_E_0004498,-4.1736658881
CtrSVDD_0035_E_0004499,-6.2032868961
CtrSVDD_0036_E_0004500,-5.0018086803
CtrSVDD_0037_E_0004501,-4.9995935189
CtrSVDD_0038_E_0004502,-5.3059623311
CtrSVDD_0039_E_0004503,-3.4742252227
CtrSVDD_0040_E_0004504,-4.8785493898
CtrSVDD_0041_E_0004505,-6.2483140872
CtrSVDD_0042_E_0004506,-4.6488962562
CtrSVDD_0043_E_0004507,-5.4360816486
CtrSVDD_0044_E_0004508,-2.1559612218
CtrSVDD_0045_E_0004509,-3.8923146842
CtrSVDD_0046_E_0004510,-4.6787542267
CtrSVDD_0047_E_0004511,-0.7843163283
CtrSVDD_0000_E_0004512,-4.8412916412
CtrSVDD_0001_E_0004513,-3.6216156520
CtrSVDD_0002_E_0004514,-4.3055933214
CtrSVDD_0003_E_0004515,-2.9823496639
CtrSVDD_0004_E_0004516,-4.3926395651
CtrSVDD_0005_E_0004517,1.2958838614
CtrSVDD_0006_E_0004518,-3.2931909999
CtrSVDD_0007_E_0004519,-4.4554022236
CtrSVDD_0008_E_0004520,-4.9541599882
CtrSVDD_0009_E_0004521,-4.4582470690
CtrSVDD_0010_E_0004522,-0.3878829198
CtrSVDD_0011_E_0004523,1.3087199986
CtrSVDD_0012_E_0004524,-4.0943886907
CtrSVDD_0013_E_0004525,0.5899181344
CtrSVDD_0014_E_0004526,0.5873285288
CtrSVDD_0015_E_0004527,-4.0461226731
CtrSVDD_0016_E_0004528,1.7402582720
CtrSVDD_0017_E_0004529,-2.3392816056
CtrSVDD_0018_E_0004530,-4.6853408241
CtrSVDD_0019_E_0004531,-5.5466013906
CtrSVDD_0020_E_0004532,-4.2910276701
CtrSVDD_0021_E_0004533,-6.1098243605
CtrSVDD_0022_E_0004534,-3.8315598981
CtrSVDD_0023_E_0004535,-3.3018384991
CtrSVDD_0024_E_0004536,-3.3455971467
CtrSVDD_0025_E_0004537,-6.3573129638
CtrSVDD_0026_E_0004538,-3.5366684984
CtrSVDD_0027_E_0004539,-5.3332771209
CtrSVDD_0028_E_0004540,-5.3916897642
CtrSVDD_0029_E_0004541,-4.4465840407
CtrSVDD_0030_E_0004542,-7.3418648045
CtrSVDD_0031_E_0004543,-1.5052708191
CtrSVDD_0032_E_0004544,-4.8062255726
CtrSVDD_0033_E_0004545,-5.5373562459
CtrSVDD_0034_E_0004546,-4.4348364046
CtrSVDD_0035_E_0004547,-4.9719340251
CtrSVDD_0036_E_0004548,-4.8916829288
CtrSVDD_0037_E_0004549,-5.0157335267
CtrSVDD_0038_E_0004550,-4.5167166625
CtrSVDD_0039_E_0004551,-3.6394746384
CtrSVDD_0040_E_0004552,-7.0282472207
CtrSVDD_0041_E_0004553,-5.2663757703
CtrSVDD_0042_E_0004554,-4.7641364046
CtrSVDD_0043_E_0004555,-5.8569845165
CtrSVDD_0044_E_0004556,-4.7990481549
CtrSVDD_0045_E_0004557,-3.5475089211
CtrSVDD_0046_E_0004558,-4.3367832756
CtrSVDD_0047_E_0004559,-3.2970382448
CtrSVDD_0000_E_0004560,-3.8705167937
CtrSVDD_0001_E_0004561,-7.1231657712
CtrSVDD_0002_E_0004562,-4.0466751515
CtrSVDD_0003_E_0004563,-3.7203383147
CtrSVDD_0004_E_0004564,-3.5241722223
CtrSVDD_0005_E_0004565,-4.2153067860
CtrSVDD_0006_E_0004566,0.6138540366
CtrSVDD_0007_E_0004567,-5.0128695042
CtrSVDD_0008_E_0004568,-5.0736729136
CtrSVDD_0009_E_0004569,-2.7987881690
CtrSVDD_0010_E_0004570,-6.2110908661
CtrSVDD_0011_E_0004571,-1.2617708616
CtrSVDD_0012_E_0004572,-3.6564853094
CtrSVDD_0013_E_0004573,-0.2063781519
CtrSVDD_0014_E_0004574,-6.2891635866
CtrSVDD_0015_E_0004575,-3.9762223649
CtrSVDD_0016_E_0004576,-3.6833405270
CtrSVDD_0017_E_0004577,-4.9019342608
CtrSVDD_0018_E_0004578,0.3683508953
CtrSVDD_0019_E_0004579,-2.1804943120
CtrSVDD_0020_E_0004580,-3.7104288275
CtrSVDD_0021_E_0004581,-4.5832081393
CtrSVDD_0022_E_0004582,-2.1195954258
CtrSVDD_0023_E_0004583,-5.8817685574
CtrSVDD_0024_E_0004584,-0.4350798563
CtrSVDD_0025_E_0004585,-4.9807715128
CtrSVDD_0026_E_0004586,-3.3809753118
CtrSVDD_0027_E_0004587,-5.5914600704
CtrSVDD_0028_E_0004588,0.4151737799
CtrSVDD_0029_E_0004589,-6.2012894996
CtrSVDD_0030_E_0004590,-4.1723999035
CtrSVDD_0031_E_0004591,-5.0658034944
CtrSVDD_0032_E_0004592,-4.8090071480
CtrSVDD_0033_E_0004593,-6.2052884055
CtrSVDD_0034_E_0004594,-4.9414825531
CtrSVDD_0035_E_0004595,-5.4000737669
CtrSVDD_0036_E_0004596,-1.7202915191
CtrSVDD_0037_E_0004597,-4.4670424007
CtrSVDD_0038_E_0004598,-4.3792498079
CtrSVDD_0039_E_0004599,-4.0097951569
CtrSVDD_0040_E_0004600,-5.3537191169
CtrSVDD_0041_E_0004601,-7.2917085694
CtrSVDD_0042_E_0004602,-4.0257688400
CtrSVDD_0043_E_0004603,-4.7248201815
CtrSVDD_0044_E_0004604,-4.0986340090
CtrSVDD_0045_E_0004605,-2.5672056885
CtrSVDD_0046_E_0004606,-6.3546195609
CtrSVDD_0047_E_0004607,-3.8629676695
CtrSVDD_0000_E_0004608,-3.1916462406
CtrSVDD_0001_E_0004609,-3.6797617937
CtrSVDD_0002_E_0004610,-4.5256205909
CtrSVDD_0003_E_0004611,-3.7957690121
CtrSVDD_0004_E_0004612,0.1693601163
CtrSVDD_0005_E_0004613,-2.7402957116
CtrSVDD_0006_E_0004614,-4.1838466775
CtrSVDD_0007_E_0004615,-6.6787224558
CtrSVDD_0008_E_0004616,-6.7431848588
CtrSVDD_0009_E_0004617,-3.0108759555
CtrSVDD_0010_E_0004618,-5.9728127772
CtrSVDD_0011_E_0004619,-2.5045631965
CtrSVDD_0012_E_0004620,-4.8534468448
CtrSVDD_0013_E_0004621,-4.4160221794
CtrSVDD_0014_E_0004622,2.3143720728
CtrSVDD_0015_E_0004623,-3.0947959891
CtrSVDD_0016_E_0004624,-3.1933584300
CtrSVDD_0017_E_0004625,-5.0723234558
CtrSVDD_0018_E_0004626,-0.5213535034
CtrSVDD_0019_E_0004627,-7.5048237649
CtrSVDD_0020_E_0004628,-1.1064909445
CtrSVDD_0021_E_0004629,-4.5623370603
CtrSVDD_0022_E_0004630,-3.1321181436
CtrSVDD_0023_E_0004631,-5.8241670736
CtrSVDD_0024_E_0004632,-5.7049883335
CtrSVDD_0025_E_0004633,-4.2048613090
CtrSVDD_0026_E_0004634,-4.6223902634
CtrSVDD_0027_E_0004635,-3.3936228464
CtrSVDD_0028_E_0004636,-5.7736214937
CtrSVDD_0029_E_0004637,-7.1380496116
CtrSVDD_0030_E_0004638,-4.6663404226
CtrSVDD_0031_E_0004639,-8.5487844698
CtrSVDD_0032_E_0004640,-6.7470084637
CtrSVDD_0033_E_0004641,-2.4590112189
CtrSVDD_0034_E_0004642,-5.3484243877
CtrSVDD_0035_E_0004643,-1.2464162809
CtrSVDD_0036_E_0004644,-4.7282957409
CtrSVDD_0037_E_0004645,-7.8576606608
CtrSVDD_0038_E_0004646,-3.3335252528
CtrSVDD_0039_E_0004647,-6.8393414678
CtrSVDD_0040_E_0004648,0.4289374437
CtrSVDD_0041_E_0004649,-3.8734250588
CtrSVDD_0042_E_0004650,-4.7354543345
CtrSVDD_0043_E_0004651,-3.4822342609
CtrSVDD_0044_E_0004652,-5.6386008288
CtrSVDD_0045_E_0004653,-4.8096302143
CtrSVDD_0046_E_0004654,-2.1528478399
CtrSVDD_0047_E_0004655,1.1078332881
CtrSVDD_0000_E_0004656,0.2347263196
CtrSVDD_0001_E_0004657,-3.0546888076
CtrSVDD_0002_E_0004658,-4.4975465947
CtrSVDD_0003_E_0004659,-3.9196578900
CtrSVDD_0004_E_0004660,-3.4489916934
CtrSVDD_0005_E_0004661,-1.3399994132
CtrSVDD_0006_E_0004662,-7.1795504732
CtrSVDD_0007_E_0004663,0.6683561956
CtrSVDD_0008_E_0004664,-3.9954670981
CtrSVDD_0009_E_0004665,-4.9735645928
CtrSVDD_0010_E_0004666,-4.9549547187
CtrSVDD_0011_E_0004667,-2.8461676578
CtrSVDD_0012_E_0004668,-4.9918455899
CtrSVDD_0013_E_0004669,-5.4302338272
CtrSVDD_0014_E_0004670,-5.3128786624
CtrSVDD_0015_E_0004671,-5.2648267885
CtrSVDD_0016_E_0004672,-6.8577760400
CtrSVDD_0017_E_0004673,-4.9033981918
CtrSVDD_0018_E_0004674,-3.3095247598
CtrSVDD_0019_E_0004675,-1.9732938896
CtrSVDD_0020_E_0004676,-4.6957159326
CtrSVDD_0021_E_0004677,-1.4688537976
CtrSVDD_0022_E_0004678,-4.5987838344
CtrSVDD_0023_E_0004679,-4.9474755520
CtrSVDD_0024_E_0004680,-3.4708636147
CtrSVDD_0025_E_0004681,-5.8129050068
CtrSVDD_0026_E_0004682,-4.3275166027
CtrSVDD_0027_E_0004683,-5.8278575539
CtrSVDD_0028_E_0004684,-5.1600800703
CtrSVDD_0029_E_0004685,-5.1967742854
CtrSVDD_0030_E_0004686,-4.5928020757
CtrSVDD_0031_E_0004687,-4.1484416586
CtrSVDD_0032_E_0004688,-5.8824580384
CtrSVDD_0033_E_0004689,-3.7634782242
CtrSVDD_0034_E_0004690,-4.7811624892
CtrSVDD_0035_E_0004691,-3.2775761641
CtrSVDD_0036_E_0004692,-5.3627082509
CtrSVDD_0037_E_0004693,-4.0285088162
CtrSVDD_0038_E_0004694,-4.3802808080
CtrSVDD_0039_E_0004695,-4.3516811168
CtrSVDD_0040_E_0004696,-3.2874770000
CtrSVDD_0041_E_0004697,-4.1804861693
CtrSVDD_0042_E_0004698,-4.6886264100
CtrSVDD_0043_E_0004699,-4.2478204612
CtrSVDD_0044_E_0004700,-4.3723743768
CtrSVDD_0045_E_0004701,-5.5364522129
CtrSVDD_0046_E_0004702,1.3097211719
CtrSVDD_0047_E_0004703,-4.4152354705
CtrSVDD_0000_E_0004704,-3.8558025187
CtrSVDD_0001_E_0004705,-5.1533693539
CtrSVDD_0002_E_0004706,-6.2413405595
CtrSVDD_0003_E_0004707,-3.8907897868
CtrSVDD_0004_E_0004708,-4.1194804980
CtrSVDD_0005_E_0004709,-2.8153175393
CtrSVDD_0006_E_0004710,-4.3762556217
CtrSVDD_0007_E_0004711,-5.7588572636
CtrSVDD_0008_E_0004712,-4.7572904480
CtrSVDD_0009_E_0004713,-3.3536461190
CtrSVDD_0010_E_0004714,-4.2105054075
CtrSVDD_0011_E_0004715,-5.9416790987
CtrSVDD_0012_E_0004716,-1.1653889030
CtrSVDD_0013_E_0004717,-4.3820519152
CtrSVDD_0014_E_0004718,1.7784204807
CtrSVDD_0015_E_0004719,-5.7245333651
CtrSVDD_0016_E_0004720,-5.8416133413
CtrSVDD_0017_E_0004721,-6.3986320941
CtrSVDD_0018_E_0004722,-4.1096707520
CtrSVDD_0019_E_0004723,-4.8718720047
CtrSVDD_0020_E_0004724,-4.8913408885
CtrSVDD_0021_E_0004725,0.1452840503
CtrSVDD_0022_E_0004726,-5.3727468132
CtrSVDD_0023_E_0004727,-4.4501888731
CtrSVDD_0024_E_0004728,1.7921891094
CtrSVDD_0025_E_0004729,-4.6545080099
CtrSVDD_0026_E_0004730,-5.7641411839
CtrSVDD_0027_E_0004731,-4.5195607740
CtrSVDD_0028_E_0004732,-4.9951755677
CtrSVDD_0029_E_0004733,-3.5941446357
CtrSVDD_0030_E_0004734,0.8255838870
CtrSVDD_0031_E_0004735,0.1878369565
CtrSVDD_0032_E_0004736,-3.9706320260
CtrSVDD_0033_E_0004737,0.3032245382
CtrSVDD_0034_E_0004738,-3.6078788327
CtrSVDD_0035_E_0004739,-3.0827776416
CtrSVDD_0036_E_0004740,-5.4797172480
CtrSVDD_0037_E_0004741,-4.9021911902
CtrSVDD_0038_E_0004742,0.5783052720
CtrSVDD_0039_E_0004743,-4.8810300890
CtrSVDD_0040_E_0004744,-3.0061681098
CtrSVDD_0041_E_0004745,-1.1962863813
CtrSVDD_0042_E_0004746,-4.9692066971
CtrSVDD_0043_E_0004747,-4.2876785823
CtrSVDD_0044_E_0004748,-4.7811781908
CtrSVDD_0045_E_0004749,-5.9862603863
CtrSVDD_0046_E_0004750,-2.9164230491
CtrSVDD_0047_E_0004751,-6.2321111648
CtrSVDD_0000_E_0004752,-3.0365055484
CtrSVDD_0001_E_0004753,-4.0149267285
CtrSVDD_0002_E_0004754,-0.6966064677
CtrSVDD_0003_E_0004755,-5.0082363935
CtrSVDD_0004_E_0004756,-0.4769881839
CtrSVDD_0005_E_0004757,-0.1297510487
CtrSVDD_0006_E_0004758,-5.5461464857
CtrSVDD_0007_E_0004759,-7.2387959487
CtrSVDD_0008_E_0004760,-5.8551936464
CtrSVDD_0009_E_0004761,-3.7843380996
CtrSVDD_0010_E_0004762,-4.6120245547
CtrSVDD_0011_E_0004763,-0.1353955945
CtrSVDD_0012_E_0004764,-5.5314674635
CtrSVDD_0013_E_0004765,-5.7902219230
CtrSVDD_0014_E_0004766,-6.8031706797
CtrSVDD_0015_E_0004767,-6.5775890918
CtrSVDD_0016_E_0004768,-0.2078072593
CtrSVDD_0017_E_0004769,-5.1179291430
CtrSVDD_0018_E_0004770,-5.6539665068
CtrSVDD_0019_E_0004771,-5.3858318092
CtrSVDD_0020_E_0004772,-2.9012853767
CtrSVDD_0021_E_0004773,-1.3679843837
CtrSVDD_0022_E_0004774,-3.1727153036
CtrSVDD_0023_E_0004775,-4.5979681423
CtrSVDD_0024_E_0004776,-1.5643068011
CtrSVDD_0025_E_0004777,-4.0388499858
CtrSVDD_0026_E_0004778,-6.2911347163
CtrSVDD_0027_E_0004779,-4.6566449885
CtrSVDD_0028_E_0004780,0.7196775615
CtrSVDD_0029_E_0004781,-3.0130328299
CtrSVDD_0030_E_0004782,-4.2653164266
CtrSVDD_0031_E_0004783,-2.8041590887
CtrSVDD_0032_E_0004784,-4.7294534858
CtrSVDD_0033_E_0004785,-5.3199761739
CtrSVDD_0034_E_0004786,-3.6216192096
CtrSVDD_0035_E_0004787,-3.0739711250
CtrSVDD_0036_E_0004788,-3.5444953860
CtrSVDD_0037_E_0004789,-4.4717654155
CtrSVDD_0038_E_0004790,-2.7483048538
CtrSVDD_0039_E_0004791,-4.5402896174
CtrSVDD_0040_E_0004792,0.6320660016
CtrSVDD_0041_E_0004793,-3.7183283902
CtrSVDD_0042_E_0004794,-5.5089676393
CtrSVDD_0043_E_0004795,-4.5385109342
CtrSVDD_0044_E_0004796,-4.0448194411
CtrSVDD_0045_E_0004797,-5.2150396800
CtrSVDD_0046_E_0004798,-3.2682695707
CtrSVDD_0047_E_0004799,-4.9463874943
CtrSVDD_0000_E_0004800,-4.8772493392
CtrSVDD_0001_E_0004801,1.1962863813
CtrSVDD_0002_E_0004802,-7.0687450580
CtrSVDD_0003_E_0004803,-3.7140095899
CtrSVDD_0004_E_0004804,-4.7612949673
CtrSVDD_0005_E_0004805,-3.7134058278
CtrSVDD_0006_E_0004806,-4.3378824474
CtrSVDD_0007_E_0004807,2.0694437537
CtrSVDD_0008_E_0004808,-3.2158213053
CtrSVDD_0009_E_0004809,-3.2497283096
CtrSVDD_0010_E_0004810,-1.6280394178
CtrSVDD_0011_E_0004811,-5.6648331175
CtrSVDD_0012_E_0004812,-6.4989975043
CtrSVDD_0013_E_0004813,-2.3184426517
CtrSVDD_0014_E_0004814,-2.7839741832
CtrSVDD_0015_E_0004815,-3.7009836423
CtrSVDD_0016_E_0004816,0.5261667968
CtrSVDD_0017_E_0004817,-4.4762750011
CtrSVDD_0018_E_0004818,0.5287151630
CtrSVDD_0019_E_0004819,-3.0553793369
CtrSVDD_0020_E_0004820,-3.2524690918
CtrSVDD_0021_E_0004821,-5.9190771429
CtrSVDD_0022_E_0004822,-4.9877137908
CtrSVDD_0023_E_0004823,-7.3133433273
CtrSVDD_0024_E_0004824,-3.3635832923
CtrSVDD_0025_E_0004825,-0.4181151277
CtrSVDD_0026_E_0004826,-6.2695162309
CtrSVDD_0027_E_0004827,-5.0997472328
CtrSVDD_0028_E_0004828,-4.3392688796
CtrSVDD_0029_E_0004829,0.6879377687
CtrSVDD_0030_E_0004830,-6.9857889037
CtrSVDD_0031_E_0004831,-4.4071237378
CtrSVDD_0032_E_0004832,-3.9595293162
CtrSVDD_0033_E_0004833,-6.2198662515
CtrSVDD_0034_E_0004834,-7.1067310044
CtrSVDD_0035_E_0004835,-4.6170559761
CtrSVDD_0036_E_0004836,-1.0480220893
CtrSVDD_0037_E_0004837,0.3151104336
CtrSVDD_0038_E_0004838,-3.2134755059
CtrSVDD_0039_E_0004839,-3.5631894604
CtrSVDD_0040_E_0004840,-4.5813326609
CtrSVDD_0041_E_0004841,-5.6178976761
CtrSVDD_0042_E_0004842,-1.2283701829
CtrSVDD_0043_E_0004843,-3.9848809747
CtrSVDD_0044_E_0004844,-4.3808717498
CtrSVDD_0045_E_0004845,-3.7399867703
CtrSVDD_0046_E_0004846,-0.7907762051
CtrSVDD_0047_E_0004847,-2.6234785038
CtrSVDD_0000_E_0004848,-4.3462619893
CtrSVDD_0001_E_0004849,-5.8502645137
CtrSVDD_0002_E_0004850,-4.7513794001
CtrSVDD_0003_E_0004851,-4.7023435522
CtrSVDD_0004_E_0004852,-3.2939060487
CtrSVDD_0005_E_0004853,-3.2046001117
CtrSVDD_0006_E_0004854,-3.6852737566
CtrSVDD_0007_E_0004855,0.7437441897
CtrSVDD_0008_E_0004856,-4.4700808267
CtrSVDD_0009_E_0004857,-4.6828406172
CtrSVDD_0010_E_0004858,-4.7340806350
CtrSVDD_0011_E_0004859,-7.6201188644
CtrSVDD_0012_E_0004860,-2.0363095035
CtrSVDD_0013_E_0004861,-5.0112940974
CtrSVDD_0014_E_0004862,-6.8820383593
CtrSVDD_0015_E_0004863,-3.9006523518
CtrSVDD_0016_E_0004864,-3.5957565307
CtrSVDD_0017_E_0004865,-2.4096964204
CtrSVDD_0018_E_0004866,0.9066820700
CtrSVDD_0019_E_0004867,-4.4463387281
CtrSVDD_0020_E_0004868,-5.2196822286
CtrSVDD_0021_E_0004869,1.1877471651
CtrSVDD_0022_E_0004870,-3.7316395916
CtrSVDD_0023_E_0004871,-1.8920811731
CtrSVDD_0024_E_0004872,-3.3746513610
CtrSVDD_0025_E_0004873,-4.6935452815
CtrSVDD_0026_E_0004874,-3.1102739598
CtrSVDD_0027_E_0004875,0.2973713219
CtrSVDD_0028_E_0004876,-6.3455551664
CtrSVDD_0029_E_0004877,-3.4812046805
CtrSVDD_0030_E_0004878,-2.9780377366
CtrSVDD_0031_E_0004879,-3.5444705524
CtrSVDD_0032_E_0004880,-5.4941556872
CtrSVDD_0033_E_0004881,-1.3031536179
CtrSVDD_0034_E_0004882,1.1626348657
CtrSVDD_0035_E_0004883,-5.8764516332
CtrSVDD_0036_E_0004884,-5.6793585602
CtrSVDD_0037_E_0004885,-4.2375058172
CtrSVDD_0038_E_0004886,-5.3138971398
CtrSVDD_0039_E_0004887,-2.9952926270
CtrSVDD_0040_E_0004888,-4.7955951992
CtrSVDD_0041_E_0004889,-2.8659509611
CtrSVDD_0042_E_0004890,-4.5823988191
CtrSVDD_0043_E_0004891,-1.1737045358
CtrSVDD_0044_E_0004892,-4.2751836069
CtrSVDD_0045_E_0004893,-4.2493370811
CtrSVDD_0046_E_0004894,-4.5293681716
CtrSVDD_0047_E_0004895,-5.7724856607
CtrSVDD_0000_E_0004896,-3.0629815968
CtrSVDD_0001_E_0004897,-6.0667777150
CtrSVDD_0002_E_0004898,-7.3669361192
CtrSVDD_0003_E_0004899,-1.4510591404
CtrSVDD_0004_E_0004900,-5.2156204556
CtrSVDD_0005_E_0004901,-0.2769636266
CtrSVDD_0006_E_0004902,-5.9782298975
CtrSVDD_0007_E_0004903,-3.4089605125
CtrSVDD_0008_E_0004904,-3.3002524038
CtrSVDD_0009_E_0004905,-2.6579715109
CtrSVDD_0010_E_0004906,-5.1113762796
CtrSVDD_0011_E_0004907,-4.3588782386
CtrSVDD_0012_E_0004908,-7.7263050021
CtrSVDD_0013_E_0004909,-4.9021058401
CtrSVDD_0014_E_0004910,-6.6359998433
CtrSVDD_0015_E_0004911,1.0228863013
CtrSVDD_0016_E_0004912,-4.3117016531
CtrSVDD_0017_E_0004913,2.1610436950
CtrSVDD_0018_E_0004914,-3.7014860833
CtrSVDD_0019_E_0004915,-5.6541389095
CtrSVDD_0020_E_0004916,-7.0893786832
CtrSVDD_0021_E_0004917,-3.7639346844
CtrSVDD_0022_E_0004918,-5.3083037342
CtrSVDD_0023_E_0004919,-5.6078963626
CtrSVDD_0024_E_0004920,-6.3225069941
CtrSVDD_0025_E_0004921,-7.6138910857
CtrSVDD_0026_E_0004922,-4.1344460423
CtrSVDD_0027_E_0004923,-4.6461958195
CtrSVDD_0028_E_0004924,-1.3297709502
CtrSVDD_0029_E_0004925,0.3370899316
CtrSVDD_0030_E_0004926,-6.3537062066
CtrSVDD_0031_E_0004927,-5.3644432982
CtrSVDD_0032_E_0004928,-3.1935173043
CtrSVDD_0033_E_0004929,-3.3904609381
CtrSVDD_0034_E_0004930,-3.3023073961
CtrSVDD_0035_E_0004931,-4.5671700626
CtrSVDD_0036_E_0004932,-4.7866069732
CtrSVDD_0037_E_0004933,-6.3112058464
CtrSVDD_0038_E_0004934,-0.1194082724
CtrSVDD_0039_E_0004935,0.2422405838
CtrSVDD_0040_E_0004936,-5.1259131149
CtrSVDD_0041_E_0004937,-4.9324764354
CtrSVDD_0042_E_0004938,-4.6247049789
CtrSVDD_0043_E_0004939,-5.3026933388
CtrSVDD_0044_E_0004940,-5.7479379039
CtrSVDD_0045_E_0004941,-4.2529897505
CtrSVDD_0046_E_0004942,-6.4985520515
CtrSVDD_0047_E_0004943,-4.9167973995
CtrSVDD_0000_E_0004944,-5.0876197995
CtrSVDD_0001_E_0004945,-7.0116863519
CtrSVDD_0002_E_0004946,-0.1566026223
CtrSVDD_0003_E_0004947,-2.1908890624
CtrSVDD_0004_E_0004948,-6.5652704184
CtrSVDD_0005_E_0004949,-6.0306072544
CtrSVDD_0006_E_0004950,-4.5197350475
CtrSVDD_0007_E_0004951,-5.0927714365
CtrSVDD_0008_E_0004952,-6.1821047116
CtrSVDD_0009_E_0004953,-5.9458554164
CtrSVDD_0010_E_0004954,-6.9714455932
CtrSVDD_0011_E_0004955,-6.6687558466
CtrSVDD_0012_E_0004956,-3.7533883826
CtrSVDD_0013_E_0004957,-4.3950133487
CtrSVDD_0014_E_0004958,-4.8787655227
CtrSVDD_0015_E_0004959,-5.2367880096
CtrSVDD_0016_E_0004960,-3.4854608360
CtrSVDD_0017_E_0004961,-3.0449296418
CtrSVDD_0018_E_0004962,-4.6439575004
CtrSVDD_0019_E_0004963,-4.2588642723
CtrSVDD_0020_E_0004964,-5.9242750245
CtrSVDD_0021_E_0004965,-1.5187230004
CtrSVDD_0022_E_0004966,-2.9416781239
CtrSVDD_0023_E_0004967,-5.6659532872
CtrSVDD_0024_E_0004968,-3.5051256297
CtrSVDD_0025_E_0004969,-5.9809159514
CtrSVDD_0026_E_0004970,-4.9867706422
CtrSVDD_0027_E_0004971,1.1991522510
CtrSVDD_0028_E_0004972,-6.3719530100
CtrSVDD_0029_E_0004973,-3.6807888807
CtrSVDD_0030_E_0004974,-5.3932950596
CtrSVDD_0031_E_0004975,-6.3212213951
CtrSVDD_0032_E_0004976,-4.1113113136
CtrSVDD_0033_E_0004977,-5.9776406567
CtrSVDD_0034_E_0004978,-5.8450687658
CtrSVDD_0035_E_0004979,-6.8268536258
CtrSVDD_0036_E_0004980,-2.8878791879
CtrSVDD_0037_E_0004981,-1.5096279205
CtrSVDD_0038_E_0004982,-7.1684709961
CtrSVDD_0039_E_0004983,2.8055985918
CtrSVDD_0040_E_0004984,-4.7791466924
CtrSVDD_0041_E_0004985,-4.3678298976
CtrSVDD_0042_E_0004986,1.1934303035
CtrSVDD_0043_E_0004987,0.8527282741
CtrSVDD_0044_E_0004988,-1.8433873178
CtrSVDD_0045_E_0004989,-5.7311947175
CtrSVDD_0046_E_0004990,-0.3713465049
CtrSVDD_0047_E_0004991,-4.7086449028
CtrSVDD_0000_E_0004992,-5.7992122596
CtrSVDD_0001_E_0004993,0.0777108845
CtrSVDD_0002_E_0004994,-3.8559798274
CtrSVDD_0003_E_0004995,-5.7298363685
CtrSVDD_0004_E_0004996,-3.2254241740
CtrSVDD_0005_E_0004997,-4.3155297921
CtrSVDD_0006_E_0004998,-4.8430166713
CtrSVDD_0007_E_0004999,-4.1367719126
CtrSVDD_0008_E_0005000,-5.4819277050
CtrSVDD_0009_E_0005001,-2.3210701128
CtrSVDD_0010_E_0005002,-4.3121349198
CtrSVDD_0011_E_0005003,-3.4442412377
CtrSVDD_0012_E_0005004,-4.4582576677
CtrSVDD_0013_E_0005005,-3.4779971065
CtrSVDD_0014_E_0005006,0.7455899122
CtrSVDD_0015_E_0005007,-4.1603558270
CtrSVDD_0016_E_0005008,-3.3691676213
CtrSVDD_0017_E_0005009,-4.7882392072
CtrSVDD_0018_E_0005010,-4.5924520605
CtrSVDD_0019_E_0005011,-3.4922096352
CtrSVDD_0020_E_0005012,-4.4986728950
CtrSVDD_0021_E_0005013,-4.1470781050
CtrSVDD_0022_E_0005014,-5.1990554398
CtrSVDD_0023_E_0005015,1.3196797484
CtrSVDD_0024_E_0005016,1.1653889030
CtrSVDD_0025_E_0005017,-5.2046385387
CtrSVDD_0026_E_0005018,-6.0715338633
CtrSVDD_0027_E_0005019,-3.0263368409
CtrSVDD_0028_E_0005020,-5.3581548471
CtrSVDD_0029_E_0005021,-4.1000971016
CtrSVDD_0030_E_0005022,-1.4504427183
CtrSVDD_0031_E_0005023,-6.5261853304
CtrSVDD_0032_E_0005024,-1.2235967810
CtrSVDD_0033_E_0005025,-4.0394541487
CtrSVDD_0034_E_0005026,-5.9805294855
CtrSVDD_0035_E_0005027,0.6736119784
CtrSVDD_0036_E_0005028,-5.1375541929
CtrSVDD_0037_E_0005029,-2.0485899897
CtrSVDD_0038_E_0005030,-3.8741206989
CtrSVDD_0039_E_0005031,-5.0051260429
CtrSVDD_0040_E_0005032,-4.7361112647
CtrSVDD_0041_E_0005033,-4.1275945519
CtrSVDD_0042_E_0005034,-4.6047076026
CtrSVDD_0043_E_0005035,-4.8183472379
CtrSVDD_0044_E_0005036,-4.0572522792
CtrSVDD_0045_E_0005037,-1.6787952007
CtrSVDD_0046_E_0005038,2.3802881009
CtrSVDD_0047_E_0005039,-3.0572887870
CtrSVDD_0000_E_0005040,-5.4215762665
CtrSVDD_0001_E_0005041,-1.5365049924
CtrSVDD_0002_E_0005042,-3.3398560003
CtrSVDD_0003_E_0005043,0.4695769233
CtrSVDD_0004_E_0005044,-3.7412998743
CtrSVDD_0005_E_0005045,-0.8041385478
CtrSVDD_0006_E_0005046,-3.2391098604
CtrSVDD_0007_E_0005047,-4.4434056289
CtrSVDD_0008_E_0005048,-7.1082271934
CtrSVDD_0009_E_0005049,-4.9096624897
CtrSVDD_0010_E_0005050,-4.8356523777
CtrSVDD_0011_E_0005051,-5.0924982189
CtrSVDD_0012_E_0005052,-5.0402898515
CtrSVDD_0013_E_0005053,-4.4177320332
CtrSVDD_0014_E_0005054,-4.4598493174
CtrSVDD_0015_E_0005055,-4.9439402156
CtrSVDD_0016_E_0005056,-6.2327365193
CtrSVDD_0017_E_0005057,-4.5972023783
CtrSVDD_0018_E_0005058,-4.3776709431
CtrSVDD_0019_E_0005059,-5.9301683089
CtrSVDD_0020_E_0005060,-2.9756512439
CtrSVDD_0021_E_0005061,-2.7701482950
CtrSVDD_0022_E_0005062,-5.8006320770
CtrSVDD_0023_E_0005063,-3.6454882441
CtrSVDD_0024_E_0005064,-3.4252500835
CtrSVDD_0025_E_0005065,-5.1139877273
CtrSVDD_0026_E_0005066,-1.2194953228
CtrSVDD_0027_E_0005067,-6.8157443770
CtrSVDD_0028_E_0005068,-6.1301208667
CtrSVDD_0029_E_0005069,0.6100137811
CtrSVDD_0030_E_0005070,-1.1573750352
CtrSVDD_0031_E_0005071,-3.4259022710
CtrSVDD_0032_E_0005072,-3.7772389462
CtrSVDD_0033_E_0005073,-0.5277739351
CtrSVDD_0034_E_0005074,-4.0121614411
CtrSVDD_0035_E_0005075,-5.0460377901
CtrSVDD_0036_E_0005076,-6.1834941257
CtrSVDD_0037_E_0005077,-6.0876546547
CtrSVDD_0038_E_0005078,-1.2837805526
CtrSVDD_0039_E_0005079,-3.1438388327
CtrSVDD_0040_E_0005080,-0.3863752869
CtrSVDD_0041_E_0005081,0.4785560875
CtrSVDD_0042_E_0005082,-1.3592581104
CtrSVDD_0043_E_0005083,-5.5721746875
CtrSVDD_0044_E_0005084,-4.5080434685
CtrSVDD_0045_E_0005085,-5.7721313671
CtrSVDD_0046_E_0005086,-6.7317380848
CtrSVDD_0047_E_0005087,-3.9807812683
CtrSVDD_0000_E_0005088,-2.0255373679
CtrSVDD_0001_E_0005089,-5.5726554597
CtrSVDD_0002_E_0005090,-0.2900690762
CtrSVDD_0003_E_0005091,-3.4828068336
CtrSVDD_0004_E_0005092,-3.7286266240
CtrSVDD_0005_E_0005093,-4.5225437552
CtrSVDD_0006_E_0005094,-5.8077515241
CtrSVDD_0007_E_0005095,-5.5854187486
CtrSVDD_0008_E_0005096,-5.4333225325
CtrSVDD_0009_E_0005097,-3.8019394241
CtrSVDD_0010_E_0005098,-5.1046435071
CtrSVDD_0011_E_0005099,-5.2091689190
CtrSVDD_0012_E_0005100,-5.3414511456
CtrSVDD_0013_E_0005101,-6.2360080598
CtrSVDD_0014_E_0005102,-4.6627958121
CtrSVDD_0015_E_0005103,-4.6421438605
CtrSVDD_0016_E_0005104,-6.0935404838
CtrSVDD_0017_E_0005105,-1.4008052395
CtrSVDD_0018_E_0005106,-5.2326214796
CtrSVDD_0019_E_0005107,-2.8889741879
CtrSVDD_0020_E_0005108,-4.1227715617
CtrSVDD_0021_E_0005109,-4.4144653129
CtrSVDD_0022_E_0005110,-3.9065241479
CtrSVDD_0023_E_0005111,-4.4291925115
CtrSVDD_0024_E_0005112,-2.2944721524
CtrSVDD_0025_E_0005113,-4.1211076800
CtrSVDD_0026_E_0005114,-5.5837635671
CtrSVDD_0027_E_0005115,-6.0129448323
CtrSVDD_0028_E_0005116,1.0134905810
CtrSVDD_0029_E_0005117,-4.3106009413
CtrSVDD_0030_E_0005118,-3.3370333722
CtrSVDD_0031_E_0005119,-3.7067240679
CtrSVDD_0032_E_0005120,-6.4706663935
CtrSVDD_0033_E_0005121,-5.1002169427
CtrSVDD_0034_E_0005122,-5.8664792543
CtrSVDD_0035_E_0005123,-4.0514645532
CtrSVDD_0036_E_0005124,-5.4878801052
CtrSVDD_0037_E_0005125,1.1194524894
CtrSVDD_0038_E_0005126,-3.2477807806
CtrSVDD_0039_E_0005127,-4.8085545942
CtrSVDD_0040_E_0005128,-5.7299043417
CtrSVDD_0041_E_0005129,-0.6578995520
CtrSVDD_0042_E_0005130,-6.2296363341
CtrSVDD_0043_E_0005131,-4.8722039753
CtrSVDD_0044_E_0005132,-3.5973688746
CtrSVDD_0045_E_0005133,0.3668543308
CtrSVDD_0046_E_0005134,-3.4220286480
CtrSVDD_0047_E_0005135,-4.5997674303
CtrSVDD_0000_E_0005136,-5.1445341972
CtrSVDD_0001_E_0005137,-4.2201476576
CtrSVDD_0002_E_0005138,3.1180259155
CtrSVDD_0003_E_0005139,-5.3737278904
CtrSVDD_0004_E_0005140,-4.7767424122
CtrSVDD_0005_E_0005141,-6.1501342754
CtrSVDD_0006_E_0005142,-3.2361182735
CtrSVDD_0007_E_0005143,-5.6698060656
CtrSVDD_0008_E_0005144,-5.8719642241
CtrSVDD_0009_E_0005145,-3.3224417441
CtrSVDD_0010_E_0005146,-3.9822313288
CtrSVDD_0011_E_0005147,-3.9314897353
CtrSVDD_0012_E_0005148,-4.9063160643
CtrSVDD_0013_E_0005149,-4.8825539797
CtrSVDD_0014_E_0005150,-4.9940595893
CtrSVDD_0015_E_0005151,-4.6252755653
CtrSVDD_0016_E_0005152,-3.7685359658
CtrSVDD_0017_E_0005153,-3.9158274238
CtrSVDD_0018_E_0005154,0.8414219247
CtrSVDD_0019_E_0005155,-6.5085127737
CtrSVDD_0020_E_0005156,-6.2861735284
CtrSVDD_0021_E_0005157,-4.5649949520
CtrSVDD_0022_E_0005158,-2.4212673463
CtrSVDD_0023_E_0005159,-5.2587744785
CtrSVDD_0024_E_0005160,-4.3708289139
CtrSVDD_0025_E_0005161,-0.3267438821
CtrSVDD_0026_E_0005162,-0.6049670462
CtrSVDD_0027_E_0005163,0.8152668941
CtrSVDD_0028_E_0005164,-3.5684387592
CtrSVDD_0029_E_0005165,-6.8390386497
CtrSVDD_0030_E_0005166,-0.0006993941
CtrSVDD_0031_E_0005167,0.4197539913
CtrSVDD_0032_E_0005168,-5.1548258668
CtrSVDD_0033_E_0005169,-4.1797024265
CtrSVDD_0034_E_0005170,-2.0146223553
CtrSVDD_0035_E_0005171,-0.8392748757
CtrSVDD_0036_E_0005172,-5.3795224430
CtrSVDD_0037_E_0005173,1.1311313252
CtrSVDD_0038_E_0005174,-5.1300896063
CtrSVDD_0039_E_0005175,-6.1167851341
CtrSVDD_0040_E_0005176,-5.9411259436
CtrSVDD_0041_E_0005177,0.2981000670
CtrSVDD_0042_E_0005178,-3.4205044823
CtrSVDD_0043_E_0005179,-2.7281965178
CtrSVDD_0044_E_0005180,-4.2683166239
CtrSVDD_0045_E_0005181,0.2480063880
CtrSVDD_0046_E_0005182,-4.0214109442
CtrSVDD_0047_E_0005183,-5.5953781172
CtrSVDD_0000_E_0005184,-5.6580436970
CtrSVDD_0001_E_0005185,-5.8014496737
CtrSVDD_0002_E_0005186,-4.4506989756
CtrSVDD_0003_E_0005187,-1.4881218960
CtrSVDD_0004_E_0005188,-5.8394949825
CtrSVDD_0005_E_0005189,-3.0922947888
CtrSVDD_0006_E_0005190,-2.8634855423
CtrSVDD_0007_E_0005191,1.2283701829
CtrSVDD_0008_E_0005192,0.7249705504
CtrSVDD_0009_E_0005193,-1.1276053953
CtrSVDD_0010_E_0005194,-4.7240075605
CtrSVDD_0011_E_0005195,-5.4504801511
CtrSVDD_0012_E_0005196,-3.8316803594
CtrSVDD_0013_E_0005197,-4.8570504813
CtrSVDD_0014_E_0005198,-4.4280141572
CtrSVDD_0015_E_0005199,-4.9473978234
CtrSVDD_0016_E_0005200,-4.4918680259
CtrSVDD_0017_E_0005201,-1.0050467000
CtrSVDD_0018_E_0005202,0.4911421764
CtrSVDD_0019_E_0005203,-3.2257453135
CtrSVDD_0020_E_0005204,-4.6813058889
CtrSVDD_0021_E_0005205,-0.3474721907
CtrSVDD_0022_E_0005206,-3.1123427807
CtrSVDD_0023_E_0005207,-6.3339550196
CtrSVDD_0024_E_0005208,-4.8783695765
CtrSVDD_0025_E_0005209,-5.1766987406
CtrSVDD_0026_E_0005210,-0.6759748282
CtrSVDD_0027_E_0005211,-6.2579691734
CtrSVDD_0028_E_0005212,-3.9394954849
CtrSVDD_0029_E_0005213,-1.6730978450
CtrSVDD_0030_E_0005214,-5.1945012026
CtrSVDD_0031_E_0005215,-4.5262558118
CtrSVDD_0032_E_0005216,-2.4648921190
CtrSVDD_0033_E_0005217,-2.8830460301
CtrSVDD_0034_E_0005218,-5.9242067597
CtrSVDD_0035_E_0005219,-4.3056469754
CtrSVDD_0036_E_0005220,-2.7157649187
CtrSVDD_0037_E_0005221,-4.0647222542
CtrSVDD_0038_E_0005222,-2.1113605608
CtrSVDD_0039_E_0005223,-5.2663065064
CtrSVDD_0040_E_0005224,-5.3401958628
CtrSVDD_0041_E_0005225,0.2988336633
CtrSVDD_0042_E_0005226,-4.7597044421
CtrSVDD_0043_E_0005227,-4.7419219180
CtrSVDD_0044_E_0005228,-4.4941272688
CtrSVDD_0045_E_0005229,-4.4073794015
CtrSVDD_0046_E_0005230,-5.3947652552
CtrSVDD_0047_E_0005231,-6.4460993242
CtrSVDD_0000_E_0005232,-5.2683552986
CtrSVDD_0001_E_0005233,-4.1610982095
CtrSVDD_0002_E_0005234,-4.8241242305
CtrSVDD_0003_E_0005235,-3.0027933831
CtrSVDD_0004_E_0005236,0.9558069603
CtrSVDD_0005_E_0005237,-3.0440981032
CtrSVDD_0006_E_0005238,2.6527627355
CtrSVDD_0007_E_0005239,-6.0373013771
CtrSVDD_0008_E_0005240,-3.5228455265
CtrSVDD_0009_E_0005241,-4.2995517856
CtrSVDD_0010_E_0005242,-3.1205091009
CtrSVDD_0011_E_0005243,-6.9627514877
CtrSVDD_0012_E_0005244,-4.9893681437
CtrSVDD_0013_E_0005245,-7.2779487611
CtrSVDD_0014_E_0005246,-4.4400048180
CtrSVDD_0015_E_0005247,-4.9773156845
CtrSVDD_0016_E_0005248,-3.8356836937
CtrSVDD_0017_E_0005249,-0.7773675288
CtrSVDD_0018_E_0005250,-6.5498841891
CtrSVDD_0019_E_0005251,-0.7585819416
CtrSVDD_0020_E_0005252,-1.5649705274
CtrSVDD_0021_E_0005253,-1.0111555966
CtrSVDD_0022_E_0005254,-5.4965700602
CtrSVDD_0023_E_0005255,-4.2120197047
CtrSVDD_0024_E_0005256,0.4660453558
CtrSVDD_0025_E_0005257,-5.5490695835
CtrSVDD_0026_E_0005258,-5.5343004329
CtrSVDD_0027_E_0005259,-4.7959962789
CtrSVDD_0028_E_0005260,-4.2093349075
CtrSVDD_0029_E_0005261,0.7073440802
CtrSVDD_0030_E_0005262,-4.9444872165
CtrSVDD_0031_E_0005263,-4.4240902367
CtrSVDD_0032_E_0005264,-4.8457808147
CtrSVDD_0033_E_0005265,-4.7342996066
CtrSVDD_0034_E_0005266,-2.6518027501
CtrSVDD_0035_E_0005267,0.3208475899
CtrSVDD_0036_E_0005268,-5.9292335245
CtrSVDD_0037_E_0005269,-5.9121075391
CtrSVDD_0038_E_0005270,-5.9066845655
CtrSVDD_0039_E_0005271,-7.6584147989
CtrSVDD_0040_E_0005272,-3.8911317587
CtrSVDD_0041_E_0005273,-4.8855996896
CtrSVDD_0042_E_0005274,-6.2956215642
CtrSVDD_0043_E_0005275,-4.7017728376
CtrSVDD_0044_E_0005276,-5.3787144186
CtrSVDD_0045_E_0005277,-0.4274043749
CtrSVDD_0046_E_0005278,-2.8510684961
CtrSVDD_0047_E_0005279,1.5787329597
CtrSVDD_0000_E_0005280,-3.0065503923
CtrSVDD_0001_E_0005281,0.5999356728
CtrSVDD_0002_E_0005282,-3.9923833148
CtrSVDD_0003_E_0005283,-5.6350872354
CtrSVDD_0004_E_0005284,0.1934623919
CtrSVDD_0005_E_0005285,-1.5787226692
CtrSVDD_0006_E_0005286,-5.7146695884
CtrSVDD_0007_E_0005287,1.7021477290
CtrSVDD_0008_E_0005288,-2.8308787280
CtrSVDD_0009_E_0005289,-3.4041126313
CtrSVDD_0010_E_0005290,-6.1873109442
CtrSVDD_0011_E_0005291,-2.6181370318
CtrSVDD_0012_E_0005292,-3.3762323795
CtrSVDD_0013_E_0005293,-5.7359801391
CtrSVDD_0014_E_0005294,2.1908890624
CtrSVDD_0015_E_0005295,-2.5568594003
CtrSVDD_0016_E_0005296,-3.5925332222
CtrSVDD_0017_E_0005297,-3.7445537079
CtrSVDD_0018_E_0005298,1.1606040904
CtrSVDD_0019_E_0005299,-3.7336029996
CtrSVDD_0020_E_0005300,-4.6032605835
CtrSVDD_0021_E_0005301,-3.3926658573
CtrSVDD_0022_E_0005302,-6.4835809353
CtrSVDD_0023_E_0005303,-5.5108367908
CtrSVDD_0024_E_0005304,-3.7126545886
CtrSVDD_0025_E_0005305,0.7302647993
CtrSVDD_0026_E_0005306,-5.6935703351
CtrSVDD_0027_E_0005307,-5.0850837613
CtrSVDD_0028_E_0005308,-4.8929155406
CtrSVDD_0029_E_0005309,-0.9197548299
CtrSVDD_0030_E_0005310,-0.8931479767
CtrSVDD_0031_E_0005311,-4.6118110808
CtrSVDD_0032_E_0005312,-5.5602102943
CtrSVDD_0033_E_0005313,-4.9150997173
CtrSVDD_0034_E_0005314,-2.7997433783
CtrSVDD_0035_E_0005315,-4.9384544585
CtrSVDD_0036_E_0005316,-5.2771077889
CtrSVDD_0037_E_0005317,0.1058055829
CtrSVDD_0038_E_0005318,-6.7974180379
CtrSVDD_0039_E_0005319,-5.2742765456
CtrSVDD_0040_E_0005320,-5.3470492957
CtrSVDD_0041_E_0005321,-2.3571626578
CtrSVDD_0042_E_0005322,-4.3517498516
CtrSVDD_0043_E_0005323,0.4895646950
CtrSVDD_0044_E_0005324,-7.2878496997
CtrSVDD_0045_E_0005325,-0.0510779670
CtrSVDD_0046_E_0005326,-3.1853153673
CtrSVDD_0047_E_0005327,-2.1620591156
CtrSVDD_0000_E_0005328,1.5052708191
CtrSVDD_0001_E_0005329,-4.8523165406
CtrSVDD_0002_E_0005330,-6.7347347675
CtrSVDD_0003_E_0005331,0.7345532687
CtrSVDD_0004_E_0005332,-3.4934029839
CtrSVDD_0005_E_0005333,-5.5062295747
CtrSVDD_0006_E_0005334,-3.4640921545
CtrSVDD_0007_E_0005335,-2.9106590872
CtrSVDD_0008_E_0005336,-3.3102375170
CtrSVDD_0009_E_0005337,-0.8986077914
CtrSVDD_0010_E_0005338,-4.0599696030
CtrSVDD_0011_E_0005339,-0.0875359191
CtrSVDD_0012_E_0005340,0.8986077914
CtrSVDD_0013_E_0005341,-4.3599214039
CtrSVDD_0014_E_0005342,-2.8006317874
CtrSVDD_0015_E_0005343,-4.9065756745
CtrSVDD_0016_E_0005344,-3.2899872035
CtrSVDD_0017_E_0005345,-4.1416133012
CtrSVDD_0018_E_0005346,-4.9319375548
CtrSVDD_0019_E_0005347,-5.4917436183
CtrSVDD_0020_E_0005348,-5.9744290794
CtrSVDD_0021_E_0005349,-5.1484195401
CtrSVDD_0022_E_0005350,-6.1080794392
CtrSVDD_0023_E_0005351,-6.4074660708
CtrSVDD_0024_E_0005352,-5.6303883987
CtrSVDD_0025_E_0005353,-6.4256246184
CtrSVDD_0026_E_0005354,-3.5427966077
CtrSVDD_0027_E_0005355,-4.8596745119
CtrSVDD_0028_E_0005356,-5.0760471188
CtrSVDD_0029_E_0005357,-5.6437659636
CtrSVDD_0030_E_0005358,-4.9326213538
CtrSVDD_0031_E_0005359,1.4797091119
CtrSVDD_0032_E_0005360,-0.5424936678
CtrSVDD_0033_E_0005361,-1.6035332955
CtrSVDD_0034_E_0005362,-4.3295379706
CtrSVDD_0035_E_0005363,-2.6028775467
CtrSVDD_0036_E_0005364,0.3655359218
CtrSVDD_0037_E_0005365,-2.0643722951
CtrSVDD_0038_E_0005366,-2.9084305622
CtrSVDD_0039_E_0005367,-4.1353010252
CtrSVDD_0040_E_0005368,-5.7846396511
CtrSVDD_0041_E_0005369,-4.7583948425
CtrSVDD_0042_E_0005370,-3.1222732308
CtrSVDD_0043_E_0005371,-5.7457062762
CtrSVDD_0044_E_0005372,-6.3132189187
CtrSVDD_0045_E_0005373,-4.1530600752
CtrSVDD_0046_E_0005374,-5.7575721249
CtrSVDD_0047_E_0005375,-3.4976197407
CtrSVDD_0000_E_0005376,-1.7716607253
CtrSVDD_0001_E_0005377,-4.2528884411
CtrSVDD_0002_E_0005378,-5.0449324400
CtrSVDD_0003_E_0005379,-5.5171876882
CtrSVDD_0004_E_0005380,-5.2633474885
CtrSVDD_0005_E_0005381,-7.4298734771
CtrSVDD_0006_E_0005382,-5.7655133502
CtrSVDD_0007_E_0005383,-5.8394351925
CtrSVDD_0008_E_0005384,-5.9265327610
CtrSVDD_0009_E_0005385,-4.9394643085
CtrSVDD_0010_E_0005386,-6.1953217490
CtrSVDD_0011_E_0005387,-4.4694122087
CtrSVDD_0012_E_0005388,-6.3620615214
CtrSVDD_0013_E_0005389,0.1410444574
CtrSVDD_0014_E_0005390,-3.1885339609
CtrSVDD_0015_E_0005391,-5.0232038806
CtrSVDD_0016_E_0005392,-5.2707481987
CtrSVDD_0017_E_0005393,-4.7445358935
CtrSVDD_0018_E_0005394,-2.0507434310
CtrSVDD_0019_E_0005395,-5.0181308076
CtrSVDD_0020_E_0005396,-5.5234067947
CtrSVDD_0021_E_0005397,-4.1074167710
CtrSVDD_0022_E_0005398,-5.1523044017
CtrSVDD_0023_E_0005399,-4.9774478447
CtrSVDD_0024_E_0005400,-4.4491844926
CtrSVDD_0025_E_0005401,-4.7011999933
CtrSVDD_0026_E_0005402,-1.3230285222
CtrSVDD_0027_E_0005403,-5.5792131418
CtrSVDD_0028_E_0005404,-4.5183626621
CtrSVDD_0029_E_0005405,-5.0648288950
CtrSVDD_0030_E_0005406,-2.4164490486
CtrSVDD_0031_E_0005407,-0.1438705663
CtrSVDD_0032_E_0005408,-6.8627989015
CtrSVDD_0033_E_0005409,-3.7283067515
CtrSVDD_0034_E_0005410,-4.9219208928
CtrSVDD_0035_E_0005411,-6.7277511062
CtrSVDD_0036_E_0005412,-2.8262599665
CtrSVDD_0037_E_0005413,-4.9982403840
CtrSVDD_0038_E_0005414,-7.2188455445
CtrSVDD_0039_E_0005415,0.8778551678
CtrSVDD_0040_E_0005416,-5.0968529812
CtrSVDD_0041_E_0005417,-3.6444775331
CtrSVDD_0042_E_0005418,-0.9722721429
CtrSVDD_0043_E_0005419,-2.9858602793
CtrSVDD_0044_E_0005420,-0.6613770568
CtrSVDD_0045_E_0005421,-7.4584904880
CtrSVDD_0046_E_0005422,-3.1242479621
CtrSVDD_0047_E_0005423,-6.8208489247
CtrSVDD_0000_E_0005424,-3.8073124627
CtrSVDD_0001_E_0005425,-1.1355656473
CtrSVDD_0002_E_0005426,-5.8530832144
CtrSVDD_0003_E_0005427,-2.4038213554
CtrSVDD_0004_E_0005428,-4.7050575023
CtrSVDD_0005_E_0005429,-4.0519438923
CtrSVDD_0006_E_0005430,-6.0063901533
CtrSVDD_0007_E_0005431,-5.3310626695
CtrSVDD_0008_E_0005432,-6.5909580682
CtrSVDD_0009_E_0005433,-5.9632783223
CtrSVDD_0010_E_0005434,-3.7657609248
CtrSVDD_0011_E_0005435,-4.8286737042
CtrSVDD_0012_E_0005436,-1.4832071182
CtrSVDD_0013_E_0005437,-4.9340799603
CtrSVDD_0014_E_0005438,-4.5975510156
CtrSVDD_0015_E_0005439,-4.6910347921
CtrSVDD_0016_E_0005440,1.9924932571
CtrSVDD_0017_E_0005441,-6.4316733875
CtrSVDD_0018_E_0005442,-5.1545254450
CtrSVDD_0019_E_0005443,-4.7324003405
CtrSVDD_0020_E_0005444,-3.3046055934
CtrSVDD_0021_E_0005445,-4.1902938300
CtrSVDD_0022_E_0005446,-0.2120971412
CtrSVDD_0023_E_0005447,0.7830568137
CtrSVDD_0024_E_0005448,-6.6440182256
CtrSVDD_0025_E_0005449,-5.2206156930
CtrSVDD_0026_E_0005450,-6.0762078807
CtrSVDD_0027_E_0005451,-3.6689898591
CtrSVDD_0028_E_0005452,-0.5069852349
CtrSVDD_0029_E_0005453,-4.8139003614
CtrSVDD_0030_E_0005454,-3.4505754537
CtrSVDD_0031_E_0005455,-3.5114653876
CtrSVDD_0032_E_0005456,-3.4375181151
CtrSVDD_0033_E_0005457,-4.2907712314
CtrSVDD_0034_E_0005458,-4.3993556032
CtrSVDD_0035_E_0005459,-4.2008814134
CtrSVDD_0036_E_0005460,-4.0368387883
CtrSVDD_0037_E_0005461,-5.1957075670
CtrSVDD_0038_E_0005462,-2.6285998501
CtrSVDD_0039_E_0005463,-4.2568370626
CtrSVDD_0040_E_0005464,-8.1237336717
CtrSVDD_0041_E_0005465,-6.4472017191
CtrSVDD_0042_E_0005466,-7.3676498037
CtrSVDD_0043_E_0005467,-2.3546481712
CtrSVDD_0044_E_0005468,-5.8645299884
CtrSVDD_0045_E_0005469,-1.0395498058
CtrSVDD_0046_E_0005470,-3.6815447382
CtrSVDD_0047_E_0005471,0.5165522584
CtrSVDD_0000_E_0005472,1.4086080187
CtrSVDD_0001_E_0005473,-4.7556962116
CtrSVDD_0002_E_0005474,-4.3565524415
CtrSVDD_0003_E_0005475,2.6367465081
CtrSVDD_0004_E_0005476,-5.2077007270
CtrSVDD_0005_E_0005477,0.3549110233
CtrSVDD_0006_E_0005478,-4.3804304653
CtrSVDD_0007_E_0005479,-4.6099647548
CtrSVDD_0008_E_0005480,-5.9040587584
CtrSVDD_0009_E_0005481,-6.6913469131
CtrSVDD_0010_E_0005482,0.9833812625
CtrSVDD_0011_E_0005483,-4.8948784355
CtrSVDD_0012_E_0005484,-4.4731543864
CtrSVDD_0013_E_0005485,-6.8535829002
CtrSVDD_0014_E_0005486,-3.8161830987
CtrSVDD_0015_E_0005487,-1.6189001435
CtrSVDD_0016_E_0005488,-1.6118284745
CtrSVDD_0017_E_0005489,-7.7336683047
CtrSVDD_0018_E_0005490,1.4045462482
CtrSVDD_0019_E_0005491,-6.6413417087
CtrSVDD_0020_E_0005492,-5.9939957062
CtrSVDD_0021_E_0005493,-3.4398649914
CtrSVDD_0022_E_0005494,-4.2664243344
CtrSVDD_0023_E_0005495,-4.9707982981
CtrSVDD_0024_E_0005496,-4.4331845309
CtrSVDD_0025_E_0005497,-0.3046894591
CtrSVDD_0026_E_0005498,-3.5860923030
CtrSVDD_0027_E_0005499,-7.3031553434
CtrSVDD_0028_E_0005500,-3.1254012705
CtrSVDD_0029_E_0005501,-5.0212907075
CtrSVDD_0030_E_0005502,-4.1756048478
CtrSVDD_0031_E_0005503,-6.9489442028
CtrSVDD_0032_E_0005504,-4.3147843636
CtrSVDD_0033_E_0005505,-5.0054884780
CtrSVDD_0034_E_0005506,-4.1062971891
CtrSVDD_0035_E_0005507,-4.2180598053
CtrSVDD_0036_E_0005508,-6.3242053686
CtrSVDD_0037_E_0005509,-0.3743454506
CtrSVDD_0038_E_0005510,-3.4727647941
CtrSVDD_0039_E_0005511,-0.6303588592
CtrSVDD_0040_E_0005512,-5.2199693216
CtrSVDD_0041_E_0005513,-4.1064772758
CtrSVDD_0042_E_0005514,-5.3639588894
CtrSVDD_0043_E_0005515,-3.8660155715
CtrSVDD_0044_E_0005516,-5.6633858010
CtrSVDD_0045_E_0005517,-6.3511270270
CtrSVDD_0046_E_0005518,-0.6337749880
CtrSVDD_0047_E_0005519,-6.3107415775
CtrSVDD_0000_E_0005520,-4.5004646084
CtrSVDD_0001_E_0005521,-2.6721501542
CtrSVDD_0002_E_0005522,0.7382221511
CtrSVDD_0003_E_0005523,-4.8940331899
CtrSVDD_0004_E_0005524,-6.4341141532
CtrSVDD_0005_E_0005525,-5.7972762545
CtrSVDD_0006_E_0005526,-3.6492460255
CtrSVDD_0007_E_0005527,-5.3815455345
CtrSVDD_0008_E_0005528,-4.6675209992
CtrSVDD_0009_E_0005529,-4.1044880502
CtrSVDD_0010_E_0005530,0.9668103579
CtrSVDD_0011_E_0005531,-2.9093584277
CtrSVDD_0012_E_0005532,-4.6173045940
CtrSVDD_0013_E_0005533,-4.3741524653
CtrSVDD_0014_E_0005534,1.9484439573
CtrSVDD_0015_E_0005535,-4.3585211552
CtrSVDD_0016_E_0005536,-4.4124359057
CtrSVDD_0017_E_0005537,-2.4490937985
CtrSVDD_0018_E_0005538,-0.1269303366
CtrSVDD_0019_E_0005539,-5.5493833591
CtrSVDD_0020_E_0005540,-5.2483463069
CtrSVDD_0021_E_0005541,-4.5574938452
CtrSVDD_0022_E_0005542,-4.1323602895
CtrSVDD_0023_E_0005543,-5.2574344047
CtrSVDD_0024_E_0005544,-4.2853655258
CtrSVDD_0025_E_0005545,-7.0280474403
CtrSVDD_0026_E_0005546,-3.2195939273
CtrSVDD_0027_E_0005547,-0.8965151763
CtrSVDD_0028_E_0005548,-2.9805106645
CtrSVDD_0029_E_0005549,-4.1810751756
CtrSVDD_0030_E_0005550,-5.4653581680
CtrSVDD_0031_E_0005551,-3.6715416653
CtrSVDD_0032_E_0005552,-6.0031204305
CtrSVDD_0033_E_0005553,-2.3036286240
CtrSVDD_0034_E_0005554,-4.9847451986
CtrSVDD_0035_E_0005555,-4.9023029739
CtrSVDD_0036_E_0005556,-3.2605276054
CtrSVDD_0037_E_0005557,-5.5672708050
CtrSVDD_0038_E_0005558,-2.4402823216
CtrSVDD_0039_E_0005559,-4.6605321900
CtrSVDD_0040_E_0005560,-1.0863057363
CtrSVDD_0041_E_0005561,-5.0531862466
CtrSVDD_0042_E_0005562,-4.4953665162
CtrSVDD_0043_E_0005563,-3.7663714887
CtrSVDD_0044_E_0005564,-4.6814821532
CtrSVDD_0045_E_0005565,-5.8280016608
CtrSVDD_0046_E_0005566,-5.4354799606
CtrSVDD_0047_E_0005567,-2.6899405024
CtrSVDD_0000_E_0005568,-5.5884513728
CtrSVDD_0001_E_0005569,-1.2122118707
CtrSVDD_0002_E_0005570,-4.0806076839
CtrSVDD_0003_E_0005571,-0.2408003976
CtrSVDD_0004_E_0005572,-3.5029415542
CtrSVDD_0005_E_0005573,-0.0062945880
CtrSVDD_0006_E_0005574,-5.4867124132
CtrSVDD_0007_E_0005575,-5.2937677225
CtrSVDD_0008_E_0005576,-7.6923272110
CtrSVDD_0009_E_0005577,-3.7956618165
CtrSVDD_0010_E_0005578,-7.0192459897
CtrSVDD_0011_E_0005579,-5.7424232354
CtrSVDD_0012_E_0005580,-4.5800092246
CtrSVDD_0013_E_0005581,-3.0765122255
CtrSVDD_0014_E_0005582,-3.0712545685
CtrSVDD_0015_E_0005583,-4.4107667598
CtrSVDD_0016_E_0005584,-3.8399370244
CtrSVDD_0017_E_0005585,-5.9627039361
CtrSVDD_0018_E_0005586,-5.7721583411
CtrSVDD_0019_E_0005587,-5.8125046782
CtrSVDD_0020_E_0005588,-4.8559263163
CtrSVDD_0021_E_0005589,-2.0678152779
CtrSVDD_0022_E_0005590,-4.6519096259
CtrSVDD_0023_E_0005591,-5.7069121274
CtrSVDD_0024_E_0005592,-3.1708084635
CtrSVDD_0025_E_0005593,-5.6142537342
CtrSVDD_0026_E_0005594,-1.0181772056
CtrSVDD_0027_E_0005595,0.8635505819
CtrSVDD_0028_E_0005596,-5.3079211445
CtrSVDD_0029_E_0005597,0.3564011362
CtrSVDD_0030_E_0005598,-4.4812205194
CtrSVDD_0031_E_0005599,-5.9801095203
CtrSVDD_0032_E_0005600,-4.9130075025
CtrSVDD_0033_E_0005601,-3.0679477195
CtrSVDD_0034_E_0005602,-2.9926455906
CtrSVDD_0035_E_0005603,-2.8729232787
CtrSVDD_0036_E_0005604,-2.5721357844
CtrSVDD_0037_E_0005605,-5.2714904642
CtrSVDD_0038_E_0005606,-4.7547403245
CtrSVDD_0039_E_0005607,-5.0697966819
CtrSVDD_0040_E_0005608,-6.1282319081
CtrSVDD_0041_E_0005609,-4.3735444944
CtrSVDD_0042_E_0005610,-3.9047832802
CtrSVDD_0043_E_0005611,-3.5382357172
CtrSVDD_0044_E_0005612,-7.8039106427
CtrSVDD_0045_E_0005613,-0.4320066126
CtrSVDD_0046_E_0005614,-5.0620358338
CtrSVDD_0047_E_0005615,-4.7066076091
CtrSVDD_0000_E_0005616,-2.7028965561
CtrSVDD_0001_E_0005617,-2.8055985918
CtrSVDD_0002_E_0005618,-0.8615214857
CtrSVDD_0003_E_0005619,-3.2637232315
CtrSVDD_0004_E_0005620,-3.8664693765
CtrSVDD_0005_E_0005621,-4.6322698458
CtrSVDD_0006_E_0005622,-3.8707106058
CtrSVDD_0007_E_0005623,-5.9484743656
CtrSVDD_0008_E_0005624,-3.7519420220
CtrSVDD_0009_E_0005625,-4.5517189356
CtrSVDD_0010_E_0005626,-4.7766082515
CtrSVDD_0011_E_0005627,-7.0579255282
CtrSVDD_0012_E_0005628,1.9628364706
CtrSVDD_0013_E_0005629,-5.7533880850
CtrSVDD_0014_E_0005630,-4.4915867438
CtrSVDD_0015_E_0005631,-4.2483060477
CtrSVDD_0016_E_0005632,-4.2331466424
CtrSVDD_0017_E_0005633,-4.0752597887
CtrSVDD_0018_E_0005634,-6.5943347852
CtrSVDD_0019_E_0005635,-4.2029079386
CtrSVDD_0020_E_0005636,-7.2291003527
CtrSVDD_0021_E_0005637,-4.5310182896
CtrSVDD_0022_E_0005638,-4.7724001577
CtrSVDD_0023_E_0005639,-5.6856141388
CtrSVDD_0024_E_0005640,-5.6340263568
CtrSVDD_0025_E_0005641,-4.7381056872
CtrSVDD_0026_E_0005642,1.2768173084
CtrSVDD_0027_E_0005643,-4.9829869048
CtrSVDD_0028_E_0005644,-2.0842342463
CtrSVDD_0029_E_0005645,-5.1694022775
CtrSVDD_0030_E_0005646,-6.7523896969
CtrSVDD_0031_E_0005647,-5.6762798915
CtrSVDD_0032_E_0005648,-4.7296032764
CtrSVDD_0033_E_0005649,-3.3099089723
CtrSVDD_0034_E_0005650,-4.9109578774
CtrSVDD_0035_E_0005651,-2.9729655806
CtrSVDD_0036_E_0005652,-4.4209149745
CtrSVDD_0037_E_0005653,-3.9449393337
CtrSVDD_0038_E_0005654,-4.8471446691
CtrSVDD_0039_E_0005655,-5.1678616311
CtrSVDD_0040_E_0005656,-4.4084532962
CtrSVDD_0041_E_0005657,-6.0085709645
CtrSVDD_0042_E_0005658,-3.8224211282
CtrSVDD_0043_E_0005659,-5.7684788501
CtrSVDD_0044_E_0005660,-3.2309486764
CtrSVDD_0045_E_0005661,-3.6002026828
CtrSVDD_0046_E_0005662,-4.1654645817
CtrSVDD_0047_E_0005663,-4.1019590790
CtrSVDD_0000_E_0005664,-3.9517864393
CtrSVDD_0001_E_0005665,-6.5983672221
CtrSVDD_0002_E_0005666,-3.6142181528
CtrSVDD_0003_E_0005667,-4.2182331249
CtrSVDD_0004_E_0005668,-6.2993346429
CtrSVDD_0005_E_0005669,-4.9517624337
CtrSVDD_0006_E_0005670,-3.8752467866
CtrSVDD_0007_E_0005671,-5.0913663181
CtrSVDD_0008_E_0005672,-3.8303602661
CtrSVDD_0009_E_0005673,-3.0413776062
CtrSVDD_0010_E_0005674,0.1170656426
CtrSVDD_0011_E_0005675,-5.0383001581
CtrSVDD_0012_E_0005676,-4.4120513188
CtrSVDD_0013_E_0005677,-5.0270910556
CtrSVDD_0014_E_0005678,-3.5956158606
CtrSVDD_0015_E_0005679,1.5700950206
CtrSVDD_0016_E_0005680,-3.2126172627
CtrSVDD_0017_E_0005681,0.6492403483
CtrSVDD_0018_E_0005682,-4.6949234861
CtrSVDD_0019_E_0005683,-5.6121104685
CtrSVDD_0020_E_0005684,-2.6911387622
CtrSVDD_0021_E_0005685,-4.3977881465
CtrSVDD_0022_E_0005686,1.8696725349
CtrSVDD_0023_E_0005687,-3.4822855616
CtrSVDD_0024_E_0005688,-4.3864619423
CtrSVDD_0025_E_0005689,-2.5376916390
CtrSVDD_0026_E_0005690,-3.0943147720
CtrSVDD_0027_E_0005691,-4.2971239789
CtrSVDD_0028_E_0005692,-4.1875802026
CtrSVDD_0029_E_0005693,-4.7964758904
CtrSVDD_0030_E_0005694,-5.0634858018
CtrSVDD_0031_E_0005695,-4.4394995272
CtrSVDD_0032_E_0005696,-2.5555281466
CtrSVDD_0033_E_0005697,-5.3204295800
CtrSVDD_0034_E_0005698,-5.3378872267
CtrSVDD_0035_E_0005699,-4.3430820567
CtrSVDD_0036_E_0005700,-5.9319892438
CtrSVDD_0037_E_0005701,-6.0105200185
CtrSVDD_0038_E_0005702,-2.7865560595
CtrSVDD_0039_E_0005703,-3.2757955642
CtrSVDD_0040_E_0005704,-5.3760445409
CtrSVDD_0041_E_0005705,1.1369937987
CtrSVDD_0042_E_0005706,-2.2020922648
CtrSVDD_0043_E_0005707,-4.3757205758
CtrSVDD_0044_E_0005708,-2.5933206714
CtrSVDD_0045_E_0005709,-2.7732701219
CtrSVDD_0046_E_0005710,0.2465641713
CtrSVDD_0047_E_0005711,1.0111882266
CtrSVDD_0000_E_0005712,-4.2004860912
CtrSVDD_0001_E_0005713,-4.3384300106
CtrSVDD_0002_E_0005714,1.5314637079
CtrSVDD_0003_E_0005715,-4.4826693365
CtrSVDD_0004_E_0005716,-5.1199173994
CtrSVDD_0005_E_0005717,-7.1305603661
CtrSVDD_0006_E_0005718,-6.3878710899
CtrSVDD_0007_E_0005719,-6.6864642260
CtrSVDD_0008_E_0005720,-4.3390075965
CtrSVDD_0009_E_0005721,-4.3259749462
CtrSVDD_0010_E_0005722,-5.5245065413
CtrSVDD_0011_E_0005723,-1.0116207156
CtrSVDD_0012_E_0005724,-4.4675514553
CtrSVDD_0013_E_0005725,-0.2049494660
CtrSVDD_0014_E_0005726,-3.6902126261
CtrSVDD_0015_E_0005727,-4.6199055836
CtrSVDD_0016_E_0005728,-1.0712874999
CtrSVDD_0017_E_0005729,-6.2667790193
CtrSVDD_0018_E_0005730,-2.7368905127
CtrSVDD_0019_E_0005731,1.0990107135
CtrSVDD_0020_E_0005732,-6.4740375627
CtrSVDD_0021_E_0005733,-6.3886638794
CtrSVDD_0022_E_0005734,-2.8610141834
CtrSVDD_0023_E_0005735,-2.7330689438
CtrSVDD_0024_E_0005736,-5.3324605939
CtrSVDD_0025_E_0005737,-4.3225498347
CtrSVDD_0026_E_0005738,0.4412387283
CtrSVDD_0027_E_0005739,-4.8802318179
CtrSVDD_0028_E_0005740,-4.8992668949
CtrSVDD_0029_E_0005741,-6.7226849199
CtrSVDD_0030_E_0005742,-6.0261661973
CtrSVDD_0031_E_0005743,-0.3984613015
CtrSVDD_0032_E_0005744,-5.2393555801
CtrSVDD_0033_E_0005745,-5.4041126397
CtrSVDD_0034_E_0005746,1.4631907961
CtrSVDD_0035_E_0005747,0.7698207150
CtrSVDD_0036_E_0005748,-4.0168843873
CtrSVDD_0037_E_0005749,-3.9178638306
CtrSVDD_0038_E_0005750,-5.0326305879
CtrSVDD_0039_E_0005751,-4.8679919494
CtrSVDD_0040_E_0005752,-0.1992388728
CtrSVDD_0041_E_0005753,-0.4489609573
CtrSVDD_0042_E_0005754,-3.9830434210
CtrSVDD_0043_E_0005755,-3.7803716072
CtrSVDD_0044_E_0005756,-6.8617771247
CtrSVDD_0045_E_0005757,-3.9834805082
CtrSVDD_0046_E_0005758,-3.7752932428
CtrSVDD_0047_E_0005759,-5.5516604421
CtrSVDD_0000_E_0005760,-3.4554187672
CtrSVDD_0001_E_0005761,-6.3097746211
CtrSVDD_0002_E_0005762,-3.9322596813
CtrSVDD_0003_E_0005763,-4.0780715348
CtrSVDD_0004_E_0005764,-5.4882103888
CtrSVDD_0005_E_0005765,-5.5379365851
CtrSVDD_0006_E_0005766,-6.2298158636
CtrSVDD_0007_E_0005767,0.1086192847
CtrSVDD_0008_E_0005768,-3.7680686118
CtrSVDD_0009_E_0005769,-1.5228742124
CtrSVDD_0010_E_0005770,-4.1509806571
CtrSVDD_0011_E_0005771,-4.4086584123
CtrSVDD_0012_E_0005772,-4.8094494972
CtrSVDD_0013_E_0005773,-5.1256838357
CtrSVDD_0014_E_0005774,0.2610099665
CtrSVDD_0015_E_0005775,-4.0420747626
CtrSVDD_0016_E_0005776,-6.1290245759
CtrSVDD_0017_E_0005777,0.5554099322
CtrSVDD_0018_E_0005778,-1.8524840640
CtrSVDD_0019_E_0005779,-4.4111093765
CtrSVDD_0020_E_0005780,-5.4262518492
CtrSVDD_0021_E_0005781,-2.9425669799
CtrSVDD_0022_E_0005782,-5.3185623615
CtrSVDD_0023_E_0005783,-0.8177421023
CtrSVDD_0024_E_0005784,-4.8132346058
CtrSVDD_0025_E_0005785,-4.9053314266
CtrSVDD_0026_E_0005786,-1.1905839276
CtrSVDD_0027_E_0005787,0.6085532539
CtrSVDD_0028_E_0005788,-6.0066831733
CtrSVDD_0029_E_0005789,3.4102301795
CtrSVDD_0030_E_0005790,-5.4478946816
CtrSVDD_0031_E_0005791,-5.9857629111
CtrSVDD_0032_E_0005792,-4.9619408489
CtrSVDD_0033_E_0005793,-5.7093840662
CtrSVDD_0034_E_0005794,-4.7914423244
CtrSVDD_0035_E_0005795,-5.1679436711
CtrSVDD_0036_E_0005796,0.6894924976
CtrSVDD_0037_E_0005797,-5.9977071603
CtrSVDD_0038_E_0005798,-5.1927725105
CtrSVDD_0039_E_0005799,-5.2946628984
CtrSVDD_0040_E_0005800,-5.1750206078
CtrSVDD_0041_E_0005801,-4.3820022963
CtrSVDD_0042_E_0005802,-4.0661899598
CtrSVDD_0043_E_0005803,-7.0987217508
CtrSVDD_0044_E_0005804,-5.4792305897
CtrSVDD_0045_E_0005805,-3.2875563618
CtrSVDD_0046_E_0005806,-4.1292108542
CtrSVDD_0047_E_0005807,1.6508347544
CtrSVDD_0000_E_0005808,-5.7484964624
CtrSVDD_0001_E_0005809,-6.1077788412
CtrSVDD_0002_E_0005810,-0.4927208810
CtrSVDD_0003_E_0005811,-2.7998027509
CtrSVDD_0004_E_0005812,-6.9221880648
CtrSVDD_0005_E_0005813,0.7717032953
CtrSVDD_0006_E_0005814,-3.7475102467
CtrSVDD_0007_E_0005815,-3.2931588194
CtrSVDD_0008_E_0005816,0.1875009982
CtrSVDD_0009_E_0005817,-6.2252395028
CtrSVDD_0010_E_0005818,-3.2214387751
CtrSVDD_0011_E_0005819,-4.9152367433
CtrSVDD_0012_E_0005820,-6.4495629108
CtrSVDD_0013_E_0005821,-1.3608879341
CtrSVDD_0014_E_0005822,-0.1849903467
CtrSVDD_0015_E_0005823,-4.8724155736
CtrSVDD_0016_E_0005824,-0.8454144771
CtrSVDD_0017_E_0005825,-3.5162112883
CtrSVDD_0018_E_0005826,-2.9354817449
CtrSVDD_0019_E_0005827,-3.5894663147
CtrSVDD_0020_E_0005828,-0.0664913965
CtrSVDD_0021_E_0005829,-4.5617910061
CtrSVDD_0022_E_0005830,-2.9646361786
CtrSVDD_0023_E_0005831,-6.5324252343
CtrSVDD_0024_E_0005832,-4.0315812367
CtrSVDD_0025_E_0005833,-5.2777956870
CtrSVDD_0026_E_0005834,-5.6413652354
CtrSVDD_0027_E_0005835,-0.5651281436
CtrSVDD_0028_E_0005836,-4.7163535373
CtrSVDD_0029_E_0005837,-4.5134207769
CtrSVDD_0030_E_0005838,-4.7398560751
CtrSVDD_0031_E_0005839,-5.0581965480
CtrSVDD_0032_E_0005840,-4.6721467400
CtrSVDD_0033_E_0005841,-5.2270153522
CtrSVDD_0034_E_0005842,-5.1462927115
CtrSVDD_0035_E_0005843,-6.0189170452
CtrSVDD_0036_E_0005844,-3.0963316230
CtrSVDD_0037_E_0005845,-4.8405247785
CtrSVDD_0038_E_0005846,-4.2974403186
CtrSVDD_0039_E_0005847,-6.3459887844
CtrSVDD_0040_E_0005848,-0.6701060655
CtrSVDD_0041_E_0005849,-4.8637633146
CtrSVDD_0042_E_0005850,-6.6304275248
CtrSVDD_0043_E_0005851,-0.7029888095
CtrSVDD_0044_E_0005852,-6.4263620792
CtrSVDD_0045_E_0005853,-5.7821671777
CtrSVDD_0046_E_0005854,-5.7190094627
CtrSVDD_0047_E_0005855,-5.8146581197
CtrSVDD_0000_E_0005856,-4.1030241192
CtrSVDD_0001_E_0005857,1.9082291381
CtrSVDD_0002_E_0005858,1.2078095279
CtrSVDD_0003_E_0005859,-4.6851734341
CtrSVDD_0004_E_0005860,-4.2422859065
CtrSVDD_0005_E_0005861,-6.2217054152
CtrSVDD_0006_E_0005862,-4.7147321799
CtrSVDD_0007_E_0005863,-3.0283129860
CtrSVDD_0008_E_0005864,-0.2827822652
CtrSVDD_0009_E_0005865,-5.5787306712
CtrSVDD_0010_E_0005866,-3.7299727458
CtrSVDD_0011_E_0005867,-5.1488923128
CtrSVDD_0012_E_0005868,-4.6403788188
CtrSVDD_0013_E_0005869,0.3445020561
CtrSVDD_0014_E_0005870,-3.8995742474
CtrSVDD_0015_E_0005871,-5.1067031679
CtrSVDD_0016_E_0005872,-4.6337282146
CtrSVDD_0017_E_0005873,-0.2480063880
CtrSVDD_0018_E_0005874,-3.2085384980
CtrSVDD_0019_E_0005875,0.1935347696
CtrSVDD_0020_E_0005876,-4.9481734387
CtrSVDD_0021_E_0005877,-2.7812057972
CtrSVDD_0022_E_0005878,-4.7731774407
CtrSVDD_0023_E_0005879,-6.5046547568
CtrSVDD_0024_E_0005880,-0.1537711546
CtrSVDD_0025_E_0005881,-6.5709853204
CtrSVDD_0026_E_0005882,-5.7122780494
CtrSVDD_0027_E_0005883,-5.8786439921
CtrSVDD_0028_E_0005884,-4.0712059433
CtrSVDD_0029_E_0005885,-3.9885464734
CtrSVDD_0030_E_0005886,-5.0305690716
CtrSVDD_0031_E_0005887,-4.5268705143
CtrSVDD_0032_E_0005888,-0.9435021675
CtrSVDD_0033_E_0005889,-3.7870511023
CtrSVDD_0034_E_0005890,-3.7267790207
CtrSVDD_0035_E_0005891,-5.3100505503
CtrSVDD_0036_E_0005892,-4.8113762713
CtrSVDD_0037_E_0005893,-3.3694558121
CtrSVDD_0038_E_0005894,-5.8149053830
CtrSVDD_0039_E_0005895,-4.8118985863
CtrSVDD_0040_E_0005896,-0.1488734770
CtrSVDD_0041_E_0005897,-0.6371985290
CtrSVDD_0042_E_0005898,-6.4688592048
CtrSVDD_0043_E_0005899,-3.2759594036
CtrSVDD_0044_E_0005900,-4.8327552394
CtrSVDD_0045_E_0005901,-5.1605090175
CtrSVDD_0046_E_0005902,-0.0174857423
CtrSVDD_0047_E_0005903,-3.9431517126
CtrSVDD_0000_E_0005904,-4.5872705976
CtrSVDD_0001_E_0005905,-3.3376834985
CtrSVDD_0002_E_0005906,-5.4929493658
CtrSVDD_0003_E_0005907,-6.0213874895
CtrSVDD_0004_E_0005908,-5.2678270581
CtrSVDD_0005_E_0005909,-3.9503979987
CtrSVDD_0006_E_0005910,-3.5491807097
CtrSVDD_0007_E_0005911,-5.1710934249
CtrSVDD_0008_E_0005912,-6.3089627996
CtrSVDD_0009_E_0005913,-3.4037172202
CtrSVDD_0010_E_0005914,2.0462009173
CtrSVDD_0011_E_0005915,-7.1456363474
CtrSVDD_0012_E_0005916,-5.0576861721
CtrSVDD_0013_E_0005917,-5.3157903566
CtrSVDD_0014_E_0005918,-2.4199770673
CtrSVDD_0015_E_0005919,-5.3368628513
CtrSVDD_0016_E_0005920,-6.0143673307
CtrSVDD_0017_E_0005921,-6.3342721568
CtrSVDD_0018_E_0005922,-4.1820419570
CtrSVDD_0019_E_0005923,-5.3657471750
CtrSVDD_0020_E_0005924,-5.7515692608
CtrSVDD_0021_E_0005925,-4.4636834267
CtrSVDD_0022_E_0005926,-4.8266378008
CtrSVDD_0023_E_0005927,-5.2590182407
CtrSVDD_0024_E_0005928,-1.8135017802
CtrSVDD_0025_E_0005929,-6.4895388185
CtrSVDD_0026_E_0005930,-4.7885477600
CtrSVDD_0027_E_0005931,-1.9923432911
CtrSVDD_0028_E_0005932,-2.9069931731
CtrSVDD_0029_E_0005933,-4.7747847914
CtrSVDD_0030_E_0005934,-2.3734647449
CtrSVDD_0031_E_0005935,-0.1594353462
CtrSVDD_0032_E_0005936,2.7784602291
CtrSVDD_0033_E_0005937,-5.6891643543
CtrSVDD_0034_E_0005938,-6.2978313567
CtrSVDD_0035_E_0005939,0.4090844621
CtrSVDD_0036_E_0005940,-4.4868615370
CtrSVDD_0037_E_0005941,-7.3237675186
CtrSVDD_0038_E_0005942,-3.1193472037
CtrSVDD_0039_E_0005943,0.0055155674
CtrSVDD_0040_E_0005944,-0.9049093884
CtrSVDD_0041_E_0005945,-5.4821180478
CtrSVDD_0042_E_0005946,-6.8692228140
CtrSVDD_0043_E_0005947,-0.3415349575
CtrSVDD_0044_E_0005948,-5.4339318688
CtrSVDD_0045_E_0005949,-5.3289026227
CtrSVDD_0046_E_0005950,-4.9205331339
CtrSVDD_0047_E_0005951,-6.0259731598
CtrSVDD_0000_E_0005952,-4.8977554601
CtrSVDD_0001_E_0005953,-4.9585990421
CtrSVDD_0002_E_0005954,-5.4272020531
CtrSVDD_0003_E_0005955,-0.0749051505
CtrSVDD_0004_E_0005956,-4.0591859791
CtrSVDD_0005_E_0005957,-5.9599588729
CtrSVDD_0006_E_0005958,-4.8749275326
CtrSVDD_0007_E_0005959,-1.2376668249
CtrSVDD_0008_E_0005960,-5.9393523016
CtrSVDD_0009_E_0005961,-4.5330807926
CtrSVDD_0010_E_0005962,-3.2461860495
CtrSVDD_0011_E_0005963,-2.0694437537
CtrSVDD_0012_E_0005964,-4.6038988345
CtrSVDD_0013_E_0005965,-5.0038278177
CtrSVDD_0014_E_0005966,-4.1634056398
CtrSVDD_0015_E_0005967,-4.8165062188
CtrSVDD_0016_E_0005968,-0.0342770194
CtrSVDD_0017_E_0005969,-4.1588789688
CtrSVDD_0018_E_0005970,-5.8134718266
CtrSVDD_0019_E_0005971,0.3149624314
CtrSVDD_0020_E_0005972,-0.7964315437
CtrSVDD_0021_E_0005973,-3.4731774985
CtrSVDD_0022_E_0005974,-3.2434062762
CtrSVDD_0023_E_0005975,-5.3559763544
CtrSVDD_0024_E_0005976,-6.3385765207
CtrSVDD_0025_E_0005977,-4.7496807325
CtrSVDD_0026_E_0005978,1.0088261121
CtrSVDD_0027_E_0005979,-3.2907316362
CtrSVDD_0028_E_0005980,-5.0866932504
CtrSVDD_0029_E_0005981,0.4014918522
CtrSVDD_0030_E_0005982,-3.7108991748
CtrSVDD_0031_E_0005983,1.0056070009
CtrSVDD_0032_E_0005984,-4.1103466564
CtrSVDD_0033_E_0005985,-2.9671144518
CtrSVDD_0034_E_0005986,-3.2859683923
CtrSVDD_0035_E_0005987,-5.4316399563
CtrSVDD_0036_E_0005988,-3.9155365245
CtrSVDD_0037_E_0005989,1.4506319509
CtrSVDD_0038_E_0005990,-4.6007269500
CtrSVDD_0039_E_0005991,0.9261795494
CtrSVDD_0040_E_0005992,-3.4045832018
CtrSVDD_0041_E_0005993,-0.8902607472
CtrSVDD_0042_E_0005994,-5.9937773629
CtrSVDD_0043_E_0005995,-5.6270300114
CtrSVDD_0044_E_0005996,-2.2010727774
CtrSVDD_0045_E_0005997,-5.2974827095
CtrSVDD_0046_E_0005998,-5.6429370664
CtrSVDD_0047_E_0005999,-1.8341751112
CtrSVDD_0000_E_0006000,-5.6606514840
CtrSVDD_0001_E_0006001,-1.9082291381
CtrSVDD_0002_E_0006002,-4.5768060007
CtrSVDD_0003_E_0006003,-6.3123294955
CtrSVDD_0004_E_0006004,-2.7349807902
CtrSVDD_0005_E_0006005,-3.8901272163
CtrSVDD_0006_E_0006006,-2.7652887636
CtrSVDD_0007_E_0006007,-6.1564780020
CtrSVDD_0008_E_0006008,-5.2258947241
CtrSVDD_0009_E_0006009,-4.5314546891
CtrSVDD_0010_E_0006010,-5.7358722714
CtrSVDD_0011_E_0006011,-4.5232929602
CtrSVDD_0012_E_0006012,-3.7390472000
CtrSVDD_0013_E_0006013,-3.6688570948
CtrSVDD_0014_E_0006014,-5.8923887751
CtrSVDD_0015_E_0006015,-6.4658910978
CtrSVDD_0016_E_0006016,-4.1937328672
CtrSVDD_0017_E_0006017,-4.9195366181
CtrSVDD_0018_E_0006018,-3.8866651324
CtrSVDD_0019_E_0006019,-3.9017850315
CtrSVDD_0020_E_0006020,-3.1724220525
CtrSVDD_0021_E_0006021,-1.9458296859
CtrSVDD_0022_E_0006022,-5.3748860217
CtrSVDD_0023_E_0006023,-1.9847779907
CtrSVDD_0024_E_0006024,0.8275522725
CtrSVDD_0025_E_0006025,-5.9229055747
CtrSVDD_0026_E_0006026,-5.1886425965
CtrSVDD_0027_E_0006027,-4.7928961897
CtrSVDD_0028_E_0006028,2.2065752165
CtrSVDD_0029_E_0006029,-3.4110152347
CtrSVDD_0030_E_0006030,-5.1521223988
CtrSVDD_0031_E_0006031,-4.5933465458
CtrSVDD_0032_E_0006032,-5.6556849033
CtrSVDD_0033_E_0006033,-5.2818974525
CtrSVDD_0034_E_0006034,-4.0796376608
CtrSVDD_0035_E_0006035,-5.5316371700
CtrSVDD_0036_E_0006036,-3.5383562815
CtrSVDD_0037_E_0006037,-5.2337433118
CtrSVDD_0038_E_0006038,-4.6930741499
CtrSVDD_0039_E_0006039,-3.1457826011
CtrSVDD_0040_E_0006040,-6.6467665793
CtrSVDD_0041_E_0006041,-4.0927843468
CtrSVDD_0042_E_0006042,-4.5726252655
CtrSVDD_0043_E_0006043,-3.2328008174
CtrSVDD_0044_E_0006044,-4.5296119004
CtrSVDD_0045_E_0006045,-1.7327094646
CtrSVDD_0046_E_0006046,-0.8022073322
CtrSVDD_0047_E_0006047,-0.0212841861
CtrSVDD_0000_E_0006048,-5.0290967644
CtrSVDD_0001_E_0006049,-5.7163369937
CtrSVDD_0002_E_0006050,-0.5520484215
CtrSVDD_0003_E_0006051,-6.0977846359
CtrSVDD_0004_E_0006052,-4.1551360324
CtrSVDD_0005_E_0006053,-4.3047714142
CtrSVDD_0006_E_0006054,-6.7894851882
CtrSVDD_0007_E_0006055,-5.2327064266
CtrSVDD_0008_E_0006056,-3.1746196062
CtrSVDD_0009_E_0006057,-6.1489166441
CtrSVDD_0010_E_0006058,-3.5587977165
CtrSVDD_0011_E_0006059,-5.0981400244
CtrSVDD_0012_E_0006060,-3.9286513450
CtrSVDD_0013_E_0006061,-5.2011322992
CtrSVDD_0014_E_0006062,0.0174857423
CtrSVDD_0015_E_0006063,-1.2570169944
CtrSVDD_0016_E_0006064,-4.6935629411
CtrSVDD_0017_E_0006065,-6.8681271369
CtrSVDD_0018_E_0006066,-0.7779119028
CtrSVDD_0019_E_0006067,0.7773675288
CtrSVDD_0020_E_0006068,-3.9327213409
CtrSVDD_0021_E_0006069,-0.8227141811
CtrSVDD_0022_E_0006070,-4.4866334591
CtrSVDD_0023_E_0006071,-5.0678359859
CtrSVDD_0024_E_0006072,-3.1643476867
CtrSVDD_0025_E_0006073,-0.0048957779
CtrSVDD_0026_E_0006074,-6.2691471479
CtrSVDD_0027_E_0006075,-0.4879884309
CtrSVDD_0028_E_0006076,-4.5892801760
CtrSVDD_0029_E_0006077,-3.2020287319
CtrSVDD_0030_E_0006078,0.6423478973
CtrSVDD_0031_E_0006079,-2.7622390177
CtrSVDD_0032_E_0006080,-4.1023176295
CtrSVDD_0033_E_0006081,-1.0443641049
CtrSVDD_0034_E_0006082,-4.4878947665
CtrSVDD_0035_E_0006083,-1.2025116684
CtrSVDD_0036_E_0006084,-4.6275627399
CtrSVDD_0037_E_0006085,-6.1184593226
CtrSVDD_0038_E_0006086,-5.8537368458
CtrSVDD_0039_E_0006087,-4.3184454903
CtrSVDD_0040_E_0006088,-6.5547024926
CtrSVDD_0041_E_0006089,-6.7147210652
CtrSVDD_0042_E_0006090,-5.5044726157
CtrSVDD_0043_E_0006091,-4.4446313049
CtrSVDD_0044_E_0006092,1.0041834899
CtrSVDD_0045_E_0006093,-4.8639903618
CtrSVDD_0046_E_0006094,-3.6625149431
CtrSVDD_0047_E_0006095,-4.2099464207
CtrSVDD_0000_E_0006096,-5.3114230906
CtrSVDD_0001_E_0006097,-1.8834627397
CtrSVDD_0002_E_0006098,-6.5886443878
CtrSVDD_0003_E_0006099,-3.3366908494
CtrSVDD_0004_E_0006100,-4.7479261931
CtrSVDD_0005_E_0006101,1.0205289246
CtrSVDD_0006_E_0006102,0.1594353462
CtrSVDD_0007_E_0006103,-4.7085536144
CtrSVDD_0008_E_0006104,-3.9376841224
CtrSVDD_0009_E_0006105,-4.7611590206
CtrSVDD_0010_E_0006106,-4.4211879185
CtrSVDD_0011_E_0006107,-2.5636066899
CtrSVDD_0012_E_0006108,-5.1290084788
CtrSVDD_0013_E_0006109,-1.5217554133
CtrSVDD_0014_E_0006110,-5.8749541846
CtrSVDD_0015_E_0006111,-6.0222805068
CtrSVDD_0016_E_0006112,-5.6750612874
CtrSVDD_0017_E_0006113,-4.7701472773
CtrSVDD_0018_E_0006114,-4.8084956130
CtrSVDD_0019_E_0006115,-3.9631937829
CtrSVDD_0020_E_0006116,-6.1258012665
CtrSVDD_0021_E_0006117,-4.3710189962
CtrSVDD_0022_E_0006118,-5.1346428668
CtrSVDD_0023_E_0006119,-4.4996090209
CtrSVDD_0024_E_0006120,-5.0765378610
CtrSVDD_0025_E_0006121,0.7906822025
CtrSVDD_0026_E_0006122,-5.9952343767
CtrSVDD_0027_E_0006123,-5.9138736626
CtrSVDD_0028_E_0006124,-2.1590639903
CtrSVDD_0029_E_0006125,-2.5420458891
CtrSVDD_0030_E_0006126,-3.9379338940
CtrSVDD_0031_E_0006127,-5.0415891637
CtrSVDD_0032_E_0006128,-5.2113439197
CtrSVDD_0033_E_0006129,-5.1090710100
CtrSVDD_0034_E_0006130,-5.0622541962
CtrSVDD_0035_E_0006131,-5.9521464957
CtrSVDD_0036_E_0006132,-4.0475777137
CtrSVDD_0037_E_0006133,-4.0579884366
CtrSVDD_0038_E_0006134,-6.1153083114
CtrSVDD_0039_E_0006135,-7.4972087862
CtrSVDD_0040_E_0006136,-2.9022468837
CtrSVDD_0041_E_0006137,-3.4299964638
CtrSVDD_0042_E_0006138,-3.4347437190
CtrSVDD_0043_E_0006139,-4.6411265237
CtrSVDD_0044_E_0006140,0.8594959304
CtrSVDD_0045_E_0006141,-0.3638636612
CtrSVDD_0046_E_0006142,-2.8587369168
CtrSVDD_0047_E_0006143,-5.3274448875
CtrSVDD_0000_E_0006144,-4.4311592051
CtrSVDD_0001_E_0006145,-5.4156770333
CtrSVDD_0002_E_0006146,-5.9933351106
CtrSVDD_0003_E_0006147,-0.6628312663
CtrSVDD_0004_E_0006148,0.1835676051
CtrSVDD_0005_E_0006149,-6.4351203911
CtrSVDD_0006_E_0006150,-5.6020450930
CtrSVDD_0007_E_0006151,-5.7698537383
CtrSVDD_0008_E_0006152,-5.1372674749
CtrSVDD_0009_E_0006153,-5.6023096798
CtrSVDD_0010_E_0006154,1.1598896185
CtrSVDD_0011_E_0006155,0.3134928526
CtrSVDD_0012_E_0006156,-2.8836559949
CtrSVDD_0013_E_0006157,-6.9799509035
CtrSVDD_0014_E_0006158,-5.4882634613
CtrSVDD_0015_E_0006159,-4.4473129172
CtrSVDD_0016_E_0006160,-2.2754706032
CtrSVDD_0017_E_0006161,-6.4578276163
CtrSVDD_0018_E_0006162,-3.2715762129
CtrSVDD_0019_E_0006163,-6.6724822032
CtrSVDD_0020_E_0006164,-5.8176082169
CtrSVDD_0021_E_0006165,-3.6349136894
CtrSVDD_0022_E_0006166,-4.6327310395
CtrSVDD_0023_E_0006167,-3.9213385498
CtrSVDD_0024_E_0006168,-6.3668366211
CtrSVDD_0025_E_0006169,1.8829302476
CtrSVDD_0026_E_0006170,-3.1905084337
CtrSVDD_0027_E_0006171,-4.2755988329
CtrSVDD_0028_E_0006172,-4.2984895340
CtrSVDD_0029_E_0006173,-3.3287759601
CtrSVDD_0030_E_0006174,2.1330075465
CtrSVDD_0031_E_0006175,-4.1610663308
CtrSVDD_0032_E_0006176,-3.7233138282
CtrSVDD_0033_E_0006177,-5.2663712537
CtrSVDD_0034_E_0006178,-6.1553538150
CtrSVDD_0035_E_0006179,-7.0249616308
CtrSVDD_0036_E_0006180,-4.2664097837
CtrSVDD_0037_E_0006181,-5.1344513061
CtrSVDD_0038_E_0006182,-3.0430444521
CtrSVDD_0039_E_0006183,-5.2867245423
CtrSVDD_0040_E_0006184,-3.9550833571
CtrSVDD_0041_E_0006185,-6.1914996472
CtrSVDD_0042_E_0006186,-5.5332448126
CtrSVDD_0043_E_0006187,-7.2142754130
CtrSVDD_0044_E_0006188,-4.9648476081
CtrSVDD_0045_E_0006189,-2.6283894230
CtrSVDD_0046_E_0006190,-2.5827233679
CtrSVDD_0047_E_0006191,-4.9239352997
CtrSVDD_0000_E_0006192,-4.3350949855
CtrSVDD_0001_E_0006193,-1.2998908171
CtrSVDD_0002_E_0006194,0.9338985295
CtrSVDD_0003_E_0006195,-4.7620657928
CtrSVDD_0004_E_0006196,-5.0672762446
CtrSVDD_0005_E_0006197,-6.2695088773
CtrSVDD_0006_E_0006198,-4.3013915544
CtrSVDD_0007_E_0006199,-5.8585895660
CtrSVDD_0008_E_0006200,-1.0245207354
CtrSVDD_0009_E_0006201,-4.8934150664
CtrSVDD_0010_E_0006202,-6.0553484798
CtrSVDD_0011_E_0006203,0.3534216980
CtrSVDD_0012_E_0006204,-5.3003415316
CtrSVDD_0013_E_0006205,2.5836074161
CtrSVDD_0014_E_0006206,-5.3970139162
CtrSVDD_0015_E_0006207,-3.3879155368
CtrSVDD_0016_E_0006208,-6.3006103607
CtrSVDD_0017_E_0006209,-6.4184590923
CtrSVDD_0018_E_0006210,-5.0083937138
CtrSVDD_0019_E_0006211,-6.3716386597
CtrSVDD_0020_E_0006212,-4.7551026472
CtrSVDD_0021_E_0006213,-5.4039452895
CtrSVDD_0022_E_0006214,-4.6568784134
CtrSVDD_0023_E_0006215,-5.4250750372
CtrSVDD_0024_E_0006216,-3.6419790129
CtrSVDD_0025_E_0006217,1.5836154758
CtrSVDD_0026_E_0006218,-2.8276173042
CtrSVDD_0027_E_0006219,-5.7002283339
CtrSVDD_0028_E_0006220,-6.4925329482
CtrSVDD_0029_E_0006221,-4.5017297036
CtrSVDD_0030_E_0006222,-5.0261394899
CtrSVDD_0031_E_0006223,-4.1652051793
CtrSVDD_0032_E_0006224,-3.2400914336
CtrSVDD_0033_E_0006225,-2.6671428423
CtrSVDD_0034_E_0006226,-1.5409625827
CtrSVDD_0035_E_0006227,-3.3493490633
CtrSVDD_0036_E_0006228,-5.3783627500
CtrSVDD_0037_E_0006229,-2.9030408518
CtrSVDD_0038_E_0006230,-5.0276220483
CtrSVDD_0039_E_0006231,-3.8927197715
CtrSVDD_0040_E_0006232,-2.9909507909
CtrSVDD_0041_E_0006233,-4.1721853251
CtrSVDD_0042_E_0006234,-3.3556760641
CtrSVDD_0043_E_0006235,-6.7534459556
CtrSVDD_0044_E_0006236,-2.7601588268
CtrSVDD_0045_E_0006237,-4.6031191903
CtrSVDD_0046_E_0006238,-5.4016047855
CtrSVDD_0047_E_0006239,-6.0673877170
CtrSVDD_0000_E_0006240,0.1807232334
CtrSVDD_0001_E_0006241,1.2901844981
CtrSVDD_0002_E_0006242,-3.4095567885
CtrSVDD_0003_E_0006243,-5.2047653106
CtrSVDD_0004_E_0006244,-3.8334081234
CtrSVDD_0005_E_0006245,-5.8586986688
CtrSVDD_0006_E_0006246,-6.3307314520
CtrSVDD_0007_E_0006247,-4.9757813917
CtrSVDD_0008_E_0006248,-1.9700139063
CtrSVDD_0009_E_0006249,0.2053337646
CtrSVDD_0010_E_0006250,-5.6650436851
CtrSVDD_0011_E_0006251,-4.8592981562
CtrSVDD_0012_E_0006252,-5.0085741071
CtrSVDD_0013_E_0006253,-3.8530529572
CtrSVDD_0014_E_0006254,-5.8453135669
CtrSVDD_0015_E_0006255,-3.0729068375
CtrSVDD_0016_E_0006256,-4.4946514323
CtrSVDD_0017_E_0006257,-1.5738877915
CtrSVDD_0018_E_0006258,-6.0494825301
CtrSVDD_0019_E_0006259,-2.7087178927
CtrSVDD_0020_E_0006260,-5.9845905118
CtrSVDD_0021_E_0006261,-5.1934411602
CtrSVDD_0022_E_0006262,-4.1044795163
CtrSVDD_0023_E_0006263,-2.9065478213
CtrSVDD_0024_E_0006264,-0.7062510961
CtrSVDD_0025_E_0006265,-4.3239499953
CtrSVDD_0026_E_0006266,0.3818576368
CtrSVDD_0027_E_0006267,-3.7543330911
CtrSVDD_0028_E_0006268,-5.9210950918
CtrSVDD_0029_E_0006269,-3.3525127156
CtrSVDD_0030_E_0006270,-0.3223206095
CtrSVDD_0031_E_0006271,-4.9632092078
CtrSVDD_0032_E_0006272,-7.3783828932
CtrSVDD_0033_E_0006273,-4.1043061406
CtrSVDD_0034_E_0006274,-2.8552739522
CtrSVDD_0035_E_0006275,0.7623174933
CtrSVDD_0036_E_0006276,-4.5656758095
CtrSVDD_0037_E_0006277,-0.2871525250
CtrSVDD_0038_E_0006278,-5.4553748465
CtrSVDD_0039_E_0006279,-4.1364768281
CtrSVDD_0040_E_0006280,-5.9690827115
CtrSVDD_0041_E_0006281,-7.3354426551
CtrSVDD_0042_E_0006282,-5.4572416014
CtrSVDD_0043_E_0006283,-5.0217297306
CtrSVDD_0044_E_0006284,-3.3848989136
CtrSVDD_0045_E_0006285,-0.7217891729
CtrSVDD_0046_E_0006286,0.1082836437
CtrSVDD_0047_E_0006287,-3.7622691105
CtrSVDD_0000_E_0006288,-5.9337202107
CtrSVDD_0001_E_0006289,-6.2520944784
CtrSVDD_0002_E_0006290,-4.0456966466
CtrSVDD_0003_E_0006291,2.5555281466
CtrSVDD_0004_E_0006292,-4.9124181181
CtrSVDD_0005_E_0006293,-3.0313583665
CtrSVDD_0006_E_0006294,-4.5084671416
CtrSVDD_0007_E_0006295,-4.8772989187
CtrSVDD_0008_E_0006296,-4.4170925674
CtrSVDD_0009_E_0006297,-0.0356766635
CtrSVDD_0010_E_0006298,-3.9343896290
CtrSVDD_0011_E_0006299,-2.3778813108
CtrSVDD_0012_E_0006300,-1.7390199717
CtrSVDD_0013_E_0006301,-7.2772444145
CtrSVDD_0014_E_0006302,-5.3471942114
CtrSVDD_0015_E_0006303,-4.7669821581
CtrSVDD_0016_E_0006304,-4.8272278895
CtrSVDD_0017_E_0006305,-4.1924048870
CtrSVDD_0018_E_0006306,-5.5574960648
CtrSVDD_0019_E_0006307,-5.5987088314
CtrSVDD_0020_E_0006308,-0.2278607921
CtrSVDD_0021_E_0006309,-3.8661531869
CtrSVDD_0022_E_0006310,3.0257847151
CtrSVDD_0023_E_0006311,-0.9847312728
CtrSVDD_0024_E_0006312,-4.8060301477
CtrSVDD_0025_E_0006313,-5.4837180830
CtrSVDD_0026_E_0006314,-0.7168826702
CtrSVDD_0027_E_0006315,-5.7067557065
CtrSVDD_0028_E_0006316,-0.0202838183
CtrSVDD_0029_E_0006317,-5.4286068675
CtrSVDD_0030_E_0006318,-6.2300035470
CtrSVDD_0031_E_0006319,-3.0280115783
CtrSVDD_0032_E_0006320,-4.6338370374
CtrSVDD_0033_E_0006321,-5.6308792369
CtrSVDD_0034_E_0006322,-3.8874779347
CtrSVDD_0035_E_0006323,-5.6488708621
CtrSVDD_0036_E_0006324,-5.4905384427
CtrSVDD_0037_E_0006325,0.7090947688
CtrSVDD_0038_E_0006326,-6.3008916154
CtrSVDD_0039_E_0006327,-4.6442369708
CtrSVDD_0040_E_0006328,-5.5689260523
CtrSVDD_0041_E_0006329,-0.8635505819
CtrSVDD_0042_E_0006330,-3.8641313420
CtrSVDD_0043_E_0006331,-5.8072719324
CtrSVDD_0044_E_0006332,-0.6983904682
CtrSVDD_0045_E_0006333,0.3252687518
CtrSVDD_0046_E_0006334,-3.8384823789
CtrSVDD_0047_E_0006335,-5.1005498176
CtrSVDD_0000_E_0006336,-4.7034801529
CtrSVDD_0001_E_0006337,2.7402957116
CtrSVDD_0002_E_0006338,-5.8977427226
CtrSVDD_0003_E_0006339,-5.3460409638
CtrSVDD_0004_E_0006340,-6.1935514856
CtrSVDD_0005_E_0006341,-5.8648206576
CtrSVDD_0006_E_0006342,0.0763079424
CtrSVDD_0007_E_0006343,-4.8420000708
CtrSVDD_0008_E_0006344,-2.3690204553
CtrSVDD_0009_E_0006345,-2.6229631545
CtrSVDD_0010_E_0006346,-6.5458817385
CtrSVDD_0011_E_0006347,-3.7899664967
CtrSVDD_0012_E_0006348,-6.6482121512
CtrSVDD_0013_E_0006349,-5.1784009083
CtrSVDD_0014_E_0006350,-4.8116754821
CtrSVDD_0015_E_0006351,-3.6307481587
CtrSVDD_0016_E_0006352,-3.9198881463
CtrSVDD_0017_E_0006353,-4.2928792407
CtrSVDD_0018_E_0006354,-6.1679247760
CtrSVDD_0019_E_0006355,-6.2072940519
CtrSVDD_0020_E_0006356,-3.8041922746
CtrSVDD_0021_E_0006357,-0.7091416044
CtrSVDD_0022_E_0006358,2.0359854633
CtrSVDD_0023_E_0006359,-2.0539584330
CtrSVDD_0024_E_0006360,-5.2652316130
CtrSVDD_0025_E_0006361,-7.0714355567
CtrSVDD_0026_E_0006362,-4.5962478718
CtrSVDD_0027_E_0006363,-3.0541684525
CtrSVDD_0028_E_0006364,0.5149544913
CtrSVDD_0029_E_0006365,-3.3415353928
CtrSVDD_0030_E_0006366,-2.2065752165
CtrSVDD_0031_E_0006367,1.5548672921
CtrSVDD_0032_E_0006368,-5.5395567699
CtrSVDD_0033_E_0006369,-2.5223371098
CtrSVDD_0034_E_0006370,-2.9510738312
CtrSVDD_0035_E_0006371,-2.6422142776
CtrSVDD_0036_E_0006372,-6.1061841334
CtrSVDD_0037_E_0006373,-5.8696255959
CtrSVDD_0038_E_0006374,-6.9612693878
CtrSVDD_0039_E_0006375,-2.8733119933
CtrSVDD_0040_E_0006376,-4.8168653835
CtrSVDD_0041_E_0006377,-4.8667075694
CtrSVDD_0042_E_0006378,-2.3181728607
CtrSVDD_0043_E_0006379,-4.1818171946
CtrSVDD_0044_E_0006380,-5.2220842115
CtrSVDD_0045_E_0006381,-0.8554553602
CtrSVDD_0046_E_0006382,-4.8766637256
CtrSVDD_0047_E_0006383,-3.5272459219
CtrSVDD_0000_E_0006384,-5.5412998342
CtrSVDD_0001_E_0006385,-3.7297439241
CtrSVDD_0002_E_0006386,-5.6306347418
CtrSVDD_0003_E_0006387,-5.1157357830
CtrSVDD_0004_E_0006388,-4.9038175201
CtrSVDD_0005_E_0006389,-4.8316647929
CtrSVDD_0006_E_0006390,-1.2250956388
CtrSVDD_0007_E_0006391,-4.1750081013
CtrSVDD_0008_E_0006392,-2.4955823938
CtrSVDD_0009_E_0006393,-4.1959273821
CtrSVDD_0010_E_0006394,1.2020280035
CtrSVDD_0011_E_0006395,-3.1822116979
CtrSVDD_0012_E_0006396,-4.5405720126
CtrSVDD_0013_E_0006397,-5.5014057866
CtrSVDD_0014_E_0006398,-3.8389189080
CtrSVDD_0015_E_0006399,-5.3012389672
CtrSVDD_0016_E_0006400,-4.2270694467
CtrSVDD_0017_E_0006401,-0.1396318267
CtrSVDD_0018_E_0006402,-5.7190161334
CtrSVDD_0019_E_0006403,-0.9790263415
CtrSVDD_0020_E_0006404,-5.8482756086
CtrSVDD_0021_E_0006405,0.4644866708
CtrSVDD_0022_E_0006406,-6.3587917686
CtrSVDD_0023_E_0006407,-6.1695468413
CtrSVDD_0024_E_0006408,-4.4248130930
CtrSVDD_0025_E_0006409,-3.1981788884
CtrSVDD_0026_E_0006410,-3.5742939623
CtrSVDD_0027_E_0006411,-4.5281988753
CtrSVDD_0028_E_0006412,-6.0239659215
CtrSVDD_0029_E_0006413,-0.6648625781
CtrSVDD_0030_E_0006414,-3.8687249870
CtrSVDD_0031_E_0006415,-5.7271230187
CtrSVDD_0032_E_0006416,-5.5992653186
CtrSVDD_0033_E_0006417,-4.0971711902
CtrSVDD_0034_E_0006418,-2.6506986314
CtrSVDD_0035_E_0006419,-2.7676970466
CtrSVDD_0036_E_0006420,-7.5213709508
CtrSVDD_0037_E_0006421,-2.3600469761
CtrSVDD_0038_E_0006422,-6.4122556420
CtrSVDD_0039_E_0006423,-3.6281018181
CtrSVDD_0040_E_0006424,-4.5600835830
CtrSVDD_0041_E_0006425,-5.6171283195
CtrSVDD_0042_E_0006426,-5.5690732660
CtrSVDD_0043_E_0006427,-5.6614859021
CtrSVDD_0044_E_0006428,1.0762666132
CtrSVDD_0045_E_0006429,-4.1030857510
CtrSVDD_0046_E_0006430,-3.4358834895
CtrSVDD_0047_E_0006431,-2.6466669441
CtrSVDD_0000_E_0006432,-5.8550324803
CtrSVDD_0001_E_0006433,-5.1706680706
CtrSVDD_0002_E_0006434,-3.5259739410
CtrSVDD_0003_E_0006435,0.9369732433
CtrSVDD_0004_E_0006436,-5.6873478566
CtrSVDD_0005_E_0006437,-4.4365978047
CtrSVDD_0006_E_0006438,-5.5285504181
CtrSVDD_0007_E_0006439,-0.3549110233
CtrSVDD_0008_E_0006440,-5.8365801570
CtrSVDD_0009_E_0006441,-3.1248147904
CtrSVDD_0010_E_0006442,-5.5875840423
CtrSVDD_0011_E_0006443,-3.0698632614
CtrSVDD_0012_E_0006444,-7.0036338497
CtrSVDD_0013_E_0006445,-3.9834740822
CtrSVDD_0014_E_0006446,-1.0299927843
CtrSVDD_0015_E_0006447,-3.4570389519
CtrSVDD_0016_E_0006448,-1.7661226318
CtrSVDD_0017_E_0006449,1.5455643299
CtrSVDD_0018_E_0006450,-5.9990404573
CtrSVDD_0019_E_0006451,-3.5693934355
CtrSVDD_0020_E_0006452,-0.6509682782
CtrSVDD_0021_E_0006453,-5.5669382354
CtrSVDD_0022_E_0006454,-4.4733028757
CtrSVDD_0023_E_0006455,-5.1234678183
CtrSVDD_0024_E_0006456,-2.0632067378
CtrSVDD_0025_E_0006457,-2.6057381236
CtrSVDD_0026_E_0006458,-4.4343533306
CtrSVDD_0027_E_0006459,-0.0694438963
CtrSVDD_0028_E_0006460,-3.9720818103
CtrSVDD_0029_E_0006461,-0.3149624314
CtrSVDD_0030_E_0006462,-5.8497443804
CtrSVDD_0031_E_0006463,1.4274166951
CtrSVDD_0032_E_0006464,-6.3667047294
CtrSVDD_0033_E_0006465,-6.6014607005
CtrSVDD_0034_E_0006466,-6.0022441783
CtrSVDD_0035_E_0006467,-6.3462738430
CtrSVDD_0036_E_0006468,-2.6119508670
CtrSVDD_0037_E_0006469,-5.0515644832
CtrSVDD_0038_E_0006470,-6.6646745863
CtrSVDD_0039_E_0006471,-0.6806487851
CtrSVDD_0040_E_0006472,-5.7227469597
CtrSVDD_0041_E_0006473,-5.2912590931
CtrSVDD_0042_E_0006474,-3.9754365217
CtrSVDD_0043_E_0006475,-3.2222247302
CtrSVDD_0044_E_0006476,-0.2508923729
CtrSVDD_0045_E_0006477,-4.4260249148
CtrSVDD_0046_E_0006478,-6.6692380749
CtrSVDD_0047_E_0006479,-3.7470751146
CtrSVDD_0000_E_0006480,-4.4913529416
CtrSVDD_0001_E_0006481,0.7514573812
CtrSVDD_0002_E_0006482,-6.0953375930
CtrSVDD_0003_E_0006483,-5.4766483539
CtrSVDD_0004_E_0006484,1.1302508567
CtrSVDD_0005_E_0006485,-1.8356715369
CtrSVDD_0006_E_0006486,-6.8981894598
CtrSVDD_0007_E_0006487,-6.1737447515
CtrSVDD_0008_E_0006488,-4.4256466473
CtrSVDD_0009_E_0006489,-3.4023274069
CtrSVDD_0010_E_0006490,-5.2992052358
CtrSVDD_0011_E_0006491,-6.7582905665
CtrSVDD_0012_E_0006492,-5.4672867795
CtrSVDD_0013_E_0006493,-3.2793669858
CtrSVDD_0014_E_0006494,-1.2254011678
CtrSVDD_0015_E_0006495,-5.0301999462
CtrSVDD_0016_E_0006496,0.8206056900
CtrSVDD_0017_E_0006497,-4.6538652141
CtrSVDD_0018_E_0006498,-3.4527396275
CtrSVDD_0019_E_0006499,-5.8089826873
CtrSVDD_0020_E_0006500,-2.8765652618
CtrSVDD_0021_E_0006501,-3.7782473618
CtrSVDD_0022_E_0006502,-2.6940928156
CtrSVDD_0023_E_0006503,-4.8982737384
CtrSVDD_0024_E_0006504,-3.3110535605
CtrSVDD_0025_E_0006505,2.1065540882
CtrSVDD_0026_E_0006506,-2.4183098053
CtrSVDD_0027_E_0006507,-3.5140819085
CtrSVDD_0028_E_0006508,-4.2078432078
CtrSVDD_0029_E_0006509,-3.4865701358
CtrSVDD_0030_E_0006510,-4.2396942250
CtrSVDD_0031_E_0006511,-5.8526865502
CtrSVDD_0032_E_0006512,-5.3679680904
CtrSVDD_0033_E_0006513,-6.3000465987
CtrSVDD_0034_E_0006514,-4.7330891195
CtrSVDD_0035_E_0006515,-6.1717743458
CtrSVDD_0036_E_0006516,-2.6361837685
CtrSVDD_0037_E_0006517,-5.0626180653
CtrSVDD_0038_E_0006518,-5.8491929359
CtrSVDD_0039_E_0006519,-4.0710402374
CtrSVDD_0040_E_0006520,-3.8682222001
CtrSVDD_0041_E_0006521,-4.2478636709
CtrSVDD_0042_E_0006522,-0.7679408591
CtrSVDD_0043_E_0006523,-5.1190367266
CtrSVDD_0044_E_0006524,-3.6623096264
CtrSVDD_0045_E_0006525,-5.4498472863
CtrSVDD_0046_E_0006526,-3.7749553399
CtrSVDD_0047_E_0006527,-4.7270372963
CtrSVDD_0000_E_0006528,-6.2013712796
CtrSVDD_0001_E_0006529,-3.8875920535
CtrSVDD_0002_E_0006530,-3.9431230823
CtrSVDD_0003_E_0006531,-1.9257990969
CtrSVDD_0004_E_0006532,-5.0417394726
CtrSVDD_0005_E_0006533,-6.6728051131
CtrSVDD_0006_E_0006534,-5.8260764643
CtrSVDD_0007_E_0006535,-5.1389871605
CtrSVDD_0008_E_0006536,-4.8703431649
CtrSVDD_0009_E_0006537,-4.5735984268
CtrSVDD_0010_E_0006538,-1.2963688440
CtrSVDD_0011_E_0006539,-3.4351118577
CtrSVDD_0012_E_0006540,0.1537711546
CtrSVDD_0013_E_0006541,-6.2137697399
CtrSVDD_0014_E_0006542,-5.3216160262
CtrSVDD_0015_E_0006543,-4.7164218324
CtrSVDD_0016_E_0006544,-2.1321766355
CtrSVDD_0017_E_0006545,-4.8401642699
CtrSVDD_0018_E_0006546,-5.6658782049
CtrSVDD_0019_E_0006547,-4.9249556297
CtrSVDD_0020_E_0006548,-6.2673741005
CtrSVDD_0021_E_0006549,-5.7015630141
CtrSVDD_0022_E_0006550,-3.5796587679
CtrSVDD_0023_E_0006551,-3.5982268735
CtrSVDD_0024_E_0006552,-3.3127975058
CtrSVDD_0025_E_0006553,-3.6094083948
CtrSVDD_0026_E_0006554,0.9858255004
CtrSVDD_0027_E_0006555,-5.0575351452
CtrSVDD_0028_E_0006556,-6.2671330907
CtrSVDD_0029_E_0006557,-5.0547865723
CtrSVDD_0030_E_0006558,-6.4419411557
CtrSVDD_0031_E_0006559,-3.8297235705
CtrSVDD_0032_E_0006560,-3.5740377152
CtrSVDD_0033_E_0006561,-5.3245300467
CtrSVDD_0034_E_0006562,-5.3288461906
CtrSVDD_0035_E_0006563,-5.5590920476
CtrSVDD_0036_E_0006564,-2.9396090745
CtrSVDD_0037_E_0006565,-3.7896941358
CtrSVDD_0038_E_0006566,-4.2720342923
CtrSVDD_0039_E_0006567,-4.9036529433
CtrSVDD_0040_E_0006568,1.5009421083
CtrSVDD_0041_E_0006569,-6.0236188548
CtrSVDD_0042_E_0006570,0.3821620437
CtrSVDD_0043_E_0006571,-6.6259550818
CtrSVDD_0044_E_0006572,-2.6098829275
CtrSVDD_0045_E_0006573,-3.1683887925
CtrSVDD_0046_E_0006574,0.7327225318
CtrSVDD_0047_E_0006575,-5.7462114817
CtrSVDD_0000_E_0006576,-6.0047686424
CtrSVDD_0001_E_0006577,-2.3324142931
CtrSVDD_0002_E_0006578,-0.2339135217
CtrSVDD_0003_E_0006579,-5.4737248561
CtrSVDD_0004_E_0006580,-4.5019740029
CtrSVDD_0005_E_0006581,-3.1188771190
CtrSVDD_0006_E_0006582,-3.4012607127
CtrSVDD_0007_E_0006583,-5.6554395906
CtrSVDD_0008_E_0006584,-7.7620798406
CtrSVDD_0009_E_0006585,-3.5451282508
CtrSVDD_0010_E_0006586,-3.2917527227
CtrSVDD_0011_E_0006587,-4.3475620008
CtrSVDD_0012_E_0006588,-5.0061983206
CtrSVDD_0013_E_0006589,-5.3888865092
CtrSVDD_0014_E_0006590,-5.4605888381
CtrSVDD_0015_E_0006591,-4.2150431587
CtrSVDD_0016_E_0006592,-4.1452573192
CtrSVDD_0017_E_0006593,-0.2726058039
CtrSVDD_0018_E_0006594,-0.4412387283
CtrSVDD_0019_E_0006595,-3.2302205901
CtrSVDD_0020_E_0006596,-1.4757005997
CtrSVDD_0021_E_0006597,-5.4643058735
CtrSVDD_0022_E_0006598,-3.0179495138
CtrSVDD_0023_E_0006599,-4.0301279290
CtrSVDD_0024_E_0006600,-4.9806534711
CtrSVDD_0025_E_0006601,-3.4796014398
CtrSVDD_0026_E_0006602,-4.5102040310
CtrSVDD_0027_E_0006603,-3.2954929407
CtrSVDD_0028_E_0006604,-6.7107820564
CtrSVDD_0029_E_0006605,0.2436812725
CtrSVDD_0030_E_0006606,-4.2221455668
CtrSVDD_0031_E_0006607,-3.7034736234
CtrSVDD_0032_E_0006608,-6.0917463758
CtrSVDD_0033_E_0006609,-5.9614198750
CtrSVDD_0034_E_0006610,1.0888326775
CtrSVDD_0035_E_0006611,-4.5526874928
CtrSVDD_0036_E_0006612,-6.0692043870
CtrSVDD_0037_E_0006613,-6.1848700698
CtrSVDD_0038_E_0006614,-4.4749936199
CtrSVDD_0039_E_0006615,-5.4740302137
CtrSVDD_0040_E_0006616,-4.5078983529
CtrSVDD_0041_E_0006617,-5.9448150831
CtrSVDD_0042_E_0006618,-3.3315897361
CtrSVDD_0043_E_0006619,0.5717042991
CtrSVDD_0044_E_0006620,-4.0781781376
CtrSVDD_0045_E_0006621,-3.5005629309
CtrSVDD_0046_E_0006622,0.4427810558
CtrSVDD_0047_E_0006623,-2.5311331804
CtrSVDD_0000_E_0006624,-7.4734237813
CtrSVDD_0001_E_0006625,-7.0083613060
CtrSVDD_0002_E_0006626,-5.2905065556
CtrSVDD_0003_E_0006627,0.2523361478
CtrSVDD_0004_E_0006628,-0.9812876872
CtrSVDD_0005_E_0006629,-5.0997566904
CtrSVDD_0006_E_0006630,-6.1422344021
CtrSVDD_0007_E_0006631,-7.0512913445
CtrSVDD_0008_E_0006632,-5.4364479076
CtrSVDD_0009_E_0006633,-0.7382221511
CtrSVDD_0010_E_0006634,-4.6163002152
CtrSVDD_0011_E_0006635,-0.2610099665
CtrSVDD_0012_E_0006636,-3.6805477830
CtrSVDD_0013_E_0006637,-3.5606809909
CtrSVDD_0014_E_0006638,-5.5041740716
CtrSVDD_0015_E_0006639,-5.8866076395
CtrSVDD_0016_E_0006640,-3.2864505949
CtrSVDD_0017_E_0006641,0.3061550341
CtrSVDD_0018_E_0006642,-1.5934953657
CtrSVDD_0019_E_0006643,-5.6953687506
CtrSVDD_0020_E_0006644,-2.4978335910
CtrSVDD_0021_E_0006645,-2.8641879090
CtrSVDD_0022_E_0006646,-6.0417861325
CtrSVDD_0023_E_0006647,-5.7407347912
CtrSVDD_0024_E_0006648,-4.5578877410
CtrSVDD_0025_E_0006649,-4.5566734468
CtrSVDD_0026_E_0006650,-4.6438163365
CtrSVDD_0027_E_0006651,-0.6652383566
CtrSVDD_0028_E_0006652,-4.6619708046
CtrSVDD_0029_E_0006653,-3.9184376760
CtrSVDD_0030_E_0006654,-6.1959407042
CtrSVDD_0031_E_0006655,-4.5787384631
CtrSVDD_0032_E_0006656,-5.6842915982
CtrSVDD_0033_E_0006657,-4.9160269539
CtrSVDD_0034_E_0006658,-3.8037876706
CtrSVDD_0035_E_0006659,-3.5364063588
CtrSVDD_0036_E_0006660,-5.2297592476
CtrSVDD_0037_E_0006661,-3.2829065001
CtrSVDD_0038_E_0006662,-3.8173705485
CtrSVDD_0039_E_0006663,-4.8611450519
CtrSVDD_0040_E_0006664,-4.6529388925
CtrSVDD_0041_E_0006665,-6.3876536524
CtrSVDD_0042_E_0006666,-5.1820193325
CtrSVDD_0043_E_0006667,-3.3319422785
CtrSVDD_0044_E_0006668,-4.2456148351
CtrSVDD_0045_E_0006669,-1.4197105540
CtrSVDD_0046_E_0006670,-6.6026009557
CtrSVDD_0047_E_0006671,-3.3374483014
CtrSVDD_0000_E_0006672,0.9949625801
CtrSVDD_0001_E_0006673,-4.9230344100
CtrSVDD_0002_E_0006674,-3.8043192130
CtrSVDD_0003_E_0006675,-5.5927197327
CtrSVDD_0004_E_0006676,-6.7484103000
CtrSVDD_0005_E_0006677,-4.5055202937
CtrSVDD_0006_E_0006678,-5.6613843458
CtrSVDD_0007_E_0006679,-4.8806719128
CtrSVDD_0008_E_0006680,-1.9132045528
CtrSVDD_0009_E_0006681,-4.0746794553
CtrSVDD_0010_E_0006682,-7.2760040175
CtrSVDD_0011_E_0006683,-5.7281120467
CtrSVDD_0012_E_0006684,-4.1642424897
CtrSVDD_0013_E_0006685,-5.9840995816
CtrSVDD_0014_E_0006686,-6.4957019794
CtrSVDD_0015_E_0006687,-6.1653980022
CtrSVDD_0016_E_0006688,0.3924111291
CtrSVDD_0017_E_0006689,-4.1132777297
CtrSVDD_0018_E_0006690,-1.4751866434
CtrSVDD_0019_E_0006691,-5.5608053272
CtrSVDD_0020_E_0006692,-2.4917661977
CtrSVDD_0021_E_0006693,-5.5870752662
CtrSVDD_0022_E_0006694,-3.8383557458
CtrSVDD_0023_E_0006695,-3.3414384175
CtrSVDD_0024_E_0006696,1.5544859921
CtrSVDD_0025_E_0006697,-5.1242760824
CtrSVDD_0026_E_0006698,-3.9696199446
CtrSVDD_0027_E_0006699,-5.1485819731
CtrSVDD_0028_E_0006700,-3.4811540199
CtrSVDD_0029_E_0006701,-2.7704142512
CtrSVDD_0030_E_0006702,-1.1714972183
CtrSVDD_0031_E_0006703,-4.4450382746
CtrSVDD_0032_E_0006704,-4.8652356217
CtrSVDD_0033_E_0006705,-6.0736924700
CtrSVDD_0034_E_0006706,0.8157895069
CtrSVDD_0035_E_0006707,-6.5816750139
CtrSVDD_0036_E_0006708,-4.7172205298
CtrSVDD_0037_E_0006709,-4.4784891747
CtrSVDD_0038_E_0006710,-4.1751468784
CtrSVDD_0039_E_0006711,-5.2371100460
CtrSVDD_0040_E_0006712,-4.2407823281
CtrSVDD_0041_E_0006713,-4.0313490213
CtrSVDD_0042_E_0006714,-4.5607237971
CtrSVDD_0043_E_0006715,-3.4860078978
CtrSVDD_0044_E_0006716,3.2373150989
CtrSVDD_0045_E_0006717,0.1128414574
CtrSVDD_0046_E_0006718,-2.9361499645
CtrSVDD_0047_E_0006719,-3.1281887712
CtrSVDD_0000_E_0006720,-4.3136696481
CtrSVDD_0001_E_0006721,-5.4063076987
CtrSVDD_0002_E_0006722,-0.8819752741
CtrSVDD_0003_E_0006723,-3.4106886109
CtrSVDD_0004_E_0006724,-3.2576604358
CtrSVDD_0005_E_0006725,-6.6244526346
CtrSVDD_0006_E_0006726,-5.5334185834
CtrSVDD_0007_E_0006727,-5.5002140956
CtrSVDD_0008_E_0006728,-2.8747890085
CtrSVDD_0009_E_0006729,-4.0490178870
CtrSVDD_0010_E_0006730,-4.1608005479
CtrSVDD_0011_E_0006731,0.2120971412
CtrSVDD_0012_E_0006732,-4.4153572567
CtrSVDD_0013_E_0006733,-2.5742597975
CtrSVDD_0014_E_0006734,-4.8799394199
CtrSVDD_0015_E_0006735,-0.3534216980
CtrSVDD_0016_E_0006736,-5.5788059785
CtrSVDD_0017_E_0006737,-6.5018209485
CtrSVDD_0018_E_0006738,-5.6780067682
CtrSVDD_0019_E_0006739,-3.4601493326
CtrSVDD_0020_E_0006740,-3.1972779205
CtrSVDD_0021_E_0006741,-3.4921774585
CtrSVDD_0022_E_0006742,-5.1540719233
CtrSVDD_0023_E_0006743,-0.4832668847
CtrSVDD_0024_E_0006744,-5.1110745048
CtrSVDD_0025_E_0006745,-5.1971617909
CtrSVDD_0026_E_0006746,-3.7748241330
CtrSVDD_0027_E_0006747,-3.1804839757
CtrSVDD_0028_E_0006748,-4.0630601357
CtrSVDD_0029_E_0006749,-7.3193746625
CtrSVDD_0030_E_0006750,1.1428720206
CtrSVDD_0031_E_0006751,-3.2578820983
CtrSVDD_0032_E_0006752,-4.6655179719
CtrSVDD_0033_E_0006753,-3.3952038227
CtrSVDD_0034_E_0006754,-3.1123556883
CtrSVDD_0035_E_0006755,-5.6037153203
CtrSVDD_0036_E_0006756,-6.8149010257
CtrSVDD_0037_E_0006757,-1.2499419298
CtrSVDD_0038_E_0006758,-5.9333683091
CtrSVDD_0039_E_0006759,0.4613726783
CtrSVDD_0040_E_0006760,-5.8061789596
CtrSVDD_0041_E_0006761,-3.6835453722
CtrSVDD_0042_E_0006762,-1.4470623406
CtrSVDD_0043_E_0006763,-3.5225219085
CtrSVDD_0044_E_0006764,1.2049137313
CtrSVDD_0045_E_0006765,-4.1063828229
CtrSVDD_0046_E_0006766,-2.7436874282
CtrSVDD_0047_E_0006767,-2.6078120186
CtrSVDD_0000_E_0006768,-4.3262311376
CtrSVDD_0001_E_0006769,-5.7703040376
CtrSVDD_0002_E_0006770,1.8587820645
CtrSVDD_0003_E_0006771,1.2934064059
CtrSVDD_0004_E_0006772,-6.5809109440
CtrSVDD_0005_E_0006773,-2.0979159840
CtrSVDD_0006_E_0006774,-4.8287784633
CtrSVDD_0007_E_0006775,-4.4163955854
CtrSVDD_0008_E_0006776,-4.9652546004
CtrSVDD_0009_E_0006777,-3.3744795064
CtrSVDD_0010_E_0006778,-0.0987749424
CtrSVDD_0011_E_0006779,0.3207569319
CtrSVDD_0012_E_0006780,-5.2018311646
CtrSVDD_0013_E_0006781,-1.0663348048
CtrSVDD_0014_E_0006782,-4.7430238847
CtrSVDD_0015_E_0006783,-5.5764030405
CtrSVDD_0016_E_0006784,-2.7138312187
CtrSVDD_0017_E_0006785,-3.5848460446
CtrSVDD_0018_E_0006786,-5.0957912389
CtrSVDD_0019_E_0006787,-7.1290580508
CtrSVDD_0020_E_0006788,-7.0967804194
CtrSVDD_0021_E_0006789,-4.2019708070
CtrSVDD_0022_E_0006790,-1.5579775179
CtrSVDD_0023_E_0006791,-4.5331092228
CtrSVDD_0024_E_0006792,-4.4603186415
CtrSVDD_0025_E_0006793,-4.2434049846
CtrSVDD_0026_E_0006794,-5.1110182399
CtrSVDD_0027_E_0006795,-1.9835261781
CtrSVDD_0028_E_0006796,-4.6828257554
CtrSVDD_0029_E_0006797,-4.6588675231
CtrSVDD_0030_E_0006798,-4.5879985210
CtrSVDD_0031_E_0006799,-5.4046690290
CtrSVDD_0032_E_0006800,-4.2237900915
CtrSVDD_0033_E_0006801,-3.6521786456
CtrSVDD_0034_E_0006802,-5.2292572017
CtrSVDD_0035_E_0006803,-0.0580823470
CtrSVDD_0036_E_0006804,-5.1478636431
CtrSVDD_0037_E_0006805,-5.1010423205
CtrSVDD_0038_E_0006806,-3.1708081910
CtrSVDD_0039_E_0006807,-3.3382092047
CtrSVDD_0040_E_0006808,-3.9792420104
CtrSVDD_0041_E_0006809,-0.5406807072
CtrSVDD_0042_E_0006810,-4.7871323293
CtrSVDD_0043_E_0006811,-3.7975300535
CtrSVDD_0044_E_0006812,-3.7840544372
CtrSVDD_0045_E_0006813,-4.5628107405
CtrSVDD_0046_E_0006814,-0.3710156822
CtrSVDD_0047_E_0006815,-5.1789892213
CtrSVDD_0000_E_0006816,-4.6165466436
CtrSVDD_0001_E_0006817,-2.3509573115
CtrSVDD_0002_E_0006818,-3.5721277649
CtrSVDD_0003_E_0006819,-4.4484953415
CtrSVDD_0004_E_0006820,-4.0306409193
CtrSVDD_0005_E_0006821,-4.0968991484
CtrSVDD_0006_E_0006822,-7.2502427227
CtrSVDD_0007_E_0006823,-1.3181509693
CtrSVDD_0008_E_0006824,-2.2396815046
CtrSVDD_0009_E_0006825,-4.5420663931
CtrSVDD_0010_E_0006826,-3.9276992925
CtrSVDD_0011_E_0006827,-3.3730703159
CtrSVDD_0012_E_0006828,-3.8238821122
CtrSVDD_0013_E_0006829,0.6753680420
CtrSVDD_0014_E_0006830,-1.1424144914
CtrSVDD_0015_E_0006831,-5.7995268474
CtrSVDD_0016_E_0006832,-3.9867153200
CtrSVDD_0017_E_0006833,-4.6682152063
CtrSVDD_0018_E_0006834,-6.5514886837
CtrSVDD_0019_E_0006835,0.0705068570
CtrSVDD_0020_E_0006836,-6.0739670774
CtrSVDD_0021_E_0006837,-4.3267465070
CtrSVDD_0022_E_0006838,-5.8074149657
CtrSVDD_0023_E_0006839,-5.3822264777
CtrSVDD_0024_E_0006840,-2.4888044721
CtrSVDD_0025_E_0006841,-4.9995704358
CtrSVDD_0026_E_0006842,-4.4203741533
CtrSVDD_0027_E_0006843,-6.0014980583
CtrSVDD_0028_E_0006844,-2.2102777816
CtrSVDD_0029_E_0006845,-1.8063061245
CtrSVDD_0030_E_0006846,-0.3802476369
CtrSVDD_0031_E_0006847,-4.0732416648
CtrSVDD_0032_E_0006848,-3.8703300426
CtrSVDD_0033_E_0006849,0.8696593245
CtrSVDD_0034_E_0006850,-5.3818430147
CtrSVDD_0035_E_0006851,-4.4953963279
CtrSVDD_0036_E_0006852,-5.1157141944
CtrSVDD_0037_E_0006853,-6.7380003484
CtrSVDD_0038_E_0006854,-3.4635080736
CtrSVDD_0039_E_0006855,0.0216829145
CtrSVDD_0040_E_0006856,-5.1812163987
CtrSVDD_0041_E_0006857,-4.9113807268
CtrSVDD_0042_E_0006858,-0.6286535519
CtrSVDD_0043_E_0006859,-0.3090881616
CtrSVDD_0044_E_0006860,-4.0120243693
CtrSVDD_0045_E_0006861,-1.9529102164
CtrSVDD_0046_E_0006862,0.1949601979
CtrSVDD_0047_E_0006863,-5.3279446104
CtrSVDD_0000_E_0006864,-5.6988619037
CtrSVDD_0001_E_0006865,-0.8676194803
CtrSVDD_0002_E_0006866,-5.4510749643
CtrSVDD_0003_E_0006867,-3.3793387114
CtrSVDD_0004_E_0006868,-3.0280228268
CtrSVDD_0005_E_0006869,-5.4473557129
CtrSVDD_0006_E_0006870,-0.3174049680
CtrSVDD_0007_E_0006871,-4.5430539613
CtrSVDD_0008_E_0006872,-4.1129362007
CtrSVDD_0009_E_0006873,-0.4816954322
CtrSVDD_0010_E_0006874,-6.2026348270
CtrSVDD_0011_E_0006875,-6.2066195601
CtrSVDD_0012_E_0006876,-1.3881946827
CtrSVDD_0013_E_0006877,-4.0802813853
CtrSVDD_0014_E_0006878,-3.6548219122
CtrSVDD_0015_E_0006879,1.7390199717
CtrSVDD_0016_E_0006880,-5.4304558866
CtrSVDD_0017_E_0006881,-5.6335200437
CtrSVDD_0018_E_0006882,-5.1635691728
CtrSVDD_0019_E_0006883,-4.6129732408
CtrSVDD_0020_E_0006884,-4.8758320030
CtrSVDD_0021_E_0006885,-0.4136513455
CtrSVDD_0022_E_0006886,-3.4751233618
CtrSVDD_0023_E_0006887,1.0392537032
CtrSVDD_0024_E_0006888,-3.3683269867
CtrSVDD_0025_E_0006889,-4.2244665969
CtrSVDD_0026_E_0006890,-2.4473345921
CtrSVDD_0027_E_0006891,-5.8054018386
CtrSVDD_0028_E_0006892,-3.9027274393
CtrSVDD_0029_E_0006893,-1.7609990467
CtrSVDD_0030_E_0006894,-3.2740130383
CtrSVDD_0031_E_0006895,-5.0804331671
CtrSVDD_0032_E_0006896,-4.1142870289
CtrSVDD_0033_E_0006897,-2.7215526447
CtrSVDD_0034_E_0006898,-5.3529460125
CtrSVDD_0035_E_0006899,-3.9897364284
CtrSVDD_0036_E_0006900,-4.2437900641
CtrSVDD_0037_E_0006901,-4.6065451618
CtrSVDD_0038_E_0006902,-5.1913099624
CtrSVDD_0039_E_0006903,-6.0357195616
CtrSVDD_0040_E_0006904,-2.0702324366
CtrSVDD_0041_E_0006905,0.0987749424
CtrSVDD_0042_E_0006906,-5.3144277541
CtrSVDD_0043_E_0006907,-4.4136202353
CtrSVDD_0044_E_0006908,-4.0350879389
CtrSVDD_0045_E_0006909,-5.3258745281
CtrSVDD_0046_E_0006910,-4.2367498268
CtrSVDD_0047_E_0006911,-0.9926705409
CtrSVDD_0000_E_0006912,-1.0820552086
CtrSVDD_0001_E_0006913,-6.3217718277
CtrSVDD_0002_E_0006914,-7.1767070748
CtrSVDD_0003_E_0006915,-5.2243182487
CtrSVDD_0004_E_0006916,-5.1606539133
CtrSVDD_0005_E_0006917,-5.7230613032
CtrSVDD_0006_E_0006918,-3.7887426785
CtrSVDD_0007_E_0006919,-4.9444801423
CtrSVDD_0008_E_0006920,-6.4485978444
CtrSVDD_0009_E_0006921,-4.2178745510
CtrSVDD_0010_E_0006922,-3.2232813953
CtrSVDD_0011_E_0006923,-5.1155598849
CtrSVDD_0012_E_0006924,-4.4880596489
CtrSVDD_0013_E_0006925,-5.0069434355
CtrSVDD_0014_E_0006926,-3.1897642055
CtrSVDD_0015_E_0006927,-2.3315149335
CtrSVDD_0016_E_0006928,-6.9219718708
CtrSVDD_0017_E_0006929,-1.8791158895
CtrSVDD_0018_E_0006930,-5.1052456435
CtrSVDD_0019_E_0006931,-1.6791049250
CtrSVDD_0020_E_0006932,-5.0386897706
CtrSVDD_0021_E_0006933,-3.6513602347
CtrSVDD_0022_E_0006934,-5.0628741942
CtrSVDD_0023_E_0006935,-2.8076645929
CtrSVDD_0024_E_0006936,-5.5547103139
CtrSVDD_0025_E_0006937,-3.1305780382
CtrSVDD_0026_E_0006938,-5.1126554876
CtrSVDD_0027_E_0006939,-4.3075352180
CtrSVDD_0028_E_0006940,-4.4183232003
CtrSVDD_0029_E_0006941,-6.4631941573
CtrSVDD_0030_E_0006942,-3.8086064467
CtrSVDD_0031_E_0006943,-7.4006363549
CtrSVDD_0032_E_0006944,-1.1764945189
CtrSVDD_0033_E_0006945,-4.2740219706
CtrSVDD_0034_E_0006946,-3.6519035856
CtrSVDD_0035_E_0006947,-3.7905557427
CtrSVDD_0036_E_0006948,-1.8387958732
CtrSVDD_0037_E_0006949,-3.8007774324
CtrSVDD_0038_E_0006950,-2.0327343668
CtrSVDD_0039_E_0006951,-5.0707363695
CtrSVDD_0040_E_0006952,-4.6793008330
CtrSVDD_0041_E_0006953,-5.0662333463
CtrSVDD_0042_E_0006954,-6.0328342635
CtrSVDD_0043_E_0006955,1.0863057363
CtrSVDD_0044_E_0006956,-3.2815681775
CtrSVDD_0045_E_0006957,-4.5719883306
CtrSVDD_0046_E_0006958,-4.7787240242
CtrSVDD_0047_E_0006959,-3.6322672861
CtrSVDD_0000_E_0006960,1.6563238653
CtrSVDD_0001_E_0006961,-4.7202662397
CtrSVDD_0002_E_0006962,-0.6736119784
CtrSVDD_0003_E_0006963,-2.5603229869
CtrSVDD_0004_E_0006964,-5.9120733815
CtrSVDD_0005_E_0006965,0.8374427401
CtrSVDD_0006_E_0006966,-5.8035340974
CtrSVDD_0007_E_0006967,-5.2740893804
CtrSVDD_0008_E_0006968,-2.3417477248
CtrSVDD_0009_E_0006969,-2.7758253554
CtrSVDD_0010_E_0006970,-3.2366108391
CtrSVDD_0011_E_0006971,-4.1507706064
CtrSVDD_0012_E_0006972,-6.8476081423
CtrSVDD_0013_E_0006973,-6.4605063564
CtrSVDD_0014_E_0006974,-4.6181232288
CtrSVDD_0015_E_0006975,-3.9775113402
CtrSVDD_0016_E_0006976,-5.5462729785
CtrSVDD_0017_E_0006977,-2.2399869616
CtrSVDD_0018_E_0006978,-1.0837857127
CtrSVDD_0019_E_0006979,-1.8877843803
CtrSVDD_0020_E_0006980,-2.7243520669
CtrSVDD_0021_E_0006981,-4.8411534711
CtrSVDD_0022_E_0006982,-6.1679405884
CtrSVDD_0023_E_0006983,-6.7862030612
CtrSVDD_0024_E_0006984,-3.3620019632
CtrSVDD_0025_E_0006985,-4.7143721946
CtrSVDD_0026_E_0006986,-4.3843626063
CtrSVDD_0027_E_0006987,-6.9772088410
CtrSVDD_0028_E_0006988,-3.6918603815
CtrSVDD_0029_E_0006989,-3.9550275857
CtrSVDD_0030_E_0006990,-3.2515382076
CtrSVDD_0031_E_0006991,-3.6292283621
CtrSVDD_0032_E_0006992,-5.3376536179
CtrSVDD_0033_E_0006993,-0.8494205515
CtrSVDD_0034_E_0006994,0.3593837417
CtrSVDD_0035_E_0006995,-4.6212735234
CtrSVDD_0036_E_0006996,-4.9920533344
CtrSVDD_0037_E_0006997,-4.5002933926
CtrSVDD_0038_E_0006998,-4.2123433175
CtrSVDD_0039_E_0006999,-6.1046881002
CtrSVDD_0040_E_0007000,-6.7369635260
CtrSVDD_0041_E_0007001,-6.5419007442
CtrSVDD_0042_E_0007002,-2.1497538408
CtrSVDD_0043_E_0007003,-3.6662264483
CtrSVDD_0044_E_0007004,-1.5509037483
CtrSVDD_0045_E_0007005,-6.4243504091
CtrSVDD_0046_E_0007006,-4.9074316986
CtrSVDD_0047_E_0007007,-5.2751937649
CtrSVDD_0000_E_0007008,-3.0821472866
CtrSVDD_0001_E_0007009,-4.2201907456
CtrSVDD_0002_E_0007010,0.0895005952
CtrSVDD_0003_E_0007011,-3.5764446899
CtrSVDD_0004_E_0007012,-5.7998056259
CtrSVDD_0005_E_0007013,-6.4659438105
CtrSVDD_0006_E_0007014,-4.2033711034
CtrSVDD_0007_E_0007015,-6.0530766642
CtrSVDD_0008_E_0007016,-2.9326860365
CtrSVDD_0009_E_0007017,-3.5945536307
CtrSVDD_0010_E_0007018,-4.5717613653
CtrSVDD_0011_E_0007019,-3.8876075599
CtrSVDD_0012_E_0007020,-3.9742290288
CtrSVDD_0013_E_0007021,-5.7098632360
CtrSVDD_0014_E_0007022,-0.1043990475
CtrSVDD_0015_E_0007023,-0.8514287083
CtrSVDD_0016_E_0007024,-3.9474971456
CtrSVDD_0017_E_0007025,-3.0822155513
CtrSVDD_0018_E_0007026,-3.7837761459
CtrSVDD_0019_E_0007027,-6.4150066934
CtrSVDD_0020_E_0007028,3.1426765601
CtrSVDD_0021_E_0007029,-1.2805982317
CtrSVDD_0022_E_0007030,-0.2307328886
CtrSVDD_0023_E_0007031,-4.2404731204
CtrSVDD_0024_E_0007032,-2.7311549625
CtrSVDD_0025_E_0007033,-6.1226356403
CtrSVDD_0026_E_0007034,0.9283296332
CtrSVDD_0027_E_0007035,-5.2621192968
CtrSVDD_0028_E_0007036,-4.6945463026
CtrSVDD_0029_E_0007037,-4.7108822790
CtrSVDD_0030_E_0007038,-5.6971144473
CtrSVDD_0031_E_0007039,-3.1172445004
CtrSVDD_0032_E_0007040,-5.6235344567
CtrSVDD_0033_E_0007041,-5.5074637103
CtrSVDD_0034_E_0007042,2.7328835547
CtrSVDD_0035_E_0007043,-3.5078655235
CtrSVDD_0036_E_0007044,-4.0066060601
CtrSVDD_0037_E_0007045,-4.9128914886
CtrSVDD_0038_E_0007046,-0.4660453558
CtrSVDD_0039_E_0007047,-3.3678919374
CtrSVDD_0040_E_0007048,-3.7089396015
CtrSVDD_0041_E_0007049,0.7363864709
CtrSVDD_0042_E_0007050,-4.4243299833
CtrSVDD_0043_E_0007051,-5.0214439112
CtrSVDD_0044_E_0007052,-6.6576834336
CtrSVDD_0045_E_0007053,-4.4711443944
CtrSVDD_0046_E_0007054,-5.9148673907
CtrSVDD_0047_E_0007055,-4.3952081068
CtrSVDD_0000_E_0007056,-2.3366989971
CtrSVDD_0001_E_0007057,-3.3214912472
CtrSVDD_0002_E_0007058,-4.6766971654
CtrSVDD_0003_E_0007059,-3.4842157663
CtrSVDD_0004_E_0007060,-6.1539512282
CtrSVDD_0005_E_0007061,-1.7130706100
CtrSVDD_0006_E_0007062,-5.8242106132
CtrSVDD_0007_E_0007063,-4.5789536852
CtrSVDD_0008_E_0007064,-5.7001870186
CtrSVDD_0009_E_0007065,-0.6753680420
CtrSVDD_0010_E_0007066,-5.9161506548
CtrSVDD_0011_E_0007067,-5.9021669387
CtrSVDD_0012_E_0007068,-5.2127212094
CtrSVDD_0013_E_0007069,-3.8437999579
CtrSVDD_0014_E_0007070,-3.6574059571
CtrSVDD_0015_E_0007071,-3.1293074695
CtrSVDD_0016_E_0007072,-4.0375412175
CtrSVDD_0017_E_0007073,-3.5835860607
CtrSVDD_0018_E_0007074,-4.2079570086
CtrSVDD_0019_E_0007075,-5.5701607044
CtrSVDD_0020_E_0007076,-4.7236608814
CtrSVDD_0021_E_0007077,-5.4459288718
CtrSVDD_0022_E_0007078,-4.0869388786
CtrSVDD_0023_E_0007079,-3.3525765089
CtrSVDD_0024_E_0007080,-4.7777512128
CtrSVDD_0025_E_0007081,-3.3291965781
CtrSVDD_0026_E_0007082,-1.9947359592
CtrSVDD_0027_E_0007083,-5.4619269251
CtrSVDD_0028_E_0007084,-4.6318877037
CtrSVDD_0029_E_0007085,1.2966417965
CtrSVDD_0030_E_0007086,-0.0903445830
CtrSVDD_0031_E_0007087,-0.3954344060
CtrSVDD_0032_E_0007088,-4.9924368330
CtrSVDD_0033_E_0007089,-3.8719710050
CtrSVDD_0034_E_0007090,-6.0283845745
CtrSVDD_0035_E_0007091,-3.8272361992
CtrSVDD_0036_E_0007092,-5.2833264713
CtrSVDD_0037_E_0007093,-2.7502000115
CtrSVDD_0038_E_0007094,-3.6704956420
CtrSVDD_0039_E_0007095,-5.5349350709
CtrSVDD_0040_E_0007096,-4.8884431669
CtrSVDD_0041_E_0007097,-5.4902125505
CtrSVDD_0042_E_0007098,-4.8626880522
CtrSVDD_0043_E_0007099,-6.2652369418
CtrSVDD_0044_E_0007100,-5.3901580115
CtrSVDD_0045_E_0007101,-5.1798631884
CtrSVDD_0046_E_0007102,-4.5702426339
CtrSVDD_0047_E_0007103,-0.5932506910
CtrSVDD_0000_E_0007104,-4.5012642023
CtrSVDD_0001_E_0007105,-4.5380275463
CtrSVDD_0002_E_0007106,-5.5105676328
CtrSVDD_0003_E_0007107,-3.5047645143
CtrSVDD_0004_E_0007108,-2.4864627634
CtrSVDD_0005_E_0007109,-0.2653542101
CtrSVDD_0006_E_0007110,-5.2460973151
CtrSVDD_0007_E_0007111,-5.4737999974
CtrSVDD_0008_E_0007112,-5.5303875571
CtrSVDD_0009_E_0007113,-4.2139163580
CtrSVDD_0010_E_0007114,-5.7888679065
CtrSVDD_0011_E_0007115,0.1391504120
CtrSVDD_0012_E_0007116,-6.4189128448
CtrSVDD_0013_E_0007117,-3.9633834786
CtrSVDD_0014_E_0007118,-4.7271376096
CtrSVDD_0015_E_0007119,-5.3384902277
CtrSVDD_0016_E_0007120,-4.8931445814
CtrSVDD_0017_E_0007121,-6.1306682453
CtrSVDD_0018_E_0007122,-4.3552495421
CtrSVDD_0019_E_0007123,-5.1781587393
CtrSVDD_0020_E_0007124,2.0228419014
CtrSVDD_0021_E_0007125,-5.1611913510
CtrSVDD_0022_E_0007126,0.4182268725
CtrSVDD_0023_E_0007127,-5.6445098390
CtrSVDD_0024_E_0007128,-2.5848312315
CtrSVDD_0025_E_0007129,-5.6193542948
CtrSVDD_0026_E_0007130,-5.0821831435
CtrSVDD_0027_E_0007131,-5.4333391704
CtrSVDD_0028_E_0007132,-3.8572782130
CtrSVDD_0029_E_0007133,-3.8690624222
CtrSVDD_0030_E_0007134,-7.1158631124
CtrSVDD_0031_E_0007135,-4.3572663931
CtrSVDD_0032_E_0007136,-5.9754954348
CtrSVDD_0033_E_0007137,-6.3619502333
CtrSVDD_0034_E_0007138,-7.1277517689
CtrSVDD_0035_E_0007139,-0.8002791039
CtrSVDD_0036_E_0007140,-5.8511367044
CtrSVDD_0037_E_0007141,-4.8536773244
CtrSVDD_0038_E_0007142,-6.9243205711
CtrSVDD_0039_E_0007143,-3.4690660652
CtrSVDD_0040_E_0007144,-2.1275464043
CtrSVDD_0041_E_0007145,-5.7263217243
CtrSVDD_0042_E_0007146,-3.9938338544
CtrSVDD_0043_E_0007147,-3.7676431212
CtrSVDD_0044_E_0007148,-3.9067018823
CtrSVDD_0045_E_0007149,-6.3270682915
CtrSVDD_0046_E_0007150,-5.7517068531
CtrSVDD_0047_E_0007151,-0.3803534882
CtrSVDD_0000_E_0007152,-6.3181917190
CtrSVDD_0001_E_0007153,-1.9262304790
CtrSVDD_0002_E_0007154,-4.8596208411
CtrSVDD_0003_E_0007155,1.2086579908
CtrSVDD_0004_E_0007156,-4.8433270240
CtrSVDD_0005_E_0007157,-3.3483461784
CtrSVDD_0006_E_0007158,-5.0371947363
CtrSVDD_0007_E_0007159,-6.2588549813
CtrSVDD_0008_E_0007160,-5.1623678531
CtrSVDD_0009_E_0007161,0.6806487851
CtrSVDD_0010_E_0007162,-5.9456566288
CtrSVDD_0011_E_0007163,-4.0695933356
CtrSVDD_0012_E_0007164,-5.1779219065
CtrSVDD_0013_E_0007165,-4.3220980073
CtrSVDD_0014_E_0007166,-4.7466694894
CtrSVDD_0015_E_0007167,-5.5124304271
CtrSVDD_0016_E_0007168,-6.0475077988
CtrSVDD_0017_E_0007169,-5.3702558081
CtrSVDD_0018_E_0007170,-0.4106058040
CtrSVDD_0019_E_0007171,-6.9115151976
CtrSVDD_0020_E_0007172,-5.3771447845
CtrSVDD_0021_E_0007173,-4.8141658602
CtrSVDD_0022_E_0007174,-6.5355719924
CtrSVDD_0023_E_0007175,-4.7520866296
CtrSVDD_0024_E_0007176,-0.4738558864
CtrSVDD_0025_E_0007177,-4.0472861564
CtrSVDD_0026_E_0007178,-0.8737499097
CtrSVDD_0027_E_0007179,1.4294545314
CtrSVDD_0028_E_0007180,-5.1297336629
CtrSVDD_0029_E_0007181,-2.7366353698
CtrSVDD_0030_E_0007182,-2.7913957517
CtrSVDD_0031_E_0007183,-5.4086473943
CtrSVDD_0032_E_0007184,-6.1171426566
CtrSVDD_0033_E_0007185,-1.0205289246
CtrSVDD_0034_E_0007186,-5.9577098533
CtrSVDD_0035_E_0007187,-6.2218518703
CtrSVDD_0036_E_0007188,-4.0214990533
CtrSVDD_0037_E_0007189,-3.4046902111
CtrSVDD_0038_E_0007190,-4.3280627824
CtrSVDD_0039_E_0007191,-4.0185063066
CtrSVDD_0040_E_0007192,-4.2998837562
CtrSVDD_0041_E_0007193,-4.2377768952
CtrSVDD_0042_E_0007194,-4.6722385539
CtrSVDD_0043_E_0007195,-3.6383371775
CtrSVDD_0044_E_0007196,-3.0096840931
CtrSVDD_0045_E_0007197,-5.5001959771
CtrSVDD_0046_E_0007198,-5.2471018782
CtrSVDD_0047_E_0007199,-4.1563670025
CtrSVDD_0000_E_0007200,1.9603556855
CtrSVDD_0001_E_0007201,-4.6201693579
CtrSVDD_0002_E_0007202,-4.0152568343
CtrSVDD_0003_E_0007203,-6.1545264858
CtrSVDD_0004_E_0007204,-5.3019533296
CtrSVDD_0005_E_0007205,-4.8875587660
CtrSVDD_0006_E_0007206,-2.5971998665
CtrSVDD_0007_E_0007207,-4.8198293166
CtrSVDD_0008_E_0007208,-6.2206819297
CtrSVDD_0009_E_0007209,1.5501990408
CtrSVDD_0010_E_0007210,-3.5476198241
CtrSVDD_0011_E_0007211,-5.0748566125
CtrSVDD_0012_E_0007212,-6.2661738787
CtrSVDD_0013_E_0007213,-7.1799177701
CtrSVDD_0014_E_0007214,-4.1999693642
CtrSVDD_0015_E_0007215,-1.7185726114
CtrSVDD_0016_E_0007216,-5.3932222550
CtrSVDD_0017_E_0007217,-7.6808804369
CtrSVDD_0018_E_0007218,-5.6567411854
CtrSVDD_0019_E_0007219,-5.2935280183
CtrSVDD_0020_E_0007220,-0.0146878031
CtrSVDD_0021_E_0007221,-4.9943979417
CtrSVDD_0022_E_0007222,-4.8519715525
CtrSVDD_0023_E_0007223,-3.5326223136
CtrSVDD_0024_E_0007224,-5.0372400408
CtrSVDD_0025_E_0007225,-4.8288771658
CtrSVDD_0026_E_0007226,-0.9522704869
CtrSVDD_0027_E_0007227,-4.5061577700
CtrSVDD_0028_E_0007228,-3.5834281039
CtrSVDD_0029_E_0007229,1.8207925786
CtrSVDD_0030_E_0007230,-3.8143155391
CtrSVDD_0031_E_0007231,-1.2851370926
CtrSVDD_0032_E_0007232,-3.0943185138
CtrSVDD_0033_E_0007233,-0.7529983711
CtrSVDD_0034_E_0007234,-5.2376172814
CtrSVDD_0035_E_0007235,-6.3959304055
CtrSVDD_0036_E_0007236,-4.6643732472
CtrSVDD_0037_E_0007237,-1.3538593641
CtrSVDD_0038_E_0007238,-4.8962679646
CtrSVDD_0039_E_0007239,-1.1571662746
CtrSVDD_0040_E_0007240,-6.1319343520
CtrSVDD_0041_E_0007241,-4.3899657291
CtrSVDD_0042_E_0007242,-5.1930361129
CtrSVDD_0043_E_0007243,-4.0797431246
CtrSVDD_0044_E_0007244,-5.4078210765
CtrSVDD_0045_E_0007245,0.4136513455
CtrSVDD_0046_E_0007246,-5.3475529726
CtrSVDD_0047_E_0007247,-3.0811568163
CtrSVDD_0000_E_0007248,-6.0754241379
CtrSVDD_0001_E_0007249,0.9175473861
CtrSVDD_0002_E_0007250,-3.1340785786
CtrSVDD_0003_E_0007251,-1.3468970466
CtrSVDD_0004_E_0007252,-4.9837287937
CtrSVDD_0005_E_0007253,-5.0283507177
CtrSVDD_0006_E_0007254,-5.4062022616
CtrSVDD_0007_E_0007255,-0.0555106543
CtrSVDD_0008_E_0007256,-4.1825583497
CtrSVDD_0009_E_0007257,0.7964315437
CtrSVDD_0010_E_0007258,1.8432660285
CtrSVDD_0011_E_0007259,-4.6754531189
CtrSVDD_0012_E_0007260,-3.8455361978
CtrSVDD_0013_E_0007261,-2.3872183562
CtrSVDD_0014_E_0007262,-0.7492890010
CtrSVDD_0015_E_0007263,-5.0964959723
CtrSVDD_0016_E_0007264,-5.6241359368
CtrSVDD_0017_E_0007265,-5.8571114621
CtrSVDD_0018_E_0007266,-1.5943391821
CtrSVDD_0019_E_0007267,-0.3237943289
CtrSVDD_0020_E_0007268,-7.4876993106
CtrSVDD_0021_E_0007269,0.0678933459
CtrSVDD_0022_E_0007270,-2.5890374504
CtrSVDD_0023_E_0007271,-0.3683508953
CtrSVDD_0024_E_0007272,-4.9734764838
CtrSVDD_0025_E_0007273,-5.1791861118
CtrSVDD_0026_E_0007274,-5.1317322600
CtrSVDD_0027_E_0007275,-4.0688346113
CtrSVDD_0028_E_0007276,-5.2815697093
CtrSVDD_0029_E_0007277,-4.6771043286
CtrSVDD_0030_E_0007278,-6.8204554539
CtrSVDD_0031_E_0007279,-4.5097849563
CtrSVDD_0032_E_0007280,-6.0616914446
CtrSVDD_0033_E_0007281,-4.7856406296
CtrSVDD_0034_E_0007282,0.2408003976
CtrSVDD_0035_E_0007283,-6.4222618376
CtrSVDD_0036_E_0007284,-5.6953640856
CtrSVDD_0037_E_0007285,-5.7879017296
CtrSVDD_0038_E_0007286,-4.1959743692
CtrSVDD_0039_E_0007287,-7.0008524929
CtrSVDD_0040_E_0007288,-3.6593730153
CtrSVDD_0041_E_0007289,-4.9906805853
CtrSVDD_0042_E_0007290,-0.0538793990
CtrSVDD_0043_E_0007291,-4.0375001931
CtrSVDD_0044_E_0007292,-6.2775957064
CtrSVDD_0045_E_0007293,-4.3871545739
CtrSVDD_0046_E_0007294,-5.6884033960
CtrSVDD_0047_E_0007295,-5.1825401989
CtrSVDD_0000_E_0007296,-3.0763598340
CtrSVDD_0001_E_0007297,1.1223380117
CtrSVDD_0002_E_0007298,-4.6572014758
CtrSVDD_0003_E_0007299,-0.3788501997
CtrSVDD_0004_E_0007300,-0.1466978246
CtrSVDD_0005_E_0007301,-5.4203723944
CtrSVDD_0006_E_0007302,1.0913665906
CtrSVDD_0007_E_0007303,-5.6944227201
CtrSVDD_0008_E_0007304,-5.4854769877
CtrSVDD_0009_E_0007305,-3.9558717067
CtrSVDD_0010_E_0007306,-4.3460792809
CtrSVDD_0011_E_0007307,-5.2079904415
CtrSVDD_0012_E_0007308,-4.1385103791
CtrSVDD_0013_E_0007309,-5.5298530602
CtrSVDD_0014_E_0007310,-3.6139927625
CtrSVDD_0015_E_0007311,-5.8312867371
CtrSVDD_0016_E_0007312,-4.4263389664
CtrSVDD_0017_E_0007313,-4.8977881609
CtrSVDD_0018_E_0007314,-6.3370040261
CtrSVDD_0019_E_0007315,-4.3534834186
CtrSVDD_0020_E_0007316,-5.1912459821
CtrSVDD_0021_E_0007317,-3.5443950516
CtrSVDD_0022_E_0007318,-4.3140205624
CtrSVDD_0023_E_0007319,-4.8504958734
CtrSVDD_0024_E_0007320,-4.3469670572
CtrSVDD_0025_E_0007321,-4.8828486047
CtrSVDD_0026_E_0007322,-6.2827815730
CtrSVDD_0027_E_0007323,-5.9000528243
CtrSVDD_0028_E_0007324,-4.6968851289
CtrSVDD_0029_E_0007325,-2.0911140620
CtrSVDD_0030_E_0007326,-0.5314044529
CtrSVDD_0031_E_0007327,-6.7604882385
CtrSVDD_0032_E_0007328,-5.0373906107
CtrSVDD_0033_E_0007329,-5.2512617845
CtrSVDD_0034_E_0007330,-4.1757094666
CtrSVDD_0035_E_0007331,0.8904337118
CtrSVDD_0036_E_0007332,1.2403559942
CtrSVDD_0037_E_0007333,-2.7727858585
CtrSVDD_0038_E_0007334,0.9767699911
CtrSVDD_0039_E_0007335,-1.8703450712
CtrSVDD_0040_E_0007336,-2.2764570273
CtrSVDD_0041_E_0007337,-6.0774409889
CtrSVDD_0042_E_0007338,0.9778485914
CtrSVDD_0043_E_0007339,-4.0738009573
CtrSVDD_0044_E_0007340,-5.5288730109
CtrSVDD_0045_E_0007341,-2.2366849706
CtrSVDD_0046_E_0007342,-3.6474225644
CtrSVDD_0047_E_0007343,-5.1343598289
CtrSVDD_0000_E_0007344,-5.4240331866
CtrSVDD_0001_E_0007345,-4.4312195510
CtrSVDD_0002_E_0007346,-6.0785524880
CtrSVDD_0003_E_0007347,-3.8326428532
CtrSVDD_0004_E_0007348,-4.0881335291
CtrSVDD_0005_E_0007349,-2.8134878817
CtrSVDD_0006_E_0007350,-4.0122501947
CtrSVDD_0007_E_0007351,-7.5087029599
CtrSVDD_0008_E_0007352,-5.4227678545
CtrSVDD_0009_E_0007353,-4.9026721266
CtrSVDD_0010_E_0007354,-5.2634734742
CtrSVDD_0011_E_0007355,-4.1446277748
CtrSVDD_0012_E_0007356,-2.9447888156
CtrSVDD_0013_E_0007357,-3.7563702323
CtrSVDD_0014_E_0007358,-5.4227227984
CtrSVDD_0015_E_0007359,-1.9006016242
CtrSVDD_0016_E_0007360,-2.0558926485
CtrSVDD_0017_E_0007361,0.5022191229
CtrSVDD_0018_E_0007362,-3.8918191391
CtrSVDD_0019_E_0007363,-3.0646377573
CtrSVDD_0020_E_0007364,-5.9874379493
CtrSVDD_0021_E_0007365,-2.7080165820
CtrSVDD_0022_E_0007366,-6.4357971831
CtrSVDD_0023_E_0007367,-5.3668870366
CtrSVDD_0024_E_0007368,0.9456874299
CtrSVDD_0025_E_0007369,-0.8394306710
CtrSVDD_0026_E_0007370,-5.0329034757
CtrSVDD_0027_E_0007371,-5.0935776233
CtrSVDD_0028_E_0007372,-5.1228230536
CtrSVDD_0029_E_0007373,-2.9602653422
CtrSVDD_0030_E_0007374,-0.2192556688
CtrSVDD_0031_E_0007375,-5.3517949440
CtrSVDD_0032_E_0007376,-0.4121280969
CtrSVDD_0033_E_0007377,-5.6527911169
CtrSVDD_0034_E_0007378,-5.2533180849
CtrSVDD_0035_E_0007379,-1.4352085477
CtrSVDD_0036_E_0007380,-6.4600446184
CtrSVDD_0037_E_0007381,-6.4401208820
CtrSVDD_0038_E_0007382,-5.3162805270
CtrSVDD_0039_E_0007383,-5.6201812402
CtrSVDD_0040_E_0007384,-0.2149592275
CtrSVDD_0041_E_0007385,-4.8119822347
CtrSVDD_0042_E_0007386,-5.3357166201
CtrSVDD_0043_E_0007387,-4.6922057341
CtrSVDD_0044_E_0007388,-2.9435895626
CtrSVDD_0045_E_0007389,-5.2837982183
CtrSVDD_0046_E_0007390,-6.3187571038
CtrSVDD_0047_E_0007391,-3.8247064652
CtrSVDD_0000_E_0007392,-3.8101141656
CtrSVDD_0001_E_0007393,-4.0010876903
CtrSVDD_0002_E_0007394,-4.4314755280
CtrSVDD_0003_E_0007395,-4.1878961090
CtrSVDD_0004_E_0007396,-6.0713997643
CtrSVDD_0005_E_0007397,-3.2668940555
CtrSVDD_0006_E_0007398,-0.1072123277
CtrSVDD_0007_E_0007399,-1.0134905810
CtrSVDD_0008_E_0007400,-4.4164094925
CtrSVDD_0009_E_0007401,-5.9113634616
CtrSVDD_0010_E_0007402,-5.6528089798
CtrSVDD_0011_E_0007403,0.7199753406
CtrSVDD_0012_E_0007404,-5.2191750266
CtrSVDD_0013_E_0007405,-6.5137842500
CtrSVDD_0014_E_0007406,-0.3164326907
CtrSVDD_0015_E_0007407,-4.2300557040
CtrSVDD_0016_E_0007408,-1.3787600432
CtrSVDD_0017_E_0007409,-5.0544504213
CtrSVDD_0018_E_0007410,-3.5098819499
CtrSVDD_0019_E_0007411,-1.9655444033
CtrSVDD_0020_E_0007412,-3.8368672334
CtrSVDD_0021_E_0007413,-3.1800517605
CtrSVDD_0022_E_0007414,-3.6836289170
CtrSVDD_0023_E_0007415,-4.2800728321
CtrSVDD_0024_E_0007416,-0.2537804489
CtrSVDD_0025_E_0007417,-3.8299537811
CtrSVDD_0026_E_0007418,-6.0734104020
CtrSVDD_0027_E_0007419,-5.5623650256
CtrSVDD_0028_E_0007420,-6.2004496410
CtrSVDD_0029_E_0007421,-5.4773186525
CtrSVDD_0030_E_0007422,-4.3290590492
CtrSVDD_0031_E_0007423,-6.5702282399
CtrSVDD_0032_E_0007424,1.2136317090
CtrSVDD_0033_E_0007425,-1.9296901738
CtrSVDD_0034_E_0007426,-6.1795119352
CtrSVDD_0035_E_0007427,-4.6102306084
CtrSVDD_0036_E_0007428,-4.7806739067
CtrSVDD_0037_E_0007429,-6.1101485329
CtrSVDD_0038_E_0007430,-3.7399621100
CtrSVDD_0039_E_0007431,-5.2607319902
CtrSVDD_0040_E_0007432,0.2697034673
CtrSVDD_0041_E_0007433,-4.3510180367
CtrSVDD_0042_E_0007434,-4.4548524030
CtrSVDD_0043_E_0007435,0.3094522773
CtrSVDD_0044_E_0007436,-5.5614516187
CtrSVDD_0045_E_0007437,-6.3525905604
CtrSVDD_0046_E_0007438,-5.4381527613
CtrSVDD_0047_E_0007439,-5.9998719188
CtrSVDD_0000_E_0007440,-4.6655979909
CtrSVDD_0001_E_0007441,0.8099502840
CtrSVDD_0002_E_0007442,-3.1384201261
CtrSVDD_0003_E_0007443,-5.9128282505
CtrSVDD_0004_E_0007444,-6.7769924714
CtrSVDD_0005_E_0007445,-3.8034042198
CtrSVDD_0006_E_0007446,-2.8995285655
CtrSVDD_0007_E_0007447,-4.8318771205
CtrSVDD_0008_E_0007448,-3.1217207338
CtrSVDD_0009_E_0007449,-4.3474314646
CtrSVDD_0010_E_0007450,-6.0395415359
CtrSVDD_0011_E_0007451,0.3984613015
CtrSVDD_0012_E_0007452,-0.0230820531
CtrSVDD_0013_E_0007453,-1.7081333224
CtrSVDD_0014_E_0007454,1.2313500657
CtrSVDD_0015_E_0007455,-5.8438784733
CtrSVDD_0016_E_0007456,-4.4440852508
CtrSVDD_0017_E_0007457,-4.5714007147
CtrSVDD_0018_E_0007458,-3.2818247181
CtrSVDD_0019_E_0007459,-4.9720489395
CtrSVDD_0020_E_0007460,-0.0889401633
CtrSVDD_0021_E_0007461,-3.3093078638
CtrSVDD_0022_E_0007462,-4.7082349130
CtrSVDD_0023_E_0007463,-4.7060673767
CtrSVDD_0024_E_0007464,-2.0109514050
CtrSVDD_0025_E_0007465,-2.7838846710
CtrSVDD_0026_E_0007466,-4.9209441658
CtrSVDD_0027_E_0007467,0.8534403046
CtrSVDD_0028_E_0007468,-6.2234911275
CtrSVDD_0029_E_0007469,-5.9669527103
CtrSVDD_0030_E_0007470,-3.8518515929
CtrSVDD_0031_E_0007471,-5.3114301649
CtrSVDD_0032_E_0007472,1.2837805526
CtrSVDD_0033_E_0007473,-5.8687557332
CtrSVDD_0034_E_0007474,-5.1681722060
CtrSVDD_0035_E_0007475,-5.4598751220
CtrSVDD_0036_E_0007476,-4.4831293509
CtrSVDD_0037_E_0007477,-3.3825562598
CtrSVDD_0038_E_0007478,-3.8072632326
CtrSVDD_0039_E_0007479,-2.1906454907
CtrSVDD_0040_E_0007480,-0.2135279657
CtrSVDD_0041_E_0007481,-2.2277092511
CtrSVDD_0042_E_0007482,-5.4434931198
CtrSVDD_0043_E_0007483,-6.8930845560
CtrSVDD_0044_E_0007484,-3.1594968828
CtrSVDD_0045_E_0007485,-5.6003762656
CtrSVDD_0046_E_0007486,-6.0155633316
CtrSVDD_0047_E_0007487,-4.0789843244
CtrSVDD_0000_E_0007488,-5.7799958227
CtrSVDD_0001_E_0007489,-4.0729865921
CtrSVDD_0002_E_0007490,-2.7002317043
CtrSVDD_0003_E_0007491,-3.9619338249
CtrSVDD_0004_E_0007492,-3.8495069875
CtrSVDD_0005_E_0007493,-3.8886875729
CtrSVDD_0006_E_0007494,-6.9741660813
CtrSVDD_0007_E_0007495,-4.4667072227
CtrSVDD_0008_E_0007496,-3.6935088775
CtrSVDD_0009_E_0007497,-5.8203559308
CtrSVDD_0010_E_0007498,-6.9190109027
CtrSVDD_0011_E_0007499,-5.9268372176
CtrSVDD_0012_E_0007500,-2.3622504381
CtrSVDD_0013_E_0007501,1.3611489816
CtrSVDD_0014_E_0007502,-5.1511940479
CtrSVDD_0015_E_0007503,-2.8781904029
CtrSVDD_0016_E_0007504,-7.8490472759
CtrSVDD_0017_E_0007505,-2.3078663102
CtrSVDD_0018_E_0007506,-0.1944753570
CtrSVDD_0019_E_0007507,-4.6167850419
CtrSVDD_0020_E_0007508,-4.5765517470
CtrSVDD_0021_E_0007509,-4.7930941478
CtrSVDD_0022_E_0007510,-2.6266727898
CtrSVDD_0023_E_0007511,-5.0901922569
CtrSVDD_0024_E_0007512,-5.8991156927
CtrSVDD_0025_E_0007513,-3.8281404586
CtrSVDD_0026_E_0007514,-4.2530536191
CtrSVDD_0027_E_0007515,-6.5230540669
CtrSVDD_0028_E_0007516,-6.3644457289
CtrSVDD_0029_E_0007517,-4.9194834324
CtrSVDD_0030_E_0007518,-4.7826557128
CtrSVDD_0031_E_0007519,-5.9059796718
CtrSVDD_0032_E_0007520,-3.7718197536
CtrSVDD_0033_E_0007521,-1.0812725529
CtrSVDD_0034_E_0007522,-4.7581128847
CtrSVDD_0035_E_0007523,-3.1530794285
CtrSVDD_0036_E_0007524,-5.4035937666
CtrSVDD_0037_E_0007525,-6.4089471472
CtrSVDD_0038_E_0007526,-6.0201581618
CtrSVDD_0039_E_0007527,0.4474143830
CtrSVDD_0040_E_0007528,-0.2813267155
CtrSVDD_0041_E_0007529,-3.2450055290
CtrSVDD_0042_E_0007530,-4.3306022898
CtrSVDD_0043_E_0007531,0.7236053830
CtrSVDD_0044_E_0007532,-3.9566155037
CtrSVDD_0045_E_0007533,-5.7018167176
CtrSVDD_0046_E_0007534,0.2924055437
CtrSVDD_0047_E_0007535,-4.3303794633
CtrSVDD_0000_E_0007536,0.5309923114
CtrSVDD_0001_E_0007537,-4.6368079525
CtrSVDD_0002_E_0007538,-6.0530057444
CtrSVDD_0003_E_0007539,-5.4666203165
CtrSVDD_0004_E_0007540,-3.4184053417
CtrSVDD_0005_E_0007541,-4.7405362099
CtrSVDD_0006_E_0007542,-4.1965102346
CtrSVDD_0007_E_0007543,-5.7306267469
CtrSVDD_0008_E_0007544,-5.0261510596
CtrSVDD_0009_E_0007545,0.7163547607
CtrSVDD_0010_E_0007546,-0.1227011540
CtrSVDD_0011_E_0007547,-7.2930852187
CtrSVDD_0012_E_0007548,-5.6666301312
CtrSVDD_0013_E_0007549,-4.6616566370
CtrSVDD_0014_E_0007550,-3.8409036138
CtrSVDD_0015_E_0007551,-5.9819427071
CtrSVDD_0016_E_0007552,-5.2721815135
CtrSVDD_0017_E_0007553,-1.8201322026
CtrSVDD_0018_E_0007554,-2.5940015058
CtrSVDD_0019_E_0007555,-1.0158311043
CtrSVDD_0020_E_0007556,1.2742722027
CtrSVDD_0021_E_0007557,-5.1404067396
CtrSVDD_0022_E_0007558,-4.2739676000
CtrSVDD_0023_E_0007559,-0.7019651572
CtrSVDD_0024_E_0007560,-4.1468113598
CtrSVDD_0025_E_0007561,-5.4464608100
CtrSVDD_0026_E_0007562,-5.6684971920
CtrSVDD_0027_E_0007563,-4.2434679477
CtrSVDD_0028_E_0007564,-0.0791139796
CtrSVDD_0029_E_0007565,-6.2358215389
CtrSVDD_0030_E_0007566,-5.3219874504
CtrSVDD_0031_E_0007567,-4.9624023764
CtrSVDD_0032_E_0007568,0.3164326907
CtrSVDD_0033_E_0007569,-4.4335264393
CtrSVDD_0034_E_0007570,-6.1514307909
CtrSVDD_0035_E_0007571,-6.6170942263
CtrSVDD_0036_E_0007572,-4.9654037516
CtrSVDD_0037_E_0007573,-4.7057737558
CtrSVDD_0038_E_0007574,-4.2051393145
CtrSVDD_0039_E_0007575,-5.5715357114
CtrSVDD_0040_E_0007576,-5.7905466705
CtrSVDD_0041_E_0007577,-3.4363343055
CtrSVDD_0042_E_0007578,-4.4132949614
CtrSVDD_0043_E_0007579,-3.9271395512
CtrSVDD_0044_E_0007580,-3.2470376331
CtrSVDD_0045_E_0007581,-3.5189467811
CtrSVDD_0046_E_0007582,-3.2557497868
CtrSVDD_0047_E_0007583,-3.2062043625
CtrSVDD_0000_E_0007584,-5.9783994843
CtrSVDD_0001_E_0007585,-5.2756214238
CtrSVDD_0002_E_0007586,-1.1821021320
CtrSVDD_0003_E_0007587,-5.6922417901
CtrSVDD_0004_E_0007588,-4.9488528640
CtrSVDD_0005_E_0007589,-5.9427459893
CtrSVDD_0006_E_0007590,-6.4008088680
CtrSVDD_0007_E_0007591,-3.7607949605
CtrSVDD_0008_E_0007592,-6.5775609466
CtrSVDD_0009_E_0007593,-5.5970427841
CtrSVDD_0010_E_0007594,1.1171015851
CtrSVDD_0011_E_0007595,-0.9290925809
CtrSVDD_0012_E_0007596,-5.0906583406
CtrSVDD_0013_E_0007597,-5.3918252054
CtrSVDD_0014_E_0007598,-4.3233411014
CtrSVDD_0015_E_0007599,-3.2084774386
CtrSVDD_0016_E_0007600,-4.8917977150
CtrSVDD_0017_E_0007601,-2.5023239680
CtrSVDD_0018_E_0007602,-6.2378922893
CtrSVDD_0019_E_0007603,0.1255203605
CtrSVDD_0020_E_0007604,-4.8225756335
CtrSVDD_0021_E_0007605,-6.3493861593
CtrSVDD_0022_E_0007606,-3.9982278775
CtrSVDD_0023_E_0007607,-6.0690778040
CtrSVDD_0024_E_0007608,-3.6968081097
CtrSVDD_0025_E_0007609,-4.6259034552
CtrSVDD_0026_E_0007610,-1.7649809686
CtrSVDD_0027_E_0007611,-3.6415172749
CtrSVDD_0028_E_0007612,-4.9107888331
CtrSVDD_0029_E_0007613,-4.9501105965
CtrSVDD_0030_E_0007614,1.0638682391
CtrSVDD_0031_E_0007615,-4.5347528264
CtrSVDD_0032_E_0007616,-6.9291478765
CtrSVDD_0033_E_0007617,-4.9544784188
CtrSVDD_0034_E_0007618,-3.7282626411
CtrSVDD_0035_E_0007619,-5.4080128751
CtrSVDD_0036_E_0007620,-5.3361945588
CtrSVDD_0037_E_0007621,-4.5509219736
CtrSVDD_0038_E_0007622,-4.8996188366
CtrSVDD_0039_E_0007623,-4.4599421155
CtrSVDD_0040_E_0007624,-4.5167650577
CtrSVDD_0041_E_0007625,-5.5562363027
CtrSVDD_0042_E_0007626,-5.1323338919
CtrSVDD_0043_E_0007627,-3.5411985203
CtrSVDD_0044_E_0007628,-5.5428006629
CtrSVDD_0045_E_0007629,-6.4426506160
CtrSVDD_0046_E_0007630,-4.4031617276
CtrSVDD_0047_E_0007631,-6.6154534956
CtrSVDD_0000_E_0007632,-3.5082975142
CtrSVDD_0001_E_0007633,-4.0260944435
CtrSVDD_0002_E_0007634,-4.9534599413
CtrSVDD_0003_E_0007635,0.7811575769
CtrSVDD_0004_E_0007636,-3.6411016836
CtrSVDD_0005_E_0007637,0.0118899790
CtrSVDD_0006_E_0007638,-5.9695866049
CtrSVDD_0007_E_0007639,-5.1489736698
CtrSVDD_0008_E_0007640,-7.0448951545
CtrSVDD_0009_E_0007641,0.0342770194
CtrSVDD_0010_E_0007642,-4.1169882462
CtrSVDD_0011_E_0007643,-4.4057278106
CtrSVDD_0012_E_0007644,-4.3113022003
CtrSVDD_0013_E_0007645,-1.0432264010
CtrSVDD_0014_E_0007646,-4.8814079383
CtrSVDD_0015_E_0007647,-4.0340584369
CtrSVDD_0016_E_0007648,-4.8005455164
CtrSVDD_0017_E_0007649,0.3320158604
CtrSVDD_0018_E_0007650,-5.8424158015
CtrSVDD_0019_E_0007651,-4.0738055956
CtrSVDD_0020_E_0007652,-6.3797495212
CtrSVDD_0021_E_0007653,-4.6190682681
CtrSVDD_0022_E_0007654,-3.2251217987
CtrSVDD_0023_E_0007655,-0.8916360143
CtrSVDD_0024_E_0007656,-4.6705414614
CtrSVDD_0025_E_0007657,-4.5652682777
CtrSVDD_0026_E_0007658,-4.8030512077
CtrSVDD_0027_E_0007659,-3.1286596135
CtrSVDD_0028_E_0007660,-5.0676831306
CtrSVDD_0029_E_0007661,-3.9224407492
CtrSVDD_0030_E_0007662,-4.8491766553
CtrSVDD_0031_E_0007663,-3.8311833300
CtrSVDD_0032_E_0007664,1.2494636636
CtrSVDD_0033_E_0007665,-3.2413999291
CtrSVDD_0034_E_0007666,-3.2213540433
CtrSVDD_0035_E_0007667,-3.7433317794
CtrSVDD_0036_E_0007668,0.9413214015
CtrSVDD_0037_E_0007669,-5.4323845958
CtrSVDD_0038_E_0007670,-5.9688675472
CtrSVDD_0039_E_0007671,-4.2729364236
CtrSVDD_0040_E_0007672,0.3519331562
CtrSVDD_0041_E_0007673,-3.5683390015
CtrSVDD_0042_E_0007674,-3.9377185882
CtrSVDD_0043_E_0007675,-4.2682580508
CtrSVDD_0044_E_0007676,-5.4693033339
CtrSVDD_0045_E_0007677,0.2379215198
CtrSVDD_0046_E_0007678,-3.5565750248
CtrSVDD_0047_E_0007679,-4.8890232705
CtrSVDD_0000_E_0007680,-5.7082520226
CtrSVDD_0001_E_0007681,-3.5240975335
CtrSVDD_0002_E_0007682,-5.9989378803
CtrSVDD_0003_E_0007683,-2.4067991282
CtrSVDD_0004_E_0007684,-4.7421636493
CtrSVDD_0005_E_0007685,-3.2668634904
CtrSVDD_0006_E_0007686,-5.4630141175
CtrSVDD_0007_E_0007687,-4.6850676350
CtrSVDD_0008_E_0007688,-4.5414041173
CtrSVDD_0009_E_0007689,-6.2663399377
CtrSVDD_0010_E_0007690,-5.3069378592
CtrSVDD_0011_E_0007691,-5.6302582159
CtrSVDD_0012_E_0007692,-4.2299371474
CtrSVDD_0013_E_0007693,1.3022891135
CtrSVDD_0014_E_0007694,-4.2394401529
CtrSVDD_0015_E_0007695,-5.2373661319
CtrSVDD_0016_E_0007696,-7.3318753363
CtrSVDD_0017_E_0007697,-5.2563398713
CtrSVDD_0018_E_0007698,-6.4905884081
CtrSVDD_0019_E_0007699,-3.5933490632
CtrSVDD_0020_E_0007700,-0.1608521865
CtrSVDD_0021_E_0007701,-3.5413673622
CtrSVDD_0022_E_0007702,-3.8744401078
CtrSVDD_0023_E_0007703,-6.2524303527
CtrSVDD_0024_E_0007704,-4.3311921794
CtrSVDD_0025_E_0007705,-3.6375353153
CtrSVDD_0026_E_0007706,-5.1767626105
CtrSVDD_0027_E_0007707,-5.4681865939
CtrSVDD_0028_E_0007708,-6.4233026232
CtrSVDD_0029_E_0007709,-3.3592510827
CtrSVDD_0030_E_0007710,-5.2776683193
CtrSVDD_0031_E_0007711,-4.2492271338
CtrSVDD_0032_E_0007712,-5.2881565035
CtrSVDD_0033_E_0007713,-4.2910044063
CtrSVDD_0034_E_0007714,-5.4228362504
CtrSVDD_0035_E_0007715,-5.0379252758
CtrSVDD_0036_E_0007716,-5.2731464655
CtrSVDD_0037_E_0007717,-5.4697537856
CtrSVDD_0038_E_0007718,-7.8376005019
CtrSVDD_0039_E_0007719,-4.3816646457
CtrSVDD_0040_E_0007720,-5.9252814443
CtrSVDD_0041_E_0007721,0.8434165203
CtrSVDD_0042_E_0007722,1.1382351104
CtrSVDD_0043_E_0007723,-6.7027936871
CtrSVDD_0044_E_0007724,-3.7811916205
CtrSVDD_0045_E_0007725,-4.7456222634
CtrSVDD_0046_E_0007726,1.1725096369
CtrSVDD_0047_E_0007727,-3.2653028577
CtrSVDD_0000_E_0007728,-5.7316986188
CtrSVDD_0001_E_0007729,-5.0518870867
CtrSVDD_0002_E_0007730,-3.0480399002
CtrSVDD_0003_E_0007731,-3.8717318212
CtrSVDD_0004_E_0007732,-3.4994226756
CtrSVDD_0005_E_0007733,-4.2892017812
CtrSVDD_0006_E_0007734,-3.1658337569
CtrSVDD_0007_E_0007735,-4.6269690970
CtrSVDD_0008_E_0007736,-6.1937180243
CtrSVDD_0009_E_0007737,1.2586761719
CtrSVDD_0010_E_0007738,-4.3445278714
CtrSVDD_0011_E_0007739,-0.9391451029
CtrSVDD_0012_E_0007740,0.5634879274
CtrSVDD_0013_E_0007741,-3.9086830647
CtrSVDD_0014_E_0007742,-5.5416730634
CtrSVDD_0015_E_0007743,-3.7140095630
CtrSVDD_0016_E_0007744,-4.3186717943
CtrSVDD_0017_E_0007745,-5.1942945286
CtrSVDD_0018_E_0007746,-2.5103990845
CtrSVDD_0019_E_0007747,-6.1528582691
CtrSVDD_0020_E_0007748,-3.2621196364
CtrSVDD_0021_E_0007749,-4.8300069927
CtrSVDD_0022_E_0007750,-3.8473990045
CtrSVDD_0023_E_0007751,-4.2955918757
CtrSVDD_0024_E_0007752,-4.4864149368
CtrSVDD_0025_E_0007753,-3.8734886324
CtrSVDD_0026_E_0007754,-6.0478265735
CtrSVDD_0027_E_0007755,-4.4700373225
CtrSVDD_0028_E_0007756,-4.5429014632
CtrSVDD_0029_E_0007757,-5.2256200748
CtrSVDD_0030_E_0007758,-5.0836243574
CtrSVDD_0031_E_0007759,-5.3679429963
CtrSVDD_0032_E_0007760,-5.0769897955
CtrSVDD_0033_E_0007761,-3.3541475440
CtrSVDD_0034_E_0007762,-5.0257932668
CtrSVDD_0035_E_0007763,-0.2665177615
CtrSVDD_0036_E_0007764,-3.2199852720
CtrSVDD_0037_E_0007765,-3.3318676331
CtrSVDD_0038_E_0007766,-4.8626680512
CtrSVDD_0039_E_0007767,-4.9107776493
CtrSVDD_0040_E_0007768,-5.7831409158
CtrSVDD_0041_E_0007769,-3.2525630993
CtrSVDD_0042_E_0007770,-6.1660133175
CtrSVDD_0043_E_0007771,-3.9713553860
CtrSVDD_0044_E_0007772,-6.1469402742
CtrSVDD_0045_E_0007773,-4.7897534646
CtrSVDD_0046_E_0007774,-3.4394919450
CtrSVDD_0047_E_0007775,-4.3647629398
CtrSVDD_0000_E_0007776,-2.7292388354
CtrSVDD_0001_E_0007777,-3.2029954429
CtrSVDD_0002_E_0007778,-1.1382351104
CtrSVDD_0003_E_0007779,-5.2539727107
CtrSVDD_0004_E_0007780,-2.8818854392
CtrSVDD_0005_E_0007781,-5.3809827746
CtrSVDD_0006_E_0007782,-2.2504734427
CtrSVDD_0007_E_0007783,-0.1906850892
CtrSVDD_0008_E_0007784,-3.7474040704
CtrSVDD_0009_E_0007785,-6.3179691942
CtrSVDD_0010_E_0007786,-3.6649522390
CtrSVDD_0011_E_0007787,-2.3341101218
CtrSVDD_0012_E_0007788,-3.3714892409
CtrSVDD_0013_E_0007789,-3.6096736476
CtrSVDD_0014_E_0007790,2.8856349124
CtrSVDD_0015_E_0007791,-4.0190329753
CtrSVDD_0016_E_0007792,-5.6895877256
CtrSVDD_0017_E_0007793,-3.7902102264
CtrSVDD_0018_E_0007794,-6.7851228203
CtrSVDD_0019_E_0007795,-5.4342945461
CtrSVDD_0020_E_0007796,-4.6019438004
CtrSVDD_0021_E_0007797,-4.7191747502
CtrSVDD_0022_E_0007798,-4.1248793857
CtrSVDD_0023_E_0007799,-3.4879759016
CtrSVDD_0024_E_0007800,-4.2966217927
CtrSVDD_0025_E_0007801,-2.7765228647
CtrSVDD_0026_E_0007802,-4.2108271119
CtrSVDD_0027_E_0007803,-6.0899992620
CtrSVDD_0028_E_0007804,-4.4348919540
CtrSVDD_0029_E_0007805,1.4313017591
CtrSVDD_0030_E_0007806,-5.3273741485
CtrSVDD_0031_E_0007807,-3.7984978763
CtrSVDD_0032_E_0007808,-4.6066610468
CtrSVDD_0033_E_0007809,-4.4067173712
CtrSVDD_0034_E_0007810,-5.5722141952
CtrSVDD_0035_E_0007811,-5.6687388126
CtrSVDD_0036_E_0007812,-4.3857099625
CtrSVDD_0037_E_0007813,-4.7697437077
CtrSVDD_0038_E_0007814,0.8118936149
CtrSVDD_0039_E_0007815,-3.9366256291
CtrSVDD_0040_E_0007816,-3.7349758581
CtrSVDD_0041_E_0007817,-3.2306170852
CtrSVDD_0042_E_0007818,1.1844854064
CtrSVDD_0043_E_0007819,-3.4648361829
CtrSVDD_0044_E_0007820,0.7868637889
CtrSVDD_0045_E_0007821,-0.9500715601
CtrSVDD_0046_E_0007822,1.3896982195
CtrSVDD_0047_E_0007823,-4.7384840703
CtrSVDD_0000_E_0007824,-3.6557726975
CtrSVDD_0001_E_0007825,-6.7511457928
CtrSVDD_0002_E_0007826,-3.6489820893
CtrSVDD_0003_E_0007827,-5.2505961903
CtrSVDD_0004_E_0007828,0.1325727936
CtrSVDD_0005_E_0007829,-3.7222741101
CtrSVDD_0006_E_0007830,-5.5330739478
CtrSVDD_0007_E_0007831,-4.2468001312
CtrSVDD_0008_E_0007832,-6.2804737855
CtrSVDD_0009_E_0007833,-4.6639778309
CtrSVDD_0010_E_0007834,0.1778803231
CtrSVDD_0011_E_0007835,0.5213535034
CtrSVDD_0012_E_0007836,-5.8509614958
CtrSVDD_0013_E_0007837,-5.0256410427
CtrSVDD_0014_E_0007838,-3.7328562403
CtrSVDD_0015_E_0007839,-2.8128708255
CtrSVDD_0016_E_0007840,-3.8213384582
CtrSVDD_0017_E_0007841,-5.4286809383
CtrSVDD_0018_E_0007842,-5.7593846779
CtrSVDD_0019_E_0007843,-3.7939587393
CtrSVDD_0020_E_0007844,-4.4683947648
CtrSVDD_0021_E_0007845,-6.8162388646
CtrSVDD_0022_E_0007846,-5.3363836483
CtrSVDD_0023_E_0007847,0.2494491207
CtrSVDD_0024_E_0007848,-4.1989034223
CtrSVDD_0025_E_0007849,-4.8493708358
CtrSVDD_0026_E_0007850,-0.0861318474
CtrSVDD_0027_E_0007851,-5.3259873631
CtrSVDD_0028_E_0007852,-5.5076526391
CtrSVDD_0029_E_0007853,-6.1300738611
CtrSVDD_0030_E_0007854,-5.0895955465
CtrSVDD_0031_E_0007855,-2.5700084860
CtrSVDD_0032_E_0007856,-3.0877434412
CtrSVDD_0033_E_0007857,-5.6493651454
CtrSVDD_0034_E_0007858,-0.1778803231
CtrSVDD_0035_E_0007859,-4.1243554678
CtrSVDD_0036_E_0007860,-5.5574574220
CtrSVDD_0037_E_0007861,0.1452614808
CtrSVDD_0038_E_0007862,-4.0557348806
CtrSVDD_0039_E_0007863,-3.0043975281
CtrSVDD_0040_E_0007864,-2.8882605034
CtrSVDD_0041_E_0007865,-0.9100854533
CtrSVDD_0042_E_0007866,-5.6268934307
CtrSVDD_0043_E_0007867,-2.2644380301
CtrSVDD_0044_E_0007868,-1.9537752800
CtrSVDD_0045_E_0007869,-4.7818800935
CtrSVDD_0046_E_0007870,-5.3654228203
CtrSVDD_0047_E_0007871,-3.5863869152
CtrSVDD_0000_E_0007872,-3.2987907430
CtrSVDD_0001_E_0007873,-5.5410076022
CtrSVDD_0002_E_0007874,-4.7260572470
CtrSVDD_0003_E_0007875,-6.4556631679
CtrSVDD_0004_E_0007876,-4.3352368174
CtrSVDD_0005_E_0007877,-3.8612187726
CtrSVDD_0006_E_0007878,-6.0440351948
CtrSVDD_0007_E_0007879,-3.8092605201
CtrSVDD_0008_E_0007880,-3.4664215393
CtrSVDD_0009_E_0007881,-6.9167207671
CtrSVDD_0010_E_0007882,-4.8450789782
CtrSVDD_0011_E_0007883,-6.5918273145
CtrSVDD_0012_E_0007884,-3.0497033696
CtrSVDD_0013_E_0007885,0.0062945880
CtrSVDD_0014_E_0007886,-2.5571746405
CtrSVDD_0015_E_0007887,-2.4092231756
CtrSVDD_0016_E_0007888,-2.2090042732
CtrSVDD_0017_E_0007889,-3.9935129739
CtrSVDD_0018_E_0007890,-5.0589847989
CtrSVDD_0019_E_0007891,-5.0054930960
CtrSVDD_0020_E_0007892,-6.9296735827
CtrSVDD_0021_E_0007893,-4.7490681824
CtrSVDD_0022_E_0007894,-5.0084450168
CtrSVDD_0023_E_0007895,-6.8113208878
CtrSVDD_0024_E_0007896,-4.7255227501
CtrSVDD_0025_E_0007897,-6.0835104037
CtrSVDD_0026_E_0007898,-2.9496734146
CtrSVDD_0027_E_0007899,-6.6079550262
CtrSVDD_0028_E_0007900,-2.3236910233
CtrSVDD_0029_E_0007901,-5.6831974559
CtrSVDD_0030_E_0007902,-4.7042498651
CtrSVDD_0031_E_0007903,-5.5266276686
CtrSVDD_0032_E_0007904,-4.7746494828
CtrSVDD_0033_E_0007905,-3.7841261720
CtrSVDD_0034_E_0007906,-5.7149673901
CtrSVDD_0035_E_0007907,-5.6370054376
CtrSVDD_0036_E_0007908,-4.7103412925
CtrSVDD_0037_E_0007909,-0.8534403046
CtrSVDD_0038_E_0007910,-4.7325035125
CtrSVDD_0039_E_0007911,-4.0029222027
CtrSVDD_0040_E_0007912,-3.9836814396
CtrSVDD_0041_E_0007913,-6.8705915853
CtrSVDD_0042_E_0007914,1.0837857127
CtrSVDD_0043_E_0007915,-3.2007865696
CtrSVDD_0044_E_0007916,-4.2120086014
CtrSVDD_0045_E_0007917,-2.9082993292
CtrSVDD_0046_E_0007918,-6.0173351925
CtrSVDD_0047_E_0007919,-5.0968975884
CtrSVDD_0000_E_0007920,-2.3052053483
CtrSVDD_0001_E_0007921,-5.0140389963
CtrSVDD_0002_E_0007922,-5.1084706254
CtrSVDD_0003_E_0007923,-5.7655288410
CtrSVDD_0004_E_0007924,-5.7530836472
CtrSVDD_0005_E_0007925,-4.7821421021
CtrSVDD_0006_E_0007926,-4.8164413331
CtrSVDD_0007_E_0007927,-3.1008823275
CtrSVDD_0008_E_0007928,1.7128261265
CtrSVDD_0009_E_0007929,-3.1867153823
CtrSVDD_0010_E_0007930,-7.1064547754
CtrSVDD_0011_E_0007931,-5.3962894661
CtrSVDD_0012_E_0007932,-2.8180495543
CtrSVDD_0013_E_0007933,-5.2030180913
CtrSVDD_0014_E_0007934,-2.4765264447
CtrSVDD_0015_E_0007935,-3.9315656986
CtrSVDD_0016_E_0007936,-2.1243839517
CtrSVDD_0017_E_0007937,-6.6197893704
CtrSVDD_0018_E_0007938,-1.2711282247
CtrSVDD_0019_E_0007939,1.4839023761
CtrSVDD_0020_E_0007940,-5.6425322786
CtrSVDD_0021_E_0007941,-5.6221820926
CtrSVDD_0022_E_0007942,1.9439844904
CtrSVDD_0023_E_0007943,-4.8934861104
CtrSVDD_0024_E_0007944,-3.6730222960
CtrSVDD_0025_E_0007945,-4.5067822678
CtrSVDD_0026_E_0007946,-0.5999356728
CtrSVDD_0027_E_0007947,-5.5771560804
CtrSVDD_0028_E_0007948,-3.5290890859
CtrSVDD_0029_E_0007949,-3.1859928498
CtrSVDD_0030_E_0007950,-3.1057979738
CtrSVDD_0031_E_0007951,-3.2636855208
CtrSVDD_0032_E_0007952,-3.5812664733
CtrSVDD_0033_E_0007953,-2.9601335604
CtrSVDD_0034_E_0007954,-1.7075289358
CtrSVDD_0035_E_0007955,-2.6989126382
CtrSVDD_0036_E_0007956,-4.7691978940
CtrSVDD_0037_E_0007957,-0.6124412706
CtrSVDD_0038_E_0007958,2.2337171702
CtrSVDD_0039_E_0007959,-3.9677325404
CtrSVDD_0040_E_0007960,-4.7657533685
CtrSVDD_0041_E_0007961,-5.9129025327
CtrSVDD_0042_E_0007962,-5.3712814265
CtrSVDD_0043_E_0007963,-4.3563831236
CtrSVDD_0044_E_0007964,1.0167797877
CtrSVDD_0045_E_0007965,-4.3202728197
CtrSVDD_0046_E_0007966,-4.1194716123
CtrSVDD_0047_E_0007967,-3.4458245890
CtrSVDD_0000_E_0007968,0.6235485520
CtrSVDD_0001_E_0007969,-3.2650711954
CtrSVDD_0002_E_0007970,-5.0316673770
CtrSVDD_0003_E_0007971,-0.3430181294
CtrSVDD_0004_E_0007972,-6.6083425964
CtrSVDD_0005_E_0007973,-4.0266095505
CtrSVDD_0006_E_0007974,-4.3127127062
CtrSVDD_0007_E_0007975,-4.4616356471
CtrSVDD_0008_E_0007976,-4.0075962200
CtrSVDD_0009_E_0007977,-5.7648348590
CtrSVDD_0010_E_0007978,-4.4517813160
CtrSVDD_0011_E_0007979,-5.9890740111
CtrSVDD_0012_E_0007980,-2.3674257146
CtrSVDD_0013_E_0007981,-4.0533996467
CtrSVDD_0014_E_0007982,-3.5300215703
CtrSVDD_0015_E_0007983,-5.7260829219
CtrSVDD_0016_E_0007984,-5.4897089092
CtrSVDD_0017_E_0007985,-5.0401394774
CtrSVDD_0018_E_0007986,-4.7373264454
CtrSVDD_0019_E_0007987,-4.7674529086
CtrSVDD_0020_E_0007988,-2.5763805440
CtrSVDD_0021_E_0007989,-5.8826198487
CtrSVDD_0022_E_0007990,1.1487662800
CtrSVDD_0023_E_0007991,-2.5442176607
CtrSVDD_0024_E_0007992,-4.0176838376
CtrSVDD_0025_E_0007993,0.8099319508
CtrSVDD_0026_E_0007994,-3.7061796398
CtrSVDD_0027_E_0007995,-6.4085551441
CtrSVDD_0028_E_0007996,-2.2866662146
CtrSVDD_0029_E_0007997,-6.7697373405
CtrSVDD_0030_E_0007998,-1.8154250639
CtrSVDD_0031_E_0007999,-5.3507958701
CtrSVDD_0032_E_0008000,-1.9048259682
CtrSVDD_0033_E_0008001,-6.2600372921
CtrSVDD_0034_E_0008002,-4.2739187518
CtrSVDD_0035_E_0008003,-7.9584002218
CtrSVDD_0036_E_0008004,-4.4619552426
CtrSVDD_0037_E_0008005,-5.0408653256
CtrSVDD_0038_E_0008006,-0.6475143547
CtrSVDD_0039_E_0008007,0.8494205515
CtrSVDD_0040_E_0008008,-4.1782960732
CtrSVDD_0041_E_0008009,-4.1595231205
CtrSVDD_0042_E_0008010,-6.0760071096
CtrSVDD_0043_E_0008011,-3.2700756436
CtrSVDD_0044_E_0008012,-5.4756077636
CtrSVDD_0045_E_0008013,-0.5982619239
CtrSVDD_0046_E_0008014,-6.4122576956
CtrSVDD_0047_E_0008015,-4.3772896096
CtrSVDD_0000_E_0008016,-4.5996867805
CtrSVDD_0001_E_0008017,-5.8608969584
CtrSVDD_0002_E_0008018,0.3400525366
CtrSVDD_0003_E_0008019,-0.0090922479
CtrSVDD_0004_E_0008020,-5.1373598889
CtrSVDD_0005_E_0008021,-4.0262916416
CtrSVDD_0006_E_0008022,-5.5258458342
CtrSVDD_0007_E_0008023,-5.2247742921
CtrSVDD_0008_E_0008024,-3.7163809144
CtrSVDD_0009_E_0008025,1.1067196000
CtrSVDD_0010_E_0008026,-4.8124171873
CtrSVDD_0011_E_0008027,-5.1242649313
CtrSVDD_0012_E_0008028,0.6932263160
CtrSVDD_0013_E_0008029,-4.9165612111
CtrSVDD_0014_E_0008030,-5.1200965793
CtrSVDD_0015_E_0008031,-5.6741360202
CtrSVDD_0016_E_0008032,-3.4168716574
CtrSVDD_0017_E_0008033,-0.9413214015
CtrSVDD_0018_E_0008034,-4.2639873447
CtrSVDD_0019_E_0008035,1.7141807469
CtrSVDD_0020_E_0008036,0.6457902880
CtrSVDD_0021_E_0008037,-5.5107473275
CtrSVDD_0022_E_0008038,-5.3611897891
CtrSVDD_0023_E_0008039,-3.9084721457
CtrSVDD_0024_E_0008040,0.8923416778
CtrSVDD_0025_E_0008041,-5.1986254395
CtrSVDD_0026_E_0008042,-4.4608419923
CtrSVDD_0027_E_0008043,0.6083298156
CtrSVDD_0028_E_0008044,-5.7114799356
CtrSVDD_0029_E_0008045,-5.8712029439
CtrSVDD_0030_E_0008046,-0.7567181311
CtrSVDD_0031_E_0008047,1.5690792921
CtrSVDD_0032_E_0008048,-4.7015576107
CtrSVDD_0033_E_0008049,0.6596373073
CtrSVDD_0034_E_0008050,0.0006993941
CtrSVDD_0035_E_0008051,-4.0534768028
CtrSVDD_0036_E_0008052,-4.7997233083
CtrSVDD_0037_E_0008053,1.3745482730
CtrSVDD_0038_E_0008054,-2.5807976927
CtrSVDD_0039_E_0008055,-5.6475835386
CtrSVDD_0040_E_0008056,1.3230285222
CtrSVDD_0041_E_0008057,-5.1359018184
CtrSVDD_0042_E_0008058,-4.3351059038
CtrSVDD_0043_E_0008059,-2.6426244912
CtrSVDD_0044_E_0008060,-0.2264254499
CtrSVDD_0045_E_0008061,-5.0966890106
CtrSVDD_0046_E_0008062,-5.5751531171
CtrSVDD_0047_E_0008063,0.0580823470
CtrSVDD_0000_E_0008064,-4.7155346849
CtrSVDD_0001_E_0008065,-4.9967476596
CtrSVDD_0002_E_0008066,-7.5538692384
CtrSVDD_0003_E_0008067,-4.4660001232
CtrSVDD_0004_E_0008068,-4.4835168570
CtrSVDD_0005_E_0008069,-4.5664960640
CtrSVDD_0006_E_0008070,-5.6803298916
CtrSVDD_0007_E_0008071,-3.3490299847
CtrSVDD_0008_E_0008072,-4.4039104827
CtrSVDD_0009_E_0008073,-4.9452766870
CtrSVDD_0010_E_0008074,-2.6746690323
CtrSVDD_0011_E_0008075,-5.6761702406
CtrSVDD_0012_E_0008076,-4.5945259614
CtrSVDD_0013_E_0008077,-2.5090298532
CtrSVDD_0014_E_0008078,-6.5743655690
CtrSVDD_0015_E_0008079,-3.2793548473
CtrSVDD_0016_E_0008080,-6.2948078452
CtrSVDD_0017_E_0008081,-5.0533368166
CtrSVDD_0018_E_0008082,-5.5985220402
CtrSVDD_0019_E_0008083,-3.9700892793
CtrSVDD_0020_E_0008084,-3.3828650686
CtrSVDD_0021_E_0008085,-3.3945992715
CtrSVDD_0022_E_0008086,-6.0809022059
CtrSVDD_0023_E_0008087,-5.7949608595
CtrSVDD_0024_E_0008088,-4.7095940827
CtrSVDD_0025_E_0008089,-4.7660603999
CtrSVDD_0026_E_0008090,-4.3163141070
CtrSVDD_0027_E_0008091,-2.0948708266
CtrSVDD_0028_E_0008092,-4.8895544581
CtrSVDD_0029_E_0008093,-4.7079327771
CtrSVDD_0030_E_0008094,-5.6238696346
CtrSVDD_0031_E_0008095,0.2929880969
CtrSVDD_0032_E_0008096,0.0020981837
CtrSVDD_0033_E_0008097,1.6086134433
CtrSVDD_0034_E_0008098,-4.5412741593
CtrSVDD_0035_E_0008099,-5.8322190549
CtrSVDD_0036_E_0008100,-3.7973659539
CtrSVDD_0037_E_0008101,-5.4031365382
CtrSVDD_0038_E_0008102,-7.3535094573
CtrSVDD_0039_E_0008103,-6.7126659303
CtrSVDD_0040_E_0008104,-8.0273701195
CtrSVDD_0041_E_0008105,-4.9863094369
CtrSVDD_0042_E_0008106,-0.3999761177
CtrSVDD_0043_E_0008107,-5.5977660879
CtrSVDD_0044_E_0008108,-3.0397597600
CtrSVDD_0045_E_0008109,0.2112443551
CtrSVDD_0046_E_0008110,-3.8680392173
CtrSVDD_0047_E_0008111,0.1330190778
CtrSVDD_0000_E_0008112,-4.1303927067
CtrSVDD_0001_E_0008113,-5.9927666174
CtrSVDD_0002_E_0008114,-1.9885695702
CtrSVDD_0003_E_0008115,-3.8004743344
CtrSVDD_0004_E_0008116,-3.8632432771
CtrSVDD_0005_E_0008117,-7.3204285623
CtrSVDD_0006_E_0008118,-4.8253471354
CtrSVDD_0007_E_0008119,-5.4548662286
CtrSVDD_0008_E_0008120,-2.4308133991
CtrSVDD_0009_E_0008121,-5.1097515545
CtrSVDD_0010_E_0008122,-4.0841359614
CtrSVDD_0011_E_0008123,-5.6285750935
CtrSVDD_0012_E_0008124,-5.2896095322
CtrSVDD_0013_E_0008125,-5.0891983419
CtrSVDD_0014_E_0008126,-3.5830409340
CtrSVDD_0015_E_0008127,-4.3979087163
CtrSVDD_0016_E_0008128,-4.3652861692
CtrSVDD_0017_E_0008129,-6.4205290900
CtrSVDD_0018_E_0008130,-5.0833558983
CtrSVDD_0019_E_0008131,-4.6634450135
CtrSVDD_0020_E_0008132,-5.0338783756
CtrSVDD_0021_E_0008133,0.6350400847
CtrSVDD_0022_E_0008134,1.8075939945
CtrSVDD_0023_E_0008135,-6.7029655543
CtrSVDD_0024_E_0008136,-3.9540454517
CtrSVDD_0025_E_0008137,-4.2119328652
CtrSVDD_0026_E_0008138,-4.0997794530
CtrSVDD_0027_E_0008139,-6.5160955882
CtrSVDD_0028_E_0008140,-4.9189283902
CtrSVDD_0029_E_0008141,-5.0954012896
CtrSVDD_0030_E_0008142,-3.8839572972
CtrSVDD_0031_E_0008143,-4.2701473960
CtrSVDD_0032_E_0008144,-3.3788089558
CtrSVDD_0033_E_0008145,-3.8064020672
CtrSVDD_0034_E_0008146,-3.9000058854
CtrSVDD_0035_E_0008147,-6.5729345454
CtrSVDD_0036_E_0008148,-3.9927649173
CtrSVDD_0037_E_0008149,-6.6913906568
CtrSVDD_0038_E_0008150,0.1072123277
CtrSVDD_0039_E_0008151,-1.8584124336
CtrSVDD_0040_E_0008152,-2.6667200088
CtrSVDD_0041_E_0008153,-4.0708358065
CtrSVDD_0042_E_0008154,-3.6909481650
CtrSVDD_0043_E_0008155,-3.4440443291
CtrSVDD_0044_E_0008156,-2.7173798306
CtrSVDD_0045_E_0008157,-4.5529540479
CtrSVDD_0046_E_0008158,-4.9311625224
CtrSVDD_0047_E_0008159,-3.8996181482
CtrSVDD_0000_E_0008160,-6.2191501817
CtrSVDD_0001_E_0008161,-3.7108273361
CtrSVDD_0002_E_0008162,-3.5796836067
CtrSVDD_0003_E_0008163,-2.9735880475
CtrSVDD_0004_E_0008164,-4.1425858373
CtrSVDD_0005_E_0008165,-5.3198815292
CtrSVDD_0006_E_0008166,-6.1119295069
CtrSVDD_0007_E_0008167,-3.8826074426
CtrSVDD_0008_E_0008168,-0.6596373073
CtrSVDD_0009_E_0008169,-7.0447348444
CtrSVDD_0010_E_0008170,-4.5897028002
CtrSVDD_0011_E_0008171,0.2798717615
CtrSVDD_0012_E_0008172,-5.5626936458
CtrSVDD_0013_E_0008173,-6.1355581656
CtrSVDD_0014_E_0008174,-3.6054382392
CtrSVDD_0015_E_0008175,-5.9895440630
CtrSVDD_0016_E_0008176,-3.0022089197
CtrSVDD_0017_E_0008177,-6.6211225129
CtrSVDD_0018_E_0008178,-3.9401889648
CtrSVDD_0019_E_0008179,-7.1611143181
CtrSVDD_0020_E_0008180,-6.1416066829
CtrSVDD_0021_E_0008181,1.4364759249
CtrSVDD_0022_E_0008182,-4.8434749792
CtrSVDD_0023_E_0008183,0.3488224086
CtrSVDD_0024_E_0008184,-5.3254153799
CtrSVDD_0025_E_0008185,-5.9230566800
CtrSVDD_0026_E_0008186,-6.0147194233
CtrSVDD_0027_E_0008187,-2.8708641455
CtrSVDD_0028_E_0008188,-4.9330498427
CtrSVDD_0029_E_0008189,-0.5342161970
CtrSVDD_0030_E_0008190,-6.1533373815
CtrSVDD_0031_E_0008191,-5.0229418029
CtrSVDD_0032_E_0008192,-5.0029131922
CtrSVDD_0033_E_0008193,-2.4634464385
CtrSVDD_0034_E_0008194,-5.0881443528
CtrSVDD_0035_E_0008195,-5.8941795968
CtrSVDD_0036_E_0008196,-5.3870967044
CtrSVDD_0037_E_0008197,-5.9540089200
CtrSVDD_0038_E_0008198,-5.3930927025
CtrSVDD_0039_E_0008199,-3.3240407387
CtrSVDD_0040_E_0008200,-6.3932363823
CtrSVDD_0041_E_0008201,-3.3311672067
CtrSVDD_0042_E_0008202,-4.2581451581
CtrSVDD_0043_E_0008203,0.1566026223
CtrSVDD_0044_E_0008204,-4.5884870043
CtrSVDD_0045_E_0008205,-2.2560828988
CtrSVDD_0046_E_0008206,-0.0244812369
CtrSVDD_0047_E_0008207,-3.5603999352
CtrSVDD_0000_E_0008208,-3.4908799093
CtrSVDD_0001_E_0008209,-4.8565506307
CtrSVDD_0002_E_0008210,-3.9126334670
CtrSVDD_0003_E_0008211,-5.9425005109
CtrSVDD_0004_E_0008212,-6.9657387402
CtrSVDD_0005_E_0008213,-4.8179067476
CtrSVDD_0006_E_0008214,-4.6421671780
CtrSVDD_0007_E_0008215,-4.5184021698
CtrSVDD_0008_E_0008216,-2.8497665810
CtrSVDD_0009_E_0008217,-5.0560855037
CtrSVDD_0010_E_0008218,-4.9967598273
CtrSVDD_0011_E_0008219,1.1709236590
CtrSVDD_0012_E_0008220,-3.8270356049
CtrSVDD_0013_E_0008221,-5.5363175676
CtrSVDD_0014_E_0008222,-4.3667471220
CtrSVDD_0015_E_0008223,-4.0950305018
CtrSVDD_0016_E_0008224,-4.6366654633
CtrSVDD_0017_E_0008225,-4.1235461807
CtrSVDD_0018_E_0008226,-5.1257292493
CtrSVDD_0019_E_0008227,-0.7811575769
CtrSVDD_0020_E_0008228,-4.5959615175
CtrSVDD_0021_E_0008229,-2.5177282883
CtrSVDD_0022_E_0008230,-5.1534148670
CtrSVDD_0023_E_0008231,-0.3459867419
CtrSVDD_0024_E_0008232,-4.2115511372
CtrSVDD_0025_E_0008233,-6.7859712639
CtrSVDD_0026_E_0008234,-4.2871182483
CtrSVDD_0027_E_0008235,-4.1919329433
CtrSVDD_0028_E_0008236,-4.6881925971
CtrSVDD_0029_E_0008237,-6.4809032098
CtrSVDD_0030_E_0008238,-3.6231424085
CtrSVDD_0031_E_0008239,-4.8694021518
CtrSVDD_0032_E_0008240,-6.8069279396
CtrSVDD_0033_E_0008241,-5.5876856641
CtrSVDD_0034_E_0008242,-4.0548555865
CtrSVDD_0035_E_0008243,-5.1577394855
CtrSVDD_0036_E_0008244,-4.1840419701
CtrSVDD_0037_E_0008245,-5.3958003407
CtrSVDD_0038_E_0008246,-5.1474396818
CtrSVDD_0039_E_0008247,-5.2618593615
CtrSVDD_0040_E_0008248,-4.5043410463
CtrSVDD_0041_E_0008249,-5.6091662230
CtrSVDD_0042_E_0008250,-4.0039760135
CtrSVDD_0043_E_0008251,-3.6979557635
CtrSVDD_0044_E_0008252,-5.9468875989
CtrSVDD_0045_E_0008253,-4.6150823142
CtrSVDD_0046_E_0008254,-3.3943118426
CtrSVDD_0047_E_0008255,-5.2852508492
CtrSVDD_0000_E_0008256,-2.9100495283
CtrSVDD_0001_E_0008257,-5.2692784428
CtrSVDD_0002_E_0008258,-3.7489195106
CtrSVDD_0003_E_0008259,-2.9516787397
CtrSVDD_0004_E_0008260,0.8334767716
CtrSVDD_0005_E_0008261,-0.2582732602
CtrSVDD_0006_E_0008262,-0.4989985784
CtrSVDD_0007_E_0008263,-6.3772298649
CtrSVDD_0008_E_0008264,-5.5640033897
CtrSVDD_0009_E_0008265,-5.4039697383
CtrSVDD_0010_E_0008266,-3.7094233915
CtrSVDD_0011_E_0008267,-4.5806907066
CtrSVDD_0012_E_0008268,-3.0308682420
CtrSVDD_0013_E_0008269,-4.7571276835
CtrSVDD_0014_E_0008270,-5.4463301718
CtrSVDD_0015_E_0008271,-2.3094326838
CtrSVDD_0016_E_0008272,-4.7267174863
CtrSVDD_0017_E_0008273,-5.4522624162
CtrSVDD_0018_E_0008274,-3.7255555886
CtrSVDD_0019_E_0008275,-4.4439799343
CtrSVDD_0020_E_0008276,-4.9503077332
CtrSVDD_0021_E_0008277,-6.2030989227
CtrSVDD_0022_E_0008278,-5.6101556054
CtrSVDD_0023_E_0008279,1.6189001435
CtrSVDD_0024_E_0008280,-4.9696897395
CtrSVDD_0025_E_0008281,-5.5185838618
CtrSVDD_0026_E_0008282,-4.8368498658
CtrSVDD_0027_E_0008283,-6.5827113338
CtrSVDD_0028_E_0008284,-4.3908795549
CtrSVDD_0029_E_0008285,0.2944485424
CtrSVDD_0030_E_0008286,-4.6114004682
CtrSVDD_0031_E_0008287,-4.2776804097
CtrSVDD_0032_E_0008288,-4.8873246229
CtrSVDD_0033_E_0008289,-5.5801572209
CtrSVDD_0034_E_0008290,-3.3872990650
CtrSVDD_0035_E_0008291,-4.6942873912
CtrSVDD_0036_E_0008292,0.1963860225
CtrSVDD_0037_E_0008293,-5.7199717161
CtrSVDD_0038_E_0008294,-4.7097181532
CtrSVDD_0039_E_0008295,0.8514287083
CtrSVDD_0040_E_0008296,-2.7892200213
CtrSVDD_0041_E_0008297,-3.1253499411
CtrSVDD_0042_E_0008298,-0.0608848778
CtrSVDD_0043_E_0008299,-3.8653603434
CtrSVDD_0044_E_0008300,-4.5911868406
CtrSVDD_0045_E_0008301,-3.2066166852
CtrSVDD_0046_E_0008302,-1.3644275699
CtrSVDD_0047_E_0008303,-4.3092763450
CtrSVDD_0000_E_0008304,-3.9082822867
CtrSVDD_0001_E_0008305,-3.6640208596
CtrSVDD_0002_E_0008306,-4.6804762634
CtrSVDD_0003_E_0008307,-5.9933894811
CtrSVDD_0004_E_0008308,-3.8822929717
CtrSVDD_0005_E_0008309,-2.3943323999
CtrSVDD_0006_E_0008310,-6.5223073075
CtrSVDD_0007_E_0008311,-3.3081810149
CtrSVDD_0008_E_0008312,0.8840409509
CtrSVDD_0009_E_0008313,-3.4951639644
CtrSVDD_0010_E_0008314,-4.0577425938
CtrSVDD_0011_E_0008315,-4.1540178077
CtrSVDD_0012_E_0008316,-4.1191435341
CtrSVDD_0013_E_0008317,-3.2138449865
CtrSVDD_0014_E_0008318,-0.8334767716
CtrSVDD_0015_E_0008319,-3.3271926088
CtrSVDD_0016_E_0008320,-3.9816338630
CtrSVDD_0017_E_0008321,-4.2718107256
CtrSVDD_0018_E_0008322,-4.4991987261
CtrSVDD_0019_E_0008323,-1.2433804294
CtrSVDD_0020_E_0008324,-5.4785176758
CtrSVDD_0021_E_0008325,-5.7939550646
CtrSVDD_0022_E_0008326,-5.9440775770
CtrSVDD_0023_E_0008327,-6.6253780683
CtrSVDD_0024_E_0008328,-4.3891177171
CtrSVDD_0025_E_0008329,0.3223206095
CtrSVDD_0026_E_0008330,0.9972598582
CtrSVDD_0027_E_0008331,-4.3851827322
CtrSVDD_0028_E_0008332,-3.9451687297
CtrSVDD_0029_E_0008333,-5.3153924419
CtrSVDD_0030_E_0008334,-5.2430335150
CtrSVDD_0031_E_0008335,-6.1065565332
CtrSVDD_0032_E_0008336,-4.9821062319
CtrSVDD_0033_E_0008337,-6.5545147103
CtrSVDD_0034_E_0008338,-3.4256329604
CtrSVDD_0035_E_0008339,-0.6788864349
CtrSVDD_0036_E_0008340,-4.5279331364
CtrSVDD_0037_E_0008341,0.3939223175
CtrSVDD_0038_E_0008342,-5.3540974382
CtrSVDD_0039_E_0008343,-4.5105635609
CtrSVDD_0040_E_0008344,-7.5952069269
CtrSVDD_0041_E_0008345,-2.3263054316
CtrSVDD_0042_E_0008346,-6.1780961720
CtrSVDD_0043_E_0008347,0.1509409192
CtrSVDD_0044_E_0008348,-2.6706995684
CtrSVDD_0045_E_0008349,-2.4043699299
CtrSVDD_0046_E_0008350,-4.9750169724
CtrSVDD_0047_E_0008351,-5.1128293084
CtrSVDD_0000_E_0008352,-4.6603430302
CtrSVDD_0001_E_0008353,-4.7027246640
CtrSVDD_0002_E_0008354,-2.9578754825
CtrSVDD_0003_E_0008355,0.7529983711
CtrSVDD_0004_E_0008356,-6.2781351158
CtrSVDD_0005_E_0008357,-0.2364828216
CtrSVDD_0006_E_0008358,-4.6915675297
CtrSVDD_0007_E_0008359,-5.0604072861
CtrSVDD_0008_E_0008360,-5.2794410767
CtrSVDD_0009_E_0008361,2.5940015058
CtrSVDD_0010_E_0008362,-2.7231086864
CtrSVDD_0011_E_0008363,-4.3410429164
CtrSVDD_0012_E_0008364,-6.6111437221
CtrSVDD_0013_E_0008365,-5.4449767402
CtrSVDD_0014_E_0008366,-5.0780954779
CtrSVDD_0015_E_0008367,0.6614954021
CtrSVDD_0016_E_0008368,-5.8261048937
CtrSVDD_0017_E_0008369,-3.4651224768
CtrSVDD_0018_E_0008370,-3.4145183488
CtrSVDD_0019_E_0008371,-3.9360103138
CtrSVDD_0020_E_0008372,-3.7990711573
CtrSVDD_0021_E_0008373,-8.3086005266
CtrSVDD_0022_E_0008374,1.0737737290
CtrSVDD_0023_E_0008375,-3.9127375202
CtrSVDD_0024_E_0008376,-5.6071923668
CtrSVDD_0025_E_0008377,-5.0850540143
CtrSVDD_0026_E_0008378,-4.6271013867
CtrSVDD_0027_E_0008379,-6.0514601664
CtrSVDD_0028_E_0008380,-6.3935922992
CtrSVDD_0029_E_0008381,-2.7935205939
CtrSVDD_0030_E_0008382,-4.4504833563
CtrSVDD_0031_E_0008383,-1.3331649506
CtrSVDD_0032_E_0008384,-5.1867868881
CtrSVDD_0033_E_0008385,-0.5439214382
CtrSVDD_0034_E_0008386,-4.3353678373
CtrSVDD_0035_E_0008387,-4.3070771069
CtrSVDD_0036_E_0008388,-5.6256977099
CtrSVDD_0037_E_0008389,-5.1070179944
CtrSVDD_0038_E_0008390,0.4676051739
CtrSVDD_0039_E_0008391,-4.3694694435
CtrSVDD_0040_E_0008392,-3.8523503878
CtrSVDD_0041_E_0008393,-4.8806094721
CtrSVDD_0042_E_0008394,-6.3256968679
CtrSVDD_0043_E_0008395,-5.6374240881
CtrSVDD_0044_E_0008396,2.1468147108
CtrSVDD_0045_E_0008397,0.6244501778
CtrSVDD_0046_E_0008398,-0.1414404467
CtrSVDD_0047_E_0008399,-3.7823019427
CtrSVDD_0000_E_0008400,-4.1150814226
CtrSVDD_0001_E_0008401,-4.0825691539
CtrSVDD_0002_E_0008402,-4.8932020562
CtrSVDD_0003_E_0008403,-5.3309546775
CtrSVDD_0004_E_0008404,-0.8474158143
CtrSVDD_0005_E_0008405,0.0959640721
CtrSVDD_0006_E_0008406,-5.6580761326
CtrSVDD_0007_E_0008407,-5.3505788806
CtrSVDD_0008_E_0008408,-4.8064529469
CtrSVDD_0009_E_0008409,-3.9256893872
CtrSVDD_0010_E_0008410,-3.9485767835
CtrSVDD_0011_E_0008411,-4.3420366446
CtrSVDD_0012_E_0008412,-0.0216829145
CtrSVDD_0013_E_0008413,-5.6336288666
CtrSVDD_0014_E_0008414,-5.5252176306
CtrSVDD_0015_E_0008415,-6.5184375706
CtrSVDD_0016_E_0008416,-3.1954030860
CtrSVDD_0017_E_0008417,-5.4169559963
CtrSVDD_0018_E_0008418,-0.1921097344
CtrSVDD_0019_E_0008419,-3.8298258363
CtrSVDD_0020_E_0008420,-1.0638682391
CtrSVDD_0021_E_0008421,-6.5335848722
CtrSVDD_0022_E_0008422,-4.3530668163
CtrSVDD_0023_E_0008423,-4.9224046514
CtrSVDD_0024_E_0008424,-3.8574213441
CtrSVDD_0025_E_0008425,-6.0734655013
CtrSVDD_0026_E_0008426,-5.6948998935
CtrSVDD_0027_E_0008427,-2.1683095953
CtrSVDD_0028_E_0008428,-3.3810713972
CtrSVDD_0029_E_0008429,-3.8516102145
CtrSVDD_0030_E_0008430,-4.5945408159
CtrSVDD_0031_E_0008431,-6.3164818087
CtrSVDD_0032_E_0008432,-1.1197159605
CtrSVDD_0033_E_0008433,0.0104911032
CtrSVDD_0034_E_0008434,-3.4125966185
CtrSVDD_0035_E_0008435,-4.8475433423
CtrSVDD_0036_E_0008436,-0.3438424740
CtrSVDD_0037_E_0008437,-3.0959605114
CtrSVDD_0038_E_0008438,-3.2556707293
CtrSVDD_0039_E_0008439,-2.8460588930
CtrSVDD_0040_E_0008440,-2.2754413992
CtrSVDD_0041_E_0008441,-4.1487201438
CtrSVDD_0042_E_0008442,-4.3600802788
CtrSVDD_0043_E_0008443,-4.5689496835
CtrSVDD_0044_E_0008444,0.3608762425
CtrSVDD_0045_E_0008445,-4.5130805925
CtrSVDD_0046_E_0008446,-5.3109081063
CtrSVDD_0047_E_0008447,-5.6698081041
CtrSVDD_0000_E_0008448,-3.0571284769
CtrSVDD_0001_E_0008449,0.4801251684
CtrSVDD_0002_E_0008450,-3.5332483448
CtrSVDD_0003_E_0008451,-3.5366685255
CtrSVDD_0004_E_0008452,-5.9324461201
CtrSVDD_0005_E_0008453,-5.2449731501
CtrSVDD_0006_E_0008454,-3.1003559966
CtrSVDD_0007_E_0008455,0.8574738954
CtrSVDD_0008_E_0008456,-4.7187437288
CtrSVDD_0009_E_0008457,-4.8839678882
CtrSVDD_0010_E_0008458,-3.8194983970
CtrSVDD_0011_E_0008459,-6.6112242925
CtrSVDD_0012_E_0008460,-5.6219095267
CtrSVDD_0013_E_0008461,-4.0021027130
CtrSVDD_0014_E_0008462,-6.3067253895
CtrSVDD_0015_E_0008463,-3.9436826946
CtrSVDD_0016_E_0008464,-5.4215473679
CtrSVDD_0017_E_0008465,-5.6841489418
CtrSVDD_0018_E_0008466,-6.7443895758
CtrSVDD_0019_E_0008467,-5.1857150169
CtrSVDD_0020_E_0008468,-5.6926681410
CtrSVDD_0021_E_0008469,0.7511423942
CtrSVDD_0022_E_0008470,-4.0747375125
CtrSVDD_0023_E_0008471,-4.6078679442
CtrSVDD_0024_E_0008472,-4.0999829768
CtrSVDD_0025_E_0008473,1.6432135432
CtrSVDD_0026_E_0008474,-4.0754389189
CtrSVDD_0027_E_0008475,-4.4376434923
CtrSVDD_0028_E_0008476,-4.7329244190
CtrSVDD_0029_E_0008477,-5.1245757867
CtrSVDD_0030_E_0008478,-4.8764542283
CtrSVDD_0031_E_0008479,-6.5620230455
CtrSVDD_0032_E_0008480,-2.7372751631
CtrSVDD_0033_E_0008481,-2.9802561137
CtrSVDD_0034_E_0008482,-4.7594245620
CtrSVDD_0035_E_0008483,-6.3247969922
CtrSVDD_0036_E_0008484,-3.0976018098
CtrSVDD_0037_E_0008485,-3.7356741124
CtrSVDD_0038_E_0008486,-4.7769178296
CtrSVDD_0039_E_0008487,-3.3166191752
CtrSVDD_0040_E_0008488,-2.6732037094
CtrSVDD_0041_E_0008489,-3.4315787803
CtrSVDD_0042_E_0008490,-3.7784607013
CtrSVDD_0043_E_0008491,-5.5640077037
CtrSVDD_0044_E_0008492,-2.8232011913
CtrSVDD_0045_E_0008493,-0.4075640663
CtrSVDD_0046_E_0008494,-4.2285652476
CtrSVDD_0047_E_0008495,-5.7771564894
CtrSVDD_0000_E_0008496,-3.5844832369
CtrSVDD_0001_E_0008497,-4.3585528129
CtrSVDD_0002_E_0008498,-3.8151123487
CtrSVDD_0003_E_0008499,-2.6222465915
CtrSVDD_0004_E_0008500,-3.4620358570
CtrSVDD_0005_E_0008501,-4.8649135854
CtrSVDD_0006_E_0008502,-6.0220937907
CtrSVDD_0007_E_0008503,-6.5034223967
CtrSVDD_0008_E_0008504,-6.5539083589
CtrSVDD_0009_E_0008505,-5.1241780472
CtrSVDD_0010_E_0008506,-6.0879823640
CtrSVDD_0011_E_0008507,-1.3860337204
CtrSVDD_0012_E_0008508,-6.5613309631
CtrSVDD_0013_E_0008509,-5.9841725204
CtrSVDD_0014_E_0008510,-4.9643047327
CtrSVDD_0015_E_0008511,-3.2306298174
CtrSVDD_0016_E_0008512,-4.7210567853
CtrSVDD_0017_E_0008513,-0.2206887118
CtrSVDD_0018_E_0008514,-5.6423990281
CtrSVDD_0019_E_0008515,-5.9330793408
CtrSVDD_0020_E_0008516,-1.9077005603
CtrSVDD_0021_E_0008517,-4.7865730287
CtrSVDD_0022_E_0008518,-1.2020280035
CtrSVDD_0023_E_0008519,-3.4680070749
CtrSVDD_0024_E_0008520,1.1665482432
CtrSVDD_0025_E_0008521,-2.6547196684
CtrSVDD_0026_E_0008522,-2.9500503457
CtrSVDD_0027_E_0008523,-4.3670610463
CtrSVDD_0028_E_0008524,-3.6232363563
CtrSVDD_0029_E_0008525,-4.9515667246
CtrSVDD_0030_E_0008526,-5.5761399003
CtrSVDD_0031_E_0008527,-1.9439844904
CtrSVDD_0032_E_0008528,-5.2388160577
CtrSVDD_0033_E_0008529,-5.0040095927
CtrSVDD_0034_E_0008530,-4.0845330177
CtrSVDD_0035_E_0008531,-4.1845105428
CtrSVDD_0036_E_0008532,0.1212919178
CtrSVDD_0037_E_0008533,-6.3339361108
CtrSVDD_0038_E_0008534,-4.6988870931
CtrSVDD_0039_E_0008535,-5.9107923471
CtrSVDD_0040_E_0008536,-2.9642383815
CtrSVDD_0041_E_0008537,-1.1343681146
CtrSVDD_0042_E_0008538,-6.1263628482
CtrSVDD_0043_E_0008539,-4.3369548537
CtrSVDD_0044_E_0008540,-1.3455505724
CtrSVDD_0045_E_0008541,-6.2332986443
CtrSVDD_0046_E_0008542,-5.5404426466
CtrSVDD_0047_E_0008543,-4.5720689804
CtrSVDD_0000_E_0008544,-3.0788905054
CtrSVDD_0001_E_0008545,-5.9067301798
CtrSVDD_0002_E_0008546,-5.0705827957
CtrSVDD_0003_E_0008547,-6.5277102465
CtrSVDD_0004_E_0008548,-4.3142312084
CtrSVDD_0005_E_0008549,-4.5193599222
CtrSVDD_0006_E_0008550,-1.3159026101
CtrSVDD_0007_E_0008551,-4.6150973058
CtrSVDD_0008_E_0008552,0.9881020363
CtrSVDD_0009_E_0008553,-5.4687779779
CtrSVDD_0010_E_0008554,-6.2116222005
CtrSVDD_0011_E_0008555,-4.2978803295
CtrSVDD_0012_E_0008556,-6.5247899202
CtrSVDD_0013_E_0008557,-5.1387210727
CtrSVDD_0014_E_0008558,1.5014510818
CtrSVDD_0015_E_0008559,-3.3005528170
CtrSVDD_0016_E_0008560,-2.9487973782
CtrSVDD_0017_E_0008561,0.2726058039
CtrSVDD_0018_E_0008562,-4.0766918757
CtrSVDD_0019_E_0008563,-2.9253165565
CtrSVDD_0020_E_0008564,-5.1212521185
CtrSVDD_0021_E_0008565,-4.9018519063
CtrSVDD_0022_E_0008566,-4.6765300468
CtrSVDD_0023_E_0008567,-6.0461781589
CtrSVDD_0024_E_0008568,1.7264672134
CtrSVDD_0025_E_0008569,-3.5319614196
CtrSVDD_0026_E_0008570,-6.4372964050
CtrSVDD_0027_E_0008571,-4.0592245465
CtrSVDD_0028_E_0008572,-7.3085030375
CtrSVDD_0029_E_0008573,-4.6835283241
CtrSVDD_0030_E_0008574,-3.8714266757
CtrSVDD_0031_E_0008575,-3.7029777830
CtrSVDD_0032_E_0008576,-5.2559571473
CtrSVDD_0033_E_0008577,-0.5585763374
CtrSVDD_0034_E_0008578,-5.4946153399
CtrSVDD_0035_E_0008579,-6.1666493980
CtrSVDD_0036_E_0008580,-6.0172389755
CtrSVDD_0037_E_0008581,-3.9372893649
CtrSVDD_0038_E_0008582,-3.8944257195
CtrSVDD_0039_E_0008583,-7.7148582281
CtrSVDD_0040_E_0008584,-4.2316375196
CtrSVDD_0041_E_0008585,-4.5150693695
CtrSVDD_0042_E_0008586,-6.5484748748
CtrSVDD_0043_E_0008587,-5.1412056767
CtrSVDD_0044_E_0008588,-4.6137827460
CtrSVDD_0045_E_0008589,-5.8743041674
CtrSVDD_0046_E_0008590,-4.5893503130
CtrSVDD_0047_E_0008591,-7.0345562638
CtrSVDD_0000_E_0008592,-5.0025922223
CtrSVDD_0001_E_0008593,-4.5476626199
CtrSVDD_0002_E_0008594,-6.6676855145
CtrSVDD_0003_E_0008595,-4.6223063833
CtrSVDD_0004_E_0008596,0.0244812369
CtrSVDD_0005_E_0008597,-0.9456874299
CtrSVDD_0006_E_0008598,-2.7615285168
CtrSVDD_0007_E_0008599,-5.8409546399
CtrSVDD_0008_E_0008600,-5.3393913844
CtrSVDD_0009_E_0008601,-3.7867400825
CtrSVDD_0010_E_0008602,-2.0219151488
CtrSVDD_0011_E_0008603,-7.9943465543
CtrSVDD_0012_E_0008604,0.8366467767
CtrSVDD_0013_E_0008605,-6.7422306789
CtrSVDD_0014_E_0008606,-4.8794896203
CtrSVDD_0015_E_0008607,-6.0576249329
CtrSVDD_0016_E_0008608,-5.2341805765
CtrSVDD_0017_E_0008609,0.9500715601
CtrSVDD_0018_E_0008610,1.0181772056
CtrSVDD_0019_E_0008611,-6.7589871212
CtrSVDD_0020_E_0008612,-3.0386170155
CtrSVDD_0021_E_0008613,-4.7647023292
CtrSVDD_0022_E_0008614,-3.7034156671
CtrSVDD_0023_E_0008615,-2.9654038316
CtrSVDD_0024_E_0008616,-4.7565202904
CtrSVDD_0025_E_0008617,-4.3207231190
CtrSVDD_0026_E_0008618,-3.9124806853
CtrSVDD_0027_E_0008619,-4.8973850926
CtrSVDD_0028_E_0008620,-4.0397674005
CtrSVDD_0029_E_0008621,-5.3552492229
CtrSVDD_0030_E_0008622,2.2944721524
CtrSVDD_0031_E_0008623,-4.5281197070
CtrSVDD_0032_E_0008624,-1.0964555527
CtrSVDD_0033_E_0008625,-0.1121501310
CtrSVDD_0034_E_0008626,-2.3994959417
CtrSVDD_0035_E_0008627,-4.3163439333
CtrSVDD_0036_E_0008628,0.7308942474
CtrSVDD_0037_E_0008629,-5.3741550249
CtrSVDD_0038_E_0008630,-6.1522756586
CtrSVDD_0039_E_0008631,-2.9049767416
CtrSVDD_0040_E_0008632,-4.7566097537
CtrSVDD_0041_E_0008633,-4.5627394162
CtrSVDD_0042_E_0008634,-3.4600811540
CtrSVDD_0043_E_0008635,-5.6231883909
CtrSVDD_0044_E_0008636,1.4008052395
CtrSVDD_0045_E_0008637,-1.1625029119
CtrSVDD_0046_E_0008638,-5.5754501637
CtrSVDD_0047_E_0008639,-6.9390828885
CtrSVDD_0000_E_0008640,-7.1140716764
CtrSVDD_0001_E_0008641,-3.0844515913
CtrSVDD_0002_E_0008642,-4.6580628734
CtrSVDD_0003_E_0008643,-0.2106667507
CtrSVDD_0004_E_0008644,-7.6494249647
CtrSVDD_0005_E_0008645,-3.5771298210
CtrSVDD_0006_E_0008646,-4.3516923875
CtrSVDD_0007_E_0008647,-1.8786705422
CtrSVDD_0008_E_0008648,1.0443641049
CtrSVDD_0009_E_0008649,1.9348118138
CtrSVDD_0010_E_0008650,-3.1335425594
CtrSVDD_0011_E_0008651,-5.1608733941
CtrSVDD_0012_E_0008652,-4.7263494790
CtrSVDD_0013_E_0008653,-5.3923054781
CtrSVDD_0014_E_0008654,-3.3895885832
CtrSVDD_0015_E_0008655,-1.1015730699
CtrSVDD_0016_E_0008656,-4.4190535856
CtrSVDD_0017_E_0008657,-4.3211483979
CtrSVDD_0018_E_0008658,1.4755417059
CtrSVDD_0019_E_0008659,-7.5122228790
CtrSVDD_0020_E_0008660,-4.5652105991
CtrSVDD_0021_E_0008661,-6.8779993801
CtrSVDD_0022_E_0008662,0.7181638739
CtrSVDD_0023_E_0008663,-3.8325074004
CtrSVDD_0024_E_0008664,-5.4442957176
CtrSVDD_0025_E_0008665,0.3263919994
CtrSVDD_0026_E_0008666,-4.9086120711
CtrSVDD_0027_E_0008667,-5.8674915264
CtrSVDD_0028_E_0008668,-4.7004188458
CtrSVDD_0029_E_0008669,-4.1308250092
CtrSVDD_0030_E_0008670,-6.4237943871
CtrSVDD_0031_E_0008671,-4.1939466792
CtrSVDD_0032_E_0008672,1.0905115955
CtrSVDD_0033_E_0008673,-2.5974751639
CtrSVDD_0034_E_0008674,-6.5107910818
CtrSVDD_0035_E_0008675,-1.1921766381
CtrSVDD_0036_E_0008676,-5.5346997117
CtrSVDD_0037_E_0008677,-5.0430388324
CtrSVDD_0038_E_0008678,-2.8694515629
CtrSVDD_0039_E_0008679,-2.7396432918
CtrSVDD_0040_E_0008680,-3.7955729460
CtrSVDD_0041_E_0008681,-6.7679344055
CtrSVDD_0042_E_0008682,-0.6218504967
CtrSVDD_0043_E_0008683,-6.1546414025
CtrSVDD_0044_E_0008684,-4.3014125960
CtrSVDD_0045_E_0008685,-3.4194680492
CtrSVDD_0046_E_0008686,-3.4290566813
CtrSVDD_0047_E_0008687,-4.9471977645
CtrSVDD_0000_E_0008688,-5.4534503735
CtrSVDD_0001_E_0008689,-3.9329397033
CtrSVDD_0002_E_0008690,-7.7632868347
CtrSVDD_0003_E_0008691,-7.6136960296
CtrSVDD_0004_E_0008692,-3.6897961346
CtrSVDD_0005_E_0008693,-5.1198118686
CtrSVDD_0006_E_0008694,-4.9384827572
CtrSVDD_0007_E_0008695,-5.1024936083
CtrSVDD_0008_E_0008696,-5.9792909647
CtrSVDD_0009_E_0008697,-4.1426279817
CtrSVDD_0010_E_0008698,-5.0243435110
CtrSVDD_0011_E_0008699,-3.1103632927
CtrSVDD_0012_E_0008700,-4.4893507507
CtrSVDD_0013_E_0008701,-3.5538580848
CtrSVDD_0014_E_0008702,-4.1572085482
CtrSVDD_0015_E_0008703,-5.1183561142
CtrSVDD_0016_E_0008704,-4.3016596096
CtrSVDD_0017_E_0008705,-6.2747267544
CtrSVDD_0018_E_0008706,-3.7916774567
CtrSVDD_0019_E_0008707,-4.1257503983
CtrSVDD_0020_E_0008708,-4.0236969687
CtrSVDD_0021_E_0008709,-0.2639055764
CtrSVDD_0022_E_0008710,-0.7830568137
CtrSVDD_0023_E_0008711,-3.3208578403
CtrSVDD_0024_E_0008712,0.8737499097
CtrSVDD_0025_E_0008713,-0.2020933456
CtrSVDD_0026_E_0008714,-7.1851415299
CtrSVDD_0027_E_0008715,0.3504453938
CtrSVDD_0028_E_0008716,-2.2043958893
CtrSVDD_0029_E_0008717,-5.9869422088
CtrSVDD_0030_E_0008718,-4.2603750341
CtrSVDD_0031_E_0008719,0.5233638584
CtrSVDD_0032_E_0008720,-3.5507924677
CtrSVDD_0033_E_0008721,-6.6834694170
CtrSVDD_0034_E_0008722,-5.1345512780
CtrSVDD_0035_E_0008723,-1.7784204807
CtrSVDD_0036_E_0008724,-1.2224429156
CtrSVDD_0037_E_0008725,-5.2121062854
CtrSVDD_0038_E_0008726,-1.0371516685
CtrSVDD_0039_E_0008727,-3.0470266615
CtrSVDD_0040_E_0008728,1.0516312817
CtrSVDD_0041_E_0008729,-4.5775132420
CtrSVDD_0042_E_0008730,1.5390871702
CtrSVDD_0043_E_0008731,-5.0452728697
CtrSVDD_0044_E_0008732,-4.5052698885
CtrSVDD_0045_E_0008733,-2.7932465659
CtrSVDD_0046_E_0008734,-5.7757924937
CtrSVDD_0047_E_0008735,-2.3647728080
CtrSVDD_0000_E_0008736,-4.5701624440
CtrSVDD_0001_E_0008737,-6.5636673498
CtrSVDD_0002_E_0008738,-5.4893338367
CtrSVDD_0003_E_0008739,-4.1384303616
CtrSVDD_0004_E_0008740,-4.3653028140
CtrSVDD_0005_E_0008741,-0.7887715581
CtrSVDD_0006_E_0008742,-3.2354505843
CtrSVDD_0007_E_0008743,-1.5718848986
CtrSVDD_0008_E_0008744,-4.5848059936
CtrSVDD_0009_E_0008745,1.1020453733
CtrSVDD_0010_E_0008746,-0.4884676583
CtrSVDD_0011_E_0008747,-2.4873055889
CtrSVDD_0012_E_0008748,-5.3399991458
CtrSVDD_0013_E_0008749,-4.6973546024
CtrSVDD_0014_E_0008750,-5.7883588519
CtrSVDD_0015_E_0008751,-4.0083436727
CtrSVDD_0016_E_0008752,-4.7776481720
CtrSVDD_0017_E_0008753,-4.4801141046
CtrSVDD_0018_E_0008754,-4.1673789618
CtrSVDD_0019_E_0008755,-5.8966301781
CtrSVDD_0020_E_0008756,-5.1677659544
CtrSVDD_0021_E_0008757,-4.4624967273
CtrSVDD_0022_E_0008758,-5.2754068803
CtrSVDD_0023_E_0008759,-0.5096618997
CtrSVDD_0024_E_0008760,-4.9711763947
CtrSVDD_0025_E_0008761,-0.6150761009
CtrSVDD_0026_E_0008762,-0.3400525366
CtrSVDD_0027_E_0008763,-5.4509157480
CtrSVDD_0028_E_0008764,-3.8452862354
CtrSVDD_0029_E_0008765,-5.2438419005
CtrSVDD_0030_E_0008766,-5.7489944190
CtrSVDD_0031_E_0008767,-4.1356546851
CtrSVDD_0032_E_0008768,-7.0872749768
CtrSVDD_0033_E_0008769,-6.8443631955
CtrSVDD_0034_E_0008770,-4.3298922643
CtrSVDD_0035_E_0008771,-7.5926673200
CtrSVDD_0036_E_0008772,-0.2697034673
CtrSVDD_0037_E_0008773,-5.3779300901
CtrSVDD_0038_E_0008774,-4.3090677087
CtrSVDD_0039_E_0008775,-6.0279169282
CtrSVDD_0040_E_0008776,-3.2103358859
CtrSVDD_0041_E_0008777,-1.2078095279
CtrSVDD_0042_E_0008778,1.6949617785
CtrSVDD_0043_E_0008779,-4.0948025227
CtrSVDD_0044_E_0008780,-3.4512310058
CtrSVDD_0045_E_0008781,-4.6541289498
CtrSVDD_0046_E_0008782,2.1353653312
CtrSVDD_0047_E_0008783,-4.0380364077
CtrSVDD_0000_E_0008784,-6.5606039160
CtrSVDD_0001_E_0008785,-4.6450063345
CtrSVDD_0002_E_0008786,-4.7501394434
CtrSVDD_0003_E_0008787,-3.0216214855
CtrSVDD_0004_E_0008788,-5.0570911913
CtrSVDD_0005_E_0008789,-4.6781249438
CtrSVDD_0006_E_0008790,-5.3099321893
CtrSVDD_0007_E_0008791,-0.4228111722
CtrSVDD_0008_E_0008792,-6.4778277980
CtrSVDD_0009_E_0008793,-5.8771148415
CtrSVDD_0010_E_0008794,-5.2292701898
CtrSVDD_0011_E_0008795,-0.5602120314
CtrSVDD_0012_E_0008796,-5.6763769841
CtrSVDD_0013_E_0008797,-5.0614091045
CtrSVDD_0014_E_0008798,1.7852624904
CtrSVDD_0015_E_0008799,-0.1509409192
CtrSVDD_0016_E_0008800,-3.0171143584
CtrSVDD_0017_E_0008801,-1.9418262558
CtrSVDD_0018_E_0008802,-5.1186428323
CtrSVDD_0019_E_0008803,-2.1371181815
CtrSVDD_0020_E_0008804,-0.6631188104
CtrSVDD_0021_E_0008805,-2.8569459010
CtrSVDD_0022_E_0008806,-4.9777475490
CtrSVDD_0023_E_0008807,-5.5411781273
CtrSVDD_0024_E_0008808,-6.2977044183
CtrSVDD_0025_E_0008809,-2.8425624751
CtrSVDD_0026_E_0008810,-5.6070600003
CtrSVDD_0027_E_0008811,-4.8163502341
CtrSVDD_0028_E_0008812,-3.8384786400
CtrSVDD_0029_E_0008813,-4.3986942541
CtrSVDD_0030_E_0008814,-4.4441038120
CtrSVDD_0031_E_0008815,-4.7739826021
CtrSVDD_0032_E_0008816,1.8509683456
CtrSVDD_0033_E_0008817,-4.3632983228
CtrSVDD_0034_E_0008818,-3.4918140870
CtrSVDD_0035_E_0008819,-5.2954230561
CtrSVDD_0036_E_0008820,-3.2862792543
CtrSVDD_0037_E_0008821,-4.6551466775
CtrSVDD_0038_E_0008822,1.6453949376
CtrSVDD_0039_E_0008823,-5.5348535687
CtrSVDD_0040_E_0008824,-5.1968233621
CtrSVDD_0041_E_0008825,-0.2022530017
CtrSVDD_0042_E_0008826,-6.2512881089
CtrSVDD_0043_E_0008827,-0.0454762832
CtrSVDD_0044_E_0008828,-2.0814496682
CtrSVDD_0045_E_0008829,-3.4981711352
CtrSVDD_0046_E_0008830,-5.7864938393
CtrSVDD_0047_E_0008831,-2.7176963819
CtrSVDD_0000_E_0008832,0.3237943289
CtrSVDD_0001_E_0008833,-4.0133717643
CtrSVDD_0002_E_0008834,-5.3484286910
CtrSVDD_0003_E_0008835,-4.6228472422
CtrSVDD_0004_E_0008836,-5.6244680911
CtrSVDD_0005_E_0008837,-5.5493026981
CtrSVDD_0006_E_0008838,-4.7905253963
CtrSVDD_0007_E_0008839,0.2206887118
CtrSVDD_0008_E_0008840,-0.1170656426
CtrSVDD_0009_E_0008841,-4.5095602781
CtrSVDD_0010_E_0008842,-5.0038836070
CtrSVDD_0011_E_0008843,-1.5765488340
CtrSVDD_0012_E_0008844,-0.6877194580
CtrSVDD_0013_E_0008845,-3.7814000713
CtrSVDD_0014_E_0008846,-6.6045500724
CtrSVDD_0015_E_0008847,-3.6169911826
CtrSVDD_0016_E_0008848,-4.5395668541
CtrSVDD_0017_E_0008849,-6.2164561584
CtrSVDD_0018_E_0008850,-2.0349820557
CtrSVDD_0019_E_0008851,-3.6737747841
CtrSVDD_0020_E_0008852,-3.1163315450
CtrSVDD_0021_E_0008853,-3.6685350843
CtrSVDD_0022_E_0008854,-6.4323921392
CtrSVDD_0023_E_0008855,-2.6580019457
CtrSVDD_0024_E_0008856,-4.3243973193
CtrSVDD_0025_E_0008857,-4.7971340268
CtrSVDD_0026_E_0008858,-5.8707275750
CtrSVDD_0027_E_0008859,-6.8836813936
CtrSVDD_0028_E_0008860,-4.0669580026
CtrSVDD_0029_E_0008861,-5.2135804644
CtrSVDD_0030_E_0008862,-4.7626322469
CtrSVDD_0031_E_0008863,-5.3598599820
CtrSVDD_0032_E_0008864,-6.1205457214
CtrSVDD_0033_E_0008865,-4.1867059201
CtrSVDD_0034_E_0008866,-4.3330047325
CtrSVDD_0035_E_0008867,-5.0758841415
CtrSVDD_0036_E_0008868,-4.0666247608
CtrSVDD_0037_E_0008869,-5.0937872378
CtrSVDD_0038_E_0008870,-4.2587567869
CtrSVDD_0039_E_0008871,-5.6319428046
CtrSVDD_0040_E_0008872,-4.1590013444
CtrSVDD_0041_E_0008873,-4.2168010422
CtrSVDD_0042_E_0008874,-0.6247296143
CtrSVDD_0043_E_0008875,-3.0380413398
CtrSVDD_0044_E_0008876,-4.9917473584
CtrSVDD_0045_E_0008877,-5.0489876936
CtrSVDD_0046_E_0008878,-5.0482484752
CtrSVDD_0047_E_0008879,-1.0913665906
CtrSVDD_0000_E_0008880,-4.0359420330
CtrSVDD_0001_E_0008881,-6.1937942148
CtrSVDD_0002_E_0008882,0.9393638134
CtrSVDD_0003_E_0008883,-3.2121920385
CtrSVDD_0004_E_0008884,-3.6169684928
CtrSVDD_0005_E_0008885,-4.8604216689
CtrSVDD_0006_E_0008886,-4.1069936631
CtrSVDD_0007_E_0008887,-5.9956408084
CtrSVDD_0008_E_0008888,-0.3833626499
CtrSVDD_0009_E_0008889,-3.5643915269
CtrSVDD_0010_E_0008890,-3.3333354927
CtrSVDD_0011_E_0008891,-8.1004608520
CtrSVDD_0012_E_0008892,-3.0534700424
CtrSVDD_0013_E_0008893,-5.0277749607
CtrSVDD_0014_E_0008894,-1.7021477290
CtrSVDD_0015_E_0008895,-4.6226011602
CtrSVDD_0016_E_0008896,-4.0438146073
CtrSVDD_0017_E_0008897,0.1721987889
CtrSVDD_0018_E_0008898,-3.7017626293
CtrSVDD_0019_E_0008899,-5.3009555884
CtrSVDD_0020_E_0008900,-7.0646395253
CtrSVDD_0021_E_0008901,-5.5746044182
CtrSVDD_0022_E_0008902,-0.9412258612
CtrSVDD_0023_E_0008903,-5.2286040483
CtrSVDD_0024_E_0008904,-4.8007367647
CtrSVDD_0025_E_0008905,-3.5595402094
CtrSVDD_0026_E_0008906,-5.1162950948
CtrSVDD_0027_E_0008907,-6.1268261191
CtrSVDD_0028_E_0008908,-3.9136508746
CtrSVDD_0029_E_0008909,1.8277963206
CtrSVDD_0030_E_0008910,-4.7650383897
CtrSVDD_0031_E_0008911,-4.5541884821
CtrSVDD_0032_E_0008912,-4.9308251353
CtrSVDD_0033_E_0008913,-3.9491095957
CtrSVDD_0034_E_0008914,-3.0485115367
CtrSVDD_0035_E_0008915,-4.9962733395
CtrSVDD_0036_E_0008916,-1.5318557475
CtrSVDD_0037_E_0008917,-5.9181769538
CtrSVDD_0038_E_0008918,0.4927208810
CtrSVDD_0039_E_0008919,-4.2831130983
CtrSVDD_0040_E_0008920,-1.4713997696
CtrSVDD_0041_E_0008921,0.7833095470
CtrSVDD_0042_E_0008922,-6.1331103178
CtrSVDD_0043_E_0008923,-5.8641953536
CtrSVDD_0044_E_0008924,0.2959096162
CtrSVDD_0045_E_0008925,-6.4685972580
CtrSVDD_0046_E_0008926,-0.2350446126
CtrSVDD_0047_E_0008927,0.4212820896
CtrSVDD_0000_E_0008928,-3.9522208853
CtrSVDD_0001_E_0008929,-1.4672829233
CtrSVDD_0002_E_0008930,-3.4227613419
CtrSVDD_0003_E_0008931,-4.5687788187
CtrSVDD_0004_E_0008932,0.5326035623
CtrSVDD_0005_E_0008933,-4.7559787257
CtrSVDD_0006_E_0008934,-6.0392472626
CtrSVDD_0007_E_0008935,-3.6209817462
CtrSVDD_0008_E_0008936,-4.2508089391
CtrSVDD_0009_E_0008937,-1.6432835350
CtrSVDD_0010_E_0008938,-4.1324370264
CtrSVDD_0011_E_0008939,-3.5684170861
CtrSVDD_0012_E_0008940,-3.4465586317
CtrSVDD_0013_E_0008941,-6.4177638025
CtrSVDD_0014_E_0008942,-5.0562363566
CtrSVDD_0015_E_0008943,-4.2596078298
CtrSVDD_0016_E_0008944,-3.2796142139
CtrSVDD_0017_E_0008945,-3.9516547964
CtrSVDD_0018_E_0008946,-2.6956408942
CtrSVDD_0019_E_0008947,0.1495262561
CtrSVDD_0020_E_0008948,-4.8939013084
CtrSVDD_0021_E_0008949,-4.5908666221
CtrSVDD_0022_E_0008950,-6.4108150636
CtrSVDD_0023_E_0008951,-4.7126467673
CtrSVDD_0024_E_0008952,-4.9530499615
CtrSVDD_0025_E_0008953,-5.8888492608
CtrSVDD_0026_E_0008954,-4.7511020491
CtrSVDD_0027_E_0008955,-5.0858361500
CtrSVDD_0028_E_0008956,-5.0803069325
CtrSVDD_0029_E_0008957,-6.4878054786
CtrSVDD_0030_E_0008958,-7.2574363167
CtrSVDD_0031_E_0008959,0.7849588792
CtrSVDD_0032_E_0008960,-4.1227326667
CtrSVDD_0033_E_0008961,-3.9146027326
CtrSVDD_0034_E_0008962,-5.2102259164
CtrSVDD_0035_E_0008963,-3.8865049117
CtrSVDD_0036_E_0008964,-4.6556934595
CtrSVDD_0037_E_0008965,-5.3726365631
CtrSVDD_0038_E_0008966,-7.1770198018
CtrSVDD_0039_E_0008967,-3.3075604073
CtrSVDD_0040_E_0008968,1.7495814869
CtrSVDD_0041_E_0008969,-3.7148936087
CtrSVDD_0042_E_0008970,-3.2686538128
CtrSVDD_0043_E_0008971,-5.3380094179
CtrSVDD_0044_E_0008972,-2.7145017516
CtrSVDD_0045_E_0008973,-3.4426580157
CtrSVDD_0046_E_0008974,-5.9531258727
CtrSVDD_0047_E_0008975,-4.0563117145
CtrSVDD_0000_E_0008976,-5.2179850314
CtrSVDD_0001_E_0008977,-3.1820949117
CtrSVDD_0002_E_0008978,-4.2758007869
CtrSVDD_0003_E_0008979,-0.6440681386
CtrSVDD_0004_E_0008980,-0.2886104937
CtrSVDD_0005_E_0008981,0.1424573696
CtrSVDD_0006_E_0008982,-3.7512973885
CtrSVDD_0007_E_0008983,0.0318393905
CtrSVDD_0008_E_0008984,2.3499176557
CtrSVDD_0009_E_0008985,-4.9929526213
CtrSVDD_0010_E_0008986,-1.4631907961
CtrSVDD_0011_E_0008987,-3.5220478961
CtrSVDD_0012_E_0008988,-0.6196798163
CtrSVDD_0013_E_0008989,-4.5001845221
CtrSVDD_0014_E_0008990,-0.7236053830
CtrSVDD_0015_E_0008991,-4.2828091395
CtrSVDD_0016_E_0008992,-7.1265046625
CtrSVDD_0017_E_0008993,-4.5206135382
CtrSVDD_0018_E_0008994,-4.3741417498
CtrSVDD_0019_E_0008995,0.4754214521
CtrSVDD_0020_E_0008996,-3.7517845837
CtrSVDD_0021_E_0008997,-5.1725544088
CtrSVDD_0022_E_0008998,-6.4290013353
CtrSVDD_0023_E_0008999,-0.6544299850
CtrSVDD_0024_E_0009000,1.4721607661
CtrSVDD_0025_E_0009001,-0.6032882259
CtrSVDD_0026_E_0009002,-5.5425273988
CtrSVDD_0027_E_0009003,-5.5444243822
CtrSVDD_0028_E_0009004,-4.9730151525
CtrSVDD_0029_E_0009005,-5.4850935872
CtrSVDD_0030_E_0009006,-5.7776263121
CtrSVDD_0031_E_0009007,1.3297709502
CtrSVDD_0032_E_0009008,-4.4260073577
CtrSVDD_0033_E_0009009,-4.1899160922
CtrSVDD_0034_E_0009010,-2.8384975350
CtrSVDD_0035_E_0009011,-0.7660637131
CtrSVDD_0036_E_0009012,-4.7457484032
CtrSVDD_0037_E_0009013,-5.7191799729
CtrSVDD_0038_E_0009014,-5.0416163452
CtrSVDD_0039_E_0009015,-4.7111207785
CtrSVDD_0040_E_0009016,-2.3025375328
CtrSVDD_0041_E_0009017,-5.8336712785
CtrSVDD_0042_E_0009018,-4.9835588629
CtrSVDD_0043_E_0009019,-5.0701952902
CtrSVDD_0044_E_0009020,-4.9690263790
CtrSVDD_0045_E_0009021,-1.5578646753
CtrSVDD_0046_E_0009022,0.5406807072
CtrSVDD_0047_E_0009023,-5.1175720063
CtrSVDD_0000_E_0009024,-4.5314848097
CtrSVDD_0001_E_0009025,-6.3408770329
CtrSVDD_0002_E_0009026,-2.8061520211
CtrSVDD_0003_E_0009027,-5.4415933121
CtrSVDD_0004_E_0009028,0.3415349575
CtrSVDD_0005_E_0009029,-4.4282770769
CtrSVDD_0006_E_0009030,-5.5853069688
CtrSVDD_0007_E_0009031,-3.4391515061
CtrSVDD_0008_E_0009032,-0.0706976479
CtrSVDD_0009_E_0009033,-7.4299868024
CtrSVDD_0010_E_0009034,-1.9616409265
CtrSVDD_0011_E_0009035,-4.1317989156
CtrSVDD_0012_E_0009036,-5.0714617848
CtrSVDD_0013_E_0009037,-4.2030087119
CtrSVDD_0014_E_0009038,-3.4553276099
CtrSVDD_0015_E_0009039,-6.0290370392
CtrSVDD_0016_E_0009040,-3.9099215227
CtrSVDD_0017_E_0009041,-5.7752771244
CtrSVDD_0018_E_0009042,-3.6850433477
CtrSVDD_0019_E_0009043,-3.2544154891
CtrSVDD_0020_E_0009044,-4.1206107644
CtrSVDD_0021_E_0009045,-3.4707874869
CtrSVDD_0022_E_0009046,-3.8381465046
CtrSVDD_0023_E_0009047,-0.7435948278
CtrSVDD_0024_E_0009048,-5.0299909493
CtrSVDD_0025_E_0009049,-4.7346005030
CtrSVDD_0026_E_0009050,-6.6952293162
CtrSVDD_0027_E_0009051,-6.7811848002
CtrSVDD_0028_E_0009052,-3.5886346254
CtrSVDD_0029_E_0009053,-2.9047949978
CtrSVDD_0030_E_0009054,-5.6866663746
CtrSVDD_0031_E_0009055,-3.9300397225
CtrSVDD_0032_E_0009056,-5.0891541271
CtrSVDD_0033_E_0009057,-5.5920528992
CtrSVDD_0034_E_0009058,-5.7780736360
CtrSVDD_0035_E_0009059,-5.7882859250
CtrSVDD_0036_E_0009060,0.5181513452
CtrSVDD_0037_E_0009061,-3.8101030719
CtrSVDD_0038_E_0009062,-6.3431727869
CtrSVDD_0039_E_0009063,-3.1691938277
CtrSVDD_0040_E_0009064,-2.2735663011
CtrSVDD_0041_E_0009065,-5.4331200952
CtrSVDD_0042_E_0009066,-2.5245417065
CtrSVDD_0043_E_0009067,-3.8367866895
CtrSVDD_0044_E_0009068,-0.6718579897
CtrSVDD_0045_E_0009069,-5.7443148680
CtrSVDD_0046_E_0009070,0.2035211983
CtrSVDD_0047_E_0009071,-2.7821141663
CtrSVDD_0000_E_0009072,-4.7309048683
CtrSVDD_0001_E_0009073,-3.9302173468
CtrSVDD_0002_E_0009074,-3.9667467205
CtrSVDD_0003_E_0009075,-5.0364547358
CtrSVDD_0004_E_0009076,-4.0126984349
CtrSVDD_0005_E_0009077,-1.2525226939
CtrSVDD_0006_E_0009078,-6.6990875314
CtrSVDD_0007_E_0009079,-6.7057710197
CtrSVDD_0008_E_0009080,-4.1478308680
CtrSVDD_0009_E_0009081,-5.2301170404
CtrSVDD_0010_E_0009082,-0.2451224673
CtrSVDD_0011_E_0009083,-3.7084313321
CtrSVDD_0012_E_0009084,-4.0767188478
CtrSVDD_0013_E_0009085,-3.4964187495
CtrSVDD_0014_E_0009086,0.5439214382
CtrSVDD_0015_E_0009087,-4.6050998696
CtrSVDD_0016_E_0009088,-5.3425990693
CtrSVDD_0017_E_0009089,-6.1185431232
CtrSVDD_0018_E_0009090,-0.0805172304
CtrSVDD_0019_E_0009091,-6.1630406102
CtrSVDD_0020_E_0009092,-5.0572569489
CtrSVDD_0021_E_0009093,-5.2091080907
CtrSVDD_0022_E_0009094,-0.5165522584
CtrSVDD_0023_E_0009095,-6.2075540232
CtrSVDD_0024_E_0009096,-4.1529754663
CtrSVDD_0025_E_0009097,-4.8563962808
CtrSVDD_0026_E_0009098,-3.0616072280
CtrSVDD_0027_E_0009099,-5.6745546779
CtrSVDD_0028_E_0009100,-4.0093879078
CtrSVDD_0029_E_0009101,-6.2776206527
CtrSVDD_0030_E_0009102,-4.2633984264
CtrSVDD_0031_E_0009103,-5.3840383024
CtrSVDD_0032_E_0009104,1.3331649506
CtrSVDD_0033_E_0009105,-3.4015279570
CtrSVDD_0034_E_0009106,-4.9808253028
CtrSVDD_0035_E_0009107,-3.3979327530
CtrSVDD_0036_E_0009108,0.6032882259
CtrSVDD_0037_E_0009109,-5.3483438665
CtrSVDD_0038_E_0009110,-5.5738117996
CtrSVDD_0039_E_0009111,-4.9668944519
CtrSVDD_0040_E_0009112,-3.6254827824
CtrSVDD_0041_E_0009113,-2.5355091185
CtrSVDD_0042_E_0009114,-4.5781464302
CtrSVDD_0043_E_0009115,-0.9858255004
CtrSVDD_0044_E_0009116,-5.6459455524
CtrSVDD_0045_E_0009117,-4.1372603451
CtrSVDD_0046_E_0009118,-3.5780515080
CtrSVDD_0047_E_0009119,-6.7916530833
CtrSVDD_0000_E_0009120,-6.4767718726
CtrSVDD_0001_E_0009121,-6.0376771823
CtrSVDD_0002_E_0009122,-7.0852830908
CtrSVDD_0003_E_0009123,-5.8734583837
CtrSVDD_0004_E_0009124,-3.9413084688
CtrSVDD_0005_E_0009125,-4.3930317367
CtrSVDD_0006_E_0009126,-5.4108064505
CtrSVDD_0007_E_0009127,-5.1959665893
CtrSVDD_0008_E_0009128,-4.7073886608
CtrSVDD_0009_E_0009129,-3.6610084334
CtrSVDD_0010_E_0009130,-5.0106573132
CtrSVDD_0011_E_0009131,-4.6820501124
CtrSVDD_0012_E_0009132,-5.1236241604
CtrSVDD_0013_E_0009133,-6.1854555600
CtrSVDD_0014_E_0009134,-5.3345707228
CtrSVDD_0015_E_0009135,-4.8334252124
CtrSVDD_0016_E_0009136,-4.9862297210
CtrSVDD_0017_E_0009137,-5.3494938726
CtrSVDD_0018_E_0009138,-4.6196988538
CtrSVDD_0019_E_0009139,-4.0918134981
CtrSVDD_0020_E_0009140,0.4965367502
CtrSVDD_0021_E_0009141,-5.0010505747
CtrSVDD_0022_E_0009142,-4.5921325688
CtrSVDD_0023_E_0009143,-5.1079640420
CtrSVDD_0024_E_0009144,0.0328774424
CtrSVDD_0025_E_0009145,-4.6556837448
CtrSVDD_0026_E_0009146,-4.9040843121
CtrSVDD_0027_E_0009147,-4.4966645886
CtrSVDD_0028_E_0009148,1.6400033795
CtrSVDD_0029_E_0009149,-6.3093852368
CtrSVDD_0030_E_0009150,-5.8589393377
CtrSVDD_0031_E_0009151,1.5184291412
CtrSVDD_0032_E_0009152,-5.8519998244
CtrSVDD_0033_E_0009153,1.7081333224
CtrSVDD_0034_E_0009154,-4.2706932298
CtrSVDD_0035_E_0009155,-6.8027353056
CtrSVDD_0036_E_0009156,-4.9174653818
CtrSVDD_0037_E_0009157,-3.4212512886
CtrSVDD_0038_E_0009158,-3.3572576333
CtrSVDD_0039_E_0009159,-5.0789714141
CtrSVDD_0040_E_0009160,0.0253011288
CtrSVDD_0041_E_0009161,-3.5252217244
CtrSVDD_0042_E_0009162,-4.4842161654
CtrSVDD_0043_E_0009163,-3.9007341318
CtrSVDD_0044_E_0009164,-5.5429142375
CtrSVDD_0045_E_0009165,-5.7257680096
CtrSVDD_0046_E_0009166,-4.4234669228
CtrSVDD_0047_E_0009167,-5.2649245766
CtrSVDD_0000_E_0009168,-3.5668128353
CtrSVDD_0001_E_0009169,-6.0256538074
CtrSVDD_0002_E_0009170,-3.7249772977
CtrSVDD_0003_E_0009171,0.0957844592
CtrSVDD_0004_E_0009172,-0.7363864709
CtrSVDD_0005_E_0009173,-2.7456712900
CtrSVDD_0006_E_0009174,-1.7401137222
CtrSVDD_0007_E_0009175,-3.6118920816
CtrSVDD_0008_E_0009176,-5.4645850115
CtrSVDD_0009_E_0009177,-0.4474143830
CtrSVDD_0010_E_0009178,-5.4617271923
CtrSVDD_0011_E_0009179,-6.4850324487
CtrSVDD_0012_E_0009180,-4.1936646112
CtrSVDD_0013_E_0009181,-4.8303282056
CtrSVDD_0014_E_0009182,-8.2772410758
CtrSVDD_0015_E_0009183,-5.9651390757
CtrSVDD_0016_E_0009184,-6.3639566188
CtrSVDD_0017_E_0009185,-5.6403879842
CtrSVDD_0018_E_0009186,0.0448336442
CtrSVDD_0019_E_0009187,-0.1198829224
CtrSVDD_0020_E_0009188,-4.6535479817
CtrSVDD_0021_E_0009189,-4.8028183955
CtrSVDD_0022_E_0009190,-4.7259790904
CtrSVDD_0023_E_0009191,-4.0191941453
CtrSVDD_0024_E_0009192,-4.5789533577
CtrSVDD_0025_E_0009193,-4.2842127258
CtrSVDD_0026_E_0009194,-4.6244200148
CtrSVDD_0027_E_0009195,-5.7475835624
CtrSVDD_0028_E_0009196,-5.5367553536
CtrSVDD_0029_E_0009197,0.6877194580
CtrSVDD_0030_E_0009198,-5.4898499073
CtrSVDD_0031_E_0009199,-4.1672790743
CtrSVDD_0032_E_0009200,-5.5577297435
CtrSVDD_0033_E_0009201,-5.0654882621
CtrSVDD_0034_E_0009202,1.2331435240
CtrSVDD_0035_E_0009203,-5.4942077739
CtrSVDD_0036_E_0009204,0.0768622262
CtrSVDD_0037_E_0009205,-6.6621586399
CtrSVDD_0038_E_0009206,-6.1233762810
CtrSVDD_0039_E_0009207,-4.9646637424
CtrSVDD_0040_E_0009208,-4.7716485733
CtrSVDD_0041_E_0009209,-5.2209264588
CtrSVDD_0042_E_0009210,-5.2696805861
CtrSVDD_0043_E_0009211,-5.4665518127
CtrSVDD_0044_E_0009212,-5.8432668445
CtrSVDD_0045_E_0009213,-6.2184101141
CtrSVDD_0046_E_0009214,-5.3187028037
CtrSVDD_0047_E_0009215,-6.1874208987
CtrSVDD_0000_E_0009216,-4.5168504482
CtrSVDD_0001_E_0009217,-4.3492257417
CtrSVDD_0002_E_0009218,-5.6068248912
CtrSVDD_0003_E_0009219,-5.5281744553
CtrSVDD_0004_E_0009220,-4.2914147300
CtrSVDD_0005_E_0009221,-0.6167670433
CtrSVDD_0006_E_0009222,-3.6167568295
CtrSVDD_0007_E_0009223,-4.1342183357
CtrSVDD_0008_E_0009224,0.0496774027
CtrSVDD_0009_E_0009225,-3.0828045718
CtrSVDD_0010_E_0009226,-4.7339384977
CtrSVDD_0011_E_0009227,0.7127435471
CtrSVDD_0012_E_0009228,-2.4496760964
CtrSVDD_0013_E_0009229,-3.5801428585
CtrSVDD_0014_E_0009230,-5.9593956496
CtrSVDD_0015_E_0009231,-5.4489174860
CtrSVDD_0016_E_0009232,-5.0779884007
CtrSVDD_0017_E_0009233,-5.4677296152
CtrSVDD_0018_E_0009234,-3.8107238892
CtrSVDD_0019_E_0009235,-1.2679967613
CtrSVDD_0020_E_0009236,-0.7073440802
CtrSVDD_0021_E_0009237,-4.0846884388
CtrSVDD_0022_E_0009238,-5.4558278119
CtrSVDD_0023_E_0009239,-3.6170454470
CtrSVDD_0024_E_0009240,-5.9711986222
CtrSVDD_0025_E_0009241,-4.8902122967
CtrSVDD_0026_E_0009242,-5.5152704515
CtrSVDD_0027_E_0009243,-5.9923528793
CtrSVDD_0028_E_0009244,-4.0678929186
CtrSVDD_0029_E_0009245,-4.3835750689
CtrSVDD_0030_E_0009246,-4.6820249918
CtrSVDD_0031_E_0009247,-5.0025302926
CtrSVDD_0032_E_0009248,-6.8452216963
CtrSVDD_0033_E_0009249,-5.8854713018
CtrSVDD_0034_E_0009250,-3.8846384308
CtrSVDD_0035_E_0009251,0.4769881839
CtrSVDD_0036_E_0009252,-5.3742124998
CtrSVDD_0037_E_0009253,-3.5193677735
CtrSVDD_0038_E_0009254,-3.6604974142
CtrSVDD_0039_E_0009255,-4.7617200678
CtrSVDD_0040_E_0009256,-4.7960351851
CtrSVDD_0041_E_0009257,-3.0033018805
CtrSVDD_0042_E_0009258,-4.9552081365
CtrSVDD_0043_E_0009259,-0.7753546961
CtrSVDD_0044_E_0009260,-5.0773961990
CtrSVDD_0045_E_0009261,-5.1055654905
CtrSVDD_0046_E_0009262,-3.1611143424
CtrSVDD_0047_E_0009263,-5.0672677107
CtrSVDD_0000_E_0009264,-1.4923680786
CtrSVDD_0001_E_0009265,-4.6797704068
CtrSVDD_0002_E_0009266,-4.7460472770
CtrSVDD_0003_E_0009267,0.5750016537
CtrSVDD_0004_E_0009268,1.1329042518
CtrSVDD_0005_E_0009269,-0.8275522725
CtrSVDD_0006_E_0009270,-4.5101196690
CtrSVDD_0007_E_0009271,1.4672829233
CtrSVDD_0008_E_0009272,-3.7074498874
CtrSVDD_0009_E_0009273,-4.1164261473
CtrSVDD_0010_E_0009274,-4.0644106600
CtrSVDD_0011_E_0009275,-2.8126280962
CtrSVDD_0012_E_0009276,-6.0994291380
CtrSVDD_0013_E_0009277,-5.9375167821
CtrSVDD_0014_E_0009278,-5.3750650732
CtrSVDD_0015_E_0009279,-6.0845996534
CtrSVDD_0016_E_0009280,-5.1823302031
CtrSVDD_0017_E_0009281,-6.7896518658
CtrSVDD_0018_E_0009282,-5.2945047426
CtrSVDD_0019_E_0009283,-4.9397208780
CtrSVDD_0020_E_0009284,-0.1184741650
CtrSVDD_0021_E_0009285,-4.3635093936
CtrSVDD_0022_E_0009286,-0.6116994783
CtrSVDD_0023_E_0009287,-4.8871215163
CtrSVDD_0024_E_0009288,-0.1523558843
CtrSVDD_0025_E_0009289,-3.3772219127
CtrSVDD_0026_E_0009290,-5.8330037505
CtrSVDD_0027_E_0009291,-4.5456142578
CtrSVDD_0028_E_0009292,0.0875359191
CtrSVDD_0029_E_0009293,-5.7989623164
CtrSVDD_0030_E_0009294,-4.0102772555
CtrSVDD_0031_E_0009295,-5.3139999250
CtrSVDD_0032_E_0009296,-5.3899776380
CtrSVDD_0033_E_0009297,-4.6350254266
CtrSVDD_0034_E_0009298,-5.3128600825
CtrSVDD_0035_E_0009299,-4.8220928377
CtrSVDD_0036_E_0009300,0.5500786843
CtrSVDD_0037_E_0009301,-4.1829464885
CtrSVDD_0038_E_0009302,-3.0151857972
CtrSVDD_0039_E_0009303,-5.3589997467
CtrSVDD_0040_E_0009304,-0.8354581133
CtrSVDD_0041_E_0009305,-5.4588024869
CtrSVDD_0042_E_0009306,-4.8271875119
CtrSVDD_0043_E_0009307,0.3341302823
CtrSVDD_0044_E_0009308,-4.3897455819
CtrSVDD_0045_E_0009309,-5.7605437910
CtrSVDD_0046_E_0009310,-3.3473919985
CtrSVDD_0047_E_0009311,-1.8248437592
CtrSVDD_0000_E_0009312,-5.5300306358
CtrSVDD_0001_E_0009313,-0.4278310530
CtrSVDD_0002_E_0009314,-6.1857935772
CtrSVDD_0003_E_0009315,-5.2808933348
CtrSVDD_0004_E_0009316,-6.8755971430
CtrSVDD_0005_E_0009317,-3.0078540219
CtrSVDD_0006_E_0009318,-3.0162692838
CtrSVDD_0007_E_0009319,-5.6170646100
CtrSVDD_0008_E_0009320,-5.9346446695
CtrSVDD_0009_E_0009321,-5.0837913086
CtrSVDD_0010_E_0009322,-3.6163379077
CtrSVDD_0011_E_0009323,1.4550792554
CtrSVDD_0012_E_0009324,-4.5477761945
CtrSVDD_0013_E_0009325,-6.6532278123
CtrSVDD_0014_E_0009326,-4.5811793254
CtrSVDD_0015_E_0009327,-4.4839234007
CtrSVDD_0016_E_0009328,-4.7375470205
CtrSVDD_0017_E_0009329,-5.4132135955
CtrSVDD_0018_E_0009330,-8.4664275098
CtrSVDD_0019_E_0009331,-4.7052019200
CtrSVDD_0020_E_0009332,-3.7416588314
CtrSVDD_0021_E_0009333,-2.1865271410
CtrSVDD_0022_E_0009334,-3.4875151156
CtrSVDD_0023_E_0009335,-0.5245610163
CtrSVDD_0024_E_0009336,-5.1974322759
CtrSVDD_0025_E_0009337,1.9367095375
CtrSVDD_0026_E_0009338,-0.0370763774
CtrSVDD_0027_E_0009339,-4.4082443898
CtrSVDD_0028_E_0009340,-8.1184974533
CtrSVDD_0029_E_0009341,1.5779813784
CtrSVDD_0030_E_0009342,-2.7567490675
CtrSVDD_0031_E_0009343,-3.3992299443
CtrSVDD_0032_E_0009344,-4.4274689534
CtrSVDD_0033_E_0009345,-6.1394841599
CtrSVDD_0034_E_0009346,-3.3520488321
CtrSVDD_0035_E_0009347,-0.4443244374
CtrSVDD_0036_E_0009348,-4.1693559718
CtrSVDD_0037_E_0009349,-4.0864992881
CtrSVDD_0038_E_0009350,-4.4025234766
CtrSVDD_0039_E_0009351,-0.6561637812
CtrSVDD_0040_E_0009352,-5.3943019638
CtrSVDD_0041_E_0009353,-4.3662180697
CtrSVDD_0042_E_0009354,-5.7935463932
CtrSVDD_0043_E_0009355,-5.8800030382
CtrSVDD_0044_E_0009356,-6.3044935778
CtrSVDD_0045_E_0009357,-6.3527612595
CtrSVDD_0046_E_0009358,-6.2631047233
CtrSVDD_0047_E_0009359,-5.8946195405
CtrSVDD_0000_E_0009360,-5.5577629984
CtrSVDD_0001_E_0009361,-3.5130478320
CtrSVDD_0002_E_0009362,-6.6447685340
CtrSVDD_0003_E_0009363,-5.3219314415
CtrSVDD_0004_E_0009364,-4.6354718187
CtrSVDD_0005_E_0009365,-4.4083988261
CtrSVDD_0006_E_0009366,-3.9302134392
CtrSVDD_0007_E_0009367,-6.0416008814
CtrSVDD_0008_E_0009368,-4.2212869516
CtrSVDD_0009_E_0009369,-2.8533593078
CtrSVDD_0010_E_0009370,-0.1750388497
CtrSVDD_0011_E_0009371,-6.4772472488
CtrSVDD_0012_E_0009372,-5.5394884748
CtrSVDD_0013_E_0009373,-5.5188154920
CtrSVDD_0014_E_0009374,-4.7720331898
CtrSVDD_0015_E_0009375,-3.6985011666
CtrSVDD_0016_E_0009376,1.7992027972
CtrSVDD_0017_E_0009377,-5.2885545629
CtrSVDD_0018_E_0009378,-4.5715759931
CtrSVDD_0019_E_0009379,-6.4960232266
CtrSVDD_0020_E_0009380,-5.2309023454
CtrSVDD_0021_E_0009381,-4.0510353215
CtrSVDD_0022_E_0009382,-4.5178905468
CtrSVDD_0023_E_0009383,-3.9321520609
CtrSVDD_0024_E_0009384,-4.8860939704
CtrSVDD_0025_E_0009385,-3.9311133150
CtrSVDD_0026_E_0009386,-3.2843801964
CtrSVDD_0027_E_0009387,-3.9668651767
CtrSVDD_0028_E_0009388,-6.9537801422
CtrSVDD_0029_E_0009389,-5.3894538182
CtrSVDD_0030_E_0009390,-4.2933076647
CtrSVDD_0031_E_0009391,-3.0760200836
CtrSVDD_0032_E_0009392,-6.6503885883
CtrSVDD_0033_E_0009393,-5.1579555035
CtrSVDD_0034_E_0009394,-4.6018276542
CtrSVDD_0035_E_0009395,-3.3845651790
CtrSVDD_0036_E_0009396,-4.9226331863
CtrSVDD_0037_E_0009397,-3.9638313262
CtrSVDD_0038_E_0009398,-5.5032206766
CtrSVDD_0039_E_0009399,-4.8426967117
CtrSVDD_0040_E_0009400,-5.1057699593
CtrSVDD_0041_E_0009401,-6.7637006719
CtrSVDD_0042_E_0009402,-3.1379910205
CtrSVDD_0043_E_0009403,-0.0721000060
CtrSVDD_0044_E_0009404,-5.5379700129
CtrSVDD_0045_E_0009405,-3.6849249868
CtrSVDD_0046_E_0009406,-2.9912843727
CtrSVDD_0047_E_0009407,-4.1891210986
CtrSVDD_0000_E_0009408,-6.9405130725
CtrSVDD_0001_E_0009409,-5.9472376748
CtrSVDD_0002_E_0009410,-3.9466698164
CtrSVDD_0003_E_0009411,-4.9085471733
CtrSVDD_0004_E_0009412,-5.2235530594
CtrSVDD_0005_E_0009413,-5.1056347415
CtrSVDD_0006_E_0009414,-6.5573285125
CtrSVDD_0007_E_0009415,-4.1488139580
CtrSVDD_0008_E_0009416,-4.4570235810
CtrSVDD_0009_E_0009417,-4.5591093939
CtrSVDD_0010_E_0009418,-0.9283296332
CtrSVDD_0011_E_0009419,-3.8723872973
CtrSVDD_0012_E_0009420,-4.9967896195
CtrSVDD_0013_E_0009421,-4.7133829084
CtrSVDD_0014_E_0009422,-7.9286202846
CtrSVDD_0015_E_0009423,-3.9590345515
CtrSVDD_0016_E_0009424,0.5069852349
CtrSVDD_0017_E_0009425,-3.9532360645
CtrSVDD_0018_E_0009426,-2.6982796853
CtrSVDD_0019_E_0009427,-4.7475580388
CtrSVDD_0020_E_0009428,-4.5637559861
CtrSVDD_0021_E_0009429,-4.8901631322
CtrSVDD_0022_E_0009430,-1.8912292378
CtrSVDD_0023_E_0009431,-6.6349285610
CtrSVDD_0024_E_0009432,-4.1675201773
CtrSVDD_0025_E_0009433,-5.1856724942
CtrSVDD_0026_E_0009434,-4.8435456714
CtrSVDD_0027_E_0009435,-3.6884201058
CtrSVDD_0028_E_0009436,-5.1356601080
CtrSVDD_0029_E_0009437,-5.5926481301
CtrSVDD_0030_E_0009438,-6.1192214713
CtrSVDD_0031_E_0009439,0.9812876872
CtrSVDD_0032_E_0009440,-0.5553094215
CtrSVDD_0033_E_0009441,-3.0000321577
CtrSVDD_0034_E_0009442,-2.9568340992
CtrSVDD_0035_E_0009443,-6.9830297837
CtrSVDD_0036_E_0009444,-4.7406398556
CtrSVDD_0037_E_0009445,-2.4188685421
CtrSVDD_0038_E_0009446,-1.4391373656
CtrSVDD_0039_E_0009447,-0.6003450504
CtrSVDD_0040_E_0009448,-5.0117634301
CtrSVDD_0041_E_0009449,-6.6178078650
CtrSVDD_0042_E_0009450,-5.1216009695
CtrSVDD_0043_E_0009451,1.8590092135
CtrSVDD_0044_E_0009452,-4.4712706560
CtrSVDD_0045_E_0009453,-4.8380645911
CtrSVDD_0046_E_0009454,-4.8755318758
CtrSVDD_0047_E_0009455,-3.9034004624
CtrSVDD_0000_E_0009456,-5.5689041960
CtrSVDD_0001_E_0009457,-3.6086695111
CtrSVDD_0002_E_0009458,-0.8096874240
CtrSVDD_0003_E_0009459,0.4990480477
CtrSVDD_0004_E_0009460,1.7781257629
CtrSVDD_0005_E_0009461,-5.0330417121
CtrSVDD_0006_E_0009462,-4.8700961513
CtrSVDD_0007_E_0009463,1.1905839276
CtrSVDD_0008_E_0009464,-3.4759375696
CtrSVDD_0009_E_0009465,-3.6955142048
CtrSVDD_0010_E_0009466,-3.5083699599
CtrSVDD_0011_E_0009467,1.9137459226
CtrSVDD_0012_E_0009468,-5.5737242484
CtrSVDD_0013_E_0009469,0.8819752741
CtrSVDD_0014_E_0009470,-4.9895345368
CtrSVDD_0015_E_0009471,0.2221222082
CtrSVDD_0016_E_0009472,-3.6790481626
CtrSVDD_0017_E_0009473,-4.3151952476
CtrSVDD_0018_E_0009474,-3.1612357424
CtrSVDD_0019_E_0009475,-4.2278155453
CtrSVDD_0020_E_0009476,-4.1784693182
CtrSVDD_0021_E_0009477,-4.1631816538
CtrSVDD_0022_E_0009478,-6.1507263167
CtrSVDD_0023_E_0009479,-4.7628844654
CtrSVDD_0024_E_0009480,-5.5319027467
CtrSVDD_0025_E_0009481,-2.8960109072
CtrSVDD_0026_E_0009482,-5.1269363198
CtrSVDD_0027_E_0009483,0.2149592275
CtrSVDD_0028_E_0009484,-2.8260196138
CtrSVDD_0029_E_0009485,-0.3893914348
CtrSVDD_0030_E_0009486,-4.0528113845
CtrSVDD_0031_E_0009487,1.2455108566
CtrSVDD_0032_E_0009488,-3.5571958926
CtrSVDD_0033_E_0009489,0.3105557215
CtrSVDD_0034_E_0009490,-4.6102800130
CtrSVDD_0035_E_0009491,-4.0963671861
CtrSVDD_0036_E_0009492,-3.3158205701
CtrSVDD_0037_E_0009493,-4.7676468459
CtrSVDD_0038_E_0009494,-5.6137664466
CtrSVDD_0039_E_0009495,-0.1481118923
CtrSVDD_0040_E_0009496,-2.6766500117
CtrSVDD_0041_E_0009497,-4.1120032662
CtrSVDD_0042_E_0009498,-2.7634096235
CtrSVDD_0043_E_0009499,-4.7920488644
CtrSVDD_0044_E_0009500,-3.4576192911
CtrSVDD_0045_E_0009501,-4.3640202653
CtrSVDD_0046_E_0009502,0.5569421364
CtrSVDD_0047_E_0009503,1.6774156031
CtrSVDD_0000_E_0009504,-4.6698807232
CtrSVDD_0001_E_0009505,-4.4004347212
CtrSVDD_0002_E_0009506,-2.5869359198
CtrSVDD_0003_E_0009507,-6.1337981895
CtrSVDD_0004_E_0009508,-6.3549485167
CtrSVDD_0005_E_0009509,-4.5653592267
CtrSVDD_0006_E_0009510,-5.2968768031
CtrSVDD_0007_E_0009511,-5.7485402127
CtrSVDD_0008_E_0009512,-5.2371300126
CtrSVDD_0009_E_0009513,-4.5298489438
CtrSVDD_0010_E_0009514,-4.8671582820
CtrSVDD_0011_E_0009515,-6.0371000545
CtrSVDD_0012_E_0009516,-5.2404786646
CtrSVDD_0013_E_0009517,-3.0167405405
CtrSVDD_0014_E_0009518,-6.0350656288
CtrSVDD_0015_E_0009519,-5.3564013680
CtrSVDD_0016_E_0009520,-3.0237590525
CtrSVDD_0017_E_0009521,-5.1057502918
CtrSVDD_0018_E_0009522,-5.7613695401
CtrSVDD_0019_E_0009523,-0.2379215198
CtrSVDD_0020_E_0009524,-4.1642626926
CtrSVDD_0021_E_0009525,-3.2269599964
CtrSVDD_0022_E_0009526,-5.3333782155
CtrSVDD_0023_E_0009527,-3.1327445360
CtrSVDD_0024_E_0009528,-5.1467537229
CtrSVDD_0025_E_0009529,-4.7662013980
CtrSVDD_0026_E_0009530,-5.1869239141
CtrSVDD_0027_E_0009531,-5.0526122268
CtrSVDD_0028_E_0009532,-6.0324302957
CtrSVDD_0029_E_0009533,-2.5428529004
CtrSVDD_0030_E_0009534,-3.8980317558
CtrSVDD_0031_E_0009535,-2.1610436950
CtrSVDD_0032_E_0009536,-4.0727854936
CtrSVDD_0033_E_0009537,0.0034969774
CtrSVDD_0034_E_0009538,-7.0002395779
CtrSVDD_0035_E_0009539,-6.4630378682
CtrSVDD_0036_E_0009540,-5.3233115245
CtrSVDD_0037_E_0009541,-4.5772297995
CtrSVDD_0038_E_0009542,-5.0824948517
CtrSVDD_0039_E_0009543,-5.2652297219
CtrSVDD_0040_E_0009544,-1.1435985132
CtrSVDD_0041_E_0009545,-5.4981247968
CtrSVDD_0042_E_0009546,-2.2971811311
CtrSVDD_0043_E_0009547,-5.7388957405
CtrSVDD_0044_E_0009548,-4.2683523529
CtrSVDD_0045_E_0009549,-4.6902672956
CtrSVDD_0046_E_0009550,-0.4243412441
CtrSVDD_0047_E_0009551,-1.4158888988
CtrSVDD_0000_E_0009552,-3.4664251189
CtrSVDD_0001_E_0009553,-4.1613433328
CtrSVDD_0002_E_0009554,-6.6395723995
CtrSVDD_0003_E_0009555,-2.9222648363
CtrSVDD_0004_E_0009556,-5.9647632862
CtrSVDD_0005_E_0009557,-3.9626136706
CtrSVDD_0006_E_0009558,-4.2537480227
CtrSVDD_0007_E_0009559,-3.8326076839
CtrSVDD_0008_E_0009560,-2.2419989082
CtrSVDD_0009_E_0009561,-4.8593442061
CtrSVDD_0010_E_0009562,-5.8676955790
CtrSVDD_0011_E_0009563,-6.4923499838
CtrSVDD_0012_E_0009564,-2.5112573288
CtrSVDD_0013_E_0009565,-2.2981129886
CtrSVDD_0014_E_0009566,-4.1979648729
CtrSVDD_0015_E_0009567,-4.6348952583
CtrSVDD_0016_E_0009568,-3.0678043195
CtrSVDD_0017_E_0009569,-0.1049334829
CtrSVDD_0018_E_0009570,-3.4147627973
CtrSVDD_0019_E_0009571,-4.4765733673
CtrSVDD_0020_E_0009572,-5.4977974224
CtrSVDD_0021_E_0009573,-3.3575514489
CtrSVDD_0022_E_0009574,-2.8171454912
CtrSVDD_0023_E_0009575,-3.1659635797
CtrSVDD_0024_E_0009576,-5.6619567658
CtrSVDD_0025_E_0009577,-6.3362627065
CtrSVDD_0026_E_0009578,-0.6066475734
CtrSVDD_0027_E_0009579,-4.8658913490
CtrSVDD_0028_E_0009580,-2.9140733312
CtrSVDD_0029_E_0009581,-4.8975407444
CtrSVDD_0030_E_0009582,-5.1189443764
CtrSVDD_0031_E_0009583,0.4943008145
CtrSVDD_0032_E_0009584,-5.2426794253
CtrSVDD_0033_E_0009585,-3.5871544606
CtrSVDD_0034_E_0009586,-4.8828761303
CtrSVDD_0035_E_0009587,-5.5217980386
CtrSVDD_0036_E_0009588,-6.1289267195
CtrSVDD_0037_E_0009589,-6.7686881386
CtrSVDD_0038_E_0009590,-4.2609669278
CtrSVDD_0039_E_0009591,-7.4762525366
CtrSVDD_0040_E_0009592,-5.5047248342
CtrSVDD_0041_E_0009593,-3.9588554256
CtrSVDD_0042_E_0009594,-4.3599501104
CtrSVDD_0043_E_0009595,-5.4395600731
CtrSVDD_0044_E_0009596,-6.3670917845
CtrSVDD_0045_E_0009597,0.3773477668
CtrSVDD_0046_E_0009598,-6.0599060530
CtrSVDD_0047_E_0009599,-5.9084788426
CtrSVDD_0000_E_0009600,-4.6416593713
CtrSVDD_0001_E_0009601,-4.1293452518
CtrSVDD_0002_E_0009602,-4.4716694847
CtrSVDD_0003_E_0009603,-6.6578787947
CtrSVDD_0004_E_0009604,-3.1631554666
CtrSVDD_0005_E_0009605,-6.7083093224
CtrSVDD_0006_E_0009606,0.7604483910
CtrSVDD_0007_E_0009607,-3.7990089477
CtrSVDD_0008_E_0009608,-3.5429318245
CtrSVDD_0009_E_0009609,-4.1203067238
CtrSVDD_0010_E_0009610,-4.6404636505
CtrSVDD_0011_E_0009611,-6.8043300463
CtrSVDD_0012_E_0009612,-4.8348009072
CtrSVDD_0013_E_0009613,-2.9327298410
CtrSVDD_0014_E_0009614,-4.3210041740
CtrSVDD_0015_E_0009615,-3.2324614622
CtrSVDD_0016_E_0009616,-4.9234497132
CtrSVDD_0017_E_0009617,-4.2928441095
CtrSVDD_0018_E_0009618,-3.1143451004
CtrSVDD_0019_E_0009619,-0.8655832398
CtrSVDD_0020_E_0009620,-5.5122544340
CtrSVDD_0021_E_0009621,0.5117628915
CtrSVDD_0022_E_0009622,-5.3755007310
CtrSVDD_0023_E_0009623,-5.1329972523
CtrSVDD_0024_E_0009624,-0.2988336633
CtrSVDD_0025_E_0009625,-4.9788025183
CtrSVDD_0026_E_0009626,-4.8886426626
CtrSVDD_0027_E_0009627,-2.5994983562
CtrSVDD_0028_E_0009628,-4.5473853650
CtrSVDD_0029_E_0009629,-3.8821573798
CtrSVDD_0030_E_0009630,-3.0463755941
CtrSVDD_0031_E_0009631,-4.1744262025
CtrSVDD_0032_E_0009632,-4.3019013872
CtrSVDD_0033_E_0009633,-3.0596668930
CtrSVDD_0034_E_0009634,-3.7627441626
CtrSVDD_0035_E_0009635,-5.5961715875
CtrSVDD_0036_E_0009636,-2.8374836041
CtrSVDD_0037_E_0009637,-4.6317743704
CtrSVDD_0038_E_0009638,-6.5306418604
CtrSVDD_0039_E_0009639,-2.6304313606
CtrSVDD_0040_E_0009640,-2.3802881009
CtrSVDD_0041_E_0009641,-5.1737794578
CtrSVDD_0042_E_0009642,-4.0068922880
CtrSVDD_0043_E_0009643,-2.2944924381
CtrSVDD_0044_E_0009644,-3.9358743730
CtrSVDD_0045_E_0009645,-3.9089162646
CtrSVDD_0046_E_0009646,-5.0120181511
CtrSVDD_0047_E_0009647,0.2364828216
CtrSVDD_0000_E_0009648,-5.3848225151
CtrSVDD_0001_E_0009649,2.2891032161
CtrSVDD_0002_E_0009650,-4.8916785919
CtrSVDD_0003_E_0009651,-5.3168882719
CtrSVDD_0004_E_0009652,-4.8816978074
CtrSVDD_0005_E_0009653,-3.9840203241
CtrSVDD_0006_E_0009654,-3.0512100395
CtrSVDD_0007_E_0009655,-4.1626713297
CtrSVDD_0008_E_0009656,1.2579652968
CtrSVDD_0009_E_0009657,-5.7352765093
CtrSVDD_0010_E_0009658,-4.1278729213
CtrSVDD_0011_E_0009659,-4.3613750911
CtrSVDD_0012_E_0009660,-5.9579107744
CtrSVDD_0013_E_0009661,-4.9792005777
CtrSVDD_0014_E_0009662,-0.7945121794
CtrSVDD_0015_E_0009663,-0.7511423942
CtrSVDD_0016_E_0009664,-3.3655385660
CtrSVDD_0017_E_0009665,-5.2957980588
CtrSVDD_0018_E_0009666,-4.9683846575
CtrSVDD_0019_E_0009667,0.4258723100
CtrSVDD_0020_E_0009668,-5.4582072949
CtrSVDD_0021_E_0009669,-3.8537087151
CtrSVDD_0022_E_0009670,-5.0799422628
CtrSVDD_0023_E_0009671,-5.0637234732
CtrSVDD_0024_E_0009672,-3.2874061776
CtrSVDD_0025_E_0009673,-2.6357914427
CtrSVDD_0026_E_0009674,1.6182838953
CtrSVDD_0027_E_0009675,-5.4933744790
CtrSVDD_0028_E_0009676,2.4585253458
CtrSVDD_0029_E_0009677,-4.1797845102
CtrSVDD_0030_E_0009678,-5.7085249421
CtrSVDD_0031_E_0009679,-5.7421022274
CtrSVDD_0032_E_0009680,0.8354581133
CtrSVDD_0033_E_0009681,-4.0840176597
CtrSVDD_0034_E_0009682,-6.6289028605
CtrSVDD_0035_E_0009683,1.3823877397
CtrSVDD_0036_E_0009684,-4.4600851488
CtrSVDD_0037_E_0009685,-3.1530216989
CtrSVDD_0038_E_0009686,-5.6034996732
CtrSVDD_0039_E_0009687,0.1396318267
CtrSVDD_0040_E_0009688,-5.1296151936
CtrSVDD_0041_E_0009689,-1.8509683456
CtrSVDD_0042_E_0009690,-6.2255351302
CtrSVDD_0043_E_0009691,0.5536781855
CtrSVDD_0044_E_0009692,-6.3484508001
CtrSVDD_0045_E_0009693,-4.2999703865
CtrSVDD_0046_E_0009694,-2.4660078934
CtrSVDD_0047_E_0009695,-5.7680155407
CtrSVDD_0000_E_0009696,-5.3642273783
CtrSVDD_0001_E_0009697,-3.9455917151
CtrSVDD_0002_E_0009698,-2.0746596897
CtrSVDD_0003_E_0009699,-6.8632444499
CtrSVDD_0004_E_0009700,-5.2268135428
CtrSVDD_0005_E_0009701,-3.7517100044
CtrSVDD_0006_E_0009702,-0.0020981837
CtrSVDD_0007_E_0009703,-5.2074133633
CtrSVDD_0008_E_0009704,-4.7156966391
CtrSVDD_0009_E_0009705,1.3948847544
CtrSVDD_0010_E_0009706,-5.8020532448
CtrSVDD_0011_E_0009707,-2.5463858911
CtrSVDD_0012_E_0009708,-4.3811927911
CtrSVDD_0013_E_0009709,-5.2737114738
CtrSVDD_0014_E_0009710,-5.0141942687
CtrSVDD_0015_E_0009711,-2.7539919584
CtrSVDD_0016_E_0009712,-3.9188025115
CtrSVDD_0017_E_0009713,-5.2692672084
CtrSVDD_0018_E_0009714,-2.9533983335
CtrSVDD_0019_E_0009715,-3.6895340392
CtrSVDD_0020_E_0009716,-7.0622638713
CtrSVDD_0021_E_0009717,-4.0712912229
CtrSVDD_0022_E_0009718,-5.2446162098
CtrSVDD_0023_E_0009719,-5.2024047948
CtrSVDD_0024_E_0009720,-4.5562130047
CtrSVDD_0025_E_0009721,1.2165582875
CtrSVDD_0026_E_0009722,-3.0902716563
CtrSVDD_0027_E_0009723,-0.3989879760
CtrSVDD_0028_E_0009724,-5.9206254153
CtrSVDD_0029_E_0009725,1.6346590772
CtrSVDD_0030_E_0009726,-4.1457617742
CtrSVDD_0031_E_0009727,-4.1839797474
CtrSVDD_0032_E_0009728,-4.7901142281
CtrSVDD_0033_E_0009729,-4.0607375210
CtrSVDD_0034_E_0009730,-6.1603634181
CtrSVDD_0035_E_0009731,-0.4629291134
CtrSVDD_0036_E_0009732,-4.7352364728
CtrSVDD_0037_E_0009733,-5.3231297759
CtrSVDD_0038_E_0009734,-3.8894100466
CtrSVDD_0039_E_0009735,-4.9063252095
CtrSVDD_0040_E_0009736,-6.4445671335
CtrSVDD_0041_E_0009737,-4.4125700891
CtrSVDD_0042_E_0009738,-0.3193752661
CtrSVDD_0043_E_0009739,-5.7339147837
CtrSVDD_0044_E_0009740,-4.8049945591
CtrSVDD_0045_E_0009741,-6.3640911680
CtrSVDD_0046_E_0009742,-5.7032228144
CtrSVDD_0047_E_0009743,-3.2334164123
CtrSVDD_0000_E_0009744,-3.3322862908
CtrSVDD_0001_E_0009745,-1.4755417059
CtrSVDD_0002_E_0009746,-5.6372546897
CtrSVDD_0003_E_0009747,-4.9430547216
CtrSVDD_0004_E_0009748,-0.9369732433
CtrSVDD_0005_E_0009749,-0.7754766874
CtrSVDD_0006_E_0009750,1.3281712446
CtrSVDD_0007_E_0009751,-4.1905240330
CtrSVDD_0008_E_0009752,1.1015730699
CtrSVDD_0009_E_0009753,-3.2339083871
CtrSVDD_0010_E_0009754,-5.1456439080
CtrSVDD_0011_E_0009755,0.5374456446
CtrSVDD_0012_E_0009756,-5.3105813069
CtrSVDD_0013_E_0009757,-2.6881748256
CtrSVDD_0014_E_0009758,-5.3635395610
CtrSVDD_0015_E_0009759,-3.5682695498
CtrSVDD_0016_E_0009760,-4.9174200795
CtrSVDD_0017_E_0009761,-2.4751368683
CtrSVDD_0018_E_0009762,-4.5632421662
CtrSVDD_0019_E_0009763,-0.1424573696
CtrSVDD_0020_E_0009764,-6.1564319162
CtrSVDD_0021_E_0009765,-0.5849315401
CtrSVDD_0022_E_0009766,-3.4616659939
CtrSVDD_0023_E_0009767,-5.3566434123
CtrSVDD_0024_E_0009768,-3.7359572964
CtrSVDD_0025_E_0009769,-4.3830141686
CtrSVDD_0026_E_0009770,-4.6400967062
CtrSVDD_0027_E_0009771,-2.9688239769
CtrSVDD_0028_E_0009772,-2.9841613860
CtrSVDD_0029_E_0009773,-6.3383309691
CtrSVDD_0030_E_0009774,-5.0431890978
CtrSVDD_0031_E_0009775,-7.0420653206
CtrSVDD_0032_E_0009776,-1.6308872200
CtrSVDD_0033_E_0009777,-4.3204694823
CtrSVDD_0034_E_0009778,-4.4618947445
CtrSVDD_0035_E_0009779,-3.6200953189
CtrSVDD_0036_E_0009780,-5.8177767102
CtrSVDD_0037_E_0009781,-5.1778758457
CtrSVDD_0038_E_0009782,-4.0611219274
CtrSVDD_0039_E_0009783,-0.4911421764
CtrSVDD_0040_E_0009784,-3.9764313618
CtrSVDD_0041_E_0009785,-5.1754771401
CtrSVDD_0042_E_0009786,-6.6374018558
CtrSVDD_0043_E_0009787,-5.9377811416
CtrSVDD_0044_E_0009788,-0.2748271071
CtrSVDD_0045_E_0009789,1.2343409229
CtrSVDD_0046_E_0009790,1.6861499706
CtrSVDD_0047_E_0009791,-5.0459381276
CtrSVDD_0000_E_0009792,-5.4339265939
CtrSVDD_0001_E_0009793,-8.1119076260
CtrSVDD_0002_E_0009794,-3.1400448062
CtrSVDD_0003_E_0009795,-4.6690005909
CtrSVDD_0004_E_0009796,-4.3544400689
CtrSVDD_0005_E_0009797,-4.8352151527
CtrSVDD_0006_E_0009798,-6.5146561134
CtrSVDD_0007_E_0009799,-2.2632374522
CtrSVDD_0008_E_0009800,-6.1587229310
CtrSVDD_0009_E_0009801,-0.2221222082
CtrSVDD_0010_E_0009802,-6.2605161811
CtrSVDD_0011_E_0009803,-0.5766989024
CtrSVDD_0012_E_0009804,-3.1837053742
CtrSVDD_0013_E_0009805,-6.0599359380
CtrSVDD_0014_E_0009806,-4.3024700719
CtrSVDD_0015_E_0009807,-4.1560222342
CtrSVDD_0016_E_0009808,-2.5875094663
CtrSVDD_0017_E_0009809,-4.5428125158
CtrSVDD_0018_E_0009810,-3.1543869828
CtrSVDD_0019_E_0009811,-6.0843164498
CtrSVDD_0020_E_0009812,-6.8665730471
CtrSVDD_0021_E_0009813,-0.8923416778
CtrSVDD_0022_E_0009814,-5.2135754658
CtrSVDD_0023_E_0009815,-3.9243906024
CtrSVDD_0024_E_0009816,-3.6329723916
CtrSVDD_0025_E_0009817,-2.3866329407
CtrSVDD_0026_E_0009818,-2.3597222364
CtrSVDD_0027_E_0009819,-5.8395147218
CtrSVDD_0028_E_0009820,-5.4525642262
CtrSVDD_0029_E_0009821,-3.7778182627
CtrSVDD_0030_E_0009822,-5.0643389899
CtrSVDD_0031_E_0009823,-2.6607033802
CtrSVDD_0032_E_0009824,-2.5289397198
CtrSVDD_0033_E_0009825,-5.2000893705
CtrSVDD_0034_E_0009826,-4.4232141717
CtrSVDD_0035_E_0009827,-3.4284142446
CtrSVDD_0036_E_0009828,-1.7992027972
CtrSVDD_0037_E_0009829,-7.5307217114
CtrSVDD_0038_E_0009830,-3.4618925249
CtrSVDD_0039_E_0009831,-3.2560797966
CtrSVDD_0040_E_0009832,-5.8235363740
CtrSVDD_0041_E_0009833,-5.9408070845
CtrSVDD_0042_E_0009834,0.0048957779
CtrSVDD_0043_E_0009835,-5.9567663122
CtrSVDD_0044_E_0009836,-3.9417700642
CtrSVDD_0045_E_0009837,-6.3920979904
CtrSVDD_0046_E_0009838,-5.2629869721
CtrSVDD_0047_E_0009839,-2.8011813222
CtrSVDD_0000_E_0009840,-5.3037521499
CtrSVDD_0001_E_0009841,-3.5459938557
CtrSVDD_0002_E_0009842,-3.6063485442
CtrSVDD_0003_E_0009843,-5.6797353159
CtrSVDD_0004_E_0009844,-5.5776536972
CtrSVDD_0005_E_0009845,-5.8684312905
CtrSVDD_0006_E_0009846,-6.6799949833
CtrSVDD_0007_E_0009847,-3.6297247691
CtrSVDD_0008_E_0009848,-4.6742759824
CtrSVDD_0009_E_0009849,-4.4374535084
CtrSVDD_0010_E_0009850,-4.5368438135
CtrSVDD_0011_E_0009851,-5.6545065132
CtrSVDD_0012_E_0009852,-5.6996973024
CtrSVDD_0013_E_0009853,0.1821452351
CtrSVDD_0014_E_0009854,-4.0025944934
CtrSVDD_0015_E_0009855,-6.9434507856
CtrSVDD_0016_E_0009856,-3.5268311483
CtrSVDD_0017_E_0009857,-4.8268298664
CtrSVDD_0018_E_0009858,-4.2452632905
CtrSVDD_0019_E_0009859,-5.2674998354
CtrSVDD_0020_E_0009860,-3.4327855564
CtrSVDD_0021_E_0009861,-0.7272449856
CtrSVDD_0022_E_0009862,-2.9373445070
CtrSVDD_0023_E_0009863,-1.9256019450
CtrSVDD_0024_E_0009864,-0.0847279455
CtrSVDD_0025_E_0009865,-3.4755709668
CtrSVDD_0026_E_0009866,-4.7114859250
CtrSVDD_0027_E_0009867,-2.5237437401
CtrSVDD_0028_E_0009868,-5.8986439140
CtrSVDD_0029_E_0009869,-4.7651607801
CtrSVDD_0030_E_0009870,-5.4628161594
CtrSVDD_0031_E_0009871,-6.0553309409
CtrSVDD_0032_E_0009872,-5.0084449458
CtrSVDD_0033_E_0009873,-5.2011237349
CtrSVDD_0034_E_0009874,-5.6373117338
CtrSVDD_0035_E_0009875,0.2307328886
CtrSVDD_0036_E_0009876,-2.7118952705
CtrSVDD_0037_E_0009877,-4.9399829327
CtrSVDD_0038_E_0009878,0.2463750642
CtrSVDD_0039_E_0009879,-4.5118224579
CtrSVDD_0040_E_0009880,-6.6127049644
CtrSVDD_0041_E_0009881,-5.2934894538
CtrSVDD_0042_E_0009882,0.5979455124
CtrSVDD_0043_E_0009883,-4.0272217334
CtrSVDD_0044_E_0009884,-0.7181638739
CtrSVDD_0045_E_0009885,-2.5528695403
CtrSVDD_0046_E_0009886,-1.9615271566
CtrSVDD_0047_E_0009887,-3.7966906877
CtrSVDD_0000_E_0009888,-3.3507374078
CtrSVDD_0001_E_0009889,-4.2684540014
CtrSVDD_0002_E_0009890,-5.2964743705
CtrSVDD_0003_E_0009891,-3.8121869818
CtrSVDD_0004_E_0009892,-5.2750850044
CtrSVDD_0005_E_0009893,-2.8407575165
CtrSVDD_0006_E_0009894,-2.2684219627
CtrSVDD_0007_E_0009895,1.3347095063
CtrSVDD_0008_E_0009896,-5.4749222447
CtrSVDD_0009_E_0009897,-3.6428827500
CtrSVDD_0010_E_0009898,-6.6079840658
CtrSVDD_0011_E_0009899,-5.5684699881
CtrSVDD_0012_E_0009900,-4.1677461682
CtrSVDD_0013_E_0009901,0.7925957377
CtrSVDD_0014_E_0009902,-4.1633107441
CtrSVDD_0015_E_0009903,2.3352330401
CtrSVDD_0016_E_0009904,-5.3303605714
CtrSVDD_0017_E_0009905,-4.2491318631
CtrSVDD_0018_E_0009906,0.2637390726
CtrSVDD_0019_E_0009907,-3.5600824245
CtrSVDD_0020_E_0009908,-2.1955039558
CtrSVDD_0021_E_0009909,-2.5140723273
CtrSVDD_0022_E_0009910,-0.5093471448
CtrSVDD_0023_E_0009911,-7.0711553893
CtrSVDD_0024_E_0009912,-3.6672192240
CtrSVDD_0025_E_0009913,-4.4412521874
CtrSVDD_0026_E_0009914,-5.5123208311
CtrSVDD_0027_E_0009915,-0.6948246815
CtrSVDD_0028_E_0009916,-4.2024695840
CtrSVDD_0029_E_0009917,-5.0663858751
CtrSVDD_0030_E_0009918,-6.4627921756
CtrSVDD_0031_E_0009919,-0.3728455586
CtrSVDD_0032_E_0009920,-2.0291437139
CtrSVDD_0033_E_0009921,-4.6354142766
CtrSVDD_0034_E_0009922,1.0371516685
CtrSVDD_0035_E_0009923,-5.1433790928
CtrSVDD_0036_E_0009924,-4.3044724466
CtrSVDD_0037_E_0009925,-0.7849588792
CtrSVDD_0038_E_0009926,-4.4188261755
CtrSVDD_0039_E_0009927,-3.8577248581
CtrSVDD_0040_E_0009928,1.6137354486
CtrSVDD_0041_E_0009929,-0.6492403483
CtrSVDD_0042_E_0009930,-5.4401291916
CtrSVDD_0043_E_0009931,-0.3356097395
CtrSVDD_0044_E_0009932,0.9503178414
CtrSVDD_0045_E_0009933,-6.6763906710
CtrSVDD_0046_E_0009934,-3.1262198038
CtrSVDD_0047_E_0009935,-4.0824870114
CtrSVDD_0000_E_0009936,-4.6927526629
CtrSVDD_0001_E_0009937,-5.3985434784
CtrSVDD_0002_E_0009938,-5.2400809839
CtrSVDD_0003_E_0009939,-3.3197559365
CtrSVDD_0004_E_0009940,-3.5209453234
CtrSVDD_0005_E_0009941,-6.4736083645
CtrSVDD_0006_E_0009942,-5.4277476489
CtrSVDD_0007_E_0009943,-5.5111056437
CtrSVDD_0008_E_0009944,-5.0720326820
CtrSVDD_0009_E_0009945,-4.4066548808
CtrSVDD_0010_E_0009946,-2.5750298702
CtrSVDD_0011_E_0009947,-4.3225613166
CtrSVDD_0012_E_0009948,-2.5029999143
CtrSVDD_0013_E_0009949,-2.9499579970
CtrSVDD_0014_E_0009950,-5.1416278319
CtrSVDD_0015_E_0009951,-5.8091100122
CtrSVDD_0016_E_0009952,1.3064303511
CtrSVDD_0017_E_0009953,-4.0913225938
CtrSVDD_0018_E_0009954,-2.3133591922
CtrSVDD_0019_E_0009955,-0.0440760921
CtrSVDD_0020_E_0009956,-6.3720123826
CtrSVDD_0021_E_0009957,-6.2462211126
CtrSVDD_0022_E_0009958,-2.9668807752
CtrSVDD_0023_E_0009959,-3.5256722031
CtrSVDD_0024_E_0009960,-4.7179402943
CtrSVDD_0025_E_0009961,-5.8193125024
CtrSVDD_0026_E_0009962,-5.2431660989
CtrSVDD_0027_E_0009963,-4.4309036651
CtrSVDD_0028_E_0009964,-6.2092543882
CtrSVDD_0029_E_0009965,0.8758006938
CtrSVDD_0030_E_0009966,-5.4761201761
CtrSVDD_0031_E_0009967,-5.2365122054
CtrSVDD_0032_E_0009968,-5.3620256546
CtrSVDD_0033_E_0009969,-6.9727161618
CtrSVDD_0034_E_0009970,-4.6485732579
CtrSVDD_0035_E_0009971,-5.7766747468
CtrSVDD_0036_E_0009972,0.0300784789
CtrSVDD_0037_E_0009973,-4.9064393343
CtrSVDD_0038_E_0009974,-3.9391460665
CtrSVDD_0039_E_0009975,-5.6225750512
CtrSVDD_0040_E_0009976,-6.2553327118
CtrSVDD_0041_E_0009977,-4.5128882378
CtrSVDD_0042_E_0009978,-4.8297940119
CtrSVDD_0043_E_0009979,-0.4212820896
CtrSVDD_0044_E_0009980,-2.9187811258
CtrSVDD_0045_E_0009981,-2.0462009173
CtrSVDD_0046_E_0009982,-6.8829902039
CtrSVDD_0047_E_0009983,-4.7000862762
CtrSVDD_0000_E_0009984,-4.7088194657
CtrSVDD_0001_E_0009985,-0.1156573525
CtrSVDD_0002_E_0009986,-3.8044033289
CtrSVDD_0003_E_0009987,-2.6344099285
CtrSVDD_0004_E_0009988,-3.8805293762
CtrSVDD_0005_E_0009989,-4.3882147281
CtrSVDD_0006_E_0009990,-5.0725673374
CtrSVDD_0007_E_0009991,-3.9124907755
CtrSVDD_0008_E_0009992,-2.5637716951
CtrSVDD_0009_E_0009993,0.2171386145
CtrSVDD_0010_E_0009994,-3.5446721612
CtrSVDD_0011_E_0009995,-4.3642551330
CtrSVDD_0012_E_0009996,-4.8575245525
CtrSVDD_0013_E_0009997,-5.9633297739
CtrSVDD_0014_E_0009998,-5.6411816390
CtrSVDD_0015_E_0009999,-4.2522191428
CtrSVDD_0016_E_0010000,-6.4565353872
CtrSVDD_0017_E_0010001,-3.9810667186
CtrSVDD_0018_E_0010002,-0.7055488387
CtrSVDD_0019_E_0010003,-0.2668034008
CtrSVDD_0020_E_0010004,-6.9889097679
CtrSVDD_0021_E_0010005,-7.1215129669
CtrSVDD_0022_E_0010006,-5.0438040218
CtrSVDD_0023_E_0010007,-5.7683078482
CtrSVDD_0024_E_0010008,0.6771261906
CtrSVDD_0025_E_0010009,-5.1611887233
CtrSVDD_0026_E_0010010,-2.9994147500
CtrSVDD_0027_E_0010011,-7.0535120946
CtrSVDD_0028_E_0010012,0.8799133538
CtrSVDD_0029_E_0010013,-4.2618864176
CtrSVDD_0030_E_0010014,-4.9083573345
CtrSVDD_0031_E_0010015,-2.4080550890
CtrSVDD_0032_E_0010016,-5.9876522564
CtrSVDD_0033_E_0010017,-5.9489635561
CtrSVDD_0034_E_0010018,-4.4635208479
CtrSVDD_0035_E_0010019,-6.4288747023
CtrSVDD_0036_E_0010020,-4.6734167638
CtrSVDD_0037_E_0010021,0.1815220500
CtrSVDD_0038_E_0010022,-5.6821780313
CtrSVDD_0039_E_0010023,-6.0042133914
CtrSVDD_0040_E_0010024,-5.3143344168
CtrSVDD_0041_E_0010025,-0.0977574847
CtrSVDD_0042_E_0010026,-5.5257285452
CtrSVDD_0043_E_0010027,-5.4152919304
CtrSVDD_0044_E_0010028,-5.0924724792
CtrSVDD_0045_E_0010029,-4.6239565408
CtrSVDD_0046_E_0010030,-4.1268857312
CtrSVDD_0047_E_0010031,-3.4118544015
CtrSVDD_0000_E_0010032,-3.4584964791
CtrSVDD_0001_E_0010033,-3.9864014299
CtrSVDD_0002_E_0010034,-2.5333229728
CtrSVDD_0003_E_0010035,-7.6820465641
CtrSVDD_0004_E_0010036,-4.0490329286
CtrSVDD_0005_E_0010037,-4.0898611000
CtrSVDD_0006_E_0010038,-3.5877018306
CtrSVDD_0007_E_0010039,-3.7657798651
CtrSVDD_0008_E_0010040,-5.6185067743
CtrSVDD_0009_E_0010041,-3.8002471393
CtrSVDD_0010_E_0010042,-4.6738005914
CtrSVDD_0011_E_0010043,-3.3266869951
CtrSVDD_0012_E_0010044,-5.0908857866
CtrSVDD_0013_E_0010045,-3.1546413050
CtrSVDD_0014_E_0010046,-6.4795157330
CtrSVDD_0015_E_0010047,-5.5515404884
CtrSVDD_0016_E_0010048,-4.7689286681
CtrSVDD_0017_E_0010049,-5.5241880501
CtrSVDD_0018_E_0010050,-4.7003901322
CtrSVDD_0019_E_0010051,-6.2118964150
CtrSVDD_0020_E_0010052,-5.1568290324
CtrSVDD_0021_E_0010053,-5.4475156215
CtrSVDD_0022_E_0010054,-5.5135366271
CtrSVDD_0023_E_0010055,-1.6346590772
CtrSVDD_0024_E_0010056,-5.4541224754
CtrSVDD_0025_E_0010057,-4.8891995053
CtrSVDD_0026_E_0010058,-3.8468279912
CtrSVDD_0027_E_0010059,-4.9602996380
CtrSVDD_0028_E_0010060,-5.9666625510
CtrSVDD_0029_E_0010061,-6.1692085606
CtrSVDD_0030_E_0010062,-0.6320660016
CtrSVDD_0031_E_0010063,-4.6133780286
CtrSVDD_0032_E_0010064,-2.9551167847
CtrSVDD_0033_E_0010065,-7.3452512199
CtrSVDD_0034_E_0010066,-0.3818576368
CtrSVDD_0035_E_0010067,-3.9401575828
CtrSVDD_0036_E_0010068,-3.6018828346
CtrSVDD_0037_E_0010069,1.2642261759
CtrSVDD_0038_E_0010070,0.9677938789
CtrSVDD_0039_E_0010071,-1.7294261088
CtrSVDD_0040_E_0010072,-4.7229412448
CtrSVDD_0041_E_0010073,-3.5759664244
CtrSVDD_0042_E_0010074,0.9889232358
CtrSVDD_0043_E_0010075,-4.0532754802
CtrSVDD_0044_E_0010076,-6.3911244565
CtrSVDD_0045_E_0010077,-2.8189945014
CtrSVDD_0046_E_0010078,-5.5155424018
CtrSVDD_0047_E_0010079,-5.4411174522
CtrSVDD_0000_E_0010080,-5.3581059603
CtrSVDD_0001_E_0010081,-4.9938878468
CtrSVDD_0002_E_0010082,-4.5460470712
CtrSVDD_0003_E_0010083,1.0619105681
CtrSVDD_0004_E_0010084,-5.0504591482
CtrSVDD_0005_E_0010085,-3.3828878544
CtrSVDD_0006_E_0010086,-5.4375630693
CtrSVDD_0007_E_0010087,-4.9297125831
CtrSVDD_0008_E_0010088,-4.9374977039
CtrSVDD_0009_E_0010089,-5.8846122443
CtrSVDD_0010_E_0010090,-4.0810974203
CtrSVDD_0011_E_0010091,-5.7395588207
CtrSVDD_0012_E_0010092,1.1821021320
CtrSVDD_0013_E_0010093,0.3833626499
CtrSVDD_0014_E_0010094,-4.8578704308
CtrSVDD_0015_E_0010095,-5.8906241380
CtrSVDD_0016_E_0010096,-5.7822779513
CtrSVDD_0017_E_0010097,0.8655832398
CtrSVDD_0018_E_0010098,-4.5206171495
CtrSVDD_0019_E_0010099,0.0917491809
CtrSVDD_0020_E_0010100,-0.2321696494
CtrSVDD_0021_E_0010101,-5.0438270833
CtrSVDD_0022_E_0010102,-6.2803025916
CtrSVDD_0023_E_0010103,-2.5953232737
CtrSVDD_0024_E_0010104,-4.7754649701
CtrSVDD_0025_E_0010105,-1.0785798960
CtrSVDD_0026_E_0010106,-2.8950874641
CtrSVDD_0027_E_0010107,-3.4866891961
CtrSVDD_0028_E_0010108,-4.6488503069
CtrSVDD_0029_E_0010109,0.2471673842
CtrSVDD_0030_E_0010110,-0.8778551678
CtrSVDD_0031_E_0010111,-4.8978043469
CtrSVDD_0032_E_0010112,-4.7803025436
CtrSVDD_0033_E_0010113,-6.4155774941
CtrSVDD_0034_E_0010114,-0.3489584066
CtrSVDD_0035_E_0010115,-5.9160850316
CtrSVDD_0036_E_0010116,-4.8770013916
CtrSVDD_0037_E_0010117,-3.4503508687
CtrSVDD_0038_E_0010118,1.7327094646
CtrSVDD_0039_E_0010119,0.9633349402
CtrSVDD_0040_E_0010120,-6.0875725709
CtrSVDD_0041_E_0010121,-1.4157101500
CtrSVDD_0042_E_0010122,-6.2113178537
CtrSVDD_0043_E_0010123,-5.0902602012
CtrSVDD_0044_E_0010124,-4.4049091841
CtrSVDD_0045_E_0010125,-4.8716452055
CtrSVDD_0046_E_0010126,-5.8279884185
CtrSVDD_0047_E_0010127,-5.9437654975
CtrSVDD_0000_E_0010128,-4.9313802605
CtrSVDD_0001_E_0010129,-5.4028014044
CtrSVDD_0002_E_0010130,-1.0341626049
CtrSVDD_0003_E_0010131,-4.4142969658
CtrSVDD_0004_E_0010132,-4.5542592898
CtrSVDD_0005_E_0010133,-5.9210044121
CtrSVDD_0006_E_0010134,-4.9369965098
CtrSVDD_0007_E_0010135,-2.8371428248
CtrSVDD_0008_E_0010136,-2.4589966354
CtrSVDD_0009_E_0010137,-4.8124756319
CtrSVDD_0010_E_0010138,-3.6595013269
CtrSVDD_0011_E_0010139,-3.9946286813
CtrSVDD_0012_E_0010140,-5.5470908415
CtrSVDD_0013_E_0010141,-5.7270674637
CtrSVDD_0014_E_0010142,-4.8608176098
CtrSVDD_0015_E_0010143,-4.3480704121
CtrSVDD_0016_E_0010144,-5.8549283423
CtrSVDD_0017_E_0010145,-4.0964638448
CtrSVDD_0018_E_0010146,-5.1312253332
CtrSVDD_0019_E_0010147,-4.3592801290
CtrSVDD_0020_E_0010148,-4.5093038987
CtrSVDD_0021_E_0010149,-1.6906215792
CtrSVDD_0022_E_0010150,-5.7473497069
CtrSVDD_0023_E_0010151,-5.6711092094
CtrSVDD_0024_E_0010152,-4.6747027174
CtrSVDD_0025_E_0010153,-4.2296798989
CtrSVDD_0026_E_0010154,-1.3970837332
CtrSVDD_0027_E_0010155,-6.0151379384
CtrSVDD_0028_E_0010156,-2.8226191992
CtrSVDD_0029_E_0010157,-3.0656152265
CtrSVDD_0030_E_0010158,-0.4151755544
CtrSVDD_0031_E_0010159,-6.2316935887
CtrSVDD_0032_E_0010160,-3.7297458152
CtrSVDD_0033_E_0010161,-3.4537434084
CtrSVDD_0034_E_0010162,-3.3208388312
CtrSVDD_0035_E_0010163,-5.3124023624
CtrSVDD_0036_E_0010164,-5.3748802182
CtrSVDD_0037_E_0010165,-5.4055092223
CtrSVDD_0038_E_0010166,-4.2074716378
CtrSVDD_0039_E_0010167,-1.6053457930
CtrSVDD_0040_E_0010168,-5.4822217217
CtrSVDD_0041_E_0010169,-6.5514837233
CtrSVDD_0042_E_0010170,-5.5220644239
CtrSVDD_0043_E_0010171,-4.6751593981
CtrSVDD_0044_E_0010172,-2.2527448582
CtrSVDD_0045_E_0010173,-0.2435011244
CtrSVDD_0046_E_0010174,-5.8227257762
CtrSVDD_0047_E_0010175,-6.2979384628
CtrSVDD_0000_E_0010176,0.0791139796
CtrSVDD_0001_E_0010177,-2.3276998553
CtrSVDD_0002_E_0010178,-0.0945589226
CtrSVDD_0003_E_0010179,-0.2163909299
CtrSVDD_0004_E_0010180,-4.4920753321
CtrSVDD_0005_E_0010181,0.2769636266
CtrSVDD_0006_E_0010182,-2.9205236122
CtrSVDD_0007_E_0010183,-0.3924111291
CtrSVDD_0008_E_0010184,-4.1122856946
CtrSVDD_0009_E_0010185,-5.6515402751
CtrSVDD_0010_E_0010186,-2.5040702464
CtrSVDD_0011_E_0010187,-3.4044433103
CtrSVDD_0012_E_0010188,-3.5786746622
CtrSVDD_0013_E_0010189,-7.0069181802
CtrSVDD_0014_E_0010190,-5.1460896408
CtrSVDD_0015_E_0010191,-0.0594835540
CtrSVDD_0016_E_0010192,-7.2138870388
CtrSVDD_0017_E_0010193,-6.2912181822
CtrSVDD_0018_E_0010194,-3.4837171904
CtrSVDD_0019_E_0010195,-3.9853285494
CtrSVDD_0020_E_0010196,-5.4886330570
CtrSVDD_0021_E_0010197,-2.5784980423
CtrSVDD_0022_E_0010198,-5.0067855487
CtrSVDD_0023_E_0010199,-4.4754147630
CtrSVDD_0024_E_0010200,-4.4930015342
CtrSVDD_0025_E_0010201,-7.1533235452
CtrSVDD_0026_E_0010202,-5.3610135849
CtrSVDD_0027_E_0010203,-7.8255666041
CtrSVDD_0028_E_0010204,-2.5806123108
CtrSVDD_0029_E_0010205,-5.4657296429
CtrSVDD_0030_E_0010206,-6.3825357396
CtrSVDD_0031_E_0010207,-5.7136221849
CtrSVDD_0032_E_0010208,-5.7739608489
CtrSVDD_0033_E_0010209,-6.2868361664
CtrSVDD_0034_E_0010210,-4.0385868664
CtrSVDD_0035_E_0010211,-2.5157006915
CtrSVDD_0036_E_0010212,-4.2240976030
CtrSVDD_0037_E_0010213,-6.6920347963
CtrSVDD_0038_E_0010214,-4.9282441735
CtrSVDD_0039_E_0010215,0.3788501997
CtrSVDD_0040_E_0010216,0.7735886145
CtrSVDD_0041_E_0010217,0.2537804489
CtrSVDD_0042_E_0010218,-6.2838765730
CtrSVDD_0043_E_0010219,-5.4292924901
CtrSVDD_0044_E_0010220,-5.1142824752
CtrSVDD_0045_E_0010221,-5.6608119194
CtrSVDD_0046_E_0010222,-5.2406424459
CtrSVDD_0047_E_0010223,-3.9426913885
CtrSVDD_0000_E_0010224,-0.6252484071
CtrSVDD_0001_E_0010225,-0.7925957377
CtrSVDD_0002_E_0010226,1.3544950677
CtrSVDD_0003_E_0010227,-3.9204870576
CtrSVDD_0004_E_0010228,-5.1723110482
CtrSVDD_0005_E_0010229,0.2752454191
CtrSVDD_0006_E_0010230,-5.8206536927
CtrSVDD_0007_E_0010231,-5.1506646637
CtrSVDD_0008_E_0010232,-5.8335465562
CtrSVDD_0009_E_0010233,-2.5000807742
CtrSVDD_0010_E_0010234,-5.8600692469
CtrSVDD_0011_E_0010235,-4.1663018328
CtrSVDD_0012_E_0010236,-5.0537751562
CtrSVDD_0013_E_0010237,0.5053952563
CtrSVDD_0014_E_0010238,-4.3693026677
CtrSVDD_0015_E_0010239,-4.7958768224
CtrSVDD_0016_E_0010240,-3.5888042900
CtrSVDD_0017_E_0010241,-6.0443870160
CtrSVDD_0018_E_0010242,-3.1475343930
CtrSVDD_0019_E_0010243,-6.9326144514
CtrSVDD_0020_E_0010244,-5.6676703007
CtrSVDD_0021_E_0010245,-3.5332132971
CtrSVDD_0022_E_0010246,-4.9508295835
CtrSVDD_0023_E_0010247,-4.9197157484
CtrSVDD_0024_E_0010248,-5.2214141592
CtrSVDD_0025_E_0010249,-6.2173852006
CtrSVDD_0026_E_0010250,-3.8212577570
CtrSVDD_0027_E_0010251,-5.0522841486
CtrSVDD_0028_E_0010252,-4.4328238843
CtrSVDD_0029_E_0010253,-4.4056457934
CtrSVDD_0030_E_0010254,-4.5824260173
CtrSVDD_0031_E_0010255,-3.1202955945
CtrSVDD_0032_E_0010256,-5.7176610251
CtrSVDD_0033_E_0010257,-5.0570120418
CtrSVDD_0034_E_0010258,-6.4713127189
CtrSVDD_0035_E_0010259,-4.6773632619
CtrSVDD_0036_E_0010260,0.3713465049
CtrSVDD_0037_E_0010261,-5.3844809509
CtrSVDD_0038_E_0010262,-6.0396376173
CtrSVDD_0039_E_0010263,-2.1146215563
CtrSVDD_0040_E_0010264,-4.2413839214
CtrSVDD_0041_E_0010265,-4.2910838481
CtrSVDD_0042_E_0010266,-0.6894924976
CtrSVDD_0043_E_0010267,-4.3951115040
CtrSVDD_0044_E_0010268,-4.6816512369
CtrSVDD_0045_E_0010269,1.2224429156
CtrSVDD_0046_E_0010270,-0.2755104387
CtrSVDD_0047_E_0010271,-5.8380368235
CtrSVDD_0000_E_0010272,-3.8260508565
CtrSVDD_0001_E_0010273,-5.3041478734
CtrSVDD_0002_E_0010274,-3.5406926682
CtrSVDD_0003_E_0010275,-4.4531527692
CtrSVDD_0004_E_0010276,-4.1601746299
CtrSVDD_0005_E_0010277,-5.3878515785
CtrSVDD_0006_E_0010278,-2.6201932560
CtrSVDD_0007_E_0010279,-5.4791763892
CtrSVDD_0008_E_0010280,-4.4309144220
CtrSVDD_0009_E_0010281,-7.2364888391
CtrSVDD_0010_E_0010282,-5.4713218961
CtrSVDD_0011_E_0010283,-3.7100285686
CtrSVDD_0012_E_0010284,-4.9641455833
CtrSVDD_0013_E_0010285,-3.7443030143
CtrSVDD_0014_E_0010286,-5.6054626415
CtrSVDD_0015_E_0010287,-5.7738807639
CtrSVDD_0016_E_0010288,2.2396815046
CtrSVDD_0017_E_0010289,-5.1692170568
CtrSVDD_0018_E_0010290,-4.3688340340
CtrSVDD_0019_E_0010291,-3.6119028555
CtrSVDD_0020_E_0010292,-2.7118012909
CtrSVDD_0021_E_0010293,-3.5568227758
CtrSVDD_0022_E_0010294,-2.1436234095
CtrSVDD_0023_E_0010295,-4.5591194874
CtrSVDD_0024_E_0010296,0.7254239831
CtrSVDD_0025_E_0010297,-2.9978513466
CtrSVDD_0026_E_0010298,-3.6479262413
CtrSVDD_0027_E_0010299,-4.5249338458
CtrSVDD_0028_E_0010300,-3.7817884540
CtrSVDD_0029_E_0010301,-1.9352669218
CtrSVDD_0030_E_0010302,-5.8453426611
CtrSVDD_0031_E_0010303,-5.6724327818
CtrSVDD_0032_E_0010304,-5.9488207235
CtrSVDD_0033_E_0010305,-6.9153082491
CtrSVDD_0034_E_0010306,-2.9918551065
CtrSVDD_0035_E_0010307,-3.9952844663
CtrSVDD_0036_E_0010308,1.3434402402
CtrSVDD_0037_E_0010309,-2.4682457836
CtrSVDD_0038_E_0010310,-5.5730696899
CtrSVDD_0039_E_0010311,-2.8854251443
CtrSVDD_0040_E_0010312,-0.1736186442
CtrSVDD_0041_E_0010313,-4.4101410281
CtrSVDD_0042_E_0010314,2.0027801363
CtrSVDD_0043_E_0010315,-5.1271825570
CtrSVDD_0044_E_0010316,-4.1079135988
CtrSVDD_0045_E_0010317,-3.8848213416
CtrSVDD_0046_E_0010318,-3.7216511904
CtrSVDD_0047_E_0010319,-2.7802522806
CtrSVDD_0000_E_0010320,-5.3886269929
CtrSVDD_0001_E_0010321,-1.0228863013
CtrSVDD_0002_E_0010322,-5.3859491428
CtrSVDD_0003_E_0010323,-3.1221404506
CtrSVDD_0004_E_0010324,0.1906850892
CtrSVDD_0005_E_0010325,-4.5762950861
CtrSVDD_0006_E_0010326,-0.5038065543
CtrSVDD_0007_E_0010327,0.0512906365
CtrSVDD_0008_E_0010328,1.5467608899
CtrSVDD_0009_E_0010329,-2.0746535118
CtrSVDD_0010_E_0010330,-5.5086770855
CtrSVDD_0011_E_0010331,-1.7561795883
CtrSVDD_0012_E_0010332,-6.4524970074
CtrSVDD_0013_E_0010333,-6.1209569127
CtrSVDD_0014_E_0010334,1.4430885239
CtrSVDD_0015_E_0010335,-3.7386356657
CtrSVDD_0016_E_0010336,-4.4177457375
CtrSVDD_0017_E_0010337,-4.9372075035
CtrSVDD_0018_E_0010338,-5.9907123177
CtrSVDD_0019_E_0010339,-4.7209752362
CtrSVDD_0020_E_0010340,-3.7116925542
CtrSVDD_0021_E_0010341,-4.5224154196
CtrSVDD_0022_E_0010342,-5.0327728862
CtrSVDD_0023_E_0010343,-4.9891974112
CtrSVDD_0024_E_0010344,-1.6962225050
CtrSVDD_0025_E_0010345,1.1249678019
CtrSVDD_0026_E_0010346,-3.1449153797
CtrSVDD_0027_E_0010347,-4.7511854729
CtrSVDD_0028_E_0010348,0.9790263415
CtrSVDD_0029_E_0010349,-4.6510167843
CtrSVDD_0030_E_0010350,1.3538593641
CtrSVDD_0031_E_0010351,-1.4419545284
CtrSVDD_0032_E_0010352,-6.4136035255
CtrSVDD_0033_E_0010353,-3.7564684649
CtrSVDD_0034_E_0010354,-2.2476567106
CtrSVDD_0035_E_0010355,-3.1090717035
CtrSVDD_0036_E_0010356,-0.5326035623
CtrSVDD_0037_E_0010357,-4.3541486557
CtrSVDD_0038_E_0010358,-3.8821462287
CtrSVDD_0039_E_0010359,-0.1339840606
CtrSVDD_0040_E_0010360,-0.5684131487
CtrSVDD_0041_E_0010361,-5.3954850764
CtrSVDD_0042_E_0010362,-4.0114886810
CtrSVDD_0043_E_0010363,-3.2590676905
CtrSVDD_0044_E_0010364,-3.0347016067
CtrSVDD_0045_E_0010365,0.1793015971
CtrSVDD_0046_E_0010366,-1.4083070176
CtrSVDD_0047_E_0010367,-5.3166543217
CtrSVDD_0000_E_0010368,1.4224698930
CtrSVDD_0001_E_0010369,-2.7407036298
CtrSVDD_0002_E_0010370,-3.7430748226
CtrSVDD_0003_E_0010371,-5.2044828869
CtrSVDD_0004_E_0010372,-4.5824054479
CtrSVDD_0005_E_0010373,-6.8088326314
CtrSVDD_0006_E_0010374,-4.2434340653
CtrSVDD_0007_E_0010375,-5.6591013293
CtrSVDD_0008_E_0010376,-2.2782099371
CtrSVDD_0009_E_0010377,-3.7535728312
CtrSVDD_0010_E_0010378,-3.5061231424
CtrSVDD_0011_E_0010379,-0.5651350204
CtrSVDD_0012_E_0010380,-6.1544208805
CtrSVDD_0013_E_0010381,-4.4415022643
CtrSVDD_0014_E_0010382,-4.0455517342
CtrSVDD_0015_E_0010383,-3.4606819226
CtrSVDD_0016_E_0010384,-4.6745945060
CtrSVDD_0017_E_0010385,-4.1703704206
CtrSVDD_0018_E_0010386,-5.5284252046
CtrSVDD_0019_E_0010387,-5.3514459198
CtrSVDD_0020_E_0010388,-5.7548841035
CtrSVDD_0021_E_0010389,-0.2856951664
CtrSVDD_0022_E_0010390,-6.5359643182
CtrSVDD_0023_E_0010391,-3.9053477033
CtrSVDD_0024_E_0010392,-3.4260494847
CtrSVDD_0025_E_0010393,-5.8120396678
CtrSVDD_0026_E_0010394,-5.5060621139
CtrSVDD_0027_E_0010395,-4.9217338723
CtrSVDD_0028_E_0010396,-3.9550186917
CtrSVDD_0029_E_0010397,-4.4948072607
CtrSVDD_0030_E_0010398,-7.5749985821
CtrSVDD_0031_E_0010399,-2.6822169425
CtrSVDD_0032_E_0010400,-4.3028113717
CtrSVDD_0033_E_0010401,-3.5620025525
CtrSVDD_0034_E_0010402,-5.4949569235
CtrSVDD_0035_E_0010403,-4.0437783625
CtrSVDD_0036_E_0010404,-3.5372293660
CtrSVDD_0037_E_0010405,-5.5330830122
CtrSVDD_0038_E_0010406,-3.2206244468
CtrSVDD_0039_E_0010407,-5.3424014515
CtrSVDD_0040_E_0010408,-2.7121939641
CtrSVDD_0041_E_0010409,-2.8485667946
CtrSVDD_0042_E_0010410,0.8454144771
CtrSVDD_0043_E_0010411,-5.3067683550
CtrSVDD_0044_E_0010412,0.6456249513
CtrSVDD_0045_E_0010413,-6.5760496904
CtrSVDD_0046_E_0010414,-4.2819493386
CtrSVDD_0047_E_0010415,-6.4822692295
CtrSVDD_0000_E_0010416,-5.3039456679
CtrSVDD_0001_E_0010417,-5.2098219360
CtrSVDD_0002_E_0010418,-3.8954040712
CtrSVDD_0003_E_0010419,-5.3967486635
CtrSVDD_0004_E_0010420,0.6509682782
CtrSVDD_0005_E_0010421,-4.7632027088
CtrSVDD_0006_E_0010422,-3.5236420011
CtrSVDD_0007_E_0010423,2.4943787497
CtrSVDD_0008_E_0010424,-2.6170532683
CtrSVDD_0009_E_0010425,-5.0482095802
CtrSVDD_0010_E_0010426,0.9348057945
CtrSVDD_0011_E_0010427,-4.8655546176
CtrSVDD_0012_E_0010428,-4.4137614324
CtrSVDD_0013_E_0010429,-4.2709679766
CtrSVDD_0014_E_0010430,-4.3321463286
CtrSVDD_0015_E_0010431,-3.1319155142
CtrSVDD_0016_E_0010432,-0.0833242105
CtrSVDD_0017_E_0010433,-3.4244060540
CtrSVDD_0018_E_0010434,-5.0053346208
CtrSVDD_0019_E_0010435,-6.2647625878
CtrSVDD_0020_E_0010436,-4.0978102399
CtrSVDD_0021_E_0010437,-4.1692254683
CtrSVDD_0022_E_0010438,-3.5522998356
CtrSVDD_0023_E_0010439,-3.8059027461
CtrSVDD_0024_E_0010440,-4.6728775298
CtrSVDD_0025_E_0010441,-3.3192737895
CtrSVDD_0026_E_0010442,-5.2504218292
CtrSVDD_0027_E_0010443,-4.9721120889
CtrSVDD_0028_E_0010444,-6.6218688371
CtrSVDD_0029_E_0010445,-5.9031019481
CtrSVDD_0030_E_0010446,-6.0298634382
CtrSVDD_0031_E_0010447,-6.9063542556
CtrSVDD_0032_E_0010448,-5.0062323924
CtrSVDD_0033_E_0010449,1.0223818983
CtrSVDD_0034_E_0010450,-3.4268321190
CtrSVDD_0035_E_0010451,0.5926382516
CtrSVDD_0036_E_0010452,-4.5212324076
CtrSVDD_0037_E_0010453,-5.7163136688
CtrSVDD_0038_E_0010454,-0.6389131017
CtrSVDD_0039_E_0010455,-3.7795166373
CtrSVDD_0040_E_0010456,-3.6459099267
CtrSVDD_0041_E_0010457,-5.1323016122
CtrSVDD_0042_E_0010458,0.4722914813
CtrSVDD_0043_E_0010459,-5.7638554901
CtrSVDD_0044_E_0010460,-2.0182768734
CtrSVDD_0045_E_0010461,-5.6168023718
CtrSVDD_0046_E_0010462,-3.7312285462
CtrSVDD_0047_E_0010463,2.3289639096
CtrSVDD_0000_E_0010464,-2.9956664618
CtrSVDD_0001_E_0010465,-6.6509054148
CtrSVDD_0002_E_0010466,-6.9350707903
CtrSVDD_0003_E_0010467,-0.5683325527
CtrSVDD_0004_E_0010468,0.2813267155
CtrSVDD_0005_E_0010469,-5.7558408075
CtrSVDD_0006_E_0010470,-5.4198137389
CtrSVDD_0007_E_0010471,-5.5220144068
CtrSVDD_0008_E_0010472,-5.6321640161
CtrSVDD_0009_E_0010473,-4.3022180054
CtrSVDD_0010_E_0010474,-3.4078526276
CtrSVDD_0011_E_0010475,-3.7411906981
CtrSVDD_0012_E_0010476,-4.9633943003
CtrSVDD_0013_E_0010477,-3.3524432585
CtrSVDD_0014_E_0010478,-3.5971513427
CtrSVDD_0015_E_0010479,-2.5911358413
CtrSVDD_0016_E_0010480,-3.4469016273
CtrSVDD_0017_E_0010481,-4.9240915706
CtrSVDD_0018_E_0010482,-4.1308904353
CtrSVDD_0019_E_0010483,-4.4968620330
CtrSVDD_0020_E_0010484,-0.5884333222
CtrSVDD_0021_E_0010485,-4.5799592074
CtrSVDD_0022_E_0010486,-4.3785078203
CtrSVDD_0023_E_0010487,-5.0335126105
CtrSVDD_0024_E_0010488,0.6788864349
CtrSVDD_0025_E_0010489,-3.0196288152
CtrSVDD_0026_E_0010490,-6.1143544924
CtrSVDD_0027_E_0010491,-1.5291752973
CtrSVDD_0028_E_0010492,-2.4797095332
CtrSVDD_0029_E_0010493,-5.5623779820
CtrSVDD_0030_E_0010494,-5.3303750581
CtrSVDD_0031_E_0010495,-5.2497815646
CtrSVDD_0032_E_0010496,-6.7973858574
CtrSVDD_0033_E_0010497,-4.6314661435
CtrSVDD_0034_E_0010498,-6.9957808683
CtrSVDD_0035_E_0010499,0.5932506910
CtrSVDD_0036_E_0010500,-6.4067837709
CtrSVDD_0037_E_0010501,-7.4888555577
CtrSVDD_0038_E_0010502,-4.3943977564
CtrSVDD_0039_E_0010503,-4.6422687837
CtrSVDD_0040_E_0010504,-4.1707051862
CtrSVDD_0041_E_0010505,-4.4229065566
CtrSVDD_0042_E_0010506,-2.9779615461
CtrSVDD_0043_E_0010507,-2.0609152620
CtrSVDD_0044_E_0010508,-7.2102286043
CtrSVDD_0045_E_0010509,-4.5492770231
CtrSVDD_0046_E_0010510,-3.3795288804
CtrSVDD_0047_E_0010511,-4.6951823936
CtrSVDD_0000_E_0010512,-5.0349838483
CtrSVDD_0001_E_0010513,-6.2003990786
CtrSVDD_0002_E_0010514,-5.0983047805
CtrSVDD_0003_E_0010515,-5.0745845707
CtrSVDD_0004_E_0010516,-6.0757319897
CtrSVDD_0005_E_0010517,-5.6921543211
CtrSVDD_0006_E_0010518,-5.2238692879
CtrSVDD_0007_E_0010519,-3.3655768013
CtrSVDD_0008_E_0010520,-6.4141778444
CtrSVDD_0009_E_0010521,-1.2403559942
CtrSVDD_0010_E_0010522,-5.8040294103
CtrSVDD_0011_E_0010523,-0.6893569079
CtrSVDD_0012_E_0010524,-0.0011383465
CtrSVDD_0013_E_0010525,-5.9858041224
CtrSVDD_0014_E_0010526,-5.3436153023
CtrSVDD_0015_E_0010527,-3.4778718929
CtrSVDD_0016_E_0010528,-4.6665436707
CtrSVDD_0017_E_0010529,-1.4839023761
CtrSVDD_0018_E_0010530,-5.8766604993
CtrSVDD_0019_E_0010531,-5.9001795480
CtrSVDD_0020_E_0010532,-3.7872748101
CtrSVDD_0021_E_0010533,-5.7955916657
CtrSVDD_0022_E_0010534,-4.5557232886
CtrSVDD_0023_E_0010535,-4.6638574080
CtrSVDD_0024_E_0010536,-7.0779319092
CtrSVDD_0025_E_0010537,-6.7077117887
CtrSVDD_0026_E_0010538,-5.1956984218
CtrSVDD_0027_E_0010539,-3.8588770985
CtrSVDD_0028_E_0010540,-6.8961627629
CtrSVDD_0029_E_0010541,-5.6849310639
CtrSVDD_0030_E_0010542,-4.9401199506
CtrSVDD_0031_E_0010543,0.4489609573
CtrSVDD_0032_E_0010544,-6.3861502734
CtrSVDD_0033_E_0010545,-4.7826322196
CtrSVDD_0034_E_0010546,-6.3357913826
CtrSVDD_0035_E_0010547,-6.1208209893
CtrSVDD_0036_E_0010548,-3.7234850729
CtrSVDD_0037_E_0010549,-3.7859239517
CtrSVDD_0038_E_0010550,-6.6551505740
CtrSVDD_0039_E_0010551,-4.8990055401
CtrSVDD_0040_E_0010552,-3.9737917232
CtrSVDD_0041_E_0010553,-6.3798791465
CtrSVDD_0042_E_0010554,0.9944747133
CtrSVDD_0043_E_0010555,1.2525226939
CtrSVDD_0044_E_0010556,-5.3084347552
CtrSVDD_0045_E_0010557,-5.6508104375
CtrSVDD_0046_E_0010558,0.3474721907
CtrSVDD_0047_E_0010559,-1.8963534722
CtrSVDD_0000_E_0010560,-6.1673582328
CtrSVDD_0001_E_0010561,-5.2939694583
CtrSVDD_0002_E_0010562,-5.0011416826
CtrSVDD_0003_E_0010563,-1.8839060612
CtrSVDD_0004_E_0010564,-4.3451179601
CtrSVDD_0005_E_0010565,-4.6509486671
CtrSVDD_0006_E_0010566,0.4315698163
CtrSVDD_0007_E_0010567,-0.0468765635
CtrSVDD_0008_E_0010568,-5.6120876827
CtrSVDD_0009_E_0010569,-5.1532494543
CtrSVDD_0010_E_0010570,-4.3093871772
CtrSVDD_0011_E_0010571,-3.5069993917
CtrSVDD_0012_E_0010572,-2.7783885166
CtrSVDD_0013_E_0010573,-5.2417160384
CtrSVDD_0014_E_0010574,-5.5664239678
CtrSVDD_0015_E_0010575,-3.5554154640
CtrSVDD_0016_E_0010576,-5.7611993112
CtrSVDD_0017_E_0010577,1.2147491543
CtrSVDD_0018_E_0010578,-1.3073699960
CtrSVDD_0019_E_0010579,-4.7706953281
CtrSVDD_0020_E_0010580,-1.6554451915
CtrSVDD_0021_E_0010581,-4.4183690266
CtrSVDD_0022_E_0010582,-5.9663689462
CtrSVDD_0023_E_0010583,-1.0540660493
CtrSVDD_0024_E_0010584,-5.2596048568
CtrSVDD_0025_E_0010585,-4.7850323036
CtrSVDD_0026_E_0010586,-4.1767421870
CtrSVDD_0027_E_0010587,-3.7158733579
CtrSVDD_0028_E_0010588,-1.8981951176
CtrSVDD_0029_E_0010589,-6.5189826974
CtrSVDD_0030_E_0010590,-4.1945178390
CtrSVDD_0031_E_0010591,0.1513526443
CtrSVDD_0032_E_0010592,-4.4820872992
CtrSVDD_0033_E_0010593,0.0482769358
CtrSVDD_0034_E_0010594,-6.5667435107
CtrSVDD_0035_E_0010595,-4.5895932043
CtrSVDD_0036_E_0010596,-6.6418742988
CtrSVDD_0037_E_0010597,-4.9852019987
CtrSVDD_0038_E_0010598,-4.7286092929
CtrSVDD_0039_E_0010599,-3.2987964361
CtrSVDD_0040_E_0010600,0.9723250225
CtrSVDD_0041_E_0010601,-5.0808896994
CtrSVDD_0042_E_0010602,0.2092367911
CtrSVDD_0043_E_0010603,-1.7506360197
CtrSVDD_0044_E_0010604,-4.6604303192
CtrSVDD_0045_E_0010605,0.2521773470
CtrSVDD_0046_E_0010606,-4.3694536286
CtrSVDD_0047_E_0010607,-5.0818946609
CtrSVDD_0000_E_0010608,-6.4961843288
CtrSVDD_0001_E_0010609,-0.9700305792
CtrSVDD_0002_E_0010610,-6.2138802784
CtrSVDD_0003_E_0010611,0.8580985090
CtrSVDD_0004_E_0010612,-4.4933962323
CtrSVDD_0005_E_0010613,-6.5424834220
CtrSVDD_0006_E_0010614,-2.4883199322
CtrSVDD_0007_E_0010615,0.5006329560
CtrSVDD_0008_E_0010616,0.2755104387
CtrSVDD_0009_E_0010617,-6.0628327485
CtrSVDD_0010_E_0010618,-0.1128414574
CtrSVDD_0011_E_0010619,-4.0399482541
CtrSVDD_0012_E_0010620,-6.3788931178
CtrSVDD_0013_E_0010621,-6.2576824297
CtrSVDD_0014_E_0010622,-5.0253555924
CtrSVDD_0015_E_0010623,-0.1864134628
CtrSVDD_0016_E_0010624,-2.1076770770
CtrSVDD_0017_E_0010625,-5.3294493508
CtrSVDD_0018_E_0010626,-5.3311350187
CtrSVDD_0019_E_0010627,0.3311735569
CtrSVDD_0020_E_0010628,-4.3910896496
CtrSVDD_0021_E_0010629,1.0323732006
CtrSVDD_0022_E_0010630,-4.6704915586
CtrSVDD_0023_E_0010631,-5.0150815286
CtrSVDD_0024_E_0010632,-5.1564968971
CtrSVDD_0025_E_0010633,-5.2504172111
CtrSVDD_0026_E_0010634,-4.3991249015
CtrSVDD_0027_E_0010635,-5.5886028544
CtrSVDD_0028_E_0010636,-0.4427810558
CtrSVDD_0029_E_0010637,-3.9251788551
CtrSVDD_0030_E_0010638,-5.1359055173
CtrSVDD_0031_E_0010639,-5.7375081374
CtrSVDD_0032_E_0010640,-6.0832570682
CtrSVDD_0033_E_0010641,-2.7539842225
CtrSVDD_0034_E_0010642,-5.0647835906
CtrSVDD_0035_E_0010643,-1.6595328819
CtrSVDD_0036_E_0010644,-3.4379090892
CtrSVDD_0037_E_0010645,-6.0722050055
CtrSVDD_0038_E_0010646,-3.3477671143
CtrSVDD_0039_E_0010647,-5.0778326491
CtrSVDD_0040_E_0010648,-0.2336068896
CtrSVDD_0041_E_0010649,-4.1532029078
CtrSVDD_0042_E_0010650,-4.8360965683
CtrSVDD_0043_E_0010651,-2.4543454036
CtrSVDD_0044_E_0010652,-5.2708870636
CtrSVDD_0045_E_0010653,-3.4173411337
CtrSVDD_0046_E_0010654,-3.3208395168
CtrSVDD_0047_E_0010655,-4.7630973486
CtrSVDD_0000_E_0010656,-4.8283121575
CtrSVDD_0001_E_0010657,-0.9611126384
CtrSVDD_0002_E_0010658,-4.2064277770
CtrSVDD_0003_E_0010659,-5.3876514367
CtrSVDD_0004_E_0010660,-6.2718668507
CtrSVDD_0005_E_0010661,-5.9052252763
CtrSVDD_0006_E_0010662,-5.4807501079
CtrSVDD_0007_E_0010663,-5.7868283837
CtrSVDD_0008_E_0010664,-4.3832080009
CtrSVDD_0009_E_0010665,-3.3920418861
CtrSVDD_0010_E_0010666,-0.3445020561
CtrSVDD_0011_E_0010667,-5.1938744734
CtrSVDD_0012_E_0010668,-3.6763990130
CtrSVDD_0013_E_0010669,-3.8786804423
CtrSVDD_0014_E_0010670,0.2336068896
CtrSVDD_0015_E_0010671,1.0939075304
CtrSVDD_0016_E_0010672,-1.5885360383
CtrSVDD_0017_E_0010673,-0.8392969871
CtrSVDD_0018_E_0010674,-3.7460321815
CtrSVDD_0019_E_0010675,-4.5455331193
CtrSVDD_0020_E_0010676,-5.2562192364
CtrSVDD_0021_E_0010677,-3.1178606955
CtrSVDD_0022_E_0010678,-5.1837236594
CtrSVDD_0023_E_0010679,-5.1667496025
CtrSVDD_0024_E_0010680,-5.0460883712
CtrSVDD_0025_E_0010681,-4.3309318212
CtrSVDD_0026_E_0010682,-4.0421175783
CtrSVDD_0027_E_0010683,-6.6324433918
CtrSVDD_0028_E_0010684,0.2740578323
CtrSVDD_0029_E_0010685,0.6826494433
CtrSVDD_0030_E_0010686,-4.2510621355
CtrSVDD_0031_E_0010687,-4.3847073632
CtrSVDD_0032_E_0010688,-2.5393123692
CtrSVDD_0033_E_0010689,-4.4860565688
CtrSVDD_0034_E_0010690,0.3544036342
CtrSVDD_0035_E_0010691,0.3578920410
CtrSVDD_0036_E_0010692,-4.8045409218
CtrSVDD_0037_E_0010693,-3.3643407952
CtrSVDD_0038_E_0010694,-4.8266167510
CtrSVDD_0039_E_0010695,-3.6022090068
CtrSVDD_0040_E_0010696,-3.4870488055
CtrSVDD_0041_E_0010697,-2.8043137045
CtrSVDD_0042_E_0010698,-5.2474652904
CtrSVDD_0043_E_0010699,-5.1895244321
CtrSVDD_0044_E_0010700,-2.7485141740
CtrSVDD_0045_E_0010701,-4.5062377890
CtrSVDD_0046_E_0010702,0.0833242105
CtrSVDD_0047_E_0010703,-6.1339613537
CtrSVDD_0000_E_0010704,-3.1614289809
CtrSVDD_0001_E_0010705,-3.1640157421
CtrSVDD_0002_E_0010706,-5.4702696776
CtrSVDD_0003_E_0010707,-3.2010204725
CtrSVDD_0004_E_0010708,-4.9118926531
CtrSVDD_0005_E_0010709,-3.3123717656
CtrSVDD_0006_E_0010710,-5.1924245054
CtrSVDD_0007_E_0010711,-2.8926901832
CtrSVDD_0008_E_0010712,-4.9546713400
CtrSVDD_0009_E_0010713,-3.9756607832
CtrSVDD_0010_E_0010714,-5.2223976967
CtrSVDD_0011_E_0010715,-5.0202552030
CtrSVDD_0012_E_0010716,-6.0534407231
CtrSVDD_0013_E_0010717,-4.7844476276
CtrSVDD_0014_E_0010718,-1.1462925919
CtrSVDD_0015_E_0010719,-5.1880743213
CtrSVDD_0016_E_0010720,-5.9912365138
CtrSVDD_0017_E_0010721,-6.7982317042
CtrSVDD_0018_E_0010722,-4.7755640582
CtrSVDD_0019_E_0010723,0.5423003608
CtrSVDD_0020_E_0010724,-3.5507407120
CtrSVDD_0021_E_0010725,-5.2057556667
CtrSVDD_0022_E_0010726,-4.1929532426
CtrSVDD_0023_E_0010727,-6.2833136247
CtrSVDD_0024_E_0010728,-1.3064303511
CtrSVDD_0025_E_0010729,-7.3344002714
CtrSVDD_0026_E_0010730,-3.6885656066
CtrSVDD_0027_E_0010731,-6.2459846109
CtrSVDD_0028_E_0010732,2.0099263107
CtrSVDD_0029_E_0010733,0.3653585875
CtrSVDD_0030_E_0010734,-5.9251122757
CtrSVDD_0031_E_0010735,-3.6683150197
CtrSVDD_0032_E_0010736,-7.3031186997
CtrSVDD_0033_E_0010737,-4.1881859663
CtrSVDD_0034_E_0010738,-4.7881264915
CtrSVDD_0035_E_0010739,-4.2463887023
CtrSVDD_0036_E_0010740,1.1764945189
CtrSVDD_0037_E_0010741,-4.5170145667
CtrSVDD_0038_E_0010742,-6.8090086799
CtrSVDD_0039_E_0010743,-2.8974793168
CtrSVDD_0040_E_0010744,-2.1800745113
CtrSVDD_0041_E_0010745,-2.3683553267
CtrSVDD_0042_E_0010746,-4.1162909691
CtrSVDD_0043_E_0010747,-4.1321068687
CtrSVDD_0044_E_0010748,-5.8960714802
CtrSVDD_0045_E_0010749,-5.7610671500
CtrSVDD_0046_E_0010750,0.2235561612
CtrSVDD_0047_E_0010751,-4.7640142135
CtrSVDD_0000_E_0010752,-5.1756495144
CtrSVDD_0001_E_0010753,-3.3034244043
CtrSVDD_0002_E_0010754,-4.5621516527
CtrSVDD_0003_E_0010755,0.3698482853
CtrSVDD_0004_E_0010756,-5.7804955441
CtrSVDD_0005_E_0010757,-0.3653585875
CtrSVDD_0006_E_0010758,-3.5396007855
CtrSVDD_0007_E_0010759,-5.6382243797
CtrSVDD_0008_E_0010760,0.4335427226
CtrSVDD_0009_E_0010761,-4.4150859601
CtrSVDD_0010_E_0010762,-5.5140251103
CtrSVDD_0011_E_0010763,-3.7206984460
CtrSVDD_0012_E_0010764,-4.0688884393
CtrSVDD_0013_E_0010765,-5.9060663145
CtrSVDD_0014_E_0010766,-5.0814127072
CtrSVDD_0015_E_0010767,-4.8480509207
CtrSVDD_0016_E_0010768,-4.6612843673
CtrSVDD_0017_E_0010769,0.8394306710
CtrSVDD_0018_E_0010770,-6.1450525027
CtrSVDD_0019_E_0010771,-3.9906887844
CtrSVDD_0020_E_0010772,1.7685124083
CtrSVDD_0021_E_0010773,-5.1445340276
CtrSVDD_0022_E_0010774,-5.3830130824
CtrSVDD_0023_E_0010775,-5.4857234162
CtrSVDD_0024_E_0010776,-1.9725302450
CtrSVDD_0025_E_0010777,-5.9324511861
CtrSVDD_0026_E_0010778,-5.6104103581
CtrSVDD_0027_E_0010779,-5.4191978759
CtrSVDD_0028_E_0010780,-7.3654397246
CtrSVDD_0029_E_0010781,-4.1548801660
CtrSVDD_0030_E_0010782,-5.5268208713
CtrSVDD_0031_E_0010783,0.1268671111
CtrSVDD_0032_E_0010784,-5.4178457161
CtrSVDD_0033_E_0010785,-4.7533319708
CtrSVDD_0034_E_0010786,-4.5051581088
CtrSVDD_0035_E_0010787,-3.9263366388
CtrSVDD_0036_E_0010788,-6.4260844709
CtrSVDD_0037_E_0010789,-4.0190429940
CtrSVDD_0038_E_0010790,-5.6134918670
CtrSVDD_0039_E_0010791,-4.6521356156
CtrSVDD_0040_E_0010792,-4.1569392949
CtrSVDD_0041_E_0010793,-4.9973801242
CtrSVDD_0042_E_0010794,-5.2830579686
CtrSVDD_0043_E_0010795,-4.2759187376
CtrSVDD_0044_E_0010796,-5.8782393641
CtrSVDD_0045_E_0010797,-2.9274810000
CtrSVDD_0046_E_0010798,-5.5705388216
CtrSVDD_0047_E_0010799,-4.5969848744
CtrSVDD_0000_E_0010800,-3.9664654657
CtrSVDD_0001_E_0010801,-4.9297034633
CtrSVDD_0002_E_0010802,-5.2118113347
CtrSVDD_0003_E_0010803,-0.4722914813
CtrSVDD_0004_E_0010804,-4.0143689767
CtrSVDD_0005_E_0010805,-2.4379222123
CtrSVDD_0006_E_0010806,-5.0979548036
CtrSVDD_0007_E_0010807,-3.2208345534
CtrSVDD_0008_E_0010808,-4.4915645875
CtrSVDD_0009_E_0010809,-4.5363294205
CtrSVDD_0010_E_0010810,-3.2493751968
CtrSVDD_0011_E_0010811,0.0426759874
CtrSVDD_0012_E_0010812,-5.8915182238
CtrSVDD_0013_E_0010813,-2.5657439577
CtrSVDD_0014_E_0010814,-2.7847168959
CtrSVDD_0015_E_0010815,0.9995624115
CtrSVDD_0016_E_0010816,-4.0367601255
CtrSVDD_0017_E_0010817,-4.5541134137
CtrSVDD_0018_E_0010818,-4.2610689914
CtrSVDD_0019_E_0010819,-3.8048687243
CtrSVDD_0020_E_0010820,-4.7244428437
CtrSVDD_0021_E_0010821,-4.1236241470
CtrSVDD_0022_E_0010822,-5.6252132206
CtrSVDD_0023_E_0010823,-2.4613155447
CtrSVDD_0024_E_0010824,-4.0602374988
CtrSVDD_0025_E_0010825,0.5733521972
CtrSVDD_0026_E_0010826,-1.1489950162
CtrSVDD_0027_E_0010827,-2.0035594319
CtrSVDD_0028_E_0010828,-6.9544892383
CtrSVDD_0029_E_0010829,-0.0118899790
CtrSVDD_0030_E_0010830,-4.0260165217
CtrSVDD_0031_E_0010831,-5.1008717945
CtrSVDD_0032_E_0010832,-4.6395700103
CtrSVDD_0033_E_0010833,-5.0692507451
CtrSVDD_0034_E_0010834,-5.3183846332
CtrSVDD_0035_E_0010835,-3.4489262463
CtrSVDD_0036_E_0010836,-4.9620236126
CtrSVDD_0037_E_0010837,-3.2452229999
CtrSVDD_0038_E_0010838,0.4816954322
CtrSVDD_0039_E_0010839,-2.9046226702
CtrSVDD_0040_E_0010840,0.6578995520
CtrSVDD_0041_E_0010841,-6.4212347506
CtrSVDD_0042_E_0010842,-5.2923934170
CtrSVDD_0043_E_0010843,-4.0283311613
CtrSVDD_0044_E_0010844,-6.8488028669
CtrSVDD_0045_E_0010845,-0.4785560875
CtrSVDD_0046_E_0010846,-6.5661141726
CtrSVDD_0047_E_0010847,-5.5531850283
CtrSVDD_0000_E_0010848,-4.3448024489
CtrSVDD_0001_E_0010849,2.1202823753
CtrSVDD_0002_E_0010850,0.3932002772
CtrSVDD_0003_E_0010851,1.6101026823
CtrSVDD_0004_E_0010852,-3.5486761400
CtrSVDD_0005_E_0010853,-3.8346495309
CtrSVDD_0006_E_0010854,-2.6007704405
CtrSVDD_0007_E_0010855,-1.4591230250
CtrSVDD_0008_E_0010856,-4.7517362356
CtrSVDD_0009_E_0010857,-5.6040915776
CtrSVDD_0010_E_0010858,-6.5858123430
CtrSVDD_0011_E_0010859,2.2162736869
CtrSVDD_0012_E_0010860,-1.5580597313
CtrSVDD_0013_E_0010861,-3.5030169483
CtrSVDD_0014_E_0010862,-3.7651631759
CtrSVDD_0015_E_0010863,-3.8490123932
CtrSVDD_0016_E_0010864,-5.7391452495
CtrSVDD_0017_E_0010865,-0.0076934104
CtrSVDD_0018_E_0010866,-6.1095101387
CtrSVDD_0019_E_0010867,-3.6914764309
CtrSVDD_0020_E_0010868,-3.1139773356
CtrSVDD_0021_E_0010869,-3.7593204329
CtrSVDD_0022_E_0010870,-2.9937964379
CtrSVDD_0023_E_0010871,-1.9809683334
CtrSVDD_0024_E_0010872,-6.2469242457
CtrSVDD_0025_E_0010873,-3.8865849818
CtrSVDD_0026_E_0010874,-4.2851750187
CtrSVDD_0027_E_0010875,-4.8850869848
CtrSVDD_0028_E_0010876,-1.2373428625
CtrSVDD_0029_E_0010877,-4.0012765511
CtrSVDD_0030_E_0010878,-4.9874168043
CtrSVDD_0031_E_0010879,-6.5869204481
CtrSVDD_0032_E_0010880,-2.1774631501
CtrSVDD_0033_E_0010881,-4.7581162634
CtrSVDD_0034_E_0010882,-4.1043164710
CtrSVDD_0035_E_0010883,-5.9971241905
CtrSVDD_0036_E_0010884,-5.4556815990
CtrSVDD_0037_E_0010885,1.8063061245
CtrSVDD_0038_E_0010886,-5.0881287578
CtrSVDD_0039_E_0010887,-6.5533474913
CtrSVDD_0040_E_0010888,0.1736186442
CtrSVDD_0041_E_0010889,-3.4646217755
CtrSVDD_0042_E_0010890,-6.9460013349
CtrSVDD_0043_E_0010891,-2.9215100358
CtrSVDD_0044_E_0010892,-4.8672833143
CtrSVDD_0045_E_0010893,-5.4689406905
CtrSVDD_0046_E_0010894,-5.9744778405
CtrSVDD_0047_E_0010895,-4.9743405979
CtrSVDD_0000_E_0010896,-2.8854653984
CtrSVDD_0001_E_0010897,-4.0907049385
CtrSVDD_0002_E_0010898,-5.2167281752
CtrSVDD_0003_E_0010899,-4.2338165165
CtrSVDD_0004_E_0010900,-3.8812068077
CtrSVDD_0005_E_0010901,-1.3690719083
CtrSVDD_0006_E_0010902,-5.5755074879
CtrSVDD_0007_E_0010903,-2.1048019915
CtrSVDD_0008_E_0010904,-4.8243553120
CtrSVDD_0009_E_0010905,-6.4175545613
CtrSVDD_0010_E_0010906,-2.8730113124
CtrSVDD_0011_E_0010907,-5.7669177275
CtrSVDD_0012_E_0010908,-6.3308790342
CtrSVDD_0013_E_0010909,1.9257990969
CtrSVDD_0014_E_0010910,-5.5836609692
CtrSVDD_0015_E_0010911,0.0903445830
CtrSVDD_0016_E_0010912,-5.0994134101
CtrSVDD_0017_E_0010913,-3.6858842474
CtrSVDD_0018_E_0010914,-5.4432328506
CtrSVDD_0019_E_0010915,-5.6602903734
CtrSVDD_0020_E_0010916,-5.4762415562
CtrSVDD_0021_E_0010917,-0.8594959304
CtrSVDD_0022_E_0010918,-5.7326042548
CtrSVDD_0023_E_0010919,-5.8317913366
CtrSVDD_0024_E_0010920,-5.5831211355
CtrSVDD_0025_E_0010921,-2.5270250493
CtrSVDD_0026_E_0010922,-4.5151266936
CtrSVDD_0027_E_0010923,-4.3749561676
CtrSVDD_0028_E_0010924,-5.0228224415
CtrSVDD_0029_E_0010925,-3.3446029533
CtrSVDD_0030_E_0010926,-4.9873793171
CtrSVDD_0031_E_0010927,0.4848395315
CtrSVDD_0032_E_0010928,-4.0156417240
CtrSVDD_0033_E_0010929,-4.7800361809
CtrSVDD_0034_E_0010930,2.1507868402
CtrSVDD_0035_E_0010931,-5.9905938806
CtrSVDD_0036_E_0010932,-5.5789050898
CtrSVDD_0037_E_0010933,-2.9234416737
CtrSVDD_0038_E_0010934,-5.3133458269
CtrSVDD_0039_E_0010935,0.8688545674
CtrSVDD_0040_E_0010936,-2.7969427654
CtrSVDD_0041_E_0010937,-4.4801664993
CtrSVDD_0042_E_0010938,-5.7871905819
CtrSVDD_0043_E_0010939,-5.9479488756
CtrSVDD_0044_E_0010940,-3.5694460811
CtrSVDD_0045_E_0010941,-2.9117984253
CtrSVDD_0046_E_0010942,-1.0576107825
CtrSVDD_0047_E_0010943,-5.7055732827
CtrSVDD_0000_E_0010944,-5.0540791425
CtrSVDD_0001_E_0010945,-2.9211071869
CtrSVDD_0002_E_0010946,-5.9605851197
CtrSVDD_0003_E_0010947,-0.5471678918
CtrSVDD_0004_E_0010948,-4.5233060524
CtrSVDD_0005_E_0010949,-5.2641148234
CtrSVDD_0006_E_0010950,-5.8223188065
CtrSVDD_0007_E_0010951,-0.3341302823
CtrSVDD_0008_E_0010952,2.0910621803
CtrSVDD_0009_E_0010953,-4.5635000090
CtrSVDD_0010_E_0010954,-5.5598636794
CtrSVDD_0011_E_0010955,-6.0774997564
CtrSVDD_0012_E_0010956,-4.5349478085
CtrSVDD_0013_E_0010957,-3.7601111804
CtrSVDD_0014_E_0010958,-3.8647178686
CtrSVDD_0015_E_0010959,-4.0333343045
CtrSVDD_0016_E_0010960,-3.2573426844
CtrSVDD_0017_E_0010961,-5.0879846350
CtrSVDD_0018_E_0010962,1.0467803551
CtrSVDD_0019_E_0010963,-5.9678052956
CtrSVDD_0020_E_0010964,0.8022073322
CtrSVDD_0021_E_0010965,-4.4928574084
CtrSVDD_0022_E_0010966,-4.0553208159
CtrSVDD_0023_E_0010967,-3.6127490593
CtrSVDD_0024_E_0010968,-5.8746799426
CtrSVDD_0025_E_0010969,-5.4943719422
CtrSVDD_0026_E_0010970,-4.8515253989
CtrSVDD_0027_E_0010971,-0.2624574964
CtrSVDD_0028_E_0010972,-5.0946849384
CtrSVDD_0029_E_0010973,-6.2635412524
CtrSVDD_0030_E_0010974,-4.8242703509
CtrSVDD_0031_E_0010975,-4.1974151630
CtrSVDD_0032_E_0010976,-6.0971377185
CtrSVDD_0033_E_0010977,-3.8076133662
CtrSVDD_0034_E_0010978,-1.3728729196
CtrSVDD_0035_E_0010979,-3.5130159108
CtrSVDD_0036_E_0010980,-5.3391129077
CtrSVDD_0037_E_0010981,-0.4030085097
CtrSVDD_0038_E_0010982,-4.1082907885
CtrSVDD_0039_E_0010983,-4.2625286488
CtrSVDD_0040_E_0010984,-3.5035381712
CtrSVDD_0041_E_0010985,-5.2584779600
CtrSVDD_0042_E_0010986,-0.4090844621
CtrSVDD_0043_E_0010987,-6.2272784904
CtrSVDD_0044_E_0010988,-3.5893118236
CtrSVDD_0045_E_0010989,-3.4342476235
CtrSVDD_0046_E_0010990,-4.8580861128
CtrSVDD_0047_E_0010991,-0.3252687518
CtrSVDD_0000_E_0010992,-4.9966088825
CtrSVDD_0001_E_0010993,-5.0736369873
CtrSVDD_0002_E_0010994,-6.6011306329
CtrSVDD_0003_E_0010995,2.0493675430
CtrSVDD_0004_E_0010996,-6.9922317054
CtrSVDD_0005_E_0010997,-5.2915287024
CtrSVDD_0006_E_0010998,-2.8098234150
CtrSVDD_0007_E_0010999,-4.9506874304
CtrSVDD_0008_E_0011000,-6.1743468032
CtrSVDD_0009_E_0011001,-4.3898756674
CtrSVDD_0010_E_0011002,-4.0171439012
CtrSVDD_0011_E_0011003,-4.5829242182
CtrSVDD_0012_E_0011004,-5.2112715775
CtrSVDD_0013_E_0011005,-3.5604934393
CtrSVDD_0014_E_0011006,0.0412759663
CtrSVDD_0015_E_0011007,-5.2397329864
CtrSVDD_0016_E_0011008,-4.9785558131
CtrSVDD_0017_E_0011009,-0.2179707433
CtrSVDD_0018_E_0011010,-3.3421665573
CtrSVDD_0019_E_0011011,1.7716607253
CtrSVDD_0020_E_0011012,-3.3421844202
CtrSVDD_0021_E_0011013,1.1784885851
CtrSVDD_0022_E_0011014,-6.7112381459
CtrSVDD_0023_E_0011015,-2.0712443602
CtrSVDD_0024_E_0011016,-4.9672092417
CtrSVDD_0025_E_0011017,-3.7383155912
CtrSVDD_0026_E_0011018,-5.0792827599
CtrSVDD_0027_E_0011019,-3.4987696720
CtrSVDD_0028_E_0011020,-6.2390259199
CtrSVDD_0029_E_0011021,-7.5277137894
CtrSVDD_0030_E_0011022,-4.0501547914
CtrSVDD_0031_E_0011023,-3.5171070379
CtrSVDD_0032_E_0011024,-4.5030477139
CtrSVDD_0033_E_0011025,-5.1996739506
CtrSVDD_0034_E_0011026,-3.9909030316
CtrSVDD_0035_E_0011027,-5.4993536512
CtrSVDD_0036_E_0011028,-5.0894351747
CtrSVDD_0037_E_0011029,-4.4877698971
CtrSVDD_0038_E_0011030,-5.8567603409
CtrSVDD_0039_E_0011031,-3.9525650280
CtrSVDD_0040_E_0011032,-4.7868835586
CtrSVDD_0041_E_0011033,-4.5980234850
CtrSVDD_0042_E_0011034,-0.3076212670
CtrSVDD_0043_E_0011035,-5.9542506976
CtrSVDD_0044_E_0011036,-0.6930450984
CtrSVDD_0045_E_0011037,-3.9071312441
CtrSVDD_0046_E_0011038,-0.0160867570
CtrSVDD_0047_E_0011039,-5.4744608915
CtrSVDD_0000_E_0011040,-4.4240168631
CtrSVDD_0001_E_0011041,-4.3167413701
CtrSVDD_0002_E_0011042,-3.6151383050
CtrSVDD_0003_E_0011043,-4.7376214084
CtrSVDD_0004_E_0011044,-6.2399675937
CtrSVDD_0005_E_0011045,-3.6525080969
CtrSVDD_0006_E_0011046,-4.3323244238
CtrSVDD_0007_E_0011047,-1.4797091119
CtrSVDD_0008_E_0011048,-4.6592468414
CtrSVDD_0009_E_0011049,-4.6279144907
CtrSVDD_0010_E_0011050,-6.0435669897
CtrSVDD_0011_E_0011051,-4.7788938554
CtrSVDD_0012_E_0011052,-1.4274166951
CtrSVDD_0013_E_0011053,0.9049093884
CtrSVDD_0014_E_0011054,-7.1933808902
CtrSVDD_0015_E_0011055,-4.7121019359
CtrSVDD_0016_E_0011056,-5.8166581055
CtrSVDD_0017_E_0011057,-6.1804713882
CtrSVDD_0018_E_0011058,-1.4977193512
CtrSVDD_0019_E_0011059,-4.4647118975
CtrSVDD_0020_E_0011060,-5.3234338717
CtrSVDD_0021_E_0011061,-4.5910771897
CtrSVDD_0022_E_0011062,-3.7926383946
CtrSVDD_0023_E_0011063,-0.9949625801
CtrSVDD_0024_E_0011064,0.2694990396
CtrSVDD_0025_E_0011065,-0.4958819829
CtrSVDD_0026_E_0011066,-5.1288223501
CtrSVDD_0027_E_0011067,-5.3574402218
CtrSVDD_0028_E_0011068,-4.3554055268
CtrSVDD_0029_E_0011069,-5.5293983659
CtrSVDD_0030_E_0011070,1.3970837332
CtrSVDD_0031_E_0011071,1.0505583578
CtrSVDD_0032_E_0011072,-6.1847043638
CtrSVDD_0033_E_0011073,-5.0024325046
CtrSVDD_0034_E_0011074,-5.1112034644
CtrSVDD_0035_E_0011075,-3.1841035045
CtrSVDD_0036_E_0011076,1.4158888988
CtrSVDD_0037_E_0011077,-6.3991004265
CtrSVDD_0038_E_0011078,-6.0704457600
CtrSVDD_0039_E_0011079,-6.4592196195
CtrSVDD_0040_E_0011080,0.0370763774
CtrSVDD_0041_E_0011081,-5.9406802985
CtrSVDD_0042_E_0011082,3.4512310058
CtrSVDD_0043_E_0011083,-5.7929468051
CtrSVDD_0044_E_0011084,-6.0651848430
CtrSVDD_0045_E_0011085,-5.5784066977
CtrSVDD_0046_E_0011086,-2.7426070460
CtrSVDD_0047_E_0011087,1.5859239850
CtrSVDD_0000_E_0011088,-4.5775170901
CtrSVDD_0001_E_0011089,-3.1997848351
CtrSVDD_0002_E_0011090,-0.3001606119
CtrSVDD_0003_E_0011091,-5.9551731192
CtrSVDD_0004_E_0011092,-5.0073386930
CtrSVDD_0005_E_0011093,-1.3196797484
CtrSVDD_0006_E_0011094,-3.6055217188
CtrSVDD_0007_E_0011095,2.4676109108
CtrSVDD_0008_E_0011096,-5.0359409856
CtrSVDD_0009_E_0011097,0.0622863212
CtrSVDD_0010_E_0011098,-2.2033224537
CtrSVDD_0011_E_0011099,0.0566812540
CtrSVDD_0012_E_0011100,-0.5816152139
CtrSVDD_0013_E_0011101,2.6912104161
CtrSVDD_0014_E_0011102,-4.5181055597
CtrSVDD_0015_E_0011103,-4.1382431504
CtrSVDD_0016_E_0011104,-2.3642718552
CtrSVDD_0017_E_0011105,-5.1808229164
CtrSVDD_0018_E_0011106,-1.4989278175
CtrSVDD_0019_E_0011107,-3.6984588554
CtrSVDD_0020_E_0011108,-4.6370988653
CtrSVDD_0021_E_0011109,-4.6102681738
CtrSVDD_0022_E_0011110,-5.2083722823
CtrSVDD_0023_E_0011111,1.1252843155
CtrSVDD_0024_E_0011112,-4.6294956229
CtrSVDD_0025_E_0011113,-3.8850521508
CtrSVDD_0026_E_0011114,-4.3907476885
CtrSVDD_0027_E_0011115,-5.5092408178
CtrSVDD_0028_E_0011116,-6.8253880119
CtrSVDD_0029_E_0011117,0.5602120314
CtrSVDD_0030_E_0011118,-4.3735212561
CtrSVDD_0031_E_0011119,-4.0627763687
CtrSVDD_0032_E_0011120,-2.6202720376
CtrSVDD_0033_E_0011121,-2.6865179097
CtrSVDD_0034_E_0011122,-3.0447104464
CtrSVDD_0035_E_0011123,-4.9921633163
CtrSVDD_0036_E_0011124,-6.2382264695
CtrSVDD_0037_E_0011125,-4.4028270928
CtrSVDD_0038_E_0011126,-7.0538815753
CtrSVDD_0039_E_0011127,0.6286535519
CtrSVDD_0040_E_0011128,1.0299927843
CtrSVDD_0041_E_0011129,-5.3348806457
CtrSVDD_0042_E_0011130,-3.5252364172
CtrSVDD_0043_E_0011131,-4.4768322748
CtrSVDD_0044_E_0011132,-5.2997847559
CtrSVDD_0045_E_0011133,-4.9417000569
CtrSVDD_0046_E_0011134,-6.9107412908
CtrSVDD_0047_E_0011135,-5.4807258917
CtrSVDD_0000_E_0011136,-2.0631059686
CtrSVDD_0001_E_0011137,-5.0349838462
CtrSVDD_0002_E_0011138,0.3758461852
CtrSVDD_0003_E_0011139,-5.4098178973
CtrSVDD_0004_E_0011140,-4.9486087644
CtrSVDD_0005_E_0011141,-5.7555862024
CtrSVDD_0006_E_0011142,-6.6431612478
CtrSVDD_0007_E_0011143,-4.2985478631
CtrSVDD_0008_E_0011144,-5.8747175161
CtrSVDD_0009_E_0011145,-6.9085183087
CtrSVDD_0010_E_0011146,-0.8065556559
CtrSVDD_0011_E_0011147,1.2805982317
CtrSVDD_0012_E_0011148,-6.0574106605
CtrSVDD_0013_E_0011149,-4.6390511741
CtrSVDD_0014_E_0011150,-6.6329575662
CtrSVDD_0015_E_0011151,0.2842384143
CtrSVDD_0016_E_0011152,-4.0776320250
CtrSVDD_0017_E_0011153,-4.9048618404
CtrSVDD_0018_E_0011154,-3.3509309292
CtrSVDD_0019_E_0011155,-5.4390449237
CtrSVDD_0020_E_0011156,-4.2330428294
CtrSVDD_0021_E_0011157,-5.0427217188
CtrSVDD_0022_E_0011158,-5.8299029495
CtrSVDD_0023_E_0011159,-3.6343995150
CtrSVDD_0024_E_0011160,-4.7548294200
CtrSVDD_0025_E_0011161,-5.2315667961
CtrSVDD_0026_E_0011162,-4.2922502582
CtrSVDD_0027_E_0011163,-5.0498068074
CtrSVDD_0028_E_0011164,-4.3429772976
CtrSVDD_0029_E_0011165,-5.2637469909
CtrSVDD_0030_E_0011166,-0.0132888781
CtrSVDD_0031_E_0011167,-4.0993403435
CtrSVDD_0032_E_0011168,-5.0605859080
CtrSVDD_0033_E_0011169,0.5197517581
CtrSVDD_0034_E_0011170,-4.5539840905
CtrSVDD_0035_E_0011171,-5.3855671422
CtrSVDD_0036_E_0011172,-4.4749375013
CtrSVDD_0037_E_0011173,-6.0080898459
CtrSVDD_0038_E_0011174,0.9240337388
CtrSVDD_0039_E_0011175,-0.1679412931
CtrSVDD_0040_E_0011176,-3.8412726103
CtrSVDD_0041_E_0011177,-1.3492668295
CtrSVDD_0042_E_0011178,-3.8748789578
CtrSVDD_0043_E_0011179,-4.6893822157
CtrSVDD_0044_E_0011180,-5.2562248705
CtrSVDD_0045_E_0011181,-4.4935340732
CtrSVDD_0046_E_0011182,1.4881218960
CtrSVDD_0047_E_0011183,-4.7485415892
CtrSVDD_0000_E_0011184,0.4243412441
CtrSVDD_0001_E_0011185,-4.9594359367
CtrSVDD_0002_E_0011186,-4.0763983720
CtrSVDD_0003_E_0011187,-3.4809011185
CtrSVDD_0004_E_0011188,-5.8881072733
CtrSVDD_0005_E_0011189,-4.2453902886
CtrSVDD_0006_E_0011190,-4.3632011667
CtrSVDD_0007_E_0011191,-4.4493261746
CtrSVDD_0008_E_0011192,-3.8779880385
CtrSVDD_0009_E_0011193,-6.9177011024
CtrSVDD_0010_E_0011194,-3.2952782346
CtrSVDD_0011_E_0011195,-5.0014625631
CtrSVDD_0012_E_0011196,-5.5656386428
CtrSVDD_0013_E_0011197,-5.9733540515
CtrSVDD_0014_E_0011198,-4.4903969569
CtrSVDD_0015_E_0011199,-4.9951664950
CtrSVDD_0016_E_0011200,-4.6145450718
CtrSVDD_0017_E_0011201,-3.7083794405
CtrSVDD_0018_E_0011202,-3.3404690238
CtrSVDD_0019_E_0011203,-6.9247431005
CtrSVDD_0020_E_0011204,-4.4525810107
CtrSVDD_0021_E_0011205,-5.6424733604
CtrSVDD_0022_E_0011206,-2.2572007159
CtrSVDD_0023_E_0011207,-4.5985951605
CtrSVDD_0024_E_0011208,-4.1966366539
CtrSVDD_0025_E_0011209,-0.7345532687
CtrSVDD_0026_E_0011210,-5.5968655226
CtrSVDD_0027_E_0011211,-5.0217166988
CtrSVDD_0028_E_0011212,-5.6850665648
CtrSVDD_0029_E_0011213,-3.7596978231
CtrSVDD_0030_E_0011214,-3.2224619267
CtrSVDD_0031_E_0011215,-3.6653088950
CtrSVDD_0032_E_0011216,-4.1647888093
CtrSVDD_0033_E_0011217,-5.3014781150
CtrSVDD_0034_E_0011218,-5.4420099457
CtrSVDD_0035_E_0011219,-5.4677459862
CtrSVDD_0036_E_0011220,-7.7070678918
CtrSVDD_0037_E_0011221,-6.1565699637
CtrSVDD_0038_E_0011222,-3.6048175255
CtrSVDD_0039_E_0011223,-3.2429956275
CtrSVDD_0040_E_0011224,-5.5208443060
CtrSVDD_0041_E_0011225,-0.4677856855
CtrSVDD_0042_E_0011226,-0.2422405838
CtrSVDD_0043_E_0011227,-6.3614845877
CtrSVDD_0044_E_0011228,-3.7059596818
CtrSVDD_0045_E_0011229,-6.0105508426
CtrSVDD_0046_E_0011230,-3.8763327048
CtrSVDD_0047_E_0011231,-3.4031090655
CtrSVDD_0000_E_0011232,0.1142492917
CtrSVDD_0001_E_0011233,-4.5525024147
CtrSVDD_0002_E_0011234,-4.5035015911
CtrSVDD_0003_E_0011235,-3.9175793381
CtrSVDD_0004_E_0011236,-5.3703106176
CtrSVDD_0005_E_0011237,-0.6184597510
CtrSVDD_0006_E_0011238,-8.0159233455
CtrSVDD_0007_E_0011239,0.7272449856
CtrSVDD_0008_E_0011240,-4.6235059556
CtrSVDD_0009_E_0011241,-5.6505720393
CtrSVDD_0010_E_0011242,-6.9317687993
CtrSVDD_0011_E_0011243,-7.1015233243
CtrSVDD_0012_E_0011244,-7.9009508540
CtrSVDD_0013_E_0011245,-6.3485545696
CtrSVDD_0014_E_0011246,-2.1554494552
CtrSVDD_0015_E_0011247,-4.9388420867
CtrSVDD_0016_E_0011248,-5.1796189800
CtrSVDD_0017_E_0011249,-4.4970530436
CtrSVDD_0018_E_0011250,0.8196978204
CtrSVDD_0019_E_0011251,-5.5159700534
CtrSVDD_0020_E_0011252,1.3812948212
CtrSVDD_0021_E_0011253,0.9655620099
CtrSVDD_0022_E_0011254,-5.1388144236
CtrSVDD_0023_E_0011255,-6.1356653914
CtrSVDD_0024_E_0011256,-4.3383305485
CtrSVDD_0025_E_0011257,-6.3316534165
CtrSVDD_0026_E_0011258,-5.3369819170
CtrSVDD_0027_E_0011259,-0.3261393354
CtrSVDD_0028_E_0011260,-4.0495397307
CtrSVDD_0029_E_0011261,-4.9355383447
CtrSVDD_0030_E_0011262,-5.4094866504
CtrSVDD_0031_E_0011263,-0.6859485777
CtrSVDD_0032_E_0011264,-0.2500920472
CtrSVDD_0033_E_0011265,-4.0352459164
CtrSVDD_0034_E_0011266,-5.4139102364
CtrSVDD_0035_E_0011267,-4.7292826385
CtrSVDD_0036_E_0011268,-2.6884841801
CtrSVDD_0037_E_0011269,1.1544251897
CtrSVDD_0038_E_0011270,-0.4475833594
CtrSVDD_0039_E_0011271,-5.6737465544
CtrSVDD_0040_E_0011272,1.5088841121
CtrSVDD_0041_E_0011273,-4.7300644730
CtrSVDD_0042_E_0011274,-3.9107027726
CtrSVDD_0043_E_0011275,-4.2956987287
CtrSVDD_0044_E_0011276,-5.1475452125
CtrSVDD_0045_E_0011277,-2.4329524916
CtrSVDD_0046_E_0011278,-6.7176567541
CtrSVDD_0047_E_0011279,-5.7735367619
CtrSVDD_0000_E_0011280,-2.0574440262
CtrSVDD_0001_E_0011281,-5.2519007145
CtrSVDD_0002_E_0011282,-1.4550792554
CtrSVDD_0003_E_0011283,-3.6984861655
CtrSVDD_0004_E_0011284,-4.5685624506
CtrSVDD_0005_E_0011285,-4.6587907807
CtrSVDD_0006_E_0011286,-4.2471989193
CtrSVDD_0007_E_0011287,-0.0034969774
CtrSVDD_0008_E_0011288,-4.1338304851
CtrSVDD_0009_E_0011289,-3.7711062491
CtrSVDD_0010_E_0011290,-1.1093038909
CtrSVDD_0011_E_0011291,-5.6289412102
CtrSVDD_0012_E_0011292,-5.7212046060
CtrSVDD_0013_E_0011293,-2.7649719900
CtrSVDD_0014_E_0011294,-5.8356138476
CtrSVDD_0015_E_0011295,-1.8659203379
CtrSVDD_0016_E_0011296,-5.2530038269
CtrSVDD_0017_E_0011297,-6.1892855464
CtrSVDD_0018_E_0011298,1.0614081289
CtrSVDD_0019_E_0011299,-4.0723423508
CtrSVDD_0020_E_0011300,-4.4017952974
CtrSVDD_0021_E_0011301,-4.8390490994
CtrSVDD_0022_E_0011302,0.1921097344
CtrSVDD_0023_E_0011303,-4.7437416037
CtrSVDD_0024_E_0011304,-4.6126897946
CtrSVDD_0025_E_0011305,-3.6241958333
CtrSVDD_0026_E_0011306,-2.8605264223
CtrSVDD_0027_E_0011307,-3.5652089987
CtrSVDD_0028_E_0011308,-1.9348118138
CtrSVDD_0029_E_0011309,-2.5076130239
CtrSVDD_0030_E_0011310,1.1792936900
CtrSVDD_0031_E_0011311,-5.2312326513
CtrSVDD_0032_E_0011312,-3.9520735323
CtrSVDD_0033_E_0011313,-6.7721931168
CtrSVDD_0034_E_0011314,-5.8048996525
CtrSVDD_0035_E_0011315,-4.1662672829
CtrSVDD_0036_E_0011316,-5.9826632586
CtrSVDD_0037_E_0011317,0.1481118923
CtrSVDD_0038_E_0011318,-5.6319537663
CtrSVDD_0039_E_0011319,2.6849316373
CtrSVDD_0040_E_0011320,-3.7254563370
CtrSVDD_0041_E_0011321,1.7218830818
CtrSVDD_0042_E_0011322,-2.8648546703
CtrSVDD_0043_E_0011323,-5.1024301125
CtrSVDD_0044_E_0011324,-1.7911881341
CtrSVDD_0045_E_0011325,-5.2528469760
CtrSVDD_0046_E_0011326,-4.8681912296
CtrSVDD_0047_E_0011327,-3.9126350733
CtrSVDD_0000_E_0011328,-6.9433163425
CtrSVDD_0001_E_0011329,-6.3157090044
CtrSVDD_0002_E_0011330,-4.2815941700
CtrSVDD_0003_E_0011331,0.5982619239
CtrSVDD_0004_E_0011332,-4.5218664105
CtrSVDD_0005_E_0011333,0.2624574964
CtrSVDD_0006_E_0011334,-5.6936248053
CtrSVDD_0007_E_0011335,0.6912677074
CtrSVDD_0008_E_0011336,-0.8944264796
CtrSVDD_0009_E_0011337,-3.0322716010
CtrSVDD_0010_E_0011338,-3.6508767472
CtrSVDD_0011_E_0011339,-7.4440216857
CtrSVDD_0012_E_0011340,-3.8247810983
CtrSVDD_0013_E_0011341,-5.8703861117
CtrSVDD_0014_E_0011342,0.4274043749
CtrSVDD_0015_E_0011343,-3.5833043881
CtrSVDD_0016_E_0011344,-5.9299544570
CtrSVDD_0017_E_0011345,-5.2353160619
CtrSVDD_0018_E_0011346,0.3638636612
CtrSVDD_0019_E_0011347,-5.8798692211
CtrSVDD_0020_E_0011348,-6.0916476146
CtrSVDD_0021_E_0011349,-5.6539790526
CtrSVDD_0022_E_0011350,-5.0921181001
CtrSVDD_0023_E_0011351,-5.2533800145
CtrSVDD_0024_E_0011352,-3.9783146007
CtrSVDD_0025_E_0011353,-4.0315778714
CtrSVDD_0026_E_0011354,-0.5569421364
CtrSVDD_0027_E_0011355,-7.4684887933
CtrSVDD_0028_E_0011356,-0.2035211983
CtrSVDD_0029_E_0011357,-3.6476159273
CtrSVDD_0030_E_0011358,-5.7643457197
CtrSVDD_0031_E_0011359,-3.8355612021
CtrSVDD_0032_E_0011360,-6.0409579192
CtrSVDD_0033_E_0011361,-4.9274870752
CtrSVDD_0034_E_0011362,-7.4826401853
CtrSVDD_0035_E_0011363,-2.7520931309
CtrSVDD_0036_E_0011364,-3.1367948611
CtrSVDD_0037_E_0011365,-0.1001806688
CtrSVDD_0038_E_0011366,0.4320066126
CtrSVDD_0039_E_0011367,1.4577681199
CtrSVDD_0040_E_0011368,-4.5380872534
CtrSVDD_0041_E_0011369,-0.5309923114
CtrSVDD_0042_E_0011370,-4.2500218886
CtrSVDD_0043_E_0011371,-6.1364386948
CtrSVDD_0044_E_0011372,0.3743454506
CtrSVDD_0045_E_0011373,0.8965151763
CtrSVDD_0046_E_0011374,-2.5507118105
CtrSVDD_0047_E_0011375,-3.2989237740
CtrSVDD_0000_E_0011376,-7.8262051885
CtrSVDD_0001_E_0011377,-4.1726532389
CtrSVDD_0002_E_0011378,-0.4085017731
CtrSVDD_0003_E_0011379,-4.9818792467
CtrSVDD_0004_E_0011380,-5.7156206897
CtrSVDD_0005_E_0011381,0.6720728664
CtrSVDD_0006_E_0011382,-5.0343405008
CtrSVDD_0007_E_0011383,-3.9024773181
CtrSVDD_0008_E_0011384,-5.0228937267
CtrSVDD_0009_E_0011385,-4.9741234508
CtrSVDD_0010_E_0011386,-2.7858323407
CtrSVDD_0011_E_0011387,-6.6816163448
CtrSVDD_0012_E_0011388,-4.6783595286
CtrSVDD_0013_E_0011389,-4.6358990164
CtrSVDD_0014_E_0011390,-2.5908448169
CtrSVDD_0015_E_0011391,-5.2124621019
CtrSVDD_0016_E_0011392,-5.6001799004
CtrSVDD_0017_E_0011393,-5.8920772106
CtrSVDD_0018_E_0011394,-4.7260736559
CtrSVDD_0019_E_0011395,-4.3767329432
CtrSVDD_0020_E_0011396,-3.8024847850
CtrSVDD_0021_E_0011397,-2.1835156128
CtrSVDD_0022_E_0011398,-4.6085135947
CtrSVDD_0023_E_0011399,-4.8795055027
CtrSVDD_0024_E_0011400,-4.2255709487
CtrSVDD_0025_E_0011401,-5.0246776559
CtrSVDD_0026_E_0011402,-5.1446342489
CtrSVDD_0027_E_0011403,-5.7958251584
CtrSVDD_0028_E_0011404,-3.5036564093
CtrSVDD_0029_E_0011405,-5.9656974716
CtrSVDD_0030_E_0011406,-3.0194801023
CtrSVDD_0031_E_0011407,-0.1495262561
CtrSVDD_0032_E_0011408,-2.0938614812
CtrSVDD_0033_E_0011409,-6.7325678192
CtrSVDD_0034_E_0011410,-5.1041131109
CtrSVDD_0035_E_0011411,-4.5085606003
CtrSVDD_0036_E_0011412,-1.6563238653
CtrSVDD_0037_E_0011413,-4.4125323692
CtrSVDD_0038_E_0011414,-2.9619792828
CtrSVDD_0039_E_0011415,-4.9098693433
CtrSVDD_0040_E_0011416,-0.8414219247
CtrSVDD_0041_E_0011417,-4.6912270635
CtrSVDD_0042_E_0011418,-3.7252949509
CtrSVDD_0043_E_0011419,-3.6441960150
CtrSVDD_0044_E_0011420,-5.7838402241
CtrSVDD_0045_E_0011421,-1.0589544258
CtrSVDD_0046_E_0011422,-3.8747568413
CtrSVDD_0047_E_0011423,-5.2547686246
CtrSVDD_0000_E_0011424,-3.9921992708
CtrSVDD_0001_E_0011425,-3.5475930239
CtrSVDD_0002_E_0011426,-2.8390640782
CtrSVDD_0003_E_0011427,-5.1459869210
CtrSVDD_0004_E_0011428,-0.7254239831
CtrSVDD_0005_E_0011429,0.6218504967
CtrSVDD_0006_E_0011430,-5.3403035635
CtrSVDD_0007_E_0011431,-2.6825780983
CtrSVDD_0008_E_0011432,-5.1378780480
CtrSVDD_0009_E_0011433,-4.9163511372
CtrSVDD_0010_E_0011434,-4.3673042568
CtrSVDD_0011_E_0011435,0.3430181294
CtrSVDD_0012_E_0011436,-4.0780577099
CtrSVDD_0013_E_0011437,-5.8147760705
CtrSVDD_0014_E_0011438,-5.1740156463
CtrSVDD_0015_E_0011439,-5.7284791370
CtrSVDD_0016_E_0011440,-0.3848685318
CtrSVDD_0017_E_0011441,-4.2899839635
CtrSVDD_0018_E_0011442,-6.0426711662
CtrSVDD_0019_E_0011443,-5.9447957645
CtrSVDD_0020_E_0011444,-4.8904874868
CtrSVDD_0021_E_0011445,-6.2862903626
CtrSVDD_0022_E_0011446,-3.0129060174
CtrSVDD_0023_E_0011447,-3.7997563047
CtrSVDD_0024_E_0011448,-5.8128964477
CtrSVDD_0025_E_0011449,-3.9793312555
CtrSVDD_0026_E_0011450,-3.7447106675
CtrSVDD_0027_E_0011451,-3.4293325255
CtrSVDD_0028_E_0011452,-6.0633878633
CtrSVDD_0029_E_0011453,-3.3058111828
CtrSVDD_0030_E_0011454,-4.9966271542
CtrSVDD_0031_E_0011455,-5.4109888393
CtrSVDD_0032_E_0011456,-5.6618738110
CtrSVDD_0033_E_0011457,-4.7421394506
CtrSVDD_0034_E_0011458,-6.1389220609
CtrSVDD_0035_E_0011459,-5.0009813108
CtrSVDD_0036_E_0011460,-5.9510429742
CtrSVDD_0037_E_0011461,-4.2544122488
CtrSVDD_0038_E_0011462,-1.7852624904
CtrSVDD_0039_E_0011463,-3.6279860687
CtrSVDD_0040_E_0011464,-6.0686893269
CtrSVDD_0041_E_0011465,-1.9901160054
CtrSVDD_0042_E_0011466,-4.2702209265
CtrSVDD_0043_E_0011467,-5.3551811321
CtrSVDD_0044_E_0011468,-4.1519588658
CtrSVDD_0045_E_0011469,-4.7525297588
CtrSVDD_0046_E_0011470,-4.7911155250
CtrSVDD_0047_E_0011471,-4.2799293131
CtrSVDD_0000_E_0011472,-6.3985500079
CtrSVDD_0001_E_0011473,-4.0685993630
CtrSVDD_0002_E_0011474,-4.6804028193
CtrSVDD_0003_E_0011475,1.2774288271
CtrSVDD_0004_E_0011476,-4.8831634940
CtrSVDD_0005_E_0011477,-6.4882671860
CtrSVDD_0006_E_0011478,-4.1405309621
CtrSVDD_0007_E_0011479,-4.2889081603
CtrSVDD_0008_E_0011480,-4.4489284659
CtrSVDD_0009_E_0011481,-4.9752316648
CtrSVDD_0010_E_0011482,-5.1793724461
CtrSVDD_0011_E_0011483,-6.4289378928
CtrSVDD_0012_E_0011484,-2.7273205512
CtrSVDD_0013_E_0011485,-7.4676137028
CtrSVDD_0014_E_0011486,1.2208602231
CtrSVDD_0015_E_0011487,-0.6100137811
CtrSVDD_0016_E_0011488,-4.8101154798
CtrSVDD_0017_E_0011489,-6.1352502125
CtrSVDD_0018_E_0011490,-1.3503700232
CtrSVDD_0019_E_0011491,-5.6476545553
CtrSVDD_0020_E_0011492,-2.8585368422
CtrSVDD_0021_E_0011493,-3.4923972007
CtrSVDD_0022_E_0011494,-4.6354033148
CtrSVDD_0023_E_0011495,-1.0953332025
CtrSVDD_0024_E_0011496,-5.1664852867
CtrSVDD_0025_E_0011497,-4.1515005579
CtrSVDD_0026_E_0011498,-4.5836176910
CtrSVDD_0027_E_0011499,-4.4230123486
CtrSVDD_0028_E_0011500,-3.7652162895
CtrSVDD_0029_E_0011501,-4.5118461862
CtrSVDD_0030_E_0011502,-5.2707299270
CtrSVDD_0031_E_0011503,0.6475143547
CtrSVDD_0032_E_0011504,-3.6337857480
CtrSVDD_0033_E_0011505,-4.3336911698
CtrSVDD_0034_E_0011506,-5.7014591403
CtrSVDD_0035_E_0011507,-4.5113564225
CtrSVDD_0036_E_0011508,-4.6235805188
CtrSVDD_0037_E_0011509,-5.8667867658
CtrSVDD_0038_E_0011510,-4.6839998205
CtrSVDD_0039_E_0011511,-5.6450594516
CtrSVDD_0040_E_0011512,1.3860337204
CtrSVDD_0041_E_0011513,-3.5348096592
CtrSVDD_0042_E_0011514,-3.5585276295
CtrSVDD_0043_E_0011515,-6.0810439101
CtrSVDD_0044_E_0011516,-5.6665599942
CtrSVDD_0045_E_0011517,-5.7017968935
CtrSVDD_0046_E_0011518,-6.9017802799
CtrSVDD_0047_E_0011519,-4.6758200212
CtrSVDD_0000_E_0011520,-4.2044309204
CtrSVDD_0001_E_0011521,-5.0173050024
CtrSVDD_0002_E_0011522,-1.8686370613
CtrSVDD_0003_E_0011523,-4.8843439988
CtrSVDD_0004_E_0011524,-4.2360197654
CtrSVDD_0005_E_0011525,-2.4774253222
CtrSVDD_0006_E_0011526,-0.2259133499
CtrSVDD_0007_E_0011527,-4.2210683305
CtrSVDD_0008_E_0011528,-4.5804959709
CtrSVDD_0009_E_0011529,-3.8463935640
CtrSVDD_0010_E_0011530,-6.1189802103
CtrSVDD_0011_E_0011531,-1.8996605653
CtrSVDD_0012_E_0011532,-6.1717236032
CtrSVDD_0013_E_0011533,-4.3710816517
CtrSVDD_0014_E_0011534,-4.1751864138
CtrSVDD_0015_E_0011535,-4.1283701272
CtrSVDD_0016_E_0011536,-4.7686454159
CtrSVDD_0017_E_0011537,-5.9082907642
CtrSVDD_0018_E_0011538,-4.8985020495
CtrSVDD_0019_E_0011539,-3.4955855203
CtrSVDD_0020_E_0011540,-0.2494491207
CtrSVDD_0021_E_0011541,-4.0298186258
CtrSVDD_0022_E_0011542,-4.6211062600
CtrSVDD_0023_E_0011543,-3.0258928256
CtrSVDD_0024_E_0011544,-5.1801027386
CtrSVDD_0025_E_0011545,-4.4296163103
CtrSVDD_0026_E_0011546,-5.9755540690
CtrSVDD_0027_E_0011547,-3.7740490782
CtrSVDD_0028_E_0011548,-2.9169414688
CtrSVDD_0029_E_0011549,0.8554553602
CtrSVDD_0030_E_0011550,-0.1551867330
CtrSVDD_0031_E_0011551,-4.1388639046
CtrSVDD_0032_E_0011552,-1.1272133575
CtrSVDD_0033_E_0011553,-3.6730440956
CtrSVDD_0034_E_0011554,-4.1860374740
CtrSVDD_0035_E_0011555,0.6667843191
CtrSVDD_0036_E_0011556,-4.9663007749
CtrSVDD_0037_E_0011557,1.5238894117
CtrSVDD_0038_E_0011558,-3.8550993856
CtrSVDD_0039_E_0011559,-4.7857431043
CtrSVDD_0040_E_0011560,-3.0707687773
CtrSVDD_0041_E_0011561,0.6613770568
CtrSVDD_0042_E_0011562,-5.7244141058
CtrSVDD_0043_E_0011563,-2.4979095374
CtrSVDD_0044_E_0011564,-0.9655620099
CtrSVDD_0045_E_0011565,-3.6199954989
CtrSVDD_0046_E_0011566,-3.2264264883
CtrSVDD_0047_E_0011567,0.4030085097
CtrSVDD_0000_E_0011568,-3.6541400789
CtrSVDD_0001_E_0011569,-6.6720226430
CtrSVDD_0002_E_0011570,-3.7820664069
CtrSVDD_0003_E_0011571,-6.1621698273
CtrSVDD_0004_E_0011572,0.0749051505
CtrSVDD_0005_E_0011573,-3.4236681346
CtrSVDD_0006_E_0011574,-4.2549630097
CtrSVDD_0007_E_0011575,-3.7415955225
CtrSVDD_0008_E_0011576,0.0314779298
CtrSVDD_0009_E_0011577,1.3412758765
CtrSVDD_0010_E_0011578,-4.5549707190
CtrSVDD_0011_E_0011579,-4.2872475609
CtrSVDD_0012_E_0011580,-4.4734485379
CtrSVDD_0013_E_0011581,-4.5438412702
CtrSVDD_0014_E_0011582,-4.4337355923
CtrSVDD_0015_E_0011583,-3.3303591821
CtrSVDD_0016_E_0011584,-0.0104911032
CtrSVDD_0017_E_0011585,-4.9608179547
CtrSVDD_0018_E_0011586,-6.7364850653
CtrSVDD_0019_E_0011587,-4.8764305734
CtrSVDD_0020_E_0011588,-2.7512266710
CtrSVDD_0021_E_0011589,-4.1773578192
CtrSVDD_0022_E_0011590,-4.7841484252
CtrSVDD_0023_E_0011591,-2.4450913479
CtrSVDD_0024_E_0011592,-1.0419539366
CtrSVDD_0025_E_0011593,-4.4047736028
CtrSVDD_0026_E_0011594,-5.0584780312
CtrSVDD_0027_E_0011595,-4.1391251730
CtrSVDD_0028_E_0011596,-7.2199926562
CtrSVDD_0029_E_0011597,-5.1707386174
CtrSVDD_0030_E_0011598,-0.4613726783
CtrSVDD_0031_E_0011599,-4.9590335040
CtrSVDD_0032_E_0011600,-4.8469249563
CtrSVDD_0033_E_0011601,-4.3873540430
CtrSVDD_0034_E_0011602,-5.3595687791
CtrSVDD_0035_E_0011603,-4.2272756187
CtrSVDD_0036_E_0011604,-3.6897679893
CtrSVDD_0037_E_0011605,-3.7541296997
CtrSVDD_0038_E_0011606,-4.3788595712
CtrSVDD_0039_E_0011607,-4.0112467434
CtrSVDD_0040_E_0011608,-5.6051615984
CtrSVDD_0041_E_0011609,0.6116994783
CtrSVDD_0042_E_0011610,-3.3677263506
CtrSVDD_0043_E_0011611,-3.3917599382
CtrSVDD_0044_E_0011612,-4.7331478998
CtrSVDD_0045_E_0011613,0.2393607108
CtrSVDD_0046_E_0011614,-4.4970203676
CtrSVDD_0047_E_0011615,0.2292966039
CtrSVDD_0000_E_0011616,-3.3877831703
CtrSVDD_0001_E_0011617,0.9091304899
CtrSVDD_0002_E_0011618,-1.1598896185
CtrSVDD_0003_E_0011619,0.8615214857
CtrSVDD_0004_E_0011620,-5.1430809988
CtrSVDD_0005_E_0011621,-2.0027801363
CtrSVDD_0006_E_0011622,-3.0011045575
CtrSVDD_0007_E_0011623,-5.1550385127
CtrSVDD_0008_E_0011624,-4.9519398270
CtrSVDD_0009_E_0011625,-5.8467989924
CtrSVDD_0010_E_0011626,-2.4865369714
CtrSVDD_0011_E_0011627,-3.9398538041
CtrSVDD_0012_E_0011628,-5.5440478684
CtrSVDD_0013_E_0011629,-4.0005775953
CtrSVDD_0014_E_0011630,-4.2983556349
CtrSVDD_0015_E_0011631,-4.8596109513
CtrSVDD_0016_E_0011632,-5.9222391211
CtrSVDD_0017_E_0011633,-1.5548672921
CtrSVDD_0018_E_0011634,-5.8782335398
CtrSVDD_0019_E_0011635,-6.2437488661
CtrSVDD_0020_E_0011636,0.9700305792
CtrSVDD_0021_E_0011637,-4.9182566893
CtrSVDD_0022_E_0011638,-3.9576996586
CtrSVDD_0023_E_0011639,-4.5955540478
CtrSVDD_0024_E_0011640,-6.1992961920
CtrSVDD_0025_E_0011641,-2.8623144253
CtrSVDD_0026_E_0011642,-0.4335427226
CtrSVDD_0027_E_0011643,-5.3213789633
CtrSVDD_0028_E_0011644,-5.1285426576
CtrSVDD_0029_E_0011645,1.2517269914
CtrSVDD_0030_E_0011646,-4.8688136028
CtrSVDD_0031_E_0011647,-4.6330829408
CtrSVDD_0032_E_0011648,-0.5085764963
CtrSVDD_0033_E_0011649,-3.5335313812
CtrSVDD_0034_E_0011650,1.4923680786
CtrSVDD_0035_E_0011651,-1.7071258373
CtrSVDD_0036_E_0011652,-4.1147437191
CtrSVDD_0037_E_0011653,1.4235530574
CtrSVDD_0038_E_0011654,-5.4442348250
CtrSVDD_0039_E_0011655,-4.1885225902
CtrSVDD_0040_E_0011656,-0.4707282311
CtrSVDD_0041_E_0011657,-3.7928724390
CtrSVDD_0042_E_0011658,-5.3434921891
CtrSVDD_0043_E_0011659,-4.6067608089
CtrSVDD_0044_E_0011660,-4.3037484736
CtrSVDD_0045_E_0011661,-5.2062328585
CtrSVDD_0046_E_0011662,-5.0423348414
CtrSVDD_0047_E_0011663,-5.5353503729
CtrSVDD_0000_E_0011664,0.3766293726
CtrSVDD_0001_E_0011665,-2.2228238742
CtrSVDD_0002_E_0011666,-5.3334251578
CtrSVDD_0003_E_0011667,-3.3711059025
CtrSVDD_0004_E_0011668,-4.9922720768
CtrSVDD_0005_E_0011669,-2.7715325668
CtrSVDD_0006_E_0011670,-3.4775242571
CtrSVDD_0007_E_0011671,-6.2441832933
CtrSVDD_0008_E_0011672,-6.8329164215
CtrSVDD_0009_E_0011673,0.7355604574
CtrSVDD_0010_E_0011674,-5.4257235794
CtrSVDD_0011_E_0011675,-0.0835241769
CtrSVDD_0012_E_0011676,-0.8196978204
CtrSVDD_0013_E_0011677,-2.8856349124
CtrSVDD_0014_E_0011678,-0.7037558681
CtrSVDD_0015_E_0011679,-3.9982099332
CtrSVDD_0016_E_0011680,-6.3038367749
CtrSVDD_0017_E_0011681,-5.6206314957
CtrSVDD_0018_E_0011682,-3.4585244497
CtrSVDD_0019_E_0011683,0.9007043491
CtrSVDD_0020_E_0011684,-3.9227888893
CtrSVDD_0021_E_0011685,-6.1431682057
CtrSVDD_0022_E_0011686,-4.5331633475
CtrSVDD_0023_E_0011687,-2.8998657778
CtrSVDD_0024_E_0011688,-4.8213096489
CtrSVDD_0025_E_0011689,-7.0158188736
CtrSVDD_0026_E_0011690,-4.4004606172
CtrSVDD_0027_E_0011691,-3.7736024478
CtrSVDD_0028_E_0011692,-3.1956693757
CtrSVDD_0029_E_0011693,-5.3174212895
CtrSVDD_0030_E_0011694,-5.7621989724
CtrSVDD_0031_E_0011695,0.2595629833
CtrSVDD_0032_E_0011696,1.3679843837
CtrSVDD_0033_E_0011697,-3.6940199486
CtrSVDD_0034_E_0011698,-3.5177892541
CtrSVDD_0035_E_0011699,-6.8263477997
CtrSVDD_0036_E_0011700,0.7055488387
CtrSVDD_0037_E_0011701,-2.8889592528
CtrSVDD_0038_E_0011702,-0.0959640721
CtrSVDD_0039_E_0011703,-4.1683377362
CtrSVDD_0040_E_0011704,-4.8508438709
CtrSVDD_0041_E_0011705,-4.4651508876
CtrSVDD_0042_E_0011706,-5.6776936480
CtrSVDD_0043_E_0011707,-3.6361325335
CtrSVDD_0044_E_0011708,-4.1844929052
CtrSVDD_0045_E_0011709,-6.4346525502
CtrSVDD_0046_E_0011710,-4.9141221988
CtrSVDD_0047_E_0011711,-4.0904390995
CtrSVDD_0000_E_0011712,-5.3396778240
CtrSVDD_0001_E_0011713,-3.7931181315
CtrSVDD_0002_E_0011714,-3.6234669154
CtrSVDD_0003_E_0011715,-1.4045462482
CtrSVDD_0004_E_0011716,-6.2229583827
CtrSVDD_0005_E_0011717,0.2178230759
CtrSVDD_0006_E_0011718,-3.1869248949
CtrSVDD_0007_E_0011719,1.3751504013
CtrSVDD_0008_E_0011720,-3.4094339056
CtrSVDD_0009_E_0011721,-1.0065020892
CtrSVDD_0010_E_0011722,-5.4965403612
CtrSVDD_0011_E_0011723,1.5934953657
CtrSVDD_0012_E_0011724,-5.7028987299
CtrSVDD_0013_E_0011725,-4.4104607936
CtrSVDD_0014_E_0011726,-4.6881439394
CtrSVDD_0015_E_0011727,-0.9091304899
CtrSVDD_0016_E_0011728,-4.9241477856
CtrSVDD_0017_E_0011729,-4.0914727887
CtrSVDD_0018_E_0011730,-3.5162097606
CtrSVDD_0019_E_0011731,-4.5367303343
CtrSVDD_0020_E_0011732,-4.3244340756
CtrSVDD_0021_E_0011733,-6.2214514890
CtrSVDD_0022_E_0011734,-5.0493538126
CtrSVDD_0023_E_0011735,-4.8534773892
CtrSVDD_0024_E_0011736,-1.4966413405
CtrSVDD_0025_E_0011737,-5.4405272147
CtrSVDD_0026_E_0011738,-5.7572374121
CtrSVDD_0027_E_0011739,-4.9713635976
CtrSVDD_0028_E_0011740,-4.8533622359
CtrSVDD_0029_E_0011741,-4.6243703959
CtrSVDD_0030_E_0011742,-5.0276240948
CtrSVDD_0031_E_0011743,-0.9154926949
CtrSVDD_0032_E_0011744,-3.6783212153
CtrSVDD_0033_E_0011745,0.2321696494
CtrSVDD_0034_E_0011746,-3.2238246379
CtrSVDD_0035_E_0011747,-2.4449884814
CtrSVDD_0036_E_0011748,-5.8940666227
CtrSVDD_0037_E_0011749,-4.1736670716
CtrSVDD_0038_E_0011750,-6.5996969481
CtrSVDD_0039_E_0011751,-5.5121687035
CtrSVDD_0040_E_0011752,-4.8153830924
CtrSVDD_0041_E_0011753,-3.1514939688
CtrSVDD_0042_E_0011754,-5.2576699232
CtrSVDD_0043_E_0011755,-4.9864637464
CtrSVDD_0044_E_0011756,-5.8295713407
CtrSVDD_0045_E_0011757,0.6544299850
CtrSVDD_0046_E_0011758,-4.5940364961
CtrSVDD_0047_E_0011759,-4.5467716581
CtrSVDD_0000_E_0011760,-3.2637113859
CtrSVDD_0001_E_0011761,2.0576833914
CtrSVDD_0002_E_0011762,-3.8952188466
CtrSVDD_0003_E_0011763,-5.9519928638
CtrSVDD_0004_E_0011764,-4.1363261597
CtrSVDD_0005_E_0011765,-3.5828746284
CtrSVDD_0006_E_0011766,-6.5653551329
CtrSVDD_0007_E_0011767,-3.8472257143
CtrSVDD_0008_E_0011768,-5.6015590229
CtrSVDD_0009_E_0011769,-6.7806678850
CtrSVDD_0010_E_0011770,-6.0829806373
CtrSVDD_0011_E_0011771,-1.0787662039
CtrSVDD_0012_E_0011772,-5.4246603695
CtrSVDD_0013_E_0011773,-5.3539615905
CtrSVDD_0014_E_0011774,0.7461565985
CtrSVDD_0015_E_0011775,-6.2887097308
CtrSVDD_0016_E_0011776,-0.2798717615
CtrSVDD_0017_E_0011777,-6.7751796227
CtrSVDD_0018_E_0011778,-3.8699763460
CtrSVDD_0019_E_0011779,-4.7278686064
CtrSVDD_0020_E_0011780,-2.3797868336
CtrSVDD_0021_E_0011781,-4.2834810663
CtrSVDD_0022_E_0011782,-4.5134038619
CtrSVDD_0023_E_0011783,-5.8870762732
CtrSVDD_0024_E_0011784,-4.5508902863
CtrSVDD_0025_E_0011785,-4.1884955406
CtrSVDD_0026_E_0011786,-3.8242369196
CtrSVDD_0027_E_0011787,2.4420658437
CtrSVDD_0028_E_0011788,-3.1752686082
CtrSVDD_0029_E_0011789,0.4691661305
CtrSVDD_0030_E_0011790,-3.3857181329
CtrSVDD_0031_E_0011791,1.1435985132
CtrSVDD_0032_E_0011792,-3.7986562978
CtrSVDD_0033_E_0011793,-6.3453828848
CtrSVDD_0034_E_0011794,-4.4413721474
CtrSVDD_0035_E_0011795,-0.7983538465
CtrSVDD_0036_E_0011796,-5.7235158110
CtrSVDD_0037_E_0011797,1.1681518079
CtrSVDD_0038_E_0011798,-4.9363859296
CtrSVDD_0039_E_0011799,0.0861318474
CtrSVDD_0040_E_0011800,-6.6586457952
CtrSVDD_0041_E_0011801,-4.3725852736
CtrSVDD_0042_E_0011802,0.7754766874
CtrSVDD_0043_E_0011803,-3.2002433515
CtrSVDD_0044_E_0011804,-3.6362223367
CtrSVDD_0045_E_0011805,0.0440760921
CtrSVDD_0046_E_0011806,-5.4237503683
CtrSVDD_0047_E_0011807,-3.9476400886
CtrSVDD_0000_E_0011808,-3.2935163968
CtrSVDD_0001_E_0011809,-5.0548804966
CtrSVDD_0002_E_0011810,-4.2566809703
CtrSVDD_0003_E_0011811,-4.8906797117
CtrSVDD_0004_E_0011812,-4.7731493073
CtrSVDD_0005_E_0011813,-5.7095929721
CtrSVDD_0006_E_0011814,-4.5943709922
CtrSVDD_0007_E_0011815,-1.3896982195
CtrSVDD_0008_E_0011816,-3.4079002708
CtrSVDD_0009_E_0011817,-4.4903152724
CtrSVDD_0010_E_0011818,-5.3445295804
CtrSVDD_0011_E_0011819,-4.0342190756
CtrSVDD_0012_E_0011820,0.3046894591
CtrSVDD_0013_E_0011821,-3.9242391675
CtrSVDD_0014_E_0011822,-2.8902874369
CtrSVDD_0015_E_0011823,-4.5249382145
CtrSVDD_0016_E_0011824,-4.4431464680
CtrSVDD_0017_E_0011825,-4.1899809779
CtrSVDD_0018_E_0011826,-4.1405467104
CtrSVDD_0019_E_0011827,-6.1652053686
CtrSVDD_0020_E_0011828,-0.5358302223
CtrSVDD_0021_E_0011829,-0.6526981539
CtrSVDD_0022_E_0011830,-0.0622863212
CtrSVDD_0023_E_0011831,-4.2277194639
CtrSVDD_0024_E_0011832,-5.4701359277
CtrSVDD_0025_E_0011833,-3.4949921218
CtrSVDD_0026_E_0011834,-4.1059522665
CtrSVDD_0027_E_0011835,-5.4985567876
CtrSVDD_0028_E_0011836,-6.3764680428
CtrSVDD_0029_E_0011837,-6.3332287111
CtrSVDD_0030_E_0011838,-6.1022853539
CtrSVDD_0031_E_0011839,-4.0361266852
CtrSVDD_0032_E_0011840,-0.3969473992
CtrSVDD_0033_E_0011841,-2.8907242261
CtrSVDD_0034_E_0011842,-4.8626152475
CtrSVDD_0035_E_0011843,-4.4008778269
CtrSVDD_0036_E_0011844,-6.7594915577
CtrSVDD_0037_E_0011845,-5.3243754594
CtrSVDD_0038_E_0011846,-6.8629137709
CtrSVDD_0039_E_0011847,-3.9964943332
CtrSVDD_0040_E_0011848,-6.2071195823
CtrSVDD_0041_E_0011849,-2.9713566823
CtrSVDD_0042_E_0011850,-6.0321504486
CtrSVDD_0043_E_0011851,-2.7709144848
CtrSVDD_0044_E_0011852,0.6841798459
CtrSVDD_0045_E_0011853,-6.8246850154
CtrSVDD_0046_E_0011854,-5.2800819284
CtrSVDD_0047_E_0011855,-4.6201858528
CtrSVDD_0000_E_0011856,-7.4031109931
CtrSVDD_0001_E_0011857,0.1978122464
CtrSVDD_0002_E_0011858,-5.4447859444
CtrSVDD_0003_E_0011859,-3.8063329406
CtrSVDD_0004_E_0011860,-5.0991104391
CtrSVDD_0005_E_0011861,-3.4111007657
CtrSVDD_0006_E_0011862,-4.6264283629
CtrSVDD_0007_E_0011863,-5.7130977914
CtrSVDD_0008_E_0011864,-3.9650286095
CtrSVDD_0009_E_0011865,-5.2860359355
CtrSVDD_0010_E_0011866,-0.8099502840
CtrSVDD_0011_E_0011867,-6.7483775123
CtrSVDD_0012_E_0011868,-3.2190237842
CtrSVDD_0013_E_0011869,-5.0199940616
CtrSVDD_0014_E_0011870,-7.5774165788
CtrSVDD_0015_E_0011871,-4.7324220102
CtrSVDD_0016_E_0011872,-4.0814260795
CtrSVDD_0017_E_0011873,-3.2110146453
CtrSVDD_0018_E_0011874,-3.3628257512
CtrSVDD_0019_E_0011875,0.6032504628
CtrSVDD_0020_E_0011876,-6.0375391841
CtrSVDD_0021_E_0011877,-3.9940209476
CtrSVDD_0022_E_0011878,-5.1349956354
CtrSVDD_0023_E_0011879,0.7726821063
CtrSVDD_0024_E_0011880,0.4974643919
CtrSVDD_0025_E_0011881,-5.4004660207
CtrSVDD_0026_E_0011882,-2.1211075720
CtrSVDD_0027_E_0011883,-3.8794859913
CtrSVDD_0028_E_0011884,-4.3266767827
CtrSVDD_0029_E_0011885,-4.8238639614
CtrSVDD_0030_E_0011886,-4.7467744085
CtrSVDD_0031_E_0011887,-5.1650271215
CtrSVDD_0032_E_0011888,0.4042036749
CtrSVDD_0033_E_0011889,-5.1301168626
CtrSVDD_0034_E_0011890,-4.4782104794
CtrSVDD_0035_E_0011891,-5.9020542672
CtrSVDD_0036_E_0011892,-5.9047038808
CtrSVDD_0037_E_0011893,-3.8282283823
CtrSVDD_0038_E_0011894,-5.8806304366
CtrSVDD_0039_E_0011895,-4.9817747830
CtrSVDD_0040_E_0011896,-3.5211755396
CtrSVDD_0041_E_0011897,-6.6625612440
CtrSVDD_0042_E_0011898,-7.7924638687
CtrSVDD_0043_E_0011899,-4.3003549343
CtrSVDD_0044_E_0011900,2.1827248162
CtrSVDD_0045_E_0011901,-3.1686353304
CtrSVDD_0046_E_0011902,-5.5392128909
CtrSVDD_0047_E_0011903,-0.9478772177
CtrSVDD_0000_E_0011904,1.5140138711
CtrSVDD_0001_E_0011905,0.8717027939
CtrSVDD_0002_E_0011906,-4.1244203124
CtrSVDD_0003_E_0011907,-4.5068132902
CtrSVDD_0004_E_0011908,-2.6856653923
CtrSVDD_0005_E_0011909,-5.8414449943
CtrSVDD_0006_E_0011910,-7.0801918320
CtrSVDD_0007_E_0011911,-3.6252517587
CtrSVDD_0008_E_0011912,0.1755252287
CtrSVDD_0009_E_0011913,0.5293824378
CtrSVDD_0010_E_0011914,-4.1143036243
CtrSVDD_0011_E_0011915,-3.4806982495
CtrSVDD_0012_E_0011916,-5.3864889464
CtrSVDD_0013_E_0011917,-3.5678436932
CtrSVDD_0014_E_0011918,-5.5201903960
CtrSVDD_0015_E_0011919,-7.4547289850
CtrSVDD_0016_E_0011920,-3.6277846817
CtrSVDD_0017_E_0011921,-2.5134809338
CtrSVDD_0018_E_0011922,-4.8862058959
CtrSVDD_0019_E_0011923,-3.8970253717
CtrSVDD_0020_E_0011924,-4.4758360668
CtrSVDD_0021_E_0011925,-5.0950369131
CtrSVDD_0022_E_0011926,-6.2846530829
CtrSVDD_0023_E_0011927,-0.8670375260
CtrSVDD_0024_E_0011928,-4.8104649942
CtrSVDD_0025_E_0011929,0.5832725752
CtrSVDD_0026_E_0011930,-4.6856991921
CtrSVDD_0027_E_0011931,-1.5690792921
CtrSVDD_0028_E_0011932,-6.1331387454
CtrSVDD_0029_E_0011933,-5.4385786179
CtrSVDD_0030_E_0011934,-3.6959811338
CtrSVDD_0031_E_0011935,1.6035332955
CtrSVDD_0032_E_0011936,-1.0252493761
CtrSVDD_0033_E_0011937,-4.9980898728
CtrSVDD_0034_E_0011938,-5.1822733199
CtrSVDD_0035_E_0011939,-6.0086002943
CtrSVDD_0036_E_0011940,-3.9887772165
CtrSVDD_0037_E_0011941,-6.0613924682
CtrSVDD_0038_E_0011942,-7.2383722756
CtrSVDD_0039_E_0011943,-3.8127518556
CtrSVDD_0040_E_0011944,-4.5848359432
CtrSVDD_0041_E_0011945,-4.2721227044
CtrSVDD_0042_E_0011946,-4.0141502343
CtrSVDD_0043_E_0011947,-4.6986289523
CtrSVDD_0044_E_0011948,-4.8490198044
CtrSVDD_0045_E_0011949,1.4017293963
CtrSVDD_0046_E_0011950,-5.5098910625
CtrSVDD_0047_E_0011951,-2.7316348790
CtrSVDD_0000_E_0011952,0.2405581457
CtrSVDD_0001_E_0011953,-0.0417187612
CtrSVDD_0002_E_0011954,-4.2357521453
CtrSVDD_0003_E_0011955,-2.6999716257
CtrSVDD_0004_E_0011956,-3.7799305555
CtrSVDD_0005_E_0011957,-6.2690159177
CtrSVDD_0006_E_0011958,-4.0786485954
CtrSVDD_0007_E_0011959,-5.6804358292
CtrSVDD_0008_E_0011960,-3.9719497703
CtrSVDD_0009_E_0011961,-4.4246235701
CtrSVDD_0010_E_0011962,-6.3733970073
CtrSVDD_0011_E_0011963,-4.5797400666
CtrSVDD_0012_E_0011964,-6.5069907966
CtrSVDD_0013_E_0011965,-4.2233218864
CtrSVDD_0014_E_0011966,-5.6255586636
CtrSVDD_0015_E_0011967,-4.9685810916
CtrSVDD_0016_E_0011968,-0.3564011362
CtrSVDD_0017_E_0011969,-2.8977704113
CtrSVDD_0018_E_0011970,-6.1007470802
CtrSVDD_0019_E_0011971,-4.5928024032
CtrSVDD_0020_E_0011972,-4.3663256048
CtrSVDD_0021_E_0011973,-3.4521593575
CtrSVDD_0022_E_0011974,-3.5316172687
CtrSVDD_0023_E_0011975,-5.3071653952
CtrSVDD_0024_E_0011976,-5.8625834784
CtrSVDD_0025_E_0011977,-4.4424731224
CtrSVDD_0026_E_0011978,-6.0622456960
CtrSVDD_0027_E_0011979,0.3863752869
CtrSVDD_0028_E_0011980,-4.0863634659
CtrSVDD_0029_E_0011981,-3.8351370793
CtrSVDD_0030_E_0011982,-2.6527104741
CtrSVDD_0031_E_0011983,-2.7826489688
CtrSVDD_0032_E_0011984,-6.5260572069
CtrSVDD_0033_E_0011985,-5.7790780324
CtrSVDD_0034_E_0011986,-4.1176766184
CtrSVDD_0035_E_0011987,-4.1913499716
CtrSVDD_0036_E_0011988,-5.1270879571
CtrSVDD_0037_E_0011989,-5.2015535868
CtrSVDD_0038_E_0011990,-2.8724211180
CtrSVDD_0039_E_0011991,-5.5654072167
CtrSVDD_0040_E_0011992,-5.4661568426
CtrSVDD_0041_E_0011993,-4.9372329433
CtrSVDD_0042_E_0011994,-4.3681088476
CtrSVDD_0043_E_0011995,-3.2811316229
CtrSVDD_0044_E_0011996,-4.6473440067
CtrSVDD_0045_E_0011997,-4.4264130865
CtrSVDD_0046_E_0011998,-4.6525732977
CtrSVDD_0047_E_0011999,-2.3521022234
CtrSVDD_0000_E_0012000,-4.2300594073
CtrSVDD_0001_E_0012001,-5.6693889389
CtrSVDD_0002_E_0012002,0.6948246815
CtrSVDD_0003_E_0012003,-2.9257711500
CtrSVDD_0004_E_0012004,-6.1478854688
CtrSVDD_0005_E_0012005,-6.0416298902
CtrSVDD_0006_E_0012006,-4.0489469671
CtrSVDD_0007_E_0012007,-5.6084895581
CtrSVDD_0008_E_0012008,-5.4494503336
CtrSVDD_0009_E_0012009,-3.2582811586
CtrSVDD_0010_E_0012010,-5.5564905120
CtrSVDD_0011_E_0012011,-2.7558732966
CtrSVDD_0012_E_0012012,-4.7515075894
CtrSVDD_0013_E_0012013,-5.6523879874
CtrSVDD_0014_E_0012014,-5.1125312144
CtrSVDD_0015_E_0012015,-4.3307980315
CtrSVDD_0016_E_0012016,-5.6147837835
CtrSVDD_0017_E_0012017,-6.5074990259
CtrSVDD_0018_E_0012018,-3.7451939725
CtrSVDD_0019_E_0012019,-3.8420649478
CtrSVDD_0020_E_0012020,-3.4062713973
CtrSVDD_0021_E_0012021,-3.0237076923
CtrSVDD_0022_E_0012022,-1.5836154758
CtrSVDD_0023_E_0012023,-5.5804571883
CtrSVDD_0024_E_0012024,-4.5605462216
CtrSVDD_0025_E_0012025,-6.2506485741
CtrSVDD_0026_E_0012026,-2.9773553814
CtrSVDD_0027_E_0012027,-5.1742216155
CtrSVDD_0028_E_0012028,-0.6771261906
CtrSVDD_0029_E_0012029,-4.8301867278
CtrSVDD_0030_E_0012030,-4.3337157832
CtrSVDD_0031_E_0012031,-0.0412759663
CtrSVDD_0032_E_0012032,-4.7731791851
CtrSVDD_0033_E_0012033,1.3715585885
CtrSVDD_0034_E_0012034,-1.2494636636
CtrSVDD_0035_E_0012035,-4.5841596253
CtrSVDD_0036_E_0012036,-1.1144948228
CtrSVDD_0037_E_0012037,-0.4895646950
CtrSVDD_0038_E_0012038,-5.5137621408
CtrSVDD_0039_E_0012039,-5.2494711365
CtrSVDD_0040_E_0012040,-4.7663070113
CtrSVDD_0041_E_0012041,-5.4546388381
CtrSVDD_0042_E_0012042,-4.5841339957
CtrSVDD_0043_E_0012043,-4.2761205673
CtrSVDD_0044_E_0012044,-4.9474981863
CtrSVDD_0045_E_0012045,-3.0719188570
CtrSVDD_0046_E_0012046,-3.0305880746
CtrSVDD_0047_E_0012047,-3.8617880622
CtrSVDD_0000_E_0012048,-5.6129806402
CtrSVDD_0001_E_0012049,-6.1578555165
CtrSVDD_0002_E_0012050,-4.5242116884
CtrSVDD_0003_E_0012051,-4.9597471596
CtrSVDD_0004_E_0012052,-4.4456985140
CtrSVDD_0005_E_0012053,-5.1711984960
CtrSVDD_0006_E_0012054,-5.3715086216
CtrSVDD_0007_E_0012055,0.5585763374
CtrSVDD_0008_E_0012056,-3.8971185386
CtrSVDD_0009_E_0012057,-3.8179004132
CtrSVDD_0010_E_0012058,-4.5281853098
CtrSVDD_0011_E_0012059,-3.8410462178
CtrSVDD_0012_E_0012060,-3.7303849717
CtrSVDD_0013_E_0012061,-4.1512222070
CtrSVDD_0014_E_0012062,-6.4095167432
CtrSVDD_0015_E_0012063,-1.8587820645
CtrSVDD_0016_E_0012064,-5.5396865711
CtrSVDD_0017_E_0012065,-4.7781744949
CtrSVDD_0018_E_0012066,0.5229565873
CtrSVDD_0019_E_0012067,-4.2551005730
CtrSVDD_0020_E_0012068,-3.2270233422
CtrSVDD_0021_E_0012069,-3.5120503689
CtrSVDD_0022_E_0012070,-4.3246110918
CtrSVDD_0023_E_0012071,-3.4997610180
CtrSVDD_0024_E_0012072,-5.5182888988
CtrSVDD_0025_E_0012073,-6.0896084743
CtrSVDD_0026_E_0012074,-3.2350137982
CtrSVDD_0027_E_0012075,-1.9824130007
CtrSVDD_0028_E_0012076,-5.1053964771
CtrSVDD_0029_E_0012077,-5.9283948858
CtrSVDD_0030_E_0012078,-5.6776839954
CtrSVDD_0031_E_0012079,-0.8574738954
CtrSVDD_0032_E_0012080,-5.6168337279
CtrSVDD_0033_E_0012081,-3.9925696491
CtrSVDD_0034_E_0012082,-3.5565504702
CtrSVDD_0035_E_0012083,-2.5533807690
CtrSVDD_0036_E_0012084,-5.8900907661
CtrSVDD_0037_E_0012085,-7.2275973211
CtrSVDD_0038_E_0012086,1.4510591404
CtrSVDD_0039_E_0012087,-3.8584099340
CtrSVDD_0040_E_0012088,-3.1853028642
CtrSVDD_0041_E_0012089,-3.4229938857
CtrSVDD_0042_E_0012090,-6.0162949456
CtrSVDD_0043_E_0012091,-2.6455893778
CtrSVDD_0044_E_0012092,0.4096927937
CtrSVDD_0045_E_0012093,-3.2028882137
CtrSVDD_0046_E_0012094,-6.3829438073
CtrSVDD_0047_E_0012095,1.0663348048
CtrSVDD_0000_E_0012096,-6.6068596669
CtrSVDD_0001_E_0012097,-4.2804148724
CtrSVDD_0002_E_0012098,-3.8486828256
CtrSVDD_0003_E_0012099,-3.7769905057
CtrSVDD_0004_E_0012100,-5.6528391387
CtrSVDD_0005_E_0012101,-6.2890424804
CtrSVDD_0006_E_0012102,-5.9354408249
CtrSVDD_0007_E_0012103,-4.8312754326
CtrSVDD_0008_E_0012104,-4.3712980628
CtrSVDD_0009_E_0012105,-4.5510200875
CtrSVDD_0010_E_0012106,-0.3296962808
CtrSVDD_0011_E_0012107,-6.5854753090
CtrSVDD_0012_E_0012108,-3.0530278185
CtrSVDD_0013_E_0012109,-3.7922567166
CtrSVDD_0014_E_0012110,-5.2766764959
CtrSVDD_0015_E_0012111,-3.7366452888
CtrSVDD_0016_E_0012112,-3.4189227718
CtrSVDD_0017_E_0012113,-3.9201189246
CtrSVDD_0018_E_0012114,-5.6825510876
CtrSVDD_0019_E_0012115,-0.8236186951
CtrSVDD_0020_E_0012116,-6.0088847904
CtrSVDD_0021_E_0012117,0.1679412931
CtrSVDD_0022_E_0012118,-0.9133678526
CtrSVDD_0023_E_0012119,-4.7605724857
CtrSVDD_0024_E_0012120,-4.7975603740
CtrSVDD_0025_E_0012121,-5.3048896045
CtrSVDD_0026_E_0012122,-4.5845147435
CtrSVDD_0027_E_0012123,-5.8351249773
CtrSVDD_0028_E_0012124,-4.3364947904
CtrSVDD_0029_E_0012125,-4.2142804170
CtrSVDD_0030_E_0012126,-3.2453551611
CtrSVDD_0031_E_0012127,-4.5003241048
CtrSVDD_0032_E_0012128,-6.8861395631
CtrSVDD_0033_E_0012129,-1.5066344758
CtrSVDD_0034_E_0012130,-4.1735188417
CtrSVDD_0035_E_0012131,-1.9960993683
CtrSVDD_0036_E_0012132,-4.0504883205
CtrSVDD_0037_E_0012133,1.8747589502
CtrSVDD_0038_E_0012134,-4.8858115467
CtrSVDD_0039_E_0012135,-5.5807509091
CtrSVDD_0040_E_0012136,-3.9994672839
CtrSVDD_0041_E_0012137,-4.6486843697
CtrSVDD_0042_E_0012138,-5.8468083709
CtrSVDD_0043_E_0012139,-2.2202192498
CtrSVDD_0044_E_0012140,-4.9528849952
CtrSVDD_0045_E_0012141,-4.7913252956
CtrSVDD_0046_E_0012142,-0.4304715213
CtrSVDD_0047_E_0012143,-4.2039692179
CtrSVDD_0000_E_0012144,-6.3400828833
CtrSVDD_0001_E_0012145,-5.1982241350
CtrSVDD_0002_E_0012146,1.5273495790
CtrSVDD_0003_E_0012147,-4.0942463620
CtrSVDD_0004_E_0012148,-5.4603642600
CtrSVDD_0005_E_0012149,-3.3981342672
CtrSVDD_0006_E_0012150,-3.3967848183
CtrSVDD_0007_E_0012151,-3.1901425695
CtrSVDD_0008_E_0012152,-4.7891635488
CtrSVDD_0009_E_0012153,-8.0652648164
CtrSVDD_0010_E_0012154,-5.7341937337
CtrSVDD_0011_E_0012155,-5.6154466566
CtrSVDD_0012_E_0012156,-2.9110263842
CtrSVDD_0013_E_0012157,-4.8004576981
CtrSVDD_0014_E_0012158,-5.4274291254
CtrSVDD_0015_E_0012159,-3.8177941704
CtrSVDD_0016_E_0012160,-4.1944400764
CtrSVDD_0017_E_0012161,-3.0795083204
CtrSVDD_0018_E_0012162,-4.0038158288
CtrSVDD_0019_E_0012163,-5.0749325758
CtrSVDD_0020_E_0012164,-5.6562235267
CtrSVDD_0021_E_0012165,-4.9339788657
CtrSVDD_0022_E_0012166,0.5651281436
CtrSVDD_0023_E_0012167,-3.1432924288
CtrSVDD_0024_E_0012168,-3.4424146074
CtrSVDD_0025_E_0012169,-4.2013831984
CtrSVDD_0026_E_0012170,-1.7712085176
CtrSVDD_0027_E_0012171,-3.2882198306
CtrSVDD_0028_E_0012172,-4.2645003931
CtrSVDD_0029_E_0012173,-2.8410243089
CtrSVDD_0030_E_0012174,-4.7671429856
CtrSVDD_0031_E_0012175,-3.6524607206
CtrSVDD_0032_E_0012176,-7.2257221870
CtrSVDD_0033_E_0012177,0.0188847618
CtrSVDD_0034_E_0012178,0.0608848778
CtrSVDD_0035_E_0012179,-4.0002313393
CtrSVDD_0036_E_0012180,-5.2412060216
CtrSVDD_0037_E_0012181,-4.5442938879
CtrSVDD_0038_E_0012182,-2.3995626441
CtrSVDD_0039_E_0012183,-5.1866241574
CtrSVDD_0040_E_0012184,-5.6366553459
CtrSVDD_0041_E_0012185,-1.5363932377
CtrSVDD_0042_E_0012186,-4.8064799965
CtrSVDD_0043_E_0012187,-5.1031563979
CtrSVDD_0044_E_0012188,-4.2795576323
CtrSVDD_0045_E_0012189,-3.1871652491
CtrSVDD_0046_E_0012190,-3.3040601819
CtrSVDD_0047_E_0012191,-4.9328373719
CtrSVDD_0000_E_0012192,-5.6442381293
CtrSVDD_0001_E_0012193,-6.7807869454
CtrSVDD_0002_E_0012194,-5.3924295486
CtrSVDD_0003_E_0012195,-4.5367089929
CtrSVDD_0004_E_0012196,-5.4008959163
CtrSVDD_0005_E_0012197,2.8288644327
CtrSVDD_0006_E_0012198,-4.9880832490
CtrSVDD_0007_E_0012199,-7.8916384520
CtrSVDD_0008_E_0012200,-3.7158131195
CtrSVDD_0009_E_0012201,-4.5260059655
CtrSVDD_0010_E_0012202,-4.5532695419
CtrSVDD_0011_E_0012203,-4.2223053873
CtrSVDD_0012_E_0012204,-5.1764712946
CtrSVDD_0013_E_0012205,-3.9264800483
CtrSVDD_0014_E_0012206,0.1311617906
CtrSVDD_0015_E_0012207,-3.5817619416
CtrSVDD_0016_E_0012208,-5.6596624353
CtrSVDD_0017_E_0012209,-6.1615507453
CtrSVDD_0018_E_0012210,-3.6378481909
CtrSVDD_0019_E_0012211,-4.3444515065
CtrSVDD_0020_E_0012212,0.1764594083
CtrSVDD_0021_E_0012213,0.2856951664
CtrSVDD_0022_E_0012214,-5.3764048045
CtrSVDD_0023_E_0012215,-5.2272176038
CtrSVDD_0024_E_0012216,-1.2774288271
CtrSVDD_0025_E_0012217,-3.5108975615
CtrSVDD_0026_E_0012218,-4.2968282283
CtrSVDD_0027_E_0012219,-3.9725492360
CtrSVDD_0028_E_0012220,-3.9491653622
CtrSVDD_0029_E_0012221,-6.2387252644
CtrSVDD_0030_E_0012222,-4.0403321867
CtrSVDD_0031_E_0012223,-1.6618633406
CtrSVDD_0032_E_0012224,-3.1573884302
CtrSVDD_0033_E_0012225,-5.1376973240
CtrSVDD_0034_E_0012226,-5.5062509349
CtrSVDD_0035_E_0012227,-0.0931539598
CtrSVDD_0036_E_0012228,-1.0612274527
CtrSVDD_0037_E_0012229,-4.9574894341
CtrSVDD_0038_E_0012230,-7.6960551612
CtrSVDD_0039_E_0012231,1.6348377422
CtrSVDD_0040_E_0012232,-4.7925812604
CtrSVDD_0041_E_0012233,-2.9868856911
CtrSVDD_0042_E_0012234,-7.0994879221
CtrSVDD_0043_E_0012235,-3.1083678976
CtrSVDD_0044_E_0012236,-4.8478974321
CtrSVDD_0045_E_0012237,-4.8442391582
CtrSVDD_0046_E_0012238,-6.0217422461
CtrSVDD_0047_E_0012239,-5.3663307525
CtrSVDD_0000_E_0012240,-4.6192549613
CtrSVDD_0001_E_0012241,-5.7393685054
CtrSVDD_0002_E_0012242,-5.3977066827
CtrSVDD_0003_E_0012243,-4.4988782311
CtrSVDD_0004_E_0012244,-0.1255203605
CtrSVDD_0005_E_0012245,-3.0745583425
CtrSVDD_0006_E_0012246,-4.2606759304
CtrSVDD_0007_E_0012247,-4.7505777115
CtrSVDD_0008_E_0012248,-5.3264404527
CtrSVDD_0009_E_0012249,0.1206941383
CtrSVDD_0010_E_0012250,1.5984941976
CtrSVDD_0011_E_0012251,-4.0465416626
CtrSVDD_0012_E_0012252,-1.9771403755
CtrSVDD_0013_E_0012253,-6.6345376433
CtrSVDD_0014_E_0012254,-6.4776629453
CtrSVDD_0015_E_0012255,-5.0599465878
CtrSVDD_0016_E_0012256,1.4794189075
CtrSVDD_0017_E_0012257,-4.3349058951
CtrSVDD_0018_E_0012258,-4.0694258013
CtrSVDD_0019_E_0012259,-6.9361898745
CtrSVDD_0020_E_0012260,-2.5456233057
CtrSVDD_0021_E_0012261,-7.1935930691
CtrSVDD_0022_E_0012262,1.6962225050
CtrSVDD_0023_E_0012263,-5.1315433533
CtrSVDD_0024_E_0012264,-0.5181513452
CtrSVDD_0025_E_0012265,-5.4426757014
CtrSVDD_0026_E_0012266,-6.0495503065
CtrSVDD_0027_E_0012267,-5.0823404638
CtrSVDD_0028_E_0012268,-6.9380078892
CtrSVDD_0029_E_0012269,-4.6333352559
CtrSVDD_0030_E_0012270,-5.5445297862
CtrSVDD_0031_E_0012271,-6.0634367649
CtrSVDD_0032_E_0012272,-4.3001730527
CtrSVDD_0033_E_0012273,-2.7594980653
CtrSVDD_0034_E_0012274,-4.8104949289
CtrSVDD_0035_E_0012275,-7.6147180424
CtrSVDD_0036_E_0012276,-5.2845467096
CtrSVDD_0037_E_0012277,-6.1756869925
CtrSVDD_0038_E_0012278,-6.6148963606
CtrSVDD_0039_E_0012279,-4.7178584533
CtrSVDD_0040_E_0012280,0.3037822328
CtrSVDD_0041_E_0012281,-3.9575849263
CtrSVDD_0042_E_0012282,-4.5639491887
CtrSVDD_0043_E_0012283,-3.9268495401
CtrSVDD_0044_E_0012284,-3.9840434565
CtrSVDD_0045_E_0012285,-4.9937238762
CtrSVDD_0046_E_0012286,-4.6843745957
CtrSVDD_0047_E_0012287,-0.1892608309
CtrSVDD_0000_E_0012288,-5.2890158553
CtrSVDD_0001_E_0012289,-3.7668490880
CtrSVDD_0002_E_0012290,-4.2870427600
CtrSVDD_0003_E_0012291,-5.4024329179
CtrSVDD_0004_E_0012292,0.4864133783
CtrSVDD_0005_E_0012293,-3.5802187010
CtrSVDD_0006_E_0012294,-5.7855146900
CtrSVDD_0007_E_0012295,-6.7068636419
CtrSVDD_0008_E_0012296,-3.3043737961
CtrSVDD_0009_E_0012297,-0.3939223175
CtrSVDD_0010_E_0012298,-3.1351690070
CtrSVDD_0011_E_0012299,-5.0794390126
CtrSVDD_0012_E_0012300,-5.1851739376
CtrSVDD_0013_E_0012301,0.1114338467
CtrSVDD_0014_E_0012302,-3.0513660074
CtrSVDD_0015_E_0012303,-4.4814884653
CtrSVDD_0016_E_0012304,-6.0899552537
CtrSVDD_0017_E_0012305,-3.9162300542
CtrSVDD_0018_E_0012306,-6.1182857185
CtrSVDD_0019_E_0012307,-3.7060261180
CtrSVDD_0020_E_0012308,-5.8541599604
CtrSVDD_0021_E_0012309,-5.1401745242
CtrSVDD_0022_E_0012310,-0.4289374437
CtrSVDD_0023_E_0012311,-5.4168612077
CtrSVDD_0024_E_0012312,-4.6919069175
CtrSVDD_0025_E_0012313,-4.7834612698
CtrSVDD_0026_E_0012314,-2.6330253038
CtrSVDD_0027_E_0012315,-5.8959601967
CtrSVDD_0028_E_0012316,-1.7862465556
CtrSVDD_0029_E_0012317,-3.5911303807
CtrSVDD_0030_E_0012318,-3.8599761512
CtrSVDD_0031_E_0012319,-0.0819206398
CtrSVDD_0032_E_0012320,-6.7163043322
CtrSVDD_0033_E_0012321,-4.2440774780
CtrSVDD_0034_E_0012322,-4.0039898065
CtrSVDD_0035_E_0012323,-4.0847846558
CtrSVDD_0036_E_0012324,-2.2699694839
CtrSVDD_0037_E_0012325,-4.0443986984
CtrSVDD_0038_E_0012326,-3.5716268459
CtrSVDD_0039_E_0012327,-7.2832349992
CtrSVDD_0040_E_0012328,-0.8295238696
CtrSVDD_0041_E_0012329,-4.9866318644
CtrSVDD_0042_E_0012330,-4.8840771786
CtrSVDD_0043_E_0012331,-4.4393554204
CtrSVDD_0044_E_0012332,-4.4279218887
CtrSVDD_0045_E_0012333,-5.7809296294
CtrSVDD_0046_E_0012334,-5.7696992075
CtrSVDD_0047_E_0012335,-2.4726682295
CtrSVDD_0000_E_0012336,-4.1559264376
CtrSVDD_0001_E_0012337,-3.2462136618
CtrSVDD_0002_E_0012338,-2.3089568594
CtrSVDD_0003_E_0012339,0.5684131487
CtrSVDD_0004_E_0012340,-3.2050932099
CtrSVDD_0005_E_0012341,-2.1571865970
CtrSVDD_0006_E_0012342,-5.5196248122
CtrSVDD_0007_E_0012343,-0.5766526762
CtrSVDD_0008_E_0012344,-3.7178677482
CtrSVDD_0009_E_0012345,-5.0763825886
CtrSVDD_0010_E_0012346,-2.3909688155
CtrSVDD_0011_E_0012347,-4.8311909421
CtrSVDD_0012_E_0012348,-7.1179015494
CtrSVDD_0013_E_0012349,-2.9585502830
CtrSVDD_0014_E_0012350,-4.1014894267
CtrSVDD_0015_E_0012351,-3.2094116254
CtrSVDD_0016_E_0012352,-2.7058119504
CtrSVDD_0017_E_0012353,-5.7041149150
CtrSVDD_0018_E_0012354,-3.7193541133
CtrSVDD_0019_E_0012355,-4.5956199338
CtrSVDD_0020_E_0012356,-5.3802355649
CtrSVDD_0021_E_0012357,-4.6869842548
CtrSVDD_0022_E_0012358,0.9926705409
CtrSVDD_0023_E_0012359,-4.6555340416
CtrSVDD_0024_E_0012360,2.1665662910
CtrSVDD_0025_E_0012361,-5.8364426592
CtrSVDD_0026_E_0012362,-4.0306708043
CtrSVDD_0027_E_0012363,-4.8038665946
CtrSVDD_0028_E_0012364,-4.5876927175
CtrSVDD_0029_E_0012365,0.0721000060
CtrSVDD_0030_E_0012366,-1.9173594366
CtrSVDD_0031_E_0012367,-1.9694286441
CtrSVDD_0032_E_0012368,-1.9924932571
CtrSVDD_0033_E_0012369,-4.4885317643
CtrSVDD_0034_E_0012370,-7.2547121330
CtrSVDD_0035_E_0012371,-5.7960864251
CtrSVDD_0036_E_0012372,-5.4050664362
CtrSVDD_0037_E_0012373,-6.5108932507
CtrSVDD_0038_E_0012374,-3.9851316036
CtrSVDD_0039_E_0012375,-3.3097661955
CtrSVDD_0040_E_0012376,-2.5806526805
CtrSVDD_0041_E_0012377,-5.5869097163
CtrSVDD_0042_E_0012378,1.1737045358
CtrSVDD_0043_E_0012379,-4.1057760318
CtrSVDD_0044_E_0012380,-3.1295718314
CtrSVDD_0045_E_0012381,-5.1700860766
CtrSVDD_0046_E_0012382,-7.0671137297
CtrSVDD_0047_E_0012383,0.8850301257
CtrSVDD_0000_E_0012384,-5.0473877596
CtrSVDD_0001_E_0012385,-4.6581922615
CtrSVDD_0002_E_0012386,-5.3367908189
CtrSVDD_0003_E_0012387,-0.8945146851
CtrSVDD_0004_E_0012388,-5.2593014247
CtrSVDD_0005_E_0012389,-4.4383020903
CtrSVDD_0006_E_0012390,-4.6380126311
CtrSVDD_0007_E_0012391,-5.1942353293
CtrSVDD_0008_E_0012392,-6.7645753299
CtrSVDD_0009_E_0012393,-4.7692322844
CtrSVDD_0010_E_0012394,-3.9341384795
CtrSVDD_0011_E_0012395,-5.4866780228
CtrSVDD_0012_E_0012396,-6.2354774717
CtrSVDD_0013_E_0012397,-6.0294223701
CtrSVDD_0014_E_0012398,0.4106058040
CtrSVDD_0015_E_0012399,0.5504201225
CtrSVDD_0016_E_0012400,-4.6628292084
CtrSVDD_0017_E_0012401,-5.2445103732
CtrSVDD_0018_E_0012402,-6.3068007115
CtrSVDD_0019_E_0012403,-4.1439808002
CtrSVDD_0020_E_0012404,-5.9614926692
CtrSVDD_0021_E_0012405,-2.2616607753
CtrSVDD_0022_E_0012406,-6.5103538542
CtrSVDD_0023_E_0012407,-3.9461356861
CtrSVDD_0024_E_0012408,-4.0621381652
CtrSVDD_0025_E_0012409,-0.3623695476
CtrSVDD_0026_E_0012410,-4.3512064264
CtrSVDD_0027_E_0012411,-0.8799133538
CtrSVDD_0028_E_0012412,-3.9250493000
CtrSVDD_0029_E_0012413,-6.4919756227
CtrSVDD_0030_E_0012414,-2.7234774672
CtrSVDD_0031_E_0012415,-4.9419435611
CtrSVDD_0032_E_0012416,-1.7019408393
CtrSVDD_0033_E_0012417,-4.9255497358
CtrSVDD_0034_E_0012418,0.5038065543
CtrSVDD_0035_E_0012419,-3.5910048518
CtrSVDD_0036_E_0012420,-7.3468894291
CtrSVDD_0037_E_0012421,-7.5602694130
CtrSVDD_0038_E_0012422,-4.6048329771
CtrSVDD_0039_E_0012423,-4.8389021338
CtrSVDD_0040_E_0012424,-4.9897138039
CtrSVDD_0041_E_0012425,-5.5607279135
CtrSVDD_0042_E_0012426,-4.4582126906
CtrSVDD_0043_E_0012427,-2.5067984836
CtrSVDD_0044_E_0012428,-6.0693922082
CtrSVDD_0045_E_0012429,-3.9290261121
CtrSVDD_0046_E_0012430,-6.5132193413
CtrSVDD_0047_E_0012431,-0.8696593245
CtrSVDD_0000_E_0012432,-4.0048859128
CtrSVDD_0001_E_0012433,0.4045260948
CtrSVDD_0002_E_0012434,-3.6679094781
CtrSVDD_0003_E_0012435,-3.3667458005
CtrSVDD_0004_E_0012436,-5.1154440464
CtrSVDD_0005_E_0012437,-2.6792228127
CtrSVDD_0006_E_0012438,-0.3608762425
CtrSVDD_0007_E_0012439,-2.2334503437
CtrSVDD_0008_E_0012440,-5.6270835997
CtrSVDD_0009_E_0012441,-4.3121448097
CtrSVDD_0010_E_0012442,-4.5115954392
CtrSVDD_0011_E_0012443,-4.8670237979
CtrSVDD_0012_E_0012444,-2.6405991910
CtrSVDD_0013_E_0012445,-2.4609737045
CtrSVDD_0014_E_0012446,-5.8261453692
CtrSVDD_0015_E_0012447,-2.5367076189
CtrSVDD_0016_E_0012448,-6.3392794688
CtrSVDD_0017_E_0012449,-4.3713968844
CtrSVDD_0018_E_0012450,-3.1949656898
CtrSVDD_0019_E_0012451,-2.0848246007
CtrSVDD_0020_E_0012452,-4.6414347932
CtrSVDD_0021_E_0012453,-3.4473001429
CtrSVDD_0022_E_0012454,-3.3050101229
CtrSVDD_0023_E_0012455,-4.4543745365
CtrSVDD_0024_E_0012456,-2.4247472972
CtrSVDD_0025_E_0012457,-5.9221755511
CtrSVDD_0026_E_0012458,-4.5338594945
CtrSVDD_0027_E_0012459,-0.2523361478
CtrSVDD_0028_E_0012460,-5.4487015688
CtrSVDD_0029_E_0012461,-4.0304101519
CtrSVDD_0030_E_0012462,-5.5935564898
CtrSVDD_0031_E_0012463,-3.2684849829
CtrSVDD_0032_E_0012464,-5.8548247120
CtrSVDD_0033_E_0012465,-5.9972881963
CtrSVDD_0034_E_0012466,-7.9469534478
CtrSVDD_0035_E_0012467,-0.1563525874
CtrSVDD_0036_E_0012468,-4.6597387197
CtrSVDD_0037_E_0012469,-3.3588507541
CtrSVDD_0038_E_0012470,-0.8434165203
CtrSVDD_0039_E_0012471,-4.6016463147
CtrSVDD_0040_E_0012472,-1.8479882423
CtrSVDD_0041_E_0012473,-4.2953251875
CtrSVDD_0042_E_0012474,-0.4536071489
CtrSVDD_0043_E_0012475,-6.1760892991
CtrSVDD_0044_E_0012476,-6.0669356925
CtrSVDD_0045_E_0012477,-4.4704796651
CtrSVDD_0046_E_0012478,-3.1362848911
CtrSVDD_0047_E_0012479,-5.5028841399
CtrSVDD_0000_E_0012480,-3.5709423504
CtrSVDD_0001_E_0012481,-3.7564638305
CtrSVDD_0002_E_0012482,-4.3079614316
CtrSVDD_0003_E_0012483,-4.1536249533
CtrSVDD_0004_E_0012484,-4.3084772382
CtrSVDD_0005_E_0012485,-5.0315920584
CtrSVDD_0006_E_0012486,-3.8195483953
CtrSVDD_0007_E_0012487,-4.6859078284
CtrSVDD_0008_E_0012488,-1.2049137313
CtrSVDD_0009_E_0012489,-4.7743213670
CtrSVDD_0010_E_0012490,-5.3962357953
CtrSVDD_0011_E_0012491,-3.1593134014
CtrSVDD_0012_E_0012492,-4.2051652112
CtrSVDD_0013_E_0012493,-4.5945599210
CtrSVDD_0014_E_0012494,-5.3142090359
CtrSVDD_0015_E_0012495,-5.3587067459
CtrSVDD_0016_E_0012496,-2.7796577706
CtrSVDD_0017_E_0012497,-6.2738155357
CtrSVDD_0018_E_0012498,-4.9151545290
CtrSVDD_0019_E_0012499,-5.8405885542
CtrSVDD_0020_E_0012500,-6.6693255687
CtrSVDD_0021_E_0012501,-3.2382075387
CtrSVDD_0022_E_0012502,-3.6947328658
CtrSVDD_0023_E_0012503,-5.9202064367
CtrSVDD_0024_E_0012504,-2.8542084365
CtrSVDD_0025_E_0012505,-4.4400668655
CtrSVDD_0026_E_0012506,-0.2235561612
CtrSVDD_0027_E_0012507,-5.1834441530
CtrSVDD_0028_E_0012508,-2.4206099681
CtrSVDD_0029_E_0012509,-3.5539934137
CtrSVDD_0030_E_0012510,-3.0112229704
CtrSVDD_0031_E_0012511,-4.0243160791
CtrSVDD_0032_E_0012512,1.6730978450
CtrSVDD_0033_E_0012513,-5.3605123844
CtrSVDD_0034_E_0012514,-3.3983658369
CtrSVDD_0035_E_0012515,-5.7788253169
CtrSVDD_0036_E_0012516,-4.7806446680
CtrSVDD_0037_E_0012517,-5.8606397100
CtrSVDD_0038_E_0012518,-3.5303905255
CtrSVDD_0039_E_0012519,-6.2548931637
CtrSVDD_0040_E_0012520,0.4832668847
CtrSVDD_0041_E_0012521,-4.3934624100
CtrSVDD_0042_E_0012522,-2.6446470706
CtrSVDD_0043_E_0012523,-6.1137321279
CtrSVDD_0044_E_0012524,0.8420025708
CtrSVDD_0045_E_0012525,-5.3056025740
CtrSVDD_0046_E_0012526,-3.4711786987
CtrSVDD_0047_E_0012527,-5.7434708184
CtrSVDD_0000_E_0012528,-5.5803728263
CtrSVDD_0001_E_0012529,-4.6218839503
CtrSVDD_0002_E_0012530,-5.4346006582
CtrSVDD_0003_E_0012531,-5.9345034540
CtrSVDD_0004_E_0012532,-6.3702385426
CtrSVDD_0005_E_0012533,-6.5450829711
CtrSVDD_0006_E_0012534,-3.8764885012
CtrSVDD_0007_E_0012535,-4.2953015326
CtrSVDD_0008_E_0012536,-6.6215107922
CtrSVDD_0009_E_0012537,-5.0865341648
CtrSVDD_0010_E_0012538,-4.8963415280
CtrSVDD_0011_E_0012539,-1.9441584398
CtrSVDD_0012_E_0012540,-4.4786816110
CtrSVDD_0013_E_0012541,-5.7679704979
CtrSVDD_0014_E_0012542,-3.3924892312
CtrSVDD_0015_E_0012543,-3.8517795871
CtrSVDD_0016_E_0012544,-3.5067120758
CtrSVDD_0017_E_0012545,-1.5595696761
CtrSVDD_0018_E_0012546,-4.0924126662
CtrSVDD_0019_E_0012547,-5.7942302726
CtrSVDD_0020_E_0012548,-4.6968182596
CtrSVDD_0021_E_0012549,-4.6286499322
CtrSVDD_0022_E_0012550,-3.0145881202
CtrSVDD_0023_E_0012551,-4.6715130270
CtrSVDD_0024_E_0012552,-2.0072638293
CtrSVDD_0025_E_0012553,-7.7694475438
CtrSVDD_0026_E_0012554,-4.8611548196
CtrSVDD_0027_E_0012555,-4.9211745798
CtrSVDD_0028_E_0012556,-5.0405109614
CtrSVDD_0029_E_0012557,-5.0223811782
CtrSVDD_0030_E_0012558,-5.4368642642
CtrSVDD_0031_E_0012559,-5.5282397971
CtrSVDD_0032_E_0012560,-6.2161429066
CtrSVDD_0033_E_0012561,-6.7388032693
CtrSVDD_0034_E_0012562,-4.5614875871
CtrSVDD_0035_E_0012563,-3.6579936201
CtrSVDD_0036_E_0012564,-3.4419690693
CtrSVDD_0037_E_0012565,-6.7328560100
CtrSVDD_0038_E_0012566,-0.5717042991
CtrSVDD_0039_E_0012567,0.6406295548
CtrSVDD_0040_E_0012568,-4.2473100129
CtrSVDD_0041_E_0012569,-5.1503448167
CtrSVDD_0042_E_0012570,-2.9628250885
CtrSVDD_0043_E_0012571,-6.2344112539
CtrSVDD_0044_E_0012572,-3.2506606691
CtrSVDD_0045_E_0012573,-3.0532964383
CtrSVDD_0046_E_0012574,-6.0951097592
CtrSVDD_0047_E_0012575,-7.7436133411
CtrSVDD_0000_E_0012576,-3.6803413852
CtrSVDD_0001_E_0012577,-5.1013235001
CtrSVDD_0002_E_0012578,-6.8714065461
CtrSVDD_0003_E_0012579,0.8177421023
CtrSVDD_0004_E_0012580,-4.4041089150
CtrSVDD_0005_E_0012581,-3.4211153423
CtrSVDD_0006_E_0012582,-4.7306108461
CtrSVDD_0007_E_0012583,-3.7166682180
CtrSVDD_0008_E_0012584,-5.2236540549
CtrSVDD_0009_E_0012585,-5.8070957911
CtrSVDD_0010_E_0012586,-4.1618330844
CtrSVDD_0011_E_0012587,-5.9102751114
CtrSVDD_0012_E_0012588,-3.7527009678
CtrSVDD_0013_E_0012589,-4.7469426679
CtrSVDD_0014_E_0012590,-6.5611774414
CtrSVDD_0015_E_0012591,-5.7217095978
CtrSVDD_0016_E_0012592,-5.1623326838
CtrSVDD_0017_E_0012593,-5.6323297883
CtrSVDD_0018_E_0012594,-3.2342909440
CtrSVDD_0019_E_0012595,0.5618492257
CtrSVDD_0020_E_0012596,-2.1621562441
CtrSVDD_0021_E_0012597,-4.9769220240
CtrSVDD_0022_E_0012598,-5.2550986750
CtrSVDD_0023_E_0012599,1.1965339706
CtrSVDD_0024_E_0012600,1.2869759279
CtrSVDD_0025_E_0012601,-3.4128658213
CtrSVDD_0026_E_0012602,-2.2863837387
CtrSVDD_0027_E_0012603,-5.7129059143
CtrSVDD_0028_E_0012604,-5.1448358024
CtrSVDD_0029_E_0012605,-4.3969709695
CtrSVDD_0030_E_0012606,-3.7375779025
CtrSVDD_0031_E_0012607,-2.7344593560
CtrSVDD_0032_E_0012608,-8.3720042460
CtrSVDD_0033_E_0012609,-3.6443575843
CtrSVDD_0034_E_0012610,-3.5700217550
CtrSVDD_0035_E_0012611,-6.6799895632
CtrSVDD_0036_E_0012612,-0.8374427401
CtrSVDD_0037_E_0012613,-6.3434296218
CtrSVDD_0038_E_0012614,-1.1517058579
CtrSVDD_0039_E_0012615,0.5245610163
CtrSVDD_0040_E_0012616,-4.7896212689
CtrSVDD_0041_E_0012617,-6.4013415097
CtrSVDD_0042_E_0012618,-4.4952257141
CtrSVDD_0043_E_0012619,-2.2998628114
CtrSVDD_0044_E_0012620,1.4867194090
CtrSVDD_0045_E_0012621,0.8958434492
CtrSVDD_0046_E_0012622,-4.3166160084
CtrSVDD_0047_E_0012623,-4.7190587648
CtrSVDD_0000_E_0012624,-5.4520437125
CtrSVDD_0001_E_0012625,-3.9467572314
CtrSVDD_0002_E_0012626,2.9500190302
CtrSVDD_0003_E_0012627,0.0594835540
CtrSVDD_0004_E_0012628,-3.1063694867
CtrSVDD_0005_E_0012629,-5.3129286854
CtrSVDD_0006_E_0012630,-4.8147928550
CtrSVDD_0007_E_0012631,-1.1115312958
CtrSVDD_0008_E_0012632,-6.7643401329
CtrSVDD_0009_E_0012633,-5.0172933961
CtrSVDD_0010_E_0012634,-4.8525524949
CtrSVDD_0011_E_0012635,-4.5117708788
CtrSVDD_0012_E_0012636,0.3376287368
CtrSVDD_0013_E_0012637,-6.3282110147
CtrSVDD_0014_E_0012638,-6.9843340943
CtrSVDD_0015_E_0012639,0.3893914348
CtrSVDD_0016_E_0012640,-3.1756482865
CtrSVDD_0017_E_0012641,-3.0373841060
CtrSVDD_0018_E_0012642,-5.9595637224
CtrSVDD_0019_E_0012643,-3.7611271255
CtrSVDD_0020_E_0012644,-4.3197456800
CtrSVDD_0021_E_0012645,-1.7960951739
CtrSVDD_0022_E_0012646,-4.9677538037
CtrSVDD_0023_E_0012647,-4.8152992291
CtrSVDD_0024_E_0012648,-3.3256091248
CtrSVDD_0025_E_0012649,0.1750388497
CtrSVDD_0026_E_0012650,-4.7846011870
CtrSVDD_0027_E_0012651,-4.7387017336
CtrSVDD_0028_E_0012652,-6.8300080361
CtrSVDD_0029_E_0012653,-5.3460449057
CtrSVDD_0030_E_0012654,-4.1279517391
CtrSVDD_0031_E_0012655,-1.6674542859
CtrSVDD_0032_E_0012656,-3.5625180929
CtrSVDD_0033_E_0012657,-5.6070140510
CtrSVDD_0034_E_0012658,-5.4190547931
CtrSVDD_0035_E_0012659,-6.0738683502
CtrSVDD_0036_E_0012660,-5.1721189986
CtrSVDD_0037_E_0012661,-4.2210696993
CtrSVDD_0038_E_0012662,-3.0992424137
CtrSVDD_0039_E_0012663,0.7673723835
CtrSVDD_0040_E_0012664,-6.9137437499
CtrSVDD_0041_E_0012665,-1.0614081289
CtrSVDD_0042_E_0012666,-6.7020284484
CtrSVDD_0043_E_0012667,-4.6838609944
CtrSVDD_0044_E_0012668,-0.4182268725
CtrSVDD_0045_E_0012669,1.3880734414
CtrSVDD_0046_E_0012670,1.0790321711
CtrSVDD_0047_E_0012671,-5.5651798178
CtrSVDD_0000_E_0012672,0.0076934104
CtrSVDD_0001_E_0012673,1.4470623406
CtrSVDD_0002_E_0012674,-4.8186971600
CtrSVDD_0003_E_0012675,1.3478708836
CtrSVDD_0004_E_0012676,-4.3060034653
CtrSVDD_0005_E_0012677,-4.6149690937
CtrSVDD_0006_E_0012678,0.3623695476
CtrSVDD_0007_E_0012679,-6.2441319769
CtrSVDD_0008_E_0012680,1.2711282247
CtrSVDD_0009_E_0012681,-4.6983575082
CtrSVDD_0010_E_0012682,-4.5957726964
CtrSVDD_0011_E_0012683,-6.6394586408
CtrSVDD_0012_E_0012684,-2.4297051186
CtrSVDD_0013_E_0012685,-5.8556349290
CtrSVDD_0014_E_0012686,-4.1259760930
CtrSVDD_0015_E_0012687,-4.1592776420
CtrSVDD_0016_E_0012688,1.0279947747
CtrSVDD_0017_E_0012689,-6.7528933589
CtrSVDD_0018_E_0012690,-8.1927035694
CtrSVDD_0019_E_0012691,-5.2165148358
CtrSVDD_0020_E_0012692,-2.0576833914
CtrSVDD_0021_E_0012693,-3.8578916544
CtrSVDD_0022_E_0012694,-3.6413682038
CtrSVDD_0023_E_0012695,-5.8159054891
CtrSVDD_0024_E_0012696,-5.4713316996
CtrSVDD_0025_E_0012697,-2.4307654601
CtrSVDD_0026_E_0012698,-1.8747434594
CtrSVDD_0027_E_0012699,-4.0474908296
CtrSVDD_0028_E_0012700,-6.2747874321
CtrSVDD_0029_E_0012701,-5.6180779211
CtrSVDD_0030_E_0012702,-5.4835101495
CtrSVDD_0031_E_0012703,-7.4483625798
CtrSVDD_0032_E_0012704,-3.6133296086
CtrSVDD_0033_E_0012705,-1.5787329597
CtrSVDD_0034_E_0012706,-6.2716633652
CtrSVDD_0035_E_0012707,-4.5216726613
CtrSVDD_0036_E_0012708,-5.5476753942
CtrSVDD_0037_E_0012709,-0.6354858275
CtrSVDD_0038_E_0012710,-2.9934774787
CtrSVDD_0039_E_0012711,-4.3096472279
CtrSVDD_0040_E_0012712,-5.0923364734
CtrSVDD_0041_E_0012713,-3.6058393026
CtrSVDD_0042_E_0012714,-3.2140459076
CtrSVDD_0043_E_0012715,-5.3981323374
CtrSVDD_0044_E_0012716,-6.5950242397
CtrSVDD_0045_E_0012717,-6.0337647404
CtrSVDD_0046_E_0012718,2.2228238742
CtrSVDD_0047_E_0012719,-3.2488501862
CtrSVDD_0000_E_0012720,-3.7119175685
CtrSVDD_0001_E_0012721,-5.6625241041
CtrSVDD_0002_E_0012722,-4.8390366592
CtrSVDD_0003_E_0012723,-4.3528083590
CtrSVDD_0004_E_0012724,-5.6408279930
CtrSVDD_0005_E_0012725,-4.4544606335
CtrSVDD_0006_E_0012726,-4.5445275666
CtrSVDD_0007_E_0012727,-4.2885518047
CtrSVDD_0008_E_0012728,-6.7133188706
CtrSVDD_0009_E_0012729,-6.2279029324
CtrSVDD_0010_E_0012730,-0.4943008145
CtrSVDD_0011_E_0012731,-3.9441681149
CtrSVDD_0012_E_0012732,-3.4112119699
CtrSVDD_0013_E_0012733,-0.1015865932
CtrSVDD_0014_E_0012734,1.7878416882
CtrSVDD_0015_E_0012735,-2.2257544260
CtrSVDD_0016_E_0012736,-1.2927521004
CtrSVDD_0017_E_0012737,-4.9159111614
CtrSVDD_0018_E_0012738,1.8804728729
CtrSVDD_0019_E_0012739,-5.4308381377
CtrSVDD_0020_E_0012740,-3.7133597520
CtrSVDD_0021_E_0012741,-1.6137354486
CtrSVDD_0022_E_0012742,-3.3962667057
CtrSVDD_0023_E_0012743,-3.6819847947
CtrSVDD_0024_E_0012744,-5.1808410333
CtrSVDD_0025_E_0012745,2.5205022172
CtrSVDD_0026_E_0012746,-2.9170373705
CtrSVDD_0027_E_0012747,-1.7518528889
CtrSVDD_0028_E_0012748,-4.5895015850
CtrSVDD_0029_E_0012749,-4.5504831430
CtrSVDD_0030_E_0012750,-5.2436781485
CtrSVDD_0031_E_0012751,-7.6041140940
CtrSVDD_0032_E_0012752,-3.9691822703
CtrSVDD_0033_E_0012753,-4.6116721779
CtrSVDD_0034_E_0012754,-4.8598126450
CtrSVDD_0035_E_0012755,-2.5398705555
CtrSVDD_0036_E_0012756,-5.1302772193
CtrSVDD_0037_E_0012757,0.0272797511
CtrSVDD_0038_E_0012758,-3.5748383094
CtrSVDD_0039_E_0012759,-4.5029207200
CtrSVDD_0040_E_0012760,-0.0552802723
CtrSVDD_0041_E_0012761,1.3263921989
CtrSVDD_0042_E_0012762,0.4857699121
CtrSVDD_0043_E_0012763,-5.3687887909
CtrSVDD_0044_E_0012764,-4.6736208610
CtrSVDD_0045_E_0012765,-0.7698207150
CtrSVDD_0046_E_0012766,-5.7252906881
CtrSVDD_0047_E_0012767,-2.5941666691
CtrSVDD_0000_E_0012768,0.7091416044
CtrSVDD_0001_E_0012769,-3.6073025191
CtrSVDD_0002_E_0012770,-4.2815926287
CtrSVDD_0003_E_0012771,-4.5145542851
CtrSVDD_0004_E_0012772,0.4396974496
CtrSVDD_0005_E_0012773,-0.0300784789
CtrSVDD_0006_E_0012774,-3.2614806495
CtrSVDD_0007_E_0012775,0.6389131017
CtrSVDD_0008_E_0012776,-4.4902005918
CtrSVDD_0009_E_0012777,-3.9705435683
CtrSVDD_0010_E_0012778,-6.1226650106
CtrSVDD_0011_E_0012779,0.6201542326
CtrSVDD_0012_E_0012780,-3.8349649420
CtrSVDD_0013_E_0012781,1.2648776829
CtrSVDD_0014_E_0012782,-5.1676714049
CtrSVDD_0015_E_0012783,0.2579652618
CtrSVDD_0016_E_0012784,-2.8820309751
CtrSVDD_0017_E_0012785,-6.7637328487
CtrSVDD_0018_E_0012786,-4.2138130478
CtrSVDD_0019_E_0012787,-6.0792703918
CtrSVDD_0020_E_0012788,0.0636878869
CtrSVDD_0021_E_0012789,-5.1648634729
CtrSVDD_0022_E_0012790,-6.1806553346
CtrSVDD_0023_E_0012791,-4.0624820955
CtrSVDD_0024_E_0012792,-3.4185542143
CtrSVDD_0025_E_0012793,-1.4313017591
CtrSVDD_0026_E_0012794,-3.1472605149
CtrSVDD_0027_E_0012795,-6.3745878380
CtrSVDD_0028_E_0012796,-3.2393096408
CtrSVDD_0029_E_0012797,-4.7276705101
CtrSVDD_0030_E_0012798,-5.4439607579
CtrSVDD_0031_E_0012799,-4.5701755215
CtrSVDD_0032_E_0012800,-4.0659858016
CtrSVDD_0033_E_0012801,-3.3262367245
CtrSVDD_0034_E_0012802,-1.7812698394
CtrSVDD_0035_E_0012803,-0.5455439463
CtrSVDD_0036_E_0012804,-4.6781463713
CtrSVDD_0037_E_0012805,-3.7617942275
CtrSVDD_0038_E_0012806,-3.3496339344
CtrSVDD_0039_E_0012807,-6.8292032158
CtrSVDD_0040_E_0012808,-5.2652429168
CtrSVDD_0041_E_0012809,-5.0734826078
CtrSVDD_0042_E_0012810,-3.9097333005
CtrSVDD_0043_E_0012811,-4.1547859565
CtrSVDD_0044_E_0012812,-4.5058096187
CtrSVDD_0045_E_0012813,-3.0011981741
CtrSVDD_0046_E_0012814,-3.1650725876
CtrSVDD_0047_E_0012815,-5.2969989196
CtrSVDD_0000_E_0012816,-5.4123426903
CtrSVDD_0001_E_0012817,-4.7217880665
CtrSVDD_0002_E_0012818,-0.1714530728
CtrSVDD_0003_E_0012819,-0.4376526987
CtrSVDD_0004_E_0012820,-6.0998880730
CtrSVDD_0005_E_0012821,-2.7254000989
CtrSVDD_0006_E_0012822,-5.1146068270
CtrSVDD_0007_E_0012823,-3.5986860710
CtrSVDD_0008_E_0012824,-5.1842516478
CtrSVDD_0009_E_0012825,-4.0209797212
CtrSVDD_0010_E_0012826,-4.5860535780
CtrSVDD_0011_E_0012827,-6.1375359758
CtrSVDD_0012_E_0012828,1.0688078753
CtrSVDD_0013_E_0012829,-2.7236407381
CtrSVDD_0014_E_0012830,-4.9609286490
CtrSVDD_0015_E_0012831,-7.4369158058
CtrSVDD_0016_E_0012832,-3.3387520104
CtrSVDD_0017_E_0012833,-0.7327225318
CtrSVDD_0018_E_0012834,-3.9996367623
CtrSVDD_0019_E_0012835,-6.1070963492
CtrSVDD_0020_E_0012836,-7.4282930029
CtrSVDD_0021_E_0012837,-1.2136317090
CtrSVDD_0022_E_0012838,-4.0831065861
CtrSVDD_0023_E_0012839,-5.2158177354
CtrSVDD_0024_E_0012840,-3.6504459567
CtrSVDD_0025_E_0012841,-4.1095015647
CtrSVDD_0026_E_0012842,-3.9967351531
CtrSVDD_0027_E_0012843,-5.4930258417
CtrSVDD_0028_E_0012844,-5.6777638769
CtrSVDD_0029_E_0012845,-5.0272451168
CtrSVDD_0030_E_0012846,-6.6277984086
CtrSVDD_0031_E_0012847,-4.3434208714
CtrSVDD_0032_E_0012848,-5.6571264728
CtrSVDD_0033_E_0012849,-5.4163008749
CtrSVDD_0034_E_0012850,-3.2142194814
CtrSVDD_0035_E_0012851,-3.8542360721
CtrSVDD_0036_E_0012852,-3.3660343268
CtrSVDD_0037_E_0012853,-4.5347057011
CtrSVDD_0038_E_0012854,-5.3853268607
CtrSVDD_0039_E_0012855,-6.9012370617
CtrSVDD_0040_E_0012856,-4.5876217652
CtrSVDD_0041_E_0012857,-4.4620017639
CtrSVDD_0042_E_0012858,0.9197548299
CtrSVDD_0043_E_0012859,-5.6882621990
CtrSVDD_0044_E_0012860,-0.5390624707
CtrSVDD_0045_E_0012861,-2.8024304356
CtrSVDD_0046_E_0012862,-5.5228211877
CtrSVDD_0047_E_0012863,-3.5713817709
CtrSVDD_0000_E_0012864,-5.6985782625
CtrSVDD_0001_E_0012865,-4.0555112286
CtrSVDD_0002_E_0012866,-3.9106602520
CtrSVDD_0003_E_0012867,-3.7723293718
CtrSVDD_0004_E_0012868,1.3644275699
CtrSVDD_0005_E_0012869,-3.6489345732
CtrSVDD_0006_E_0012870,-6.8383381105
CtrSVDD_0007_E_0012871,-5.4183372768
CtrSVDD_0008_E_0012872,-1.3748566726
CtrSVDD_0009_E_0012873,-6.4521226366
CtrSVDD_0010_E_0012874,-7.8884845926
CtrSVDD_0011_E_0012875,-1.8153893947
CtrSVDD_0012_E_0012876,-3.0330304275
CtrSVDD_0013_E_0012877,-3.7171798500
CtrSVDD_0014_E_0012878,0.1580188258
CtrSVDD_0015_E_0012879,-0.1707792806
CtrSVDD_0016_E_0012880,-4.6296893679
CtrSVDD_0017_E_0012881,0.7585819416
CtrSVDD_0018_E_0012882,-4.8331424526
CtrSVDD_0019_E_0012883,-4.0934526668
CtrSVDD_0020_E_0012884,-5.4732545943
CtrSVDD_0021_E_0012885,-3.9110649222
CtrSVDD_0022_E_0012886,-4.8637943293
CtrSVDD_0023_E_0012887,1.3031536179
CtrSVDD_0024_E_0012888,-4.0820058928
CtrSVDD_0025_E_0012889,1.4197105540
CtrSVDD_0026_E_0012890,-2.9350395991
CtrSVDD_0027_E_0012891,-6.1464087425
CtrSVDD_0028_E_0012892,-4.8784705719
CtrSVDD_0029_E_0012893,-1.1409127093
CtrSVDD_0030_E_0012894,-4.7038912940
CtrSVDD_0031_E_0012895,-0.5733521972
CtrSVDD_0032_E_0012896,-4.3111145426
CtrSVDD_0033_E_0012897,-4.6473847933
CtrSVDD_0034_E_0012898,-2.9977239551
CtrSVDD_0035_E_0012899,-4.7823198866
CtrSVDD_0036_E_0012900,-5.0952380826
CtrSVDD_0037_E_0012901,-3.4791111492
CtrSVDD_0038_E_0012902,0.7939486683
CtrSVDD_0039_E_0012903,-2.3822695094
CtrSVDD_0040_E_0012904,-7.0166006663
CtrSVDD_0041_E_0012905,0.1622693499
CtrSVDD_0042_E_0012906,-6.3811534658
CtrSVDD_0043_E_0012907,-4.6066764548
CtrSVDD_0044_E_0012908,-0.5634879274
CtrSVDD_0045_E_0012909,-4.7415112470
CtrSVDD_0046_E_0012910,-4.7886235277
CtrSVDD_0047_E_0012911,0.2192556688
CtrSVDD_0000_E_0012912,-3.7421260572
CtrSVDD_0001_E_0012913,-3.8417324628
CtrSVDD_0002_E_0012914,-5.3201593166
CtrSVDD_0003_E_0012915,-3.6786986840
CtrSVDD_0004_E_0012916,-4.3133481612
CtrSVDD_0005_E_0012917,-2.7587015210
CtrSVDD_0006_E_0012918,-3.6670309267
CtrSVDD_0007_E_0012919,-4.2257561997
CtrSVDD_0008_E_0012920,1.2831484089
CtrSVDD_0009_E_0012921,-4.8504010848
CtrSVDD_0010_E_0012922,0.1015865932
CtrSVDD_0011_E_0012923,-6.2245612858
CtrSVDD_0012_E_0012924,0.1368073982
CtrSVDD_0013_E_0012925,-4.5447866640
CtrSVDD_0014_E_0012926,-4.5994074463
CtrSVDD_0015_E_0012927,-3.1465377627
CtrSVDD_0016_E_0012928,-4.4535714197
CtrSVDD_0017_E_0012929,-5.3756784892
CtrSVDD_0018_E_0012930,0.8742407230
CtrSVDD_0019_E_0012931,-5.6018391093
CtrSVDD_0020_E_0012932,-5.8689808019
CtrSVDD_0021_E_0012933,-2.4370209934
CtrSVDD_0022_E_0012934,-4.8069928211
CtrSVDD_0023_E_0012935,-5.1769388931
CtrSVDD_0024_E_0012936,-5.2415570529
CtrSVDD_0025_E_0012937,-1.3390906039
CtrSVDD_0026_E_0012938,-4.8779802171
CtrSVDD_0027_E_0012939,-5.2901250451
CtrSVDD_0028_E_0012940,-5.1590573260
CtrSVDD_0029_E_0012941,-5.5820162570
CtrSVDD_0030_E_0012942,-5.4404103225
CtrSVDD_0031_E_0012943,-3.7044265839
CtrSVDD_0032_E_0012944,-5.4760317855
CtrSVDD_0033_E_0012945,-4.4363182007
CtrSVDD_0034_E_0012946,-3.1011711384
CtrSVDD_0035_E_0012947,-6.2607510211
CtrSVDD_0036_E_0012948,-1.5388086082
CtrSVDD_0037_E_0012949,-7.0255114059
CtrSVDD_0038_E_0012950,-4.9408322803
CtrSVDD_0039_E_0012951,-0.4582631533
CtrSVDD_0040_E_0012952,-5.0069669516
CtrSVDD_0041_E_0012953,-1.6114863479
CtrSVDD_0042_E_0012954,-5.6856676733
CtrSVDD_0043_E_0012955,-5.7808752335
CtrSVDD_0044_E_0012956,-3.6109372346
CtrSVDD_0045_E_0012957,-6.1804026973
CtrSVDD_0046_E_0012958,-4.5526402722
CtrSVDD_0047_E_0012959,-4.8474152528
CtrSVDD_0000_E_0012960,-0.1793015971
CtrSVDD_0001_E_0012961,-6.0530356398
CtrSVDD_0002_E_0012962,-5.5418005355
CtrSVDD_0003_E_0012963,-4.1714358887
CtrSVDD_0004_E_0012964,-7.6608717387
CtrSVDD_0005_E_0012965,-5.1651497008
CtrSVDD_0006_E_0012966,-3.5288186945
CtrSVDD_0007_E_0012967,-4.4847715061
CtrSVDD_0008_E_0012968,-2.9430634167
CtrSVDD_0009_E_0012969,-6.4635694106
CtrSVDD_0010_E_0012970,-1.7558370774
CtrSVDD_0011_E_0012971,-0.0906213158
CtrSVDD_0012_E_0012972,-2.9653133723
CtrSVDD_0013_E_0012973,-6.2766682968
CtrSVDD_0014_E_0012974,-5.4870545376
CtrSVDD_0015_E_0012975,0.4567100527
CtrSVDD_0016_E_0012976,-3.4165688393
CtrSVDD_0017_E_0012977,-4.2449121692
CtrSVDD_0018_E_0012978,-5.7836819550
CtrSVDD_0019_E_0012979,-5.1082997552
CtrSVDD_0020_E_0012980,-3.0982902596
CtrSVDD_0021_E_0012981,-6.6040067215
CtrSVDD_0022_E_0012982,-0.3519331562
CtrSVDD_0023_E_0012983,-5.1879014325
CtrSVDD_0024_E_0012984,-3.5172674110
CtrSVDD_0025_E_0012985,-4.3571830629
CtrSVDD_0026_E_0012986,-1.7934231048
CtrSVDD_0027_E_0012987,-3.6026824949
CtrSVDD_0028_E_0012988,-3.6700386627
CtrSVDD_0029_E_0012989,-5.5714077206
CtrSVDD_0030_E_0012990,-3.1669871185
CtrSVDD_0031_E_0012991,-2.5706251280
CtrSVDD_0032_E_0012992,-3.1515975991
CtrSVDD_0033_E_0012993,-4.7369695241
CtrSVDD_0034_E_0012994,-3.5411892419
CtrSVDD_0035_E_0012995,-4.6320406726
CtrSVDD_0036_E_0012996,0.3459867419
CtrSVDD_0037_E_0012997,-3.9285896620
CtrSVDD_0038_E_0012998,-2.9321427886
CtrSVDD_0039_E_0012999,-5.2517214697
CtrSVDD_0040_E_0013000,-5.9156759643
CtrSVDD_0041_E_0013001,-2.2937563808
CtrSVDD_0042_E_0013002,-4.9908201669
CtrSVDD_0043_E_0013003,2.0349820557
CtrSVDD_0044_E_0013004,-2.8684104817
CtrSVDD_0045_E_0013005,-5.1840011828
CtrSVDD_0046_E_0013006,-0.7163547607
CtrSVDD_0047_E_0013007,-5.5889430389
CtrSVDD_0000_E_0013008,-2.3289133858
CtrSVDD_0001_E_0013009,-4.0421405673
CtrSVDD_0002_E_0013010,-5.5092441964
CtrSVDD_0003_E_0013011,-2.3952785890
CtrSVDD_0004_E_0013012,-4.4768104107
CtrSVDD_0005_E_0013013,-6.4717841352
CtrSVDD_0006_E_0013014,-0.6133869154
CtrSVDD_0007_E_0013015,-6.8072077486
CtrSVDD_0008_E_0013016,-2.3723053361
CtrSVDD_0009_E_0013017,-4.2266313067
CtrSVDD_0010_E_0013018,-4.3491801274
CtrSVDD_0011_E_0013019,-4.2595362640
CtrSVDD_0012_E_0013020,-5.6028249053
CtrSVDD_0013_E_0013021,-6.4530415421
CtrSVDD_0014_E_0013022,-2.9742718625
CtrSVDD_0015_E_0013023,0.1353955945
CtrSVDD_0016_E_0013024,-3.9474375122
CtrSVDD_0017_E_0013025,-2.8641009332
CtrSVDD_0018_E_0013026,-5.6906017410
CtrSVDD_0019_E_0013027,-3.6731989733
CtrSVDD_0020_E_0013028,-5.5814100931
CtrSVDD_0021_E_0013029,-5.9036952174
CtrSVDD_0022_E_0013030,-3.2276630864
CtrSVDD_0023_E_0013031,-3.1688990728
CtrSVDD_0024_E_0013032,-4.8333949680
CtrSVDD_0025_E_0013033,-5.8091443906
CtrSVDD_0026_E_0013034,-4.3522933613
CtrSVDD_0027_E_0013035,-6.2890245212
CtrSVDD_0028_E_0013036,-3.4602758253
CtrSVDD_0029_E_0013037,-4.3982124119
CtrSVDD_0030_E_0013038,-5.6510773301
CtrSVDD_0031_E_0013039,-5.2382603168
CtrSVDD_0032_E_0013040,-3.7719126403
CtrSVDD_0033_E_0013041,-5.8034757682
CtrSVDD_0034_E_0013042,0.4350798563
CtrSVDD_0035_E_0013043,-5.4133320475
CtrSVDD_0036_E_0013044,-3.0213071934
CtrSVDD_0037_E_0013045,-4.3058644120
CtrSVDD_0038_E_0013046,-6.6554649996
CtrSVDD_0039_E_0013047,-5.2618686032
CtrSVDD_0040_E_0013048,-5.6734842899
CtrSVDD_0041_E_0013049,-5.1026608529
CtrSVDD_0042_E_0013050,-3.2596823794
CtrSVDD_0043_E_0013051,0.8060727672
CtrSVDD_0044_E_0013052,0.5865921165
CtrSVDD_0045_E_0013053,-4.3776095255
CtrSVDD_0046_E_0013054,-4.8711212859
CtrSVDD_0047_E_0013055,-5.5700024788
CtrSVDD_0000_E_0013056,-5.9365590497
CtrSVDD_0001_E_0013057,-5.9819915554
CtrSVDD_0002_E_0013058,-3.9604841835
CtrSVDD_0003_E_0013059,-4.5464801956
CtrSVDD_0004_E_0013060,-2.6845492200
CtrSVDD_0005_E_0013061,-6.0507450959
CtrSVDD_0006_E_0013062,-3.3037919271
CtrSVDD_0007_E_0013063,-3.6869193183
CtrSVDD_0008_E_0013064,-3.0296854184
CtrSVDD_0009_E_0013065,-1.2736635467
CtrSVDD_0010_E_0013066,0.9745186026
CtrSVDD_0011_E_0013067,-3.8682683168
CtrSVDD_0012_E_0013068,2.0629994447
CtrSVDD_0013_E_0013069,-4.6674147146
CtrSVDD_0014_E_0013070,-2.9344186059
CtrSVDD_0015_E_0013071,-4.0621922828
CtrSVDD_0016_E_0013072,-3.4531750015
CtrSVDD_0017_E_0013073,-3.9387391805
CtrSVDD_0018_E_0013074,-4.0227532395
CtrSVDD_0019_E_0013075,0.1144997785
CtrSVDD_0020_E_0013076,0.1382194746
CtrSVDD_0021_E_0013077,-4.7155731716
CtrSVDD_0022_E_0013078,-4.4818423912
CtrSVDD_0023_E_0013079,-2.8334247918
CtrSVDD_0024_E_0013080,-6.4041307201
CtrSVDD_0025_E_0013081,0.5713830644
CtrSVDD_0026_E_0013082,-3.8806930618
CtrSVDD_0027_E_0013083,-5.0272429966
CtrSVDD_0028_E_0013084,-5.2103450394
CtrSVDD_0029_E_0013085,0.0510779670
CtrSVDD_0030_E_0013086,-5.5236154775
CtrSVDD_0031_E_0013087,-5.7939085433
CtrSVDD_0032_E_0013088,-4.5492466675
CtrSVDD_0033_E_0013089,-6.3271994983
CtrSVDD_0034_E_0013090,-6.0957356773
CtrSVDD_0035_E_0013091,-4.4467117663
CtrSVDD_0036_E_0013092,-4.6547411942
CtrSVDD_0037_E_0013093,-4.1890304186
CtrSVDD_0038_E_0013094,-5.2012881763
CtrSVDD_0039_E_0013095,-5.1035367811
CtrSVDD_0040_E_0013096,-3.4326980626
CtrSVDD_0041_E_0013097,-2.4933271582
CtrSVDD_0042_E_0013098,-0.9881020363
CtrSVDD_0043_E_0013099,-5.3969661291
CtrSVDD_0044_E_0013100,-6.5785264884
CtrSVDD_0045_E_0013101,-3.6427293308
CtrSVDD_0046_E_0013102,-0.9304840170
CtrSVDD_0047_E_0013103,-5.7425064453
CtrSVDD_0000_E_0013104,-5.7325541878
CtrSVDD_0001_E_0013105,-3.6581847181
CtrSVDD_0002_E_0013106,-7.3563306970
CtrSVDD_0003_E_0013107,-2.9152923397
CtrSVDD_0004_E_0013108,0.9566822130
CtrSVDD_0005_E_0013109,-4.4392522485
CtrSVDD_0006_E_0013110,-7.6315656384
CtrSVDD_0007_E_0013111,-4.9285998968
CtrSVDD_0008_E_0013112,-4.5962812829
CtrSVDD_0009_E_0013113,-6.2935653580
CtrSVDD_0010_E_0013114,-3.5188606048
CtrSVDD_0011_E_0013115,-3.1954486897
CtrSVDD_0012_E_0013116,-6.0223002291
CtrSVDD_0013_E_0013117,-4.9832602203
CtrSVDD_0014_E_0013118,1.3151769909
CtrSVDD_0015_E_0013119,-3.6060004048
CtrSVDD_0016_E_0013120,-2.6298550167
CtrSVDD_0017_E_0013121,-4.5444303716
CtrSVDD_0018_E_0013122,-5.8091795219
CtrSVDD_0019_E_0013123,-4.6259918458
CtrSVDD_0020_E_0013124,-6.5899732624
CtrSVDD_0021_E_0013125,-3.7100356010
CtrSVDD_0022_E_0013126,-4.3789623281
CtrSVDD_0023_E_0013127,-0.4551580530
CtrSVDD_0024_E_0013128,-4.9529455083
CtrSVDD_0025_E_0013129,-6.4933813276
CtrSVDD_0026_E_0013130,-3.4763916753
CtrSVDD_0027_E_0013131,-3.8282635718
CtrSVDD_0028_E_0013132,-5.2467244880
CtrSVDD_0029_E_0013133,-4.1813982161
CtrSVDD_0030_E_0013134,-4.2741524532
CtrSVDD_0031_E_0013135,-5.6360235081
CtrSVDD_0032_E_0013136,-5.8249798656
CtrSVDD_0033_E_0013137,-5.1745365562
CtrSVDD_0034_E_0013138,-5.6272603749
CtrSVDD_0035_E_0013139,-3.8014132707
CtrSVDD_0036_E_0013140,-5.2910626991
CtrSVDD_0037_E_0013141,-0.4644866708
CtrSVDD_0038_E_0013142,-5.9890874307
CtrSVDD_0039_E_0013143,-5.6257486302
CtrSVDD_0040_E_0013144,-4.3989257906
CtrSVDD_0041_E_0013145,0.4911560677
CtrSVDD_0042_E_0013146,-3.2780250760
CtrSVDD_0043_E_0013147,-3.9663582399
CtrSVDD_0044_E_0013148,-1.8569902439
CtrSVDD_0045_E_0013149,-4.2833049249
CtrSVDD_0046_E_0013150,0.5915835914
CtrSVDD_0047_E_0013151,-4.0145697477
CtrSVDD_0000_E_0013152,-6.1282166990
CtrSVDD_0001_E_0013153,-6.3432227062
CtrSVDD_0002_E_0013154,-1.4588081619
CtrSVDD_0003_E_0013155,-1.1709236590
CtrSVDD_0004_E_0013156,-2.7387981223
CtrSVDD_0005_E_0013157,2.3571626578
CtrSVDD_0006_E_0013158,-4.1921974234
CtrSVDD_0007_E_0013159,-1.1329042518
CtrSVDD_0008_E_0013160,-3.7380670125
CtrSVDD_0009_E_0013161,-4.5598120502
CtrSVDD_0010_E_0013162,2.0240136237
CtrSVDD_0011_E_0013163,-4.5143379672
CtrSVDD_0012_E_0013164,-3.1587072889
CtrSVDD_0013_E_0013165,0.5660619668
CtrSVDD_0014_E_0013166,-4.5396456493
CtrSVDD_0015_E_0013167,-5.6087344662
CtrSVDD_0016_E_0013168,-4.0174239780
CtrSVDD_0017_E_0013169,-4.9068446968
CtrSVDD_0018_E_0013170,-4.4685739790
CtrSVDD_0019_E_0013171,-4.7248296824
CtrSVDD_0020_E_0013172,-3.3438982070
CtrSVDD_0021_E_0013173,0.8002791039
CtrSVDD_0022_E_0013174,-5.9067571228
CtrSVDD_0023_E_0013175,-6.2305969557
CtrSVDD_0024_E_0013176,-5.3225744795
CtrSVDD_0025_E_0013177,-6.8911305313
CtrSVDD_0026_E_0013178,-3.0246612010
CtrSVDD_0027_E_0013179,-5.0170942495
CtrSVDD_0028_E_0013180,-7.6530327605
CtrSVDD_0029_E_0013181,-8.0143807258
CtrSVDD_0030_E_0013182,-0.6683561956
CtrSVDD_0031_E_0013183,-3.4973230813
CtrSVDD_0032_E_0013184,-4.0708839664
CtrSVDD_0033_E_0013185,-4.8460664841
CtrSVDD_0034_E_0013186,-6.4886940228
CtrSVDD_0035_E_0013187,-6.1241113916
CtrSVDD_0036_E_0013188,-4.5772149450
CtrSVDD_0037_E_0013189,-5.9573021904
CtrSVDD_0038_E_0013190,-4.3794327809
CtrSVDD_0039_E_0013191,-6.5107163347
CtrSVDD_0040_E_0013192,0.2900690762
CtrSVDD_0041_E_0013193,-2.7464076474
CtrSVDD_0042_E_0013194,-5.4724536286
CtrSVDD_0043_E_0013195,-3.3793943514
CtrSVDD_0044_E_0013196,-4.5355996635
CtrSVDD_0045_E_0013197,-0.4598173600
CtrSVDD_0046_E_0013198,-5.6809542954
CtrSVDD_0047_E_0013199,-6.2833610712
CtrSVDD_0000_E_0013200,-2.8116565098
CtrSVDD_0001_E_0013201,-5.5057708638
CtrSVDD_0002_E_0013202,-7.6329471527
CtrSVDD_0003_E_0013203,-4.9519646393
CtrSVDD_0004_E_0013204,-4.3749006127
CtrSVDD_0005_E_0013205,1.0589544258
CtrSVDD_0006_E_0013206,-4.8919514178
CtrSVDD_0007_E_0013207,-3.6996539561
CtrSVDD_0008_E_0013208,1.8667109463
CtrSVDD_0009_E_0013209,-5.6632629777
CtrSVDD_0010_E_0013210,-3.8507523615
CtrSVDD_0011_E_0013211,0.7548569455
CtrSVDD_0012_E_0013212,-5.9825431333
CtrSVDD_0013_E_0013213,-5.2898100797
CtrSVDD_0014_E_0013214,-5.7164351075
CtrSVDD_0015_E_0013215,-4.1219489535
CtrSVDD_0016_E_0013216,-4.8054301561
CtrSVDD_0017_E_0013217,-3.8559654043
CtrSVDD_0018_E_0013218,-5.0807329238
CtrSVDD_0019_E_0013219,-4.0854781453
CtrSVDD_0020_E_0013220,-5.3339671036
CtrSVDD_0021_E_0013221,-4.3503167783
CtrSVDD_0022_E_0013222,-4.9576278032
CtrSVDD_0023_E_0013223,0.3356097395
CtrSVDD_0024_E_0013224,-5.3318763541
CtrSVDD_0025_E_0013225,-5.6391252653
CtrSVDD_0026_E_0013226,-4.3390005215
CtrSVDD_0027_E_0013227,-4.2963465847
CtrSVDD_0028_E_0013228,-4.7708167200
CtrSVDD_0029_E_0013229,-6.2465223994
CtrSVDD_0030_E_0013230,-5.9144434287
CtrSVDD_0031_E_0013231,-6.3714970333
CtrSVDD_0032_E_0013232,-3.9340830430
CtrSVDD_0033_E_0013233,-5.7370934387
CtrSVDD_0034_E_0013234,-5.7111440765
CtrSVDD_0035_E_0013235,-6.0668798886
CtrSVDD_0036_E_0013236,-6.8903335058
CtrSVDD_0037_E_0013237,-3.7633773590
CtrSVDD_0038_E_0013238,-5.4641650502
CtrSVDD_0039_E_0013239,-4.5069158881
CtrSVDD_0040_E_0013240,-3.5645196504
CtrSVDD_0041_E_0013241,-5.1101780415
CtrSVDD_0042_E_0013242,-6.1454081277
CtrSVDD_0043_E_0013243,-5.0716586593
CtrSVDD_0044_E_0013244,-4.3398786404
CtrSVDD_0045_E_0013245,1.7038531091
CtrSVDD_0046_E_0013246,-4.2355443770
CtrSVDD_0047_E_0013247,-4.0512141745
CtrSVDD_0000_E_0013248,-5.6573923264
CtrSVDD_0001_E_0013249,-7.1523502168
CtrSVDD_0002_E_0013250,-5.1519130348
CtrSVDD_0003_E_0013251,-4.8179267705
CtrSVDD_0004_E_0013252,-1.5437470080
CtrSVDD_0005_E_0013253,-4.9840944884
CtrSVDD_0006_E_0013254,-3.6951581186
CtrSVDD_0007_E_0013255,-5.6909153552
CtrSVDD_0008_E_0013256,-4.6583956416
CtrSVDD_0009_E_0013257,-5.7503312438
CtrSVDD_0010_E_0013258,0.7419009975
CtrSVDD_0011_E_0013259,-0.3017602678
CtrSVDD_0012_E_0013260,-5.3714127853
CtrSVDD_0013_E_0013261,-5.8006498584
CtrSVDD_0014_E_0013262,-4.4519470850
CtrSVDD_0015_E_0013263,-6.1826686424
CtrSVDD_0016_E_0013264,-3.8403311613
CtrSVDD_0017_E_0013265,-5.0127442082
CtrSVDD_0018_E_0013266,-0.8314986965
CtrSVDD_0019_E_0013267,-5.6682175897
CtrSVDD_0020_E_0013268,-3.0780657514
CtrSVDD_0021_E_0013269,-4.0442881066
CtrSVDD_0022_E_0013270,-4.6138938330
CtrSVDD_0023_E_0013271,-4.5558771456
CtrSVDD_0024_E_0013272,0.5487932816
CtrSVDD_0025_E_0013273,-0.9903837048
CtrSVDD_0026_E_0013274,2.9899557576
CtrSVDD_0027_E_0013275,-4.7587005033
CtrSVDD_0028_E_0013276,-4.2606739078
CtrSVDD_0029_E_0013277,-5.3448959478
CtrSVDD_0030_E_0013278,-5.1136530679
CtrSVDD_0031_E_0013279,-4.6984528852
CtrSVDD_0032_E_0013280,-3.5662931194
CtrSVDD_0033_E_0013281,-3.1514015458
CtrSVDD_0034_E_0013282,-3.6831107865
CtrSVDD_0035_E_0013283,1.1144948228
CtrSVDD_0036_E_0013284,-3.2946409194
CtrSVDD_0037_E_0013285,-6.2636700530
CtrSVDD_0038_E_0013286,-6.9803028975
CtrSVDD_0039_E_0013287,-3.5124895924
CtrSVDD_0040_E_0013288,-5.9283565597
CtrSVDD_0041_E_0013289,-3.3382734788
CtrSVDD_0042_E_0013290,-4.5418133370
CtrSVDD_0043_E_0013291,-1.9628364706
CtrSVDD_0044_E_0013292,-3.1189938477
CtrSVDD_0045_E_0013293,-3.4667357400
CtrSVDD_0046_E_0013294,-4.5162217193
CtrSVDD_0047_E_0013295,-5.6188114419
CtrSVDD_0000_E_0013296,-4.9459781178
CtrSVDD_0001_E_0013297,-4.0931388409
CtrSVDD_0002_E_0013298,-3.9531920921
CtrSVDD_0003_E_0013299,-4.8581744275
CtrSVDD_0004_E_0013300,-4.5510833445
CtrSVDD_0005_E_0013301,-4.3857988417
CtrSVDD_0006_E_0013302,-5.7244556180
CtrSVDD_0007_E_0013303,-4.3281428674
CtrSVDD_0008_E_0013304,0.6824132519
CtrSVDD_0009_E_0013305,-3.2697279326
CtrSVDD_0010_E_0013306,-3.6277078925
CtrSVDD_0011_E_0013307,-7.0923395383
CtrSVDD_0012_E_0013308,-0.2959096162
CtrSVDD_0013_E_0013309,-2.6143243207
CtrSVDD_0014_E_0013310,-3.6155194582
CtrSVDD_0015_E_0013311,-4.5816092180
CtrSVDD_0016_E_0013312,2.1195954258
CtrSVDD_0017_E_0013313,-5.3551225229
CtrSVDD_0018_E_0013314,-4.8681791607
CtrSVDD_0019_E_0013315,-3.5101963168
CtrSVDD_0020_E_0013316,-4.5318629269
CtrSVDD_0021_E_0013317,-4.5864900569
CtrSVDD_0022_E_0013318,0.8474158143
CtrSVDD_0023_E_0013319,-5.4238986875
CtrSVDD_0024_E_0013320,-6.8429559408
CtrSVDD_0025_E_0013321,-6.1122210488
CtrSVDD_0026_E_0013322,-2.1307484141
CtrSVDD_0027_E_0013323,-2.0502195444
CtrSVDD_0028_E_0013324,-5.4451452179
CtrSVDD_0029_E_0013325,-5.5974617986
CtrSVDD_0030_E_0013326,-5.2746372223
CtrSVDD_0031_E_0013327,1.3787600432
CtrSVDD_0032_E_0013328,-5.9949433793
CtrSVDD_0033_E_0013329,-3.6334263734
CtrSVDD_0034_E_0013330,-4.5298273853
CtrSVDD_0035_E_0013331,-6.6241517384
CtrSVDD_0036_E_0013332,-7.1603455074
CtrSVDD_0037_E_0013333,-3.8835992574
CtrSVDD_0038_E_0013334,-0.1638787766
CtrSVDD_0039_E_0013335,-0.0145376379
CtrSVDD_0040_E_0013336,-4.2462746287
CtrSVDD_0041_E_0013337,-7.3509335656
CtrSVDD_0042_E_0013338,-5.4776036166
CtrSVDD_0043_E_0013339,-5.8185425651
CtrSVDD_0044_E_0013340,-5.0473354485
CtrSVDD_0045_E_0013341,-5.2559283371
CtrSVDD_0046_E_0013342,-3.9493990056
CtrSVDD_0047_E_0013343,-4.0665101174
CtrSVDD_0000_E_0013344,-5.8659445781
CtrSVDD_0001_E_0013345,-6.7917861143
CtrSVDD_0002_E_0013346,-4.4703956172
CtrSVDD_0003_E_0013347,-1.7762573706
CtrSVDD_0004_E_0013348,-3.7584290777
CtrSVDD_0005_E_0013349,-5.4021214595
CtrSVDD_0006_E_0013350,-6.9976291486
CtrSVDD_0007_E_0013351,-4.2679382408
CtrSVDD_0008_E_0013352,-5.3993596765
CtrSVDD_0009_E_0013353,-2.9890871185
CtrSVDD_0010_E_0013354,-3.1043680439
CtrSVDD_0011_E_0013355,-5.0241909823
CtrSVDD_0012_E_0013356,-3.2950956918
CtrSVDD_0013_E_0013357,-4.7228272950
CtrSVDD_0014_E_0013358,-6.5184490924
CtrSVDD_0015_E_0013359,-7.0738397769
CtrSVDD_0016_E_0013360,-0.2784173997
CtrSVDD_0017_E_0013361,-3.6005951453
CtrSVDD_0018_E_0013362,-4.1952665086
CtrSVDD_0019_E_0013363,-4.2195655929
CtrSVDD_0020_E_0013364,-3.5460580510
CtrSVDD_0021_E_0013365,-6.0341307127
CtrSVDD_0022_E_0013366,0.1992388728
CtrSVDD_0023_E_0013367,-5.9175307261
CtrSVDD_0024_E_0013368,-5.2460663737
CtrSVDD_0025_E_0013369,-6.7692211110
CtrSVDD_0026_E_0013370,-5.7539363043
CtrSVDD_0027_E_0013371,-1.3787152340
CtrSVDD_0028_E_0013372,-5.2281361776
CtrSVDD_0029_E_0013373,-3.9615522814
CtrSVDD_0030_E_0013374,0.3728455586
CtrSVDD_0031_E_0013375,-5.7753816097
CtrSVDD_0032_E_0013376,-5.1023299596
CtrSVDD_0033_E_0013377,-5.7893109252
CtrSVDD_0034_E_0013378,-4.6255219085
CtrSVDD_0035_E_0013379,-5.3506442312
CtrSVDD_0036_E_0013380,-0.2916468333
CtrSVDD_0037_E_0013381,-5.7977937877
CtrSVDD_0038_E_0013382,-4.2182958196
CtrSVDD_0039_E_0013383,-6.2145456967
CtrSVDD_0040_E_0013384,-2.6036612261
CtrSVDD_0041_E_0013385,-5.3756741523
CtrSVDD_0042_E_0013386,-2.5249891816
CtrSVDD_0043_E_0013387,-3.1747541874
CtrSVDD_0044_E_0013388,-6.9948501889
CtrSVDD_0045_E_0013389,-5.8337397947
CtrSVDD_0046_E_0013390,0.5700579520
CtrSVDD_0047_E_0013391,-4.1695724452
CtrSVDD_0000_E_0013392,-4.2868275957
CtrSVDD_0001_E_0013393,-1.9170436279
CtrSVDD_0002_E_0013394,-0.5133580378
CtrSVDD_0003_E_0013395,-4.5380159276
CtrSVDD_0004_E_0013396,-5.5864290464
CtrSVDD_0005_E_0013397,-4.6463420323
CtrSVDD_0006_E_0013398,-4.3257419983
CtrSVDD_0007_E_0013399,-4.9352740288
CtrSVDD_0008_E_0013400,-0.2973713219
CtrSVDD_0009_E_0013401,-3.5873675179
CtrSVDD_0010_E_0013402,0.6648625781
CtrSVDD_0011_E_0013403,-4.1220783123
CtrSVDD_0012_E_0013404,-5.9189554534
CtrSVDD_0013_E_0013405,-4.5229054540
CtrSVDD_0014_E_0013406,0.4587511246
CtrSVDD_0015_E_0013407,-5.7849835359
CtrSVDD_0016_E_0013408,0.3710873993
CtrSVDD_0017_E_0013409,-4.2389902667
CtrSVDD_0018_E_0013410,0.9133678526
CtrSVDD_0019_E_0013411,-6.6836182896
CtrSVDD_0020_E_0013412,-4.2887518660
CtrSVDD_0021_E_0013413,-4.7766797175
CtrSVDD_0022_E_0013414,-4.2982004539
CtrSVDD_0023_E_0013415,-3.1935258634
CtrSVDD_0024_E_0013416,-6.3302038778
CtrSVDD_0025_E_0013417,-4.7118624388
CtrSVDD_0026_E_0013418,-4.8761289072
CtrSVDD_0027_E_0013419,2.1992855108
CtrSVDD_0028_E_0013420,-4.3183416763
CtrSVDD_0029_E_0013421,-6.7553067123
CtrSVDD_0030_E_0013422,-4.0994323052
CtrSVDD_0031_E_0013423,-0.5487932816
CtrSVDD_0032_E_0013424,-6.1602535671
CtrSVDD_0033_E_0013425,-0.1029927185
CtrSVDD_0034_E_0013426,-0.1807232334
CtrSVDD_0035_E_0013427,-0.9745186026
CtrSVDD_0036_E_0013428,-4.4216163175
CtrSVDD_0037_E_0013429,1.3503700232
CtrSVDD_0038_E_0013430,-4.8035885537
CtrSVDD_0039_E_0013431,-4.2842469211
CtrSVDD_0040_E_0013432,0.2581165434
CtrSVDD_0041_E_0013433,-4.0167085071
CtrSVDD_0042_E_0013434,-4.3678891663
CtrSVDD_0043_E_0013435,-5.9838760149
CtrSVDD_0044_E_0013436,-3.7050694783
CtrSVDD_0045_E_0013437,0.6966064677
CtrSVDD_0046_E_0013438,-3.4468730574
CtrSVDD_0047_E_0013439,-6.4060424975
CtrSVDD_0000_E_0013440,-4.5079724033
CtrSVDD_0001_E_0013441,-5.0547675147
CtrSVDD_0002_E_0013442,-5.4972098039
CtrSVDD_0003_E_0013443,-3.4734826311
CtrSVDD_0004_E_0013444,-6.0621918699
CtrSVDD_0005_E_0013445,-2.1497237448
CtrSVDD_0006_E_0013446,-4.3686472679
CtrSVDD_0007_E_0013447,-3.0862158743
CtrSVDD_0008_E_0013448,-2.6890771899
CtrSVDD_0009_E_0013449,-1.6891155756
CtrSVDD_0010_E_0013450,-0.7437441897
CtrSVDD_0011_E_0013451,-4.4360358498
CtrSVDD_0012_E_0013452,0.4749805094
CtrSVDD_0013_E_0013453,0.2886104937
CtrSVDD_0014_E_0013454,-6.6837710205
CtrSVDD_0015_E_0013455,-6.3035257550
CtrSVDD_0016_E_0013456,-5.3070574432
CtrSVDD_0017_E_0013457,-6.0806511610
CtrSVDD_0018_E_0013458,0.2711543501
CtrSVDD_0019_E_0013459,-5.0305618466
CtrSVDD_0020_E_0013460,-6.3152835489
CtrSVDD_0021_E_0013461,-4.9822771021
CtrSVDD_0022_E_0013462,-5.5169784306
CtrSVDD_0023_E_0013463,-5.8960590183
CtrSVDD_0024_E_0013464,-0.1790765351
CtrSVDD_0025_E_0013465,0.9326427283
CtrSVDD_0026_E_0013466,0.5358302223
CtrSVDD_0027_E_0013467,-2.8280778641
CtrSVDD_0028_E_0013468,-4.8519396219
CtrSVDD_0029_E_0013469,-4.5461524752
CtrSVDD_0030_E_0013470,-3.8282080957
CtrSVDD_0031_E_0013471,-4.1311812077
CtrSVDD_0032_E_0013472,-6.2529881045
CtrSVDD_0033_E_0013473,-4.8023021323
CtrSVDD_0034_E_0013474,-5.1871786655
CtrSVDD_0035_E_0013475,-4.4216937398
CtrSVDD_0036_E_0013476,-1.4120878115
CtrSVDD_0037_E_0013477,-5.4392278192
CtrSVDD_0038_E_0013478,-3.2722285774
CtrSVDD_0039_E_0013479,-4.0815635040
CtrSVDD_0040_E_0013480,-3.7223254502
CtrSVDD_0041_E_0013481,-7.2874483582
CtrSVDD_0042_E_0013482,-4.7571986419
CtrSVDD_0043_E_0013483,1.6241083858
CtrSVDD_0044_E_0013484,-6.5454486066
CtrSVDD_0045_E_0013485,-6.1314899948
CtrSVDD_0046_E_0013486,-3.0951054511
CtrSVDD_0047_E_0013487,-4.3287390896
CtrSVDD_0000_E_0013488,-3.4305222953
CtrSVDD_0001_E_0013489,-4.3335447813
CtrSVDD_0002_E_0013490,1.2895037781
CtrSVDD_0003_E_0013491,-3.8805721423
CtrSVDD_0004_E_0013492,-2.6263446593
CtrSVDD_0005_E_0013493,1.0252493761
CtrSVDD_0006_E_0013494,-0.4045260948
CtrSVDD_0007_E_0013495,-4.0533915778
CtrSVDD_0008_E_0013496,-5.3322799236
CtrSVDD_0009_E_0013497,-3.4074189930
CtrSVDD_0010_E_0013498,-2.3399437907
CtrSVDD_0011_E_0013499,-4.3100548907
CtrSVDD_0012_E_0013500,-4.6649947557
CtrSVDD_0013_E_0013501,0.4381572148
CtrSVDD_0014_E_0013502,-4.2698045765
CtrSVDD_0015_E_0013503,-7.2978645426
CtrSVDD_0016_E_0013504,-3.8370200335
CtrSVDD_0017_E_0013505,-5.2416019625
CtrSVDD_0018_E_0013506,-2.8757540657
CtrSVDD_0019_E_0013507,-4.5231185416
CtrSVDD_0020_E_0013508,-5.3172464846
CtrSVDD_0021_E_0013509,-4.7391309375
CtrSVDD_0022_E_0013510,-4.4336500737
CtrSVDD_0023_E_0013511,-7.1576200475
CtrSVDD_0024_E_0013512,-6.6285410003
CtrSVDD_0025_E_0013513,-3.1803174173
CtrSVDD_0026_E_0013514,-6.0989408758
CtrSVDD_0027_E_0013515,-0.4754214521
CtrSVDD_0028_E_0013516,-3.8715130896
CtrSVDD_0029_E_0013517,-4.9042705985
CtrSVDD_0030_E_0013518,-6.1373653435
CtrSVDD_0031_E_0013519,-4.1003316423
CtrSVDD_0032_E_0013520,-4.8946102680
CtrSVDD_0033_E_0013521,-5.9492938342
CtrSVDD_0034_E_0013522,1.5409625827
CtrSVDD_0035_E_0013523,-2.4164647564
CtrSVDD_0036_E_0013524,-5.6386959605
CtrSVDD_0037_E_0013525,-4.3616402811
CtrSVDD_0038_E_0013526,-4.3426389534
CtrSVDD_0039_E_0013527,-0.2178230759
CtrSVDD_0040_E_0013528,-6.8583965687
CtrSVDD_0041_E_0013529,-5.0328906852
CtrSVDD_0042_E_0013530,-4.1415558147
CtrSVDD_0043_E_0013531,-3.3841371990
CtrSVDD_0044_E_0013532,-6.6672756818
CtrSVDD_0045_E_0013533,-3.7688050296
CtrSVDD_0046_E_0013534,-4.4007118617
CtrSVDD_0047_E_0013535,-6.2623973332
CtrSVDD_0000_E_0013536,1.0000358995
CtrSVDD_0001_E_0013537,-1.1571530850
CtrSVDD_0002_E_0013538,-0.5197517581
CtrSVDD_0003_E_0013539,-4.7549266541
CtrSVDD_0004_E_0013540,-4.2782696505
CtrSVDD_0005_E_0013541,-4.2362750338
CtrSVDD_0006_E_0013542,-0.3326515560
CtrSVDD_0007_E_0013543,-4.4805286974
CtrSVDD_0008_E_0013544,-3.2817442259
CtrSVDD_0009_E_0013545,-0.2100843855
CtrSVDD_0010_E_0013546,-5.0113999339
CtrSVDD_0011_E_0013547,-5.1227228323
CtrSVDD_0012_E_0013548,-3.3699081323
CtrSVDD_0013_E_0013549,-6.0020406546
CtrSVDD_0014_E_0013550,-5.2150449816
CtrSVDD_0015_E_0013551,1.7202915191
CtrSVDD_0016_E_0013552,-4.9428270345
CtrSVDD_0017_E_0013553,-4.4979551695
CtrSVDD_0018_E_0013554,-5.1827885553
CtrSVDD_0019_E_0013555,-5.5017170982
CtrSVDD_0020_E_0013556,-6.0547374749
CtrSVDD_0021_E_0013557,-0.3504453938
CtrSVDD_0022_E_0013558,0.0356766635
CtrSVDD_0023_E_0013559,-5.6745776463
CtrSVDD_0024_E_0013560,-5.1845582496
CtrSVDD_0025_E_0013561,-5.1567469444
CtrSVDD_0026_E_0013562,-4.1798480803
CtrSVDD_0027_E_0013563,-4.1865180989
CtrSVDD_0028_E_0013564,-1.0939075304
CtrSVDD_0029_E_0013565,-5.2025734906
CtrSVDD_0030_E_0013566,-4.9092511209
CtrSVDD_0031_E_0013567,-5.1663147607
CtrSVDD_0032_E_0013568,-3.7713338546
CtrSVDD_0033_E_0013569,-4.1145856820
CtrSVDD_0034_E_0013570,-4.7149027050
CtrSVDD_0035_E_0013571,-1.8479498999
CtrSVDD_0036_E_0013572,0.0641267737
CtrSVDD_0037_E_0013573,-0.1935347696
CtrSVDD_0038_E_0013574,-6.1961511378
CtrSVDD_0039_E_0013575,-0.7310515452
CtrSVDD_0040_E_0013576,-7.1909972472
CtrSVDD_0041_E_0013577,-7.2263889483
CtrSVDD_0042_E_0013578,-4.7141720529
CtrSVDD_0043_E_0013579,-4.6155427562
CtrSVDD_0044_E_0013580,-5.9315159393
CtrSVDD_0045_E_0013581,-3.8620560376
CtrSVDD_0046_E_0013582,-1.8667109463
CtrSVDD_0047_E_0013583,-0.0692954288
CtrSVDD_0000_E_0013584,-0.5022191229
CtrSVDD_0001_E_0013585,-3.6745459570
CtrSVDD_0002_E_0013586,-6.9765433214
CtrSVDD_0003_E_0013587,-5.1213701602
CtrSVDD_0004_E_0013588,-5.2472217002
CtrSVDD_0005_E_0013589,-5.3024503658
CtrSVDD_0006_E_0013590,-3.8946771180
CtrSVDD_0007_E_0013591,0.2784173997
CtrSVDD_0008_E_0013592,-3.6246649195
CtrSVDD_0009_E_0013593,-0.0917491809
CtrSVDD_0010_E_0013594,-8.3874394326
CtrSVDD_0011_E_0013595,-3.8594711710
CtrSVDD_0012_E_0013596,-3.5636055724
CtrSVDD_0013_E_0013597,-4.9144016322
CtrSVDD_0014_E_0013598,-6.7209522341
CtrSVDD_0015_E_0013599,-4.5806785712
CtrSVDD_0016_E_0013600,-1.0492027322
CtrSVDD_0017_E_0013601,-5.8554755860
CtrSVDD_0018_E_0013602,-4.9007354551
CtrSVDD_0019_E_0013603,-5.7625140749
CtrSVDD_0020_E_0013604,-0.3909008364
CtrSVDD_0021_E_0013605,-5.8299009269
CtrSVDD_0022_E_0013606,0.4958819829
CtrSVDD_0023_E_0013607,1.7518528889
CtrSVDD_0024_E_0013608,-2.7134878427
CtrSVDD_0025_E_0013609,-3.8929037280
CtrSVDD_0026_E_0013610,-4.3867234573
CtrSVDD_0027_E_0013611,-2.9758150567
CtrSVDD_0028_E_0013612,-4.8016820997
CtrSVDD_0029_E_0013613,-5.9971361547
CtrSVDD_0030_E_0013614,-4.8209612087
CtrSVDD_0031_E_0013615,-4.4505451655
CtrSVDD_0032_E_0013616,-5.2032980803
CtrSVDD_0033_E_0013617,-4.7033493775
CtrSVDD_0034_E_0013618,-4.9706594579
CtrSVDD_0035_E_0013619,-4.0030827556
CtrSVDD_0036_E_0013620,-6.0484592790
CtrSVDD_0037_E_0013621,-2.3772986054
CtrSVDD_0038_E_0013622,-3.5986012346
CtrSVDD_0039_E_0013623,-5.3665692969
CtrSVDD_0040_E_0013624,-0.4576264840
CtrSVDD_0041_E_0013625,-5.9100906880
CtrSVDD_0042_E_0013626,1.2393164969
CtrSVDD_0043_E_0013627,-4.8615449668
CtrSVDD_0044_E_0013628,-2.2786712049
CtrSVDD_0045_E_0013629,-4.6504476657
CtrSVDD_0046_E_0013630,-4.3606725157
CtrSVDD_0047_E_0013631,-5.3667871585
CtrSVDD_0000_E_0013632,-6.1080026838
CtrSVDD_0001_E_0013633,0.9304840170
CtrSVDD_0002_E_0013634,-5.4697538127
CtrSVDD_0003_E_0013635,-2.4841844552
CtrSVDD_0004_E_0013636,-4.5655601877
CtrSVDD_0005_E_0013637,1.6903562409
CtrSVDD_0006_E_0013638,-0.0272797511
CtrSVDD_0007_E_0013639,-3.6264794352
CtrSVDD_0008_E_0013640,-6.3082702186
CtrSVDD_0009_E_0013641,-7.0508170973
CtrSVDD_0010_E_0013642,-5.3490656104
CtrSVDD_0011_E_0013643,-5.7248541336
CtrSVDD_0012_E_0013644,-4.4775555403
CtrSVDD_0013_E_0013645,-2.3370967424
CtrSVDD_0014_E_0013646,-4.6447820299
CtrSVDD_0015_E_0013647,-5.7380033660
CtrSVDD_0016_E_0013648,-2.1330075465
CtrSVDD_0017_E_0013649,-5.5526249013
CtrSVDD_0018_E_0013650,-5.3437473362
CtrSVDD_0019_E_0013651,-4.4667766617
CtrSVDD_0020_E_0013652,-6.2483149162
CtrSVDD_0021_E_0013653,-6.1698715704
CtrSVDD_0022_E_0013654,-5.2548597324
CtrSVDD_0023_E_0013655,-0.9007043491
CtrSVDD_0024_E_0013656,-3.2764356935
CtrSVDD_0025_E_0013657,1.6618633406
CtrSVDD_0026_E_0013658,-0.5965898493
CtrSVDD_0027_E_0013659,-3.4674859881
CtrSVDD_0028_E_0013660,-3.9358395153
CtrSVDD_0029_E_0013661,-3.8545092763
CtrSVDD_0030_E_0013662,0.9028048733
CtrSVDD_0031_E_0013663,-4.1777486068
