filename,score
CtrSVDD_0000_E_0000000,-7.9066508341
CtrSVDD_0001_E_0000001,-0.7345532687
CtrSVDD_0002_E_0000002,-9.7304713832
CtrSVDD_0003_E_0000003,-5.9678100788
CtrSVDD_0004_E_0000004,-5.2386141041
CtrSVDD_0005_E_0000005,-6.0391591853
CtrSVDD_0006_E_0000006,-8.4957391827
CtrSVDD_0007_E_0000007,-5.9989009853
CtrSVDD_0008_E_0000008,-9.0718569522
CtrSVDD_0009_E_0000009,1.2331435240
CtrSVDD_0010_E_0000010,-4.4541030238
CtrSVDD_0011_E_0000011,-5.4638125498
CtrSVDD_0012_E_0000012,-6.4026714049
CtrSVDD_0013_E_0000013,0.8923416778
CtrSVDD_0014_E_0000014,-6.9482861224
CtrSVDD_0015_E_0000015,-5.6569800682
CtrSVDD_0016_E_0000016,-8.8982635453
CtrSVDD_0017_E_0000017,-6.0290027647
CtrSVDD_0018_E_0000018,-8.2740905413
CtrSVDD_0019_E_0000019,-6.5758059775
CtrSVDD_0020_E_0000020,-7.2727346730
CtrSVDD_0021_E_0000021,-8.8278233060
CtrSVDD_0022_E_0000022,-8.1152579416
CtrSVDD_0023_E_0000023,-2.5053542162
CtrSVDD_0024_E_0000024,-6.6770345190
CtrSVDD_0025_E_0000025,0.8374427401
CtrSVDD_0026_E_0000026,-6.7170983170
CtrSVDD_0027_E_0000027,-6.1296456889
CtrSVDD_0028_E_0000028,-6.9865344970
CtrSVDD_0029_E_0000029,0.3954344060
CtrSVDD_0030_E_0000030,-5.1241180831
CtrSVDD_0031_E_0000031,-6.6213073196
CtrSVDD_0032_E_0000032,-4.8890855967
CtrSVDD_0033_E_0000033,-5.3843548005
CtrSVDD_0034_E_0000034,-5.6314068266
CtrSVDD_0035_E_0000035,-6.1822285787
CtrSVDD_0036_E_0000036,-7.9141266663
CtrSVDD_0037_E_0000037,-6.9085546156
CtrSVDD_0038_E_0000038,-0.3002966440
CtrSVDD_0039_E_0000039,-10.1407244352
CtrSVDD_0040_E_0000040,0.8177421023
CtrSVDD_0041_E_0000041,-6.4872038077
CtrSVDD_0042_E_0000042,0.0987749424
CtrSVDD_0043_E_0000043,-5.0463172601
CtrSVDD_0044_E_0000044,-5.7101176894
CtrSVDD_0045_E_0000045,-5.9655197783
CtrSVDD_0046_E_0000046,-7.5500958842
CtrSVDD_0047_E_0000047,-7.2589784852
CtrSVDD_0000_E_0000048,-0.3061550341
CtrSVDD_0001_E_0000049,-4.7909755996
CtrSVDD_0002_E_0000050,-4.2955314722
CtrSVDD_0003_E_0000051,-8.3396682904
CtrSVDD_0004_E_0000052,-7.0459588435
CtrSVDD_0005_E_0000053,-5.9639328543
CtrSVDD_0006_E_0000054,-1.0576107825
CtrSVDD_0007_E_0000055,-5.2183362714
CtrSVDD_0008_E_0000056,-8.2457689758
CtrSVDD_0009_E_0000057,-7.1951259259
CtrSVDD_0010_E_0000058,-5.4483161775
CtrSVDD_0011_E_0000059,-6.5449458379
CtrSVDD_0012_E_0000060,-5.3203660319
CtrSVDD_0013_E_0000061,-2.7379505297
CtrSVDD_0014_E_0000062,-6.8454611636
CtrSVDD_0015_E_0000063,-3.0146977460
CtrSVDD_0016_E_0000064,-6.2315914052
CtrSVDD_0017_E_0000065,-7.5605636962
CtrSVDD_0018_E_0000066,-3.7196299322
CtrSVDD_0019_E_0000067,-7.8181235320
CtrSVDD_0020_E_0000068,-8.0612598106
CtrSVDD_0021_E_0000069,-4.5429123421
CtrSVDD_0022_E_0000070,-7.6912189309
CtrSVDD_0023_E_0000071,-6.4624216932
CtrSVDD_0024_E_0000072,-6.4828391267
CtrSVDD_0025_E_0000073,-7.1550643677
CtrSVDD_0026_E_0000074,-4.2064330140
CtrSVDD_0027_E_0000075,-7.7286059945
CtrSVDD_0028_E_0000076,-4.5377249274
CtrSVDD_0029_E_0000077,0.7792611537
CtrSVDD_0030_E_0000078,-6.5798131944
CtrSVDD_0031_E_0000079,-2.8184584067
CtrSVDD_0032_E_0000080,-4.2293910870
CtrSVDD_0033_E_0000081,-4.1740550649
CtrSVDD_0034_E_0000082,-7.4211904798
CtrSVDD_0035_E_0000083,-6.2231947730
CtrSVDD_0036_E_0000084,-5.7318791547
CtrSVDD_0037_E_0000085,-8.5037227602
CtrSVDD_0038_E_0000086,-4.8031303335
CtrSVDD_0039_E_0000087,-5.1206425064
CtrSVDD_0040_E_0000088,-7.5636961746
CtrSVDD_0041_E_0000089,-6.3761511894
CtrSVDD_0042_E_0000090,-6.7246977871
CtrSVDD_0043_E_0000091,-8.6816594945
CtrSVDD_0044_E_0000092,-7.3174894543
CtrSVDD_0045_E_0000093,-0.1170656426
CtrSVDD_0046_E_0000094,-7.2235108875
CtrSVDD_0047_E_0000095,-7.4755794078
CtrSVDD_0000_E_0000096,-6.5463961008
CtrSVDD_0001_E_0000097,-3.9024796614
CtrSVDD_0002_E_0000098,-6.4696342362
CtrSVDD_0003_E_0000099,-5.6961494650
CtrSVDD_0004_E_0000100,-5.8681650697
CtrSVDD_0005_E_0000101,-5.0835707035
CtrSVDD_0006_E_0000102,-1.5443065715
CtrSVDD_0007_E_0000103,-2.4307654601
CtrSVDD_0008_E_0000104,-9.2113545926
CtrSVDD_0009_E_0000105,-5.6652495049
CtrSVDD_0010_E_0000106,-2.4046832016
CtrSVDD_0011_E_0000107,-8.5877644330
CtrSVDD_0012_E_0000108,-4.1375818070
CtrSVDD_0013_E_0000109,0.2006659048
CtrSVDD_0014_E_0000110,-3.2098594066
CtrSVDD_0015_E_0000111,-4.4999818992
CtrSVDD_0016_E_0000112,-5.7804066733
CtrSVDD_0017_E_0000113,-0.3326515560
CtrSVDD_0018_E_0000114,-6.9212461269
CtrSVDD_0019_E_0000115,-7.0198398469
CtrSVDD_0020_E_0000116,-4.9540349037
CtrSVDD_0021_E_0000117,-0.0580823470
CtrSVDD_0022_E_0000118,-5.0183809690
CtrSVDD_0023_E_0000119,-4.8797314535
CtrSVDD_0024_E_0000120,-6.4332786442
CtrSVDD_0025_E_0000121,-5.6453265677
CtrSVDD_0026_E_0000122,-5.7711003759
CtrSVDD_0027_E_0000123,-8.2473580242
CtrSVDD_0028_E_0000124,-7.0898170259
CtrSVDD_0029_E_0000125,-4.8474764144
CtrSVDD_0030_E_0000126,-2.3768992041
CtrSVDD_0031_E_0000127,-3.3737660866
CtrSVDD_0032_E_0000128,-5.1354051332
CtrSVDD_0033_E_0000129,-0.2106667507
CtrSVDD_0034_E_0000130,-7.0955463405
CtrSVDD_0035_E_0000131,-2.2866898345
CtrSVDD_0036_E_0000132,-2.0814974982
CtrSVDD_0037_E_0000133,-5.0390599236
CtrSVDD_0038_E_0000134,-5.8715022542
CtrSVDD_0039_E_0000135,-5.3029007598
CtrSVDD_0040_E_0000136,-7.3977442778
CtrSVDD_0041_E_0000137,-0.7735886145
CtrSVDD_0042_E_0000138,-8.4819088814
CtrSVDD_0043_E_0000139,-1.2927521004
CtrSVDD_0044_E_0000140,-8.3412213071
CtrSVDD_0045_E_0000141,-7.1402940377
CtrSVDD_0046_E_0000142,-0.8065556559
CtrSVDD_0047_E_0000143,-8.2009199413
CtrSVDD_0000_E_0000144,-8.1659657147
CtrSVDD_0001_E_0000145,-6.8927090869
CtrSVDD_0002_E_0000146,-2.4899308919
CtrSVDD_0003_E_0000147,-8.1401001446
CtrSVDD_0004_E_0000148,-9.6393196752
CtrSVDD_0005_E_0000149,-3.9053775038
CtrSVDD_0006_E_0000150,-6.3961154920
CtrSVDD_0007_E_0000151,-0.8022073322
CtrSVDD_0008_E_0000152,-0.0594835540
CtrSVDD_0009_E_0000153,-0.6116994783
CtrSVDD_0010_E_0000154,0.0805172304
CtrSVDD_0011_E_0000155,-3.2618819672
CtrSVDD_0012_E_0000156,-0.1878369565
CtrSVDD_0013_E_0000157,-4.9443675281
CtrSVDD_0014_E_0000158,-7.6705952955
CtrSVDD_0015_E_0000159,-1.7766785260
CtrSVDD_0016_E_0000160,-2.3456302127
CtrSVDD_0017_E_0000161,-7.6258905573
CtrSVDD_0018_E_0000162,-6.8682866768
CtrSVDD_0019_E_0000163,-7.0269054644
CtrSVDD_0020_E_0000164,-7.2658486046
CtrSVDD_0021_E_0000165,0.7055488387
CtrSVDD_0022_E_0000166,-0.2379215198
CtrSVDD_0023_E_0000167,1.9025043029
CtrSVDD_0024_E_0000168,-6.5100364927
CtrSVDD_0025_E_0000169,-6.1629525347
CtrSVDD_0026_E_0000170,-6.5142336919
CtrSVDD_0027_E_0000171,-7.5264458838
CtrSVDD_0028_E_0000172,0.3385708627
CtrSVDD_0029_E_0000173,-6.7217668020
CtrSVDD_0030_E_0000174,-8.1109363783
CtrSVDD_0031_E_0000175,-7.7039842950
CtrSVDD_0032_E_0000176,-6.6269275481
CtrSVDD_0033_E_0000177,-4.8863936811
CtrSVDD_0034_E_0000178,-8.0148614837
CtrSVDD_0035_E_0000179,-8.7893295706
CtrSVDD_0036_E_0000180,-7.3402027921
CtrSVDD_0037_E_0000181,-4.7605508062
CtrSVDD_0038_E_0000182,-3.3639478949
CtrSVDD_0039_E_0000183,-0.6354858275
CtrSVDD_0040_E_0000184,-5.4607199703
CtrSVDD_0041_E_0000185,-6.8783350023
CtrSVDD_0042_E_0000186,-4.4483017066
CtrSVDD_0043_E_0000187,-7.3635006219
CtrSVDD_0044_E_0000188,-6.2325631728
CtrSVDD_0045_E_0000189,-6.4883921533
CtrSVDD_0046_E_0000190,-4.2280744448
CtrSVDD_0047_E_0000191,-8.0863296872
CtrSVDD_0000_E_0000192,-3.4056505757
CtrSVDD_0001_E_0000193,-8.3338346037
CtrSVDD_0002_E_0000194,-5.8370110438
CtrSVDD_0003_E_0000195,-1.9334368506
CtrSVDD_0004_E_0000196,-5.7101909032
CtrSVDD_0005_E_0000197,-6.0840774549
CtrSVDD_0006_E_0000198,-8.1610663554
CtrSVDD_0007_E_0000199,-6.3659974258
CtrSVDD_0008_E_0000200,-8.1023608283
CtrSVDD_0009_E_0000201,-7.7366690543
CtrSVDD_0010_E_0000202,-4.8098829928
CtrSVDD_0011_E_0000203,-4.7233756295
CtrSVDD_0012_E_0000204,-3.9180941732
CtrSVDD_0013_E_0000205,-8.4466264348
CtrSVDD_0014_E_0000206,-4.5800573838
CtrSVDD_0015_E_0000207,-9.2860204726
CtrSVDD_0016_E_0000208,-5.7823938072
CtrSVDD_0017_E_0000209,-6.5384072907
CtrSVDD_0018_E_0000210,-7.4024487769
CtrSVDD_0019_E_0000211,0.6720728664
CtrSVDD_0020_E_0000212,-7.7000682923
CtrSVDD_0021_E_0000213,-6.1650809457
CtrSVDD_0022_E_0000214,-5.0908435104
CtrSVDD_0023_E_0000215,-6.5359511844
CtrSVDD_0024_E_0000216,-3.5224897378
CtrSVDD_0025_E_0000217,-4.9286428554
CtrSVDD_0026_E_0000218,-5.0072867360
CtrSVDD_0027_E_0000219,-5.2016947370
CtrSVDD_0028_E_0000220,-7.2579273921
CtrSVDD_0029_E_0000221,-6.6279479153
CtrSVDD_0030_E_0000222,-8.4696166808
CtrSVDD_0031_E_0000223,-7.2606885553
CtrSVDD_0032_E_0000224,-6.6281176365
CtrSVDD_0033_E_0000225,-5.6628445269
CtrSVDD_0034_E_0000226,-2.4950903081
CtrSVDD_0035_E_0000227,-7.0481917225
CtrSVDD_0036_E_0000228,-8.7913424722
CtrSVDD_0037_E_0000229,-4.4654967394
CtrSVDD_0038_E_0000230,-5.9240059225
CtrSVDD_0039_E_0000231,-6.4763985789
CtrSVDD_0040_E_0000232,0.4848395315
CtrSVDD_0041_E_0000233,-3.2023841124
CtrSVDD_0042_E_0000234,-0.2959096162
CtrSVDD_0043_E_0000235,-4.4598890901
CtrSVDD_0044_E_0000236,-6.6345715137
CtrSVDD_0045_E_0000237,-8.3222746756
CtrSVDD_0046_E_0000238,-7.2948807640
CtrSVDD_0047_E_0000239,-6.3406116023
CtrSVDD_0000_E_0000240,-3.2526287963
CtrSVDD_0001_E_0000241,-6.5235598749
CtrSVDD_0002_E_0000242,-7.9300252763
CtrSVDD_0003_E_0000243,-0.3710156822
CtrSVDD_0004_E_0000244,-7.4053459098
CtrSVDD_0005_E_0000245,-7.1143169303
CtrSVDD_0006_E_0000246,-6.7065826037
CtrSVDD_0007_E_0000247,-0.8494205515
CtrSVDD_0008_E_0000248,-5.8397948930
CtrSVDD_0009_E_0000249,-0.5766526762
CtrSVDD_0010_E_0000250,-5.0408799619
CtrSVDD_0011_E_0000251,-6.1318685310
CtrSVDD_0012_E_0000252,-7.2683189655
CtrSVDD_0013_E_0000253,-6.7639393895
CtrSVDD_0014_E_0000254,0.1921097344
CtrSVDD_0015_E_0000255,-5.8241370666
CtrSVDD_0016_E_0000256,-7.6161785256
CtrSVDD_0017_E_0000257,-4.7081983162
CtrSVDD_0018_E_0000258,-9.7060876456
CtrSVDD_0019_E_0000259,-6.0231398337
CtrSVDD_0020_E_0000260,-6.3389327761
CtrSVDD_0021_E_0000261,-3.3555305032
CtrSVDD_0022_E_0000262,-3.8886346121
CtrSVDD_0023_E_0000263,0.8796325195
CtrSVDD_0024_E_0000264,-7.4847940660
CtrSVDD_0025_E_0000265,-4.2259207652
CtrSVDD_0026_E_0000266,-6.7487522150
CtrSVDD_0027_E_0000267,-0.2408003976
CtrSVDD_0028_E_0000268,-6.3296348915
CtrSVDD_0029_E_0000269,-3.8160159309
CtrSVDD_0030_E_0000270,-8.0697246290
CtrSVDD_0031_E_0000271,-10.0032139593
CtrSVDD_0032_E_0000272,-2.7468112791
CtrSVDD_0033_E_0000273,-5.5050438882
CtrSVDD_0034_E_0000274,-5.0688456154
CtrSVDD_0035_E_0000275,-3.8451831605
CtrSVDD_0036_E_0000276,-5.9136054252
CtrSVDD_0037_E_0000277,-3.2629726419
CtrSVDD_0038_E_0000278,-5.3602363199
CtrSVDD_0039_E_0000279,-2.6032413670
CtrSVDD_0040_E_0000280,-5.0888001784
CtrSVDD_0041_E_0000281,-5.8550370554
CtrSVDD_0042_E_0000282,-4.8392442717
CtrSVDD_0043_E_0000283,-7.7401503724
CtrSVDD_0044_E_0000284,-7.1469779657
CtrSVDD_0045_E_0000285,-7.9577523451
CtrSVDD_0046_E_0000286,-8.1183226376
CtrSVDD_0047_E_0000287,-4.4045170332
CtrSVDD_0000_E_0000288,-4.6397725376
CtrSVDD_0001_E_0000289,-5.0655229817
CtrSVDD_0002_E_0000290,-6.1593381691
CtrSVDD_0003_E_0000291,-6.3654599254
CtrSVDD_0004_E_0000292,-6.5873353976
CtrSVDD_0005_E_0000293,-7.2529838527
CtrSVDD_0006_E_0000294,-6.0157065447
CtrSVDD_0007_E_0000295,-6.7011027774
CtrSVDD_0008_E_0000296,-7.1037971911
CtrSVDD_0009_E_0000297,-1.3425033442
CtrSVDD_0010_E_0000298,-3.3336003886
CtrSVDD_0011_E_0000299,-6.3010016482
CtrSVDD_0012_E_0000300,-8.2664842188
CtrSVDD_0013_E_0000301,-4.8304233181
CtrSVDD_0014_E_0000302,-5.4841587791
CtrSVDD_0015_E_0000303,-3.7582080703
CtrSVDD_0016_E_0000304,-0.1935347696
CtrSVDD_0017_E_0000305,1.0181772056
CtrSVDD_0018_E_0000306,-4.5851143682
CtrSVDD_0019_E_0000307,-6.1444800687
CtrSVDD_0020_E_0000308,-4.6809637617
CtrSVDD_0021_E_0000309,-7.7436397103
CtrSVDD_0022_E_0000310,-6.4647844547
CtrSVDD_0023_E_0000311,-7.2231905581
CtrSVDD_0024_E_0000312,-6.8381508118
CtrSVDD_0025_E_0000313,-6.8897160659
CtrSVDD_0026_E_0000314,-0.7310515452
CtrSVDD_0027_E_0000315,-0.7906822025
CtrSVDD_0028_E_0000316,-6.0428279782
CtrSVDD_0029_E_0000317,-4.7995170324
CtrSVDD_0030_E_0000318,0.0187347586
CtrSVDD_0031_E_0000319,-5.0583778963
CtrSVDD_0032_E_0000320,1.2455108566
CtrSVDD_0033_E_0000321,-1.7027899649
CtrSVDD_0034_E_0000322,-5.3186839669
CtrSVDD_0035_E_0000323,0.8527282741
CtrSVDD_0036_E_0000324,-7.5907288792
CtrSVDD_0037_E_0000325,-6.2740186147
CtrSVDD_0038_E_0000326,-8.3201629116
CtrSVDD_0039_E_0000327,-7.0804430914
CtrSVDD_0040_E_0000328,-7.9873165364
CtrSVDD_0041_E_0000329,-8.8266046224
CtrSVDD_0042_E_0000330,-4.9155243454
CtrSVDD_0043_E_0000331,-0.8474158143
CtrSVDD_0044_E_0000332,0.9926705409
CtrSVDD_0045_E_0000333,-6.1091054411
CtrSVDD_0046_E_0000334,-6.9046810547
CtrSVDD_0047_E_0000335,-7.8188923035
CtrSVDD_0000_E_0000336,0.2981000670
CtrSVDD_0001_E_0000337,-6.4627378587
CtrSVDD_0002_E_0000338,-8.5766604544
CtrSVDD_0003_E_0000339,-2.7926805428
CtrSVDD_0004_E_0000340,-6.1748485509
CtrSVDD_0005_E_0000341,1.4017293963
CtrSVDD_0006_E_0000342,0.8354581133
CtrSVDD_0007_E_0000343,-6.8265160255
CtrSVDD_0008_E_0000344,-3.1648237479
CtrSVDD_0009_E_0000345,-6.3429057318
CtrSVDD_0010_E_0000346,-5.5737526677
CtrSVDD_0011_E_0000347,-5.9368833423
CtrSVDD_0012_E_0000348,-4.6755292081
CtrSVDD_0013_E_0000349,-6.8182122805
CtrSVDD_0014_E_0000350,-10.3772860253
CtrSVDD_0015_E_0000351,1.6618633406
CtrSVDD_0016_E_0000352,-5.5207544836
CtrSVDD_0017_E_0000353,-8.0652377806
CtrSVDD_0018_E_0000354,-3.5713830094
CtrSVDD_0019_E_0000355,-5.8114788071
CtrSVDD_0020_E_0000356,-2.1195954258
CtrSVDD_0021_E_0000357,-7.0525750924
CtrSVDD_0022_E_0000358,-7.6257318716
CtrSVDD_0023_E_0000359,-7.7475533520
CtrSVDD_0024_E_0000360,0.1015865932
CtrSVDD_0025_E_0000361,-4.9647860629
CtrSVDD_0026_E_0000362,-6.9506245410
CtrSVDD_0027_E_0000363,-4.3224993922
CtrSVDD_0028_E_0000364,-0.9176216787
CtrSVDD_0029_E_0000365,-4.0097519069
CtrSVDD_0030_E_0000366,1.2617708616
CtrSVDD_0031_E_0000367,0.3519331562
CtrSVDD_0032_E_0000368,-8.4063942035
CtrSVDD_0033_E_0000369,-4.9638620876
CtrSVDD_0034_E_0000370,-7.3230083616
CtrSVDD_0035_E_0000371,-5.2573587323
CtrSVDD_0036_E_0000372,-7.1364022047
CtrSVDD_0037_E_0000373,-4.8967710468
CtrSVDD_0038_E_0000374,-5.1983683531
CtrSVDD_0039_E_0000375,-7.3667010857
CtrSVDD_0040_E_0000376,-6.4596412126
CtrSVDD_0041_E_0000377,-5.8245896993
CtrSVDD_0042_E_0000378,-8.7006722715
CtrSVDD_0043_E_0000379,-1.8585173543
CtrSVDD_0044_E_0000380,-6.1107735378
CtrSVDD_0045_E_0000381,-8.9251470531
CtrSVDD_0046_E_0000382,-6.5484801587
CtrSVDD_0047_E_0000383,-8.3573913305
CtrSVDD_0000_E_0000384,-5.9498565503
CtrSVDD_0001_E_0000385,-0.2163909299
CtrSVDD_0002_E_0000386,0.8434165203
CtrSVDD_0003_E_0000387,-8.1179569463
CtrSVDD_0004_E_0000388,-7.1603140702
CtrSVDD_0005_E_0000389,-4.6758812199
CtrSVDD_0006_E_0000390,-6.4203562796
CtrSVDD_0007_E_0000391,-2.1178181931
CtrSVDD_0008_E_0000392,-9.1600471577
CtrSVDD_0009_E_0000393,0.6457902880
CtrSVDD_0010_E_0000394,-9.3493794242
CtrSVDD_0011_E_0000395,-6.1383561655
CtrSVDD_0012_E_0000396,-4.0420552973
CtrSVDD_0013_E_0000397,0.4965367502
CtrSVDD_0014_E_0000398,0.1058055829
CtrSVDD_0015_E_0000399,-8.0800070938
CtrSVDD_0016_E_0000400,-4.1748822959
CtrSVDD_0017_E_0000401,-5.1574082188
CtrSVDD_0018_E_0000402,-7.9604366867
CtrSVDD_0019_E_0000403,-2.4638500266
CtrSVDD_0020_E_0000404,-7.1924359919
CtrSVDD_0021_E_0000405,-3.9318791140
CtrSVDD_0022_E_0000406,-5.5460748457
CtrSVDD_0023_E_0000407,-3.6804293663
CtrSVDD_0024_E_0000408,-6.2030087615
CtrSVDD_0025_E_0000409,-4.1672823609
CtrSVDD_0026_E_0000410,-1.6903562409
CtrSVDD_0027_E_0000411,-0.0118899790
CtrSVDD_0028_E_0000412,0.0664913965
CtrSVDD_0029_E_0000413,-6.2461377820
CtrSVDD_0030_E_0000414,-6.7601116715
CtrSVDD_0031_E_0000415,-8.0146113763
CtrSVDD_0032_E_0000416,-5.1724014567
CtrSVDD_0033_E_0000417,1.5939241568
CtrSVDD_0034_E_0000418,-6.1376784940
CtrSVDD_0035_E_0000419,-6.1571752273
CtrSVDD_0036_E_0000420,-6.7797609395
CtrSVDD_0037_E_0000421,-6.7713299211
CtrSVDD_0038_E_0000422,-5.4084473326
CtrSVDD_0039_E_0000423,0.0957844592
CtrSVDD_0040_E_0000424,2.2396815046
CtrSVDD_0041_E_0000425,-5.5362484473
CtrSVDD_0042_E_0000426,-6.8065904865
CtrSVDD_0043_E_0000427,-5.2316625617
CtrSVDD_0044_E_0000428,-6.2174511864
CtrSVDD_0045_E_0000429,-8.1095796797
CtrSVDD_0046_E_0000430,-7.6000527466
CtrSVDD_0047_E_0000431,-6.0153534529
CtrSVDD_0000_E_0000432,-6.2371404920
CtrSVDD_0001_E_0000433,-6.1891639834
CtrSVDD_0002_E_0000434,-8.4811158409
CtrSVDD_0003_E_0000435,-3.1345205054
CtrSVDD_0004_E_0000436,-6.7234265982
CtrSVDD_0005_E_0000437,-7.0343815804
CtrSVDD_0006_E_0000438,-7.6412881882
CtrSVDD_0007_E_0000439,-6.1879181875
CtrSVDD_0008_E_0000440,-7.5247491274
CtrSVDD_0009_E_0000441,-5.5459433913
CtrSVDD_0010_E_0000442,1.8075939945
CtrSVDD_0011_E_0000443,-5.4603367632
CtrSVDD_0012_E_0000444,-7.5310625915
CtrSVDD_0013_E_0000445,-5.6079490057
CtrSVDD_0014_E_0000446,-6.5462589165
CtrSVDD_0015_E_0000447,-7.7905037970
CtrSVDD_0016_E_0000448,-3.8376714189
CtrSVDD_0017_E_0000449,1.1934303035
CtrSVDD_0018_E_0000450,-5.5675153041
CtrSVDD_0019_E_0000451,-0.7055488387
CtrSVDD_0020_E_0000452,-5.2512332154
CtrSVDD_0021_E_0000453,-8.6215582946
CtrSVDD_0022_E_0000454,-2.8648504186
CtrSVDD_0023_E_0000455,-6.3782616820
CtrSVDD_0024_E_0000456,-6.5951905959
CtrSVDD_0025_E_0000457,-2.6930046140
CtrSVDD_0026_E_0000458,1.8912292378
CtrSVDD_0027_E_0000459,-7.2900670654
CtrSVDD_0028_E_0000460,-7.3695968042
CtrSVDD_0029_E_0000461,-3.4808557992
CtrSVDD_0030_E_0000462,-3.7116228133
CtrSVDD_0031_E_0000463,-5.3281031696
CtrSVDD_0032_E_0000464,3.0257847151
CtrSVDD_0033_E_0000465,-6.0251162106
CtrSVDD_0034_E_0000466,-1.1737045358
CtrSVDD_0035_E_0000467,-4.2540984798
CtrSVDD_0036_E_0000468,-7.6113428381
CtrSVDD_0037_E_0000469,-6.6736315842
CtrSVDD_0038_E_0000470,-8.4684917039
CtrSVDD_0039_E_0000471,-3.5333507066
CtrSVDD_0040_E_0000472,-7.1661662231
CtrSVDD_0041_E_0000473,0.3326515560
CtrSVDD_0042_E_0000474,-8.4554058169
CtrSVDD_0043_E_0000475,0.7811575769
CtrSVDD_0044_E_0000476,-4.0202350870
CtrSVDD_0045_E_0000477,-5.9223895282
CtrSVDD_0046_E_0000478,-3.0828699524
CtrSVDD_0047_E_0000479,-3.6768426148
CtrSVDD_0000_E_0000480,-7.7120350281
CtrSVDD_0001_E_0000481,1.7038531091
CtrSVDD_0002_E_0000482,-4.0495944794
CtrSVDD_0003_E_0000483,-6.2937805998
CtrSVDD_0004_E_0000484,-1.7916969484
CtrSVDD_0005_E_0000485,-6.8743556236
CtrSVDD_0006_E_0000486,-7.7452713932
CtrSVDD_0007_E_0000487,-6.9903399683
CtrSVDD_0008_E_0000488,-6.9785404057
CtrSVDD_0009_E_0000489,-3.8096108362
CtrSVDD_0010_E_0000490,-2.2530013130
CtrSVDD_0011_E_0000491,-3.5098195572
CtrSVDD_0012_E_0000492,-7.0428573053
CtrSVDD_0013_E_0000493,-5.5154153608
CtrSVDD_0014_E_0000494,-6.6437016800
CtrSVDD_0015_E_0000495,-6.5294896732
CtrSVDD_0016_E_0000496,-5.7969800461
CtrSVDD_0017_E_0000497,-5.1898327184
CtrSVDD_0018_E_0000498,-8.2332702663
CtrSVDD_0019_E_0000499,-8.2162707295
CtrSVDD_0020_E_0000500,-6.6886829619
CtrSVDD_0021_E_0000501,-4.4231570667
CtrSVDD_0022_E_0000502,-5.7845642149
CtrSVDD_0023_E_0000503,-5.2634502370
CtrSVDD_0024_E_0000504,-3.2655791162
CtrSVDD_0025_E_0000505,-6.6777972098
CtrSVDD_0026_E_0000506,-3.8905344140
CtrSVDD_0027_E_0000507,-0.0706976479
CtrSVDD_0028_E_0000508,-3.6427156968
CtrSVDD_0029_E_0000509,-6.8365262390
CtrSVDD_0030_E_0000510,2.6912104161
CtrSVDD_0031_E_0000511,-5.4716877117
CtrSVDD_0032_E_0000512,-8.1551243508
CtrSVDD_0033_E_0000513,-1.4905548483
CtrSVDD_0034_E_0000514,-4.6682668725
CtrSVDD_0035_E_0000515,-8.2209434272
CtrSVDD_0036_E_0000516,-5.8856308236
CtrSVDD_0037_E_0000517,-6.9575399495
CtrSVDD_0038_E_0000518,-6.7750488512
CtrSVDD_0039_E_0000519,-5.4586677584
CtrSVDD_0040_E_0000520,-0.5424936678
CtrSVDD_0041_E_0000521,-4.0460409155
CtrSVDD_0042_E_0000522,-6.3440042568
CtrSVDD_0043_E_0000523,-4.7197474592
CtrSVDD_0044_E_0000524,-6.0952140723
CtrSVDD_0045_E_0000525,-3.3965590404
CtrSVDD_0046_E_0000526,-7.4086743659
CtrSVDD_0047_E_0000527,-4.5873822723
CtrSVDD_0000_E_0000528,0.4641671859
CtrSVDD_0001_E_0000529,-8.9711679298
CtrSVDD_0002_E_0000530,-7.1443456841
CtrSVDD_0003_E_0000531,-5.6704129774
CtrSVDD_0004_E_0000532,-7.8109085743
CtrSVDD_0005_E_0000533,-3.4627453050
CtrSVDD_0006_E_0000534,-5.3948064829
CtrSVDD_0007_E_0000535,-5.7499529631
CtrSVDD_0008_E_0000536,-5.5867255206
CtrSVDD_0009_E_0000537,-4.9502547611
CtrSVDD_0010_E_0000538,0.9588950729
CtrSVDD_0011_E_0000539,0.6423478973
CtrSVDD_0012_E_0000540,-6.7732482672
CtrSVDD_0013_E_0000541,-5.5397299700
CtrSVDD_0014_E_0000542,-5.0669801090
CtrSVDD_0015_E_0000543,-4.0323082645
CtrSVDD_0016_E_0000544,-3.3207811623
CtrSVDD_0017_E_0000545,-4.7032025648
CtrSVDD_0018_E_0000546,-6.0594346301
CtrSVDD_0019_E_0000547,-5.6213090914
CtrSVDD_0020_E_0000548,-6.4958404931
CtrSVDD_0021_E_0000549,-4.8252962939
CtrSVDD_0022_E_0000550,-2.4237902522
CtrSVDD_0023_E_0000551,-0.3237943289
CtrSVDD_0024_E_0000552,-5.1227280244
CtrSVDD_0025_E_0000553,-5.4562285641
CtrSVDD_0026_E_0000554,-6.4698045083
CtrSVDD_0027_E_0000555,-7.0719948284
CtrSVDD_0028_E_0000556,-4.4766351702
CtrSVDD_0029_E_0000557,-3.9449683926
CtrSVDD_0030_E_0000558,-4.0162856111
CtrSVDD_0031_E_0000559,-4.0930762494
CtrSVDD_0032_E_0000560,0.2886104937
CtrSVDD_0033_E_0000561,-0.3969515109
CtrSVDD_0034_E_0000562,-6.7699243034
CtrSVDD_0035_E_0000563,-6.7649392282
CtrSVDD_0036_E_0000564,-2.6952783714
CtrSVDD_0037_E_0000565,-5.9321577371
CtrSVDD_0038_E_0000566,-5.1186519420
CtrSVDD_0039_E_0000567,-6.1093228629
CtrSVDD_0040_E_0000568,0.8902607472
CtrSVDD_0041_E_0000569,-4.9656362563
CtrSVDD_0042_E_0000570,-3.6215268841
CtrSVDD_0043_E_0000571,-8.0496717331
CtrSVDD_0044_E_0000572,-7.4274816438
CtrSVDD_0045_E_0000573,-6.2342986547
CtrSVDD_0046_E_0000574,-6.5716750850
CtrSVDD_0047_E_0000575,-7.1111117722
CtrSVDD_0000_E_0000576,-5.0923896304
CtrSVDD_0001_E_0000577,-3.0173456128
CtrSVDD_0002_E_0000578,-7.1602705084
CtrSVDD_0003_E_0000579,-6.1964286096
CtrSVDD_0004_E_0000580,-4.5824388194
CtrSVDD_0005_E_0000581,-3.5473468657
CtrSVDD_0006_E_0000582,1.3196797484
CtrSVDD_0007_E_0000583,-6.4730173217
CtrSVDD_0008_E_0000584,-8.7678771272
CtrSVDD_0009_E_0000585,-3.7299803227
CtrSVDD_0010_E_0000586,0.1466978246
CtrSVDD_0011_E_0000587,-2.2653632505
CtrSVDD_0012_E_0000588,-6.8259677958
CtrSVDD_0013_E_0000589,-5.4965364440
CtrSVDD_0014_E_0000590,-0.7567181311
CtrSVDD_0015_E_0000591,-6.3493633448
CtrSVDD_0016_E_0000592,-1.1625029119
CtrSVDD_0017_E_0000593,-7.2123098169
CtrSVDD_0018_E_0000594,-7.6994087714
CtrSVDD_0019_E_0000595,-0.9677938789
CtrSVDD_0020_E_0000596,-6.0082513674
CtrSVDD_0021_E_0000597,-6.0276114947
CtrSVDD_0022_E_0000598,-4.8909146713
CtrSVDD_0023_E_0000599,0.0104911032
CtrSVDD_0024_E_0000600,-6.5501200886
CtrSVDD_0025_E_0000601,-6.8658415214
CtrSVDD_0026_E_0000602,-7.0145500983
CtrSVDD_0027_E_0000603,-4.0978258373
CtrSVDD_0028_E_0000604,-5.5684182506
CtrSVDD_0029_E_0000605,-7.4110635499
CtrSVDD_0030_E_0000606,0.5133580378
CtrSVDD_0031_E_0000607,-6.6303429604
CtrSVDD_0032_E_0000608,-5.8816861056
CtrSVDD_0033_E_0000609,-8.6081100478
CtrSVDD_0034_E_0000610,1.3970837332
CtrSVDD_0035_E_0000611,-5.9400991713
CtrSVDD_0036_E_0000612,-6.6420703112
CtrSVDD_0037_E_0000613,0.2422405838
CtrSVDD_0038_E_0000614,-3.8510444882
CtrSVDD_0039_E_0000615,-7.2742370279
CtrSVDD_0040_E_0000616,-6.2550678395
CtrSVDD_0041_E_0000617,-6.8015244386
CtrSVDD_0042_E_0000618,-7.0863299918
CtrSVDD_0043_E_0000619,1.1905004250
CtrSVDD_0044_E_0000620,-2.9380221174
CtrSVDD_0045_E_0000621,-6.5904701151
CtrSVDD_0046_E_0000622,-6.6720692269
CtrSVDD_0047_E_0000623,-6.3643197930
CtrSVDD_0000_E_0000624,-7.2593047407
CtrSVDD_0001_E_0000625,-6.7086346542
CtrSVDD_0002_E_0000626,-6.6137941399
CtrSVDD_0003_E_0000627,-2.6162523972
CtrSVDD_0004_E_0000628,-7.3453272428
CtrSVDD_0005_E_0000629,-8.0097945466
CtrSVDD_0006_E_0000630,-4.3299991350
CtrSVDD_0007_E_0000631,-6.6204513861
CtrSVDD_0008_E_0000632,-5.6907224112
CtrSVDD_0009_E_0000633,-7.0732040238
CtrSVDD_0010_E_0000634,-5.2050524267
CtrSVDD_0011_E_0000635,-4.1213421562
CtrSVDD_0012_E_0000636,-5.8134053340
CtrSVDD_0013_E_0000637,-1.2433804294
CtrSVDD_0014_E_0000638,-6.1739001129
CtrSVDD_0015_E_0000639,-8.6654339446
CtrSVDD_0016_E_0000640,-7.9441020827
CtrSVDD_0017_E_0000641,-4.1291099732
CtrSVDD_0018_E_0000642,-8.3108542569
CtrSVDD_0019_E_0000643,-7.1179024825
CtrSVDD_0020_E_0000644,-2.9388439861
CtrSVDD_0021_E_0000645,-6.0550300732
CtrSVDD_0022_E_0000646,-0.7887715581
CtrSVDD_0023_E_0000647,-6.0231617470
CtrSVDD_0024_E_0000648,-4.7719874628
CtrSVDD_0025_E_0000649,-5.6026767433
CtrSVDD_0026_E_0000650,-5.2009551341
CtrSVDD_0027_E_0000651,-1.0712874999
CtrSVDD_0028_E_0000652,-5.1971050854
CtrSVDD_0029_E_0000653,-7.3242169416
CtrSVDD_0030_E_0000654,-7.5226572888
CtrSVDD_0031_E_0000655,-6.5783695610
CtrSVDD_0032_E_0000656,-6.3684639746
CtrSVDD_0033_E_0000657,-6.2446961342
CtrSVDD_0034_E_0000658,-4.1347694734
CtrSVDD_0035_E_0000659,-5.2767472482
CtrSVDD_0036_E_0000660,2.2162736869
CtrSVDD_0037_E_0000661,-5.7173775358
CtrSVDD_0038_E_0000662,-4.2173284474
CtrSVDD_0039_E_0000663,-7.4614298634
CtrSVDD_0040_E_0000664,0.2900690762
CtrSVDD_0041_E_0000665,-6.5764935102
CtrSVDD_0042_E_0000666,-0.3445020561
CtrSVDD_0043_E_0000667,-3.9479865062
CtrSVDD_0044_E_0000668,-5.1352489614
CtrSVDD_0045_E_0000669,-3.8878318630
CtrSVDD_0046_E_0000670,-4.6435179282
CtrSVDD_0047_E_0000671,-5.3002056243
CtrSVDD_0000_E_0000672,-3.5888558844
CtrSVDD_0001_E_0000673,-4.4714163115
CtrSVDD_0002_E_0000674,-9.5106573389
CtrSVDD_0003_E_0000675,-7.9876084515
CtrSVDD_0004_E_0000676,-7.4473823732
CtrSVDD_0005_E_0000677,-4.9645966942
CtrSVDD_0006_E_0000678,-5.9951508918
CtrSVDD_0007_E_0000679,-6.0063841048
CtrSVDD_0008_E_0000680,-6.9114563762
CtrSVDD_0009_E_0000681,-7.3467871528
CtrSVDD_0010_E_0000682,-7.7480521433
CtrSVDD_0011_E_0000683,-7.5969152757
CtrSVDD_0012_E_0000684,-4.5411593064
CtrSVDD_0013_E_0000685,-1.9788661647
CtrSVDD_0014_E_0000686,-6.7791254704
CtrSVDD_0015_E_0000687,-0.5261667968
CtrSVDD_0016_E_0000688,-8.1315654660
CtrSVDD_0017_E_0000689,-7.5715635813
CtrSVDD_0018_E_0000690,-5.8664939075
CtrSVDD_0019_E_0000691,-6.8624396369
CtrSVDD_0020_E_0000692,-6.6935517764
CtrSVDD_0021_E_0000693,-5.8174891782
CtrSVDD_0022_E_0000694,-8.3009469416
CtrSVDD_0023_E_0000695,-6.4501865347
CtrSVDD_0024_E_0000696,-1.8856722680
CtrSVDD_0025_E_0000697,-8.8453467245
CtrSVDD_0026_E_0000698,-4.8829568706
CtrSVDD_0027_E_0000699,-3.6058422017
CtrSVDD_0028_E_0000700,-1.7817142419
CtrSVDD_0029_E_0000701,-5.9989175984
CtrSVDD_0030_E_0000702,-7.1888724180
CtrSVDD_0031_E_0000703,-7.9007060211
CtrSVDD_0032_E_0000704,-0.6184597510
CtrSVDD_0033_E_0000705,-4.1072781723
CtrSVDD_0034_E_0000706,-5.8694444774
CtrSVDD_0035_E_0000707,-7.3638347997
CtrSVDD_0036_E_0000708,0.9229904982
CtrSVDD_0037_E_0000709,-7.0241719939
CtrSVDD_0038_E_0000710,-5.4172600939
CtrSVDD_0039_E_0000711,-5.9449581577
CtrSVDD_0040_E_0000712,-6.7866669773
CtrSVDD_0041_E_0000713,-4.7926977101
CtrSVDD_0042_E_0000714,-6.7318906882
CtrSVDD_0043_E_0000715,-4.7193023374
CtrSVDD_0044_E_0000716,-0.0212841861
CtrSVDD_0045_E_0000717,-8.0764884931
CtrSVDD_0046_E_0000718,-0.1241106340
CtrSVDD_0047_E_0000719,-5.6916249722
CtrSVDD_0000_E_0000720,1.6346590772
CtrSVDD_0001_E_0000721,-6.7763227441
CtrSVDD_0002_E_0000722,-7.1638316601
CtrSVDD_0003_E_0000723,-3.2187131873
CtrSVDD_0004_E_0000724,-6.0526621330
CtrSVDD_0005_E_0000725,-8.3768711441
CtrSVDD_0006_E_0000726,2.2700960885
CtrSVDD_0007_E_0000727,-6.9203545057
CtrSVDD_0008_E_0000728,-4.7021718536
CtrSVDD_0009_E_0000729,-6.3027570467
CtrSVDD_0010_E_0000730,-7.1870770879
CtrSVDD_0011_E_0000731,-0.0426759874
CtrSVDD_0012_E_0000732,-3.0577187897
CtrSVDD_0013_E_0000733,-7.5539713273
CtrSVDD_0014_E_0000734,-7.0075094816
CtrSVDD_0015_E_0000735,-7.0479708801
CtrSVDD_0016_E_0000736,-8.0396634683
CtrSVDD_0017_E_0000737,-6.2469185727
CtrSVDD_0018_E_0000738,-3.0247986458
CtrSVDD_0019_E_0000739,0.1144997785
CtrSVDD_0020_E_0000740,-5.3846007999
CtrSVDD_0021_E_0000741,-0.3087460368
CtrSVDD_0022_E_0000742,-7.3354775595
CtrSVDD_0023_E_0000743,-6.0659768345
CtrSVDD_0024_E_0000744,-0.6032882259
CtrSVDD_0025_E_0000745,-5.4461429517
CtrSVDD_0026_E_0000746,-5.5439636253
CtrSVDD_0027_E_0000747,-5.9592299574
CtrSVDD_0028_E_0000748,-0.4582631533
CtrSVDD_0029_E_0000749,-1.3944649263
CtrSVDD_0030_E_0000750,-8.1527454853
CtrSVDD_0031_E_0000751,-8.0635794119
CtrSVDD_0032_E_0000752,-6.3255015526
CtrSVDD_0033_E_0000753,-5.7804019691
CtrSVDD_0034_E_0000754,-6.9480659468
CtrSVDD_0035_E_0000755,-5.4025337715
CtrSVDD_0036_E_0000756,-7.9026676219
CtrSVDD_0037_E_0000757,-9.2601883021
CtrSVDD_0038_E_0000758,-8.8311175063
CtrSVDD_0039_E_0000759,-6.6154587092
CtrSVDD_0040_E_0000760,-2.8082785052
CtrSVDD_0041_E_0000761,-7.5146261033
CtrSVDD_0042_E_0000762,-5.8524954233
CtrSVDD_0043_E_0000763,-3.6367373894
CtrSVDD_0044_E_0000764,-1.8594126567
CtrSVDD_0045_E_0000765,-5.4743203543
CtrSVDD_0046_E_0000766,-7.3593015228
CtrSVDD_0047_E_0000767,-1.7784204807
CtrSVDD_0000_E_0000768,-7.2505776596
CtrSVDD_0001_E_0000769,-4.5963299613
CtrSVDD_0002_E_0000770,-5.3758336219
CtrSVDD_0003_E_0000771,-7.0959011714
CtrSVDD_0004_E_0000772,-7.6388858658
CtrSVDD_0005_E_0000773,-6.1023955635
CtrSVDD_0006_E_0000774,-5.2295181443
CtrSVDD_0007_E_0000775,-7.1587597239
CtrSVDD_0008_E_0000776,-5.3952472173
CtrSVDD_0009_E_0000777,0.9007043491
CtrSVDD_0010_E_0000778,-5.6530724571
CtrSVDD_0011_E_0000779,0.9949625801
CtrSVDD_0012_E_0000780,-4.6968267229
CtrSVDD_0013_E_0000781,-6.7495130382
CtrSVDD_0014_E_0000782,-6.7800279391
CtrSVDD_0015_E_0000783,-3.8848377751
CtrSVDD_0016_E_0000784,-4.7442130859
CtrSVDD_0017_E_0000785,0.2020933456
CtrSVDD_0018_E_0000786,-4.9805847407
CtrSVDD_0019_E_0000787,-8.6993763392
CtrSVDD_0020_E_0000788,-6.3360364059
CtrSVDD_0021_E_0000789,-4.7754460983
CtrSVDD_0022_E_0000790,-6.2992453958
CtrSVDD_0023_E_0000791,0.1935347696
CtrSVDD_0024_E_0000792,-7.1740473619
CtrSVDD_0025_E_0000793,-6.7682624987
CtrSVDD_0026_E_0000794,-4.7879600058
CtrSVDD_0027_E_0000795,-6.7284968221
CtrSVDD_0028_E_0000796,-6.8115156869
CtrSVDD_0029_E_0000797,-4.9107675324
CtrSVDD_0030_E_0000798,-7.5810207386
CtrSVDD_0031_E_0000799,-3.1855209755
CtrSVDD_0032_E_0000800,-6.9135974045
CtrSVDD_0033_E_0000801,-2.2714957964
CtrSVDD_0034_E_0000802,-7.3387884237
CtrSVDD_0035_E_0000803,-5.8813237770
CtrSVDD_0036_E_0000804,-6.9981158003
CtrSVDD_0037_E_0000805,-4.1706828915
CtrSVDD_0038_E_0000806,-7.8822892100
CtrSVDD_0039_E_0000807,-6.5134797626
CtrSVDD_0040_E_0000808,-4.4637380992
CtrSVDD_0041_E_0000809,-5.5365889818
CtrSVDD_0042_E_0000810,-7.6188961146
CtrSVDD_0043_E_0000811,-4.8610798066
CtrSVDD_0044_E_0000812,-5.4006572097
CtrSVDD_0045_E_0000813,-5.4476487149
CtrSVDD_0046_E_0000814,-8.1152469563
CtrSVDD_0047_E_0000815,-2.4945720925
CtrSVDD_0000_E_0000816,-7.5166003852
CtrSVDD_0001_E_0000817,0.6337749880
CtrSVDD_0002_E_0000818,-7.5111352299
CtrSVDD_0003_E_0000819,-2.2591985892
CtrSVDD_0004_E_0000820,-7.3285378064
CtrSVDD_0005_E_0000821,-4.2384400841
CtrSVDD_0006_E_0000822,0.9218921745
CtrSVDD_0007_E_0000823,-7.2768740933
CtrSVDD_0008_E_0000824,-5.9869838682
CtrSVDD_0009_E_0000825,-5.9983711128
CtrSVDD_0010_E_0000826,-4.3969617344
CtrSVDD_0011_E_0000827,-7.3954330647
CtrSVDD_0012_E_0000828,-4.6750766237
CtrSVDD_0013_E_0000829,-7.2865558519
CtrSVDD_0014_E_0000830,-7.4614229229
CtrSVDD_0015_E_0000831,-3.7539486044
CtrSVDD_0016_E_0000832,-5.4630471614
CtrSVDD_0017_E_0000833,-9.0032728060
CtrSVDD_0018_E_0000834,-3.9289142376
CtrSVDD_0019_E_0000835,-7.5735017088
CtrSVDD_0020_E_0000836,-6.7269087538
CtrSVDD_0021_E_0000837,-8.0337315350
CtrSVDD_0022_E_0000838,-2.4399547791
CtrSVDD_0023_E_0000839,-6.2452302442
CtrSVDD_0024_E_0000840,0.1906850892
CtrSVDD_0025_E_0000841,-8.0238743125
CtrSVDD_0026_E_0000842,-8.6026182982
CtrSVDD_0027_E_0000843,-5.8458337639
CtrSVDD_0028_E_0000844,-8.2318570849
CtrSVDD_0029_E_0000845,-6.4318003605
CtrSVDD_0030_E_0000846,-5.5506986392
CtrSVDD_0031_E_0000847,-5.1814435124
CtrSVDD_0032_E_0000848,-5.1715580807
CtrSVDD_0033_E_0000849,-5.8235984334
CtrSVDD_0034_E_0000850,-7.7932058087
CtrSVDD_0035_E_0000851,-6.1230900025
CtrSVDD_0036_E_0000852,-6.5975698042
CtrSVDD_0037_E_0000853,-6.3705982860
CtrSVDD_0038_E_0000854,-3.6859810134
CtrSVDD_0039_E_0000855,-6.1924328098
CtrSVDD_0040_E_0000856,-5.8726085822
CtrSVDD_0041_E_0000857,-6.6561837128
CtrSVDD_0042_E_0000858,-6.3929906345
CtrSVDD_0043_E_0000859,-6.7499894805
CtrSVDD_0044_E_0000860,-0.5651281436
CtrSVDD_0045_E_0000861,-7.3307123335
CtrSVDD_0046_E_0000862,-5.8546231601
CtrSVDD_0047_E_0000863,-2.0711484043
CtrSVDD_0000_E_0000864,-7.1131391976
CtrSVDD_0001_E_0000865,-6.2705790003
CtrSVDD_0002_E_0000866,-0.9100854533
CtrSVDD_0003_E_0000867,-1.0688078753
CtrSVDD_0004_E_0000868,-7.4045215993
CtrSVDD_0005_E_0000869,-5.7515360052
CtrSVDD_0006_E_0000870,-1.0158311043
CtrSVDD_0007_E_0000871,-5.1101422465
CtrSVDD_0008_E_0000872,-8.4863905412
CtrSVDD_0009_E_0000873,-5.4746329188
CtrSVDD_0010_E_0000874,1.8356715369
CtrSVDD_0011_E_0000875,1.5836154758
CtrSVDD_0012_E_0000876,-6.1139590582
CtrSVDD_0013_E_0000877,-7.9326397306
CtrSVDD_0014_E_0000878,-5.8439564654
CtrSVDD_0015_E_0000879,-7.9082152134
CtrSVDD_0016_E_0000880,-3.9099157458
CtrSVDD_0017_E_0000881,-2.3543732710
CtrSVDD_0018_E_0000882,-6.2498851530
CtrSVDD_0019_E_0000883,-5.6984991071
CtrSVDD_0020_E_0000884,-5.9458159760
CtrSVDD_0021_E_0000885,0.2719632958
CtrSVDD_0022_E_0000886,-3.0362833217
CtrSVDD_0023_E_0000887,-7.1073676935
CtrSVDD_0024_E_0000888,-2.1421122768
CtrSVDD_0025_E_0000889,-6.2787006772
CtrSVDD_0026_E_0000890,-4.8966378811
CtrSVDD_0027_E_0000891,-8.7005984640
CtrSVDD_0028_E_0000892,-8.0674727495
CtrSVDD_0029_E_0000893,1.4313017591
CtrSVDD_0030_E_0000894,-4.8165337619
CtrSVDD_0031_E_0000895,-1.0801109896
CtrSVDD_0032_E_0000896,-6.8716359301
CtrSVDD_0033_E_0000897,-0.0145376379
CtrSVDD_0034_E_0000898,-4.1762179798
CtrSVDD_0035_E_0000899,-5.5008027079
CtrSVDD_0036_E_0000900,-7.9155682678
CtrSVDD_0037_E_0000901,-7.0407672351
CtrSVDD_0038_E_0000902,-4.0472105396
CtrSVDD_0039_E_0000903,-4.0600365005
CtrSVDD_0040_E_0000904,2.1055201391
CtrSVDD_0041_E_0000905,-5.2186135957
CtrSVDD_0042_E_0000906,-7.1391279317
CtrSVDD_0043_E_0000907,-5.4110862081
CtrSVDD_0044_E_0000908,-6.8331885575
CtrSVDD_0045_E_0000909,0.0931539598
CtrSVDD_0046_E_0000910,-5.1153325817
CtrSVDD_0047_E_0000911,-7.3118447547
CtrSVDD_0000_E_0000912,-0.9304840170
CtrSVDD_0001_E_0000913,-0.4911421764
CtrSVDD_0002_E_0000914,-6.6387458537
CtrSVDD_0003_E_0000915,-5.5524664096
CtrSVDD_0004_E_0000916,-7.5020054066
CtrSVDD_0005_E_0000917,-5.7981596264
CtrSVDD_0006_E_0000918,-6.8897564046
CtrSVDD_0007_E_0000919,-7.0701657786
CtrSVDD_0008_E_0000920,-9.2418669739
CtrSVDD_0009_E_0000921,-6.2704431675
CtrSVDD_0010_E_0000922,-4.7840804454
CtrSVDD_0011_E_0000923,-6.6218284047
CtrSVDD_0012_E_0000924,-6.1884918922
CtrSVDD_0013_E_0000925,-7.8570848166
CtrSVDD_0014_E_0000926,-7.2270720392
CtrSVDD_0015_E_0000927,-5.5934465987
CtrSVDD_0016_E_0000928,-5.5722648921
CtrSVDD_0017_E_0000929,-3.7167966474
CtrSVDD_0018_E_0000930,-3.0809419441
CtrSVDD_0019_E_0000931,-4.8331854626
CtrSVDD_0020_E_0000932,-7.8060741981
CtrSVDD_0021_E_0000933,-6.1750982510
CtrSVDD_0022_E_0000934,-8.9342259224
CtrSVDD_0023_E_0000935,-7.0968006329
CtrSVDD_0024_E_0000936,-4.6074265023
CtrSVDD_0025_E_0000937,-6.2210538067
CtrSVDD_0026_E_0000938,-7.3425402266
CtrSVDD_0027_E_0000939,-4.1449331418
CtrSVDD_0028_E_0000940,-5.8883182980
CtrSVDD_0029_E_0000941,-0.9079124220
CtrSVDD_0030_E_0000942,-0.8701863551
CtrSVDD_0031_E_0000943,-5.7168343333
CtrSVDD_0032_E_0000944,-5.5840706791
CtrSVDD_0033_E_0000945,1.2313500657
CtrSVDD_0034_E_0000946,-6.2350610488
CtrSVDD_0035_E_0000947,-8.2853198764
CtrSVDD_0036_E_0000948,0.9435021675
CtrSVDD_0037_E_0000949,-8.9211781705
CtrSVDD_0038_E_0000950,0.3758461852
CtrSVDD_0039_E_0000951,-5.9538887151
CtrSVDD_0040_E_0000952,-8.2149826333
CtrSVDD_0041_E_0000953,-3.4591220005
CtrSVDD_0042_E_0000954,-3.7565599490
CtrSVDD_0043_E_0000955,-4.0593750470
CtrSVDD_0044_E_0000956,-5.6041509646
CtrSVDD_0045_E_0000957,-6.2099325646
CtrSVDD_0046_E_0000958,0.6083298156
CtrSVDD_0047_E_0000959,-5.9377092766
CtrSVDD_0000_E_0000960,-4.9495777417
CtrSVDD_0001_E_0000961,-8.4186403898
CtrSVDD_0002_E_0000962,-8.2168716448
CtrSVDD_0003_E_0000963,-4.2220853423
CtrSVDD_0004_E_0000964,0.9835540622
CtrSVDD_0005_E_0000965,-3.7550790896
CtrSVDD_0006_E_0000966,0.8634738849
CtrSVDD_0007_E_0000967,-3.2322175403
CtrSVDD_0008_E_0000968,-8.6453734950
CtrSVDD_0009_E_0000969,-7.7384087150
CtrSVDD_0010_E_0000970,-6.6180023188
CtrSVDD_0011_E_0000971,-6.0291383893
CtrSVDD_0012_E_0000972,-7.3507736270
CtrSVDD_0013_E_0000973,-6.8967971235
CtrSVDD_0014_E_0000974,-2.7290481620
CtrSVDD_0015_E_0000975,-3.3921089210
CtrSVDD_0016_E_0000976,-1.5787329597
CtrSVDD_0017_E_0000977,-1.0323732006
CtrSVDD_0018_E_0000978,-0.3713465049
CtrSVDD_0019_E_0000979,-7.0304437658
CtrSVDD_0020_E_0000980,0.6877194580
CtrSVDD_0021_E_0000981,-7.2616098479
CtrSVDD_0022_E_0000982,-7.2113100540
CtrSVDD_0023_E_0000983,-3.9441272032
CtrSVDD_0024_E_0000984,-9.1162005364
CtrSVDD_0025_E_0000985,-1.6787952007
CtrSVDD_0026_E_0000986,-7.3769652377
CtrSVDD_0027_E_0000987,-6.3062652998
CtrSVDD_0028_E_0000988,-5.0156191746
CtrSVDD_0029_E_0000989,-1.9824130007
CtrSVDD_0030_E_0000990,-6.0746978138
CtrSVDD_0031_E_0000991,-0.9258668189
CtrSVDD_0032_E_0000992,-1.6916697978
CtrSVDD_0033_E_0000993,-5.5565756530
CtrSVDD_0034_E_0000994,-8.1464040880
CtrSVDD_0035_E_0000995,-4.8093095980
CtrSVDD_0036_E_0000996,-5.4911081994
CtrSVDD_0037_E_0000997,-7.9522175207
CtrSVDD_0038_E_0000998,-4.7232523506
CtrSVDD_0039_E_0000999,-7.3818484217
CtrSVDD_0040_E_0001000,-5.2725248730
CtrSVDD_0041_E_0001001,1.7878416882
CtrSVDD_0042_E_0001002,-8.1513352230
CtrSVDD_0043_E_0001003,-4.0859220934
CtrSVDD_0044_E_0001004,0.5126476193
CtrSVDD_0045_E_0001005,-5.8931235186
CtrSVDD_0046_E_0001006,-5.1418883360
CtrSVDD_0047_E_0001007,-2.5737472534
CtrSVDD_0000_E_0001008,-7.0929236039
CtrSVDD_0001_E_0001009,-5.7423009980
CtrSVDD_0002_E_0001010,-0.2508923729
CtrSVDD_0003_E_0001011,-7.2439189223
CtrSVDD_0004_E_0001012,-8.2746505235
CtrSVDD_0005_E_0001013,-7.0022381444
CtrSVDD_0006_E_0001014,-4.7245892926
CtrSVDD_0007_E_0001015,1.1849199287
CtrSVDD_0008_E_0001016,-7.0855900648
CtrSVDD_0009_E_0001017,-4.7793221020
CtrSVDD_0010_E_0001018,-5.7695574282
CtrSVDD_0011_E_0001019,-6.7136197293
CtrSVDD_0012_E_0001020,-6.3929688928
CtrSVDD_0013_E_0001021,-7.3421055307
CtrSVDD_0014_E_0001022,0.9012595106
CtrSVDD_0015_E_0001023,-3.2247758044
CtrSVDD_0016_E_0001024,0.0594835540
CtrSVDD_0017_E_0001025,-6.1535225686
CtrSVDD_0018_E_0001026,-6.6345894834
CtrSVDD_0019_E_0001027,-6.0961227278
CtrSVDD_0020_E_0001028,-8.2856463502
CtrSVDD_0021_E_0001029,-7.5418781390
CtrSVDD_0022_E_0001030,-3.4540098607
CtrSVDD_0023_E_0001031,-6.9439925692
CtrSVDD_0024_E_0001032,0.8041385478
CtrSVDD_0025_E_0001033,-8.2892020087
CtrSVDD_0026_E_0001034,-6.1720707292
CtrSVDD_0027_E_0001035,-1.6293610596
CtrSVDD_0028_E_0001036,-3.7428807609
CtrSVDD_0029_E_0001037,-7.6260264289
CtrSVDD_0030_E_0001038,-5.0089422768
CtrSVDD_0031_E_0001039,-5.1657154418
CtrSVDD_0032_E_0001040,-8.2610775378
CtrSVDD_0033_E_0001041,-2.7731522836
CtrSVDD_0034_E_0001042,-3.5702136703
CtrSVDD_0035_E_0001043,-7.9768882526
CtrSVDD_0036_E_0001044,-4.9799608276
CtrSVDD_0037_E_0001045,-6.4169411587
CtrSVDD_0038_E_0001046,-7.2181764703
CtrSVDD_0039_E_0001047,-6.8158351559
CtrSVDD_0040_E_0001048,-3.4699906109
CtrSVDD_0041_E_0001049,-7.3983101968
CtrSVDD_0042_E_0001050,-6.2911784742
CtrSVDD_0043_E_0001051,-6.5924541923
CtrSVDD_0044_E_0001052,-3.1533721138
CtrSVDD_0045_E_0001053,-8.5290381918
CtrSVDD_0046_E_0001054,-6.5191644354
CtrSVDD_0047_E_0001055,-4.2066376024
CtrSVDD_0000_E_0001056,-5.0916322968
CtrSVDD_0001_E_0001057,-5.6917271683
CtrSVDD_0002_E_0001058,-8.1623291757
CtrSVDD_0003_E_0001059,-5.5155289814
CtrSVDD_0004_E_0001060,-2.8670660540
CtrSVDD_0005_E_0001061,-5.7212625563
CtrSVDD_0006_E_0001062,0.3743454506
CtrSVDD_0007_E_0001063,-5.9725274591
CtrSVDD_0008_E_0001064,-4.9539207430
CtrSVDD_0009_E_0001065,-6.4357466889
CtrSVDD_0010_E_0001066,-9.6606128243
CtrSVDD_0011_E_0001067,-2.9000760262
CtrSVDD_0012_E_0001068,-7.2072567629
CtrSVDD_0013_E_0001069,1.7402582720
CtrSVDD_0014_E_0001070,-5.8769270589
CtrSVDD_0015_E_0001071,-1.4880493626
CtrSVDD_0016_E_0001072,-4.6461981383
CtrSVDD_0017_E_0001073,0.6492403483
CtrSVDD_0018_E_0001074,-5.9843628499
CtrSVDD_0019_E_0001075,-7.1955885048
CtrSVDD_0020_E_0001076,-5.4651085386
CtrSVDD_0021_E_0001077,-6.3167700312
CtrSVDD_0022_E_0001078,-3.3061042029
CtrSVDD_0023_E_0001079,-6.3359532890
CtrSVDD_0024_E_0001080,-4.5573807871
CtrSVDD_0025_E_0001081,-5.7657789020
CtrSVDD_0026_E_0001082,-7.3695589900
CtrSVDD_0027_E_0001083,-3.5278537962
CtrSVDD_0028_E_0001084,-6.7829220994
CtrSVDD_0029_E_0001085,-1.1015730699
CtrSVDD_0030_E_0001086,0.7567601723
CtrSVDD_0031_E_0001087,-5.8673348611
CtrSVDD_0032_E_0001088,-3.8170774734
CtrSVDD_0033_E_0001089,-0.3802476369
CtrSVDD_0034_E_0001090,-6.2354123434
CtrSVDD_0035_E_0001091,-6.2238745031
CtrSVDD_0036_E_0001092,-5.0137061146
CtrSVDD_0037_E_0001093,-7.5367920458
CtrSVDD_0038_E_0001094,2.0938614812
CtrSVDD_0039_E_0001095,-8.0063181064
CtrSVDD_0040_E_0001096,-4.4675804859
CtrSVDD_0041_E_0001097,-5.8275678193
CtrSVDD_0042_E_0001098,-3.3134463341
CtrSVDD_0043_E_0001099,-0.0160867570
CtrSVDD_0044_E_0001100,-6.2147717556
CtrSVDD_0045_E_0001101,-6.1521403100
CtrSVDD_0046_E_0001102,-6.8664295643
CtrSVDD_0047_E_0001103,-5.5499589618
CtrSVDD_0000_E_0001104,-8.0532601588
CtrSVDD_0001_E_0001105,-6.9655472542
CtrSVDD_0002_E_0001106,-6.4500099549
CtrSVDD_0003_E_0001107,-0.0973694111
CtrSVDD_0004_E_0001108,-3.7300583389
CtrSVDD_0005_E_0001109,-7.1096861582
CtrSVDD_0006_E_0001110,-6.1202042047
CtrSVDD_0007_E_0001111,0.7868637889
CtrSVDD_0008_E_0001112,0.8594959304
CtrSVDD_0009_E_0001113,-5.7475840571
CtrSVDD_0010_E_0001114,-7.7524740516
CtrSVDD_0011_E_0001115,-3.6837891350
CtrSVDD_0012_E_0001116,-6.2273963517
CtrSVDD_0013_E_0001117,-7.0350404540
CtrSVDD_0014_E_0001118,-6.3507075323
CtrSVDD_0015_E_0001119,-7.5551200937
CtrSVDD_0016_E_0001120,-7.1937806984
CtrSVDD_0017_E_0001121,-5.4863379220
CtrSVDD_0018_E_0001122,0.8046007029
CtrSVDD_0019_E_0001123,-8.3168436201
CtrSVDD_0020_E_0001124,-7.2846146146
CtrSVDD_0021_E_0001125,-7.6646758024
CtrSVDD_0022_E_0001126,2.1202823753
CtrSVDD_0023_E_0001127,-9.0941084375
CtrSVDD_0024_E_0001128,-2.1658675814
CtrSVDD_0025_E_0001129,-8.0540975697
CtrSVDD_0026_E_0001130,-4.5325562355
CtrSVDD_0027_E_0001131,-7.3284340228
CtrSVDD_0028_E_0001132,1.6101026823
CtrSVDD_0029_E_0001133,-5.1618109961
CtrSVDD_0030_E_0001134,0.1043990475
CtrSVDD_0031_E_0001135,-4.7649335786
CtrSVDD_0032_E_0001136,-7.2968556878
CtrSVDD_0033_E_0001137,-3.9210615330
CtrSVDD_0034_E_0001138,-7.5070322893
CtrSVDD_0035_E_0001139,-3.4609337104
CtrSVDD_0036_E_0001140,-5.0306052640
CtrSVDD_0037_E_0001141,-5.3426058591
CtrSVDD_0038_E_0001142,-3.3079404359
CtrSVDD_0039_E_0001143,-4.0862251612
CtrSVDD_0040_E_0001144,-3.4010619414
CtrSVDD_0041_E_0001145,1.5088841121
CtrSVDD_0042_E_0001146,-2.0027622210
CtrSVDD_0043_E_0001147,-3.9153184976
CtrSVDD_0044_E_0001148,-4.2096896627
CtrSVDD_0045_E_0001149,-0.0485973836
CtrSVDD_0046_E_0001150,-4.1833050993
CtrSVDD_0047_E_0001151,-9.5272226747
CtrSVDD_0000_E_0001152,-5.3168265421
CtrSVDD_0001_E_0001153,-7.0615644199
CtrSVDD_0002_E_0001154,-6.5299915253
CtrSVDD_0003_E_0001155,-6.7882730366
CtrSVDD_0004_E_0001156,-8.0229192134
CtrSVDD_0005_E_0001157,-2.9649939031
CtrSVDD_0006_E_0001158,-6.0609499886
CtrSVDD_0007_E_0001159,-7.0803874689
CtrSVDD_0008_E_0001160,-7.1816968517
CtrSVDD_0009_E_0001161,-7.4072502142
CtrSVDD_0010_E_0001162,0.1815220500
CtrSVDD_0011_E_0001163,-5.5701954214
CtrSVDD_0012_E_0001164,-7.1513134941
CtrSVDD_0013_E_0001165,-6.6370243543
CtrSVDD_0014_E_0001166,1.2025863788
CtrSVDD_0015_E_0001167,-6.5971381761
CtrSVDD_0016_E_0001168,-6.3896237854
CtrSVDD_0017_E_0001169,0.2120971412
CtrSVDD_0018_E_0001170,-3.2711205429
CtrSVDD_0019_E_0001171,-5.9509430500
CtrSVDD_0020_E_0001172,-0.2668034008
CtrSVDD_0021_E_0001173,-8.1752444695
CtrSVDD_0022_E_0001174,-5.0740972714
CtrSVDD_0023_E_0001175,-4.9284489154
CtrSVDD_0024_E_0001176,-8.3371124336
CtrSVDD_0025_E_0001177,-2.9650326468
CtrSVDD_0026_E_0001178,-8.8015786115
CtrSVDD_0027_E_0001179,0.1283405650
CtrSVDD_0028_E_0001180,-7.0863733291
CtrSVDD_0029_E_0001181,-6.9131273848
CtrSVDD_0030_E_0001182,-6.6315244978
CtrSVDD_0031_E_0001183,-4.1897442648
CtrSVDD_0032_E_0001184,-7.0180757037
CtrSVDD_0033_E_0001185,-7.1311080588
CtrSVDD_0034_E_0001186,-6.1216655253
CtrSVDD_0035_E_0001187,-6.7667504855
CtrSVDD_0036_E_0001188,-6.6536583862
CtrSVDD_0037_E_0001189,-6.5432846701
CtrSVDD_0038_E_0001190,-5.1203116136
CtrSVDD_0039_E_0001191,-4.1024747057
CtrSVDD_0040_E_0001192,-3.3463996170
CtrSVDD_0041_E_0001193,-6.1611503546
CtrSVDD_0042_E_0001194,-5.8899931903
CtrSVDD_0043_E_0001195,-7.0235697100
CtrSVDD_0044_E_0001196,-5.9343281448
CtrSVDD_0045_E_0001197,-8.1087603353
CtrSVDD_0046_E_0001198,-5.6306042210
CtrSVDD_0047_E_0001199,-2.0576833914
CtrSVDD_0000_E_0001200,-4.8109030260
CtrSVDD_0001_E_0001201,-2.5256684371
CtrSVDD_0002_E_0001202,-6.8497896905
CtrSVDD_0003_E_0001203,0.4090844621
CtrSVDD_0004_E_0001204,-2.9428901879
CtrSVDD_0005_E_0001205,-6.9174210359
CtrSVDD_0006_E_0001206,-6.7981101686
CtrSVDD_0007_E_0001207,-6.5767201417
CtrSVDD_0008_E_0001208,-7.3911012143
CtrSVDD_0009_E_0001209,-3.3810512973
CtrSVDD_0010_E_0001210,-2.2276715209
CtrSVDD_0011_E_0001211,-4.5887139561
CtrSVDD_0012_E_0001212,-6.6128984915
CtrSVDD_0013_E_0001213,-5.8986177397
CtrSVDD_0014_E_0001214,-0.2259133499
CtrSVDD_0015_E_0001215,2.2572007159
CtrSVDD_0016_E_0001216,-5.3733636103
CtrSVDD_0017_E_0001217,-9.2745949717
CtrSVDD_0018_E_0001218,-5.2605166191
CtrSVDD_0019_E_0001219,-7.5106227523
CtrSVDD_0020_E_0001220,-7.0035044439
CtrSVDD_0021_E_0001221,-9.4890504311
CtrSVDD_0022_E_0001222,-5.3490227016
CtrSVDD_0023_E_0001223,-2.5605674062
CtrSVDD_0024_E_0001224,-7.4635667008
CtrSVDD_0025_E_0001225,-9.4093917829
CtrSVDD_0026_E_0001226,-6.3575554503
CtrSVDD_0027_E_0001227,-4.6880477985
CtrSVDD_0028_E_0001228,-7.9470727244
CtrSVDD_0029_E_0001229,-8.8783780965
CtrSVDD_0030_E_0001230,-7.0749983020
CtrSVDD_0031_E_0001231,-9.2645938445
CtrSVDD_0032_E_0001232,-6.7335615602
CtrSVDD_0033_E_0001233,-0.0076934104
CtrSVDD_0034_E_0001234,-6.3524773320
CtrSVDD_0035_E_0001235,-5.6442561820
CtrSVDD_0036_E_0001236,-5.5560047111
CtrSVDD_0037_E_0001237,-6.4032572601
CtrSVDD_0038_E_0001238,-1.3297709502
CtrSVDD_0039_E_0001239,-4.2337371664
CtrSVDD_0040_E_0001240,-7.0837558092
CtrSVDD_0041_E_0001241,-6.3991936681
CtrSVDD_0042_E_0001242,-8.2669509411
CtrSVDD_0043_E_0001243,-5.7574338052
CtrSVDD_0044_E_0001244,-4.1650181646
CtrSVDD_0045_E_0001245,2.4420658437
CtrSVDD_0046_E_0001246,-3.5043894697
CtrSVDD_0047_E_0001247,-6.4254746938
CtrSVDD_0000_E_0001248,-5.3831741588
CtrSVDD_0001_E_0001249,-5.2327212923
CtrSVDD_0002_E_0001250,-5.6885274989
CtrSVDD_0003_E_0001251,-6.7378082198
CtrSVDD_0004_E_0001252,-7.4340790342
CtrSVDD_0005_E_0001253,-7.7897620054
CtrSVDD_0006_E_0001254,-6.4106912778
CtrSVDD_0007_E_0001255,-5.1753737251
CtrSVDD_0008_E_0001256,-7.4574060287
CtrSVDD_0009_E_0001257,-7.4406797189
CtrSVDD_0010_E_0001258,-7.3863158138
CtrSVDD_0011_E_0001259,-5.4509119039
CtrSVDD_0012_E_0001260,-2.1001160251
CtrSVDD_0013_E_0001261,-0.1551867330
CtrSVDD_0014_E_0001262,-6.4917241057
CtrSVDD_0015_E_0001263,0.4520573351
CtrSVDD_0016_E_0001264,-0.3989879760
CtrSVDD_0017_E_0001265,-5.9110915135
CtrSVDD_0018_E_0001266,-4.8853643308
CtrSVDD_0019_E_0001267,-8.2503522789
CtrSVDD_0020_E_0001268,0.3223206095
CtrSVDD_0021_E_0001269,-6.5964103384
CtrSVDD_0022_E_0001270,0.0749051505
CtrSVDD_0023_E_0001271,-4.5616575843
CtrSVDD_0024_E_0001272,-6.0194325348
CtrSVDD_0025_E_0001273,-6.3636921992
CtrSVDD_0026_E_0001274,-8.5097979309
CtrSVDD_0027_E_0001275,-6.2920088163
CtrSVDD_0028_E_0001276,-7.4026706292
CtrSVDD_0029_E_0001277,2.0694437537
CtrSVDD_0030_E_0001278,0.2813267155
CtrSVDD_0031_E_0001279,-6.5101167710
CtrSVDD_0032_E_0001280,-7.8399949674
CtrSVDD_0033_E_0001281,-2.9463829336
CtrSVDD_0034_E_0001282,-5.4607789051
CtrSVDD_0035_E_0001283,-1.4470623406
CtrSVDD_0036_E_0001284,0.6985152330
CtrSVDD_0037_E_0001285,-5.9012735881
CtrSVDD_0038_E_0001286,-4.8030165850
CtrSVDD_0039_E_0001287,-5.7990411884
CtrSVDD_0040_E_0001288,-5.5481823541
CtrSVDD_0041_E_0001289,-8.7334958063
CtrSVDD_0042_E_0001290,0.4424632490
CtrSVDD_0043_E_0001291,-7.9103925101
CtrSVDD_0044_E_0001292,-7.0140028396
CtrSVDD_0045_E_0001293,-6.8215140019
CtrSVDD_0046_E_0001294,-6.4322117794
CtrSVDD_0047_E_0001295,-5.8648678836
CtrSVDD_0000_E_0001296,-3.6035126097
CtrSVDD_0001_E_0001297,-5.0904342689
CtrSVDD_0002_E_0001298,-4.3898892244
CtrSVDD_0003_E_0001299,-0.1978122464
CtrSVDD_0004_E_0001300,-3.3262776611
CtrSVDD_0005_E_0001301,-7.4733627463
CtrSVDD_0006_E_0001302,-4.4347047806
CtrSVDD_0007_E_0001303,-9.1767225924
CtrSVDD_0008_E_0001304,-7.1245000205
CtrSVDD_0009_E_0001305,-6.7696125309
CtrSVDD_0010_E_0001306,0.7604483910
CtrSVDD_0011_E_0001307,-4.7948239320
CtrSVDD_0012_E_0001308,-7.6212689386
CtrSVDD_0013_E_0001309,-5.2533959859
CtrSVDD_0014_E_0001310,-7.0339857794
CtrSVDD_0015_E_0001311,-4.5018738784
CtrSVDD_0016_E_0001312,-2.0158570195
CtrSVDD_0017_E_0001313,-7.1863472015
CtrSVDD_0018_E_0001314,-8.5000644834
CtrSVDD_0019_E_0001315,-6.8505494043
CtrSVDD_0020_E_0001316,-5.2543002588
CtrSVDD_0021_E_0001317,-6.5418582171
CtrSVDD_0022_E_0001318,-0.2842384143
CtrSVDD_0023_E_0001319,-7.6943917163
CtrSVDD_0024_E_0001320,-9.1134805850
CtrSVDD_0025_E_0001321,-2.9205558282
CtrSVDD_0026_E_0001322,0.8414219247
CtrSVDD_0027_E_0001323,-5.2041509960
CtrSVDD_0028_E_0001324,-6.1158145471
CtrSVDD_0029_E_0001325,-7.2452849232
CtrSVDD_0030_E_0001326,2.7328835547
CtrSVDD_0031_E_0001327,-6.5553997255
CtrSVDD_0032_E_0001328,-6.6271060009
CtrSVDD_0033_E_0001329,-6.3778271037
CtrSVDD_0034_E_0001330,-5.5541908851
CtrSVDD_0035_E_0001331,-4.2531552512
CtrSVDD_0036_E_0001332,-4.6038634534
CtrSVDD_0037_E_0001333,-7.2539091843
CtrSVDD_0038_E_0001334,-5.3000606369
CtrSVDD_0039_E_0001335,-6.9643252657
CtrSVDD_0040_E_0001336,-6.3981158661
CtrSVDD_0041_E_0001337,-6.5269179751
CtrSVDD_0042_E_0001338,-4.9504625143
CtrSVDD_0043_E_0001339,-6.0026453720
CtrSVDD_0044_E_0001340,-6.1548827922
CtrSVDD_0045_E_0001341,-3.9057667716
CtrSVDD_0046_E_0001342,-7.5186755777
CtrSVDD_0047_E_0001343,-6.1315046855
CtrSVDD_0000_E_0001344,-9.2703854367
CtrSVDD_0001_E_0001345,-7.8140031941
CtrSVDD_0002_E_0001346,0.9154926949
CtrSVDD_0003_E_0001347,-6.6701766713
CtrSVDD_0004_E_0001348,-4.6401190975
CtrSVDD_0005_E_0001349,-6.0795322726
CtrSVDD_0006_E_0001350,-6.3536915449
CtrSVDD_0007_E_0001351,-5.6944361480
CtrSVDD_0008_E_0001352,-0.9544740278
CtrSVDD_0009_E_0001353,-7.2810194273
CtrSVDD_0010_E_0001354,-5.7587325099
CtrSVDD_0011_E_0001355,-4.4694992151
CtrSVDD_0012_E_0001356,-4.4135828211
CtrSVDD_0013_E_0001357,-5.3510738832
CtrSVDD_0014_E_0001358,-3.2470696440
CtrSVDD_0015_E_0001359,-5.6137722780
CtrSVDD_0016_E_0001360,0.5602120314
CtrSVDD_0017_E_0001361,-7.4058195988
CtrSVDD_0018_E_0001362,-5.5226428869
CtrSVDD_0019_E_0001363,-7.1165842148
CtrSVDD_0020_E_0001364,-5.8572439824
CtrSVDD_0021_E_0001365,-5.2223926726
CtrSVDD_0022_E_0001366,-4.9462071550
CtrSVDD_0023_E_0001367,-6.6207560131
CtrSVDD_0024_E_0001368,1.9367095375
CtrSVDD_0025_E_0001369,-7.0206334015
CtrSVDD_0026_E_0001370,-6.2102399921
CtrSVDD_0027_E_0001371,-7.5699770937
CtrSVDD_0028_E_0001372,-2.9590122146
CtrSVDD_0029_E_0001373,-6.0727396659
CtrSVDD_0030_E_0001374,-8.5445981890
CtrSVDD_0031_E_0001375,-5.3826743765
CtrSVDD_0032_E_0001376,-8.7712922082
CtrSVDD_0033_E_0001377,-8.3330222131
CtrSVDD_0034_E_0001378,-0.8236186951
CtrSVDD_0035_E_0001379,-8.3246130309
CtrSVDD_0036_E_0001380,-3.8189765885
CtrSVDD_0037_E_0001381,-5.4518483364
CtrSVDD_0038_E_0001382,-2.3076432624
CtrSVDD_0039_E_0001383,-5.5752507933
CtrSVDD_0040_E_0001384,-4.5449868449
CtrSVDD_0041_E_0001385,-5.4824232972
CtrSVDD_0042_E_0001386,0.2915282760
CtrSVDD_0043_E_0001387,0.3370899316
CtrSVDD_0044_E_0001388,-7.9658229620
CtrSVDD_0045_E_0001389,-6.3507836810
CtrSVDD_0046_E_0001390,1.9257990969
CtrSVDD_0047_E_0001391,-6.7780011558
CtrSVDD_0000_E_0001392,-5.7517837714
CtrSVDD_0001_E_0001393,-6.6035725207
CtrSVDD_0002_E_0001394,-4.3917439516
CtrSVDD_0003_E_0001395,-5.1171547515
CtrSVDD_0004_E_0001396,-0.7455899122
CtrSVDD_0005_E_0001397,-4.9661273590
CtrSVDD_0006_E_0001398,0.4857699121
CtrSVDD_0007_E_0001399,-7.9936169826
CtrSVDD_0008_E_0001400,-5.9765349349
CtrSVDD_0009_E_0001401,-8.0097174943
CtrSVDD_0010_E_0001402,-6.8198732611
CtrSVDD_0011_E_0001403,-6.1994426015
CtrSVDD_0012_E_0001404,-3.7980858182
CtrSVDD_0013_E_0001405,-6.1850749977
CtrSVDD_0014_E_0001406,-1.3715585885
CtrSVDD_0015_E_0001407,-5.7247453537
CtrSVDD_0016_E_0001408,-5.5418734010
CtrSVDD_0017_E_0001409,-6.1793809918
CtrSVDD_0018_E_0001410,-6.8640053361
CtrSVDD_0019_E_0001411,-9.0439807794
CtrSVDD_0020_E_0001412,-7.7488888987
CtrSVDD_0021_E_0001413,-6.3642420273
CtrSVDD_0022_E_0001414,-7.1304467759
CtrSVDD_0023_E_0001415,-6.9516419091
CtrSVDD_0024_E_0001416,-5.7099705560
CtrSVDD_0025_E_0001417,0.1072123277
CtrSVDD_0026_E_0001418,-6.9198141571
CtrSVDD_0027_E_0001419,-4.5120641920
CtrSVDD_0028_E_0001420,-3.9396400556
CtrSVDD_0029_E_0001421,-6.4269325783
CtrSVDD_0030_E_0001422,-7.1470115776
CtrSVDD_0031_E_0001423,-6.6236572899
CtrSVDD_0032_E_0001424,-6.5531462687
CtrSVDD_0033_E_0001425,-2.8923487106
CtrSVDD_0034_E_0001426,-4.9724519197
CtrSVDD_0035_E_0001427,-7.8343027755
CtrSVDD_0036_E_0001428,-6.8369904985
CtrSVDD_0037_E_0001429,-7.1336836757
CtrSVDD_0038_E_0001430,0.2192556688
CtrSVDD_0039_E_0001431,-8.3367469099
CtrSVDD_0040_E_0001432,1.1067196000
CtrSVDD_0041_E_0001433,-0.2552252796
CtrSVDD_0042_E_0001434,-6.4472136944
CtrSVDD_0043_E_0001435,-3.8336647131
CtrSVDD_0044_E_0001436,-6.2429650349
CtrSVDD_0045_E_0001437,-5.8031565770
CtrSVDD_0046_E_0001438,-7.2472227369
CtrSVDD_0047_E_0001439,-6.3026428417
CtrSVDD_0000_E_0001440,-7.4816755901
CtrSVDD_0001_E_0001441,-1.5900083951
CtrSVDD_0002_E_0001442,-4.3038852463
CtrSVDD_0003_E_0001443,-6.7525492416
CtrSVDD_0004_E_0001444,-6.5699926360
CtrSVDD_0005_E_0001445,-6.9557441463
CtrSVDD_0006_E_0001446,0.1594353462
CtrSVDD_0007_E_0001447,-8.1758334784
CtrSVDD_0008_E_0001448,0.2465641713
CtrSVDD_0009_E_0001449,-4.3618920452
CtrSVDD_0010_E_0001450,-3.5152495902
CtrSVDD_0011_E_0001451,-3.8130474604
CtrSVDD_0012_E_0001452,-3.9344979735
CtrSVDD_0013_E_0001453,-5.4508524748
CtrSVDD_0014_E_0001454,-5.7757585032
CtrSVDD_0015_E_0001455,-7.1828286465
CtrSVDD_0016_E_0001456,-5.4657741506
CtrSVDD_0017_E_0001457,-8.1817623547
CtrSVDD_0018_E_0001458,-0.5899181344
CtrSVDD_0019_E_0001459,-8.6872221972
CtrSVDD_0020_E_0001460,-5.6676503833
CtrSVDD_0021_E_0001461,-6.6758419901
CtrSVDD_0022_E_0001462,-5.6769351535
CtrSVDD_0023_E_0001463,-7.1810437705
CtrSVDD_0024_E_0001464,-7.1884382583
CtrSVDD_0025_E_0001465,-6.7717295033
CtrSVDD_0026_E_0001466,-4.6745568655
CtrSVDD_0027_E_0001467,0.0090922479
CtrSVDD_0028_E_0001468,-7.9766669825
CtrSVDD_0029_E_0001469,-7.0787286787
CtrSVDD_0030_E_0001470,-7.7777139971
CtrSVDD_0031_E_0001471,-1.2353369245
CtrSVDD_0032_E_0001472,-7.2413564922
CtrSVDD_0033_E_0001473,-5.6336562548
CtrSVDD_0034_E_0001474,-5.4054944292
CtrSVDD_0035_E_0001475,-6.7545337259
CtrSVDD_0036_E_0001476,-4.7215003229
CtrSVDD_0037_E_0001477,-2.3964096537
CtrSVDD_0038_E_0001478,-7.2686011015
CtrSVDD_0039_E_0001479,-6.3627822026
CtrSVDD_0040_E_0001480,-5.5705663823
CtrSVDD_0041_E_0001481,-4.6152967850
CtrSVDD_0042_E_0001482,-6.1429692842
CtrSVDD_0043_E_0001483,-7.1440092847
CtrSVDD_0044_E_0001484,1.3031536179
CtrSVDD_0045_E_0001485,-7.2414763154
CtrSVDD_0046_E_0001486,-5.4687348083
CtrSVDD_0047_E_0001487,-3.3919766336
CtrSVDD_0000_E_0001488,-7.2800999589
CtrSVDD_0001_E_0001489,-1.1544251897
CtrSVDD_0002_E_0001490,-6.2316486698
CtrSVDD_0003_E_0001491,-2.2836664844
CtrSVDD_0004_E_0001492,-4.6519543352
CtrSVDD_0005_E_0001493,-5.1693751800
CtrSVDD_0006_E_0001494,1.7264672134
CtrSVDD_0007_E_0001495,-7.5326039464
CtrSVDD_0008_E_0001496,-5.1338647063
CtrSVDD_0009_E_0001497,-5.6223128353
CtrSVDD_0010_E_0001498,1.2147491543
CtrSVDD_0011_E_0001499,-6.9739493178
CtrSVDD_0012_E_0001500,-6.9499638441
CtrSVDD_0013_E_0001501,-8.3815634726
CtrSVDD_0014_E_0001502,-6.3182884492
CtrSVDD_0015_E_0001503,-8.0674789824
CtrSVDD_0016_E_0001504,-3.7318321040
CtrSVDD_0017_E_0001505,-2.4532807867
CtrSVDD_0018_E_0001506,-6.6412322238
CtrSVDD_0019_E_0001507,-6.5537267544
CtrSVDD_0020_E_0001508,-3.7468569323
CtrSVDD_0021_E_0001509,-8.8221471365
CtrSVDD_0022_E_0001510,-3.4210422259
CtrSVDD_0023_E_0001511,1.3412758765
CtrSVDD_0024_E_0001512,0.8778551678
CtrSVDD_0025_E_0001513,-2.2373620514
CtrSVDD_0026_E_0001514,-8.0196029260
CtrSVDD_0027_E_0001515,-6.6870193889
CtrSVDD_0028_E_0001516,-7.9025825829
CtrSVDD_0029_E_0001517,-8.7821063454
CtrSVDD_0030_E_0001518,-2.9408678839
CtrSVDD_0031_E_0001519,-0.4335427226
CtrSVDD_0032_E_0001520,-1.6086134433
CtrSVDD_0033_E_0001521,-7.3900609783
CtrSVDD_0034_E_0001522,-7.2101097010
CtrSVDD_0035_E_0001523,-4.1917604415
CtrSVDD_0036_E_0001524,-0.5816152139
CtrSVDD_0037_E_0001525,-7.7933709087
CtrSVDD_0038_E_0001526,-4.4731835967
CtrSVDD_0039_E_0001527,-5.7479860581
CtrSVDD_0040_E_0001528,-5.2274726402
CtrSVDD_0041_E_0001529,-5.2233321661
CtrSVDD_0042_E_0001530,-1.1041426793
CtrSVDD_0043_E_0001531,-6.3236177455
CtrSVDD_0044_E_0001532,-8.9807404003
CtrSVDD_0045_E_0001533,-8.6961136079
CtrSVDD_0046_E_0001534,-4.5965110675
CtrSVDD_0047_E_0001535,-5.0278370733
CtrSVDD_0000_E_0001536,-7.8523278887
CtrSVDD_0001_E_0001537,0.2668034008
CtrSVDD_0002_E_0001538,-0.1311617906
CtrSVDD_0003_E_0001539,-5.7188451371
CtrSVDD_0004_E_0001540,-5.8330625441
CtrSVDD_0005_E_0001541,-5.6262614299
CtrSVDD_0006_E_0001542,0.6016111041
CtrSVDD_0007_E_0001543,-5.9208035629
CtrSVDD_0008_E_0001544,1.2269915574
CtrSVDD_0009_E_0001545,-6.4711095143
CtrSVDD_0010_E_0001546,-2.1455380970
CtrSVDD_0011_E_0001547,-3.0982553865
CtrSVDD_0012_E_0001548,-5.6468108727
CtrSVDD_0013_E_0001549,-5.0937545637
CtrSVDD_0014_E_0001550,-5.9473818019
CtrSVDD_0015_E_0001551,-3.4046968164
CtrSVDD_0016_E_0001552,0.5733521972
CtrSVDD_0017_E_0001553,-6.9389199995
CtrSVDD_0018_E_0001554,-6.2246497732
CtrSVDD_0019_E_0001555,0.1835676051
CtrSVDD_0020_E_0001556,1.0041834899
CtrSVDD_0021_E_0001557,-1.9176698663
CtrSVDD_0022_E_0001558,-4.4571260068
CtrSVDD_0023_E_0001559,-7.3364019833
CtrSVDD_0024_E_0001560,-8.7703390184
CtrSVDD_0025_E_0001561,-0.3032245382
CtrSVDD_0026_E_0001562,-0.9240337388
CtrSVDD_0027_E_0001563,-1.2078095279
CtrSVDD_0028_E_0001564,1.2049137313
CtrSVDD_0029_E_0001565,-5.0665820108
CtrSVDD_0030_E_0001566,-9.0635627987
CtrSVDD_0031_E_0001567,-4.0739175849
CtrSVDD_0032_E_0001568,-4.7383170028
CtrSVDD_0033_E_0001569,-5.3625514437
CtrSVDD_0034_E_0001570,-4.8052310279
CtrSVDD_0035_E_0001571,-7.2129576031
CtrSVDD_0036_E_0001572,-5.0284499087
CtrSVDD_0037_E_0001573,0.3773477668
CtrSVDD_0038_E_0001574,-6.5834416665
CtrSVDD_0039_E_0001575,-7.2949884252
CtrSVDD_0040_E_0001576,-6.0959446187
CtrSVDD_0041_E_0001577,-8.3846303629
CtrSVDD_0042_E_0001578,0.1634766645
CtrSVDD_0043_E_0001579,-5.3439568290
CtrSVDD_0044_E_0001580,-6.6872517201
CtrSVDD_0045_E_0001581,-4.4497851092
CtrSVDD_0046_E_0001582,-8.8686616144
CtrSVDD_0047_E_0001583,-8.1983837102
CtrSVDD_0000_E_0001584,-4.5818904501
CtrSVDD_0001_E_0001585,-3.1471412433
CtrSVDD_0002_E_0001586,-6.9085663216
CtrSVDD_0003_E_0001587,-6.3006106157
CtrSVDD_0004_E_0001588,-5.5893982753
CtrSVDD_0005_E_0001589,-6.6737048455
CtrSVDD_0006_E_0001590,-7.7645612680
CtrSVDD_0007_E_0001591,-2.0821071347
CtrSVDD_0008_E_0001592,-4.5916078339
CtrSVDD_0009_E_0001593,-7.1996667805
CtrSVDD_0010_E_0001594,-4.4689345169
CtrSVDD_0011_E_0001595,-0.1184741650
CtrSVDD_0012_E_0001596,-6.9186959021
CtrSVDD_0013_E_0001597,-2.3313772530
CtrSVDD_0014_E_0001598,-4.4039950985
CtrSVDD_0015_E_0001599,-7.5937250646
CtrSVDD_0016_E_0001600,-6.1572990115
CtrSVDD_0017_E_0001601,-5.0788112574
CtrSVDD_0018_E_0001602,-8.4483883726
CtrSVDD_0019_E_0001603,-4.0821789594
CtrSVDD_0020_E_0001604,-7.2491414660
CtrSVDD_0021_E_0001605,-5.6595101266
CtrSVDD_0022_E_0001606,-6.4713260093
CtrSVDD_0023_E_0001607,-6.9684421866
CtrSVDD_0024_E_0001608,-7.0148813616
CtrSVDD_0025_E_0001609,-5.8283120242
CtrSVDD_0026_E_0001610,-6.3223678395
CtrSVDD_0027_E_0001611,-6.3757706625
CtrSVDD_0028_E_0001612,-8.4016941088
CtrSVDD_0029_E_0001613,-7.1460645653
CtrSVDD_0030_E_0001614,-3.6971190259
CtrSVDD_0031_E_0001615,-10.0326284603
CtrSVDD_0032_E_0001616,-4.0666653033
CtrSVDD_0033_E_0001617,-4.7414026629
CtrSVDD_0034_E_0001618,0.0566812540
CtrSVDD_0035_E_0001619,2.8856349124
CtrSVDD_0036_E_0001620,-2.8945748155
CtrSVDD_0037_E_0001621,-5.5808789160
CtrSVDD_0038_E_0001622,1.2555934900
CtrSVDD_0039_E_0001623,-6.3712585426
CtrSVDD_0040_E_0001624,-3.7391957922
CtrSVDD_0041_E_0001625,0.7585819416
CtrSVDD_0042_E_0001626,-7.0827315190
CtrSVDD_0043_E_0001627,-5.2333292553
CtrSVDD_0044_E_0001628,-1.5934953657
CtrSVDD_0045_E_0001629,-0.7679408591
CtrSVDD_0046_E_0001630,-0.6718579897
CtrSVDD_0047_E_0001631,-0.2726058039
CtrSVDD_0000_E_0001632,-7.6165272086
CtrSVDD_0001_E_0001633,-4.9761993471
CtrSVDD_0002_E_0001634,-6.3488918253
CtrSVDD_0003_E_0001635,-1.5838724738
CtrSVDD_0004_E_0001636,-5.0958734624
CtrSVDD_0005_E_0001637,-6.9788246234
CtrSVDD_0006_E_0001638,0.5569421364
CtrSVDD_0007_E_0001639,-2.5777233656
CtrSVDD_0008_E_0001640,-6.6553778343
CtrSVDD_0009_E_0001641,-5.2677087954
CtrSVDD_0010_E_0001642,-5.5981121173
CtrSVDD_0011_E_0001643,-6.2992458144
CtrSVDD_0012_E_0001644,-4.5146099981
CtrSVDD_0013_E_0001645,-6.7151278510
CtrSVDD_0014_E_0001646,-7.3459157127
CtrSVDD_0015_E_0001647,-3.9985783066
CtrSVDD_0016_E_0001648,-6.2287954244
CtrSVDD_0017_E_0001649,-6.8817853527
CtrSVDD_0018_E_0001650,-7.8859796987
CtrSVDD_0019_E_0001651,-1.9707668608
CtrSVDD_0020_E_0001652,-6.2567940134
CtrSVDD_0021_E_0001653,-4.8067592745
CtrSVDD_0022_E_0001654,-7.1548021079
CtrSVDD_0023_E_0001655,-4.6756408558
CtrSVDD_0024_E_0001656,-7.6372911725
CtrSVDD_0025_E_0001657,-6.2221344876
CtrSVDD_0026_E_0001658,-4.6997484492
CtrSVDD_0027_E_0001659,-6.6445540961
CtrSVDD_0028_E_0001660,-6.3439813843
CtrSVDD_0029_E_0001661,-6.5532503121
CtrSVDD_0030_E_0001662,-7.7612090344
CtrSVDD_0031_E_0001663,-7.2480187369
CtrSVDD_0032_E_0001664,-5.0231531407
CtrSVDD_0033_E_0001665,-5.2635763242
CtrSVDD_0034_E_0001666,-3.7244765065
CtrSVDD_0035_E_0001667,-7.5517037874
CtrSVDD_0036_E_0001668,-5.5613191355
CtrSVDD_0037_E_0001669,-7.2194314972
CtrSVDD_0038_E_0001670,-6.5888025530
CtrSVDD_0039_E_0001671,-3.0225649779
CtrSVDD_0040_E_0001672,-4.2829266368
CtrSVDD_0041_E_0001673,-6.3287213698
CtrSVDD_0042_E_0001674,-8.9797455684
CtrSVDD_0043_E_0001675,-6.7588772373
CtrSVDD_0044_E_0001676,-5.3854455479
CtrSVDD_0045_E_0001677,-5.7125181241
CtrSVDD_0046_E_0001678,-3.6736763871
CtrSVDD_0047_E_0001679,-7.2126622447
CtrSVDD_0000_E_0001680,-5.9848427972
CtrSVDD_0001_E_0001681,-9.1085129577
CtrSVDD_0002_E_0001682,-5.9007669724
CtrSVDD_0003_E_0001683,-8.4221126435
CtrSVDD_0004_E_0001684,-4.5487007789
CtrSVDD_0005_E_0001685,-6.8563916850
CtrSVDD_0006_E_0001686,-7.9052845946
CtrSVDD_0007_E_0001687,-3.4645567882
CtrSVDD_0008_E_0001688,-6.7727979166
CtrSVDD_0009_E_0001689,-8.7458590055
CtrSVDD_0010_E_0001690,-5.5579683994
CtrSVDD_0011_E_0001691,-0.3076212670
CtrSVDD_0012_E_0001692,-4.0143128810
CtrSVDD_0013_E_0001693,-1.4027563120
CtrSVDD_0014_E_0001694,0.7091416044
CtrSVDD_0015_E_0001695,-5.1483573665
CtrSVDD_0016_E_0001696,0.3698482853
CtrSVDD_0017_E_0001697,-6.4516815078
CtrSVDD_0018_E_0001698,0.3296962808
CtrSVDD_0019_E_0001699,-6.4390110416
CtrSVDD_0020_E_0001700,-8.0670429236
CtrSVDD_0021_E_0001701,-2.9949366140
CtrSVDD_0022_E_0001702,0.4598173600
CtrSVDD_0023_E_0001703,0.9633349402
CtrSVDD_0024_E_0001704,-6.6396644593
CtrSVDD_0025_E_0001705,-4.3225409914
CtrSVDD_0026_E_0001706,-6.5261028460
CtrSVDD_0027_E_0001707,-8.8776521013
CtrSVDD_0028_E_0001708,-3.0021961155
CtrSVDD_0029_E_0001709,-6.0549189118
CtrSVDD_0030_E_0001710,-5.6355486001
CtrSVDD_0031_E_0001711,-8.0926900444
CtrSVDD_0032_E_0001712,-7.6390415302
CtrSVDD_0033_E_0001713,-7.8945259611
CtrSVDD_0034_E_0001714,-0.2035211983
CtrSVDD_0035_E_0001715,-6.4848439089
CtrSVDD_0036_E_0001716,-7.5819159568
CtrSVDD_0037_E_0001717,-6.7478400671
CtrSVDD_0038_E_0001718,-6.6571264113
CtrSVDD_0039_E_0001719,-7.7097931939
CtrSVDD_0040_E_0001720,-8.0789936565
CtrSVDD_0041_E_0001721,-7.3312491637
CtrSVDD_0042_E_0001722,-4.4190587433
CtrSVDD_0043_E_0001723,-8.1655431515
CtrSVDD_0044_E_0001724,-6.1665145109
CtrSVDD_0045_E_0001725,-6.2800746987
CtrSVDD_0046_E_0001726,-4.3754102922
CtrSVDD_0047_E_0001727,-4.9263686484
CtrSVDD_0000_E_0001728,0.0973694111
CtrSVDD_0001_E_0001729,-7.4594169097
CtrSVDD_0002_E_0001730,-5.7897322229
CtrSVDD_0003_E_0001731,-7.0981705991
CtrSVDD_0004_E_0001732,-5.4702954344
CtrSVDD_0005_E_0001733,-4.7705071285
CtrSVDD_0006_E_0001734,-0.6613770568
CtrSVDD_0007_E_0001735,-5.7196952967
CtrSVDD_0008_E_0001736,0.2755104387
CtrSVDD_0009_E_0001737,-5.9530425891
CtrSVDD_0010_E_0001738,-5.0863681478
CtrSVDD_0011_E_0001739,-6.3160647422
CtrSVDD_0012_E_0001740,1.3281712446
CtrSVDD_0013_E_0001741,-6.7424233356
CtrSVDD_0014_E_0001742,-8.4067506363
CtrSVDD_0015_E_0001743,-7.1073004150
CtrSVDD_0016_E_0001744,-6.8556421454
CtrSVDD_0017_E_0001745,-7.0513792486
CtrSVDD_0018_E_0001746,-6.8680944912
CtrSVDD_0019_E_0001747,-4.4885979458
CtrSVDD_0020_E_0001748,-5.1131004477
CtrSVDD_0021_E_0001749,-7.0322143062
CtrSVDD_0022_E_0001750,-8.6074785821
CtrSVDD_0023_E_0001751,-6.9014358240
CtrSVDD_0024_E_0001752,-4.6594520857
CtrSVDD_0025_E_0001753,-8.2320073038
CtrSVDD_0026_E_0001754,-3.3048830472
CtrSVDD_0027_E_0001755,-5.5603949634
CtrSVDD_0028_E_0001756,-4.5928631511
CtrSVDD_0029_E_0001757,-6.3887419317
CtrSVDD_0030_E_0001758,-7.5437670227
CtrSVDD_0031_E_0001759,2.8288644327
CtrSVDD_0032_E_0001760,-4.5961195303
CtrSVDD_0033_E_0001761,-5.7523179731
CtrSVDD_0034_E_0001762,-0.0412759663
CtrSVDD_0035_E_0001763,-4.5810133028
CtrSVDD_0036_E_0001764,-4.1919728246
CtrSVDD_0037_E_0001765,-9.3197139944
CtrSVDD_0038_E_0001766,-5.5100339838
CtrSVDD_0039_E_0001767,0.2653542101
CtrSVDD_0040_E_0001768,-3.2575750807
CtrSVDD_0041_E_0001769,-0.5684131487
CtrSVDD_0042_E_0001770,2.9500190302
CtrSVDD_0043_E_0001771,0.7983538465
CtrSVDD_0044_E_0001772,-6.5988046606
CtrSVDD_0045_E_0001773,-7.7940094871
CtrSVDD_0046_E_0001774,-8.4384322834
CtrSVDD_0047_E_0001775,-5.8296881259
CtrSVDD_0000_E_0001776,-4.9956121803
CtrSVDD_0001_E_0001777,-7.7674279192
CtrSVDD_0002_E_0001778,-4.1738504095
CtrSVDD_0003_E_0001779,1.0733122116
CtrSVDD_0004_E_0001780,-8.0170070096
CtrSVDD_0005_E_0001781,-6.7968443658
CtrSVDD_0006_E_0001782,-6.4900582293
CtrSVDD_0007_E_0001783,-4.2497376420
CtrSVDD_0008_E_0001784,-7.5736293618
CtrSVDD_0009_E_0001785,-6.2773260224
CtrSVDD_0010_E_0001786,-2.8480841652
CtrSVDD_0011_E_0001787,-0.2494491207
CtrSVDD_0012_E_0001788,-6.8855983340
CtrSVDD_0013_E_0001789,-7.1456838447
CtrSVDD_0014_E_0001790,-6.8709483543
CtrSVDD_0015_E_0001791,-6.8133339030
CtrSVDD_0016_E_0001792,0.1452614808
CtrSVDD_0017_E_0001793,-6.3626293912
CtrSVDD_0018_E_0001794,-7.9522830353
CtrSVDD_0019_E_0001795,-3.4736126773
CtrSVDD_0020_E_0001796,-6.3800104103
CtrSVDD_0021_E_0001797,-0.7474381782
CtrSVDD_0022_E_0001798,-3.5532674578
CtrSVDD_0023_E_0001799,-4.2323886045
CtrSVDD_0024_E_0001800,-0.9133678526
CtrSVDD_0025_E_0001801,-7.3516428576
CtrSVDD_0026_E_0001802,-6.9580803484
CtrSVDD_0027_E_0001803,0.2856951664
CtrSVDD_0028_E_0001804,-2.6367465081
CtrSVDD_0029_E_0001805,-4.9876347533
CtrSVDD_0030_E_0001806,-7.1656137127
CtrSVDD_0031_E_0001807,-6.3641213123
CtrSVDD_0032_E_0001808,-7.9409688749
CtrSVDD_0033_E_0001809,-7.1337542659
CtrSVDD_0034_E_0001810,-2.9144298909
CtrSVDD_0035_E_0001811,-6.0063769685
CtrSVDD_0036_E_0001812,-4.5453985703
CtrSVDD_0037_E_0001813,-5.5333511537
CtrSVDD_0038_E_0001814,-5.3501828999
CtrSVDD_0039_E_0001815,-0.4677856855
CtrSVDD_0040_E_0001816,-0.5053952563
CtrSVDD_0041_E_0001817,-6.1907581709
CtrSVDD_0042_E_0001818,-6.5980700099
CtrSVDD_0043_E_0001819,-5.4331931743
CtrSVDD_0044_E_0001820,-7.5374608906
CtrSVDD_0045_E_0001821,0.3311735569
CtrSVDD_0046_E_0001822,-7.7121315325
CtrSVDD_0047_E_0001823,-7.8411436422
CtrSVDD_0000_E_0001824,-3.1967699000
CtrSVDD_0001_E_0001825,-4.0145766619
CtrSVDD_0002_E_0001826,-6.8231811233
CtrSVDD_0003_E_0001827,-7.7871202278
CtrSVDD_0004_E_0001828,1.2403559942
CtrSVDD_0005_E_0001829,-9.3539457598
CtrSVDD_0006_E_0001830,-2.0502195444
CtrSVDD_0007_E_0001831,-4.1984773518
CtrSVDD_0008_E_0001832,-5.6549006249
CtrSVDD_0009_E_0001833,1.1369937987
CtrSVDD_0010_E_0001834,-0.8002791039
CtrSVDD_0011_E_0001835,-7.1991647555
CtrSVDD_0012_E_0001836,-6.2896865396
CtrSVDD_0013_E_0001837,-5.3312190390
CtrSVDD_0014_E_0001838,-5.3761208153
CtrSVDD_0015_E_0001839,-8.4158851355
CtrSVDD_0016_E_0001840,0.5965898493
CtrSVDD_0017_E_0001841,-5.8862310806
CtrSVDD_0018_E_0001842,-8.2510863174
CtrSVDD_0019_E_0001843,-6.0999662389
CtrSVDD_0020_E_0001844,-5.6991550490
CtrSVDD_0021_E_0001845,-0.4864133783
CtrSVDD_0022_E_0001846,-7.5670865630
CtrSVDD_0023_E_0001847,-6.0684365904
CtrSVDD_0024_E_0001848,1.4713997696
CtrSVDD_0025_E_0001849,-2.7658349863
CtrSVDD_0026_E_0001850,-4.7174258850
CtrSVDD_0027_E_0001851,-7.3080889008
CtrSVDD_0028_E_0001852,-5.8946748237
CtrSVDD_0029_E_0001853,-6.5108380263
CtrSVDD_0030_E_0001854,-7.0326607923
CtrSVDD_0031_E_0001855,0.6631188104
CtrSVDD_0032_E_0001856,-4.0372696833
CtrSVDD_0033_E_0001857,-5.0232521837
CtrSVDD_0034_E_0001858,1.2525226939
CtrSVDD_0035_E_0001859,-7.7191691135
CtrSVDD_0036_E_0001860,0.0076934104
CtrSVDD_0037_E_0001861,-2.2151032952
CtrSVDD_0038_E_0001862,-5.3730323667
CtrSVDD_0039_E_0001863,0.5053952563
CtrSVDD_0040_E_0001864,-6.9600375026
CtrSVDD_0041_E_0001865,-6.3519300734
CtrSVDD_0042_E_0001866,0.4274043749
CtrSVDD_0043_E_0001867,-4.6259890079
CtrSVDD_0044_E_0001868,-2.6677991282
CtrSVDD_0045_E_0001869,-5.2222210324
CtrSVDD_0046_E_0001870,-3.0885587831
CtrSVDD_0047_E_0001871,-7.1643126094
CtrSVDD_0000_E_0001872,0.2230168364
CtrSVDD_0001_E_0001873,-6.6287692671
CtrSVDD_0002_E_0001874,-7.4986607509
CtrSVDD_0003_E_0001875,-4.4743912972
CtrSVDD_0004_E_0001876,0.7001766943
CtrSVDD_0005_E_0001877,-0.0174857423
CtrSVDD_0006_E_0001878,-0.3174049680
CtrSVDD_0007_E_0001879,-5.9326848565
CtrSVDD_0008_E_0001880,0.9500715601
CtrSVDD_0009_E_0001881,-8.0832932884
CtrSVDD_0010_E_0001882,-2.5426616927
CtrSVDD_0011_E_0001883,-2.9266666712
CtrSVDD_0012_E_0001884,-5.6217338799
CtrSVDD_0013_E_0001885,-5.1804463967
CtrSVDD_0014_E_0001886,-7.9368607479
CtrSVDD_0015_E_0001887,-8.0105820911
CtrSVDD_0016_E_0001888,-4.0700781504
CtrSVDD_0017_E_0001889,-2.0183722382
CtrSVDD_0018_E_0001890,-5.8120691203
CtrSVDD_0019_E_0001891,-7.1885156347
CtrSVDD_0020_E_0001892,-8.3453490522
CtrSVDD_0021_E_0001893,-7.4362609854
CtrSVDD_0022_E_0001894,-2.8731870689
CtrSVDD_0023_E_0001895,-6.1864969948
CtrSVDD_0024_E_0001896,-5.0538903051
CtrSVDD_0025_E_0001897,-5.7610203117
CtrSVDD_0026_E_0001898,-7.2521127971
CtrSVDD_0027_E_0001899,-4.8275476681
CtrSVDD_0028_E_0001900,-6.3484044679
CtrSVDD_0029_E_0001901,-0.3969473992
CtrSVDD_0030_E_0001902,0.9133678526
CtrSVDD_0031_E_0001903,-7.4764869814
CtrSVDD_0032_E_0001904,-6.2710067768
CtrSVDD_0033_E_0001905,-5.7487185667
CtrSVDD_0034_E_0001906,-5.2465516538
CtrSVDD_0035_E_0001907,0.5500786843
CtrSVDD_0036_E_0001908,-8.5821331159
CtrSVDD_0037_E_0001909,-5.7574919945
CtrSVDD_0038_E_0001910,-4.8150262349
CtrSVDD_0039_E_0001911,-6.9667605022
CtrSVDD_0040_E_0001912,-6.0451253435
CtrSVDD_0041_E_0001913,-7.6340260639
CtrSVDD_0042_E_0001914,-8.6034968349
CtrSVDD_0043_E_0001915,-5.7382862602
CtrSVDD_0044_E_0001916,-3.9492940328
CtrSVDD_0045_E_0001917,-1.2235967810
CtrSVDD_0046_E_0001918,-4.6968821051
CtrSVDD_0047_E_0001919,-10.2753201391
CtrSVDD_0000_E_0001920,-7.3473381238
CtrSVDD_0001_E_0001921,-2.9988997008
CtrSVDD_0002_E_0001922,-5.8769719606
CtrSVDD_0003_E_0001923,-4.5412674899
CtrSVDD_0004_E_0001924,-4.1188310549
CtrSVDD_0005_E_0001925,0.7355604574
CtrSVDD_0006_E_0001926,-7.3939882302
CtrSVDD_0007_E_0001927,-4.4249395941
CtrSVDD_0008_E_0001928,-5.0505655913
CtrSVDD_0009_E_0001929,-4.1852776628
CtrSVDD_0010_E_0001930,-5.5898091768
CtrSVDD_0011_E_0001931,-8.2037105620
CtrSVDD_0012_E_0001932,-6.2224588289
CtrSVDD_0013_E_0001933,-5.2249978462
CtrSVDD_0014_E_0001934,-3.0911600326
CtrSVDD_0015_E_0001935,-4.1536466695
CtrSVDD_0016_E_0001936,-5.8921534983
CtrSVDD_0017_E_0001937,-7.5791401450
CtrSVDD_0018_E_0001938,-5.6384901992
CtrSVDD_0019_E_0001939,-5.6212217622
CtrSVDD_0020_E_0001940,-7.0696186025
CtrSVDD_0021_E_0001941,-5.6256961306
CtrSVDD_0022_E_0001942,-3.9316044302
CtrSVDD_0023_E_0001943,-6.5480842880
CtrSVDD_0024_E_0001944,-7.2991779658
CtrSVDD_0025_E_0001945,-4.2760490830
CtrSVDD_0026_E_0001946,-4.9457018977
CtrSVDD_0027_E_0001947,-6.8167081290
CtrSVDD_0028_E_0001948,-0.5667698816
CtrSVDD_0029_E_0001949,-8.9364520272
CtrSVDD_0030_E_0001950,-7.3233415859
CtrSVDD_0031_E_0001951,-7.3064882284
CtrSVDD_0032_E_0001952,-0.9835540622
CtrSVDD_0033_E_0001953,-5.2650404442
CtrSVDD_0034_E_0001954,0.9066820700
CtrSVDD_0035_E_0001955,-7.1384988737
CtrSVDD_0036_E_0001956,-5.1302697194
CtrSVDD_0037_E_0001957,-7.0481719531
CtrSVDD_0038_E_0001958,-6.8398648986
CtrSVDD_0039_E_0001959,-5.6665843675
CtrSVDD_0040_E_0001960,-7.0106169586
CtrSVDD_0041_E_0001961,-6.6980897220
CtrSVDD_0042_E_0001962,-4.6453647630
CtrSVDD_0043_E_0001963,-6.8187334842
CtrSVDD_0044_E_0001964,-7.5860782026
CtrSVDD_0045_E_0001965,-6.5784010751
CtrSVDD_0046_E_0001966,-7.6520628689
CtrSVDD_0047_E_0001967,-0.9218921745
CtrSVDD_0000_E_0001968,-8.1720007144
CtrSVDD_0001_E_0001969,-6.1723458202
CtrSVDD_0002_E_0001970,-7.9810488093
CtrSVDD_0003_E_0001971,-7.2555749575
CtrSVDD_0004_E_0001972,-4.1246131978
CtrSVDD_0005_E_0001973,-0.6083298156
CtrSVDD_0006_E_0001974,-7.6887372965
CtrSVDD_0007_E_0001975,-4.5787282760
CtrSVDD_0008_E_0001976,0.8002791039
CtrSVDD_0009_E_0001977,-2.9529780857
CtrSVDD_0010_E_0001978,0.1325727936
CtrSVDD_0011_E_0001979,-6.7733891749
CtrSVDD_0012_E_0001980,-8.0295840634
CtrSVDD_0013_E_0001981,-7.3035606449
CtrSVDD_0014_E_0001982,-3.8621319151
CtrSVDD_0015_E_0001983,-5.8079636620
CtrSVDD_0016_E_0001984,-1.9206546560
CtrSVDD_0017_E_0001985,1.3087199986
CtrSVDD_0018_E_0001986,-2.4743400693
CtrSVDD_0019_E_0001987,-6.5062187604
CtrSVDD_0020_E_0001988,-6.4396894652
CtrSVDD_0021_E_0001989,-6.9852489201
CtrSVDD_0022_E_0001990,-8.3833860557
CtrSVDD_0023_E_0001991,-6.3318409251
CtrSVDD_0024_E_0001992,-4.9687184051
CtrSVDD_0025_E_0001993,-5.3925332279
CtrSVDD_0026_E_0001994,-5.1485283335
CtrSVDD_0027_E_0001995,-6.7221648471
CtrSVDD_0028_E_0001996,-7.4868804248
CtrSVDD_0029_E_0001997,-5.3132200129
CtrSVDD_0030_E_0001998,-0.1297510487
CtrSVDD_0031_E_0001999,-5.7272070180
CtrSVDD_0032_E_0002000,-7.2004568589
CtrSVDD_0033_E_0002001,-8.3681357477
CtrSVDD_0034_E_0002002,-6.7528598643
CtrSVDD_0035_E_0002003,-7.3553023419
CtrSVDD_0036_E_0002004,-8.2801329003
CtrSVDD_0037_E_0002005,-6.4355634685
CtrSVDD_0038_E_0002006,-5.7949165903
CtrSVDD_0039_E_0002007,-9.9886036034
CtrSVDD_0040_E_0002008,-6.5864522326
CtrSVDD_0041_E_0002009,-7.4907253799
CtrSVDD_0042_E_0002010,-6.1143494180
CtrSVDD_0043_E_0002011,-6.3490895516
CtrSVDD_0044_E_0002012,-5.8072628444
CtrSVDD_0045_E_0002013,-6.5029872656
CtrSVDD_0046_E_0002014,-7.5684048564
CtrSVDD_0047_E_0002015,-5.0139530986
CtrSVDD_0000_E_0002016,-5.4807625759
CtrSVDD_0001_E_0002017,-2.9889815687
CtrSVDD_0002_E_0002018,-6.8779734692
CtrSVDD_0003_E_0002019,-4.9883549504
CtrSVDD_0004_E_0002020,-6.6102722808
CtrSVDD_0005_E_0002021,-4.6453111596
CtrSVDD_0006_E_0002022,-7.1722936577
CtrSVDD_0007_E_0002023,-5.8597919694
CtrSVDD_0008_E_0002024,-5.0935248468
CtrSVDD_0009_E_0002025,-8.5647249042
CtrSVDD_0010_E_0002026,-5.8125088444
CtrSVDD_0011_E_0002027,-6.6141747076
CtrSVDD_0012_E_0002028,-8.2887552673
CtrSVDD_0013_E_0002029,-7.1458486062
CtrSVDD_0014_E_0002030,-5.6951033553
CtrSVDD_0015_E_0002031,-6.3963559200
CtrSVDD_0016_E_0002032,-7.8627425842
CtrSVDD_0017_E_0002033,-8.5604671585
CtrSVDD_0018_E_0002034,-0.8041385478
CtrSVDD_0019_E_0002035,-7.6346024922
CtrSVDD_0020_E_0002036,-6.2401357940
CtrSVDD_0021_E_0002037,-6.9047749823
CtrSVDD_0022_E_0002038,-6.7931230216
CtrSVDD_0023_E_0002039,-6.9864697614
CtrSVDD_0024_E_0002040,-5.3782861477
CtrSVDD_0025_E_0002041,-4.3434769738
CtrSVDD_0026_E_0002042,-6.4583650139
CtrSVDD_0027_E_0002043,-6.5787923395
CtrSVDD_0028_E_0002044,-7.3567243390
CtrSVDD_0029_E_0002045,-6.6103455319
CtrSVDD_0030_E_0002046,-7.7637172779
CtrSVDD_0031_E_0002047,-6.6711444357
CtrSVDD_0032_E_0002048,-9.1414170164
CtrSVDD_0033_E_0002049,-8.0428310897
CtrSVDD_0034_E_0002050,-5.1207111959
CtrSVDD_0035_E_0002051,-1.1409127093
CtrSVDD_0036_E_0002052,-7.6801505656
CtrSVDD_0037_E_0002053,-1.2862140736
CtrSVDD_0038_E_0002054,-4.6703093384
CtrSVDD_0039_E_0002055,-7.5218401190
CtrSVDD_0040_E_0002056,1.9824130007
CtrSVDD_0041_E_0002057,-5.6117740603
CtrSVDD_0042_E_0002058,-8.3524423878
CtrSVDD_0043_E_0002059,-6.9073369053
CtrSVDD_0044_E_0002060,-6.8055485542
CtrSVDD_0045_E_0002061,-5.4936951537
CtrSVDD_0046_E_0002062,-5.3856097164
CtrSVDD_0047_E_0002063,-4.6125587807
CtrSVDD_0000_E_0002064,-6.7948671923
CtrSVDD_0001_E_0002065,-6.2243089456
CtrSVDD_0002_E_0002066,-6.7626738663
CtrSVDD_0003_E_0002067,-5.7997979732
CtrSVDD_0004_E_0002068,-5.2349147056
CtrSVDD_0005_E_0002069,-7.1217840375
CtrSVDD_0006_E_0002070,-0.7492890010
CtrSVDD_0007_E_0002071,-8.6784327966
CtrSVDD_0008_E_0002072,-5.6365618754
CtrSVDD_0009_E_0002073,-8.4853455443
CtrSVDD_0010_E_0002074,-0.4366180187
CtrSVDD_0011_E_0002075,-2.8290686247
CtrSVDD_0012_E_0002076,-7.0576586046
CtrSVDD_0013_E_0002077,-6.5771231336
CtrSVDD_0014_E_0002078,-6.2840921113
CtrSVDD_0015_E_0002079,-0.7254239831
CtrSVDD_0016_E_0002080,-2.3656170616
CtrSVDD_0017_E_0002081,-8.4954820766
CtrSVDD_0018_E_0002082,-6.3558632131
CtrSVDD_0019_E_0002083,-7.2148480735
CtrSVDD_0020_E_0002084,-6.4580435275
CtrSVDD_0021_E_0002085,-7.4295836838
CtrSVDD_0022_E_0002086,-6.0392140310
CtrSVDD_0023_E_0002087,0.5783052720
CtrSVDD_0024_E_0002088,-8.8992446941
CtrSVDD_0025_E_0002089,-7.9742509013
CtrSVDD_0026_E_0002090,-6.5233420914
CtrSVDD_0027_E_0002091,-2.4664798846
CtrSVDD_0028_E_0002092,-5.4392663123
CtrSVDD_0029_E_0002093,0.3987062333
CtrSVDD_0030_E_0002094,-6.1173387057
CtrSVDD_0031_E_0002095,-5.8093125850
CtrSVDD_0032_E_0002096,-8.6281631689
CtrSVDD_0033_E_0002097,-6.3411687555
CtrSVDD_0034_E_0002098,-8.0256284675
CtrSVDD_0035_E_0002099,0.5374456446
CtrSVDD_0036_E_0002100,-8.0247061617
CtrSVDD_0037_E_0002101,-6.8462453462
CtrSVDD_0038_E_0002102,-5.0832075183
CtrSVDD_0039_E_0002103,-5.2516776043
CtrSVDD_0040_E_0002104,-5.5137794349
CtrSVDD_0041_E_0002105,-5.4375623288
CtrSVDD_0042_E_0002106,-3.9634684422
CtrSVDD_0043_E_0002107,-4.3829829362
CtrSVDD_0044_E_0002108,-7.6637825732
CtrSVDD_0045_E_0002109,-6.2593968059
CtrSVDD_0046_E_0002110,-4.2934368979
CtrSVDD_0047_E_0002111,-3.9555574133
CtrSVDD_0000_E_0002112,-2.3073301691
CtrSVDD_0001_E_0002113,-7.4877914287
CtrSVDD_0002_E_0002114,-7.1495310620
CtrSVDD_0003_E_0002115,-0.8916360143
CtrSVDD_0004_E_0002116,0.0791139796
CtrSVDD_0005_E_0002117,-4.5248378053
CtrSVDD_0006_E_0002118,-2.5281882053
CtrSVDD_0007_E_0002119,-7.6356578332
CtrSVDD_0008_E_0002120,-5.5354812303
CtrSVDD_0009_E_0002121,-4.7265793382
CtrSVDD_0010_E_0002122,-7.6177934142
CtrSVDD_0011_E_0002123,-5.4114063556
CtrSVDD_0012_E_0002124,-6.2860370802
CtrSVDD_0013_E_0002125,-4.6939118665
CtrSVDD_0014_E_0002126,-1.8135017802
CtrSVDD_0015_E_0002127,0.7249705504
CtrSVDD_0016_E_0002128,-6.5821300210
CtrSVDD_0017_E_0002129,-6.2718210239
CtrSVDD_0018_E_0002130,-3.2637308313
CtrSVDD_0019_E_0002131,-4.9738990702
CtrSVDD_0020_E_0002132,-3.6240072060
CtrSVDD_0021_E_0002133,-6.8647648177
CtrSVDD_0022_E_0002134,-7.1256845541
CtrSVDD_0023_E_0002135,-8.1832959008
CtrSVDD_0024_E_0002136,-4.1518820784
CtrSVDD_0025_E_0002137,-5.4084444582
CtrSVDD_0026_E_0002138,-5.5277990897
CtrSVDD_0027_E_0002139,-0.2436812725
CtrSVDD_0028_E_0002140,-5.1568295106
CtrSVDD_0029_E_0002141,-9.1717533368
CtrSVDD_0030_E_0002142,-6.6254425828
CtrSVDD_0031_E_0002143,1.0443641049
CtrSVDD_0032_E_0002144,-5.0554087955
CtrSVDD_0033_E_0002145,-0.1340525266
CtrSVDD_0034_E_0002146,-8.8590891439
CtrSVDD_0035_E_0002147,-5.1501884537
CtrSVDD_0036_E_0002148,-4.7115050517
CtrSVDD_0037_E_0002149,-5.5707465443
CtrSVDD_0038_E_0002150,-6.1607751466
CtrSVDD_0039_E_0002151,-4.0761215285
CtrSVDD_0040_E_0002152,-5.2898016187
CtrSVDD_0041_E_0002153,-3.6330988565
CtrSVDD_0042_E_0002154,-6.0922552783
CtrSVDD_0043_E_0002155,1.0990107135
CtrSVDD_0044_E_0002156,-6.7712895758
CtrSVDD_0045_E_0002157,-5.5348007195
CtrSVDD_0046_E_0002158,-1.3751504013
CtrSVDD_0047_E_0002159,-6.1211745312
CtrSVDD_0000_E_0002160,-0.8737499097
CtrSVDD_0001_E_0002161,-4.8627574115
CtrSVDD_0002_E_0002162,-3.7687372938
CtrSVDD_0003_E_0002163,-7.2617246380
CtrSVDD_0004_E_0002164,-6.1708101455
CtrSVDD_0005_E_0002165,-3.8433040374
CtrSVDD_0006_E_0002166,0.1255203605
CtrSVDD_0007_E_0002167,-6.2443527409
CtrSVDD_0008_E_0002168,-6.0909299756
CtrSVDD_0009_E_0002169,-5.6457718297
CtrSVDD_0010_E_0002170,-4.7583701239
CtrSVDD_0011_E_0002171,-5.9722992111
CtrSVDD_0012_E_0002172,-0.6440681386
CtrSVDD_0013_E_0002173,-4.8964891563
CtrSVDD_0014_E_0002174,-7.7548831529
CtrSVDD_0015_E_0002175,-4.7179937551
CtrSVDD_0016_E_0002176,-7.2359375867
CtrSVDD_0017_E_0002177,-7.1791792889
CtrSVDD_0018_E_0002178,-4.3371905706
CtrSVDD_0019_E_0002179,-6.5704437998
CtrSVDD_0020_E_0002180,-8.1245001897
CtrSVDD_0021_E_0002181,-6.9603340608
CtrSVDD_0022_E_0002182,-1.1991522510
CtrSVDD_0023_E_0002183,-7.2433901691
CtrSVDD_0024_E_0002184,-4.1062918696
CtrSVDD_0025_E_0002185,1.9082291381
CtrSVDD_0026_E_0002186,-2.8980184869
CtrSVDD_0027_E_0002187,-6.2516134133
CtrSVDD_0028_E_0002188,-4.8372512791
CtrSVDD_0029_E_0002189,-0.9028048733
CtrSVDD_0030_E_0002190,0.8742407230
CtrSVDD_0031_E_0002191,-5.9741775777
CtrSVDD_0032_E_0002192,-6.1345491224
CtrSVDD_0033_E_0002193,-3.3427446482
CtrSVDD_0034_E_0002194,-4.6227717841
CtrSVDD_0035_E_0002195,-6.7398915759
CtrSVDD_0036_E_0002196,-6.0727393587
CtrSVDD_0037_E_0002197,-5.9494714597
CtrSVDD_0038_E_0002198,-6.2407796355
CtrSVDD_0039_E_0002199,-7.6686310467
CtrSVDD_0040_E_0002200,-6.4064426691
CtrSVDD_0041_E_0002201,-8.2344784065
CtrSVDD_0042_E_0002202,-5.2399981849
CtrSVDD_0043_E_0002203,-7.8042524940
CtrSVDD_0044_E_0002204,-5.6824723384
CtrSVDD_0045_E_0002205,-4.7511746978
CtrSVDD_0046_E_0002206,-10.6812100534
CtrSVDD_0047_E_0002207,-1.2805982317
CtrSVDD_0000_E_0002208,-6.9660228449
CtrSVDD_0001_E_0002209,-6.1269127751
CtrSVDD_0002_E_0002210,-9.6585244220
CtrSVDD_0003_E_0002211,-1.5885360383
CtrSVDD_0004_E_0002212,-0.3415349575
CtrSVDD_0005_E_0002213,-8.4449814741
CtrSVDD_0006_E_0002214,-8.4169594059
CtrSVDD_0007_E_0002215,-5.6389959910
CtrSVDD_0008_E_0002216,-4.8081673364
CtrSVDD_0009_E_0002217,-5.6950363003
CtrSVDD_0010_E_0002218,0.5229565873
CtrSVDD_0011_E_0002219,-7.8485551475
CtrSVDD_0012_E_0002220,-2.3908649261
CtrSVDD_0013_E_0002221,-3.1948969944
CtrSVDD_0014_E_0002222,-4.6649690778
CtrSVDD_0015_E_0002223,-2.7818549271
CtrSVDD_0016_E_0002224,-5.3200411949
CtrSVDD_0017_E_0002225,-8.9292405560
CtrSVDD_0018_E_0002226,-4.1467827075
CtrSVDD_0019_E_0002227,0.1391504120
CtrSVDD_0020_E_0002228,-4.9241618394
CtrSVDD_0021_E_0002229,-6.2300357688
CtrSVDD_0022_E_0002230,-7.5249094188
CtrSVDD_0023_E_0002231,-8.3721012089
CtrSVDD_0024_E_0002232,-4.5168242737
CtrSVDD_0025_E_0002233,-5.4881996012
CtrSVDD_0026_E_0002234,-5.5166520501
CtrSVDD_0027_E_0002235,-6.0744163979
CtrSVDD_0028_E_0002236,-5.1413172000
CtrSVDD_0029_E_0002237,-5.6239824930
CtrSVDD_0030_E_0002238,-3.2589345025
CtrSVDD_0031_E_0002239,-3.6600338132
CtrSVDD_0032_E_0002240,-5.6088480763
CtrSVDD_0033_E_0002241,-6.0886362277
CtrSVDD_0034_E_0002242,-5.5183321793
CtrSVDD_0035_E_0002243,-8.0430455649
CtrSVDD_0036_E_0002244,-6.3040200146
CtrSVDD_0037_E_0002245,-8.1132715609
CtrSVDD_0038_E_0002246,-5.2161991269
CtrSVDD_0039_E_0002247,-6.8947604546
CtrSVDD_0040_E_0002248,-6.5770878777
CtrSVDD_0041_E_0002249,-7.6081364373
CtrSVDD_0042_E_0002250,-2.6375307873
CtrSVDD_0043_E_0002251,-1.6563238653
CtrSVDD_0044_E_0002252,-7.5083232023
CtrSVDD_0045_E_0002253,-7.8095446389
CtrSVDD_0046_E_0002254,-7.0624601571
CtrSVDD_0047_E_0002255,-0.0370763774
CtrSVDD_0000_E_0002256,-8.7663642847
CtrSVDD_0001_E_0002257,-6.9231592321
CtrSVDD_0002_E_0002258,-4.0347912507
CtrSVDD_0003_E_0002259,0.5390624707
CtrSVDD_0004_E_0002260,-1.6631770580
CtrSVDD_0005_E_0002261,-3.8357116911
CtrSVDD_0006_E_0002262,-5.7446694838
CtrSVDD_0007_E_0002263,-4.9784944742
CtrSVDD_0008_E_0002264,-5.0276031313
CtrSVDD_0009_E_0002265,-4.3163436387
CtrSVDD_0010_E_0002266,-4.4790685213
CtrSVDD_0011_E_0002267,-6.7964875357
CtrSVDD_0012_E_0002268,-5.5586648891
CtrSVDD_0013_E_0002269,-8.0642288496
CtrSVDD_0014_E_0002270,-4.7026770949
CtrSVDD_0015_E_0002271,-7.3655305160
CtrSVDD_0016_E_0002272,-6.8044396558
CtrSVDD_0017_E_0002273,-3.9615296803
CtrSVDD_0018_E_0002274,-5.8834953861
CtrSVDD_0019_E_0002275,-5.4404972084
CtrSVDD_0020_E_0002276,-4.8191656622
CtrSVDD_0021_E_0002277,-5.8317137243
CtrSVDD_0022_E_0002278,-6.4617051893
CtrSVDD_0023_E_0002279,1.8509683456
CtrSVDD_0024_E_0002280,-3.3150278432
CtrSVDD_0025_E_0002281,0.2163909299
CtrSVDD_0026_E_0002282,-8.6273585727
CtrSVDD_0027_E_0002283,-8.0441889623
CtrSVDD_0028_E_0002284,-7.3880044297
CtrSVDD_0029_E_0002285,-6.6497418430
CtrSVDD_0030_E_0002286,-2.5940015058
CtrSVDD_0031_E_0002287,-3.9369673009
CtrSVDD_0032_E_0002288,-4.5904812200
CtrSVDD_0033_E_0002289,-4.4917846675
CtrSVDD_0034_E_0002290,-3.8478521547
CtrSVDD_0035_E_0002291,-3.7742927882
CtrSVDD_0036_E_0002292,-3.9770757073
CtrSVDD_0037_E_0002293,-6.3811996420
CtrSVDD_0038_E_0002294,-5.6339869234
CtrSVDD_0039_E_0002295,-4.5532526933
CtrSVDD_0040_E_0002296,-7.9079925752
CtrSVDD_0041_E_0002297,-5.2901443279
CtrSVDD_0042_E_0002298,-4.8761161232
CtrSVDD_0043_E_0002299,-6.5884790159
CtrSVDD_0044_E_0002300,0.4582631533
CtrSVDD_0045_E_0002301,-7.9501837019
CtrSVDD_0046_E_0002302,-5.7378799817
CtrSVDD_0047_E_0002303,-6.7373596809
CtrSVDD_0000_E_0002304,-0.3788501997
CtrSVDD_0001_E_0002305,-7.1810706727
CtrSVDD_0002_E_0002306,-7.5881558706
CtrSVDD_0003_E_0002307,-6.2586053164
CtrSVDD_0004_E_0002308,-5.1900548841
CtrSVDD_0005_E_0002309,-1.1444713440
CtrSVDD_0006_E_0002310,-0.4660453558
CtrSVDD_0007_E_0002311,-4.6774161082
CtrSVDD_0008_E_0002312,-1.5318557475
CtrSVDD_0009_E_0002313,-6.9481959718
CtrSVDD_0010_E_0002314,-6.6877810833
CtrSVDD_0011_E_0002315,-5.4663773081
CtrSVDD_0012_E_0002316,-5.9559016688
CtrSVDD_0013_E_0002317,-8.7422064162
CtrSVDD_0014_E_0002318,-7.0019807999
CtrSVDD_0015_E_0002319,-3.1723614383
CtrSVDD_0016_E_0002320,-5.6276025858
CtrSVDD_0017_E_0002321,-1.0964555527
CtrSVDD_0018_E_0002322,0.3430181294
CtrSVDD_0019_E_0002323,-6.3121394651
CtrSVDD_0020_E_0002324,-6.0818655571
CtrSVDD_0021_E_0002325,-7.7754157911
CtrSVDD_0022_E_0002326,-2.8098832362
CtrSVDD_0023_E_0002327,-5.8841414228
CtrSVDD_0024_E_0002328,0.3017602678
CtrSVDD_0025_E_0002329,-0.2610099665
CtrSVDD_0026_E_0002330,-5.8564305312
CtrSVDD_0027_E_0002331,0.4096927937
CtrSVDD_0028_E_0002332,-6.1350047249
CtrSVDD_0029_E_0002333,-7.4539898564
CtrSVDD_0030_E_0002334,0.6773611918
CtrSVDD_0031_E_0002335,-6.7127696775
CtrSVDD_0032_E_0002336,-7.4651448850
CtrSVDD_0033_E_0002337,-7.6405625846
CtrSVDD_0034_E_0002338,-5.4431088634
CtrSVDD_0035_E_0002339,-6.0945478216
CtrSVDD_0036_E_0002340,-5.4967692904
CtrSVDD_0037_E_0002341,-0.2740578323
CtrSVDD_0038_E_0002342,-5.7309716137
CtrSVDD_0039_E_0002343,-6.5227141051
CtrSVDD_0040_E_0002344,-4.4682166264
CtrSVDD_0041_E_0002345,-0.5069852349
CtrSVDD_0042_E_0002346,-7.4176089690
CtrSVDD_0043_E_0002347,-4.6089595602
CtrSVDD_0044_E_0002348,-5.8890615672
CtrSVDD_0045_E_0002349,-5.1447220300
CtrSVDD_0046_E_0002350,0.2871525250
CtrSVDD_0047_E_0002351,-6.1667142028
CtrSVDD_0000_E_0002352,-2.2957144336
CtrSVDD_0001_E_0002353,-6.0138448184
CtrSVDD_0002_E_0002354,-6.3828852868
CtrSVDD_0003_E_0002355,-4.9554897127
CtrSVDD_0004_E_0002356,-6.5423954619
CtrSVDD_0005_E_0002357,-6.6953357360
CtrSVDD_0006_E_0002358,-6.9558448525
CtrSVDD_0007_E_0002359,-6.2081862646
CtrSVDD_0008_E_0002360,-6.1055383512
CtrSVDD_0009_E_0002361,-7.5203072753
CtrSVDD_0010_E_0002362,-5.4892365985
CtrSVDD_0011_E_0002363,-0.7811575769
CtrSVDD_0012_E_0002364,-6.0609376731
CtrSVDD_0013_E_0002365,-0.4181151277
CtrSVDD_0014_E_0002366,-6.1765259602
CtrSVDD_0015_E_0002367,-6.5230424739
CtrSVDD_0016_E_0002368,-9.9693880812
CtrSVDD_0017_E_0002369,1.7649809686
CtrSVDD_0018_E_0002370,-5.8056859836
CtrSVDD_0019_E_0002371,-5.2834140465
CtrSVDD_0020_E_0002372,-1.2246644112
CtrSVDD_0021_E_0002373,-7.3941809606
CtrSVDD_0022_E_0002374,-3.8640192786
CtrSVDD_0023_E_0002375,-8.5188294222
CtrSVDD_0024_E_0002376,1.2517269914
CtrSVDD_0025_E_0002377,-2.1757241556
CtrSVDD_0026_E_0002378,-7.2224251128
CtrSVDD_0027_E_0002379,1.2078095279
CtrSVDD_0028_E_0002380,-6.2639339488
CtrSVDD_0029_E_0002381,-7.5126609474
CtrSVDD_0030_E_0002382,-4.2848995624
CtrSVDD_0031_E_0002383,-5.6825658031
CtrSVDD_0032_E_0002384,-7.5950635715
CtrSVDD_0033_E_0002385,-6.8878900708
CtrSVDD_0034_E_0002386,-4.6121637316
CtrSVDD_0035_E_0002387,-7.5050440457
CtrSVDD_0036_E_0002388,-5.8327978072
CtrSVDD_0037_E_0002389,-6.4120137366
CtrSVDD_0038_E_0002390,0.8758006938
CtrSVDD_0039_E_0002391,-5.7827182540
CtrSVDD_0040_E_0002392,-7.7611645386
CtrSVDD_0041_E_0002393,-1.6730978450
CtrSVDD_0042_E_0002394,-5.7448104311
CtrSVDD_0043_E_0002395,-7.4038611438
CtrSVDD_0044_E_0002396,0.7906822025
CtrSVDD_0045_E_0002397,-7.1329996689
CtrSVDD_0046_E_0002398,-5.1827299789
CtrSVDD_0047_E_0002399,-5.3709113467
CtrSVDD_0000_E_0002400,-0.3489584066
CtrSVDD_0001_E_0002401,-4.7263614770
CtrSVDD_0002_E_0002402,-4.8003731621
CtrSVDD_0003_E_0002403,0.8259484964
CtrSVDD_0004_E_0002404,-5.5719735589
CtrSVDD_0005_E_0002405,-5.5793623789
CtrSVDD_0006_E_0002406,-0.9261795494
CtrSVDD_0007_E_0002407,-4.3029173730
CtrSVDD_0008_E_0002408,-4.4893470360
CtrSVDD_0009_E_0002409,-6.4424559298
CtrSVDD_0010_E_0002410,-5.7240996476
CtrSVDD_0011_E_0002411,-1.2373428625
CtrSVDD_0012_E_0002412,-5.8224188414
CtrSVDD_0013_E_0002413,-0.0650895778
CtrSVDD_0014_E_0002414,-7.8722170486
CtrSVDD_0015_E_0002415,-3.0412854406
CtrSVDD_0016_E_0002416,-7.1090532786
CtrSVDD_0017_E_0002417,-5.4490051299
CtrSVDD_0018_E_0002418,-6.7892500950
CtrSVDD_0019_E_0002419,-4.6827361725
CtrSVDD_0020_E_0002420,-8.8822289963
CtrSVDD_0021_E_0002421,-6.9751727646
CtrSVDD_0022_E_0002422,-0.3863752869
CtrSVDD_0023_E_0002423,-3.1761253343
CtrSVDD_0024_E_0002424,-0.2886104937
CtrSVDD_0025_E_0002425,-7.4117059523
CtrSVDD_0026_E_0002426,-7.1532186414
CtrSVDD_0027_E_0002427,-6.9415786026
CtrSVDD_0028_E_0002428,-5.8668726051
CtrSVDD_0029_E_0002429,-6.1240605036
CtrSVDD_0030_E_0002430,-7.9481532002
CtrSVDD_0031_E_0002431,-6.6320953569
CtrSVDD_0032_E_0002432,3.2373150989
CtrSVDD_0033_E_0002433,-1.5253929382
CtrSVDD_0034_E_0002434,-7.5314442891
CtrSVDD_0035_E_0002435,-6.5287401010
CtrSVDD_0036_E_0002436,0.2321696494
CtrSVDD_0037_E_0002437,0.2639055764
CtrSVDD_0038_E_0002438,-5.1754177946
CtrSVDD_0039_E_0002439,0.3094522773
CtrSVDD_0040_E_0002440,-6.2455286900
CtrSVDD_0041_E_0002441,-7.1086831357
CtrSVDD_0042_E_0002442,-6.3151009231
CtrSVDD_0043_E_0002443,-8.8496558980
CtrSVDD_0044_E_0002444,-8.6676559316
CtrSVDD_0045_E_0002445,-5.4909505060
CtrSVDD_0046_E_0002446,-6.3060638792
CtrSVDD_0047_E_0002447,-3.5080095395
CtrSVDD_0000_E_0002448,-7.8430142111
CtrSVDD_0001_E_0002449,-3.7950692029
CtrSVDD_0002_E_0002450,-1.0737737290
CtrSVDD_0003_E_0002451,0.9812876872
CtrSVDD_0004_E_0002452,-5.6060203206
CtrSVDD_0005_E_0002453,-4.9649986652
CtrSVDD_0006_E_0002454,-8.8606477980
CtrSVDD_0007_E_0002455,0.1764594083
CtrSVDD_0008_E_0002456,-7.2477874351
CtrSVDD_0009_E_0002457,-4.2402349706
CtrSVDD_0010_E_0002458,-5.5690574699
CtrSVDD_0011_E_0002459,-8.5037531512
CtrSVDD_0012_E_0002460,-7.5699392445
CtrSVDD_0013_E_0002461,-0.8216566788
CtrSVDD_0014_E_0002462,0.3578920410
CtrSVDD_0015_E_0002463,-5.8232241539
CtrSVDD_0016_E_0002464,-6.4200152992
CtrSVDD_0017_E_0002465,-3.7297119412
CtrSVDD_0018_E_0002466,0.3090881616
CtrSVDD_0019_E_0002467,-8.9132098802
CtrSVDD_0020_E_0002468,-3.0466943925
CtrSVDD_0021_E_0002469,-5.3503728791
CtrSVDD_0022_E_0002470,-10.7841759560
CtrSVDD_0023_E_0002471,-7.2128507084
CtrSVDD_0024_E_0002472,-2.9103374323
CtrSVDD_0025_E_0002473,-4.6885067002
CtrSVDD_0026_E_0002474,-6.5632130914
CtrSVDD_0027_E_0002475,-2.8284783182
CtrSVDD_0028_E_0002476,0.3120239506
CtrSVDD_0029_E_0002477,-5.8764952813
CtrSVDD_0030_E_0002478,-7.8618625487
CtrSVDD_0031_E_0002479,-7.3694535164
CtrSVDD_0032_E_0002480,-5.7264051744
CtrSVDD_0033_E_0002481,-9.1153233467
CtrSVDD_0034_E_0002482,-8.1278660675
CtrSVDD_0035_E_0002483,-1.3468970466
CtrSVDD_0036_E_0002484,-7.3373042507
CtrSVDD_0037_E_0002485,-3.7152929482
CtrSVDD_0038_E_0002486,-9.5214705688
CtrSVDD_0039_E_0002487,-7.8233308801
CtrSVDD_0040_E_0002488,2.3352330401
CtrSVDD_0041_E_0002489,-3.7724403510
CtrSVDD_0042_E_0002490,-3.9016817606
CtrSVDD_0043_E_0002491,-7.9562951764
CtrSVDD_0044_E_0002492,0.8986077914
CtrSVDD_0045_E_0002493,-6.3264310571
CtrSVDD_0046_E_0002494,0.6303588592
CtrSVDD_0047_E_0002495,-6.7746446791
CtrSVDD_0000_E_0002496,-3.5531957333
CtrSVDD_0001_E_0002497,-5.6772133637
CtrSVDD_0002_E_0002498,-1.2869759279
CtrSVDD_0003_E_0002499,-6.4814670987
CtrSVDD_0004_E_0002500,-5.2349961612
CtrSVDD_0005_E_0002501,-7.5279835646
CtrSVDD_0006_E_0002502,1.1428720206
CtrSVDD_0007_E_0002503,-6.0379423653
CtrSVDD_0008_E_0002504,-8.1616907748
CtrSVDD_0009_E_0002505,-6.9008620067
CtrSVDD_0010_E_0002506,-6.8348266043
CtrSVDD_0011_E_0002507,-7.7638034284
CtrSVDD_0012_E_0002508,-4.0500323147
CtrSVDD_0013_E_0002509,-4.3693838282
CtrSVDD_0014_E_0002510,-8.9432678995
CtrSVDD_0015_E_0002511,-5.1748637349
CtrSVDD_0016_E_0002512,-6.9987809213
CtrSVDD_0017_E_0002513,-0.1424573696
CtrSVDD_0018_E_0002514,-5.0206162182
CtrSVDD_0019_E_0002515,-5.8566240097
CtrSVDD_0020_E_0002516,-4.9018985032
CtrSVDD_0021_E_0002517,-2.5432184406
CtrSVDD_0022_E_0002518,0.6930450984
CtrSVDD_0023_E_0002519,-5.5367919216
CtrSVDD_0024_E_0002520,-7.8078982451
CtrSVDD_0025_E_0002521,-5.9055361646
CtrSVDD_0026_E_0002522,-8.0999967714
CtrSVDD_0027_E_0002523,-3.9208081626
CtrSVDD_0028_E_0002524,-4.2562825026
CtrSVDD_0029_E_0002525,-7.3804990313
CtrSVDD_0030_E_0002526,-6.5399620365
CtrSVDD_0031_E_0002527,-3.5041877069
CtrSVDD_0032_E_0002528,-0.0496774027
CtrSVDD_0033_E_0002529,-9.2082846920
CtrSVDD_0034_E_0002530,-2.4069850506
CtrSVDD_0035_E_0002531,-4.5423720062
CtrSVDD_0036_E_0002532,-7.7222239897
CtrSVDD_0037_E_0002533,-1.9533237077
CtrSVDD_0038_E_0002534,-5.1800829674
CtrSVDD_0039_E_0002535,-8.3289504307
CtrSVDD_0040_E_0002536,-7.8024331227
CtrSVDD_0041_E_0002537,-6.6171927214
CtrSVDD_0042_E_0002538,-7.7767545883
CtrSVDD_0043_E_0002539,-1.4881218960
CtrSVDD_0044_E_0002540,-4.6542617948
CtrSVDD_0045_E_0002541,-6.1926884179
CtrSVDD_0046_E_0002542,-9.5731814537
CtrSVDD_0047_E_0002543,2.4176214176
CtrSVDD_0000_E_0002544,-6.8649386502
CtrSVDD_0001_E_0002545,-3.7021105756
CtrSVDD_0002_E_0002546,-5.4493680773
CtrSVDD_0003_E_0002547,-0.9435021675
CtrSVDD_0004_E_0002548,-0.4412387283
CtrSVDD_0005_E_0002549,-6.9768563862
CtrSVDD_0006_E_0002550,-6.4533527869
CtrSVDD_0007_E_0002551,-2.0893484298
CtrSVDD_0008_E_0002552,-4.0328543559
CtrSVDD_0009_E_0002553,-5.4447707825
CtrSVDD_0010_E_0002554,-6.4840748269
CtrSVDD_0011_E_0002555,-6.6620450397
CtrSVDD_0012_E_0002556,-3.8058817614
CtrSVDD_0013_E_0002557,-6.9566781980
CtrSVDD_0014_E_0002558,1.2020280035
CtrSVDD_0015_E_0002559,-4.2681053195
CtrSVDD_0016_E_0002560,2.2891032161
CtrSVDD_0017_E_0002561,-7.4077798796
CtrSVDD_0018_E_0002562,-7.8891606823
CtrSVDD_0019_E_0002563,-7.4244606310
CtrSVDD_0020_E_0002564,-7.1986900023
CtrSVDD_0021_E_0002565,-7.1055483873
CtrSVDD_0022_E_0002566,-6.2503446438
CtrSVDD_0023_E_0002567,-4.5561880866
CtrSVDD_0024_E_0002568,-7.1014251670
CtrSVDD_0025_E_0002569,-6.0981688426
CtrSVDD_0026_E_0002570,-7.0252216912
CtrSVDD_0027_E_0002571,-5.2951260296
CtrSVDD_0028_E_0002572,-6.8576603843
CtrSVDD_0029_E_0002573,-5.7140765799
CtrSVDD_0030_E_0002574,-6.6587118616
CtrSVDD_0031_E_0002575,-7.3882177151
CtrSVDD_0032_E_0002576,-7.9285999958
CtrSVDD_0033_E_0002577,-6.8048541121
CtrSVDD_0034_E_0002578,1.2224429156
CtrSVDD_0035_E_0002579,-6.2550480701
CtrSVDD_0036_E_0002580,-2.3253206982
CtrSVDD_0037_E_0002581,-6.0303923459
CtrSVDD_0038_E_0002582,-7.7770818964
CtrSVDD_0039_E_0002583,-6.2851640888
CtrSVDD_0040_E_0002584,-7.0650352309
CtrSVDD_0041_E_0002585,-5.9416881135
CtrSVDD_0042_E_0002586,-7.0654723925
CtrSVDD_0043_E_0002587,-5.6730787911
CtrSVDD_0044_E_0002588,-5.3270981665
CtrSVDD_0045_E_0002589,-7.1643139146
CtrSVDD_0046_E_0002590,-1.7137597566
CtrSVDD_0047_E_0002591,-6.9949622989
CtrSVDD_0000_E_0002592,-7.2521240212
CtrSVDD_0001_E_0002593,-6.7993760011
CtrSVDD_0002_E_0002594,-2.5995096323
CtrSVDD_0003_E_0002595,-2.6233756249
CtrSVDD_0004_E_0002596,-5.4169866033
CtrSVDD_0005_E_0002597,-1.3602661635
CtrSVDD_0006_E_0002598,-3.3992441297
CtrSVDD_0007_E_0002599,-1.8063061245
CtrSVDD_0008_E_0002600,-0.2350446126
CtrSVDD_0009_E_0002601,-5.3287821859
CtrSVDD_0010_E_0002602,-5.4675699781
CtrSVDD_0011_E_0002603,0.7109414228
CtrSVDD_0012_E_0002604,-6.1304137469
CtrSVDD_0013_E_0002605,-1.3196797484
CtrSVDD_0014_E_0002606,-3.1212097731
CtrSVDD_0015_E_0002607,-7.3657062830
CtrSVDD_0016_E_0002608,-7.2425535223
CtrSVDD_0017_E_0002609,-1.3055098033
CtrSVDD_0018_E_0002610,-7.0200492582
CtrSVDD_0019_E_0002611,-6.8015372213
CtrSVDD_0020_E_0002612,-5.8829847619
CtrSVDD_0021_E_0002613,-5.4238423904
CtrSVDD_0022_E_0002614,0.3608762425
CtrSVDD_0023_E_0002615,-0.7868637889
CtrSVDD_0024_E_0002616,-6.9270995892
CtrSVDD_0025_E_0002617,-6.5731736828
CtrSVDD_0026_E_0002618,-6.2538576994
CtrSVDD_0027_E_0002619,-5.9895149339
CtrSVDD_0028_E_0002620,-7.7694256909
CtrSVDD_0029_E_0002621,-6.1071754310
CtrSVDD_0030_E_0002622,-2.4873442200
CtrSVDD_0031_E_0002623,-6.5403321416
CtrSVDD_0032_E_0002624,-5.8578560681
CtrSVDD_0033_E_0002625,-8.0775063030
CtrSVDD_0034_E_0002626,-7.8115534088
CtrSVDD_0035_E_0002627,-5.1030796306
CtrSVDD_0036_E_0002628,-7.7718512111
CtrSVDD_0037_E_0002629,-3.5659471469
CtrSVDD_0038_E_0002630,-1.5643491771
CtrSVDD_0039_E_0002631,-8.1055265908
CtrSVDD_0040_E_0002632,-2.1468147108
CtrSVDD_0041_E_0002633,-9.0853194435
CtrSVDD_0042_E_0002634,-5.0462029827
CtrSVDD_0043_E_0002635,-3.9887858257
CtrSVDD_0044_E_0002636,-6.2814480894
CtrSVDD_0045_E_0002637,-5.8805978033
CtrSVDD_0046_E_0002638,-6.6678189153
CtrSVDD_0047_E_0002639,-5.4575141045
CtrSVDD_0000_E_0002640,-4.5150758792
CtrSVDD_0001_E_0002641,-6.3587618732
CtrSVDD_0002_E_0002642,-10.9594951210
CtrSVDD_0003_E_0002643,-6.3395747073
CtrSVDD_0004_E_0002644,-6.4101039533
CtrSVDD_0005_E_0002645,-5.1086937055
CtrSVDD_0006_E_0002646,-7.4039390418
CtrSVDD_0007_E_0002647,-4.3688483622
CtrSVDD_0008_E_0002648,-1.1321282047
CtrSVDD_0009_E_0002649,-4.9504657355
CtrSVDD_0010_E_0002650,-3.9178950936
CtrSVDD_0011_E_0002651,-8.2911913432
CtrSVDD_0012_E_0002652,-8.8907786204
CtrSVDD_0013_E_0002653,-5.3507122070
CtrSVDD_0014_E_0002654,-5.2166713445
CtrSVDD_0015_E_0002655,-7.6518061464
CtrSVDD_0016_E_0002656,-6.7322954403
CtrSVDD_0017_E_0002657,-6.6620075688
CtrSVDD_0018_E_0002658,-5.7025237161
CtrSVDD_0019_E_0002659,-0.5999356728
CtrSVDD_0020_E_0002660,-8.9078191335
CtrSVDD_0021_E_0002661,-0.2278607921
CtrSVDD_0022_E_0002662,-7.9107065647
CtrSVDD_0023_E_0002663,-7.2629071596
CtrSVDD_0024_E_0002664,-7.2304674959
CtrSVDD_0025_E_0002665,-4.0720910616
CtrSVDD_0026_E_0002666,0.5165522584
CtrSVDD_0027_E_0002667,1.6453949376
CtrSVDD_0028_E_0002668,-4.2915645449
CtrSVDD_0029_E_0002669,-6.9338514798
CtrSVDD_0030_E_0002670,-6.3187667540
CtrSVDD_0031_E_0002671,-0.8177421023
CtrSVDD_0032_E_0002672,-6.5157849318
CtrSVDD_0033_E_0002673,-1.4797091119
CtrSVDD_0034_E_0002674,-4.9017011487
CtrSVDD_0035_E_0002675,-5.5314862332
CtrSVDD_0036_E_0002676,-7.3075015989
CtrSVDD_0037_E_0002677,-6.5520534897
CtrSVDD_0038_E_0002678,-1.6618633406
CtrSVDD_0039_E_0002679,-6.4146573738
CtrSVDD_0040_E_0002680,-2.2021851081
CtrSVDD_0041_E_0002681,-5.6375100970
CtrSVDD_0042_E_0002682,-6.2189865982
CtrSVDD_0043_E_0002683,-6.3155845585
CtrSVDD_0044_E_0002684,-5.1349498109
CtrSVDD_0045_E_0002685,-0.3459867419
CtrSVDD_0046_E_0002686,-6.7026841680
CtrSVDD_0047_E_0002687,-7.3396317744
CtrSVDD_0000_E_0002688,-7.1652872011
CtrSVDD_0001_E_0002689,0.1128414574
CtrSVDD_0002_E_0002690,-1.8631008826
CtrSVDD_0003_E_0002691,-7.1605338654
CtrSVDD_0004_E_0002692,-7.3433184247
CtrSVDD_0005_E_0002693,-4.5075407918
CtrSVDD_0006_E_0002694,-6.0963550688
CtrSVDD_0007_E_0002695,-5.5886649438
CtrSVDD_0008_E_0002696,-6.2553683995
CtrSVDD_0009_E_0002697,-5.7841207450
CtrSVDD_0010_E_0002698,-6.1279557774
CtrSVDD_0011_E_0002699,-4.7450631512
CtrSVDD_0012_E_0002700,-7.4303830620
CtrSVDD_0013_E_0002701,-7.9181639942
CtrSVDD_0014_E_0002702,-7.1565476071
CtrSVDD_0015_E_0002703,-2.4821568052
CtrSVDD_0016_E_0002704,0.7196775615
CtrSVDD_0017_E_0002705,-7.6504151275
CtrSVDD_0018_E_0002706,-0.1790765351
CtrSVDD_0019_E_0002707,-7.9277107697
CtrSVDD_0020_E_0002708,-6.7367062943
CtrSVDD_0021_E_0002709,-4.1862973360
CtrSVDD_0022_E_0002710,-7.0857862435
CtrSVDD_0023_E_0002711,-7.0811053050
CtrSVDD_0024_E_0002712,-7.6820073673
CtrSVDD_0025_E_0002713,-5.4921457071
CtrSVDD_0026_E_0002714,-0.7753546961
CtrSVDD_0027_E_0002715,-6.3567749201
CtrSVDD_0028_E_0002716,-7.5923278770
CtrSVDD_0029_E_0002717,-6.7566328820
CtrSVDD_0030_E_0002718,-7.7572964013
CtrSVDD_0031_E_0002719,-5.5976972540
CtrSVDD_0032_E_0002720,-7.1271075384
CtrSVDD_0033_E_0002721,-6.7327959928
CtrSVDD_0034_E_0002722,-0.1396318267
CtrSVDD_0035_E_0002723,-5.2137346863
CtrSVDD_0036_E_0002724,-8.2362596836
CtrSVDD_0037_E_0002725,-4.8440929213
CtrSVDD_0038_E_0002726,-5.9028732491
CtrSVDD_0039_E_0002727,2.5555281466
CtrSVDD_0040_E_0002728,-4.8644754721
CtrSVDD_0041_E_0002729,-8.0042092540
CtrSVDD_0042_E_0002730,-8.4095466824
CtrSVDD_0043_E_0002731,0.3821620437
CtrSVDD_0044_E_0002732,-8.1283760577
CtrSVDD_0045_E_0002733,-6.4789323088
CtrSVDD_0046_E_0002734,-7.8400871235
CtrSVDD_0047_E_0002735,-7.1857202033
CtrSVDD_0000_E_0002736,-4.5697439863
CtrSVDD_0001_E_0002737,-4.6258958773
CtrSVDD_0002_E_0002738,-9.0103423312
CtrSVDD_0003_E_0002739,-8.5658280960
CtrSVDD_0004_E_0002740,-4.3523528269
CtrSVDD_0005_E_0002741,-4.0446779283
CtrSVDD_0006_E_0002742,-6.8642040437
CtrSVDD_0007_E_0002743,-2.9246313865
CtrSVDD_0008_E_0002744,-4.5211334472
CtrSVDD_0009_E_0002745,-1.7716126477
CtrSVDD_0010_E_0002746,-2.1036805368
CtrSVDD_0011_E_0002747,-6.3165083640
CtrSVDD_0012_E_0002748,0.6032882259
CtrSVDD_0013_E_0002749,-6.4441970790
CtrSVDD_0014_E_0002750,-4.1229373464
CtrSVDD_0015_E_0002751,1.5009421083
CtrSVDD_0016_E_0002752,-0.4567100527
CtrSVDD_0017_E_0002753,-8.3425988190
CtrSVDD_0018_E_0002754,-8.4286988890
CtrSVDD_0019_E_0002755,-6.7551323594
CtrSVDD_0020_E_0002756,-7.6660501132
CtrSVDD_0021_E_0002757,-4.6231380408
CtrSVDD_0022_E_0002758,-7.6154509930
CtrSVDD_0023_E_0002759,-6.4225781756
CtrSVDD_0024_E_0002760,-6.5918354926
CtrSVDD_0025_E_0002761,-5.5507657410
CtrSVDD_0026_E_0002762,-7.2548639468
CtrSVDD_0027_E_0002763,-5.7734312823
CtrSVDD_0028_E_0002764,-5.1933117166
CtrSVDD_0029_E_0002765,-4.9538143010
CtrSVDD_0030_E_0002766,-6.4009329175
CtrSVDD_0031_E_0002767,-4.3913916497
CtrSVDD_0032_E_0002768,-7.0464126136
CtrSVDD_0033_E_0002769,-5.3524021589
CtrSVDD_0034_E_0002770,-7.6355894093
CtrSVDD_0035_E_0002771,-1.9693468103
CtrSVDD_0036_E_0002772,-1.8509683456
CtrSVDD_0037_E_0002773,-0.0538793990
CtrSVDD_0038_E_0002774,-7.1321815170
CtrSVDD_0039_E_0002775,-6.2300057683
CtrSVDD_0040_E_0002776,-6.7069623450
CtrSVDD_0041_E_0002777,-8.5139622634
CtrSVDD_0042_E_0002778,-6.8481265728
CtrSVDD_0043_E_0002779,-3.5913254786
CtrSVDD_0044_E_0002780,0.6948246815
CtrSVDD_0045_E_0002781,0.2364828216
CtrSVDD_0046_E_0002782,-6.3656480688
CtrSVDD_0047_E_0002783,-8.6847986737
CtrSVDD_0000_E_0002784,-2.1825236995
CtrSVDD_0001_E_0002785,-5.2854614115
CtrSVDD_0002_E_0002786,-5.7194778749
CtrSVDD_0003_E_0002787,-5.6316166522
CtrSVDD_0004_E_0002788,-6.3004428444
CtrSVDD_0005_E_0002789,-7.8006160742
CtrSVDD_0006_E_0002790,-0.1466978246
CtrSVDD_0007_E_0002791,-2.2405068611
CtrSVDD_0008_E_0002792,-7.3838981623
CtrSVDD_0009_E_0002793,-4.5274060385
CtrSVDD_0010_E_0002794,-0.5750016537
CtrSVDD_0011_E_0002795,-5.3136400419
CtrSVDD_0012_E_0002796,-3.3974260629
CtrSVDD_0013_E_0002797,-5.2851180895
CtrSVDD_0014_E_0002798,-7.2634516604
CtrSVDD_0015_E_0002799,-5.2008789643
CtrSVDD_0016_E_0002800,-7.1293396797
CtrSVDD_0017_E_0002801,-0.6544299850
CtrSVDD_0018_E_0002802,-3.5768200567
CtrSVDD_0019_E_0002803,0.3984613015
CtrSVDD_0020_E_0002804,-7.0976219595
CtrSVDD_0021_E_0002805,-8.7402419548
CtrSVDD_0022_E_0002806,-4.8627778930
CtrSVDD_0023_E_0002807,0.9668103579
CtrSVDD_0024_E_0002808,1.8747589502
CtrSVDD_0025_E_0002809,-5.5295553421
CtrSVDD_0026_E_0002810,-7.8801422497
CtrSVDD_0027_E_0002811,-8.4922605536
CtrSVDD_0028_E_0002812,-5.1781588484
CtrSVDD_0029_E_0002813,-6.1000935839
CtrSVDD_0030_E_0002814,-3.7042879850
CtrSVDD_0031_E_0002815,-9.5376678460
CtrSVDD_0032_E_0002816,-6.6836917652
CtrSVDD_0033_E_0002817,-2.3223920525
CtrSVDD_0034_E_0002818,-5.4096638650
CtrSVDD_0035_E_0002819,-7.3781528048
CtrSVDD_0036_E_0002820,-5.6972894172
CtrSVDD_0037_E_0002821,-2.8162977210
CtrSVDD_0038_E_0002822,-6.4562092719
CtrSVDD_0039_E_0002823,-5.3422690743
CtrSVDD_0040_E_0002824,-5.3600369820
CtrSVDD_0041_E_0002825,-8.1217962802
CtrSVDD_0042_E_0002826,-7.0633262241
CtrSVDD_0043_E_0002827,-8.3663815421
CtrSVDD_0044_E_0002828,0.9767699911
CtrSVDD_0045_E_0002829,-7.1417033376
CtrSVDD_0046_E_0002830,-5.3353114847
CtrSVDD_0047_E_0002831,-2.3991732701
CtrSVDD_0000_E_0002832,-3.2521402835
CtrSVDD_0001_E_0002833,-5.7940036033
CtrSVDD_0002_E_0002834,-2.1248163298
CtrSVDD_0003_E_0002835,-4.3854136568
CtrSVDD_0004_E_0002836,-0.4381572148
CtrSVDD_0005_E_0002837,-1.0638682391
CtrSVDD_0006_E_0002838,-6.8386836747
CtrSVDD_0007_E_0002839,-4.8849116244
CtrSVDD_0008_E_0002840,-7.6619837936
CtrSVDD_0009_E_0002841,-5.3642446199
CtrSVDD_0010_E_0002842,-7.6065204998
CtrSVDD_0011_E_0002843,-4.6951170621
CtrSVDD_0012_E_0002844,-6.1902367476
CtrSVDD_0013_E_0002845,-5.7302459278
CtrSVDD_0014_E_0002846,0.7382221511
CtrSVDD_0015_E_0002847,0.9613044018
CtrSVDD_0016_E_0002848,-4.0883108119
CtrSVDD_0017_E_0002849,-6.8564436790
CtrSVDD_0018_E_0002850,-1.6346590772
CtrSVDD_0019_E_0002851,-2.0222361995
CtrSVDD_0020_E_0002852,-3.1019888596
CtrSVDD_0021_E_0002853,-4.8729558854
CtrSVDD_0022_E_0002854,-0.2973713219
CtrSVDD_0023_E_0002855,0.1330190778
CtrSVDD_0024_E_0002856,-3.8282992473
CtrSVDD_0025_E_0002857,-7.5180822156
CtrSVDD_0026_E_0002858,-2.9909679822
CtrSVDD_0027_E_0002859,-3.4101473200
CtrSVDD_0028_E_0002860,-7.6727312248
CtrSVDD_0029_E_0002861,-7.3631406213
CtrSVDD_0030_E_0002862,-9.0205222326
CtrSVDD_0031_E_0002863,-6.3185092916
CtrSVDD_0032_E_0002864,-1.4657814401
CtrSVDD_0033_E_0002865,-7.0394701104
CtrSVDD_0034_E_0002866,-4.5394057637
CtrSVDD_0035_E_0002867,-0.5717042991
CtrSVDD_0036_E_0002868,-7.7142315173
CtrSVDD_0037_E_0002869,-4.3932395141
CtrSVDD_0038_E_0002870,1.2494636636
CtrSVDD_0039_E_0002871,-1.2617708616
CtrSVDD_0040_E_0002872,-7.4796413592
CtrSVDD_0041_E_0002873,-5.3388948482
CtrSVDD_0042_E_0002874,-7.5768346182
CtrSVDD_0043_E_0002875,-5.8789441875
CtrSVDD_0044_E_0002876,-6.9225214884
CtrSVDD_0045_E_0002877,-5.8291215902
CtrSVDD_0046_E_0002878,-4.9357207175
CtrSVDD_0047_E_0002879,-8.8040020921
CtrSVDD_0000_E_0002880,-4.5102945344
CtrSVDD_0001_E_0002881,-7.1407529393
CtrSVDD_0002_E_0002882,-8.6845487557
CtrSVDD_0003_E_0002883,-8.4716806085
CtrSVDD_0004_E_0002884,-0.8676194803
CtrSVDD_0005_E_0002885,-5.6507451175
CtrSVDD_0006_E_0002886,-5.1222181342
CtrSVDD_0007_E_0002887,-7.6453335776
CtrSVDD_0008_E_0002888,-7.1563184648
CtrSVDD_0009_E_0002889,-5.1682417933
CtrSVDD_0010_E_0002890,-4.5979563466
CtrSVDD_0011_E_0002891,-5.5784560940
CtrSVDD_0012_E_0002892,-1.2763505807
CtrSVDD_0013_E_0002893,1.6845475769
CtrSVDD_0014_E_0002894,-6.2099746327
CtrSVDD_0015_E_0002895,-5.8418099292
CtrSVDD_0016_E_0002896,-5.5758913357
CtrSVDD_0017_E_0002897,-5.9661018584
CtrSVDD_0018_E_0002898,-7.6500566487
CtrSVDD_0019_E_0002899,-9.2987717114
CtrSVDD_0020_E_0002900,-3.8720211208
CtrSVDD_0021_E_0002901,-0.8696593245
CtrSVDD_0022_E_0002902,-3.6904757244
CtrSVDD_0023_E_0002903,1.6508347544
CtrSVDD_0024_E_0002904,-5.8305565267
CtrSVDD_0025_E_0002905,-7.3062131373
CtrSVDD_0026_E_0002906,-5.8438228829
CtrSVDD_0027_E_0002907,-3.1572725769
CtrSVDD_0028_E_0002908,1.2831484089
CtrSVDD_0029_E_0002909,0.2523361478
CtrSVDD_0030_E_0002910,-5.9439382698
CtrSVDD_0031_E_0002911,-6.3869972288
CtrSVDD_0032_E_0002912,-6.6920096462
CtrSVDD_0033_E_0002913,-0.5965898493
CtrSVDD_0034_E_0002914,-8.7051099147
CtrSVDD_0035_E_0002915,-7.0004827459
CtrSVDD_0036_E_0002916,-0.1963860225
CtrSVDD_0037_E_0002917,-7.4337953152
CtrSVDD_0038_E_0002918,-7.6769783627
CtrSVDD_0039_E_0002919,-5.0616565276
CtrSVDD_0040_E_0002920,-5.7234482638
CtrSVDD_0041_E_0002921,-4.2302303873
CtrSVDD_0042_E_0002922,-6.4416479685
CtrSVDD_0043_E_0002923,-6.2480914616
CtrSVDD_0044_E_0002924,-4.3369210232
CtrSVDD_0045_E_0002925,-1.8767117809
CtrSVDD_0046_E_0002926,-3.3317703298
CtrSVDD_0047_E_0002927,-4.3389032047
CtrSVDD_0000_E_0002928,-7.6561351882
CtrSVDD_0001_E_0002929,-2.5555281466
CtrSVDD_0002_E_0002930,-6.3480186383
CtrSVDD_0003_E_0002931,-6.7302301209
CtrSVDD_0004_E_0002932,-1.3896982195
CtrSVDD_0005_E_0002933,-7.0472575313
CtrSVDD_0006_E_0002934,-7.1942647718
CtrSVDD_0007_E_0002935,-8.0409966288
CtrSVDD_0008_E_0002936,-5.8971941644
CtrSVDD_0009_E_0002937,-5.7593898441
CtrSVDD_0010_E_0002938,-5.0362406253
CtrSVDD_0011_E_0002939,-8.3602557407
CtrSVDD_0012_E_0002940,-3.3755878494
CtrSVDD_0013_E_0002941,-7.3497322166
CtrSVDD_0014_E_0002942,-5.0902193946
CtrSVDD_0015_E_0002943,-4.4111917689
CtrSVDD_0016_E_0002944,-6.8573407427
CtrSVDD_0017_E_0002945,-6.9034095137
CtrSVDD_0018_E_0002946,-7.7069700450
CtrSVDD_0019_E_0002947,-9.3853446989
CtrSVDD_0020_E_0002948,-6.5817618341
CtrSVDD_0021_E_0002949,-6.9102491581
CtrSVDD_0022_E_0002950,-0.8354581133
CtrSVDD_0023_E_0002951,-5.2918203829
CtrSVDD_0024_E_0002952,-6.6205532098
CtrSVDD_0025_E_0002953,-6.0042110385
CtrSVDD_0026_E_0002954,0.7408576739
CtrSVDD_0027_E_0002955,-7.1389842503
CtrSVDD_0028_E_0002956,-6.7383790348
CtrSVDD_0029_E_0002957,-6.8984773195
CtrSVDD_0030_E_0002958,1.1784885851
CtrSVDD_0031_E_0002959,-6.5814729905
CtrSVDD_0032_E_0002960,0.3134928526
CtrSVDD_0033_E_0002961,-3.7263146632
CtrSVDD_0034_E_0002962,0.8118936149
CtrSVDD_0035_E_0002963,-5.0951729018
CtrSVDD_0036_E_0002964,-9.0919607272
CtrSVDD_0037_E_0002965,-0.1509409192
CtrSVDD_0038_E_0002966,-6.9592355357
CtrSVDD_0039_E_0002967,1.3573652672
CtrSVDD_0040_E_0002968,0.5607376411
CtrSVDD_0041_E_0002969,-5.8377777644
CtrSVDD_0042_E_0002970,-6.6054685718
CtrSVDD_0043_E_0002971,-7.8628061665
CtrSVDD_0044_E_0002972,-3.4518739259
CtrSVDD_0045_E_0002973,-6.5295002541
CtrSVDD_0046_E_0002974,-7.4982466484
CtrSVDD_0047_E_0002975,-5.7928508099
CtrSVDD_0000_E_0002976,-6.9672754778
CtrSVDD_0001_E_0002977,-7.3997729124
CtrSVDD_0002_E_0002978,-4.3632356108
CtrSVDD_0003_E_0002979,-7.6094437796
CtrSVDD_0004_E_0002980,-0.2020933456
CtrSVDD_0005_E_0002981,-6.9171423920
CtrSVDD_0006_E_0002982,0.2566706433
CtrSVDD_0007_E_0002983,-7.3510411658
CtrSVDD_0008_E_0002984,-3.2129991917
CtrSVDD_0009_E_0002985,-7.0903023753
CtrSVDD_0010_E_0002986,-4.6442536819
CtrSVDD_0011_E_0002987,-7.5902406596
CtrSVDD_0012_E_0002988,-4.2272137409
CtrSVDD_0013_E_0002989,0.9240337388
CtrSVDD_0014_E_0002990,-7.4113855898
CtrSVDD_0015_E_0002991,-1.4427999563
CtrSVDD_0016_E_0002992,-9.0413860869
CtrSVDD_0017_E_0002993,-5.8974201937
CtrSVDD_0018_E_0002994,-8.9190275526
CtrSVDD_0019_E_0002995,-5.7016527956
CtrSVDD_0020_E_0002996,-4.8131815423
CtrSVDD_0021_E_0002997,0.4106058040
CtrSVDD_0022_E_0002998,-8.3747908772
CtrSVDD_0023_E_0002999,-6.5947506683
CtrSVDD_0024_E_0003000,1.0111882266
CtrSVDD_0025_E_0003001,-6.0191420479
CtrSVDD_0026_E_0003002,-3.6804968237
CtrSVDD_0027_E_0003003,-7.8368624845
CtrSVDD_0028_E_0003004,-0.0342770194
CtrSVDD_0029_E_0003005,-4.6019740516
CtrSVDD_0030_E_0003006,-5.6795789172
CtrSVDD_0031_E_0003007,-7.0821859859
CtrSVDD_0032_E_0003008,-5.8095275701
CtrSVDD_0033_E_0003009,-0.4376526987
CtrSVDD_0034_E_0003010,-7.4654620282
CtrSVDD_0035_E_0003011,-7.0292211779
CtrSVDD_0036_E_0003012,-5.6863296061
CtrSVDD_0037_E_0003013,-9.4638186755
CtrSVDD_0038_E_0003014,-4.9312444481
CtrSVDD_0039_E_0003015,0.9722721429
CtrSVDD_0040_E_0003016,-7.7915310546
CtrSVDD_0041_E_0003017,-5.2695082576
CtrSVDD_0042_E_0003018,-3.2466676219
CtrSVDD_0043_E_0003019,-0.8819752741
CtrSVDD_0044_E_0003020,-6.6296082084
CtrSVDD_0045_E_0003021,-4.7762256455
CtrSVDD_0046_E_0003022,-8.9885466434
CtrSVDD_0047_E_0003023,-5.1098678857
CtrSVDD_0000_E_0003024,-7.1617889264
CtrSVDD_0001_E_0003025,-8.6700275595
CtrSVDD_0002_E_0003026,-6.4449410580
CtrSVDD_0003_E_0003027,-5.3953952487
CtrSVDD_0004_E_0003028,-3.4146465420
CtrSVDD_0005_E_0003029,-6.9327305512
CtrSVDD_0006_E_0003030,-7.5307216382
CtrSVDD_0007_E_0003031,-5.4230975429
CtrSVDD_0008_E_0003032,-0.1227011540
CtrSVDD_0009_E_0003033,-6.0654764526
CtrSVDD_0010_E_0003034,-7.6622285013
CtrSVDD_0011_E_0003035,-6.8107700584
CtrSVDD_0012_E_0003036,-0.8374427401
CtrSVDD_0013_E_0003037,0.4042036749
CtrSVDD_0014_E_0003038,-0.8778551678
CtrSVDD_0015_E_0003039,1.5228742124
CtrSVDD_0016_E_0003040,-4.4847909027
CtrSVDD_0017_E_0003041,-5.0707109173
CtrSVDD_0018_E_0003042,0.7363864709
CtrSVDD_0019_E_0003043,-4.4618144263
CtrSVDD_0020_E_0003044,-7.0462675193
CtrSVDD_0021_E_0003045,-4.2650429101
CtrSVDD_0022_E_0003046,-7.2934915704
CtrSVDD_0023_E_0003047,-5.7366295795
CtrSVDD_0024_E_0003048,-1.8912292378
CtrSVDD_0025_E_0003049,0.6562059672
CtrSVDD_0026_E_0003050,-3.2840311350
CtrSVDD_0027_E_0003051,0.3151104336
CtrSVDD_0028_E_0003052,-6.4093683899
CtrSVDD_0029_E_0003053,-7.2672245329
CtrSVDD_0030_E_0003054,-7.4392058207
CtrSVDD_0031_E_0003055,-5.7901119408
CtrSVDD_0032_E_0003056,-0.2184716189
CtrSVDD_0033_E_0003057,-4.2250335043
CtrSVDD_0034_E_0003058,-2.6186302377
CtrSVDD_0035_E_0003059,-8.1883213233
CtrSVDD_0036_E_0003060,-5.9159087794
CtrSVDD_0037_E_0003061,-5.5517883692
CtrSVDD_0038_E_0003062,-3.3398508078
CtrSVDD_0039_E_0003063,-5.6646659223
CtrSVDD_0040_E_0003064,-7.3600960669
CtrSVDD_0041_E_0003065,-9.1740602592
CtrSVDD_0042_E_0003066,-8.1307131286
CtrSVDD_0043_E_0003067,1.5779813784
CtrSVDD_0044_E_0003068,-5.8439579406
CtrSVDD_0045_E_0003069,-5.5947266123
CtrSVDD_0046_E_0003070,-7.5449159692
CtrSVDD_0047_E_0003071,-7.9001028636
CtrSVDD_0000_E_0003072,-8.6399008335
CtrSVDD_0001_E_0003073,0.1212919178
CtrSVDD_0002_E_0003074,1.0562284023
CtrSVDD_0003_E_0003075,-6.0036126262
CtrSVDD_0004_E_0003076,-6.7538148753
CtrSVDD_0005_E_0003077,-1.1598896185
CtrSVDD_0006_E_0003078,-6.7350461742
CtrSVDD_0007_E_0003079,-6.7435127834
CtrSVDD_0008_E_0003080,-4.5300763871
CtrSVDD_0009_E_0003081,0.6648625781
CtrSVDD_0010_E_0003082,0.9655620099
CtrSVDD_0011_E_0003083,-8.5551422474
CtrSVDD_0012_E_0003084,0.4990480477
CtrSVDD_0013_E_0003085,-7.5953797958
CtrSVDD_0014_E_0003086,-2.3340653164
CtrSVDD_0015_E_0003087,-6.4014009767
CtrSVDD_0016_E_0003088,-6.2886896943
CtrSVDD_0017_E_0003089,0.3534216980
CtrSVDD_0018_E_0003090,-5.8238132846
CtrSVDD_0019_E_0003091,-6.6154507499
CtrSVDD_0020_E_0003092,-2.1591334012
CtrSVDD_0021_E_0003093,0.6371985290
CtrSVDD_0022_E_0003094,-5.0502440462
CtrSVDD_0023_E_0003095,-7.4938715895
CtrSVDD_0024_E_0003096,-4.5385265307
CtrSVDD_0025_E_0003097,-6.9122711662
CtrSVDD_0026_E_0003098,-6.4611683375
CtrSVDD_0027_E_0003099,-7.9003751288
CtrSVDD_0028_E_0003100,0.0858955644
CtrSVDD_0029_E_0003101,-7.3010037191
CtrSVDD_0030_E_0003102,-6.1459516064
CtrSVDD_0031_E_0003103,-4.0873402552
CtrSVDD_0032_E_0003104,2.6849316373
CtrSVDD_0033_E_0003105,-7.6091144802
CtrSVDD_0034_E_0003106,-5.0621999298
CtrSVDD_0035_E_0003107,-5.8155267688
CtrSVDD_0036_E_0003108,-7.3114500985
CtrSVDD_0037_E_0003109,-6.6358449724
CtrSVDD_0038_E_0003110,-7.6769783135
CtrSVDD_0039_E_0003111,-3.1497075826
CtrSVDD_0040_E_0003112,0.0398760261
CtrSVDD_0041_E_0003113,-8.4127362704
CtrSVDD_0042_E_0003114,-4.8677238555
CtrSVDD_0043_E_0003115,-6.5800816381
CtrSVDD_0044_E_0003116,-7.4927063168
CtrSVDD_0045_E_0003117,-6.4716335581
CtrSVDD_0046_E_0003118,-2.5407237985
CtrSVDD_0047_E_0003119,-5.6695822881
CtrSVDD_0000_E_0003120,-4.1854158585
CtrSVDD_0001_E_0003121,-6.1804735046
CtrSVDD_0002_E_0003122,0.7830568137
CtrSVDD_0003_E_0003123,-6.6663665323
CtrSVDD_0004_E_0003124,-7.2701251028
CtrSVDD_0005_E_0003125,-5.6861703113
CtrSVDD_0006_E_0003126,-0.7272449856
CtrSVDD_0007_E_0003127,-3.7817087046
CtrSVDD_0008_E_0003128,-6.7601427916
CtrSVDD_0009_E_0003129,0.6167670433
CtrSVDD_0010_E_0003130,-4.5782230782
CtrSVDD_0011_E_0003131,-4.8035617354
CtrSVDD_0012_E_0003132,-6.9291925790
CtrSVDD_0013_E_0003133,-7.1183239825
CtrSVDD_0014_E_0003134,-4.0008988148
CtrSVDD_0015_E_0003135,-6.6370834319
CtrSVDD_0016_E_0003136,-5.5596739655
CtrSVDD_0017_E_0003137,-5.4285277758
CtrSVDD_0018_E_0003138,-4.8457735976
CtrSVDD_0019_E_0003139,-6.9595860120
CtrSVDD_0020_E_0003140,-4.3572746695
CtrSVDD_0021_E_0003141,-3.7134576503
CtrSVDD_0022_E_0003142,-7.4230573996
CtrSVDD_0023_E_0003143,-6.2290899696
CtrSVDD_0024_E_0003144,-6.0624396244
CtrSVDD_0025_E_0003145,-6.9901426138
CtrSVDD_0026_E_0003146,-4.4155932060
CtrSVDD_0027_E_0003147,-6.0805623099
CtrSVDD_0028_E_0003148,-6.8728925992
CtrSVDD_0029_E_0003149,-6.6752918773
CtrSVDD_0030_E_0003150,-4.4303752162
CtrSVDD_0031_E_0003151,-7.6735658134
CtrSVDD_0032_E_0003152,-5.8530620401
CtrSVDD_0033_E_0003153,0.2053337646
CtrSVDD_0034_E_0003154,0.7548569455
CtrSVDD_0035_E_0003155,-6.8171015495
CtrSVDD_0036_E_0003156,-7.5246702425
CtrSVDD_0037_E_0003157,0.6966064677
CtrSVDD_0038_E_0003158,-9.6196232394
CtrSVDD_0039_E_0003159,-4.2937914441
CtrSVDD_0040_E_0003160,-5.3609968534
CtrSVDD_0041_E_0003161,-3.1078373162
CtrSVDD_0042_E_0003162,-6.7234313431
CtrSVDD_0043_E_0003163,-2.0240136237
CtrSVDD_0044_E_0003164,-6.2336211900
CtrSVDD_0045_E_0003165,-2.9062380924
CtrSVDD_0046_E_0003166,-6.4550237954
CtrSVDD_0047_E_0003167,-5.9363152786
CtrSVDD_0000_E_0003168,-4.4628824634
CtrSVDD_0001_E_0003169,-3.3005926408
CtrSVDD_0002_E_0003170,-7.5480860891
CtrSVDD_0003_E_0003171,-8.0607686110
CtrSVDD_0004_E_0003172,-6.8601980698
CtrSVDD_0005_E_0003173,-0.5038065543
CtrSVDD_0006_E_0003174,-6.6918919803
CtrSVDD_0007_E_0003175,1.7202915191
CtrSVDD_0008_E_0003176,-5.8256304907
CtrSVDD_0009_E_0003177,-4.4453020012
CtrSVDD_0010_E_0003178,-4.6471033494
CtrSVDD_0011_E_0003179,-5.1414465240
CtrSVDD_0012_E_0003180,-6.9970918589
CtrSVDD_0013_E_0003181,-3.6167384262
CtrSVDD_0014_E_0003182,-5.8945654266
CtrSVDD_0015_E_0003183,-5.0068195721
CtrSVDD_0016_E_0003184,-4.6544507921
CtrSVDD_0017_E_0003185,-6.2217927845
CtrSVDD_0018_E_0003186,-5.8172526783
CtrSVDD_0019_E_0003187,-4.0223302356
CtrSVDD_0020_E_0003188,-5.7356803131
CtrSVDD_0021_E_0003189,-4.2665900650
CtrSVDD_0022_E_0003190,-7.1373902020
CtrSVDD_0023_E_0003191,-7.5206464078
CtrSVDD_0024_E_0003192,1.7976633338
CtrSVDD_0025_E_0003193,-6.1245853386
CtrSVDD_0026_E_0003194,-8.1250809442
CtrSVDD_0027_E_0003195,-1.4550792554
CtrSVDD_0028_E_0003196,-7.1056662599
CtrSVDD_0029_E_0003197,-8.4368241043
CtrSVDD_0030_E_0003198,-7.0086367705
CtrSVDD_0031_E_0003199,-6.8031891852
CtrSVDD_0032_E_0003200,-7.9685249737
CtrSVDD_0033_E_0003201,-0.4780647520
CtrSVDD_0034_E_0003202,-3.2683335794
CtrSVDD_0035_E_0003203,-1.2934064059
CtrSVDD_0036_E_0003204,-11.0472272442
CtrSVDD_0037_E_0003205,-8.2291425212
CtrSVDD_0038_E_0003206,-6.9343669932
CtrSVDD_0039_E_0003207,-6.3941168564
CtrSVDD_0040_E_0003208,-7.1834895783
CtrSVDD_0041_E_0003209,-3.8508529419
CtrSVDD_0042_E_0003210,-8.6740754812
CtrSVDD_0043_E_0003211,-3.7264979655
CtrSVDD_0044_E_0003212,-7.5187756301
CtrSVDD_0045_E_0003213,-7.0585436584
CtrSVDD_0046_E_0003214,-5.8170405807
CtrSVDD_0047_E_0003215,0.5072823611
CtrSVDD_0000_E_0003216,-5.7171615900
CtrSVDD_0001_E_0003217,-2.2944721524
CtrSVDD_0002_E_0003218,-7.4786500933
CtrSVDD_0003_E_0003219,-7.2794823363
CtrSVDD_0004_E_0003220,-0.3528154914
CtrSVDD_0005_E_0003221,-2.5180833793
CtrSVDD_0006_E_0003222,-6.7044276805
CtrSVDD_0007_E_0003223,1.2373428625
CtrSVDD_0008_E_0003224,-0.4151755544
CtrSVDD_0009_E_0003225,0.6753680420
CtrSVDD_0010_E_0003226,-7.1723265320
CtrSVDD_0011_E_0003227,-5.6157673536
CtrSVDD_0012_E_0003228,-1.6514882320
CtrSVDD_0013_E_0003229,-7.8658690100
CtrSVDD_0014_E_0003230,-7.9417670360
CtrSVDD_0015_E_0003231,-5.8224237694
CtrSVDD_0016_E_0003232,-4.9698113301
CtrSVDD_0017_E_0003233,-3.8320458178
CtrSVDD_0018_E_0003234,-4.2723717341
CtrSVDD_0019_E_0003235,-4.2529995867
CtrSVDD_0020_E_0003236,-2.3369665796
CtrSVDD_0021_E_0003237,-6.8251512618
CtrSVDD_0022_E_0003238,-5.3538830835
CtrSVDD_0023_E_0003239,-5.9744209540
CtrSVDD_0024_E_0003240,-0.2451224673
CtrSVDD_0025_E_0003241,-7.6536010329
CtrSVDD_0026_E_0003242,-6.1260438380
CtrSVDD_0027_E_0003243,-7.2575051509
CtrSVDD_0028_E_0003244,-6.5654315728
CtrSVDD_0029_E_0003245,-6.3974536525
CtrSVDD_0030_E_0003246,0.6350400847
CtrSVDD_0031_E_0003247,-4.8709980951
CtrSVDD_0032_E_0003248,-7.5589994353
CtrSVDD_0033_E_0003249,-5.6474910183
CtrSVDD_0034_E_0003250,-5.5208066125
CtrSVDD_0035_E_0003251,0.5101690464
CtrSVDD_0036_E_0003252,-7.6007012697
CtrSVDD_0037_E_0003253,-1.7390199717
CtrSVDD_0038_E_0003254,-4.7036028586
CtrSVDD_0039_E_0003255,-5.6641833195
CtrSVDD_0040_E_0003256,-5.7919475331
CtrSVDD_0041_E_0003257,-6.8522464798
CtrSVDD_0042_E_0003258,-4.7633283454
CtrSVDD_0043_E_0003259,-2.6043109542
CtrSVDD_0044_E_0003260,0.0468765635
CtrSVDD_0045_E_0003261,0.8965151763
CtrSVDD_0046_E_0003262,-0.8060727672
CtrSVDD_0047_E_0003263,-7.2937408130
CtrSVDD_0000_E_0003264,-4.5174678111
CtrSVDD_0001_E_0003265,-6.1775552385
CtrSVDD_0002_E_0003266,-5.4323999044
CtrSVDD_0003_E_0003267,-7.5004385954
CtrSVDD_0004_E_0003268,-6.1015937198
CtrSVDD_0005_E_0003269,-7.8747279364
CtrSVDD_0006_E_0003270,-5.1066172621
CtrSVDD_0007_E_0003271,-4.0677084603
CtrSVDD_0008_E_0003272,-5.1136547037
CtrSVDD_0009_E_0003273,0.3544036342
CtrSVDD_0010_E_0003274,-4.2446301207
CtrSVDD_0011_E_0003275,-5.4272566623
CtrSVDD_0012_E_0003276,-4.8494904825
CtrSVDD_0013_E_0003277,1.1093038909
CtrSVDD_0014_E_0003278,-6.8547799478
CtrSVDD_0015_E_0003279,-7.3174903910
CtrSVDD_0016_E_0003280,-2.6304682541
CtrSVDD_0017_E_0003281,0.4879884309
CtrSVDD_0018_E_0003282,-6.9254126889
CtrSVDD_0019_E_0003283,-6.1322739550
CtrSVDD_0020_E_0003284,-6.8513178107
CtrSVDD_0021_E_0003285,-4.9249531223
CtrSVDD_0022_E_0003286,-4.3276019303
CtrSVDD_0023_E_0003287,-8.1203072096
CtrSVDD_0024_E_0003288,-3.8829407290
CtrSVDD_0025_E_0003289,-0.4884676583
CtrSVDD_0026_E_0003290,-6.4972346341
CtrSVDD_0027_E_0003291,-5.5956733374
CtrSVDD_0028_E_0003292,-5.9280097222
CtrSVDD_0029_E_0003293,-6.9634297757
CtrSVDD_0030_E_0003294,-5.5015552744
CtrSVDD_0031_E_0003295,-7.1870623353
CtrSVDD_0032_E_0003296,-5.9425696573
CtrSVDD_0033_E_0003297,-6.9570245598
CtrSVDD_0034_E_0003298,-5.8028011971
CtrSVDD_0035_E_0003299,0.2682531520
CtrSVDD_0036_E_0003300,-0.7773675288
CtrSVDD_0037_E_0003301,-5.6867125840
CtrSVDD_0038_E_0003302,-7.5062597465
CtrSVDD_0039_E_0003303,-5.4067377550
CtrSVDD_0040_E_0003304,-6.8148905829
CtrSVDD_0041_E_0003305,-2.5002313420
CtrSVDD_0042_E_0003306,-6.4700512351
CtrSVDD_0043_E_0003307,-9.2439197683
CtrSVDD_0044_E_0003308,-1.3787600432
CtrSVDD_0045_E_0003309,-9.1328974809
CtrSVDD_0046_E_0003310,0.4660453558
CtrSVDD_0047_E_0003311,-6.1420881539
CtrSVDD_0000_E_0003312,-7.3028306768
CtrSVDD_0001_E_0003313,-8.9084434467
CtrSVDD_0002_E_0003314,-5.0302067565
CtrSVDD_0003_E_0003315,0.3668543308
CtrSVDD_0004_E_0003316,-5.8357585334
CtrSVDD_0005_E_0003317,-3.1086119042
CtrSVDD_0006_E_0003318,-7.1283912417
CtrSVDD_0007_E_0003319,0.9348057945
CtrSVDD_0008_E_0003320,-6.9937150487
CtrSVDD_0009_E_0003321,-8.3724241567
CtrSVDD_0010_E_0003322,-7.2159321676
CtrSVDD_0011_E_0003323,0.7455899122
CtrSVDD_0012_E_0003324,-7.8790546368
CtrSVDD_0013_E_0003325,-7.0378251383
CtrSVDD_0014_E_0003326,-4.6481699433
CtrSVDD_0015_E_0003327,-5.2963685467
CtrSVDD_0016_E_0003328,-8.0127198511
CtrSVDD_0017_E_0003329,-7.8374101349
CtrSVDD_0018_E_0003330,-7.9216527491
CtrSVDD_0019_E_0003331,-7.7824094926
CtrSVDD_0020_E_0003332,-1.0379322701
CtrSVDD_0021_E_0003333,1.2283701829
CtrSVDD_0022_E_0003334,-3.9615292213
CtrSVDD_0023_E_0003335,-5.7805903023
CtrSVDD_0024_E_0003336,-7.8706099519
CtrSVDD_0025_E_0003337,-5.6770867419
CtrSVDD_0026_E_0003338,0.1736186442
CtrSVDD_0027_E_0003339,-3.1629372323
CtrSVDD_0028_E_0003340,-6.6404081458
CtrSVDD_0029_E_0003341,0.4458688780
CtrSVDD_0030_E_0003342,-4.7162392060
CtrSVDD_0031_E_0003343,-4.2002489899
CtrSVDD_0032_E_0003344,-5.7615773229
CtrSVDD_0033_E_0003345,-2.6861659427
CtrSVDD_0034_E_0003346,-6.7208982979
CtrSVDD_0035_E_0003347,-3.9595911498
CtrSVDD_0036_E_0003348,-6.6603785552
CtrSVDD_0037_E_0003349,-4.1398873338
CtrSVDD_0038_E_0003350,-8.0467607255
CtrSVDD_0039_E_0003351,-3.6143611237
CtrSVDD_0040_E_0003352,-1.1223380117
CtrSVDD_0041_E_0003353,-7.0110280365
CtrSVDD_0042_E_0003354,-5.2366043304
CtrSVDD_0043_E_0003355,-4.4656601165
CtrSVDD_0044_E_0003356,-7.9052374612
CtrSVDD_0045_E_0003357,-7.7890571486
CtrSVDD_0046_E_0003358,-4.7494354484
CtrSVDD_0047_E_0003359,-5.9733944803
CtrSVDD_0000_E_0003360,-4.1811963737
CtrSVDD_0001_E_0003361,-3.2600325193
CtrSVDD_0002_E_0003362,-6.1848510825
CtrSVDD_0003_E_0003363,-6.3814852665
CtrSVDD_0004_E_0003364,-8.5277073517
CtrSVDD_0005_E_0003365,-6.9455081423
CtrSVDD_0006_E_0003366,-5.8350358825
CtrSVDD_0007_E_0003367,-2.5825906934
CtrSVDD_0008_E_0003368,-6.3093781611
CtrSVDD_0009_E_0003369,-3.9634411212
CtrSVDD_0010_E_0003370,-8.2399448534
CtrSVDD_0011_E_0003371,0.7308942474
CtrSVDD_0012_E_0003372,-1.2570169944
CtrSVDD_0013_E_0003373,-2.9810217598
CtrSVDD_0014_E_0003374,-6.7897600300
CtrSVDD_0015_E_0003375,-6.0909207562
CtrSVDD_0016_E_0003376,-6.4613562452
CtrSVDD_0017_E_0003377,-6.2867254839
CtrSVDD_0018_E_0003378,-8.2252881281
CtrSVDD_0019_E_0003379,-7.6921128962
CtrSVDD_0020_E_0003380,-7.2703574438
CtrSVDD_0021_E_0003381,-8.6078385681
CtrSVDD_0022_E_0003382,-4.3101251602
CtrSVDD_0023_E_0003383,-3.1685942569
CtrSVDD_0024_E_0003384,-5.1634716399
CtrSVDD_0025_E_0003385,-6.3132717565
CtrSVDD_0026_E_0003386,-6.8914241918
CtrSVDD_0027_E_0003387,-0.8840409509
CtrSVDD_0028_E_0003388,0.4206468217
CtrSVDD_0029_E_0003389,-6.4737184851
CtrSVDD_0030_E_0003390,-7.3116055620
CtrSVDD_0031_E_0003391,-6.5017153540
CtrSVDD_0032_E_0003392,0.9677938789
CtrSVDD_0033_E_0003393,-5.9238711421
CtrSVDD_0034_E_0003394,-6.3797956080
CtrSVDD_0035_E_0003395,-6.0490930198
CtrSVDD_0036_E_0003396,-2.8877040066
CtrSVDD_0037_E_0003397,-4.0171007475
CtrSVDD_0038_E_0003398,-6.8797542970
CtrSVDD_0039_E_0003399,-6.5809322830
CtrSVDD_0040_E_0003400,-2.6961796790
CtrSVDD_0041_E_0003401,-6.8457238569
CtrSVDD_0042_E_0003402,-5.3018836893
CtrSVDD_0043_E_0003403,-5.8924854592
CtrSVDD_0044_E_0003404,-5.0555524706
CtrSVDD_0045_E_0003405,-6.1165942277
CtrSVDD_0046_E_0003406,-9.6307068029
CtrSVDD_0047_E_0003407,-4.9837365033
CtrSVDD_0000_E_0003408,-4.3080475860
CtrSVDD_0001_E_0003409,-4.5507290781
CtrSVDD_0002_E_0003410,-3.8452803915
CtrSVDD_0003_E_0003411,-4.6679793780
CtrSVDD_0004_E_0003412,0.1864134628
CtrSVDD_0005_E_0003413,-6.1209407411
CtrSVDD_0006_E_0003414,-6.0085457308
CtrSVDD_0007_E_0003415,-2.4506258668
CtrSVDD_0008_E_0003416,-7.5269776872
CtrSVDD_0009_E_0003417,-7.9739469438
CtrSVDD_0010_E_0003418,-4.3700459999
CtrSVDD_0011_E_0003419,-7.7005833672
CtrSVDD_0012_E_0003420,-5.5370197847
CtrSVDD_0013_E_0003421,-7.0689411379
CtrSVDD_0014_E_0003422,-6.7729669574
CtrSVDD_0015_E_0003423,-2.4585253458
CtrSVDD_0016_E_0003424,-8.1226625611
CtrSVDD_0017_E_0003425,1.2768173084
CtrSVDD_0018_E_0003426,-0.0678933459
CtrSVDD_0019_E_0003427,-6.8816913168
CtrSVDD_0020_E_0003428,-7.2032083490
CtrSVDD_0021_E_0003429,-5.4530300754
CtrSVDD_0022_E_0003430,-7.4788798099
CtrSVDD_0023_E_0003431,-8.2397417019
CtrSVDD_0024_E_0003432,-0.4598173600
CtrSVDD_0025_E_0003433,-1.1821021320
CtrSVDD_0026_E_0003434,-5.9259392585
CtrSVDD_0027_E_0003435,-6.4423160332
CtrSVDD_0028_E_0003436,-6.4567349508
CtrSVDD_0029_E_0003437,-4.8862803866
CtrSVDD_0030_E_0003438,-8.0895051062
CtrSVDD_0031_E_0003439,1.4550792554
CtrSVDD_0032_E_0003440,-8.1693750862
CtrSVDD_0033_E_0003441,-7.1933948687
CtrSVDD_0034_E_0003442,-7.5141878419
CtrSVDD_0035_E_0003443,-7.7144736180
CtrSVDD_0036_E_0003444,-6.7465043725
CtrSVDD_0037_E_0003445,-6.2329883186
CtrSVDD_0038_E_0003446,-9.1372823035
CtrSVDD_0039_E_0003447,-3.8596371354
CtrSVDD_0040_E_0003448,-3.3445723236
CtrSVDD_0041_E_0003449,-8.0084481830
CtrSVDD_0042_E_0003450,-5.9907675289
CtrSVDD_0043_E_0003451,-6.0114574347
CtrSVDD_0044_E_0003452,-7.3015929756
CtrSVDD_0045_E_0003453,-7.3102079315
CtrSVDD_0046_E_0003454,-5.2717283314
CtrSVDD_0047_E_0003455,-7.8653596167
CtrSVDD_0000_E_0003456,-8.0701116250
CtrSVDD_0001_E_0003457,-6.8132298596
CtrSVDD_0002_E_0003458,-7.0941810386
CtrSVDD_0003_E_0003459,-6.9248322032
CtrSVDD_0004_E_0003460,-6.5333716216
CtrSVDD_0005_E_0003461,-6.6534270128
CtrSVDD_0006_E_0003462,-8.4127102929
CtrSVDD_0007_E_0003463,0.0552802723
CtrSVDD_0008_E_0003464,-8.3841017190
CtrSVDD_0009_E_0003465,-4.0741055183
CtrSVDD_0010_E_0003466,0.1086192847
CtrSVDD_0011_E_0003467,-7.1978873185
CtrSVDD_0012_E_0003468,-5.3035621011
CtrSVDD_0013_E_0003469,-8.6344660362
CtrSVDD_0014_E_0003470,-6.7001907274
CtrSVDD_0015_E_0003471,-6.8894124516
CtrSVDD_0016_E_0003472,-5.8215642025
CtrSVDD_0017_E_0003473,-8.9696048382
CtrSVDD_0018_E_0003474,-7.5692222604
CtrSVDD_0019_E_0003475,-1.2494636636
CtrSVDD_0020_E_0003476,1.4797091119
CtrSVDD_0021_E_0003477,-6.9164702168
CtrSVDD_0022_E_0003478,-3.3000258333
CtrSVDD_0023_E_0003479,-6.5050694204
CtrSVDD_0024_E_0003480,-0.5293824378
CtrSVDD_0025_E_0003481,-7.9585138817
CtrSVDD_0026_E_0003482,-7.0226349013
CtrSVDD_0027_E_0003483,-5.2633691651
CtrSVDD_0028_E_0003484,-4.1751997050
CtrSVDD_0029_E_0003485,-5.8581121284
CtrSVDD_0030_E_0003486,0.3341302823
CtrSVDD_0031_E_0003487,-7.1803567426
CtrSVDD_0032_E_0003488,1.0134905810
CtrSVDD_0033_E_0003489,-5.5648667890
CtrSVDD_0034_E_0003490,-9.6188771617
CtrSVDD_0035_E_0003491,-0.0694438963
CtrSVDD_0036_E_0003492,-3.7189649444
CtrSVDD_0037_E_0003493,-7.2248569867
CtrSVDD_0038_E_0003494,-6.1921769673
CtrSVDD_0039_E_0003495,-6.3974427750
CtrSVDD_0040_E_0003496,-5.9874848289
CtrSVDD_0041_E_0003497,-9.2239415456
CtrSVDD_0042_E_0003498,-6.0311765844
CtrSVDD_0043_E_0003499,-5.9825820094
CtrSVDD_0044_E_0003500,-2.8480603375
CtrSVDD_0045_E_0003501,-2.9295560437
CtrSVDD_0046_E_0003502,-3.7631871801
CtrSVDD_0047_E_0003503,-7.0122990826
CtrSVDD_0000_E_0003504,-5.9234388638
CtrSVDD_0001_E_0003505,-7.8524056667
CtrSVDD_0002_E_0003506,-6.8449774399
CtrSVDD_0003_E_0003507,-4.8167394194
CtrSVDD_0004_E_0003508,-4.7004094962
CtrSVDD_0005_E_0003509,-6.6371182819
CtrSVDD_0006_E_0003510,-6.5754536799
CtrSVDD_0007_E_0003511,-1.9257990969
CtrSVDD_0008_E_0003512,-4.1602650940
CtrSVDD_0009_E_0003513,-8.3754604569
CtrSVDD_0010_E_0003514,-7.4988016028
CtrSVDD_0011_E_0003515,-1.4190488267
CtrSVDD_0012_E_0003516,-5.1070339358
CtrSVDD_0013_E_0003517,-6.4767641058
CtrSVDD_0014_E_0003518,-5.5141826440
CtrSVDD_0015_E_0003519,-5.6027628937
CtrSVDD_0016_E_0003520,-7.1195882675
CtrSVDD_0017_E_0003521,-6.8366323215
CtrSVDD_0018_E_0003522,-4.2826830947
CtrSVDD_0019_E_0003523,-5.5544828003
CtrSVDD_0020_E_0003524,-9.3555020006
CtrSVDD_0021_E_0003525,-6.1275014037
CtrSVDD_0022_E_0003526,-8.8834135048
CtrSVDD_0023_E_0003527,-7.2035276370
CtrSVDD_0024_E_0003528,-6.5166904812
CtrSVDD_0025_E_0003529,-6.5117002239
CtrSVDD_0026_E_0003530,-0.6771261906
CtrSVDD_0027_E_0003531,-1.4430885239
CtrSVDD_0028_E_0003532,-8.0267106211
CtrSVDD_0029_E_0003533,-6.7914413372
CtrSVDD_0030_E_0003534,0.6824132519
CtrSVDD_0031_E_0003535,-7.8047008617
CtrSVDD_0032_E_0003536,-7.6248367520
CtrSVDD_0033_E_0003537,-5.1377147550
CtrSVDD_0034_E_0003538,-5.4876319823
CtrSVDD_0035_E_0003539,-6.3412872488
CtrSVDD_0036_E_0003540,-0.7127435471
CtrSVDD_0037_E_0003541,-5.7265812694
CtrSVDD_0038_E_0003542,-8.0563169211
CtrSVDD_0039_E_0003543,-4.8047341363
CtrSVDD_0040_E_0003544,-2.8383438554
CtrSVDD_0041_E_0003545,-5.0006169252
CtrSVDD_0042_E_0003546,-6.8833683617
CtrSVDD_0043_E_0003547,-7.6753054291
CtrSVDD_0044_E_0003548,-6.3585053035
CtrSVDD_0045_E_0003549,-1.7458145866
CtrSVDD_0046_E_0003550,2.2065752165
CtrSVDD_0047_E_0003551,-4.6288369770
CtrSVDD_0000_E_0003552,-0.4536071489
CtrSVDD_0001_E_0003553,-3.8100711179
CtrSVDD_0002_E_0003554,-0.0977574847
CtrSVDD_0003_E_0003555,-3.7531824946
CtrSVDD_0004_E_0003556,1.0088261121
CtrSVDD_0005_E_0003557,-4.9989840831
CtrSVDD_0006_E_0003558,-6.9034078929
CtrSVDD_0007_E_0003559,-6.8116474246
CtrSVDD_0008_E_0003560,-8.1297594551
CtrSVDD_0009_E_0003561,-6.8615918241
CtrSVDD_0010_E_0003562,-5.0122868200
CtrSVDD_0011_E_0003563,-7.5136530857
CtrSVDD_0012_E_0003564,-4.2447636390
CtrSVDD_0013_E_0003565,-4.1539633899
CtrSVDD_0014_E_0003566,0.5406807072
CtrSVDD_0015_E_0003567,-6.0367550273
CtrSVDD_0016_E_0003568,-7.3826143389
CtrSVDD_0017_E_0003569,-9.3023409778
CtrSVDD_0018_E_0003570,-6.6219851795
CtrSVDD_0019_E_0003571,-4.2892403081
CtrSVDD_0020_E_0003572,-7.6389260876
CtrSVDD_0021_E_0003573,-8.2289314606
CtrSVDD_0022_E_0003574,-8.6236073659
CtrSVDD_0023_E_0003575,-7.4916884477
CtrSVDD_0024_E_0003576,-6.7394794989
CtrSVDD_0025_E_0003577,-5.9857503383
CtrSVDD_0026_E_0003578,-4.6403624795
CtrSVDD_0027_E_0003579,-7.7544593100
CtrSVDD_0028_E_0003580,-6.4733879643
CtrSVDD_0029_E_0003581,-4.7971934823
CtrSVDD_0030_E_0003582,-8.0951950678
CtrSVDD_0031_E_0003583,-7.9101826844
CtrSVDD_0032_E_0003584,-6.1853464892
CtrSVDD_0033_E_0003585,-0.3193752661
CtrSVDD_0034_E_0003586,-5.5242891421
CtrSVDD_0035_E_0003587,0.3263919994
CtrSVDD_0036_E_0003588,-0.5962312857
CtrSVDD_0037_E_0003589,-4.9571648077
CtrSVDD_0038_E_0003590,-0.1100264567
CtrSVDD_0039_E_0003591,-4.4476908991
CtrSVDD_0040_E_0003592,-0.8275522725
CtrSVDD_0041_E_0003593,-3.3846921046
CtrSVDD_0042_E_0003594,-7.3940959572
CtrSVDD_0043_E_0003595,-6.9813243235
CtrSVDD_0044_E_0003596,-7.5359236449
CtrSVDD_0045_E_0003597,-1.5966149514
CtrSVDD_0046_E_0003598,-7.1691807965
CtrSVDD_0047_E_0003599,-5.8335342260
CtrSVDD_0000_E_0003600,-4.7402207251
CtrSVDD_0001_E_0003601,-4.8678691231
CtrSVDD_0002_E_0003602,-6.0172493930
CtrSVDD_0003_E_0003603,-1.4197105540
CtrSVDD_0004_E_0003604,-1.0812725529
CtrSVDD_0005_E_0003605,-2.8077407000
CtrSVDD_0006_E_0003606,-3.7208016516
CtrSVDD_0007_E_0003607,-4.5653490774
CtrSVDD_0008_E_0003608,-2.6174461452
CtrSVDD_0009_E_0003609,0.8473630158
CtrSVDD_0010_E_0003610,-3.7424710507
CtrSVDD_0011_E_0003611,-5.7284147906
CtrSVDD_0012_E_0003612,-4.9989489096
CtrSVDD_0013_E_0003613,-5.7498841427
CtrSVDD_0014_E_0003614,-5.3979551979
CtrSVDD_0015_E_0003615,-0.2537804489
CtrSVDD_0016_E_0003616,-4.5352910580
CtrSVDD_0017_E_0003617,-5.6493605761
CtrSVDD_0018_E_0003618,-7.0828460911
CtrSVDD_0019_E_0003619,-7.1530574050
CtrSVDD_0020_E_0003620,-7.4887463652
CtrSVDD_0021_E_0003621,-5.3676324004
CtrSVDD_0022_E_0003622,-5.5454007921
CtrSVDD_0023_E_0003623,-1.5501990408
CtrSVDD_0024_E_0003624,-6.4144706299
CtrSVDD_0025_E_0003625,0.5536781855
CtrSVDD_0026_E_0003626,-7.5928948091
CtrSVDD_0027_E_0003627,-8.9293073010
CtrSVDD_0028_E_0003628,-6.1783723799
CtrSVDD_0029_E_0003629,-3.3919702909
CtrSVDD_0030_E_0003630,2.6367465081
CtrSVDD_0031_E_0003631,-5.5915982725
CtrSVDD_0032_E_0003632,-8.0234671574
CtrSVDD_0033_E_0003633,-6.8957719436
CtrSVDD_0034_E_0003634,-7.9603863016
CtrSVDD_0035_E_0003635,-7.1231068224
CtrSVDD_0036_E_0003636,-5.6969119980
CtrSVDD_0037_E_0003637,-6.1147241579
CtrSVDD_0038_E_0003638,-6.4904200881
CtrSVDD_0039_E_0003639,-5.8791493067
CtrSVDD_0040_E_0003640,-5.7404166374
CtrSVDD_0041_E_0003641,-5.9300825446
CtrSVDD_0042_E_0003642,-5.3333993496
CtrSVDD_0043_E_0003643,-8.5233563928
CtrSVDD_0044_E_0003644,-8.6276912690
CtrSVDD_0045_E_0003645,-3.7767941606
CtrSVDD_0046_E_0003646,-9.3822609521
CtrSVDD_0047_E_0003647,-5.0417348533
CtrSVDD_0000_E_0003648,0.8655832398
CtrSVDD_0001_E_0003649,0.8099502840
CtrSVDD_0002_E_0003650,-4.0642394698
CtrSVDD_0003_E_0003651,-5.7727836822
CtrSVDD_0004_E_0003652,-5.2671488132
CtrSVDD_0005_E_0003653,0.1566026223
CtrSVDD_0006_E_0003654,-4.9111733978
CtrSVDD_0007_E_0003655,-6.9051239264
CtrSVDD_0008_E_0003656,-5.0405881602
CtrSVDD_0009_E_0003657,-6.7880790966
CtrSVDD_0010_E_0003658,-6.7847183376
CtrSVDD_0011_E_0003659,-5.5140055593
CtrSVDD_0012_E_0003660,0.7019651572
CtrSVDD_0013_E_0003661,-6.5193234218
CtrSVDD_0014_E_0003662,1.1626348657
CtrSVDD_0015_E_0003663,-5.9576109106
CtrSVDD_0016_E_0003664,0.8819752741
CtrSVDD_0017_E_0003665,-5.7066047157
CtrSVDD_0018_E_0003666,-2.4717248754
CtrSVDD_0019_E_0003667,-7.0660373272
CtrSVDD_0020_E_0003668,-5.3357880477
CtrSVDD_0021_E_0003669,-4.5707398241
CtrSVDD_0022_E_0003670,-7.6213149752
CtrSVDD_0023_E_0003671,-7.3824362297
CtrSVDD_0024_E_0003672,-6.8099213303
CtrSVDD_0025_E_0003673,-3.6385570740
CtrSVDD_0026_E_0003674,-1.0787662039
CtrSVDD_0027_E_0003675,-9.2339288368
CtrSVDD_0028_E_0003676,-3.9229779131
CtrSVDD_0029_E_0003677,-4.2216201491
CtrSVDD_0030_E_0003678,-0.4974643919
CtrSVDD_0031_E_0003679,-2.0105983900
CtrSVDD_0032_E_0003680,-0.6337749880
CtrSVDD_0033_E_0003681,-7.6023948321
CtrSVDD_0034_E_0003682,-6.3147272975
CtrSVDD_0035_E_0003683,-9.1583066508
CtrSVDD_0036_E_0003684,-6.7702669192
CtrSVDD_0037_E_0003685,-2.8918351918
CtrSVDD_0038_E_0003686,-8.5186461960
CtrSVDD_0039_E_0003687,-4.4942968391
CtrSVDD_0040_E_0003688,-2.9082886269
CtrSVDD_0041_E_0003689,-6.8980976567
CtrSVDD_0042_E_0003690,-8.7470517060
CtrSVDD_0043_E_0003691,-7.5249154916
CtrSVDD_0044_E_0003692,-4.5744432805
CtrSVDD_0045_E_0003693,-7.5731256130
CtrSVDD_0046_E_0003694,-6.3654197600
CtrSVDD_0047_E_0003695,0.5069852349
CtrSVDD_0000_E_0003696,-7.4715260683
CtrSVDD_0001_E_0003697,-7.9524010614
CtrSVDD_0002_E_0003698,-7.6226471370
CtrSVDD_0003_E_0003699,-2.8711057575
CtrSVDD_0004_E_0003700,-6.9035201231
CtrSVDD_0005_E_0003701,-6.9240242418
CtrSVDD_0006_E_0003702,-5.0213016557
CtrSVDD_0007_E_0003703,-5.6138463628
CtrSVDD_0008_E_0003704,-6.8764219424
CtrSVDD_0009_E_0003705,-5.6203668831
CtrSVDD_0010_E_0003706,-0.3017602678
CtrSVDD_0011_E_0003707,-7.4360077203
CtrSVDD_0012_E_0003708,-8.5240947573
CtrSVDD_0013_E_0003709,-7.2955300495
CtrSVDD_0014_E_0003710,-3.8021554632
CtrSVDD_0015_E_0003711,-9.2541664403
CtrSVDD_0016_E_0003712,0.3474721907
CtrSVDD_0017_E_0003713,-6.9449316959
CtrSVDD_0018_E_0003714,-7.6866114245
CtrSVDD_0019_E_0003715,-9.6643695961
CtrSVDD_0020_E_0003716,-6.3448752818
CtrSVDD_0021_E_0003717,-4.0481863081
CtrSVDD_0022_E_0003718,-10.4014862686
CtrSVDD_0023_E_0003719,0.7461565985
CtrSVDD_0024_E_0003720,-4.3740952698
CtrSVDD_0025_E_0003721,-3.1911489003
CtrSVDD_0026_E_0003722,0.0622863212
CtrSVDD_0027_E_0003723,-0.4278310530
CtrSVDD_0028_E_0003724,-1.4582028669
CtrSVDD_0029_E_0003725,-7.0893908342
CtrSVDD_0030_E_0003726,-5.0521534752
CtrSVDD_0031_E_0003727,-8.2814538721
CtrSVDD_0032_E_0003728,-5.3110187570
CtrSVDD_0033_E_0003729,-6.9372300477
CtrSVDD_0034_E_0003730,-5.3405817485
CtrSVDD_0035_E_0003731,-7.1092954496
CtrSVDD_0036_E_0003732,-7.5756454867
CtrSVDD_0037_E_0003733,-7.4041208427
CtrSVDD_0038_E_0003734,0.8157895069
CtrSVDD_0039_E_0003735,-4.8133124383
CtrSVDD_0040_E_0003736,-5.4097287809
CtrSVDD_0041_E_0003737,-1.4510591404
CtrSVDD_0042_E_0003738,-6.8411659845
CtrSVDD_0043_E_0003739,-6.6503751449
CtrSVDD_0044_E_0003740,-5.7555876901
CtrSVDD_0045_E_0003741,0.7673723835
CtrSVDD_0046_E_0003742,-4.4255988002
CtrSVDD_0047_E_0003743,1.1252843155
CtrSVDD_0000_E_0003744,-7.2289320792
CtrSVDD_0001_E_0003745,-5.8548745928
CtrSVDD_0002_E_0003746,-6.0360966390
CtrSVDD_0003_E_0003747,-6.9794829429
CtrSVDD_0004_E_0003748,-3.4577583648
CtrSVDD_0005_E_0003749,-6.7671442103
CtrSVDD_0006_E_0003750,-0.0833242105
CtrSVDD_0007_E_0003751,-6.6503793502
CtrSVDD_0008_E_0003752,-4.8559824671
CtrSVDD_0009_E_0003753,-4.9579205047
CtrSVDD_0010_E_0003754,-5.9890438689
CtrSVDD_0011_E_0003755,-4.5851989247
CtrSVDD_0012_E_0003756,-5.6038310212
CtrSVDD_0013_E_0003757,-7.4507443693
CtrSVDD_0014_E_0003758,-3.6634617932
CtrSVDD_0015_E_0003759,-4.8525816374
CtrSVDD_0016_E_0003760,-5.5341418900
CtrSVDD_0017_E_0003761,-8.3514460448
CtrSVDD_0018_E_0003762,-8.7967361854
CtrSVDD_0019_E_0003763,-6.7300661098
CtrSVDD_0020_E_0003764,-5.1290630663
CtrSVDD_0021_E_0003765,-5.5225459823
CtrSVDD_0022_E_0003766,-7.2809854249
CtrSVDD_0023_E_0003767,-6.0773999432
CtrSVDD_0024_E_0003768,-3.7079557497
CtrSVDD_0025_E_0003769,-3.2969158354
CtrSVDD_0026_E_0003770,-7.7262725678
CtrSVDD_0027_E_0003771,1.1764945189
CtrSVDD_0028_E_0003772,-5.5017675769
CtrSVDD_0029_E_0003773,-7.6001112232
CtrSVDD_0030_E_0003774,0.6184597510
CtrSVDD_0031_E_0003775,-5.7640853395
CtrSVDD_0032_E_0003776,-5.2252520344
CtrSVDD_0033_E_0003777,0.3599747356
CtrSVDD_0034_E_0003778,-6.5781533687
CtrSVDD_0035_E_0003779,-3.4446236800
CtrSVDD_0036_E_0003780,-7.6702970825
CtrSVDD_0037_E_0003781,-7.2414184656
CtrSVDD_0038_E_0003782,-5.1717761140
CtrSVDD_0039_E_0003783,-3.8423874874
CtrSVDD_0040_E_0003784,-5.5577939611
CtrSVDD_0041_E_0003785,-3.2858733552
CtrSVDD_0042_E_0003786,1.0540660493
CtrSVDD_0043_E_0003787,-4.7374116966
CtrSVDD_0044_E_0003788,-5.7297380838
CtrSVDD_0045_E_0003789,-7.3256218882
CtrSVDD_0046_E_0003790,-5.4513072976
CtrSVDD_0047_E_0003791,-1.6091489904
CtrSVDD_0000_E_0003792,-3.9654088189
CtrSVDD_0001_E_0003793,0.8635505819
CtrSVDD_0002_E_0003794,-7.1366645682
CtrSVDD_0003_E_0003795,-5.6820664843
CtrSVDD_0004_E_0003796,-6.5075146640
CtrSVDD_0005_E_0003797,-8.5473145094
CtrSVDD_0006_E_0003798,-4.9748058064
CtrSVDD_0007_E_0003799,-7.0951416539
CtrSVDD_0008_E_0003800,-5.9074093670
CtrSVDD_0009_E_0003801,-0.6003450504
CtrSVDD_0010_E_0003802,-4.5598105588
CtrSVDD_0011_E_0003803,-7.0516263793
CtrSVDD_0012_E_0003804,-4.8831163956
CtrSVDD_0013_E_0003805,-6.2510840960
CtrSVDD_0014_E_0003806,-6.5950123901
CtrSVDD_0015_E_0003807,-5.1665517931
CtrSVDD_0016_E_0003808,-5.8361118188
CtrSVDD_0017_E_0003809,-0.0552802723
CtrSVDD_0018_E_0003810,-7.3962444164
CtrSVDD_0019_E_0003811,-7.1235151368
CtrSVDD_0020_E_0003812,-8.6390929330
CtrSVDD_0021_E_0003813,-10.8962547419
CtrSVDD_0022_E_0003814,-0.1864134628
CtrSVDD_0023_E_0003815,-7.5585264722
CtrSVDD_0024_E_0003816,-6.6004709392
CtrSVDD_0025_E_0003817,-7.2917823579
CtrSVDD_0026_E_0003818,-3.0751513343
CtrSVDD_0027_E_0003819,-0.1029927185
CtrSVDD_0028_E_0003820,-0.6666083698
CtrSVDD_0029_E_0003821,-5.9131788143
CtrSVDD_0030_E_0003822,-7.8879096262
CtrSVDD_0031_E_0003823,-7.5585703088
CtrSVDD_0032_E_0003824,-4.4372396157
CtrSVDD_0033_E_0003825,-7.0343590197
CtrSVDD_0034_E_0003826,-4.9830768810
CtrSVDD_0035_E_0003827,-6.6337581867
CtrSVDD_0036_E_0003828,0.2842384143
CtrSVDD_0037_E_0003829,-6.1303016308
CtrSVDD_0038_E_0003830,-5.7008076160
CtrSVDD_0039_E_0003831,-3.8810445904
CtrSVDD_0040_E_0003832,-7.5676477920
CtrSVDD_0041_E_0003833,-8.0277937774
CtrSVDD_0042_E_0003834,-7.8316794521
CtrSVDD_0043_E_0003835,-8.0343139233
CtrSVDD_0044_E_0003836,-6.3520512028
CtrSVDD_0045_E_0003837,-8.5152797868
CtrSVDD_0046_E_0003838,-6.3269087627
CtrSVDD_0047_E_0003839,-5.8395024845
CtrSVDD_0000_E_0003840,-4.8618084152
CtrSVDD_0001_E_0003841,-6.6279217736
CtrSVDD_0002_E_0003842,-7.3248502270
CtrSVDD_0003_E_0003843,-4.7285034623
CtrSVDD_0004_E_0003844,-7.1425225517
CtrSVDD_0005_E_0003845,-0.2581165434
CtrSVDD_0006_E_0003846,1.0419539366
CtrSVDD_0007_E_0003847,-5.2784208096
CtrSVDD_0008_E_0003848,-2.3106072665
CtrSVDD_0009_E_0003849,-7.5630752824
CtrSVDD_0010_E_0003850,-5.2734010124
CtrSVDD_0011_E_0003851,1.0614081289
CtrSVDD_0012_E_0003852,-6.7562078909
CtrSVDD_0013_E_0003853,-5.1632924701
CtrSVDD_0014_E_0003854,-2.3194564372
CtrSVDD_0015_E_0003855,-3.0323700971
CtrSVDD_0016_E_0003856,-5.9593562605
CtrSVDD_0017_E_0003857,-2.3398611184
CtrSVDD_0018_E_0003858,-9.0460937832
CtrSVDD_0019_E_0003859,-6.0171290942
CtrSVDD_0020_E_0003860,-0.5949194409
CtrSVDD_0021_E_0003861,-5.5822691910
CtrSVDD_0022_E_0003862,-8.1465082817
CtrSVDD_0023_E_0003863,-2.9164735614
CtrSVDD_0024_E_0003864,-6.0508265823
CtrSVDD_0025_E_0003865,-2.5027950353
CtrSVDD_0026_E_0003866,-4.4308040901
CtrSVDD_0027_E_0003867,-8.3194066641
CtrSVDD_0028_E_0003868,-5.0028329479
CtrSVDD_0029_E_0003869,0.1679412931
CtrSVDD_0030_E_0003870,0.3208475899
CtrSVDD_0031_E_0003871,-6.2390709690
CtrSVDD_0032_E_0003872,-7.9852236837
CtrSVDD_0033_E_0003873,-6.9332015275
CtrSVDD_0034_E_0003874,-6.9024320894
CtrSVDD_0035_E_0003875,-6.6460707589
CtrSVDD_0036_E_0003876,-5.3085994504
CtrSVDD_0037_E_0003877,-3.3189481244
CtrSVDD_0038_E_0003878,-5.3434156265
CtrSVDD_0039_E_0003879,-7.1002972755
CtrSVDD_0040_E_0003880,-5.5122455090
CtrSVDD_0041_E_0003881,-7.1616468781
CtrSVDD_0042_E_0003882,-5.7189918516
CtrSVDD_0043_E_0003883,-6.1352186196
CtrSVDD_0044_E_0003884,-6.5962911944
CtrSVDD_0045_E_0003885,-7.9320266514
CtrSVDD_0046_E_0003886,-5.5607505273
CtrSVDD_0047_E_0003887,-3.1281284664
CtrSVDD_0000_E_0003888,1.1382351104
CtrSVDD_0001_E_0003889,0.0524786315
CtrSVDD_0002_E_0003890,-5.9149815771
CtrSVDD_0003_E_0003891,-5.0371275802
CtrSVDD_0004_E_0003892,-6.0325464654
CtrSVDD_0005_E_0003893,-4.4620392550
CtrSVDD_0006_E_0003894,1.3644275699
CtrSVDD_0007_E_0003895,-5.3097920329
CtrSVDD_0008_E_0003896,-5.0633134085
CtrSVDD_0009_E_0003897,-6.6661563606
CtrSVDD_0010_E_0003898,-1.9082291381
CtrSVDD_0011_E_0003899,-5.7115676123
CtrSVDD_0012_E_0003900,-5.0920944436
CtrSVDD_0013_E_0003901,-0.9949625801
CtrSVDD_0014_E_0003902,-8.3603783494
CtrSVDD_0015_E_0003903,-6.6069230274
CtrSVDD_0016_E_0003904,-8.7517752030
CtrSVDD_0017_E_0003905,0.2866984235
CtrSVDD_0018_E_0003906,-7.8447008312
CtrSVDD_0019_E_0003907,-7.4274850008
CtrSVDD_0020_E_0003908,-5.7708665857
CtrSVDD_0021_E_0003909,-7.8949884640
CtrSVDD_0022_E_0003910,-6.1277853306
CtrSVDD_0023_E_0003911,0.8696593245
CtrSVDD_0024_E_0003912,-6.8133025145
CtrSVDD_0025_E_0003913,0.6218504967
CtrSVDD_0026_E_0003914,-0.7419009975
CtrSVDD_0027_E_0003915,-5.8847834312
CtrSVDD_0028_E_0003916,-5.7038301417
CtrSVDD_0029_E_0003917,-7.7500690735
CtrSVDD_0030_E_0003918,-4.6988242401
CtrSVDD_0031_E_0003919,-6.4234753541
CtrSVDD_0032_E_0003920,2.9899557576
CtrSVDD_0033_E_0003921,-3.9325753408
CtrSVDD_0034_E_0003922,-7.0429954891
CtrSVDD_0035_E_0003923,-3.2300159213
CtrSVDD_0036_E_0003924,2.1065540882
CtrSVDD_0037_E_0003925,-6.0997121556
CtrSVDD_0038_E_0003926,-3.5814427137
CtrSVDD_0039_E_0003927,-6.0251685119
CtrSVDD_0040_E_0003928,-5.2200760837
CtrSVDD_0041_E_0003929,-8.3128435158
CtrSVDD_0042_E_0003930,-6.0309434239
CtrSVDD_0043_E_0003931,-4.4151289763
CtrSVDD_0044_E_0003932,-8.8499695011
CtrSVDD_0045_E_0003933,-4.8746504968
CtrSVDD_0046_E_0003934,-7.3544984539
CtrSVDD_0047_E_0003935,-5.9846317500
CtrSVDD_0000_E_0003936,-5.0223069264
CtrSVDD_0001_E_0003937,-7.6524946751
CtrSVDD_0002_E_0003938,0.1452840503
CtrSVDD_0003_E_0003939,-5.9871368772
CtrSVDD_0004_E_0003940,-6.7386256460
CtrSVDD_0005_E_0003941,-8.7812485305
CtrSVDD_0006_E_0003942,-7.6549125593
CtrSVDD_0007_E_0003943,-7.3383003115
CtrSVDD_0008_E_0003944,-5.8913842092
CtrSVDD_0009_E_0003945,-7.3186045637
CtrSVDD_0010_E_0003946,-3.3937891477
CtrSVDD_0011_E_0003947,-0.6066475734
CtrSVDD_0012_E_0003948,-7.2819562515
CtrSVDD_0013_E_0003949,-1.3644275699
CtrSVDD_0014_E_0003950,-7.7073925898
CtrSVDD_0015_E_0003951,-0.2135279657
CtrSVDD_0016_E_0003952,-1.6035332955
CtrSVDD_0017_E_0003953,0.7143856838
CtrSVDD_0018_E_0003954,1.7921891094
CtrSVDD_0019_E_0003955,-6.7629780507
CtrSVDD_0020_E_0003956,-5.7320746914
CtrSVDD_0021_E_0003957,-7.5387817470
CtrSVDD_0022_E_0003958,-9.2401188735
CtrSVDD_0023_E_0003959,-5.9977301004
CtrSVDD_0024_E_0003960,-4.1329600343
CtrSVDD_0025_E_0003961,-6.0530529715
CtrSVDD_0026_E_0003962,-8.5376482905
CtrSVDD_0027_E_0003963,1.5273495790
CtrSVDD_0028_E_0003964,-5.8715515558
CtrSVDD_0029_E_0003965,-4.3595794915
CtrSVDD_0030_E_0003966,0.9558069603
CtrSVDD_0031_E_0003967,-0.3578920410
CtrSVDD_0032_E_0003968,-6.2763343282
CtrSVDD_0033_E_0003969,-3.6871378886
CtrSVDD_0034_E_0003970,0.2405581457
CtrSVDD_0035_E_0003971,-5.3237313175
CtrSVDD_0036_E_0003972,-5.5962697475
CtrSVDD_0037_E_0003973,-5.9819798465
CtrSVDD_0038_E_0003974,-8.1316817119
CtrSVDD_0039_E_0003975,-4.2772054921
CtrSVDD_0040_E_0003976,-5.0022847124
CtrSVDD_0041_E_0003977,-7.5408496810
CtrSVDD_0042_E_0003978,-7.4091560918
CtrSVDD_0043_E_0003979,-0.7830568137
CtrSVDD_0044_E_0003980,0.0356766635
CtrSVDD_0045_E_0003981,0.7127435471
CtrSVDD_0046_E_0003982,0.1198829224
CtrSVDD_0047_E_0003983,-6.3463774406
CtrSVDD_0000_E_0003984,-3.5326365847
CtrSVDD_0001_E_0003985,-5.8056304384
CtrSVDD_0002_E_0003986,1.2901844981
CtrSVDD_0003_E_0003987,-4.6698613962
CtrSVDD_0004_E_0003988,-3.5925410543
CtrSVDD_0005_E_0003989,-5.9172896313
CtrSVDD_0006_E_0003990,-6.2377674001
CtrSVDD_0007_E_0003991,-7.9338022744
CtrSVDD_0008_E_0003992,-0.0202838183
CtrSVDD_0009_E_0003993,-1.5774204324
CtrSVDD_0010_E_0003994,0.6116994783
CtrSVDD_0011_E_0003995,1.1276053953
CtrSVDD_0012_E_0003996,-5.7988323797
CtrSVDD_0013_E_0003997,-5.9955753579
CtrSVDD_0014_E_0003998,-6.3426345812
CtrSVDD_0015_E_0003999,-6.2932761479
CtrSVDD_0016_E_0004000,-6.6703108033
CtrSVDD_0017_E_0004001,-8.5620293859
CtrSVDD_0018_E_0004002,-8.1465028827
CtrSVDD_0019_E_0004003,-8.1808024833
CtrSVDD_0020_E_0004004,-7.6081264719
CtrSVDD_0021_E_0004005,-8.5770132737
CtrSVDD_0022_E_0004006,-4.5985713935
CtrSVDD_0023_E_0004007,-5.1491708511
CtrSVDD_0024_E_0004008,-7.2005120879
CtrSVDD_0025_E_0004009,-5.4616541125
CtrSVDD_0026_E_0004010,-5.4247131357
CtrSVDD_0027_E_0004011,-8.1321354717
CtrSVDD_0028_E_0004012,-0.1523558843
CtrSVDD_0029_E_0004013,-5.1844080062
CtrSVDD_0030_E_0004014,-6.7169425690
CtrSVDD_0031_E_0004015,-3.7872772513
CtrSVDD_0032_E_0004016,-6.6353543954
CtrSVDD_0033_E_0004017,-4.7615943410
CtrSVDD_0034_E_0004018,-6.0502559398
CtrSVDD_0035_E_0004019,-5.8271539209
CtrSVDD_0036_E_0004020,-4.2552990291
CtrSVDD_0037_E_0004021,-6.7134681561
CtrSVDD_0038_E_0004022,-8.6905989518
CtrSVDD_0039_E_0004023,-2.1386754663
CtrSVDD_0040_E_0004024,0.3803534882
CtrSVDD_0041_E_0004025,-5.1834064628
CtrSVDD_0042_E_0004026,-7.8542917616
CtrSVDD_0043_E_0004027,0.5504201225
CtrSVDD_0044_E_0004028,-4.7056127101
CtrSVDD_0045_E_0004029,-6.3895344256
CtrSVDD_0046_E_0004030,1.7310263173
CtrSVDD_0047_E_0004031,-4.6522285031
CtrSVDD_0000_E_0004032,-3.0518871368
CtrSVDD_0001_E_0004033,-4.8012983941
CtrSVDD_0002_E_0004034,-4.3117029263
CtrSVDD_0003_E_0004035,-5.2235049522
CtrSVDD_0004_E_0004036,-5.9304724513
CtrSVDD_0005_E_0004037,-5.6458928876
CtrSVDD_0006_E_0004038,-2.6631771021
CtrSVDD_0007_E_0004039,-1.3434402402
CtrSVDD_0008_E_0004040,-7.8288900890
CtrSVDD_0009_E_0004041,-5.8737738549
CtrSVDD_0010_E_0004042,-3.6075511463
CtrSVDD_0011_E_0004043,2.3499176557
CtrSVDD_0012_E_0004044,-5.2533470579
CtrSVDD_0013_E_0004045,-7.0127886268
CtrSVDD_0014_E_0004046,-8.9964341718
CtrSVDD_0015_E_0004047,-5.3897012598
CtrSVDD_0016_E_0004048,-3.2433604427
CtrSVDD_0017_E_0004049,-5.8897364678
CtrSVDD_0018_E_0004050,-7.2306371357
CtrSVDD_0019_E_0004051,-6.9878203167
CtrSVDD_0020_E_0004052,-7.2449377675
CtrSVDD_0021_E_0004053,-8.9253062643
CtrSVDD_0022_E_0004054,-5.4826788479
CtrSVDD_0023_E_0004055,-6.0173219308
CtrSVDD_0024_E_0004056,1.0589544258
CtrSVDD_0025_E_0004057,-7.3393069383
CtrSVDD_0026_E_0004058,-6.6820277083
CtrSVDD_0027_E_0004059,-9.5619876515
CtrSVDD_0028_E_0004060,-5.8461787639
CtrSVDD_0029_E_0004061,-3.7920443456
CtrSVDD_0030_E_0004062,-0.4136513455
CtrSVDD_0031_E_0004063,0.9304840170
CtrSVDD_0032_E_0004064,-0.4090844621
CtrSVDD_0033_E_0004065,-6.8099613647
CtrSVDD_0034_E_0004066,1.5455643299
CtrSVDD_0035_E_0004067,-9.2791399165
CtrSVDD_0036_E_0004068,-6.2151059635
CtrSVDD_0037_E_0004069,1.8207925786
CtrSVDD_0038_E_0004070,-6.8234617564
CtrSVDD_0039_E_0004071,-8.0187296200
CtrSVDD_0040_E_0004072,-7.4657131993
CtrSVDD_0041_E_0004073,-4.2179203491
CtrSVDD_0042_E_0004074,-6.0503100726
CtrSVDD_0043_E_0004075,-6.5745238588
CtrSVDD_0044_E_0004076,-8.1732410905
CtrSVDD_0045_E_0004077,-5.7628102505
CtrSVDD_0046_E_0004078,-5.1001341163
CtrSVDD_0047_E_0004079,-5.0381716319
CtrSVDD_0000_E_0004080,-1.1849199287
CtrSVDD_0001_E_0004081,-6.8420714551
CtrSVDD_0002_E_0004082,-0.5439214382
CtrSVDD_0003_E_0004083,-7.4156394308
CtrSVDD_0004_E_0004084,1.2208602231
CtrSVDD_0005_E_0004085,-7.4690599779
CtrSVDD_0006_E_0004086,-8.0041918410
CtrSVDD_0007_E_0004087,-6.8532298377
CtrSVDD_0008_E_0004088,-4.8891497852
CtrSVDD_0009_E_0004089,-6.6085978091
CtrSVDD_0010_E_0004090,-2.1908890624
CtrSVDD_0011_E_0004091,-7.7349313822
CtrSVDD_0012_E_0004092,-5.3534780134
CtrSVDD_0013_E_0004093,1.3434402402
CtrSVDD_0014_E_0004094,-4.5635033105
CtrSVDD_0015_E_0004095,-8.2719208437
CtrSVDD_0016_E_0004096,-8.9165051893
CtrSVDD_0017_E_0004097,-3.0028573004
CtrSVDD_0018_E_0004098,-1.1343681146
CtrSVDD_0019_E_0004099,-6.6612847319
CtrSVDD_0020_E_0004100,-6.5968676408
CtrSVDD_0021_E_0004101,-7.2395640717
CtrSVDD_0022_E_0004102,-9.0840833755
CtrSVDD_0023_E_0004103,-7.8599419677
CtrSVDD_0024_E_0004104,-6.7201070324
CtrSVDD_0025_E_0004105,-4.9943789628
CtrSVDD_0026_E_0004106,-0.3447915253
CtrSVDD_0027_E_0004107,-5.3678301266
CtrSVDD_0028_E_0004108,-6.5578357523
CtrSVDD_0029_E_0004109,-3.1837720574
CtrSVDD_0030_E_0004110,0.6244501778
CtrSVDD_0031_E_0004111,-7.4034431712
CtrSVDD_0032_E_0004112,0.1665228078
CtrSVDD_0033_E_0004113,-4.0123414801
CtrSVDD_0034_E_0004114,-1.3608879341
CtrSVDD_0035_E_0004115,-4.5612191207
CtrSVDD_0036_E_0004116,-7.8317480849
CtrSVDD_0037_E_0004117,-4.7336590840
CtrSVDD_0038_E_0004118,-8.4515799420
CtrSVDD_0039_E_0004119,-5.2755333098
CtrSVDD_0040_E_0004120,-6.9406104014
CtrSVDD_0041_E_0004121,-7.3288188386
CtrSVDD_0042_E_0004122,-6.8348369917
CtrSVDD_0043_E_0004123,-6.4083931790
CtrSVDD_0044_E_0004124,-0.7627390401
CtrSVDD_0045_E_0004125,-0.3438424740
CtrSVDD_0046_E_0004126,0.7679408591
CtrSVDD_0047_E_0004127,-6.8310355159
CtrSVDD_0000_E_0004128,-5.3880005822
CtrSVDD_0001_E_0004129,-6.5796510289
CtrSVDD_0002_E_0004130,-5.5191169830
CtrSVDD_0003_E_0004131,-1.2107154884
CtrSVDD_0004_E_0004132,-6.7563460880
CtrSVDD_0005_E_0004133,-7.2568328619
CtrSVDD_0006_E_0004134,-4.9588395894
CtrSVDD_0007_E_0004135,-5.9126592212
CtrSVDD_0008_E_0004136,-0.4075640663
CtrSVDD_0009_E_0004137,-8.1427504953
CtrSVDD_0010_E_0004138,-1.3163457089
CtrSVDD_0011_E_0004139,-7.5986042190
CtrSVDD_0012_E_0004140,-5.3304666065
CtrSVDD_0013_E_0004141,0.6912677074
CtrSVDD_0014_E_0004142,-5.5102827923
CtrSVDD_0015_E_0004143,-9.4789854511
CtrSVDD_0016_E_0004144,-8.7234294006
CtrSVDD_0017_E_0004145,-7.7179860521
CtrSVDD_0018_E_0004146,-4.2946232195
CtrSVDD_0019_E_0004147,-2.0857341523
CtrSVDD_0020_E_0004148,-7.7585311660
CtrSVDD_0021_E_0004149,-5.7424456045
CtrSVDD_0022_E_0004150,-8.8119617641
CtrSVDD_0023_E_0004151,-2.0337381263
CtrSVDD_0024_E_0004152,-7.6431815969
CtrSVDD_0025_E_0004153,-5.5240335341
CtrSVDD_0026_E_0004154,-6.0892924321
CtrSVDD_0027_E_0004155,-5.1453676617
CtrSVDD_0028_E_0004156,-6.7118084721
CtrSVDD_0029_E_0004157,-6.9524561116
CtrSVDD_0030_E_0004158,-7.4946891849
CtrSVDD_0031_E_0004159,-5.2874865151
CtrSVDD_0032_E_0004160,-7.7590810827
CtrSVDD_0033_E_0004161,-3.2894228188
CtrSVDD_0034_E_0004162,0.4754214521
CtrSVDD_0035_E_0004163,-5.6787795867
CtrSVDD_0036_E_0004164,-4.6671038325
CtrSVDD_0037_E_0004165,-6.9097856350
CtrSVDD_0038_E_0004166,-9.2241314262
CtrSVDD_0039_E_0004167,-7.3433403380
CtrSVDD_0040_E_0004168,0.9261795494
CtrSVDD_0041_E_0004169,-6.9154235578
CtrSVDD_0042_E_0004170,-7.1727518847
CtrSVDD_0043_E_0004171,-8.1030299347
CtrSVDD_0044_E_0004172,-6.4541166961
CtrSVDD_0045_E_0004173,-5.6544451436
CtrSVDD_0046_E_0004174,-7.1476891966
CtrSVDD_0047_E_0004175,-6.2279812980
CtrSVDD_0000_E_0004176,0.5233638584
CtrSVDD_0001_E_0004177,-8.4118389047
CtrSVDD_0002_E_0004178,-5.3812030907
CtrSVDD_0003_E_0004179,-8.4096912743
CtrSVDD_0004_E_0004180,-0.0272797511
CtrSVDD_0005_E_0004181,-4.7210383461
CtrSVDD_0006_E_0004182,-3.3372592863
CtrSVDD_0007_E_0004183,-0.6861363713
CtrSVDD_0008_E_0004184,-3.2669107026
CtrSVDD_0009_E_0004185,-7.1408664192
CtrSVDD_0010_E_0004186,-5.7122065101
CtrSVDD_0011_E_0004187,-6.5083726002
CtrSVDD_0012_E_0004188,-8.5510419092
CtrSVDD_0013_E_0004189,-0.2944485424
CtrSVDD_0014_E_0004190,-0.3653585875
CtrSVDD_0015_E_0004191,-5.9199886488
CtrSVDD_0016_E_0004192,-3.4155957527
CtrSVDD_0017_E_0004193,-2.3684468948
CtrSVDD_0018_E_0004194,-4.9702175795
CtrSVDD_0019_E_0004195,-5.2924739165
CtrSVDD_0020_E_0004196,-4.5113112835
CtrSVDD_0021_E_0004197,1.4867194090
CtrSVDD_0022_E_0004198,-7.2376534307
CtrSVDD_0023_E_0004199,-0.2149592275
CtrSVDD_0024_E_0004200,-5.4816609032
CtrSVDD_0025_E_0004201,-5.7917966763
CtrSVDD_0026_E_0004202,-5.2041038579
CtrSVDD_0027_E_0004203,-7.2664847652
CtrSVDD_0028_E_0004204,-1.3242615313
CtrSVDD_0029_E_0004205,-7.9774263203
CtrSVDD_0030_E_0004206,-1.4755417059
CtrSVDD_0031_E_0004207,1.9348118138
CtrSVDD_0032_E_0004208,1.1517058579
CtrSVDD_0033_E_0004209,-6.8414755256
CtrSVDD_0034_E_0004210,-6.0101172362
CtrSVDD_0035_E_0004211,-4.5745507259
CtrSVDD_0036_E_0004212,-5.5669860393
CtrSVDD_0037_E_0004213,-5.9032901159
CtrSVDD_0038_E_0004214,-5.6736263392
CtrSVDD_0039_E_0004215,-7.6669667066
CtrSVDD_0040_E_0004216,-5.2232326988
CtrSVDD_0041_E_0004217,1.7716607253
CtrSVDD_0042_E_0004218,-4.5245629670
CtrSVDD_0043_E_0004219,-7.5026335078
CtrSVDD_0044_E_0004220,-8.4380312563
CtrSVDD_0045_E_0004221,-6.0231702994
CtrSVDD_0046_E_0004222,-5.6017352992
CtrSVDD_0047_E_0004223,-6.2781020987
CtrSVDD_0000_E_0004224,-6.5655427861
CtrSVDD_0001_E_0004225,-6.2444459255
CtrSVDD_0002_E_0004226,-3.5967678126
CtrSVDD_0003_E_0004227,-3.9809742071
CtrSVDD_0004_E_0004228,-9.2471761172
CtrSVDD_0005_E_0004229,-4.6951297448
CtrSVDD_0006_E_0004230,-3.3200531104
CtrSVDD_0007_E_0004231,0.3320158604
CtrSVDD_0008_E_0004232,-7.1206024217
CtrSVDD_0009_E_0004233,-3.6462034517
CtrSVDD_0010_E_0004234,-6.1647409189
CtrSVDD_0011_E_0004235,-5.8870338261
CtrSVDD_0012_E_0004236,-6.6495376027
CtrSVDD_0013_E_0004237,-3.7410380124
CtrSVDD_0014_E_0004238,2.2228238742
CtrSVDD_0015_E_0004239,-5.7347421054
CtrSVDD_0016_E_0004240,-2.4074295931
CtrSVDD_0017_E_0004241,-3.2729665579
CtrSVDD_0018_E_0004242,-7.0309613104
CtrSVDD_0019_E_0004243,1.1792936900
CtrSVDD_0020_E_0004244,-6.3826577862
CtrSVDD_0021_E_0004245,-6.3413424778
CtrSVDD_0022_E_0004246,-3.9712369470
CtrSVDD_0023_E_0004247,-9.0172363696
CtrSVDD_0024_E_0004248,-7.4259847896
CtrSVDD_0025_E_0004249,-6.3431093344
CtrSVDD_0026_E_0004250,-8.3088608298
CtrSVDD_0027_E_0004251,-7.2141204265
CtrSVDD_0028_E_0004252,-3.6565940983
CtrSVDD_0029_E_0004253,1.0962715625
CtrSVDD_0030_E_0004254,-1.5709130497
CtrSVDD_0031_E_0004255,-5.7999053019
CtrSVDD_0032_E_0004256,-6.2791731911
CtrSVDD_0033_E_0004257,-5.8193017582
CtrSVDD_0034_E_0004258,-6.6090687855
CtrSVDD_0035_E_0004259,-3.6476598448
CtrSVDD_0036_E_0004260,-7.8089766695
CtrSVDD_0037_E_0004261,-0.4443244374
CtrSVDD_0038_E_0004262,-6.9583051812
CtrSVDD_0039_E_0004263,-6.3572403974
CtrSVDD_0040_E_0004264,-7.0004704268
CtrSVDD_0041_E_0004265,-7.4898964341
CtrSVDD_0042_E_0004266,-6.0655863619
CtrSVDD_0043_E_0004267,-8.1888681557
CtrSVDD_0044_E_0004268,-7.2485231888
CtrSVDD_0045_E_0004269,-5.6745899306
CtrSVDD_0046_E_0004270,-3.8365797022
CtrSVDD_0047_E_0004271,-7.1549875293
CtrSVDD_0000_E_0004272,-5.4787983382
CtrSVDD_0001_E_0004273,-1.1571530850
CtrSVDD_0002_E_0004274,-6.7576116699
CtrSVDD_0003_E_0004275,-3.5460240124
CtrSVDD_0004_E_0004276,-4.8848081686
CtrSVDD_0005_E_0004277,-9.7317020253
CtrSVDD_0006_E_0004278,-6.8464636007
CtrSVDD_0007_E_0004279,-5.3540925608
CtrSVDD_0008_E_0004280,-0.8534403046
CtrSVDD_0009_E_0004281,-6.0581613378
CtrSVDD_0010_E_0004282,-7.0798322610
CtrSVDD_0011_E_0004283,-5.4599279385
CtrSVDD_0012_E_0004284,-5.8011203608
CtrSVDD_0013_E_0004285,-7.0161729161
CtrSVDD_0014_E_0004286,-7.9720207536
CtrSVDD_0015_E_0004287,-8.0367563923
CtrSVDD_0016_E_0004288,-2.9185155377
CtrSVDD_0017_E_0004289,-5.9091438354
CtrSVDD_0018_E_0004290,-5.4260051162
CtrSVDD_0019_E_0004291,-5.8704225203
CtrSVDD_0020_E_0004292,-5.2884685962
CtrSVDD_0021_E_0004293,-8.2705142328
CtrSVDD_0022_E_0004294,-5.7125109134
CtrSVDD_0023_E_0004295,-6.7284061766
CtrSVDD_0024_E_0004296,-8.4909242042
CtrSVDD_0025_E_0004297,-5.1385465797
CtrSVDD_0026_E_0004298,-6.3693883128
CtrSVDD_0027_E_0004299,-3.0401915850
CtrSVDD_0028_E_0004300,-8.8403573292
CtrSVDD_0029_E_0004301,-7.2324707766
CtrSVDD_0030_E_0004302,-5.5375900827
CtrSVDD_0031_E_0004303,-3.9262181550
CtrSVDD_0032_E_0004304,-5.3618920893
CtrSVDD_0033_E_0004305,-6.7850071811
CtrSVDD_0034_E_0004306,-3.5405922278
CtrSVDD_0035_E_0004307,-7.3004444545
CtrSVDD_0036_E_0004308,-6.1889228623
CtrSVDD_0037_E_0004309,-6.5497720426
CtrSVDD_0038_E_0004310,-4.8491775910
CtrSVDD_0039_E_0004311,-5.9796700623
CtrSVDD_0040_E_0004312,0.0440760921
CtrSVDD_0041_E_0004313,-4.2948709613
CtrSVDD_0042_E_0004314,-4.7944191574
CtrSVDD_0043_E_0004315,-2.5752840381
CtrSVDD_0044_E_0004316,-0.4927208810
CtrSVDD_0045_E_0004317,-6.9650791950
CtrSVDD_0046_E_0004318,-4.5561125859
CtrSVDD_0047_E_0004319,-6.0639404879
CtrSVDD_0000_E_0004320,-5.8614700609
CtrSVDD_0001_E_0004321,-5.4140791103
CtrSVDD_0002_E_0004322,0.7272449856
CtrSVDD_0003_E_0004323,-6.2199526616
CtrSVDD_0004_E_0004324,-4.6206211662
CtrSVDD_0005_E_0004325,-6.4292354368
CtrSVDD_0006_E_0004326,-10.1000009741
CtrSVDD_0007_E_0004327,-7.2957010937
CtrSVDD_0008_E_0004328,-4.5653477438
CtrSVDD_0009_E_0004329,-7.1513742082
CtrSVDD_0010_E_0004330,-3.9790633329
CtrSVDD_0011_E_0004331,-6.6021370152
CtrSVDD_0012_E_0004332,-1.1118956117
CtrSVDD_0013_E_0004333,-7.5465321943
CtrSVDD_0014_E_0004334,-5.5036740052
CtrSVDD_0015_E_0004335,-7.8445720342
CtrSVDD_0016_E_0004336,-4.6273311177
CtrSVDD_0017_E_0004337,-3.6392156489
CtrSVDD_0018_E_0004338,-6.0668530053
CtrSVDD_0019_E_0004339,-0.1793015971
CtrSVDD_0020_E_0004340,-5.7333005481
CtrSVDD_0021_E_0004341,-4.1208833273
CtrSVDD_0022_E_0004342,-6.3080181635
CtrSVDD_0023_E_0004343,-7.4867692635
CtrSVDD_0024_E_0004344,-5.0574708168
CtrSVDD_0025_E_0004345,-3.9114948363
CtrSVDD_0026_E_0004346,-6.0416299447
CtrSVDD_0027_E_0004347,-6.0955001898
CtrSVDD_0028_E_0004348,-3.7846117756
CtrSVDD_0029_E_0004349,-5.6875075750
CtrSVDD_0030_E_0004350,-6.9064449413
CtrSVDD_0031_E_0004351,-6.8749864369
CtrSVDD_0032_E_0004352,-4.5169559831
CtrSVDD_0033_E_0004353,-4.0520461496
CtrSVDD_0034_E_0004354,-7.3377794908
CtrSVDD_0035_E_0004355,-4.0397435893
CtrSVDD_0036_E_0004356,-3.9868036557
CtrSVDD_0037_E_0004357,-5.2137498853
CtrSVDD_0038_E_0004358,-1.7665161537
CtrSVDD_0039_E_0004359,-7.7521537832
CtrSVDD_0040_E_0004360,-4.6811515387
CtrSVDD_0041_E_0004361,-4.2184753036
CtrSVDD_0042_E_0004362,-5.2566867216
CtrSVDD_0043_E_0004363,-4.6641472354
CtrSVDD_0044_E_0004364,-5.8159089276
CtrSVDD_0045_E_0004365,-5.2968505211
CtrSVDD_0046_E_0004366,1.4591230250
CtrSVDD_0047_E_0004367,-9.4171861389
CtrSVDD_0000_E_0004368,-5.6149517795
CtrSVDD_0001_E_0004369,-8.2637771627
CtrSVDD_0002_E_0004370,-4.2030688662
CtrSVDD_0003_E_0004371,-6.0107173399
CtrSVDD_0004_E_0004372,-7.3838990058
CtrSVDD_0005_E_0004373,-7.5287024073
CtrSVDD_0006_E_0004374,-4.5139102220
CtrSVDD_0007_E_0004375,-6.8999825325
CtrSVDD_0008_E_0004376,-6.6719712272
CtrSVDD_0009_E_0004377,-7.0135900843
CtrSVDD_0010_E_0004378,-3.8113279535
CtrSVDD_0011_E_0004379,-0.5133580378
CtrSVDD_0012_E_0004380,0.2221222082
CtrSVDD_0013_E_0004381,-6.6096880162
CtrSVDD_0014_E_0004382,-7.7541565067
CtrSVDD_0015_E_0004383,-6.2580541935
CtrSVDD_0016_E_0004384,-3.4573101711
CtrSVDD_0017_E_0004385,-6.2894652897
CtrSVDD_0018_E_0004386,0.1537711546
CtrSVDD_0019_E_0004387,-7.7718643298
CtrSVDD_0020_E_0004388,-8.3339850696
CtrSVDD_0021_E_0004389,-6.8699611484
CtrSVDD_0022_E_0004390,0.4832668847
CtrSVDD_0023_E_0004391,-0.5832725752
CtrSVDD_0024_E_0004392,-8.7374677717
CtrSVDD_0025_E_0004393,-6.5328746153
CtrSVDD_0026_E_0004394,-7.2875332479
CtrSVDD_0027_E_0004395,-3.5750075692
CtrSVDD_0028_E_0004396,-8.8241081655
CtrSVDD_0029_E_0004397,-6.0287006809
CtrSVDD_0030_E_0004398,-5.3591665016
CtrSVDD_0031_E_0004399,-4.7908605192
CtrSVDD_0032_E_0004400,-0.6912677074
CtrSVDD_0033_E_0004401,-7.9957244910
CtrSVDD_0034_E_0004402,-0.2100843855
CtrSVDD_0035_E_0004403,-6.0212226213
CtrSVDD_0036_E_0004404,-6.8627361471
CtrSVDD_0037_E_0004405,-0.7529983711
CtrSVDD_0038_E_0004406,-6.4606595882
CtrSVDD_0039_E_0004407,-4.8270058861
CtrSVDD_0040_E_0004408,-6.6968218968
CtrSVDD_0041_E_0004409,-7.0929998005
CtrSVDD_0042_E_0004410,1.5787329597
CtrSVDD_0043_E_0004411,-5.7091332667
CtrSVDD_0044_E_0004412,-6.6163273907
CtrSVDD_0045_E_0004413,-7.2039933184
CtrSVDD_0046_E_0004414,-5.4261875965
CtrSVDD_0047_E_0004415,-0.3208475899
CtrSVDD_0000_E_0004416,-5.4191367756
CtrSVDD_0001_E_0004417,1.1681518079
CtrSVDD_0002_E_0004418,-3.1897078049
CtrSVDD_0003_E_0004419,-6.3355188613
CtrSVDD_0004_E_0004420,-1.7135079927
CtrSVDD_0005_E_0004421,-6.5183535988
CtrSVDD_0006_E_0004422,0.7945121794
CtrSVDD_0007_E_0004423,1.3880734414
CtrSVDD_0008_E_0004424,-1.3573652672
CtrSVDD_0009_E_0004425,-4.6685302295
CtrSVDD_0010_E_0004426,-5.8943110166
CtrSVDD_0011_E_0004427,-0.2292966039
CtrSVDD_0012_E_0004428,-2.1758915563
CtrSVDD_0013_E_0004429,-5.9619585724
CtrSVDD_0014_E_0004430,-4.7737171344
CtrSVDD_0015_E_0004431,-7.1754544620
CtrSVDD_0016_E_0004432,-5.9679362053
CtrSVDD_0017_E_0004433,-6.8298411872
CtrSVDD_0018_E_0004434,-6.1053524741
CtrSVDD_0019_E_0004435,-5.3677149214
CtrSVDD_0020_E_0004436,-5.4950386112
CtrSVDD_0021_E_0004437,-7.2398245161
CtrSVDD_0022_E_0004438,-7.1924662548
CtrSVDD_0023_E_0004439,0.0580823470
CtrSVDD_0024_E_0004440,-4.4352054597
CtrSVDD_0025_E_0004441,-8.4645816685
CtrSVDD_0026_E_0004442,-6.5515895888
CtrSVDD_0027_E_0004443,-7.7825711702
CtrSVDD_0028_E_0004444,-8.7202820334
CtrSVDD_0029_E_0004445,-1.8539100343
CtrSVDD_0030_E_0004446,-7.3524607582
CtrSVDD_0031_E_0004447,-5.5013586667
CtrSVDD_0032_E_0004448,-6.0016468170
CtrSVDD_0033_E_0004449,-2.6724088950
CtrSVDD_0034_E_0004450,-3.6071422723
CtrSVDD_0035_E_0004451,-6.6387702875
CtrSVDD_0036_E_0004452,-6.2974882849
CtrSVDD_0037_E_0004453,-6.6903463799
CtrSVDD_0038_E_0004454,-6.8069716973
CtrSVDD_0039_E_0004455,-7.2322896704
CtrSVDD_0040_E_0004456,2.2337171702
CtrSVDD_0041_E_0004457,-4.9605140611
CtrSVDD_0042_E_0004458,-6.1492066478
CtrSVDD_0043_E_0004459,-4.9000138229
CtrSVDD_0044_E_0004460,-2.9327626486
CtrSVDD_0045_E_0004461,-8.7614691488
CtrSVDD_0046_E_0004462,-5.5668662805
CtrSVDD_0047_E_0004463,-3.3338517114
CtrSVDD_0000_E_0004464,-7.4829847856
CtrSVDD_0001_E_0004465,-6.6116221001
CtrSVDD_0002_E_0004466,-6.6828701579
CtrSVDD_0003_E_0004467,-7.2286465031
CtrSVDD_0004_E_0004468,-6.9348763092
CtrSVDD_0005_E_0004469,-0.8394306710
CtrSVDD_0006_E_0004470,-5.4087278266
CtrSVDD_0007_E_0004471,0.5660619668
CtrSVDD_0008_E_0004472,-0.5390624707
CtrSVDD_0009_E_0004473,-5.4317982321
CtrSVDD_0010_E_0004474,-2.9850045100
CtrSVDD_0011_E_0004475,-5.7404090188
CtrSVDD_0012_E_0004476,-6.7428228818
CtrSVDD_0013_E_0004477,1.4045462482
CtrSVDD_0014_E_0004478,0.2436812725
CtrSVDD_0015_E_0004479,-7.7273484569
CtrSVDD_0016_E_0004480,-7.8505221887
CtrSVDD_0017_E_0004481,-7.3440098352
CtrSVDD_0018_E_0004482,-5.6994725590
CtrSVDD_0019_E_0004483,-4.1423487455
CtrSVDD_0020_E_0004484,-5.1415490178
CtrSVDD_0021_E_0004485,-5.1696981278
CtrSVDD_0022_E_0004486,-7.1178302936
CtrSVDD_0023_E_0004487,-6.9626281902
CtrSVDD_0024_E_0004488,0.9121113029
CtrSVDD_0025_E_0004489,-7.3581471434
CtrSVDD_0026_E_0004490,-7.7743072872
CtrSVDD_0027_E_0004491,-8.3578477617
CtrSVDD_0028_E_0004492,-2.9690387629
CtrSVDD_0029_E_0004493,-6.1099482535
CtrSVDD_0030_E_0004494,-3.3610047251
CtrSVDD_0031_E_0004495,-4.1875125497
CtrSVDD_0032_E_0004496,-6.4544923560
CtrSVDD_0033_E_0004497,-2.9570023706
CtrSVDD_0034_E_0004498,-5.8688793700
CtrSVDD_0035_E_0004499,-7.0329890704
CtrSVDD_0036_E_0004500,-3.6987914862
CtrSVDD_0037_E_0004501,-7.5080873090
CtrSVDD_0038_E_0004502,-3.0944153822
CtrSVDD_0039_E_0004503,-5.9012367521
CtrSVDD_0040_E_0004504,-3.9970526530
CtrSVDD_0041_E_0004505,-5.3755290229
CtrSVDD_0042_E_0004506,-6.9395475934
CtrSVDD_0043_E_0004507,-7.3882582155
CtrSVDD_0044_E_0004508,-3.6695386442
CtrSVDD_0045_E_0004509,-5.4963282505
CtrSVDD_0046_E_0004510,-9.1326210588
CtrSVDD_0047_E_0004511,-6.8975562897
CtrSVDD_0000_E_0004512,-6.9161463319
CtrSVDD_0001_E_0004513,-4.4183628742
CtrSVDD_0002_E_0004514,-5.4867161836
CtrSVDD_0003_E_0004515,-5.9285420785
CtrSVDD_0004_E_0004516,-6.0864106785
CtrSVDD_0005_E_0004517,0.0055155674
CtrSVDD_0006_E_0004518,-5.3794701610
CtrSVDD_0007_E_0004519,-6.9222297869
CtrSVDD_0008_E_0004520,-9.9474882229
CtrSVDD_0009_E_0004521,-7.6911852785
CtrSVDD_0010_E_0004522,-1.4313017591
CtrSVDD_0011_E_0004523,0.0121397515
CtrSVDD_0012_E_0004524,-2.2467709112
CtrSVDD_0013_E_0004525,-1.8667109463
CtrSVDD_0014_E_0004526,0.7833095470
CtrSVDD_0015_E_0004527,-5.1518486283
CtrSVDD_0016_E_0004528,1.8590092135
CtrSVDD_0017_E_0004529,-3.1250216657
CtrSVDD_0018_E_0004530,-7.6169101865
CtrSVDD_0019_E_0004531,-7.8887028613
CtrSVDD_0020_E_0004532,-3.1591616521
CtrSVDD_0021_E_0004533,-7.1377268282
CtrSVDD_0022_E_0004534,-7.6502469334
CtrSVDD_0023_E_0004535,-2.0674691801
CtrSVDD_0024_E_0004536,-5.6569642400
CtrSVDD_0025_E_0004537,-5.7484284280
CtrSVDD_0026_E_0004538,-6.4113525608
CtrSVDD_0027_E_0004539,-8.2970153616
CtrSVDD_0028_E_0004540,-6.1836515251
CtrSVDD_0029_E_0004541,-5.8189766550
CtrSVDD_0030_E_0004542,-8.4649285211
CtrSVDD_0031_E_0004543,-1.9725302450
CtrSVDD_0032_E_0004544,-8.2530227133
CtrSVDD_0033_E_0004545,-5.1684540608
CtrSVDD_0034_E_0004546,-5.9544376549
CtrSVDD_0035_E_0004547,-5.5235771423
CtrSVDD_0036_E_0004548,-7.2014696201
CtrSVDD_0037_E_0004549,-4.3953671237
CtrSVDD_0038_E_0004550,-3.1403130680
CtrSVDD_0039_E_0004551,-2.2183098729
CtrSVDD_0040_E_0004552,-9.0003224196
CtrSVDD_0041_E_0004553,-6.4390994781
CtrSVDD_0042_E_0004554,-6.9835948848
CtrSVDD_0043_E_0004555,-5.7594727699
CtrSVDD_0044_E_0004556,-5.3139263303
CtrSVDD_0045_E_0004557,-6.7550804903
CtrSVDD_0046_E_0004558,-4.2206643005
CtrSVDD_0047_E_0004559,-3.3591840571
CtrSVDD_0000_E_0004560,-2.9209816044
CtrSVDD_0001_E_0004561,-6.5151606960
CtrSVDD_0002_E_0004562,-7.7894813636
CtrSVDD_0003_E_0004563,-5.5483566396
CtrSVDD_0004_E_0004564,-7.6235219021
CtrSVDD_0005_E_0004565,-6.0772647326
CtrSVDD_0006_E_0004566,0.1513526443
CtrSVDD_0007_E_0004567,-5.6414242078
CtrSVDD_0008_E_0004568,-7.8599658668
CtrSVDD_0009_E_0004569,-4.4449102372
CtrSVDD_0010_E_0004570,-8.1132093422
CtrSVDD_0011_E_0004571,-1.3130262377
CtrSVDD_0012_E_0004572,-4.9403992079
CtrSVDD_0013_E_0004573,1.0762666132
CtrSVDD_0014_E_0004574,-4.7844103704
CtrSVDD_0015_E_0004575,-7.1582939070
CtrSVDD_0016_E_0004576,-7.0032696539
CtrSVDD_0017_E_0004577,-5.4538527958
CtrSVDD_0018_E_0004578,0.8060727672
CtrSVDD_0019_E_0004579,-4.4327885099
CtrSVDD_0020_E_0004580,-6.8321225492
CtrSVDD_0021_E_0004581,-8.7142516686
CtrSVDD_0022_E_0004582,0.9700305792
CtrSVDD_0023_E_0004583,-6.0978291241
CtrSVDD_0024_E_0004584,-0.0104911032
CtrSVDD_0025_E_0004585,-7.3074148194
CtrSVDD_0026_E_0004586,-4.1311710686
CtrSVDD_0027_E_0004587,-8.0191564497
CtrSVDD_0028_E_0004588,2.1353653312
CtrSVDD_0029_E_0004589,-5.9207716225
CtrSVDD_0030_E_0004590,-7.7454458315
CtrSVDD_0031_E_0004591,-6.3550438208
CtrSVDD_0032_E_0004592,-5.0324951021
CtrSVDD_0033_E_0004593,-8.4992320869
CtrSVDD_0034_E_0004594,-6.5117984554
CtrSVDD_0035_E_0004595,-5.8594478824
CtrSVDD_0036_E_0004596,-0.8902607472
CtrSVDD_0037_E_0004597,-7.2898257200
CtrSVDD_0038_E_0004598,-6.0521779572
CtrSVDD_0039_E_0004599,-3.2789479575
CtrSVDD_0040_E_0004600,-5.8180833979
CtrSVDD_0041_E_0004601,-5.6050828041
CtrSVDD_0042_E_0004602,-6.8143162126
CtrSVDD_0043_E_0004603,-7.7951787656
CtrSVDD_0044_E_0004604,-6.0128918103
CtrSVDD_0045_E_0004605,-6.4115406439
CtrSVDD_0046_E_0004606,-6.6687089509
CtrSVDD_0047_E_0004607,-3.9518502318
CtrSVDD_0000_E_0004608,-6.0238075937
CtrSVDD_0001_E_0004609,-6.1760930537
CtrSVDD_0002_E_0004610,-7.4838688452
CtrSVDD_0003_E_0004611,-5.2009370202
CtrSVDD_0004_E_0004612,0.3623695476
CtrSVDD_0005_E_0004613,-0.6877194580
CtrSVDD_0006_E_0004614,-7.1687887664
CtrSVDD_0007_E_0004615,-6.3271743279
CtrSVDD_0008_E_0004616,-7.9931165614
CtrSVDD_0009_E_0004617,-4.8763446263
CtrSVDD_0010_E_0004618,-6.3399393850
CtrSVDD_0011_E_0004619,-4.3139541099
CtrSVDD_0012_E_0004620,-5.8964657591
CtrSVDD_0013_E_0004621,-5.8113600779
CtrSVDD_0014_E_0004622,0.4927208810
CtrSVDD_0015_E_0004623,-5.3283548402
CtrSVDD_0016_E_0004624,-3.5478347514
CtrSVDD_0017_E_0004625,-3.2997625460
CtrSVDD_0018_E_0004626,-0.4769881839
CtrSVDD_0019_E_0004627,-5.3177654860
CtrSVDD_0020_E_0004628,-5.2683838271
CtrSVDD_0021_E_0004629,-5.9389985278
CtrSVDD_0022_E_0004630,-4.6037926981
CtrSVDD_0023_E_0004631,-4.9369610124
CtrSVDD_0024_E_0004632,-5.6597167176
CtrSVDD_0025_E_0004633,-5.3170022825
CtrSVDD_0026_E_0004634,-5.5386785245
CtrSVDD_0027_E_0004635,-4.8425454478
CtrSVDD_0028_E_0004636,-4.3348735303
CtrSVDD_0029_E_0004637,-6.7383664689
CtrSVDD_0030_E_0004638,-6.9519041380
CtrSVDD_0031_E_0004639,-5.2044684163
CtrSVDD_0032_E_0004640,-8.5876442862
CtrSVDD_0033_E_0004641,-6.2256137525
CtrSVDD_0034_E_0004642,-3.5297302409
CtrSVDD_0035_E_0004643,-0.1128414574
CtrSVDD_0036_E_0004644,-6.8538545660
CtrSVDD_0037_E_0004645,-6.7333861055
CtrSVDD_0038_E_0004646,-2.8034489983
CtrSVDD_0039_E_0004647,-6.9490692844
CtrSVDD_0040_E_0004648,-2.4047612230
CtrSVDD_0041_E_0004649,-6.6065797054
CtrSVDD_0042_E_0004650,-7.4966739932
CtrSVDD_0043_E_0004651,-5.9093366972
CtrSVDD_0044_E_0004652,-10.2059077824
CtrSVDD_0045_E_0004653,-9.3313964925
CtrSVDD_0046_E_0004654,-1.9163543222
CtrSVDD_0047_E_0004655,0.1875009982
CtrSVDD_0000_E_0004656,1.9603556855
CtrSVDD_0001_E_0004657,-2.2246959853
CtrSVDD_0002_E_0004658,-4.0801582410
CtrSVDD_0003_E_0004659,-2.5357221113
CtrSVDD_0004_E_0004660,-5.4347988604
CtrSVDD_0005_E_0004661,0.5766526762
CtrSVDD_0006_E_0004662,-6.7830385052
CtrSVDD_0007_E_0004663,0.0917491809
CtrSVDD_0008_E_0004664,-6.6670432707
CtrSVDD_0009_E_0004665,-9.2069417871
CtrSVDD_0010_E_0004666,-6.6686503091
CtrSVDD_0011_E_0004667,-5.3390174207
CtrSVDD_0012_E_0004668,-7.1403773927
CtrSVDD_0013_E_0004669,-6.2602443035
CtrSVDD_0014_E_0004670,-8.6631206951
CtrSVDD_0015_E_0004671,-6.9315270559
CtrSVDD_0016_E_0004672,-6.3609385358
CtrSVDD_0017_E_0004673,-6.0029795498
CtrSVDD_0018_E_0004674,-6.6553634560
CtrSVDD_0019_E_0004675,-5.5592877072
CtrSVDD_0020_E_0004676,-5.6276726704
CtrSVDD_0021_E_0004677,1.1965339706
CtrSVDD_0022_E_0004678,-7.2781235820
CtrSVDD_0023_E_0004679,-7.3156064229
CtrSVDD_0024_E_0004680,-7.3795880701
CtrSVDD_0025_E_0004681,-5.1967053810
CtrSVDD_0026_E_0004682,-8.2264258778
CtrSVDD_0027_E_0004683,-6.7416869943
CtrSVDD_0028_E_0004684,-7.5794389702
CtrSVDD_0029_E_0004685,-7.2763913953
CtrSVDD_0030_E_0004686,-3.1777894483
CtrSVDD_0031_E_0004687,-5.4401543172
CtrSVDD_0032_E_0004688,-9.0315048023
CtrSVDD_0033_E_0004689,-5.4944295538
CtrSVDD_0034_E_0004690,-5.8915338403
CtrSVDD_0035_E_0004691,-4.0906955231
CtrSVDD_0036_E_0004692,-5.9324011375
CtrSVDD_0037_E_0004693,-5.4411966736
CtrSVDD_0038_E_0004694,-9.8761840975
CtrSVDD_0039_E_0004695,-7.3882767680
CtrSVDD_0040_E_0004696,-7.2587598692
CtrSVDD_0041_E_0004697,-5.5887661746
CtrSVDD_0042_E_0004698,-6.5671025813
CtrSVDD_0043_E_0004699,-6.8181804024
CtrSVDD_0044_E_0004700,-6.6262876830
CtrSVDD_0045_E_0004701,-6.8348572776
CtrSVDD_0046_E_0004702,1.3860337204
CtrSVDD_0047_E_0004703,-4.3774150136
CtrSVDD_0000_E_0004704,-6.6014044816
CtrSVDD_0001_E_0004705,-8.3031852325
CtrSVDD_0002_E_0004706,-7.0103487422
CtrSVDD_0003_E_0004707,-5.3130158061
CtrSVDD_0004_E_0004708,-7.7789890862
CtrSVDD_0005_E_0004709,-3.4844769195
CtrSVDD_0006_E_0004710,-6.2034990252
CtrSVDD_0007_E_0004711,-7.3736718285
CtrSVDD_0008_E_0004712,-4.6614039813
CtrSVDD_0009_E_0004713,-7.2630986595
CtrSVDD_0010_E_0004714,-6.8589291788
CtrSVDD_0011_E_0004715,-8.4591468713
CtrSVDD_0012_E_0004716,0.8944264796
CtrSVDD_0013_E_0004717,-6.3817583247
CtrSVDD_0014_E_0004718,-0.0805172304
CtrSVDD_0015_E_0004719,-2.7802699247
CtrSVDD_0016_E_0004720,-6.7450077752
CtrSVDD_0017_E_0004721,-7.0017948518
CtrSVDD_0018_E_0004722,-6.7183650342
CtrSVDD_0019_E_0004723,-4.3947963458
CtrSVDD_0020_E_0004724,-5.2867931845
CtrSVDD_0021_E_0004725,0.4551580530
CtrSVDD_0022_E_0004726,-4.1129776007
CtrSVDD_0023_E_0004727,-7.9491810247
CtrSVDD_0024_E_0004728,0.5915835914
CtrSVDD_0025_E_0004729,-5.7411832625
CtrSVDD_0026_E_0004730,-4.4882856142
CtrSVDD_0027_E_0004731,-5.8449309652
CtrSVDD_0028_E_0004732,-6.3904858426
CtrSVDD_0029_E_0004733,-3.4428107487
CtrSVDD_0030_E_0004734,-0.6983904682
CtrSVDD_0031_E_0004735,0.3653585875
CtrSVDD_0032_E_0004736,-5.3052408629
CtrSVDD_0033_E_0004737,1.2869759279
CtrSVDD_0034_E_0004738,-5.6806253130
CtrSVDD_0035_E_0004739,-6.6383914438
CtrSVDD_0036_E_0004740,-6.4159785559
CtrSVDD_0037_E_0004741,-4.9327152222
CtrSVDD_0038_E_0004742,-0.7964315437
CtrSVDD_0039_E_0004743,-8.8824178043
CtrSVDD_0040_E_0004744,-2.7883572379
CtrSVDD_0041_E_0004745,-0.8434165203
CtrSVDD_0042_E_0004746,-7.4721691551
CtrSVDD_0043_E_0004747,-5.6077469312
CtrSVDD_0044_E_0004748,-7.1218597581
CtrSVDD_0045_E_0004749,-8.3575378949
CtrSVDD_0046_E_0004750,-6.7547034665
CtrSVDD_0047_E_0004751,-6.6104644664
CtrSVDD_0000_E_0004752,-4.2638472055
CtrSVDD_0001_E_0004753,-7.3689116478
CtrSVDD_0002_E_0004754,-0.8594959304
CtrSVDD_0003_E_0004755,-10.0995694690
CtrSVDD_0004_E_0004756,-1.1709236590
CtrSVDD_0005_E_0004757,0.4722914813
CtrSVDD_0006_E_0004758,-6.2842941858
CtrSVDD_0007_E_0004759,-6.0324012828
CtrSVDD_0008_E_0004760,-3.2191873859
CtrSVDD_0009_E_0004761,-5.6095465210
CtrSVDD_0010_E_0004762,-4.7685259802
CtrSVDD_0011_E_0004763,0.6100137811
CtrSVDD_0012_E_0004764,-5.7741522947
CtrSVDD_0013_E_0004765,-7.3614728808
CtrSVDD_0014_E_0004766,-4.9537439013
CtrSVDD_0015_E_0004767,-4.2313828404
CtrSVDD_0016_E_0004768,-0.2900690762
CtrSVDD_0017_E_0004769,-6.8906840832
CtrSVDD_0018_E_0004770,-7.0950535279
CtrSVDD_0019_E_0004771,-5.2951734762
CtrSVDD_0020_E_0004772,-2.0748143863
CtrSVDD_0021_E_0004773,-1.2165582875
CtrSVDD_0022_E_0004774,-6.0614845902
CtrSVDD_0023_E_0004775,-5.0405277013
CtrSVDD_0024_E_0004776,-0.0847279455
CtrSVDD_0025_E_0004777,-5.6640598190
CtrSVDD_0026_E_0004778,-6.7998598692
CtrSVDD_0027_E_0004779,-6.6528604423
CtrSVDD_0028_E_0004780,0.7726821063
CtrSVDD_0029_E_0004781,-5.0721678558
CtrSVDD_0030_E_0004782,-7.5820931985
CtrSVDD_0031_E_0004783,-5.8798155431
CtrSVDD_0032_E_0004784,-5.8995986672
CtrSVDD_0033_E_0004785,-5.3069199783
CtrSVDD_0034_E_0004786,-6.0259995407
CtrSVDD_0035_E_0004787,-6.1635512329
CtrSVDD_0036_E_0004788,-4.6146803114
CtrSVDD_0037_E_0004789,-5.7164235230
CtrSVDD_0038_E_0004790,-4.1352986432
CtrSVDD_0039_E_0004791,-6.6586856965
CtrSVDD_0040_E_0004792,-0.5733521972
CtrSVDD_0041_E_0004793,-2.8226927523
CtrSVDD_0042_E_0004794,-7.4170087120
CtrSVDD_0043_E_0004795,-5.8778576879
CtrSVDD_0044_E_0004796,-5.8353773606
CtrSVDD_0045_E_0004797,-4.1769849822
CtrSVDD_0046_E_0004798,-5.6837274870
CtrSVDD_0047_E_0004799,-6.6600139840
CtrSVDD_0000_E_0004800,-5.2478235187
CtrSVDD_0001_E_0004801,-0.0384761641
CtrSVDD_0002_E_0004802,-9.3623486810
CtrSVDD_0003_E_0004803,-5.8137315815
CtrSVDD_0004_E_0004804,-6.2904511658
CtrSVDD_0005_E_0004805,-5.4101517317
CtrSVDD_0006_E_0004806,-6.1693791079
CtrSVDD_0007_E_0004807,0.3969473992
CtrSVDD_0008_E_0004808,-4.2519168638
CtrSVDD_0009_E_0004809,-8.3023778908
CtrSVDD_0010_E_0004810,-4.7771743586
CtrSVDD_0011_E_0004811,-6.4817257907
CtrSVDD_0012_E_0004812,-7.1589817333
CtrSVDD_0013_E_0004813,-4.2410444537
CtrSVDD_0014_E_0004814,-2.3046720306
CtrSVDD_0015_E_0004815,-6.5165776455
CtrSVDD_0016_E_0004816,1.3331649506
CtrSVDD_0017_E_0004817,-5.3255286072
CtrSVDD_0018_E_0004818,1.0167797877
CtrSVDD_0019_E_0004819,-4.6399283198
CtrSVDD_0020_E_0004820,-6.2814642203
CtrSVDD_0021_E_0004821,-8.0386810893
CtrSVDD_0022_E_0004822,-6.5604169108
CtrSVDD_0023_E_0004823,-6.4747081771
CtrSVDD_0024_E_0004824,-3.5858847337
CtrSVDD_0025_E_0004825,-0.4085017731
CtrSVDD_0026_E_0004826,-8.4750765486
CtrSVDD_0027_E_0004827,-3.2396487173
CtrSVDD_0028_E_0004828,-6.4304841201
CtrSVDD_0029_E_0004829,2.0228419014
CtrSVDD_0030_E_0004830,-7.5353638399
CtrSVDD_0031_E_0004831,-6.2357800040
CtrSVDD_0032_E_0004832,-3.1742437943
CtrSVDD_0033_E_0004833,-7.5860734983
CtrSVDD_0034_E_0004834,-5.3585034359
CtrSVDD_0035_E_0004835,-2.5481954425
CtrSVDD_0036_E_0004836,-4.4405425223
CtrSVDD_0037_E_0004837,-0.0835241769
CtrSVDD_0038_E_0004838,-6.7202650029
CtrSVDD_0039_E_0004839,-3.5039038624
CtrSVDD_0040_E_0004840,-6.5847925065
CtrSVDD_0041_E_0004841,-6.7616163886
CtrSVDD_0042_E_0004842,-0.4816954322
CtrSVDD_0043_E_0004843,-6.0168899178
CtrSVDD_0044_E_0004844,-2.6747092221
CtrSVDD_0045_E_0004845,-4.4400504107
CtrSVDD_0046_E_0004846,-0.5766989024
CtrSVDD_0047_E_0004847,-6.7343434992
CtrSVDD_0000_E_0004848,-6.8581075714
CtrSVDD_0001_E_0004849,-5.8820493128
CtrSVDD_0002_E_0004850,-5.5875446634
CtrSVDD_0003_E_0004851,-5.7939811906
CtrSVDD_0004_E_0004852,-3.3883317579
CtrSVDD_0005_E_0004853,-1.7299431177
CtrSVDD_0006_E_0004854,-4.5931725907
CtrSVDD_0007_E_0004855,0.5982619239
CtrSVDD_0008_E_0004856,-6.8830874751
CtrSVDD_0009_E_0004857,-5.8195277876
CtrSVDD_0010_E_0004858,-7.7331956905
CtrSVDD_0011_E_0004859,-4.8845994028
CtrSVDD_0012_E_0004860,-4.1106392565
CtrSVDD_0013_E_0004861,-7.4808160232
CtrSVDD_0014_E_0004862,-6.8448007709
CtrSVDD_0015_E_0004863,-7.2146250088
CtrSVDD_0016_E_0004864,-2.9610205368
CtrSVDD_0017_E_0004865,-7.8326660700
CtrSVDD_0018_E_0004866,1.8277963206
CtrSVDD_0019_E_0004867,-5.1893569489
CtrSVDD_0020_E_0004868,-2.5886818644
CtrSVDD_0021_E_0004869,0.2106667507
CtrSVDD_0022_E_0004870,-5.7689022700
CtrSVDD_0023_E_0004871,-4.0064351827
CtrSVDD_0024_E_0004872,-1.6029075140
CtrSVDD_0025_E_0004873,-7.4393997722
CtrSVDD_0026_E_0004874,-7.8947924600
CtrSVDD_0027_E_0004875,1.7081333224
CtrSVDD_0028_E_0004876,-7.3810241901
CtrSVDD_0029_E_0004877,-3.5739714566
CtrSVDD_0030_E_0004878,-4.4579620828
CtrSVDD_0031_E_0004879,-9.1080163498
CtrSVDD_0032_E_0004880,-5.8731682899
CtrSVDD_0033_E_0004881,0.5634879274
CtrSVDD_0034_E_0004882,-0.9700305792
CtrSVDD_0035_E_0004883,-6.3908018420
CtrSVDD_0036_E_0004884,-6.6769521095
CtrSVDD_0037_E_0004885,-8.0742293586
CtrSVDD_0038_E_0004886,-6.4061461108
CtrSVDD_0039_E_0004887,-4.8137196329
CtrSVDD_0040_E_0004888,-6.6403635127
CtrSVDD_0041_E_0004889,-4.4809775671
CtrSVDD_0042_E_0004890,-4.9181919708
CtrSVDD_0043_E_0004891,1.3538593641
CtrSVDD_0044_E_0004892,-2.4769504356
CtrSVDD_0045_E_0004893,-4.1071062701
CtrSVDD_0046_E_0004894,-7.0706898224
CtrSVDD_0047_E_0004895,-7.8675687055
CtrSVDD_0000_E_0004896,-3.5677589762
CtrSVDD_0001_E_0004897,-5.9071983197
CtrSVDD_0002_E_0004898,-5.7146740253
CtrSVDD_0003_E_0004899,0.4381572148
CtrSVDD_0004_E_0004900,-5.5810158029
CtrSVDD_0005_E_0004901,1.2254011678
CtrSVDD_0006_E_0004902,-4.0962980055
CtrSVDD_0007_E_0004903,-6.7933064889
CtrSVDD_0008_E_0004904,-2.7490200644
CtrSVDD_0009_E_0004905,-5.7103378472
CtrSVDD_0010_E_0004906,-6.5598924413
CtrSVDD_0011_E_0004907,-5.9681699749
CtrSVDD_0012_E_0004908,-6.1854364012
CtrSVDD_0013_E_0004909,-2.7874146509
CtrSVDD_0014_E_0004910,-6.0636757208
CtrSVDD_0015_E_0004911,-1.1681518079
CtrSVDD_0016_E_0004912,-6.1357019269
CtrSVDD_0017_E_0004913,-0.7983538465
CtrSVDD_0018_E_0004914,-5.1236309552
CtrSVDD_0019_E_0004915,-6.3601024850
CtrSVDD_0020_E_0004916,-6.3342658655
CtrSVDD_0021_E_0004917,-9.1839357381
CtrSVDD_0022_E_0004918,-5.8547471707
CtrSVDD_0023_E_0004919,-8.8067515005
CtrSVDD_0024_E_0004920,-4.9994830488
CtrSVDD_0025_E_0004921,-5.8173433031
CtrSVDD_0026_E_0004922,-0.6578852988
CtrSVDD_0027_E_0004923,-6.4619670757
CtrSVDD_0028_E_0004924,0.6389131017
CtrSVDD_0029_E_0004925,-1.7921891094
CtrSVDD_0030_E_0004926,-7.4695026025
CtrSVDD_0031_E_0004927,-6.3378502318
CtrSVDD_0032_E_0004928,-6.9466087408
CtrSVDD_0033_E_0004929,-4.5559643234
CtrSVDD_0034_E_0004930,-4.5207118370
CtrSVDD_0035_E_0004931,-7.4612370268
CtrSVDD_0036_E_0004932,-6.4356965314
CtrSVDD_0037_E_0004933,-6.1463662720
CtrSVDD_0038_E_0004934,0.2347263196
CtrSVDD_0039_E_0004935,0.6150761009
CtrSVDD_0040_E_0004936,-5.0706511930
CtrSVDD_0041_E_0004937,-9.1706884578
CtrSVDD_0042_E_0004938,-7.3172033081
CtrSVDD_0043_E_0004939,-7.4097419945
CtrSVDD_0044_E_0004940,-7.5225237063
CtrSVDD_0045_E_0004941,-7.1969240548
CtrSVDD_0046_E_0004942,-6.5487060667
CtrSVDD_0047_E_0004943,-3.1879470474
CtrSVDD_0000_E_0004944,-5.6585606141
CtrSVDD_0001_E_0004945,-6.6169671335
CtrSVDD_0002_E_0004946,1.0787662039
CtrSVDD_0003_E_0004947,0.8255838870
CtrSVDD_0004_E_0004948,-5.0422514265
CtrSVDD_0005_E_0004949,-7.8924387605
CtrSVDD_0006_E_0004950,-3.1193023757
CtrSVDD_0007_E_0004951,-7.0705238137
CtrSVDD_0008_E_0004952,-6.0212835411
CtrSVDD_0009_E_0004953,-4.9453920309
CtrSVDD_0010_E_0004954,-8.3633750594
CtrSVDD_0011_E_0004955,-6.9304746696
CtrSVDD_0012_E_0004956,-2.9509636290
CtrSVDD_0013_E_0004957,-8.0127848070
CtrSVDD_0014_E_0004958,-6.9516603347
CtrSVDD_0015_E_0004959,-5.4628056801
CtrSVDD_0016_E_0004960,-3.7336722562
CtrSVDD_0017_E_0004961,-5.8528819316
CtrSVDD_0018_E_0004962,-5.4306848717
CtrSVDD_0019_E_0004963,-4.0198240683
CtrSVDD_0020_E_0004964,-8.2423620886
CtrSVDD_0021_E_0004965,-6.0932087373
CtrSVDD_0022_E_0004966,-6.7031602398
CtrSVDD_0023_E_0004967,-6.5091394289
CtrSVDD_0024_E_0004968,-3.8906147053
CtrSVDD_0025_E_0004969,-4.7851930484
CtrSVDD_0026_E_0004970,-2.0637765834
CtrSVDD_0027_E_0004971,0.5455439463
CtrSVDD_0028_E_0004972,-6.3446419587
CtrSVDD_0029_E_0004973,-4.4003823203
CtrSVDD_0030_E_0004974,-7.7074585817
CtrSVDD_0031_E_0004975,-7.7045285673
CtrSVDD_0032_E_0004976,-7.0772183633
CtrSVDD_0033_E_0004977,-7.7376586190
CtrSVDD_0034_E_0004978,-7.8998865003
CtrSVDD_0035_E_0004979,-5.9496846913
CtrSVDD_0036_E_0004980,-4.3410093091
CtrSVDD_0037_E_0004981,-0.7091416044
CtrSVDD_0038_E_0004982,-5.8876003618
CtrSVDD_0039_E_0004983,1.9628364706
CtrSVDD_0040_E_0004984,-5.9784757420
CtrSVDD_0041_E_0004985,-4.9339607685
CtrSVDD_0042_E_0004986,0.2973713219
CtrSVDD_0043_E_0004987,2.3716313507
CtrSVDD_0044_E_0004988,-3.2042540318
CtrSVDD_0045_E_0004989,-5.1322526543
CtrSVDD_0046_E_0004990,0.0216829145
CtrSVDD_0047_E_0004991,-5.2845113069
CtrSVDD_0000_E_0004992,-5.7929104379
CtrSVDD_0001_E_0004993,-0.1736186442
CtrSVDD_0002_E_0004994,-3.2913968911
CtrSVDD_0003_E_0004995,-7.2180765330
CtrSVDD_0004_E_0004996,-1.4270551253
CtrSVDD_0005_E_0004997,-7.2384609054
CtrSVDD_0006_E_0004998,-5.6714095515
CtrSVDD_0007_E_0004999,-5.3863004301
CtrSVDD_0008_E_0005000,-7.7851175217
CtrSVDD_0009_E_0005001,-3.3299398585
CtrSVDD_0010_E_0005002,-6.8735981731
CtrSVDD_0011_E_0005003,-3.7006232211
CtrSVDD_0012_E_0005004,-5.9142847704
CtrSVDD_0013_E_0005005,-7.7857492473
CtrSVDD_0014_E_0005006,-1.3097211719
CtrSVDD_0015_E_0005007,-5.2934967645
CtrSVDD_0016_E_0005008,-8.2634005411
CtrSVDD_0017_E_0005009,-3.6878098610
CtrSVDD_0018_E_0005010,-6.4316038625
CtrSVDD_0019_E_0005011,-7.2243231974
CtrSVDD_0020_E_0005012,-8.6487890005
CtrSVDD_0021_E_0005013,-4.1166692054
CtrSVDD_0022_E_0005014,-8.8331896590
CtrSVDD_0023_E_0005015,-0.4785560875
CtrSVDD_0024_E_0005016,-1.1934303035
CtrSVDD_0025_E_0005017,-6.1492550556
CtrSVDD_0026_E_0005018,-6.3862553454
CtrSVDD_0027_E_0005019,-5.4875646554
CtrSVDD_0028_E_0005020,-6.5681936184
CtrSVDD_0029_E_0005021,-4.3653558383
CtrSVDD_0030_E_0005022,-5.1528713519
CtrSVDD_0031_E_0005023,-6.3065702203
CtrSVDD_0032_E_0005024,-0.2339135217
CtrSVDD_0033_E_0005025,-6.7167875600
CtrSVDD_0034_E_0005026,-7.0599099514
CtrSVDD_0035_E_0005027,0.1311617906
CtrSVDD_0036_E_0005028,-5.6797178904
CtrSVDD_0037_E_0005029,-6.7263256751
CtrSVDD_0038_E_0005030,-8.4044616862
CtrSVDD_0039_E_0005031,-6.5552648397
CtrSVDD_0040_E_0005032,-8.0262462276
CtrSVDD_0041_E_0005033,-8.9438429901
CtrSVDD_0042_E_0005034,-2.0784672543
CtrSVDD_0043_E_0005035,-9.5836098604
CtrSVDD_0044_E_0005036,-3.0284518578
CtrSVDD_0045_E_0005037,-0.7037558681
CtrSVDD_0046_E_0005038,-1.2679967613
CtrSVDD_0047_E_0005039,-6.7360936791
CtrSVDD_0000_E_0005040,-6.2571847220
CtrSVDD_0001_E_0005041,-1.8945446570
CtrSVDD_0002_E_0005042,-4.6067102757
CtrSVDD_0003_E_0005043,1.6687566719
CtrSVDD_0004_E_0005044,-7.3383016120
CtrSVDD_0005_E_0005045,0.0034969774
CtrSVDD_0006_E_0005046,-5.3435609583
CtrSVDD_0007_E_0005047,-6.8914256580
CtrSVDD_0008_E_0005048,-6.7385322563
CtrSVDD_0009_E_0005049,-5.9999211977
CtrSVDD_0010_E_0005050,-4.8806502630
CtrSVDD_0011_E_0005051,-7.4443690276
CtrSVDD_0012_E_0005052,-4.6874382465
CtrSVDD_0013_E_0005053,-5.0425672498
CtrSVDD_0014_E_0005054,-4.9002528175
CtrSVDD_0015_E_0005055,-5.9488459993
CtrSVDD_0016_E_0005056,-4.8431237789
CtrSVDD_0017_E_0005057,-5.0632949392
CtrSVDD_0018_E_0005058,-7.9399277913
CtrSVDD_0019_E_0005059,-8.1619225925
CtrSVDD_0020_E_0005060,-5.2433549054
CtrSVDD_0021_E_0005061,-6.0431385857
CtrSVDD_0022_E_0005062,-7.4554738320
CtrSVDD_0023_E_0005063,-8.6564350059
CtrSVDD_0024_E_0005064,-3.9421991949
CtrSVDD_0025_E_0005065,-7.2838138929
CtrSVDD_0026_E_0005066,0.2711543501
CtrSVDD_0027_E_0005067,-7.5889504108
CtrSVDD_0028_E_0005068,-4.5056533177
CtrSVDD_0029_E_0005069,1.5140138711
CtrSVDD_0030_E_0005070,-6.3855029130
CtrSVDD_0031_E_0005071,-8.4980087647
CtrSVDD_0032_E_0005072,-5.9812356405
CtrSVDD_0033_E_0005073,-0.6389131017
CtrSVDD_0034_E_0005074,-7.5228331192
CtrSVDD_0035_E_0005075,-6.3881422796
CtrSVDD_0036_E_0005076,-6.3345425738
CtrSVDD_0037_E_0005077,-5.4568450630
CtrSVDD_0038_E_0005078,0.4974643919
CtrSVDD_0039_E_0005079,-5.3557834162
CtrSVDD_0040_E_0005080,0.9456874299
CtrSVDD_0041_E_0005081,-0.0721000060
CtrSVDD_0042_E_0005082,-4.6012788952
CtrSVDD_0043_E_0005083,-3.9570883888
CtrSVDD_0044_E_0005084,-5.8748326301
CtrSVDD_0045_E_0005085,-9.5847109479
CtrSVDD_0046_E_0005086,-5.1344728679
CtrSVDD_0047_E_0005087,-3.7706340914
CtrSVDD_0000_E_0005088,-2.6884484152
CtrSVDD_0001_E_0005089,-7.4584448697
CtrSVDD_0002_E_0005090,0.4613726783
CtrSVDD_0003_E_0005091,-3.3543928264
CtrSVDD_0004_E_0005092,-8.8525699497
CtrSVDD_0005_E_0005093,-3.0245285497
CtrSVDD_0006_E_0005094,-6.3237228036
CtrSVDD_0007_E_0005095,-7.6819307012
CtrSVDD_0008_E_0005096,-5.5418486732
CtrSVDD_0009_E_0005097,-6.4203534053
CtrSVDD_0010_E_0005098,-5.7946622028
CtrSVDD_0011_E_0005099,-3.9842192196
CtrSVDD_0012_E_0005100,-4.9770744325
CtrSVDD_0013_E_0005101,-5.5973822691
CtrSVDD_0014_E_0005102,-7.4525069046
CtrSVDD_0015_E_0005103,-6.4966493061
CtrSVDD_0016_E_0005104,-7.2316516859
CtrSVDD_0017_E_0005105,0.1382194746
CtrSVDD_0018_E_0005106,-5.7717271703
CtrSVDD_0019_E_0005107,-5.6434542486
CtrSVDD_0020_E_0005108,-6.6428931155
CtrSVDD_0021_E_0005109,-5.2836368666
CtrSVDD_0022_E_0005110,-5.5261578962
CtrSVDD_0023_E_0005111,-5.4016991921
CtrSVDD_0024_E_0005112,0.8615214857
CtrSVDD_0025_E_0005113,-6.6282019321
CtrSVDD_0026_E_0005114,-5.7824866407
CtrSVDD_0027_E_0005115,-8.6290684751
CtrSVDD_0028_E_0005116,-1.1171015851
CtrSVDD_0029_E_0005117,-5.6221741304
CtrSVDD_0030_E_0005118,-6.1683653123
CtrSVDD_0031_E_0005119,-2.8627614719
CtrSVDD_0032_E_0005120,-7.1600410120
CtrSVDD_0033_E_0005121,-6.1128833283
CtrSVDD_0034_E_0005122,-5.2819364271
CtrSVDD_0035_E_0005123,-3.3956077370
CtrSVDD_0036_E_0005124,-0.7129296822
CtrSVDD_0037_E_0005125,1.0449002015
CtrSVDD_0038_E_0005126,-4.0380754003
CtrSVDD_0039_E_0005127,-6.1407794668
CtrSVDD_0040_E_0005128,-7.1624603258
CtrSVDD_0041_E_0005129,1.1962863813
CtrSVDD_0042_E_0005130,-6.5282092524
CtrSVDD_0043_E_0005131,-5.1452082444
CtrSVDD_0044_E_0005132,-6.1808041509
CtrSVDD_0045_E_0005133,-0.8514287083
CtrSVDD_0046_E_0005134,-7.0420646691
CtrSVDD_0047_E_0005135,-3.6286405759
CtrSVDD_0000_E_0005136,-5.3099422517
CtrSVDD_0001_E_0005137,-3.9576542214
CtrSVDD_0002_E_0005138,1.1606040904
CtrSVDD_0003_E_0005139,-6.6256530048
CtrSVDD_0004_E_0005140,-5.3999165689
CtrSVDD_0005_E_0005141,-5.2601942277
CtrSVDD_0006_E_0005142,-5.1120131779
CtrSVDD_0007_E_0005143,-7.0845876519
CtrSVDD_0008_E_0005144,-9.7831720889
CtrSVDD_0009_E_0005145,-4.0222118470
CtrSVDD_0010_E_0005146,-3.6938027386
CtrSVDD_0011_E_0005147,-5.9763053146
CtrSVDD_0012_E_0005148,-7.6603261701
CtrSVDD_0013_E_0005149,-7.1781161131
CtrSVDD_0014_E_0005150,-6.8551230793
CtrSVDD_0015_E_0005151,-9.6011292170
CtrSVDD_0016_E_0005152,-3.5550785365
CtrSVDD_0017_E_0005153,-7.6279448994
CtrSVDD_0018_E_0005154,-0.3773477668
CtrSVDD_0019_E_0005155,-4.9454323761
CtrSVDD_0020_E_0005156,-6.9886530679
CtrSVDD_0021_E_0005157,-4.7521978834
CtrSVDD_0022_E_0005158,-5.6648029839
CtrSVDD_0023_E_0005159,-6.2866489501
CtrSVDD_0024_E_0005160,-7.9240400343
CtrSVDD_0025_E_0005161,-0.4167007285
CtrSVDD_0026_E_0005162,-0.1821452351
CtrSVDD_0027_E_0005163,1.7218830818
CtrSVDD_0028_E_0005164,-6.3721456108
CtrSVDD_0029_E_0005165,-5.9458553662
CtrSVDD_0030_E_0005166,-1.7649809686
CtrSVDD_0031_E_0005167,-1.3823877397
CtrSVDD_0032_E_0005168,-7.0616177989
CtrSVDD_0033_E_0005169,-6.9966695723
CtrSVDD_0034_E_0005170,-4.1085955859
CtrSVDD_0035_E_0005171,0.9833812625
CtrSVDD_0036_E_0005172,-7.0524554746
CtrSVDD_0037_E_0005173,1.5314637079
CtrSVDD_0038_E_0005174,-9.7253764630
CtrSVDD_0039_E_0005175,-5.5698920681
CtrSVDD_0040_E_0005176,-7.7215225655
CtrSVDD_0041_E_0005177,0.8152668941
CtrSVDD_0042_E_0005178,-3.8226850350
CtrSVDD_0043_E_0005179,-4.4124611722
CtrSVDD_0044_E_0005180,-7.2827994457
CtrSVDD_0045_E_0005181,-0.0945589226
CtrSVDD_0046_E_0005182,-4.8235861126
CtrSVDD_0047_E_0005183,-6.9568623520
CtrSVDD_0000_E_0005184,-6.1636465319
CtrSVDD_0001_E_0005185,-5.3788717202
CtrSVDD_0002_E_0005186,-7.9748849524
CtrSVDD_0003_E_0005187,-0.0454762832
CtrSVDD_0004_E_0005188,-7.8486413159
CtrSVDD_0005_E_0005189,-5.4118595792
CtrSVDD_0006_E_0005190,-4.5282063173
CtrSVDD_0007_E_0005191,0.2494491207
CtrSVDD_0008_E_0005192,1.1020453733
CtrSVDD_0009_E_0005193,-0.8965151763
CtrSVDD_0010_E_0005194,-5.7081762211
CtrSVDD_0011_E_0005195,-7.9096351087
CtrSVDD_0012_E_0005196,-4.7627841821
CtrSVDD_0013_E_0005197,-10.0840409719
CtrSVDD_0014_E_0005198,-5.8075781166
CtrSVDD_0015_E_0005199,-5.6349187779
CtrSVDD_0016_E_0005200,-6.1115726460
CtrSVDD_0017_E_0005201,-4.7293547138
CtrSVDD_0018_E_0005202,0.7217891729
CtrSVDD_0019_E_0005203,-5.0701187281
CtrSVDD_0020_E_0005204,-7.0057515077
CtrSVDD_0021_E_0005205,0.1523558843
CtrSVDD_0022_E_0005206,-1.7082933464
CtrSVDD_0023_E_0005207,-9.4490624535
CtrSVDD_0024_E_0005208,-6.3828176034
CtrSVDD_0025_E_0005209,-6.2132615303
CtrSVDD_0026_E_0005210,1.8380753872
CtrSVDD_0027_E_0005211,-5.9284630734
CtrSVDD_0028_E_0005212,-1.7245840611
CtrSVDD_0029_E_0005213,-0.3668543308
CtrSVDD_0030_E_0005214,-10.2261671036
CtrSVDD_0031_E_0005215,-3.9996023564
CtrSVDD_0032_E_0005216,-4.0422129954
CtrSVDD_0033_E_0005217,-5.1020544555
CtrSVDD_0034_E_0005218,-6.3406011367
CtrSVDD_0035_E_0005219,-5.4921276035
CtrSVDD_0036_E_0005220,-4.9913310211
CtrSVDD_0037_E_0005221,-5.2422992740
CtrSVDD_0038_E_0005222,-4.2716391022
CtrSVDD_0039_E_0005223,-6.1984589986
CtrSVDD_0040_E_0005224,-6.5788211041
CtrSVDD_0041_E_0005225,-0.1764594083
CtrSVDD_0042_E_0005226,-10.1152927452
CtrSVDD_0043_E_0005227,-4.1807983070
CtrSVDD_0044_E_0005228,-5.3408793954
CtrSVDD_0045_E_0005229,-4.9068006217
CtrSVDD_0046_E_0005230,-8.0458810603
CtrSVDD_0047_E_0005231,-5.6391317148
CtrSVDD_0000_E_0005232,-5.1767599155
CtrSVDD_0001_E_0005233,-6.2676855100
CtrSVDD_0002_E_0005234,-8.1722066395
CtrSVDD_0003_E_0005235,-3.7835642494
CtrSVDD_0004_E_0005236,1.6774156031
CtrSVDD_0005_E_0005237,-9.0686157400
CtrSVDD_0006_E_0005238,-0.5884333222
CtrSVDD_0007_E_0005239,-6.8880888425
CtrSVDD_0008_E_0005240,-8.3280369230
CtrSVDD_0009_E_0005241,-6.9136160071
CtrSVDD_0010_E_0005242,-3.7779995034
CtrSVDD_0011_E_0005243,-5.3384588130
CtrSVDD_0012_E_0005244,-7.7338356746
CtrSVDD_0013_E_0005245,-6.3592472234
CtrSVDD_0014_E_0005246,-8.8044264034
CtrSVDD_0015_E_0005247,-8.2776038235
CtrSVDD_0016_E_0005248,-4.3817521790
CtrSVDD_0017_E_0005249,-0.6948246815
CtrSVDD_0018_E_0005250,-8.3386430984
CtrSVDD_0019_E_0005251,0.5326035623
CtrSVDD_0020_E_0005252,-4.7782982362
CtrSVDD_0021_E_0005253,-0.0286790869
CtrSVDD_0022_E_0005254,-7.6853688055
CtrSVDD_0023_E_0005255,-3.5943111138
CtrSVDD_0024_E_0005256,-0.6286535519
CtrSVDD_0025_E_0005257,-6.2649252434
CtrSVDD_0026_E_0005258,-3.9974795303
CtrSVDD_0027_E_0005259,-8.6484342889
CtrSVDD_0028_E_0005260,-3.9502740809
CtrSVDD_0029_E_0005261,-0.4629291134
CtrSVDD_0030_E_0005262,-6.4566945367
CtrSVDD_0031_E_0005263,-5.0011643826
CtrSVDD_0032_E_0005264,-6.7483288367
CtrSVDD_0033_E_0005265,-3.5159572221
CtrSVDD_0034_E_0005266,-4.6986462482
CtrSVDD_0035_E_0005267,2.0349820557
CtrSVDD_0036_E_0005268,-7.8889096846
CtrSVDD_0037_E_0005269,-7.2075334712
CtrSVDD_0038_E_0005270,-4.9115654273
CtrSVDD_0039_E_0005271,-5.9320654205
CtrSVDD_0040_E_0005272,-2.5079089118
CtrSVDD_0041_E_0005273,-10.2120797600
CtrSVDD_0042_E_0005274,-8.8662701286
CtrSVDD_0043_E_0005275,-2.8141617356
CtrSVDD_0044_E_0005276,-7.6218106879
CtrSVDD_0045_E_0005277,-0.5982619239
CtrSVDD_0046_E_0005278,-5.0638615096
CtrSVDD_0047_E_0005279,-1.6508347544
CtrSVDD_0000_E_0005280,-6.0547703475
CtrSVDD_0001_E_0005281,1.9533237077
CtrSVDD_0002_E_0005282,-5.5666420414
CtrSVDD_0003_E_0005283,-5.2568008159
CtrSVDD_0004_E_0005284,-1.4184495940
CtrSVDD_0005_E_0005285,-1.9908881721
CtrSVDD_0006_E_0005286,-6.7102964588
CtrSVDD_0007_E_0005287,-0.2120971412
CtrSVDD_0008_E_0005288,-4.0248317109
CtrSVDD_0009_E_0005289,-7.7989648676
CtrSVDD_0010_E_0005290,-7.4190983698
CtrSVDD_0011_E_0005291,-2.1858248757
CtrSVDD_0012_E_0005292,-5.6560923037
CtrSVDD_0013_E_0005293,-8.6508846653
CtrSVDD_0014_E_0005294,-0.7641892626
CtrSVDD_0015_E_0005295,-5.2600274153
CtrSVDD_0016_E_0005296,-3.3244459263
CtrSVDD_0017_E_0005297,-3.6250901759
CtrSVDD_0018_E_0005298,0.0318393905
CtrSVDD_0019_E_0005299,-8.0307149196
CtrSVDD_0020_E_0005300,-4.7563878911
CtrSVDD_0021_E_0005301,-7.7532808308
CtrSVDD_0022_E_0005302,-6.6487177704
CtrSVDD_0023_E_0005303,-5.5651323542
CtrSVDD_0024_E_0005304,-6.8714248987
CtrSVDD_0025_E_0005305,0.3655359218
CtrSVDD_0026_E_0005306,-7.3968787878
CtrSVDD_0027_E_0005307,-6.4853033620
CtrSVDD_0028_E_0005308,-6.0966919586
CtrSVDD_0029_E_0005309,1.1409127093
CtrSVDD_0030_E_0005310,-2.7357288734
CtrSVDD_0031_E_0005311,-8.8102920851
CtrSVDD_0032_E_0005312,-6.4658873871
CtrSVDD_0033_E_0005313,-5.7066946277
CtrSVDD_0034_E_0005314,-7.6774385968
CtrSVDD_0035_E_0005315,-7.6049028488
CtrSVDD_0036_E_0005316,-6.2722991331
CtrSVDD_0037_E_0005317,-0.4644866708
CtrSVDD_0038_E_0005318,-6.6637113183
CtrSVDD_0039_E_0005319,-7.7861621181
CtrSVDD_0040_E_0005320,-5.8992327738
CtrSVDD_0041_E_0005321,-1.5009421083
CtrSVDD_0042_E_0005322,-3.0343273329
CtrSVDD_0043_E_0005323,-0.7163547607
CtrSVDD_0044_E_0005324,-4.3328237897
CtrSVDD_0045_E_0005325,0.5553094215
CtrSVDD_0046_E_0005326,-3.4899081403
CtrSVDD_0047_E_0005327,-6.6608401835
CtrSVDD_0000_E_0005328,1.1249678019
CtrSVDD_0001_E_0005329,-4.6582111122
CtrSVDD_0002_E_0005330,-5.9659355419
CtrSVDD_0003_E_0005331,1.1197159605
CtrSVDD_0004_E_0005332,-3.2877150516
CtrSVDD_0005_E_0005333,-4.3068056208
CtrSVDD_0006_E_0005334,-5.1903532919
CtrSVDD_0007_E_0005335,-7.4486166325
CtrSVDD_0008_E_0005336,-4.6892293870
CtrSVDD_0009_E_0005337,-0.1368073982
CtrSVDD_0010_E_0005338,-7.1903871180
CtrSVDD_0011_E_0005339,0.9611126384
CtrSVDD_0012_E_0005340,-0.0440760921
CtrSVDD_0013_E_0005341,-6.5539790199
CtrSVDD_0014_E_0005342,-3.4337436688
CtrSVDD_0015_E_0005343,-6.9137053670
CtrSVDD_0016_E_0005344,-7.5102889380
CtrSVDD_0017_E_0005345,-7.9806112585
CtrSVDD_0018_E_0005346,-4.9262972179
CtrSVDD_0019_E_0005347,-7.3326578684
CtrSVDD_0020_E_0005348,-6.7107638207
CtrSVDD_0021_E_0005349,-5.4221616334
CtrSVDD_0022_E_0005350,-8.1185219756
CtrSVDD_0023_E_0005351,-5.7531439084
CtrSVDD_0024_E_0005352,-7.2432478493
CtrSVDD_0025_E_0005353,-8.5719880066
CtrSVDD_0026_E_0005354,-1.9988203490
CtrSVDD_0027_E_0005355,-6.8437660666
CtrSVDD_0028_E_0005356,-6.8549016677
CtrSVDD_0029_E_0005357,-4.6042457615
CtrSVDD_0030_E_0005358,-4.6043996855
CtrSVDD_0031_E_0005359,0.4167007285
CtrSVDD_0032_E_0005360,0.1268671111
CtrSVDD_0033_E_0005361,-1.5690792921
CtrSVDD_0034_E_0005362,-6.6879447707
CtrSVDD_0035_E_0005363,-6.4983856805
CtrSVDD_0036_E_0005364,0.5767010881
CtrSVDD_0037_E_0005365,-2.8690225516
CtrSVDD_0038_E_0005366,-6.3196562257
CtrSVDD_0039_E_0005367,-6.2477849349
CtrSVDD_0040_E_0005368,-7.7824331801
CtrSVDD_0041_E_0005369,-1.2027707414
CtrSVDD_0042_E_0005370,-5.4341155609
CtrSVDD_0043_E_0005371,-5.1972762400
CtrSVDD_0044_E_0005372,-6.2048182449
CtrSVDD_0045_E_0005373,-6.7700698333
CtrSVDD_0046_E_0005374,-6.0331752331
CtrSVDD_0047_E_0005375,-6.7400267012
CtrSVDD_0000_E_0005376,-1.0181772056
CtrSVDD_0001_E_0005377,-3.3774093026
CtrSVDD_0002_E_0005378,-7.2562348373
CtrSVDD_0003_E_0005379,-6.6052374621
CtrSVDD_0004_E_0005380,-7.8351047089
CtrSVDD_0005_E_0005381,-6.7567921555
CtrSVDD_0006_E_0005382,-4.9015456838
CtrSVDD_0007_E_0005383,-7.0890245320
CtrSVDD_0008_E_0005384,-5.0100672536
CtrSVDD_0009_E_0005385,-6.0977951323
CtrSVDD_0010_E_0005386,-5.2281028145
CtrSVDD_0011_E_0005387,-7.0880731150
CtrSVDD_0012_E_0005388,-5.4025042094
CtrSVDD_0013_E_0005389,0.8514287083
CtrSVDD_0014_E_0005390,-3.0905711738
CtrSVDD_0015_E_0005391,-9.8594539275
CtrSVDD_0016_E_0005392,-8.2015653926
CtrSVDD_0017_E_0005393,-8.0014264116
CtrSVDD_0018_E_0005394,-6.0214920613
CtrSVDD_0019_E_0005395,-2.9034944736
CtrSVDD_0020_E_0005396,-6.1871666099
CtrSVDD_0021_E_0005397,-3.3250475867
CtrSVDD_0022_E_0005398,-7.0097178995
CtrSVDD_0023_E_0005399,-7.4629091972
CtrSVDD_0024_E_0005400,-6.7841876668
CtrSVDD_0025_E_0005401,-7.0839855757
CtrSVDD_0026_E_0005402,-1.7081333224
CtrSVDD_0027_E_0005403,-6.6786122842
CtrSVDD_0028_E_0005404,-5.7896455535
CtrSVDD_0029_E_0005405,-6.1187419371
CtrSVDD_0030_E_0005406,-5.8350358463
CtrSVDD_0031_E_0005407,1.0712874999
CtrSVDD_0032_E_0005408,-3.8624872893
CtrSVDD_0033_E_0005409,-2.0375426284
CtrSVDD_0034_E_0005410,-8.2060112890
CtrSVDD_0035_E_0005411,-8.5424673066
CtrSVDD_0036_E_0005412,-2.4479658388
CtrSVDD_0037_E_0005413,-6.0873076250
CtrSVDD_0038_E_0005414,-5.0319325227
CtrSVDD_0039_E_0005415,-0.4030085097
CtrSVDD_0040_E_0005416,-6.0782317528
CtrSVDD_0041_E_0005417,-5.9381771539
CtrSVDD_0042_E_0005418,0.7290684029
CtrSVDD_0043_E_0005419,-0.4866618567
CtrSVDD_0044_E_0005420,-0.5006329560
CtrSVDD_0045_E_0005421,-7.8170539829
CtrSVDD_0046_E_0005422,-5.5120307067
CtrSVDD_0047_E_0005423,-8.9847279927
CtrSVDD_0000_E_0005424,-4.9214638325
CtrSVDD_0001_E_0005425,0.8138400168
CtrSVDD_0002_E_0005426,-5.3081037678
CtrSVDD_0003_E_0005427,-5.0871137436
CtrSVDD_0004_E_0005428,-8.9895995767
CtrSVDD_0005_E_0005429,-5.1252906315
CtrSVDD_0006_E_0005430,-6.2462692872
CtrSVDD_0007_E_0005431,-3.1001738270
CtrSVDD_0008_E_0005432,-6.1072296777
CtrSVDD_0009_E_0005433,-7.2450784548
CtrSVDD_0010_E_0005434,-4.6166522835
CtrSVDD_0011_E_0005435,-6.3712866333
CtrSVDD_0012_E_0005436,-4.1435755849
CtrSVDD_0013_E_0005437,-7.5186375897
CtrSVDD_0014_E_0005438,-7.0190852316
CtrSVDD_0015_E_0005439,-7.4883878738
CtrSVDD_0016_E_0005440,0.6859485777
CtrSVDD_0017_E_0005441,-5.5629906898
CtrSVDD_0018_E_0005442,-6.8272346321
CtrSVDD_0019_E_0005443,-6.6949360315
CtrSVDD_0020_E_0005444,-5.7546791089
CtrSVDD_0021_E_0005445,-3.0867227133
CtrSVDD_0022_E_0005446,-0.4304715213
CtrSVDD_0023_E_0005447,0.1353955945
CtrSVDD_0024_E_0005448,-5.5117087380
CtrSVDD_0025_E_0005449,-6.9147986639
CtrSVDD_0026_E_0005450,-5.2450731461
CtrSVDD_0027_E_0005451,-8.5087476275
CtrSVDD_0028_E_0005452,-0.5326035623
CtrSVDD_0029_E_0005453,-7.7044448231
CtrSVDD_0030_E_0005454,-4.9875265189
CtrSVDD_0031_E_0005455,-6.5926038688
CtrSVDD_0032_E_0005456,-4.9219168653
CtrSVDD_0033_E_0005457,-5.8558574194
CtrSVDD_0034_E_0005458,-4.9872661346
CtrSVDD_0035_E_0005459,-4.4918541299
CtrSVDD_0036_E_0005460,-8.9566004120
CtrSVDD_0037_E_0005461,-7.4944288230
CtrSVDD_0038_E_0005462,-7.4289160084
CtrSVDD_0039_E_0005463,-6.4784731126
CtrSVDD_0040_E_0005464,-6.2425666937
CtrSVDD_0041_E_0005465,-7.2059067525
CtrSVDD_0042_E_0005466,-4.0791083664
CtrSVDD_0043_E_0005467,-2.4925129118
CtrSVDD_0044_E_0005468,-4.8684714070
CtrSVDD_0045_E_0005469,0.4182268725
CtrSVDD_0046_E_0005470,-7.6059503754
CtrSVDD_0047_E_0005471,-1.5984941976
CtrSVDD_0000_E_0005472,0.7090947688
CtrSVDD_0001_E_0005473,-5.0959659388
CtrSVDD_0002_E_0005474,-3.7947110390
CtrSVDD_0003_E_0005475,-1.1764945189
CtrSVDD_0004_E_0005476,-7.0251376939
CtrSVDD_0005_E_0005477,-1.0614081289
CtrSVDD_0006_E_0005478,-6.8503062637
CtrSVDD_0007_E_0005479,-6.7632777561
CtrSVDD_0008_E_0005480,-7.7022968522
CtrSVDD_0009_E_0005481,-6.9690265191
CtrSVDD_0010_E_0005482,2.3289639096
CtrSVDD_0011_E_0005483,-7.2510618354
CtrSVDD_0012_E_0005484,-4.2109074117
CtrSVDD_0013_E_0005485,-7.9634702420
CtrSVDD_0014_E_0005486,-4.5222741120
CtrSVDD_0015_E_0005487,-1.8281814675
CtrSVDD_0016_E_0005488,-3.1307323347
CtrSVDD_0017_E_0005489,-7.4495440584
CtrSVDD_0018_E_0005490,-1.3970837332
CtrSVDD_0019_E_0005491,-8.5955921817
CtrSVDD_0020_E_0005492,-7.2796369881
CtrSVDD_0021_E_0005493,-8.3165473022
CtrSVDD_0022_E_0005494,-8.5287749046
CtrSVDD_0023_E_0005495,-4.7555213185
CtrSVDD_0024_E_0005496,-5.3369263440
CtrSVDD_0025_E_0005497,-0.4212820896
CtrSVDD_0026_E_0005498,-1.9666912510
CtrSVDD_0027_E_0005499,-7.7847629446
CtrSVDD_0028_E_0005500,-2.0144930221
CtrSVDD_0029_E_0005501,-6.2968615691
CtrSVDD_0030_E_0005502,-5.0341809753
CtrSVDD_0031_E_0005503,-5.3046927407
CtrSVDD_0032_E_0005504,-4.4842511754
CtrSVDD_0033_E_0005505,-6.1921280204
CtrSVDD_0034_E_0005506,-5.3058793486
CtrSVDD_0035_E_0005507,-4.5589317555
CtrSVDD_0036_E_0005508,-6.8099086484
CtrSVDD_0037_E_0005509,1.0347594811
CtrSVDD_0038_E_0005510,-3.0654779976
CtrSVDD_0039_E_0005511,0.4911421764
CtrSVDD_0040_E_0005512,-6.4066818079
CtrSVDD_0041_E_0005513,-8.3143266965
CtrSVDD_0042_E_0005514,-7.5864054593
CtrSVDD_0043_E_0005515,-8.3446942512
CtrSVDD_0044_E_0005516,-5.2800946712
CtrSVDD_0045_E_0005517,-5.7762621054
CtrSVDD_0046_E_0005518,-1.0228863013
CtrSVDD_0047_E_0005519,-6.3809369981
CtrSVDD_0000_E_0005520,-8.4319314510
CtrSVDD_0001_E_0005521,-7.4710202587
CtrSVDD_0002_E_0005522,-0.6150761009
CtrSVDD_0003_E_0005523,-5.6893936699
CtrSVDD_0004_E_0005524,-6.2133653139
CtrSVDD_0005_E_0005525,-7.4294659377
CtrSVDD_0006_E_0005526,-2.5801589102
CtrSVDD_0007_E_0005527,-6.8951172911
CtrSVDD_0008_E_0005528,-5.9827999014
CtrSVDD_0009_E_0005529,-4.1119812665
CtrSVDD_0010_E_0005530,2.0768933054
CtrSVDD_0011_E_0005531,-5.5383495720
CtrSVDD_0012_E_0005532,-6.3214747346
CtrSVDD_0013_E_0005533,-7.7158231372
CtrSVDD_0014_E_0005534,-0.7602717402
CtrSVDD_0015_E_0005535,-4.7546509149
CtrSVDD_0016_E_0005536,-6.3708094511
CtrSVDD_0017_E_0005537,-5.3795050042
CtrSVDD_0018_E_0005538,-1.1905839276
CtrSVDD_0019_E_0005539,-8.3180696603
CtrSVDD_0020_E_0005540,-7.6097339162
CtrSVDD_0021_E_0005541,-5.3268167033
CtrSVDD_0022_E_0005542,-5.0039522744
CtrSVDD_0023_E_0005543,-6.7783682301
CtrSVDD_0024_E_0005544,-3.3632662124
CtrSVDD_0025_E_0005545,-6.2986527225
CtrSVDD_0026_E_0005546,-4.6667501443
CtrSVDD_0027_E_0005547,1.4672829233
CtrSVDD_0028_E_0005548,-5.3880396896
CtrSVDD_0029_E_0005549,-2.4565336499
CtrSVDD_0030_E_0005550,-6.5101055691
CtrSVDD_0031_E_0005551,-6.9476735888
CtrSVDD_0032_E_0005552,-5.5172793505
CtrSVDD_0033_E_0005553,-5.8017403749
CtrSVDD_0034_E_0005554,-6.0579341521
CtrSVDD_0035_E_0005555,-5.6237875239
CtrSVDD_0036_E_0005556,-4.5351382554
CtrSVDD_0037_E_0005557,-7.3863877992
CtrSVDD_0038_E_0005558,-1.5902702869
CtrSVDD_0039_E_0005559,-8.4008340532
CtrSVDD_0040_E_0005560,1.8432660285
CtrSVDD_0041_E_0005561,-6.9852805297
CtrSVDD_0042_E_0005562,-6.4081225015
CtrSVDD_0043_E_0005563,-7.1847769019
CtrSVDD_0044_E_0005564,-3.5061995116
CtrSVDD_0045_E_0005565,-6.8016068480
CtrSVDD_0046_E_0005566,-6.4630706580
CtrSVDD_0047_E_0005567,-7.7112428099
CtrSVDD_0000_E_0005568,-9.4744274669
CtrSVDD_0001_E_0005569,-3.5188696357
CtrSVDD_0002_E_0005570,-3.8077459493
CtrSVDD_0003_E_0005571,0.5999356728
CtrSVDD_0004_E_0005572,-3.9790243535
CtrSVDD_0005_E_0005573,-0.0917491809
CtrSVDD_0006_E_0005574,-4.7398899544
CtrSVDD_0007_E_0005575,-3.5851564859
CtrSVDD_0008_E_0005576,-7.5006494672
CtrSVDD_0009_E_0005577,-4.4719129204
CtrSVDD_0010_E_0005578,-5.3306712344
CtrSVDD_0011_E_0005579,-5.2869425208
CtrSVDD_0012_E_0005580,-8.8034823339
CtrSVDD_0013_E_0005581,-7.5826038889
CtrSVDD_0014_E_0005582,-1.5096537866
CtrSVDD_0015_E_0005583,-4.3665264637
CtrSVDD_0016_E_0005584,-6.7505945930
CtrSVDD_0017_E_0005585,-5.1615769433
CtrSVDD_0018_E_0005586,-7.4634448995
CtrSVDD_0019_E_0005587,-8.1120040904
CtrSVDD_0020_E_0005588,-7.9894130244
CtrSVDD_0021_E_0005589,-2.1692191236
CtrSVDD_0022_E_0005590,-4.3229866891
CtrSVDD_0023_E_0005591,-7.7193804953
CtrSVDD_0024_E_0005592,-6.7183775280
CtrSVDD_0025_E_0005593,-7.8299733264
CtrSVDD_0026_E_0005594,-0.7623174933
CtrSVDD_0027_E_0005595,0.8216566788
CtrSVDD_0028_E_0005596,-7.3211677712
CtrSVDD_0029_E_0005597,0.5085764963
CtrSVDD_0030_E_0005598,-4.0902777707
CtrSVDD_0031_E_0005599,-7.0464457791
CtrSVDD_0032_E_0005600,-6.0803792897
CtrSVDD_0033_E_0005601,-4.2672391541
CtrSVDD_0034_E_0005602,-4.8933006686
CtrSVDD_0035_E_0005603,-7.7915653252
CtrSVDD_0036_E_0005604,-3.4971490797
CtrSVDD_0037_E_0005605,-5.8469157735
CtrSVDD_0038_E_0005606,-3.4373710018
CtrSVDD_0039_E_0005607,-4.2976235822
CtrSVDD_0040_E_0005608,-6.3677519748
CtrSVDD_0041_E_0005609,-6.1550220602
CtrSVDD_0042_E_0005610,-9.4346010577
CtrSVDD_0043_E_0005611,-4.8064510522
CtrSVDD_0044_E_0005612,-8.7900522574
CtrSVDD_0045_E_0005613,-0.3504453938
CtrSVDD_0046_E_0005614,-8.0845437446
CtrSVDD_0047_E_0005615,-7.1799062351
CtrSVDD_0000_E_0005616,-3.7519409724
CtrSVDD_0001_E_0005617,-0.6269500708
CtrSVDD_0002_E_0005618,1.2679967613
CtrSVDD_0003_E_0005619,-6.0707790780
CtrSVDD_0004_E_0005620,-5.3004850862
CtrSVDD_0005_E_0005621,-5.9578058057
CtrSVDD_0006_E_0005622,-6.0618213270
CtrSVDD_0007_E_0005623,-6.9018388159
CtrSVDD_0008_E_0005624,-5.9614658768
CtrSVDD_0009_E_0005625,-8.6442416279
CtrSVDD_0010_E_0005626,-3.9229221749
CtrSVDD_0011_E_0005627,-5.2021310462
CtrSVDD_0012_E_0005628,-0.8944264796
CtrSVDD_0013_E_0005629,-5.1514975384
CtrSVDD_0014_E_0005630,-7.4614200470
CtrSVDD_0015_E_0005631,-4.3018004573
CtrSVDD_0016_E_0005632,-4.2738428320
CtrSVDD_0017_E_0005633,-4.3287175223
CtrSVDD_0018_E_0005634,-7.3250363889
CtrSVDD_0019_E_0005635,-5.3073209302
CtrSVDD_0020_E_0005636,-6.6765247093
CtrSVDD_0021_E_0005637,-3.0886474781
CtrSVDD_0022_E_0005638,-6.3289885867
CtrSVDD_0023_E_0005639,-5.6987851256
CtrSVDD_0024_E_0005640,-6.5000506074
CtrSVDD_0025_E_0005641,-4.9252806147
CtrSVDD_0026_E_0005642,1.2705100400
CtrSVDD_0027_E_0005643,-7.4763590691
CtrSVDD_0028_E_0005644,-1.7924716479
CtrSVDD_0029_E_0005645,-5.6262310689
CtrSVDD_0030_E_0005646,-5.5628325862
CtrSVDD_0031_E_0005647,-5.4775704871
CtrSVDD_0032_E_0005648,-1.2138113877
CtrSVDD_0033_E_0005649,-7.4422491336
CtrSVDD_0034_E_0005650,-5.5067473193
CtrSVDD_0035_E_0005651,-7.7523985766
CtrSVDD_0036_E_0005652,-3.0963359069
CtrSVDD_0037_E_0005653,-4.0660569328
CtrSVDD_0038_E_0005654,-6.2529094022
CtrSVDD_0039_E_0005655,-6.2077320040
CtrSVDD_0040_E_0005656,-7.7647479046
CtrSVDD_0041_E_0005657,-6.2114158040
CtrSVDD_0042_E_0005658,-5.4564776485
CtrSVDD_0043_E_0005659,-6.7916465557
CtrSVDD_0044_E_0005660,-4.0613728187
CtrSVDD_0045_E_0005661,-6.1579003309
CtrSVDD_0046_E_0005662,-6.0130969294
CtrSVDD_0047_E_0005663,-7.1108069828
CtrSVDD_0000_E_0005664,-3.5395987292
CtrSVDD_0001_E_0005665,-5.7942459846
CtrSVDD_0002_E_0005666,-7.6553632516
CtrSVDD_0003_E_0005667,-4.3599718930
CtrSVDD_0004_E_0005668,-7.6838675961
CtrSVDD_0005_E_0005669,-6.7344664700
CtrSVDD_0006_E_0005670,-5.4673415183
CtrSVDD_0007_E_0005671,-7.5157159177
CtrSVDD_0008_E_0005672,-5.6780374290
CtrSVDD_0009_E_0005673,-4.7505189683
CtrSVDD_0010_E_0005674,1.7992027972
CtrSVDD_0011_E_0005675,-3.9425848024
CtrSVDD_0012_E_0005676,-5.5969717376
CtrSVDD_0013_E_0005677,-6.4372875926
CtrSVDD_0014_E_0005678,-6.4233063087
CtrSVDD_0015_E_0005679,1.5622636368
CtrSVDD_0016_E_0005680,-3.5387817637
CtrSVDD_0017_E_0005681,-1.6453949376
CtrSVDD_0018_E_0005682,-3.5239053693
CtrSVDD_0019_E_0005683,-5.3473336392
CtrSVDD_0020_E_0005684,-3.7890111823
CtrSVDD_0021_E_0005685,-4.8975577088
CtrSVDD_0022_E_0005686,2.1992855108
CtrSVDD_0023_E_0005687,-3.4464364593
CtrSVDD_0024_E_0005688,-8.6628773131
CtrSVDD_0025_E_0005689,-4.4088167502
CtrSVDD_0026_E_0005690,-6.6988020357
CtrSVDD_0027_E_0005691,-7.4172139981
CtrSVDD_0028_E_0005692,-6.8411742019
CtrSVDD_0029_E_0005693,-5.7766227807
CtrSVDD_0030_E_0005694,-7.8743344646
CtrSVDD_0031_E_0005695,-6.9633982616
CtrSVDD_0032_E_0005696,-0.2221222082
CtrSVDD_0033_E_0005697,-6.4433209396
CtrSVDD_0034_E_0005698,-5.8215590132
CtrSVDD_0035_E_0005699,-8.1023027724
CtrSVDD_0036_E_0005700,-6.7250864239
CtrSVDD_0037_E_0005701,-6.5954714825
CtrSVDD_0038_E_0005702,-5.4050316182
CtrSVDD_0039_E_0005703,-3.8653304958
CtrSVDD_0040_E_0005704,-8.1086061623
CtrSVDD_0041_E_0005705,1.0790321711
CtrSVDD_0042_E_0005706,-8.0583764038
CtrSVDD_0043_E_0005707,-3.6107583994
CtrSVDD_0044_E_0005708,-5.5514399803
CtrSVDD_0045_E_0005709,-7.2722963687
CtrSVDD_0046_E_0005710,0.4289374437
CtrSVDD_0047_E_0005711,1.8914150880
CtrSVDD_0000_E_0005712,-5.9970266552
CtrSVDD_0001_E_0005713,-5.9932736882
CtrSVDD_0002_E_0005714,1.7685124083
CtrSVDD_0003_E_0005715,-6.8196344896
CtrSVDD_0004_E_0005716,-7.3470542720
CtrSVDD_0005_E_0005717,-6.0328823487
CtrSVDD_0006_E_0005718,-6.3740472136
CtrSVDD_0007_E_0005719,-7.1147479004
CtrSVDD_0008_E_0005720,-5.6895018090
CtrSVDD_0009_E_0005721,-5.9656927733
CtrSVDD_0010_E_0005722,-4.2978795684
CtrSVDD_0011_E_0005723,-0.1638787766
CtrSVDD_0012_E_0005724,-5.9619281328
CtrSVDD_0013_E_0005725,-0.4458688780
CtrSVDD_0014_E_0005726,-3.6932988176
CtrSVDD_0015_E_0005727,-6.5514066459
CtrSVDD_0016_E_0005728,0.1495262561
CtrSVDD_0017_E_0005729,-4.5671908900
CtrSVDD_0018_E_0005730,-4.6425656414
CtrSVDD_0019_E_0005731,2.0240136237
CtrSVDD_0020_E_0005732,-6.0061089751
CtrSVDD_0021_E_0005733,-4.8763653921
CtrSVDD_0022_E_0005734,-4.7858052488
CtrSVDD_0023_E_0005735,-3.2284980116
CtrSVDD_0024_E_0005736,-7.1960101149
CtrSVDD_0025_E_0005737,-5.9077732728
CtrSVDD_0026_E_0005738,0.3504453938
CtrSVDD_0027_E_0005739,-6.5416234040
CtrSVDD_0028_E_0005740,-8.2499744725
CtrSVDD_0029_E_0005741,-6.7650908015
CtrSVDD_0030_E_0005742,-5.0821197867
CtrSVDD_0031_E_0005743,-0.3311735569
CtrSVDD_0032_E_0005744,-7.1830374635
CtrSVDD_0033_E_0005745,-3.8307422533
CtrSVDD_0034_E_0005746,0.6286535519
CtrSVDD_0035_E_0005747,-0.9722721429
CtrSVDD_0036_E_0005748,-7.3716332191
CtrSVDD_0037_E_0005749,-2.9730389465
CtrSVDD_0038_E_0005750,-5.1667931691
CtrSVDD_0039_E_0005751,-5.2985279027
CtrSVDD_0040_E_0005752,-0.5197517581
CtrSVDD_0041_E_0005753,1.3230285222
CtrSVDD_0042_E_0005754,-5.3484694133
CtrSVDD_0043_E_0005755,-4.5171602355
CtrSVDD_0044_E_0005756,-6.0184251713
CtrSVDD_0045_E_0005757,-6.4441773772
CtrSVDD_0046_E_0005758,-2.2310465226
CtrSVDD_0047_E_0005759,-6.3307309266
CtrSVDD_0000_E_0005760,-5.3914024667
CtrSVDD_0001_E_0005761,-8.0329328170
CtrSVDD_0002_E_0005762,-1.9418616291
CtrSVDD_0003_E_0005763,-6.2860927028
CtrSVDD_0004_E_0005764,-5.7560610720
CtrSVDD_0005_E_0005765,-5.2604087029
CtrSVDD_0006_E_0005766,-7.7865877424
CtrSVDD_0007_E_0005767,0.3593837417
CtrSVDD_0008_E_0005768,-6.0818673976
CtrSVDD_0009_E_0005769,0.3878829198
CtrSVDD_0010_E_0005770,-7.5489909935
CtrSVDD_0011_E_0005771,-9.4312186718
CtrSVDD_0012_E_0005772,-5.9649381806
CtrSVDD_0013_E_0005773,-7.1696537258
CtrSVDD_0014_E_0005774,-0.2523361478
CtrSVDD_0015_E_0005775,-5.2753151179
CtrSVDD_0016_E_0005776,-8.6147330924
CtrSVDD_0017_E_0005777,0.9778485914
CtrSVDD_0018_E_0005778,-3.7650366280
CtrSVDD_0019_E_0005779,-8.0585405934
CtrSVDD_0020_E_0005780,-7.8097246453
CtrSVDD_0021_E_0005781,-7.1348315018
CtrSVDD_0022_E_0005782,-6.1978442508
CtrSVDD_0023_E_0005783,-0.6578995520
CtrSVDD_0024_E_0005784,-6.8733110252
CtrSVDD_0025_E_0005785,-7.3554689550
CtrSVDD_0026_E_0005786,-0.2465641713
CtrSVDD_0027_E_0005787,-0.5096618997
CtrSVDD_0028_E_0005788,-5.3509567573
CtrSVDD_0029_E_0005789,0.3037822328
CtrSVDD_0030_E_0005790,-5.3402339441
CtrSVDD_0031_E_0005791,-7.4735516667
CtrSVDD_0032_E_0005792,-7.9553939636
CtrSVDD_0033_E_0005793,-8.8898450015
CtrSVDD_0034_E_0005794,-7.3925442811
CtrSVDD_0035_E_0005795,-6.8864215024
CtrSVDD_0036_E_0005796,0.9413214015
CtrSVDD_0037_E_0005797,-6.1817032698
CtrSVDD_0038_E_0005798,-7.4418039302
CtrSVDD_0039_E_0005799,-6.8805146048
CtrSVDD_0040_E_0005800,-5.6385639902
CtrSVDD_0041_E_0005801,-4.7389837119
CtrSVDD_0042_E_0005802,-6.8297684907
CtrSVDD_0043_E_0005803,-4.4580367249
CtrSVDD_0044_E_0005804,-6.9609316148
CtrSVDD_0045_E_0005805,-3.4482490907
CtrSVDD_0046_E_0005806,-6.8690831281
CtrSVDD_0047_E_0005807,-0.7327225318
CtrSVDD_0000_E_0005808,-2.1352275669
CtrSVDD_0001_E_0005809,-4.9213886105
CtrSVDD_0002_E_0005810,-2.0132834216
CtrSVDD_0003_E_0005811,-4.5094267781
CtrSVDD_0004_E_0005812,-7.2252909727
CtrSVDD_0005_E_0005813,-1.1653889030
CtrSVDD_0006_E_0005814,-5.6005592473
CtrSVDD_0007_E_0005815,-7.7145748487
CtrSVDD_0008_E_0005816,0.6138540366
CtrSVDD_0009_E_0005817,-6.4543869637
CtrSVDD_0010_E_0005818,-2.1666646540
CtrSVDD_0011_E_0005819,-8.8892230709
CtrSVDD_0012_E_0005820,-6.4801815378
CtrSVDD_0013_E_0005821,-0.4738558864
CtrSVDD_0014_E_0005822,-0.2422405838
CtrSVDD_0015_E_0005823,-3.4681794371
CtrSVDD_0016_E_0005824,-0.9283296332
CtrSVDD_0017_E_0005825,-9.9743712506
CtrSVDD_0018_E_0005826,-6.1665752244
CtrSVDD_0019_E_0005827,-3.9842287037
CtrSVDD_0020_E_0005828,-0.6423478973
CtrSVDD_0021_E_0005829,-5.1883925921
CtrSVDD_0022_E_0005830,-4.5263348340
CtrSVDD_0023_E_0005831,-7.4019045059
CtrSVDD_0024_E_0005832,-5.0738288364
CtrSVDD_0025_E_0005833,-5.9383976509
CtrSVDD_0026_E_0005834,-6.5017025713
CtrSVDD_0027_E_0005835,0.5038065543
CtrSVDD_0028_E_0005836,-10.0363290899
CtrSVDD_0029_E_0005837,-7.4671015229
CtrSVDD_0030_E_0005838,-7.0498558612
CtrSVDD_0031_E_0005839,-6.4475645538
CtrSVDD_0032_E_0005840,-5.4201825537
CtrSVDD_0033_E_0005841,-6.4462529962
CtrSVDD_0034_E_0005842,-5.3622709177
CtrSVDD_0035_E_0005843,-6.2203900604
CtrSVDD_0036_E_0005844,-4.2997132399
CtrSVDD_0037_E_0005845,-7.9902239865
CtrSVDD_0038_E_0005846,-5.2361968690
CtrSVDD_0039_E_0005847,-8.1349979993
CtrSVDD_0040_E_0005848,-0.6648625781
CtrSVDD_0041_E_0005849,-7.3920592177
CtrSVDD_0042_E_0005850,-7.7744148783
CtrSVDD_0043_E_0005851,1.4155212894
CtrSVDD_0044_E_0005852,-6.4186196565
CtrSVDD_0045_E_0005853,-8.8189886172
CtrSVDD_0046_E_0005854,-3.9798116851
CtrSVDD_0047_E_0005855,-6.2619684277
CtrSVDD_0000_E_0005856,-5.0355974380
CtrSVDD_0001_E_0005857,-0.2813267155
CtrSVDD_0002_E_0005858,1.1544251897
CtrSVDD_0003_E_0005859,-6.5604057061
CtrSVDD_0004_E_0005860,-4.0173131806
CtrSVDD_0005_E_0005861,-3.9044326654
CtrSVDD_0006_E_0005862,-7.7028004544
CtrSVDD_0007_E_0005863,-7.2110686342
CtrSVDD_0008_E_0005864,1.2648776829
CtrSVDD_0009_E_0005865,-5.3368961083
CtrSVDD_0010_E_0005866,-3.2340763124
CtrSVDD_0011_E_0005867,-5.7628239034
CtrSVDD_0012_E_0005868,-5.4998121512
CtrSVDD_0013_E_0005869,1.0913665906
CtrSVDD_0014_E_0005870,-2.5264597601
CtrSVDD_0015_E_0005871,-6.4237691197
CtrSVDD_0016_E_0005872,-8.7201888337
CtrSVDD_0017_E_0005873,-0.2856951664
CtrSVDD_0018_E_0005874,-8.1967820439
CtrSVDD_0019_E_0005875,0.2092367911
CtrSVDD_0020_E_0005876,-3.8152097407
CtrSVDD_0021_E_0005877,-4.9353629190
CtrSVDD_0022_E_0005878,-6.6841389524
CtrSVDD_0023_E_0005879,-6.4252151218
CtrSVDD_0024_E_0005880,1.1041426793
CtrSVDD_0025_E_0005881,-5.5288249143
CtrSVDD_0026_E_0005882,-7.1258207808
CtrSVDD_0027_E_0005883,-7.4464915229
CtrSVDD_0028_E_0005884,-6.0540983266
CtrSVDD_0029_E_0005885,-6.2855644994
CtrSVDD_0030_E_0005886,-7.0915617288
CtrSVDD_0031_E_0005887,-7.6971897480
CtrSVDD_0032_E_0005888,-0.3370899316
CtrSVDD_0033_E_0005889,-5.6371896794
CtrSVDD_0034_E_0005890,-4.1190075440
CtrSVDD_0035_E_0005891,-5.0887740366
CtrSVDD_0036_E_0005892,-2.2775967151
CtrSVDD_0037_E_0005893,-5.0735013606
CtrSVDD_0038_E_0005894,-7.6719648203
CtrSVDD_0039_E_0005895,-6.5988482210
CtrSVDD_0040_E_0005896,0.6879377687
CtrSVDD_0041_E_0005897,-1.2966417965
CtrSVDD_0042_E_0005898,-4.4810926561
CtrSVDD_0043_E_0005899,-5.8276603848
CtrSVDD_0044_E_0005900,-3.4367343431
CtrSVDD_0045_E_0005901,-5.9699348540
CtrSVDD_0046_E_0005902,0.0496774027
CtrSVDD_0047_E_0005903,-8.2931004443
CtrSVDD_0000_E_0005904,-7.2576063493
CtrSVDD_0001_E_0005905,-6.1307357868
CtrSVDD_0002_E_0005906,-7.4793597123
CtrSVDD_0003_E_0005907,-6.9742512059
CtrSVDD_0004_E_0005908,-9.7706032079
CtrSVDD_0005_E_0005909,-2.7753315053
CtrSVDD_0006_E_0005910,-3.9423070736
CtrSVDD_0007_E_0005911,-8.4755655004
CtrSVDD_0008_E_0005912,-5.6588938718
CtrSVDD_0009_E_0005913,-4.4418619155
CtrSVDD_0010_E_0005914,-0.4045260948
CtrSVDD_0011_E_0005915,-7.0724128467
CtrSVDD_0012_E_0005916,-7.1074802807
CtrSVDD_0013_E_0005917,-7.6147122937
CtrSVDD_0014_E_0005918,-6.0878094803
CtrSVDD_0015_E_0005919,-5.1663388797
CtrSVDD_0016_E_0005920,-7.3024659039
CtrSVDD_0017_E_0005921,-5.4444228189
CtrSVDD_0018_E_0005922,-6.1518655844
CtrSVDD_0019_E_0005923,-6.8471567499
CtrSVDD_0020_E_0005924,-5.5264852043
CtrSVDD_0021_E_0005925,-8.2250336477
CtrSVDD_0022_E_0005926,-4.5131943149
CtrSVDD_0023_E_0005927,-5.5595467247
CtrSVDD_0024_E_0005928,1.0688078753
CtrSVDD_0025_E_0005929,-7.8190488309
CtrSVDD_0026_E_0005930,-4.3713947091
CtrSVDD_0027_E_0005931,-2.6770065336
CtrSVDD_0028_E_0005932,-3.3827368824
CtrSVDD_0029_E_0005933,-4.3430501235
CtrSVDD_0030_E_0005934,-3.8394872756
CtrSVDD_0031_E_0005935,1.1462925919
CtrSVDD_0032_E_0005936,-0.6247296143
CtrSVDD_0033_E_0005937,-6.3202126524
CtrSVDD_0034_E_0005938,-8.5386399251
CtrSVDD_0035_E_0005939,-0.8099502840
CtrSVDD_0036_E_0005940,-5.8878300784
CtrSVDD_0037_E_0005941,-7.9243680724
CtrSVDD_0038_E_0005942,-7.4837120050
CtrSVDD_0039_E_0005943,-0.1049334829
CtrSVDD_0040_E_0005944,-1.3860337204
CtrSVDD_0041_E_0005945,-7.4853740833
CtrSVDD_0042_E_0005946,-7.4148832367
CtrSVDD_0043_E_0005947,1.3787600432
CtrSVDD_0044_E_0005948,-6.2206315655
CtrSVDD_0045_E_0005949,-4.5329007742
CtrSVDD_0046_E_0005950,-4.0480358887
CtrSVDD_0047_E_0005951,-5.0904217030
CtrSVDD_0000_E_0005952,-7.7404899259
CtrSVDD_0001_E_0005953,-7.9915131668
CtrSVDD_0002_E_0005954,-3.8141893615
CtrSVDD_0003_E_0005955,0.1807232334
CtrSVDD_0004_E_0005956,-2.9021318010
CtrSVDD_0005_E_0005957,-6.6307502281
CtrSVDD_0006_E_0005958,-7.7309749005
CtrSVDD_0007_E_0005959,-4.4868441172
CtrSVDD_0008_E_0005960,-6.6231034346
CtrSVDD_0009_E_0005961,-7.1866455648
CtrSVDD_0010_E_0005962,-5.8222984059
CtrSVDD_0011_E_0005963,-0.5783052720
CtrSVDD_0012_E_0005964,-7.9986500451
CtrSVDD_0013_E_0005965,-3.7329161568
CtrSVDD_0014_E_0005966,-8.4169024300
CtrSVDD_0015_E_0005967,-4.9269619219
CtrSVDD_0016_E_0005968,-0.7400603223
CtrSVDD_0017_E_0005969,-4.8406618684
CtrSVDD_0018_E_0005970,-6.4763260787
CtrSVDD_0019_E_0005971,0.5022191229
CtrSVDD_0020_E_0005972,0.1241106340
CtrSVDD_0021_E_0005973,-2.2556192841
CtrSVDD_0022_E_0005974,-6.9528600785
CtrSVDD_0023_E_0005975,-6.7219260756
CtrSVDD_0024_E_0005976,-8.2423837733
CtrSVDD_0025_E_0005977,-6.5316535674
CtrSVDD_0026_E_0005978,-0.9633349402
CtrSVDD_0027_E_0005979,-4.9393349951
CtrSVDD_0028_E_0005980,-6.0342496136
CtrSVDD_0029_E_0005981,-0.1849903467
CtrSVDD_0030_E_0005982,-8.1883007618
CtrSVDD_0031_E_0005983,-0.0624592578
CtrSVDD_0032_E_0005984,-4.5542616262
CtrSVDD_0033_E_0005985,-4.0261694465
CtrSVDD_0034_E_0005986,-1.6689574912
CtrSVDD_0035_E_0005987,-4.7582769242
CtrSVDD_0036_E_0005988,-5.2817688361
CtrSVDD_0037_E_0005989,0.0577215216
CtrSVDD_0038_E_0005990,-5.8372707694
CtrSVDD_0039_E_0005991,-1.7852624904
CtrSVDD_0040_E_0005992,-4.6001542347
CtrSVDD_0041_E_0005993,-0.5085764963
CtrSVDD_0042_E_0005994,-7.9866636131
CtrSVDD_0043_E_0005995,-6.2924127825
CtrSVDD_0044_E_0005996,-5.6472733756
CtrSVDD_0045_E_0005997,-5.2748483956
CtrSVDD_0046_E_0005998,-7.2195590666
CtrSVDD_0047_E_0005999,-4.4994007103
CtrSVDD_0000_E_0006000,-5.6742306312
CtrSVDD_0001_E_0006001,0.6701060655
CtrSVDD_0002_E_0006002,-8.0182221943
CtrSVDD_0003_E_0006003,-6.3058070728
CtrSVDD_0004_E_0006004,-1.3514428082
CtrSVDD_0005_E_0006005,-8.5669935303
CtrSVDD_0006_E_0006006,-5.1130353592
CtrSVDD_0007_E_0006007,-6.8302224709
CtrSVDD_0008_E_0006008,-6.5681099367
CtrSVDD_0009_E_0006009,-5.3482579774
CtrSVDD_0010_E_0006010,-6.4932784279
CtrSVDD_0011_E_0006011,-5.6416964731
CtrSVDD_0012_E_0006012,-7.9156276969
CtrSVDD_0013_E_0006013,-1.9076928076
CtrSVDD_0014_E_0006014,-3.0609236106
CtrSVDD_0015_E_0006015,-5.9191521996
CtrSVDD_0016_E_0006016,-7.8561804853
CtrSVDD_0017_E_0006017,-5.9218053616
CtrSVDD_0018_E_0006018,-9.5802696564
CtrSVDD_0019_E_0006019,-4.8228840392
CtrSVDD_0020_E_0006020,-2.4585754311
CtrSVDD_0021_E_0006021,-3.1553826377
CtrSVDD_0022_E_0006022,-5.5855041603
CtrSVDD_0023_E_0006023,-2.9347913767
CtrSVDD_0024_E_0006024,-0.3090881616
CtrSVDD_0025_E_0006025,-6.7898759957
CtrSVDD_0026_E_0006026,-6.1713211598
CtrSVDD_0027_E_0006027,-7.6103254343
CtrSVDD_0028_E_0006028,0.2988336633
CtrSVDD_0029_E_0006029,-6.2167751403
CtrSVDD_0030_E_0006030,-6.4800586693
CtrSVDD_0031_E_0006031,-4.7350478362
CtrSVDD_0032_E_0006032,-8.3921908098
CtrSVDD_0033_E_0006033,-1.9291956849
CtrSVDD_0034_E_0006034,-4.3613194787
CtrSVDD_0035_E_0006035,-5.4234766990
CtrSVDD_0036_E_0006036,-6.7196316941
CtrSVDD_0037_E_0006037,-6.4238968542
CtrSVDD_0038_E_0006038,-4.2659775827
CtrSVDD_0039_E_0006039,-5.5755327530
CtrSVDD_0040_E_0006040,-6.2532679849
CtrSVDD_0041_E_0006041,-5.7290885823
CtrSVDD_0042_E_0006042,-5.7357251386
CtrSVDD_0043_E_0006043,-6.1610695032
CtrSVDD_0044_E_0006044,-4.5855528885
CtrSVDD_0045_E_0006045,-1.4672829233
CtrSVDD_0046_E_0006046,0.3788501997
CtrSVDD_0047_E_0006047,1.3544950677
CtrSVDD_0000_E_0006048,-7.0498988185
CtrSVDD_0001_E_0006049,-9.1974858026
CtrSVDD_0002_E_0006050,0.0706976479
CtrSVDD_0003_E_0006051,-4.7643072890
CtrSVDD_0004_E_0006052,-7.8797639881
CtrSVDD_0005_E_0006053,-2.2054285876
CtrSVDD_0006_E_0006054,-8.0039260387
CtrSVDD_0007_E_0006055,-8.6015465931
CtrSVDD_0008_E_0006056,-4.9655356491
CtrSVDD_0009_E_0006057,-6.3423081778
CtrSVDD_0010_E_0006058,-3.6713640917
CtrSVDD_0011_E_0006059,-4.9180917991
CtrSVDD_0012_E_0006060,-4.7597058968
CtrSVDD_0013_E_0006061,-1.3334441752
CtrSVDD_0014_E_0006062,0.2379215198
CtrSVDD_0015_E_0006063,0.2171386145
CtrSVDD_0016_E_0006064,-7.6597855439
CtrSVDD_0017_E_0006065,-5.5154320782
CtrSVDD_0018_E_0006066,-2.6538957380
CtrSVDD_0019_E_0006067,-1.4083070176
CtrSVDD_0020_E_0006068,-5.6752948931
CtrSVDD_0021_E_0006069,0.5019121261
CtrSVDD_0022_E_0006070,-2.4976631089
CtrSVDD_0023_E_0006071,-7.5585165097
CtrSVDD_0024_E_0006072,-3.1836434377
CtrSVDD_0025_E_0006073,0.5149544913
CtrSVDD_0026_E_0006074,-6.7003238110
CtrSVDD_0027_E_0006075,1.6730978450
CtrSVDD_0028_E_0006076,-8.3020754100
CtrSVDD_0029_E_0006077,-6.7161050268
CtrSVDD_0030_E_0006078,-0.5536781855
CtrSVDD_0031_E_0006079,-6.2074916465
CtrSVDD_0032_E_0006080,-4.6537986461
CtrSVDD_0033_E_0006081,-1.2313500657
CtrSVDD_0034_E_0006082,-7.2268266863
CtrSVDD_0035_E_0006083,-4.6291339574
CtrSVDD_0036_E_0006084,-7.1165950186
CtrSVDD_0037_E_0006085,-5.3694375182
CtrSVDD_0038_E_0006086,-7.2068847237
CtrSVDD_0039_E_0006087,-7.0714107924
CtrSVDD_0040_E_0006088,-4.8276742922
CtrSVDD_0041_E_0006089,-6.4662492941
CtrSVDD_0042_E_0006090,-8.7639126506
CtrSVDD_0043_E_0006091,-7.8647125948
CtrSVDD_0044_E_0006092,-0.9413214015
CtrSVDD_0045_E_0006093,-4.4943654236
CtrSVDD_0046_E_0006094,-5.5826629559
CtrSVDD_0047_E_0006095,-6.1440550588
CtrSVDD_0000_E_0006096,-5.2151584165
CtrSVDD_0001_E_0006097,-2.6090980573
CtrSVDD_0002_E_0006098,-7.2343736158
CtrSVDD_0003_E_0006099,-1.4349713908
CtrSVDD_0004_E_0006100,-5.4539464258
CtrSVDD_0005_E_0006101,-0.6753680420
CtrSVDD_0006_E_0006102,-0.6201542326
CtrSVDD_0007_E_0006103,-7.2411887210
CtrSVDD_0008_E_0006104,-4.6910038309
CtrSVDD_0009_E_0006105,-4.5837222831
CtrSVDD_0010_E_0006106,-7.3154062149
CtrSVDD_0011_E_0006107,-0.9925226819
CtrSVDD_0012_E_0006108,-8.6611490737
CtrSVDD_0013_E_0006109,-2.4318965567
CtrSVDD_0014_E_0006110,-7.3439550859
CtrSVDD_0015_E_0006111,-5.8648210232
CtrSVDD_0016_E_0006112,-6.0833544669
CtrSVDD_0017_E_0006113,-5.8506140581
CtrSVDD_0018_E_0006114,-7.0994833035
CtrSVDD_0019_E_0006115,-2.9307322939
CtrSVDD_0020_E_0006116,-7.0770148820
CtrSVDD_0021_E_0006117,-8.2729360869
CtrSVDD_0022_E_0006118,-7.9934478049
CtrSVDD_0023_E_0006119,-5.4375487609
CtrSVDD_0024_E_0006120,-7.4401318280
CtrSVDD_0025_E_0006121,0.6475143547
CtrSVDD_0026_E_0006122,-6.0560170557
CtrSVDD_0027_E_0006123,-6.4679419990
CtrSVDD_0028_E_0006124,-3.6203723310
CtrSVDD_0029_E_0006125,-2.7600262373
CtrSVDD_0030_E_0006126,-7.4673829388
CtrSVDD_0031_E_0006127,-4.9993320300
CtrSVDD_0032_E_0006128,-7.1790171341
CtrSVDD_0033_E_0006129,-6.2343845173
CtrSVDD_0034_E_0006130,-4.3874083044
CtrSVDD_0035_E_0006131,-6.0891193661
CtrSVDD_0036_E_0006132,-4.2744728184
CtrSVDD_0037_E_0006133,-7.9821253711
CtrSVDD_0038_E_0006134,-6.5860551904
CtrSVDD_0039_E_0006135,-7.7597138204
CtrSVDD_0040_E_0006136,-5.6494197461
CtrSVDD_0041_E_0006137,-3.8715773182
CtrSVDD_0042_E_0006138,-3.2266372453
CtrSVDD_0043_E_0006139,-5.7887122298
CtrSVDD_0044_E_0006140,1.1435985132
CtrSVDD_0045_E_0006141,-1.0863057363
CtrSVDD_0046_E_0006142,-3.2135927203
CtrSVDD_0047_E_0006143,-7.6480024308
CtrSVDD_0000_E_0006144,-5.3167758009
CtrSVDD_0001_E_0006145,-5.7210662970
CtrSVDD_0002_E_0006146,-6.0270603630
CtrSVDD_0003_E_0006147,2.5225135470
CtrSVDD_0004_E_0006148,-1.1489950162
CtrSVDD_0005_E_0006149,-4.5037643489
CtrSVDD_0006_E_0006150,-6.4215484758
CtrSVDD_0007_E_0006151,-7.4232850540
CtrSVDD_0008_E_0006152,-7.6569999443
CtrSVDD_0009_E_0006153,-3.4323615669
CtrSVDD_0010_E_0006154,-1.3503700232
CtrSVDD_0011_E_0006155,0.3252687518
CtrSVDD_0012_E_0006156,-3.1610498688
CtrSVDD_0013_E_0006157,-5.1604892973
CtrSVDD_0014_E_0006158,-5.6120208617
CtrSVDD_0015_E_0006159,-2.6313149352
CtrSVDD_0016_E_0006160,-4.7203971167
CtrSVDD_0017_E_0006161,-5.3904641137
CtrSVDD_0018_E_0006162,-8.3920663948
CtrSVDD_0019_E_0006163,-6.9186692724
CtrSVDD_0020_E_0006164,-8.2072738537
CtrSVDD_0021_E_0006165,-5.9598833799
CtrSVDD_0022_E_0006166,-2.5971035893
CtrSVDD_0023_E_0006167,-4.3894009656
CtrSVDD_0024_E_0006168,-8.4351758788
CtrSVDD_0025_E_0006169,-0.1580188258
CtrSVDD_0026_E_0006170,-6.2483077663
CtrSVDD_0027_E_0006171,-5.2807217989
CtrSVDD_0028_E_0006172,-6.3852517295
CtrSVDD_0029_E_0006173,-3.6094733947
CtrSVDD_0030_E_0006174,0.5865921165
CtrSVDD_0031_E_0006175,-5.2333721989
CtrSVDD_0032_E_0006176,-3.2932370434
CtrSVDD_0033_E_0006177,-4.4089018558
CtrSVDD_0034_E_0006178,-6.7468328725
CtrSVDD_0035_E_0006179,-5.9246762414
CtrSVDD_0036_E_0006180,-7.0667448230
CtrSVDD_0037_E_0006181,-8.7082690595
CtrSVDD_0038_E_0006182,-2.7111150375
CtrSVDD_0039_E_0006183,-5.5936461364
CtrSVDD_0040_E_0006184,-5.8068679545
CtrSVDD_0041_E_0006185,-7.4918797146
CtrSVDD_0042_E_0006186,-5.3567626774
CtrSVDD_0043_E_0006187,-6.2946030220
CtrSVDD_0044_E_0006188,-5.0743083320
CtrSVDD_0045_E_0006189,-3.1135743110
CtrSVDD_0046_E_0006190,-2.3311572809
CtrSVDD_0047_E_0006191,-6.6101046899
CtrSVDD_0000_E_0006192,-4.5095227908
CtrSVDD_0001_E_0006193,-2.0694437537
CtrSVDD_0002_E_0006194,0.0253011288
CtrSVDD_0003_E_0006195,-3.5623238424
CtrSVDD_0004_E_0006196,-6.9686244068
CtrSVDD_0005_E_0006197,-7.4413924334
CtrSVDD_0006_E_0006198,-7.4974560459
CtrSVDD_0007_E_0006199,-6.7753289222
CtrSVDD_0008_E_0006200,-2.1725604193
CtrSVDD_0009_E_0006201,-5.6166283681
CtrSVDD_0010_E_0006202,-7.2324211756
CtrSVDD_0011_E_0006203,-1.4235530574
CtrSVDD_0012_E_0006204,-4.7453568647
CtrSVDD_0013_E_0006205,0.9503178414
CtrSVDD_0014_E_0006206,-7.4302266907
CtrSVDD_0015_E_0006207,-3.4410852907
CtrSVDD_0016_E_0006208,-7.1898692633
CtrSVDD_0017_E_0006209,-2.7556312668
CtrSVDD_0018_E_0006210,-4.6215802981
CtrSVDD_0019_E_0006211,-7.5841884260
CtrSVDD_0020_E_0006212,-7.6539692583
CtrSVDD_0021_E_0006213,-4.3207243380
CtrSVDD_0022_E_0006214,-6.6739858147
CtrSVDD_0023_E_0006215,-7.8809786493
CtrSVDD_0024_E_0006216,-7.2217317786
CtrSVDD_0025_E_0006217,-0.0622863212
CtrSVDD_0026_E_0006218,-6.1695561169
CtrSVDD_0027_E_0006219,-7.3214092762
CtrSVDD_0028_E_0006220,-6.5570724064
CtrSVDD_0029_E_0006221,-3.7586272478
CtrSVDD_0030_E_0006222,-7.2699783128
CtrSVDD_0031_E_0006223,-2.6351799229
CtrSVDD_0032_E_0006224,-5.5042597522
CtrSVDD_0033_E_0006225,-7.4875240838
CtrSVDD_0034_E_0006226,0.2393607108
CtrSVDD_0035_E_0006227,-3.6604166655
CtrSVDD_0036_E_0006228,-6.3291370919
CtrSVDD_0037_E_0006229,-5.0543022865
CtrSVDD_0038_E_0006230,-2.9489476189
CtrSVDD_0039_E_0006231,-7.3595707580
CtrSVDD_0040_E_0006232,-3.6458386968
CtrSVDD_0041_E_0006233,-5.1319294454
CtrSVDD_0042_E_0006234,-3.1364345353
CtrSVDD_0043_E_0006235,-5.7178209666
CtrSVDD_0044_E_0006236,-8.2240338507
CtrSVDD_0045_E_0006237,-5.2499796338
CtrSVDD_0046_E_0006238,-8.8598679207
CtrSVDD_0047_E_0006239,-7.0223496857
CtrSVDD_0000_E_0006240,0.3863752869
CtrSVDD_0001_E_0006241,0.8314986965
CtrSVDD_0002_E_0006242,-6.3826457619
CtrSVDD_0003_E_0006243,-7.5837619177
CtrSVDD_0004_E_0006244,-5.3914458217
CtrSVDD_0005_E_0006245,-9.1836879963
CtrSVDD_0006_E_0006246,-8.2436442519
CtrSVDD_0007_E_0006247,-7.5219951171
CtrSVDD_0008_E_0006248,-5.5330704268
CtrSVDD_0009_E_0006249,1.5390871702
CtrSVDD_0010_E_0006250,-5.7401645102
CtrSVDD_0011_E_0006251,-4.9222549345
CtrSVDD_0012_E_0006252,-4.8576820973
CtrSVDD_0013_E_0006253,-7.5461032182
CtrSVDD_0014_E_0006254,-4.1827921754
CtrSVDD_0015_E_0006255,-3.7557951799
CtrSVDD_0016_E_0006256,-4.8184519956
CtrSVDD_0017_E_0006257,-0.6475143547
CtrSVDD_0018_E_0006258,-6.6952115461
CtrSVDD_0019_E_0006259,-5.1584899346
CtrSVDD_0020_E_0006260,-4.0544934507
CtrSVDD_0021_E_0006261,-7.1743499458
CtrSVDD_0022_E_0006262,-5.8310706375
CtrSVDD_0023_E_0006263,-3.9402722739
CtrSVDD_0024_E_0006264,-2.6793008453
CtrSVDD_0025_E_0006265,-9.3936978970
CtrSVDD_0026_E_0006266,-0.7181638739
CtrSVDD_0027_E_0006267,-4.8478339757
CtrSVDD_0028_E_0006268,-6.8065192225
CtrSVDD_0029_E_0006269,-3.6440178500
CtrSVDD_0030_E_0006270,-0.6596373073
CtrSVDD_0031_E_0006271,-8.2082519819
CtrSVDD_0032_E_0006272,-6.8997666181
CtrSVDD_0033_E_0006273,-1.6153403665
CtrSVDD_0034_E_0006274,-5.6507573104
CtrSVDD_0035_E_0006275,-0.0664913965
CtrSVDD_0036_E_0006276,-4.2782578683
CtrSVDD_0037_E_0006277,1.0565070817
CtrSVDD_0038_E_0006278,-5.8904030869
CtrSVDD_0039_E_0006279,-3.2674268267
CtrSVDD_0040_E_0006280,-8.0987713763
CtrSVDD_0041_E_0006281,-8.2415832650
CtrSVDD_0042_E_0006282,-7.7247587560
CtrSVDD_0043_E_0006283,-7.6301610015
CtrSVDD_0044_E_0006284,-3.3358915542
CtrSVDD_0045_E_0006285,0.0342770194
CtrSVDD_0046_E_0006286,1.8804728729
CtrSVDD_0047_E_0006287,-4.7320001049
CtrSVDD_0000_E_0006288,-1.8209652895
CtrSVDD_0001_E_0006289,-6.6744705255
CtrSVDD_0002_E_0006290,-3.3097761991
CtrSVDD_0003_E_0006291,0.6509682782
CtrSVDD_0004_E_0006292,-5.9800923724
CtrSVDD_0005_E_0006293,-4.3072088106
CtrSVDD_0006_E_0006294,-6.5582044518
CtrSVDD_0007_E_0006295,-6.1089750208
CtrSVDD_0008_E_0006296,-8.4509558263
CtrSVDD_0009_E_0006297,-2.2754413992
CtrSVDD_0010_E_0006298,-3.6321782074
CtrSVDD_0011_E_0006299,-3.5962121383
CtrSVDD_0012_E_0006300,0.1481118923
CtrSVDD_0013_E_0006301,-7.6537122415
CtrSVDD_0014_E_0006302,-6.5911747957
CtrSVDD_0015_E_0006303,-5.1219712836
CtrSVDD_0016_E_0006304,-6.2621586965
CtrSVDD_0017_E_0006305,-6.5811621395
CtrSVDD_0018_E_0006306,-8.0819699991
CtrSVDD_0019_E_0006307,-7.8122892865
CtrSVDD_0020_E_0006308,2.1195954258
CtrSVDD_0021_E_0006309,-8.4498112493
CtrSVDD_0022_E_0006310,1.5014510818
CtrSVDD_0023_E_0006311,-2.0965392477
CtrSVDD_0024_E_0006312,-6.2878901523
CtrSVDD_0025_E_0006313,-4.4248616961
CtrSVDD_0026_E_0006314,0.8958434492
CtrSVDD_0027_E_0006315,-5.6189268196
CtrSVDD_0028_E_0006316,-0.0482769358
CtrSVDD_0029_E_0006317,-8.1345167342
CtrSVDD_0030_E_0006318,-8.2584457845
CtrSVDD_0031_E_0006319,-4.5797684772
CtrSVDD_0032_E_0006320,-7.1287127716
CtrSVDD_0033_E_0006321,-7.6586702095
CtrSVDD_0034_E_0006322,-5.5065382040
CtrSVDD_0035_E_0006323,-6.9382268160
CtrSVDD_0036_E_0006324,-7.1113152166
CtrSVDD_0037_E_0006325,2.2516466494
CtrSVDD_0038_E_0006326,-5.3226285341
CtrSVDD_0039_E_0006327,-7.3134272002
CtrSVDD_0040_E_0006328,-7.4003783132
CtrSVDD_0041_E_0006329,-1.4391373656
CtrSVDD_0042_E_0006330,-5.5773083041
CtrSVDD_0043_E_0006331,-6.5985443524
CtrSVDD_0044_E_0006332,-0.8615214857
CtrSVDD_0045_E_0006333,0.0959640721
CtrSVDD_0046_E_0006334,-5.9536434660
CtrSVDD_0047_E_0006335,-7.2174842514
CtrSVDD_0000_E_0006336,-6.9365514043
CtrSVDD_0001_E_0006337,0.0819206398
CtrSVDD_0002_E_0006338,-6.9881388695
CtrSVDD_0003_E_0006339,-6.1465265305
CtrSVDD_0004_E_0006340,-6.5176273428
CtrSVDD_0005_E_0006341,-4.2511568249
CtrSVDD_0006_E_0006342,1.2934064059
CtrSVDD_0007_E_0006343,-8.0880813761
CtrSVDD_0008_E_0006344,-4.0471384142
CtrSVDD_0009_E_0006345,-8.2756366613
CtrSVDD_0010_E_0006346,-5.7866394074
CtrSVDD_0011_E_0006347,-6.3456998431
CtrSVDD_0012_E_0006348,-7.0381732935
CtrSVDD_0013_E_0006349,-5.4689370170
CtrSVDD_0014_E_0006350,-5.6748286526
CtrSVDD_0015_E_0006351,-6.2684057744
CtrSVDD_0016_E_0006352,-5.4633809778
CtrSVDD_0017_E_0006353,-6.8531163748
CtrSVDD_0018_E_0006354,-7.1356532258
CtrSVDD_0019_E_0006355,-5.8463036757
CtrSVDD_0020_E_0006356,-5.8930303258
CtrSVDD_0021_E_0006357,0.0763079424
CtrSVDD_0022_E_0006358,-1.1921766381
CtrSVDD_0023_E_0006359,-2.7245810977
CtrSVDD_0024_E_0006360,-4.1260002834
CtrSVDD_0025_E_0006361,-4.9694668339
CtrSVDD_0026_E_0006362,-6.9068838726
CtrSVDD_0027_E_0006363,-8.1502810448
CtrSVDD_0028_E_0006364,1.4158888988
CtrSVDD_0029_E_0006365,-6.5847747769
CtrSVDD_0030_E_0006366,-1.9924932571
CtrSVDD_0031_E_0006367,-0.2480063880
CtrSVDD_0032_E_0006368,-6.7311257763
CtrSVDD_0033_E_0006369,-4.5481187117
CtrSVDD_0034_E_0006370,-5.9912741445
CtrSVDD_0035_E_0006371,-5.0179199162
CtrSVDD_0036_E_0006372,-5.5731898291
CtrSVDD_0037_E_0006373,-6.6910859829
CtrSVDD_0038_E_0006374,-5.5215774689
CtrSVDD_0039_E_0006375,-5.0671843493
CtrSVDD_0040_E_0006376,-7.0535349269
CtrSVDD_0041_E_0006377,-5.7380690317
CtrSVDD_0042_E_0006378,-5.2150065980
CtrSVDD_0043_E_0006379,-6.8331646825
CtrSVDD_0044_E_0006380,-5.7780820587
CtrSVDD_0045_E_0006381,0.4801251684
CtrSVDD_0046_E_0006382,-4.4522282413
CtrSVDD_0047_E_0006383,-3.5550311772
CtrSVDD_0000_E_0006384,-6.2298156035
CtrSVDD_0001_E_0006385,-6.7261166590
CtrSVDD_0002_E_0006386,-8.1928165827
CtrSVDD_0003_E_0006387,-7.5562422288
CtrSVDD_0004_E_0006388,-7.0172027123
CtrSVDD_0005_E_0006389,-8.3110713762
CtrSVDD_0006_E_0006390,-4.4159710901
CtrSVDD_0007_E_0006391,-5.4346838815
CtrSVDD_0008_E_0006392,-1.7352675286
CtrSVDD_0009_E_0006393,-4.4733317828
CtrSVDD_0010_E_0006394,0.2292966039
CtrSVDD_0011_E_0006395,-5.6403088457
CtrSVDD_0012_E_0006396,-7.6210277142
CtrSVDD_0013_E_0006397,-7.8133845460
CtrSVDD_0014_E_0006398,-5.7229070331
CtrSVDD_0015_E_0006399,-6.1109797712
CtrSVDD_0016_E_0006400,-9.0999374212
CtrSVDD_0017_E_0006401,1.5548672921
CtrSVDD_0018_E_0006402,-5.1435482692
CtrSVDD_0019_E_0006403,-0.3223206095
CtrSVDD_0020_E_0006404,-6.7690014201
CtrSVDD_0021_E_0006405,0.5520484215
CtrSVDD_0022_E_0006406,-6.5565715232
CtrSVDD_0023_E_0006407,-7.9777562497
CtrSVDD_0024_E_0006408,-4.7354935098
CtrSVDD_0025_E_0006409,-3.5025794096
CtrSVDD_0026_E_0006410,-8.0397895556
CtrSVDD_0027_E_0006411,-9.9242503040
CtrSVDD_0028_E_0006412,-6.1679472307
CtrSVDD_0029_E_0006413,0.6066475734
CtrSVDD_0030_E_0006414,-5.5624062255
CtrSVDD_0031_E_0006415,-6.9839635844
CtrSVDD_0032_E_0006416,-5.6724399340
CtrSVDD_0033_E_0006417,-5.2116776332
CtrSVDD_0034_E_0006418,-4.2367119094
CtrSVDD_0035_E_0006419,-5.5085356873
CtrSVDD_0036_E_0006420,-6.6727162085
CtrSVDD_0037_E_0006421,-4.9202344163
CtrSVDD_0038_E_0006422,-7.2773608055
CtrSVDD_0039_E_0006423,-2.8856356899
CtrSVDD_0040_E_0006424,-3.5119571178
CtrSVDD_0041_E_0006425,-7.0163124558
CtrSVDD_0042_E_0006426,-5.5471658351
CtrSVDD_0043_E_0006427,-1.4953222436
CtrSVDD_0044_E_0006428,-1.5836154758
CtrSVDD_0045_E_0006429,-6.9955404201
CtrSVDD_0046_E_0006430,-6.4809549089
CtrSVDD_0047_E_0006431,-2.9790282318
CtrSVDD_0000_E_0006432,-8.5950414764
CtrSVDD_0001_E_0006433,-4.6186910368
CtrSVDD_0002_E_0006434,-6.5126952823
CtrSVDD_0003_E_0006435,0.3999761177
CtrSVDD_0004_E_0006436,-6.9355405423
CtrSVDD_0005_E_0006437,-7.2626189281
CtrSVDD_0006_E_0006438,-6.5320041350
CtrSVDD_0007_E_0006439,-1.0299927843
CtrSVDD_0008_E_0006440,-6.5937333899
CtrSVDD_0009_E_0006441,-4.0628138856
CtrSVDD_0010_E_0006442,-3.0304116076
CtrSVDD_0011_E_0006443,-3.9686698087
CtrSVDD_0012_E_0006444,-5.1529587478
CtrSVDD_0013_E_0006445,-4.4279655581
CtrSVDD_0014_E_0006446,-0.1339840606
CtrSVDD_0015_E_0006447,-7.6996212045
CtrSVDD_0016_E_0006448,-4.6314289286
CtrSVDD_0017_E_0006449,-0.3878829198
CtrSVDD_0018_E_0006450,-7.3269268594
CtrSVDD_0019_E_0006451,-4.9101314654
CtrSVDD_0020_E_0006452,1.0964555527
CtrSVDD_0021_E_0006453,-7.7004768988
CtrSVDD_0022_E_0006454,-6.1116391479
CtrSVDD_0023_E_0006455,-8.7862780181
CtrSVDD_0024_E_0006456,-6.3676992503
CtrSVDD_0025_E_0006457,-0.7384201973
CtrSVDD_0026_E_0006458,-6.7634311065
CtrSVDD_0027_E_0006459,0.2463750642
CtrSVDD_0028_E_0006460,-7.3477080818
CtrSVDD_0029_E_0006461,-1.3933814760
CtrSVDD_0030_E_0006462,-5.7081126106
CtrSVDD_0031_E_0006463,1.6137354486
CtrSVDD_0032_E_0006464,-8.1756581978
CtrSVDD_0033_E_0006465,-6.9072278230
CtrSVDD_0034_E_0006466,-5.4585060483
CtrSVDD_0035_E_0006467,-6.4383011423
CtrSVDD_0036_E_0006468,-3.9134061680
CtrSVDD_0037_E_0006469,-6.8487814079
CtrSVDD_0038_E_0006470,-7.1027882951
CtrSVDD_0039_E_0006471,1.6563238653
CtrSVDD_0040_E_0006472,-8.4377739944
CtrSVDD_0041_E_0006473,-9.3433219849
CtrSVDD_0042_E_0006474,-7.0120613184
CtrSVDD_0043_E_0006475,-3.6658888138
CtrSVDD_0044_E_0006476,0.7773675288
CtrSVDD_0045_E_0006477,-2.5850187366
CtrSVDD_0046_E_0006478,-5.4308629584
CtrSVDD_0047_E_0006479,-8.5916688084
CtrSVDD_0000_E_0006480,-3.0748742479
CtrSVDD_0001_E_0006481,0.6826494433
CtrSVDD_0002_E_0006482,-5.4877017670
CtrSVDD_0003_E_0006483,-3.4283013348
CtrSVDD_0004_E_0006484,0.2078072593
CtrSVDD_0005_E_0006485,0.1721987889
CtrSVDD_0006_E_0006486,-6.6537021899
CtrSVDD_0007_E_0006487,-7.3752848257
CtrSVDD_0008_E_0006488,-7.1910918044
CtrSVDD_0009_E_0006489,-7.9186361337
CtrSVDD_0010_E_0006490,-7.1430297266
CtrSVDD_0011_E_0006491,-6.7194412896
CtrSVDD_0012_E_0006492,-6.8900799417
CtrSVDD_0013_E_0006493,-6.0348195472
CtrSVDD_0014_E_0006494,0.9858255004
CtrSVDD_0015_E_0006495,-5.4582024518
CtrSVDD_0016_E_0006496,-1.1076002757
CtrSVDD_0017_E_0006497,-6.8298518283
CtrSVDD_0018_E_0006498,-7.5103889827
CtrSVDD_0019_E_0006499,-7.2996271664
CtrSVDD_0020_E_0006500,-1.2561668774
CtrSVDD_0021_E_0006501,-7.4700144126
CtrSVDD_0022_E_0006502,-4.9672089137
CtrSVDD_0023_E_0006503,-3.8357954457
CtrSVDD_0024_E_0006504,-2.9628005610
CtrSVDD_0025_E_0006505,0.1892608309
CtrSVDD_0026_E_0006506,-5.3995653010
CtrSVDD_0027_E_0006507,-3.7594900311
CtrSVDD_0028_E_0006508,-5.3372083699
CtrSVDD_0029_E_0006509,-6.5379485562
CtrSVDD_0030_E_0006510,-2.5703939475
CtrSVDD_0031_E_0006511,-5.2422303071
CtrSVDD_0032_E_0006512,-2.7547588135
CtrSVDD_0033_E_0006513,-7.5668339607
CtrSVDD_0034_E_0006514,-4.8571759371
CtrSVDD_0035_E_0006515,-8.3156050392
CtrSVDD_0036_E_0006516,-5.0455775162
CtrSVDD_0037_E_0006517,-8.3309312987
CtrSVDD_0038_E_0006518,-6.4098019737
CtrSVDD_0039_E_0006519,-6.9499277912
CtrSVDD_0040_E_0006520,-5.3446750353
CtrSVDD_0041_E_0006521,-6.6472995611
CtrSVDD_0042_E_0006522,-0.2929880969
CtrSVDD_0043_E_0006523,-8.9375535752
CtrSVDD_0044_E_0006524,-3.5568897102
CtrSVDD_0045_E_0006525,-8.7517280489
CtrSVDD_0046_E_0006526,-7.6570159055
CtrSVDD_0047_E_0006527,-4.3954206591
CtrSVDD_0000_E_0006528,-6.8032670803
CtrSVDD_0001_E_0006529,-2.5654884629
CtrSVDD_0002_E_0006530,-3.9966172896
CtrSVDD_0003_E_0006531,0.3445020561
CtrSVDD_0004_E_0006532,-9.4611026678
CtrSVDD_0005_E_0006533,-6.2869353899
CtrSVDD_0006_E_0006534,-5.8638400203
CtrSVDD_0007_E_0006535,-6.0014700218
CtrSVDD_0008_E_0006536,-6.8165139179
CtrSVDD_0009_E_0006537,-6.7235870562
CtrSVDD_0010_E_0006538,-3.9848775623
CtrSVDD_0011_E_0006539,-7.8513914561
CtrSVDD_0012_E_0006540,-0.0903445830
CtrSVDD_0013_E_0006541,-6.3795135821
CtrSVDD_0014_E_0006542,-7.9271189773
CtrSVDD_0015_E_0006543,-4.6278111685
CtrSVDD_0016_E_0006544,-6.6179873239
CtrSVDD_0017_E_0006545,-6.0382751865
CtrSVDD_0018_E_0006546,-7.8355471738
CtrSVDD_0019_E_0006547,-8.1416628493
CtrSVDD_0020_E_0006548,-6.3547370014
CtrSVDD_0021_E_0006549,-5.5649110841
CtrSVDD_0022_E_0006550,-3.2748120170
CtrSVDD_0023_E_0006551,-8.5094795087
CtrSVDD_0024_E_0006552,-5.7978573139
CtrSVDD_0025_E_0006553,-3.8766348284
CtrSVDD_0026_E_0006554,-2.3571626578
CtrSVDD_0027_E_0006555,-6.9399025476
CtrSVDD_0028_E_0006556,-6.6885722961
CtrSVDD_0029_E_0006557,-6.3048623728
CtrSVDD_0030_E_0006558,-9.7561160743
CtrSVDD_0031_E_0006559,-4.2617141749
CtrSVDD_0032_E_0006560,-4.0715043366
CtrSVDD_0033_E_0006561,-6.5854667502
CtrSVDD_0034_E_0006562,-6.9263485868
CtrSVDD_0035_E_0006563,-6.9585978339
CtrSVDD_0036_E_0006564,-3.0557760824
CtrSVDD_0037_E_0006565,-5.2641193434
CtrSVDD_0038_E_0006566,-5.9477708376
CtrSVDD_0039_E_0006567,-5.1379008479
CtrSVDD_0040_E_0006568,0.0300784789
CtrSVDD_0041_E_0006569,-7.5977144080
CtrSVDD_0042_E_0006570,1.2393164969
CtrSVDD_0043_E_0006571,-7.0767936321
CtrSVDD_0044_E_0006572,-1.9625980760
CtrSVDD_0045_E_0006573,-6.0691267605
CtrSVDD_0046_E_0006574,-0.6788864349
CtrSVDD_0047_E_0006575,-7.8694761691
CtrSVDD_0000_E_0006576,-3.2032388185
CtrSVDD_0001_E_0006577,-4.6845076458
CtrSVDD_0002_E_0006578,-0.3001606119
CtrSVDD_0003_E_0006579,-5.7645979920
CtrSVDD_0004_E_0006580,-6.8352977936
CtrSVDD_0005_E_0006581,-6.0649092253
CtrSVDD_0006_E_0006582,-6.1468298838
CtrSVDD_0007_E_0006583,-8.0855707725
CtrSVDD_0008_E_0006584,-7.2782552110
CtrSVDD_0009_E_0006585,-7.5426668871
CtrSVDD_0010_E_0006586,-4.1143271198
CtrSVDD_0011_E_0006587,-5.8206987068
CtrSVDD_0012_E_0006588,-4.6183004043
CtrSVDD_0013_E_0006589,-6.1555505959
CtrSVDD_0014_E_0006590,-7.4333200751
CtrSVDD_0015_E_0006591,-8.6697426399
CtrSVDD_0016_E_0006592,-6.3868118074
CtrSVDD_0017_E_0006593,-0.2827822652
CtrSVDD_0018_E_0006594,1.7518528889
CtrSVDD_0019_E_0006595,-6.2623301072
CtrSVDD_0020_E_0006596,-5.8429480971
CtrSVDD_0021_E_0006597,-8.5137728946
CtrSVDD_0022_E_0006598,-3.1116629794
CtrSVDD_0023_E_0006599,-7.0292837055
CtrSVDD_0024_E_0006600,-6.1835705324
CtrSVDD_0025_E_0006601,-4.9789137322
CtrSVDD_0026_E_0006602,-7.7196692990
CtrSVDD_0027_E_0006603,-3.0479934401
CtrSVDD_0028_E_0006604,-7.8497374049
CtrSVDD_0029_E_0006605,1.9439844904
CtrSVDD_0030_E_0006606,-7.3921198183
CtrSVDD_0031_E_0006607,-6.8323026069
CtrSVDD_0032_E_0006608,-5.7375468427
CtrSVDD_0033_E_0006609,-7.8758822143
CtrSVDD_0034_E_0006610,1.3365743780
CtrSVDD_0035_E_0006611,-7.1266288842
CtrSVDD_0036_E_0006612,-5.0484105114
CtrSVDD_0037_E_0006613,-7.4513857242
CtrSVDD_0038_E_0006614,-6.6077918594
CtrSVDD_0039_E_0006615,-6.6545220222
CtrSVDD_0040_E_0006616,-4.5244619306
CtrSVDD_0041_E_0006617,-7.5530748377
CtrSVDD_0042_E_0006618,-7.7717535594
CtrSVDD_0043_E_0006619,-1.0762666132
CtrSVDD_0044_E_0006620,-4.9387207961
CtrSVDD_0045_E_0006621,-5.1416770919
CtrSVDD_0046_E_0006622,2.1757241556
CtrSVDD_0047_E_0006623,-2.5946939311
CtrSVDD_0000_E_0006624,-3.6995255025
CtrSVDD_0001_E_0006625,-6.0764131063
CtrSVDD_0002_E_0006626,-7.3094749011
CtrSVDD_0003_E_0006627,-1.3263921989
CtrSVDD_0004_E_0006628,-0.2697034673
CtrSVDD_0005_E_0006629,-5.2073552115
CtrSVDD_0006_E_0006630,-4.4424849241
CtrSVDD_0007_E_0006631,-7.7159459467
CtrSVDD_0008_E_0006632,-5.3397695505
CtrSVDD_0009_E_0006633,-1.0111555966
CtrSVDD_0010_E_0006634,-9.4346930665
CtrSVDD_0011_E_0006635,1.0228863013
CtrSVDD_0012_E_0006636,-5.0272762992
CtrSVDD_0013_E_0006637,-6.6628316468
CtrSVDD_0014_E_0006638,-8.6418477041
CtrSVDD_0015_E_0006639,-6.3099841970
CtrSVDD_0016_E_0006640,-4.9889358393
CtrSVDD_0017_E_0006641,0.0230820531
CtrSVDD_0018_E_0006642,0.8334767716
CtrSVDD_0019_E_0006643,-6.4458981653
CtrSVDD_0020_E_0006644,-2.1923978542
CtrSVDD_0021_E_0006645,-5.4079662900
CtrSVDD_0022_E_0006646,-6.8231955016
CtrSVDD_0023_E_0006647,-7.0680808516
CtrSVDD_0024_E_0006648,-5.3733753673
CtrSVDD_0025_E_0006649,-3.2072424432
CtrSVDD_0026_E_0006650,-8.6400712777
CtrSVDD_0027_E_0006651,-2.7043448093
CtrSVDD_0028_E_0006652,-5.0439145441
CtrSVDD_0029_E_0006653,-6.9793102554
CtrSVDD_0030_E_0006654,-7.9354096660
CtrSVDD_0031_E_0006655,-6.2049107851
CtrSVDD_0032_E_0006656,-5.7911566265
CtrSVDD_0033_E_0006657,-3.2210508797
CtrSVDD_0034_E_0006658,-8.1687669247
CtrSVDD_0035_E_0006659,-4.6566222525
CtrSVDD_0036_E_0006660,-5.8895680311
CtrSVDD_0037_E_0006661,-5.6880212711
CtrSVDD_0038_E_0006662,-5.1992005177
CtrSVDD_0039_E_0006663,-5.9227407613
CtrSVDD_0040_E_0006664,-4.7823549587
CtrSVDD_0041_E_0006665,-5.6394572193
CtrSVDD_0042_E_0006666,-5.2450022349
CtrSVDD_0043_E_0006667,-3.7502571303
CtrSVDD_0044_E_0006668,-7.8471521310
CtrSVDD_0045_E_0006669,-0.2063781519
CtrSVDD_0046_E_0006670,-7.1478280310
CtrSVDD_0047_E_0006671,-6.0091953902
CtrSVDD_0000_E_0006672,-0.3341302823
CtrSVDD_0001_E_0006673,-7.6653040554
CtrSVDD_0002_E_0006674,-8.2116117507
CtrSVDD_0003_E_0006675,-7.2603512473
CtrSVDD_0004_E_0006676,-6.6703744379
CtrSVDD_0005_E_0006677,-5.5997179026
CtrSVDD_0006_E_0006678,-7.6118010628
CtrSVDD_0007_E_0006679,-6.3053155963
CtrSVDD_0008_E_0006680,-4.1456494144
CtrSVDD_0009_E_0006681,-6.2105501729
CtrSVDD_0010_E_0006682,-6.8697596016
CtrSVDD_0011_E_0006683,-8.3817759600
CtrSVDD_0012_E_0006684,-6.3947877590
CtrSVDD_0013_E_0006685,-7.4851563947
CtrSVDD_0014_E_0006686,-5.4992707656
CtrSVDD_0015_E_0006687,-2.5823042156
CtrSVDD_0016_E_0006688,-0.1608521865
CtrSVDD_0017_E_0006689,-4.0046869239
CtrSVDD_0018_E_0006690,-3.2692739674
CtrSVDD_0019_E_0006691,-4.0842012635
CtrSVDD_0020_E_0006692,-3.6770584836
CtrSVDD_0021_E_0006693,-8.5885934856
CtrSVDD_0022_E_0006694,-8.5341914294
CtrSVDD_0023_E_0006695,-2.9630273449
CtrSVDD_0024_E_0006696,0.4478993322
CtrSVDD_0025_E_0006697,-7.6713768164
CtrSVDD_0026_E_0006698,-6.4399747038
CtrSVDD_0027_E_0006699,-5.4427033373
CtrSVDD_0028_E_0006700,-8.4460638555
CtrSVDD_0029_E_0006701,-7.5974178975
CtrSVDD_0030_E_0006702,-4.3922433961
CtrSVDD_0031_E_0006703,-7.6683210146
CtrSVDD_0032_E_0006704,-7.1705407941
CtrSVDD_0033_E_0006705,-7.4187093341
CtrSVDD_0034_E_0006706,-2.2228238742
CtrSVDD_0035_E_0006707,-8.4295191592
CtrSVDD_0036_E_0006708,-5.7617394862
CtrSVDD_0037_E_0006709,-7.4769121406
CtrSVDD_0038_E_0006710,-2.9546414658
CtrSVDD_0039_E_0006711,-7.3482043660
CtrSVDD_0040_E_0006712,-7.3567500589
CtrSVDD_0041_E_0006713,-6.6852524687
CtrSVDD_0042_E_0006714,-7.4495561929
CtrSVDD_0043_E_0006715,-6.1186098347
CtrSVDD_0044_E_0006716,0.0383500604
CtrSVDD_0045_E_0006717,0.0692954288
CtrSVDD_0046_E_0006718,-3.6841525609
CtrSVDD_0047_E_0006719,-5.6658953697
CtrSVDD_0000_E_0006720,-4.5225876005
CtrSVDD_0001_E_0006721,-4.2557788641
CtrSVDD_0002_E_0006722,0.4816954322
CtrSVDD_0003_E_0006723,-5.8289131192
CtrSVDD_0004_E_0006724,-6.6002207340
CtrSVDD_0005_E_0006725,-7.7453874072
CtrSVDD_0006_E_0006726,-5.9069953762
CtrSVDD_0007_E_0006727,-5.7055253846
CtrSVDD_0008_E_0006728,-1.8676609285
CtrSVDD_0009_E_0006729,-5.0802272211
CtrSVDD_0010_E_0006730,-5.7807160863
CtrSVDD_0011_E_0006731,-0.1001806688
CtrSVDD_0012_E_0006732,-7.6112240965
CtrSVDD_0013_E_0006733,-3.1459197935
CtrSVDD_0014_E_0006734,-6.7418526633
CtrSVDD_0015_E_0006735,1.1877471651
CtrSVDD_0016_E_0006736,-7.7878077144
CtrSVDD_0017_E_0006737,-6.1347753407
CtrSVDD_0018_E_0006738,-4.3335146447
CtrSVDD_0019_E_0006739,-7.3156535894
CtrSVDD_0020_E_0006740,-5.0522280131
CtrSVDD_0021_E_0006741,-5.5987949695
CtrSVDD_0022_E_0006742,-6.0370040615
CtrSVDD_0023_E_0006743,-1.5228742124
CtrSVDD_0024_E_0006744,-7.1960643616
CtrSVDD_0025_E_0006745,-7.7383944474
CtrSVDD_0026_E_0006746,-6.0999954064
CtrSVDD_0027_E_0006747,-3.7061210229
CtrSVDD_0028_E_0006748,-4.8625634434
CtrSVDD_0029_E_0006749,-7.5953194558
CtrSVDD_0030_E_0006750,1.6019832540
CtrSVDD_0031_E_0006751,-6.5125709560
CtrSVDD_0032_E_0006752,-8.7608677864
CtrSVDD_0033_E_0006753,-3.7355129186
CtrSVDD_0034_E_0006754,-5.8389881454
CtrSVDD_0035_E_0006755,-7.3757126428
CtrSVDD_0036_E_0006756,-6.7227784917
CtrSVDD_0037_E_0006757,-3.7484122225
CtrSVDD_0038_E_0006758,-9.0329655270
CtrSVDD_0039_E_0006759,0.0538793990
CtrSVDD_0040_E_0006760,-5.6475951914
CtrSVDD_0041_E_0006761,-5.0771505341
CtrSVDD_0042_E_0006762,1.7583790479
CtrSVDD_0043_E_0006763,-5.7689511144
CtrSVDD_0044_E_0006764,-0.4396974496
CtrSVDD_0045_E_0006765,-9.5992145343
CtrSVDD_0046_E_0006766,-6.2843220476
CtrSVDD_0047_E_0006767,-5.0066969091
CtrSVDD_0000_E_0006768,-7.5428817383
CtrSVDD_0001_E_0006769,-7.4225419019
CtrSVDD_0002_E_0006770,0.2063781519
CtrSVDD_0003_E_0006771,1.7390199717
CtrSVDD_0004_E_0006772,-8.6942802324
CtrSVDD_0005_E_0006773,-4.9939434603
CtrSVDD_0006_E_0006774,-8.2001601620
CtrSVDD_0007_E_0006775,-5.9049295958
CtrSVDD_0008_E_0006776,-7.4012213201
CtrSVDD_0009_E_0006777,-4.8898807383
CtrSVDD_0010_E_0006778,1.2774288271
CtrSVDD_0011_E_0006779,0.4749805094
CtrSVDD_0012_E_0006780,-8.3623291255
CtrSVDD_0013_E_0006781,-0.9478772177
CtrSVDD_0014_E_0006782,-7.9207649965
CtrSVDD_0015_E_0006783,-7.2275731416
CtrSVDD_0016_E_0006784,-2.1072328974
CtrSVDD_0017_E_0006785,-5.9197419058
CtrSVDD_0018_E_0006786,-7.8984224870
CtrSVDD_0019_E_0006787,-7.1350780179
CtrSVDD_0020_E_0006788,-10.4108910819
CtrSVDD_0021_E_0006789,-6.7999466734
CtrSVDD_0022_E_0006790,-5.9586903518
CtrSVDD_0023_E_0006791,-6.9237970179
CtrSVDD_0024_E_0006792,-6.8760600836
CtrSVDD_0025_E_0006793,-7.5842479410
CtrSVDD_0026_E_0006794,-4.3450887328
CtrSVDD_0027_E_0006795,-5.6685000483
CtrSVDD_0028_E_0006796,-5.7538383971
CtrSVDD_0029_E_0006797,-6.4831557217
CtrSVDD_0030_E_0006798,-8.2183647299
CtrSVDD_0031_E_0006799,-6.2914818697
CtrSVDD_0032_E_0006800,-7.2342062167
CtrSVDD_0033_E_0006801,-8.1635131890
CtrSVDD_0034_E_0006802,-7.3018371188
CtrSVDD_0035_E_0006803,0.1438705663
CtrSVDD_0036_E_0006804,-6.8006418647
CtrSVDD_0037_E_0006805,-5.9743603534
CtrSVDD_0038_E_0006806,-5.1087148252
CtrSVDD_0039_E_0006807,-7.8114875573
CtrSVDD_0040_E_0006808,-4.7427726341
CtrSVDD_0041_E_0006809,-0.0034969774
CtrSVDD_0042_E_0006810,-6.0471517220
CtrSVDD_0043_E_0006811,-6.9123231784
CtrSVDD_0044_E_0006812,-7.6904242043
CtrSVDD_0045_E_0006813,-6.6803322779
CtrSVDD_0046_E_0006814,2.4943787497
CtrSVDD_0047_E_0006815,-7.5558748458
CtrSVDD_0000_E_0006816,-6.9432549843
CtrSVDD_0001_E_0006817,-5.4945874644
CtrSVDD_0002_E_0006818,-6.2950693793
CtrSVDD_0003_E_0006819,-5.9838658328
CtrSVDD_0004_E_0006820,-8.1369620274
CtrSVDD_0005_E_0006821,-5.4546846450
CtrSVDD_0006_E_0006822,-7.8133094526
CtrSVDD_0007_E_0006823,-3.5895117258
CtrSVDD_0008_E_0006824,0.3282197238
CtrSVDD_0009_E_0006825,-7.9835203464
CtrSVDD_0010_E_0006826,-5.3706000620
CtrSVDD_0011_E_0006827,-2.8120235777
CtrSVDD_0012_E_0006828,-3.3099713157
CtrSVDD_0013_E_0006829,-0.1921097344
CtrSVDD_0014_E_0006830,-3.3628287731
CtrSVDD_0015_E_0006831,-6.7223429892
CtrSVDD_0016_E_0006832,-8.5995347800
CtrSVDD_0017_E_0006833,-2.4264977539
CtrSVDD_0018_E_0006834,-8.6828149213
CtrSVDD_0019_E_0006835,0.0641267737
CtrSVDD_0020_E_0006836,-5.9623603665
CtrSVDD_0021_E_0006837,-7.3738521060
CtrSVDD_0022_E_0006838,-6.8098500067
CtrSVDD_0023_E_0006839,-6.3079941254
CtrSVDD_0024_E_0006840,-4.1045133191
CtrSVDD_0025_E_0006841,-5.9152353629
CtrSVDD_0026_E_0006842,-5.6057604006
CtrSVDD_0027_E_0006843,-8.5211243926
CtrSVDD_0028_E_0006844,-3.9383464340
CtrSVDD_0029_E_0006845,0.5832725752
CtrSVDD_0030_E_0006846,0.2694990396
CtrSVDD_0031_E_0006847,-4.2618537057
CtrSVDD_0032_E_0006848,-5.6799367880
CtrSVDD_0033_E_0006849,0.0482769358
CtrSVDD_0034_E_0006850,-7.4186734345
CtrSVDD_0035_E_0006851,-7.3368885515
CtrSVDD_0036_E_0006852,-5.9336728647
CtrSVDD_0037_E_0006853,-5.6620353486
CtrSVDD_0038_E_0006854,-5.8628651959
CtrSVDD_0039_E_0006855,-1.4352085477
CtrSVDD_0040_E_0006856,-6.0413115260
CtrSVDD_0041_E_0006857,-6.2372024653
CtrSVDD_0042_E_0006858,-1.4591230250
CtrSVDD_0043_E_0006859,0.6049670462
CtrSVDD_0044_E_0006860,-6.3075931200
CtrSVDD_0045_E_0006861,-4.9336834468
CtrSVDD_0046_E_0006862,-0.0524786315
CtrSVDD_0047_E_0006863,-7.1275115118
CtrSVDD_0000_E_0006864,-6.4165523805
CtrSVDD_0001_E_0006865,0.2035211983
CtrSVDD_0002_E_0006866,-8.6526495515
CtrSVDD_0003_E_0006867,-7.2647099992
CtrSVDD_0004_E_0006868,-3.9153741345
CtrSVDD_0005_E_0006869,-5.3197194462
CtrSVDD_0006_E_0006870,0.6932263160
CtrSVDD_0007_E_0006871,-7.8225762019
CtrSVDD_0008_E_0006872,-8.3105984033
CtrSVDD_0009_E_0006873,-1.7454005008
CtrSVDD_0010_E_0006874,-8.4987890068
CtrSVDD_0011_E_0006875,-7.6648273761
CtrSVDD_0012_E_0006876,-4.6203859458
CtrSVDD_0013_E_0006877,-8.0525538414
CtrSVDD_0014_E_0006878,-6.5629747133
CtrSVDD_0015_E_0006879,-0.0006993941
CtrSVDD_0016_E_0006880,-5.1269503155
CtrSVDD_0017_E_0006881,-6.5436826484
CtrSVDD_0018_E_0006882,-7.7942152796
CtrSVDD_0019_E_0006883,-6.9899680361
CtrSVDD_0020_E_0006884,-6.5033799233
CtrSVDD_0021_E_0006885,-2.6849316373
CtrSVDD_0022_E_0006886,-4.7044549760
CtrSVDD_0023_E_0006887,-0.2022530017
CtrSVDD_0024_E_0006888,-6.0018875070
CtrSVDD_0025_E_0006889,-3.7909928350
CtrSVDD_0026_E_0006890,-2.8835655450
CtrSVDD_0027_E_0006891,-6.6420327186
CtrSVDD_0028_E_0006892,-6.7917814238
CtrSVDD_0029_E_0006893,-4.4111980476
CtrSVDD_0030_E_0006894,-5.0189507312
CtrSVDD_0031_E_0006895,-10.5229698678
CtrSVDD_0032_E_0006896,-3.7798537909
CtrSVDD_0033_E_0006897,-5.1993207888
CtrSVDD_0034_E_0006898,-6.9442295325
CtrSVDD_0035_E_0006899,-4.8811271490
CtrSVDD_0036_E_0006900,-4.2140884442
CtrSVDD_0037_E_0006901,-6.4049698362
CtrSVDD_0038_E_0006902,-5.9242310381
CtrSVDD_0039_E_0006903,-7.3902023679
CtrSVDD_0040_E_0006904,-4.7267539159
CtrSVDD_0041_E_0006905,0.7400603223
CtrSVDD_0042_E_0006906,-6.2808901069
CtrSVDD_0043_E_0006907,-6.1591849978
CtrSVDD_0044_E_0006908,-4.9617875504
CtrSVDD_0045_E_0006909,-5.7664274251
CtrSVDD_0046_E_0006910,-5.4631526691
CtrSVDD_0047_E_0006911,0.7199753406
CtrSVDD_0000_E_0006912,1.4364759249
CtrSVDD_0001_E_0006913,-6.6063685002
CtrSVDD_0002_E_0006914,-7.3896590266
CtrSVDD_0003_E_0006915,-4.6474414512
CtrSVDD_0004_E_0006916,-6.2003139486
CtrSVDD_0005_E_0006917,-6.6001264463
CtrSVDD_0006_E_0006918,-6.0480846516
CtrSVDD_0007_E_0006919,-6.1830289081
CtrSVDD_0008_E_0006920,-6.6827884065
CtrSVDD_0009_E_0006921,-5.4448274226
CtrSVDD_0010_E_0006922,-3.4875794307
CtrSVDD_0011_E_0006923,-6.7335511823
CtrSVDD_0012_E_0006924,-4.6578349003
CtrSVDD_0013_E_0006925,-7.4895082111
CtrSVDD_0014_E_0006926,-5.0588764345
CtrSVDD_0015_E_0006927,-1.7613885805
CtrSVDD_0016_E_0006928,-7.7125189745
CtrSVDD_0017_E_0006929,-4.1664913779
CtrSVDD_0018_E_0006930,-6.5285951135
CtrSVDD_0019_E_0006931,-1.9543582300
CtrSVDD_0020_E_0006932,-5.4296194238
CtrSVDD_0021_E_0006933,-6.5216794008
CtrSVDD_0022_E_0006934,-6.3394310258
CtrSVDD_0023_E_0006935,-4.2052788357
CtrSVDD_0024_E_0006936,-5.6795940900
CtrSVDD_0025_E_0006937,-5.7788219250
CtrSVDD_0026_E_0006938,-7.7498518036
CtrSVDD_0027_E_0006939,-4.6791904086
CtrSVDD_0028_E_0006940,-7.6547456730
CtrSVDD_0029_E_0006941,-5.8831291271
CtrSVDD_0030_E_0006942,-5.9639407582
CtrSVDD_0031_E_0006943,-4.9742893619
CtrSVDD_0032_E_0006944,-0.8157895069
CtrSVDD_0033_E_0006945,-5.6158163734
CtrSVDD_0034_E_0006946,-7.3137248587
CtrSVDD_0035_E_0006947,-2.3135640956
CtrSVDD_0036_E_0006948,-4.1065536097
CtrSVDD_0037_E_0006949,-4.4669681655
CtrSVDD_0038_E_0006950,-3.2507763591
CtrSVDD_0039_E_0006951,-8.8882436337
CtrSVDD_0040_E_0006952,-5.4424649603
CtrSVDD_0041_E_0006953,-4.4881020752
CtrSVDD_0042_E_0006954,-7.6583039506
CtrSVDD_0043_E_0006955,-0.1892608309
CtrSVDD_0044_E_0006956,-8.2848988447
CtrSVDD_0045_E_0006957,-7.9980584846
CtrSVDD_0046_E_0006958,-5.8987181933
CtrSVDD_0047_E_0006959,-5.3761103496
CtrSVDD_0000_E_0006960,0.5667698816
CtrSVDD_0001_E_0006961,-6.1096473098
CtrSVDD_0002_E_0006962,-0.1198829224
CtrSVDD_0003_E_0006963,-6.8830988402
CtrSVDD_0004_E_0006964,-5.4143301080
CtrSVDD_0005_E_0006965,-1.2648776829
CtrSVDD_0006_E_0006966,-6.2095687785
CtrSVDD_0007_E_0006967,-2.2622849653
CtrSVDD_0008_E_0006968,-4.6738646467
CtrSVDD_0009_E_0006969,-4.7875293729
CtrSVDD_0010_E_0006970,-4.6176395543
CtrSVDD_0011_E_0006971,-3.1704782609
CtrSVDD_0012_E_0006972,-7.0303987628
CtrSVDD_0013_E_0006973,-5.9906016155
CtrSVDD_0014_E_0006974,-6.0922431438
CtrSVDD_0015_E_0006975,-4.3466291790
CtrSVDD_0016_E_0006976,-5.2000314707
CtrSVDD_0017_E_0006977,-7.9864132505
CtrSVDD_0018_E_0006978,-0.2711543501
CtrSVDD_0019_E_0006979,-4.5403162800
CtrSVDD_0020_E_0006980,-6.0076528017
CtrSVDD_0021_E_0006981,-6.9932555956
CtrSVDD_0022_E_0006982,-7.9748132974
CtrSVDD_0023_E_0006983,-7.6845553543
CtrSVDD_0024_E_0006984,-4.1875286617
CtrSVDD_0025_E_0006985,-5.8103373654
CtrSVDD_0026_E_0006986,-6.4932428000
CtrSVDD_0027_E_0006987,-3.1645133113
CtrSVDD_0028_E_0006988,-3.5695709290
CtrSVDD_0029_E_0006989,-7.5649535323
CtrSVDD_0030_E_0006990,-6.6986612564
CtrSVDD_0031_E_0006991,-4.7459546468
CtrSVDD_0032_E_0006992,-6.9864344095
CtrSVDD_0033_E_0006993,-0.5309923114
CtrSVDD_0034_E_0006994,-1.3064303511
CtrSVDD_0035_E_0006995,-6.2040198459
CtrSVDD_0036_E_0006996,-2.3975820660
CtrSVDD_0037_E_0006997,-1.6803941120
CtrSVDD_0038_E_0006998,-5.8777338065
CtrSVDD_0039_E_0006999,-5.8337371901
CtrSVDD_0040_E_0007000,-4.9620184855
CtrSVDD_0041_E_0007001,-5.7984083920
CtrSVDD_0042_E_0007002,-3.9342887718
CtrSVDD_0043_E_0007003,-8.4596795500
CtrSVDD_0044_E_0007004,-1.5577276290
CtrSVDD_0045_E_0007005,-8.7069098313
CtrSVDD_0046_E_0007006,-10.5005138961
CtrSVDD_0047_E_0007007,-6.0766544517
CtrSVDD_0000_E_0007008,-5.7385185483
CtrSVDD_0001_E_0007009,-7.1922600214
CtrSVDD_0002_E_0007010,0.9175473861
CtrSVDD_0003_E_0007011,-2.7223435467
CtrSVDD_0004_E_0007012,-5.1932390812
CtrSVDD_0005_E_0007013,-7.2250080398
CtrSVDD_0006_E_0007014,-2.8763646228
CtrSVDD_0007_E_0007015,-6.6520429321
CtrSVDD_0008_E_0007016,-6.0992023285
CtrSVDD_0009_E_0007017,-6.2671367649
CtrSVDD_0010_E_0007018,-7.9966815495
CtrSVDD_0011_E_0007019,-7.5543279195
CtrSVDD_0012_E_0007020,-4.8293993270
CtrSVDD_0013_E_0007021,-5.9356772193
CtrSVDD_0014_E_0007022,-0.2988336633
CtrSVDD_0015_E_0007023,1.0018702764
CtrSVDD_0016_E_0007024,-6.3694728047
CtrSVDD_0017_E_0007025,-7.6867622812
CtrSVDD_0018_E_0007026,-6.6570449557
CtrSVDD_0019_E_0007027,-7.9951360248
CtrSVDD_0020_E_0007028,0.8236186951
CtrSVDD_0021_E_0007029,-0.1622693499
CtrSVDD_0022_E_0007030,0.3638636612
CtrSVDD_0023_E_0007031,-5.8814731666
CtrSVDD_0024_E_0007032,-3.9191461743
CtrSVDD_0025_E_0007033,-7.3043388073
CtrSVDD_0026_E_0007034,-0.9790263415
CtrSVDD_0027_E_0007035,-2.6581122801
CtrSVDD_0028_E_0007036,-6.4554260076
CtrSVDD_0029_E_0007037,-7.1099989761
CtrSVDD_0030_E_0007038,-6.0211529289
CtrSVDD_0031_E_0007039,-3.8943368127
CtrSVDD_0032_E_0007040,-6.0941838030
CtrSVDD_0033_E_0007041,-6.6498434899
CtrSVDD_0034_E_0007042,3.4102301795
CtrSVDD_0035_E_0007043,-6.5311823781
CtrSVDD_0036_E_0007044,-5.9739261450
CtrSVDD_0037_E_0007045,-8.0643618212
CtrSVDD_0038_E_0007046,0.7925957377
CtrSVDD_0039_E_0007047,-5.2326471250
CtrSVDD_0040_E_0007048,-5.6512454994
CtrSVDD_0041_E_0007049,0.5261667968
CtrSVDD_0042_E_0007050,-7.0889923220
CtrSVDD_0043_E_0007051,-8.1655250376
CtrSVDD_0044_E_0007052,-6.2833999457
CtrSVDD_0045_E_0007053,-6.8932277438
CtrSVDD_0046_E_0007054,-9.7990520856
CtrSVDD_0047_E_0007055,-6.4030819101
CtrSVDD_0000_E_0007056,-4.2893402739
CtrSVDD_0001_E_0007057,-5.3608587388
CtrSVDD_0002_E_0007058,-7.4380170983
CtrSVDD_0003_E_0007059,-7.9023307084
CtrSVDD_0004_E_0007060,-6.4265776240
CtrSVDD_0005_E_0007061,-3.3719440101
CtrSVDD_0006_E_0007062,-9.2607261817
CtrSVDD_0007_E_0007063,-4.9165295717
CtrSVDD_0008_E_0007064,-7.0069253995
CtrSVDD_0009_E_0007065,-0.1114338467
CtrSVDD_0010_E_0007066,-8.4085894313
CtrSVDD_0011_E_0007067,-7.2921030635
CtrSVDD_0012_E_0007068,-6.8632650888
CtrSVDD_0013_E_0007069,-2.7578299932
CtrSVDD_0014_E_0007070,-2.7401695849
CtrSVDD_0015_E_0007071,-8.9540189995
CtrSVDD_0016_E_0007072,-6.3922289658
CtrSVDD_0017_E_0007073,-5.1815435960
CtrSVDD_0018_E_0007074,-9.4944590509
CtrSVDD_0019_E_0007075,-5.5074854134
CtrSVDD_0020_E_0007076,-7.1736636670
CtrSVDD_0021_E_0007077,-6.0347971346
CtrSVDD_0022_E_0007078,-4.0811325427
CtrSVDD_0023_E_0007079,-5.3594815546
CtrSVDD_0024_E_0007080,-6.1231259022
CtrSVDD_0025_E_0007081,-7.0278096407
CtrSVDD_0026_E_0007082,-5.7253269141
CtrSVDD_0027_E_0007083,-7.8522975277
CtrSVDD_0028_E_0007084,-7.8262698474
CtrSVDD_0029_E_0007085,0.4320066126
CtrSVDD_0030_E_0007086,-0.9391451029
CtrSVDD_0031_E_0007087,-0.4551580530
CtrSVDD_0032_E_0007088,-5.2815258980
CtrSVDD_0033_E_0007089,-6.4086181841
CtrSVDD_0034_E_0007090,-5.8660415762
CtrSVDD_0035_E_0007091,-5.2994372481
CtrSVDD_0036_E_0007092,-7.8580718497
CtrSVDD_0037_E_0007093,-5.1044144914
CtrSVDD_0038_E_0007094,-1.0663787956
CtrSVDD_0039_E_0007095,-7.2912580748
CtrSVDD_0040_E_0007096,-5.6197481394
CtrSVDD_0041_E_0007097,-5.8193014511
CtrSVDD_0042_E_0007098,-7.5270002805
CtrSVDD_0043_E_0007099,-6.2020864945
CtrSVDD_0044_E_0007100,-6.0981612062
CtrSVDD_0045_E_0007101,-4.3867346032
CtrSVDD_0046_E_0007102,-4.3739324916
CtrSVDD_0047_E_0007103,-0.4182268725
CtrSVDD_0000_E_0007104,-5.5951795478
CtrSVDD_0001_E_0007105,-5.3338366651
CtrSVDD_0002_E_0007106,-5.5957812109
CtrSVDD_0003_E_0007107,-7.5404158892
CtrSVDD_0004_E_0007108,-6.4148382626
CtrSVDD_0005_E_0007109,-0.7792611537
CtrSVDD_0006_E_0007110,-7.9380498768
CtrSVDD_0007_E_0007111,-4.6255271842
CtrSVDD_0008_E_0007112,-7.2050785864
CtrSVDD_0009_E_0007113,-8.2458376653
CtrSVDD_0010_E_0007114,-8.8660001769
CtrSVDD_0011_E_0007115,-0.7907762051
CtrSVDD_0012_E_0007116,-7.0530842638
CtrSVDD_0013_E_0007117,-4.7302521905
CtrSVDD_0014_E_0007118,-7.3158027827
CtrSVDD_0015_E_0007119,-5.7510291786
CtrSVDD_0016_E_0007120,-6.5598896852
CtrSVDD_0017_E_0007121,-6.6286719519
CtrSVDD_0018_E_0007122,-4.9552025648
CtrSVDD_0019_E_0007123,-5.1776120160
CtrSVDD_0020_E_0007124,0.9944747133
CtrSVDD_0021_E_0007125,-6.4593517394
CtrSVDD_0022_E_0007126,0.4629291134
CtrSVDD_0023_E_0007127,-8.0489395338
CtrSVDD_0024_E_0007128,-4.3946008933
CtrSVDD_0025_E_0007129,-6.3372420548
CtrSVDD_0026_E_0007130,-6.3765121356
CtrSVDD_0027_E_0007131,-6.9412758537
CtrSVDD_0028_E_0007132,-5.4194074473
CtrSVDD_0029_E_0007133,-5.0056196146
CtrSVDD_0030_E_0007134,-7.1372164798
CtrSVDD_0031_E_0007135,-7.1673967566
CtrSVDD_0032_E_0007136,-8.6772507847
CtrSVDD_0033_E_0007137,-6.8539440590
CtrSVDD_0034_E_0007138,-6.3378060183
CtrSVDD_0035_E_0007139,-1.1877471651
CtrSVDD_0036_E_0007140,-4.1455105833
CtrSVDD_0037_E_0007141,-5.1033670533
CtrSVDD_0038_E_0007142,-6.5067522569
CtrSVDD_0039_E_0007143,-4.1924199124
CtrSVDD_0040_E_0007144,-3.4935286948
CtrSVDD_0041_E_0007145,-6.9672865035
CtrSVDD_0042_E_0007146,-5.0821324685
CtrSVDD_0043_E_0007147,-4.5493184016
CtrSVDD_0044_E_0007148,-7.7471371339
CtrSVDD_0045_E_0007149,-6.1950121839
CtrSVDD_0046_E_0007150,-5.9718222430
CtrSVDD_0047_E_0007151,0.2350446126
CtrSVDD_0000_E_0007152,-7.0052146252
CtrSVDD_0001_E_0007153,-4.8983260682
CtrSVDD_0002_E_0007154,-6.1573911864
CtrSVDD_0003_E_0007155,0.7939486683
CtrSVDD_0004_E_0007156,-3.8301721530
CtrSVDD_0005_E_0007157,-7.7567684033
CtrSVDD_0006_E_0007158,-5.8086036462
CtrSVDD_0007_E_0007159,-4.0779806612
CtrSVDD_0008_E_0007160,-3.3733949210
CtrSVDD_0009_E_0007161,-0.3105557215
CtrSVDD_0010_E_0007162,-5.5118362281
CtrSVDD_0011_E_0007163,-7.0342846727
CtrSVDD_0012_E_0007164,-7.1160731827
CtrSVDD_0013_E_0007165,-8.0740062552
CtrSVDD_0014_E_0007166,-6.4933897859
CtrSVDD_0015_E_0007167,-7.1951590119
CtrSVDD_0016_E_0007168,-6.1975735327
CtrSVDD_0017_E_0007169,-6.9276246290
CtrSVDD_0018_E_0007170,-0.1058055829
CtrSVDD_0019_E_0007171,-8.3544139221
CtrSVDD_0020_E_0007172,-8.2144396142
CtrSVDD_0021_E_0007173,-5.7502340114
CtrSVDD_0022_E_0007174,-6.8415346032
CtrSVDD_0023_E_0007175,-7.5777679419
CtrSVDD_0024_E_0007176,-1.2901844981
CtrSVDD_0025_E_0007177,-6.7158315409
CtrSVDD_0026_E_0007178,-1.5595696761
CtrSVDD_0027_E_0007179,0.8580985090
CtrSVDD_0028_E_0007180,-4.6342042212
CtrSVDD_0029_E_0007181,-6.5168412590
CtrSVDD_0030_E_0007182,-3.4754235781
CtrSVDD_0031_E_0007183,-6.7436891681
CtrSVDD_0032_E_0007184,-6.9403948551
CtrSVDD_0033_E_0007185,-0.9566822130
CtrSVDD_0034_E_0007186,-7.9216234248
CtrSVDD_0035_E_0007187,-6.2134227667
CtrSVDD_0036_E_0007188,-6.1801329702
CtrSVDD_0037_E_0007189,-3.1097506497
CtrSVDD_0038_E_0007190,-6.3501677159
CtrSVDD_0039_E_0007191,-2.7083531207
CtrSVDD_0040_E_0007192,-5.8568692404
CtrSVDD_0041_E_0007193,-5.1817446581
CtrSVDD_0042_E_0007194,-6.0863255046
CtrSVDD_0043_E_0007195,-6.4903419248
CtrSVDD_0044_E_0007196,-6.3854808719
CtrSVDD_0045_E_0007197,-8.9129623596
CtrSVDD_0046_E_0007198,-7.7918463736
CtrSVDD_0047_E_0007199,-7.8152180673
CtrSVDD_0000_E_0007200,0.8099319508
CtrSVDD_0001_E_0007201,-5.0874103904
CtrSVDD_0002_E_0007202,-3.5424027546
CtrSVDD_0003_E_0007203,-8.1416923236
CtrSVDD_0004_E_0007204,-4.4782365380
CtrSVDD_0005_E_0007205,-6.1053747632
CtrSVDD_0006_E_0007206,-5.2394214459
CtrSVDD_0007_E_0007207,-4.9141080677
CtrSVDD_0008_E_0007208,-5.1900304503
CtrSVDD_0009_E_0007209,0.5882543120
CtrSVDD_0010_E_0007210,-4.6201087669
CtrSVDD_0011_E_0007211,-4.2488595200
CtrSVDD_0012_E_0007212,-7.2281240062
CtrSVDD_0013_E_0007213,-6.2187909750
CtrSVDD_0014_E_0007214,-6.4096178197
CtrSVDD_0015_E_0007215,-6.8315028778
CtrSVDD_0016_E_0007216,-5.7699705269
CtrSVDD_0017_E_0007217,-5.7232985747
CtrSVDD_0018_E_0007218,-7.2837863010
CtrSVDD_0019_E_0007219,-4.7086096777
CtrSVDD_0020_E_0007220,0.3149624314
CtrSVDD_0021_E_0007221,-3.7135427962
CtrSVDD_0022_E_0007222,-4.9847042116
CtrSVDD_0023_E_0007223,-6.7368719633
CtrSVDD_0024_E_0007224,-6.4078823378
CtrSVDD_0025_E_0007225,-8.2111281023
CtrSVDD_0026_E_0007226,0.8454144771
CtrSVDD_0027_E_0007227,-3.8686387349
CtrSVDD_0028_E_0007228,-8.1168526747
CtrSVDD_0029_E_0007229,2.0814974982
CtrSVDD_0030_E_0007230,-5.5525759943
CtrSVDD_0031_E_0007231,-5.3794908555
CtrSVDD_0032_E_0007232,-3.7965711357
CtrSVDD_0033_E_0007233,0.5342161970
CtrSVDD_0034_E_0007234,-3.0538446389
CtrSVDD_0035_E_0007235,-6.7666008081
CtrSVDD_0036_E_0007236,-4.9411865342
CtrSVDD_0037_E_0007237,0.5750016537
CtrSVDD_0038_E_0007238,-5.4144106843
CtrSVDD_0039_E_0007239,-6.7390651185
CtrSVDD_0040_E_0007240,-6.6167266198
CtrSVDD_0041_E_0007241,-7.5883981129
CtrSVDD_0042_E_0007242,-7.2054106684
CtrSVDD_0043_E_0007243,-8.2967683595
CtrSVDD_0044_E_0007244,-5.8809634185
CtrSVDD_0045_E_0007245,-0.0819206398
CtrSVDD_0046_E_0007246,-6.6146674965
CtrSVDD_0047_E_0007247,-4.7814260221
CtrSVDD_0000_E_0007248,-6.3671466254
CtrSVDD_0001_E_0007249,3.1180259155
CtrSVDD_0002_E_0007250,-4.8881903365
CtrSVDD_0003_E_0007251,1.0371516685
CtrSVDD_0004_E_0007252,-4.9024057393
CtrSVDD_0005_E_0007253,-7.5574364868
CtrSVDD_0006_E_0007254,-6.0980599263
CtrSVDD_0007_E_0007255,0.6456249513
CtrSVDD_0008_E_0007256,-6.3769524014
CtrSVDD_0009_E_0007257,0.7327225318
CtrSVDD_0010_E_0007258,-0.7585819416
CtrSVDD_0011_E_0007259,-6.4797780362
CtrSVDD_0012_E_0007260,-2.2684335071
CtrSVDD_0013_E_0007261,-3.5351610071
CtrSVDD_0014_E_0007262,-0.5022191229
CtrSVDD_0015_E_0007263,-7.8971963076
CtrSVDD_0016_E_0007264,-7.1513846297
CtrSVDD_0017_E_0007265,-3.7856832623
CtrSVDD_0018_E_0007266,-5.6677321713
CtrSVDD_0019_E_0007267,0.7698207150
CtrSVDD_0020_E_0007268,-8.0069986171
CtrSVDD_0021_E_0007269,-0.5117628915
CtrSVDD_0022_E_0007270,-1.7966447959
CtrSVDD_0023_E_0007271,-1.2837805526
CtrSVDD_0024_E_0007272,-4.9722269598
CtrSVDD_0025_E_0007273,-4.1421893134
CtrSVDD_0026_E_0007274,-7.5203014078
CtrSVDD_0027_E_0007275,-7.9999253045
CtrSVDD_0028_E_0007276,-6.3473949401
CtrSVDD_0029_E_0007277,-5.7583186342
CtrSVDD_0030_E_0007278,-7.3451966306
CtrSVDD_0031_E_0007279,-8.1895850889
CtrSVDD_0032_E_0007280,-7.0045587708
CtrSVDD_0033_E_0007281,-6.5897716365
CtrSVDD_0034_E_0007282,-1.5052708191
CtrSVDD_0035_E_0007283,-7.8672094061
CtrSVDD_0036_E_0007284,-8.3964391709
CtrSVDD_0037_E_0007285,-7.9831344476
CtrSVDD_0038_E_0007286,-6.0444799234
CtrSVDD_0039_E_0007287,-8.2939758179
CtrSVDD_0040_E_0007288,-8.3068846310
CtrSVDD_0041_E_0007289,-6.8599188530
CtrSVDD_0042_E_0007290,-0.1086192847
CtrSVDD_0043_E_0007291,-6.8049056613
CtrSVDD_0044_E_0007292,-4.5896144136
CtrSVDD_0045_E_0007293,-6.2710254864
CtrSVDD_0046_E_0007294,-6.2806939282
CtrSVDD_0047_E_0007295,-8.8171668691
CtrSVDD_0000_E_0007296,-5.6410112913
CtrSVDD_0001_E_0007297,-0.2682531520
CtrSVDD_0002_E_0007298,-7.1248674127
CtrSVDD_0003_E_0007299,-0.3833626499
CtrSVDD_0004_E_0007300,0.6666083698
CtrSVDD_0005_E_0007301,-7.7736324163
CtrSVDD_0006_E_0007302,0.6771261906
CtrSVDD_0007_E_0007303,-5.7636793628
CtrSVDD_0008_E_0007304,-4.9597295354
CtrSVDD_0009_E_0007305,-6.9838155430
CtrSVDD_0010_E_0007306,-6.8231734337
CtrSVDD_0011_E_0007307,-6.7006251348
CtrSVDD_0012_E_0007308,-1.6573542259
CtrSVDD_0013_E_0007309,-5.1310331531
CtrSVDD_0014_E_0007310,-7.0585108398
CtrSVDD_0015_E_0007311,-7.8039690270
CtrSVDD_0016_E_0007312,-6.8150208033
CtrSVDD_0017_E_0007313,-6.2149543751
CtrSVDD_0018_E_0007314,-5.7720626369
CtrSVDD_0019_E_0007315,-6.2261457473
CtrSVDD_0020_E_0007316,-6.8703528421
CtrSVDD_0021_E_0007317,-2.7905200394
CtrSVDD_0022_E_0007318,-4.8458565261
CtrSVDD_0023_E_0007319,-7.1758019109
CtrSVDD_0024_E_0007320,-1.7405578404
CtrSVDD_0025_E_0007321,-6.9826784884
CtrSVDD_0026_E_0007322,-5.7651250170
CtrSVDD_0027_E_0007323,-9.5156272298
CtrSVDD_0028_E_0007324,-6.0788901394
CtrSVDD_0029_E_0007325,-2.9708629465
CtrSVDD_0030_E_0007326,1.6182838953
CtrSVDD_0031_E_0007327,-7.1205402523
CtrSVDD_0032_E_0007328,-7.3353035873
CtrSVDD_0033_E_0007329,-3.1817651099
CtrSVDD_0034_E_0007330,-8.3370099398
CtrSVDD_0035_E_0007331,-0.2582732602
CtrSVDD_0036_E_0007332,0.1269303366
CtrSVDD_0037_E_0007333,-3.2563318536
CtrSVDD_0038_E_0007334,-0.2595629833
CtrSVDD_0039_E_0007335,-3.8002933429
CtrSVDD_0040_E_0007336,-5.6237165386
CtrSVDD_0041_E_0007337,-9.0520829676
CtrSVDD_0042_E_0007338,0.5447437410
CtrSVDD_0043_E_0007339,-4.9067605873
CtrSVDD_0044_E_0007340,-6.1903105387
CtrSVDD_0045_E_0007341,-3.9738771228
CtrSVDD_0046_E_0007342,-4.6237221514
CtrSVDD_0047_E_0007343,-5.9417669118
CtrSVDD_0000_E_0007344,-6.6961057337
CtrSVDD_0001_E_0007345,-4.9471094211
CtrSVDD_0002_E_0007346,-5.4060434850
CtrSVDD_0003_E_0007347,-6.1256136918
CtrSVDD_0004_E_0007348,-7.2851707406
CtrSVDD_0005_E_0007349,-5.3735809154
CtrSVDD_0006_E_0007350,-4.1581954797
CtrSVDD_0007_E_0007351,-7.5674389833
CtrSVDD_0008_E_0007352,-7.6191110752
CtrSVDD_0009_E_0007353,-3.7984319021
CtrSVDD_0010_E_0007354,-6.8148476392
CtrSVDD_0011_E_0007355,-6.1953590185
CtrSVDD_0012_E_0007356,-3.5876981456
CtrSVDD_0013_E_0007357,-3.2243851853
CtrSVDD_0014_E_0007358,-5.4854824156
CtrSVDD_0015_E_0007359,-1.5510471818
CtrSVDD_0016_E_0007360,-4.3794177013
CtrSVDD_0017_E_0007361,2.8055985918
CtrSVDD_0018_E_0007362,-5.4352577316
CtrSVDD_0019_E_0007363,-3.4065138879
CtrSVDD_0020_E_0007364,-8.7964424719
CtrSVDD_0021_E_0007365,-5.2284243514
CtrSVDD_0022_E_0007366,-5.9805300104
CtrSVDD_0023_E_0007367,-6.8381954449
CtrSVDD_0024_E_0007368,-0.9369732433
CtrSVDD_0025_E_0007369,-0.9655620099
CtrSVDD_0026_E_0007370,-4.0882506609
CtrSVDD_0027_E_0007371,-5.2736557292
CtrSVDD_0028_E_0007372,-4.3208297483
CtrSVDD_0029_E_0007373,-3.5261099288
CtrSVDD_0030_E_0007374,-1.1462925919
CtrSVDD_0031_E_0007375,-5.5376074957
CtrSVDD_0032_E_0007376,-0.0763079424
CtrSVDD_0033_E_0007377,-6.7044351320
CtrSVDD_0034_E_0007378,-5.8332253800
CtrSVDD_0035_E_0007379,-0.1679412931
CtrSVDD_0036_E_0007380,-8.0671664178
CtrSVDD_0037_E_0007381,-8.3536620509
CtrSVDD_0038_E_0007382,-6.9467869466
CtrSVDD_0039_E_0007383,-7.0292632240
CtrSVDD_0040_E_0007384,-0.3149624314
CtrSVDD_0041_E_0007385,-6.0351718765
CtrSVDD_0042_E_0007386,-7.5621292744
CtrSVDD_0043_E_0007387,-6.8767030786
CtrSVDD_0044_E_0007388,-6.9583576702
CtrSVDD_0045_E_0007389,-5.7078599968
CtrSVDD_0046_E_0007390,-7.2878708907
CtrSVDD_0047_E_0007391,-6.0406208644
CtrSVDD_0000_E_0007392,-4.7944921651
CtrSVDD_0001_E_0007393,-4.9688818849
CtrSVDD_0002_E_0007394,-6.2688582122
CtrSVDD_0003_E_0007395,-6.6720397351
CtrSVDD_0004_E_0007396,-5.3965889585
CtrSVDD_0005_E_0007397,-3.3865120734
CtrSVDD_0006_E_0007398,0.2610099665
CtrSVDD_0007_E_0007399,1.5184291412
CtrSVDD_0008_E_0007400,-6.0759086973
CtrSVDD_0009_E_0007401,-6.9621483077
CtrSVDD_0010_E_0007402,-6.4747419699
CtrSVDD_0011_E_0007403,-1.0276181900
CtrSVDD_0012_E_0007404,-8.2450328599
CtrSVDD_0013_E_0007405,-8.0958845811
CtrSVDD_0014_E_0007406,0.1156573525
CtrSVDD_0015_E_0007407,-6.9220401506
CtrSVDD_0016_E_0007408,1.3751504013
CtrSVDD_0017_E_0007409,-5.8112577596
CtrSVDD_0018_E_0007410,-6.5451638713
CtrSVDD_0019_E_0007411,-2.5231443937
CtrSVDD_0020_E_0007412,-2.3542345948
CtrSVDD_0021_E_0007413,-6.4802349167
CtrSVDD_0022_E_0007414,-4.3480626138
CtrSVDD_0023_E_0007415,-7.3042607798
CtrSVDD_0024_E_0007416,1.3896982195
CtrSVDD_0025_E_0007417,-5.5980140221
CtrSVDD_0026_E_0007418,-6.7101487958
CtrSVDD_0027_E_0007419,-7.6403952657
CtrSVDD_0028_E_0007420,-6.2980251674
CtrSVDD_0029_E_0007421,-8.9009905115
CtrSVDD_0030_E_0007422,-5.7159480632
CtrSVDD_0031_E_0007423,-7.7247836986
CtrSVDD_0032_E_0007424,-0.6133869154
CtrSVDD_0033_E_0007425,-1.6275766181
CtrSVDD_0034_E_0007426,-8.4923367666
CtrSVDD_0035_E_0007427,-9.8338435870
CtrSVDD_0036_E_0007428,-2.6608614503
CtrSVDD_0037_E_0007429,-6.4882189893
CtrSVDD_0038_E_0007430,-7.5065650973
CtrSVDD_0039_E_0007431,-7.8906410208
CtrSVDD_0040_E_0007432,0.5117628915
CtrSVDD_0041_E_0007433,-3.5715377673
CtrSVDD_0042_E_0007434,-7.1426056685
CtrSVDD_0043_E_0007435,-0.2179707433
CtrSVDD_0044_E_0007436,-7.4377329107
CtrSVDD_0045_E_0007437,-7.3130039123
CtrSVDD_0046_E_0007438,-5.5401110436
CtrSVDD_0047_E_0007439,-6.3111622010
CtrSVDD_0000_E_0007440,-5.2616981565
CtrSVDD_0001_E_0007441,-0.1778803231
CtrSVDD_0002_E_0007442,-5.8004047361
CtrSVDD_0003_E_0007443,-7.6695835377
CtrSVDD_0004_E_0007444,-7.5035241502
CtrSVDD_0005_E_0007445,-5.0472403461
CtrSVDD_0006_E_0007446,-1.1195329827
CtrSVDD_0007_E_0007447,-6.6653290980
CtrSVDD_0008_E_0007448,-7.5126234157
CtrSVDD_0009_E_0007449,-7.6573469050
CtrSVDD_0010_E_0007450,-6.5750388345
CtrSVDD_0011_E_0007451,0.6320660016
CtrSVDD_0012_E_0007452,-0.5277739351
CtrSVDD_0013_E_0007453,-0.7754766874
CtrSVDD_0014_E_0007454,0.5932506910
CtrSVDD_0015_E_0007455,-6.7652049051
CtrSVDD_0016_E_0007456,-4.9033880490
CtrSVDD_0017_E_0007457,-5.1571689737
CtrSVDD_0018_E_0007458,-6.4776293634
CtrSVDD_0019_E_0007459,-4.2804692011
CtrSVDD_0020_E_0007460,0.6440681386
CtrSVDD_0021_E_0007461,-4.7598596000
CtrSVDD_0022_E_0007462,-8.0157532774
CtrSVDD_0023_E_0007463,-5.2033581551
CtrSVDD_0024_E_0007464,-5.8929409426
CtrSVDD_0025_E_0007465,-4.9705545658
CtrSVDD_0026_E_0007466,-5.2312009334
CtrSVDD_0027_E_0007467,-0.4722914813
CtrSVDD_0028_E_0007468,-4.1481014397
CtrSVDD_0029_E_0007469,-5.9052431449
CtrSVDD_0030_E_0007470,-7.6236457026
CtrSVDD_0031_E_0007471,-6.8965579846
CtrSVDD_0032_E_0007472,-1.4008052395
CtrSVDD_0033_E_0007473,-5.5411043580
CtrSVDD_0034_E_0007474,-5.4326298407
CtrSVDD_0035_E_0007475,-6.3845705202
CtrSVDD_0036_E_0007476,-4.6631870251
CtrSVDD_0037_E_0007477,-3.6349179850
CtrSVDD_0038_E_0007478,-6.7595571442
CtrSVDD_0039_E_0007479,-4.3508036775
CtrSVDD_0040_E_0007480,-0.8574738954
CtrSVDD_0041_E_0007481,-3.8564748904
CtrSVDD_0042_E_0007482,-7.4314488058
CtrSVDD_0043_E_0007483,-5.3724874888
CtrSVDD_0044_E_0007484,-2.8959591741
CtrSVDD_0045_E_0007485,-6.1035730121
CtrSVDD_0046_E_0007486,-6.4265329805
CtrSVDD_0047_E_0007487,-6.0732130478
CtrSVDD_0000_E_0007488,-6.6645684768
CtrSVDD_0001_E_0007489,-7.5985125297
CtrSVDD_0002_E_0007490,-2.6515675248
CtrSVDD_0003_E_0007491,-4.9772424531
CtrSVDD_0004_E_0007492,-4.1211105071
CtrSVDD_0005_E_0007493,-6.9749728608
CtrSVDD_0006_E_0007494,-7.2395902977
CtrSVDD_0007_E_0007495,-6.2626267900
CtrSVDD_0008_E_0007496,-4.7845622863
CtrSVDD_0009_E_0007497,-8.5270141471
CtrSVDD_0010_E_0007498,-5.3876120957
CtrSVDD_0011_E_0007499,-3.6320649522
CtrSVDD_0012_E_0007500,-3.7079545040
CtrSVDD_0013_E_0007501,-0.6124412706
CtrSVDD_0014_E_0007502,-8.5761630804
CtrSVDD_0015_E_0007503,-6.0216185967
CtrSVDD_0016_E_0007504,-8.6183826265
CtrSVDD_0017_E_0007505,-1.8446227507
CtrSVDD_0018_E_0007506,0.4803781156
CtrSVDD_0019_E_0007507,-6.2282414906
CtrSVDD_0020_E_0007508,-7.5336823644
CtrSVDD_0021_E_0007509,-6.5250046461
CtrSVDD_0022_E_0007510,-3.8219294920
CtrSVDD_0023_E_0007511,-3.5664409072
CtrSVDD_0024_E_0007512,-7.0641699733
CtrSVDD_0025_E_0007513,-7.3727673412
CtrSVDD_0026_E_0007514,-8.0601278536
CtrSVDD_0027_E_0007515,-7.7792062585
CtrSVDD_0028_E_0007516,-7.0355805763
CtrSVDD_0029_E_0007517,-8.6620251956
CtrSVDD_0030_E_0007518,-5.6775079210
CtrSVDD_0031_E_0007519,-2.7644113294
CtrSVDD_0032_E_0007520,-5.6919712151
CtrSVDD_0033_E_0007521,-0.8923416778
CtrSVDD_0034_E_0007522,-8.1653389447
CtrSVDD_0035_E_0007523,-5.0598904552
CtrSVDD_0036_E_0007524,-6.6171231046
CtrSVDD_0037_E_0007525,-7.1200536541
CtrSVDD_0038_E_0007526,-5.4991658464
CtrSVDD_0039_E_0007527,-0.0510779670
CtrSVDD_0040_E_0007528,0.1778803231
CtrSVDD_0041_E_0007529,-8.5571873702
CtrSVDD_0042_E_0007530,-4.4052718534
CtrSVDD_0043_E_0007531,-0.3267438821
CtrSVDD_0044_E_0007532,-7.6604755597
CtrSVDD_0045_E_0007533,-3.4625219577
CtrSVDD_0046_E_0007534,0.2637390726
CtrSVDD_0047_E_0007535,-4.1147317150
CtrSVDD_0000_E_0007536,-1.9348118138
CtrSVDD_0001_E_0007537,-3.9764728492
CtrSVDD_0002_E_0007538,-6.9775404710
CtrSVDD_0003_E_0007539,-8.6964435576
CtrSVDD_0004_E_0007540,-5.2698784930
CtrSVDD_0005_E_0007541,-5.5681664475
CtrSVDD_0006_E_0007542,-5.9668378093
CtrSVDD_0007_E_0007543,-7.6410323643
CtrSVDD_0008_E_0007544,-6.2745656392
CtrSVDD_0009_E_0007545,0.3032245382
CtrSVDD_0010_E_0007546,-1.4158888988
CtrSVDD_0011_E_0007547,-6.6603466771
CtrSVDD_0012_E_0007548,-5.8757581487
CtrSVDD_0013_E_0007549,-2.4372739902
CtrSVDD_0014_E_0007550,-6.8403773257
CtrSVDD_0015_E_0007551,-6.1554028165
CtrSVDD_0016_E_0007552,-6.3515794579
CtrSVDD_0017_E_0007553,-4.3851907850
CtrSVDD_0018_E_0007554,-0.7925957377
CtrSVDD_0019_E_0007555,0.2697034673
CtrSVDD_0020_E_0007556,1.2837805526
CtrSVDD_0021_E_0007557,-6.9633349397
CtrSVDD_0022_E_0007558,-6.1500211512
CtrSVDD_0023_E_0007559,-0.7199753406
CtrSVDD_0024_E_0007560,-6.4476182981
CtrSVDD_0025_E_0007561,-4.4535838946
CtrSVDD_0026_E_0007562,-8.5685198454
CtrSVDD_0027_E_0007563,-4.1325513348
CtrSVDD_0028_E_0007564,1.6241083858
CtrSVDD_0029_E_0007565,-8.1273886524
CtrSVDD_0030_E_0007566,-4.5521997599
CtrSVDD_0031_E_0007567,-4.0560303845
CtrSVDD_0032_E_0007568,-0.1707792806
CtrSVDD_0033_E_0007569,-6.9891063808
CtrSVDD_0034_E_0007570,-6.0175669030
CtrSVDD_0035_E_0007571,-6.9274691301
CtrSVDD_0036_E_0007572,-5.4404336261
CtrSVDD_0037_E_0007573,-6.8794706729
CtrSVDD_0038_E_0007574,-3.4663681643
CtrSVDD_0039_E_0007575,-6.0153689018
CtrSVDD_0040_E_0007576,-4.5245399581
CtrSVDD_0041_E_0007577,-6.3250772088
CtrSVDD_0042_E_0007578,-3.6896391080
CtrSVDD_0043_E_0007579,-5.9805687224
CtrSVDD_0044_E_0007580,-5.0172850510
CtrSVDD_0045_E_0007581,-7.1567132621
CtrSVDD_0046_E_0007582,-2.2215074119
CtrSVDD_0047_E_0007583,-5.7388550738
CtrSVDD_0000_E_0007584,-7.8622204194
CtrSVDD_0001_E_0007585,-6.4783913292
CtrSVDD_0002_E_0007586,1.8281814675
CtrSVDD_0003_E_0007587,-8.0020693667
CtrSVDD_0004_E_0007588,-5.8717909868
CtrSVDD_0005_E_0007589,-9.4544590814
CtrSVDD_0006_E_0007590,-8.4325194031
CtrSVDD_0007_E_0007591,-6.2946588478
CtrSVDD_0008_E_0007592,-4.8741434051
CtrSVDD_0009_E_0007593,-8.4430634615
CtrSVDD_0010_E_0007594,0.2827822652
CtrSVDD_0011_E_0007595,-1.0341626049
CtrSVDD_0012_E_0007596,-8.7539264900
CtrSVDD_0013_E_0007597,-4.9966781887
CtrSVDD_0014_E_0007598,-2.8543862558
CtrSVDD_0015_E_0007599,-3.5317853763
CtrSVDD_0016_E_0007600,-8.1039605122
CtrSVDD_0017_E_0007601,-3.9287332405
CtrSVDD_0018_E_0007602,-6.4684991529
CtrSVDD_0019_E_0007603,0.7849588792
CtrSVDD_0020_E_0007604,-2.9867079397
CtrSVDD_0021_E_0007605,-4.8336231118
CtrSVDD_0022_E_0007606,-6.9119878156
CtrSVDD_0023_E_0007607,-4.8512003849
CtrSVDD_0024_E_0007608,-3.7299924574
CtrSVDD_0025_E_0007609,-6.7955785912
CtrSVDD_0026_E_0007610,-0.8255838870
CtrSVDD_0027_E_0007611,-6.5834941554
CtrSVDD_0028_E_0007612,-4.5946877058
CtrSVDD_0029_E_0007613,-6.3236228664
CtrSVDD_0030_E_0007614,-1.1626348657
CtrSVDD_0031_E_0007615,-7.8697108813
CtrSVDD_0032_E_0007616,-8.5922785709
CtrSVDD_0033_E_0007617,-6.4938284566
CtrSVDD_0034_E_0007618,-6.1976049690
CtrSVDD_0035_E_0007619,-6.1629053682
CtrSVDD_0036_E_0007620,-6.7882125776
CtrSVDD_0037_E_0007621,-7.7621354346
CtrSVDD_0038_E_0007622,-6.9942531112
CtrSVDD_0039_E_0007623,-5.9557258383
CtrSVDD_0040_E_0007624,-5.3022513221
CtrSVDD_0041_E_0007625,-8.1383250135
CtrSVDD_0042_E_0007626,-7.0291040544
CtrSVDD_0043_E_0007627,-5.0748579970
CtrSVDD_0044_E_0007628,-5.6417214157
CtrSVDD_0045_E_0007629,-7.3193284497
CtrSVDD_0046_E_0007630,-6.4527748047
CtrSVDD_0047_E_0007631,-6.8964289366
CtrSVDD_0000_E_0007632,-6.7144291010
CtrSVDD_0001_E_0007633,-8.9187892725
CtrSVDD_0002_E_0007634,-5.6063419090
CtrSVDD_0003_E_0007635,0.7492890010
CtrSVDD_0004_E_0007636,-1.3689768436
CtrSVDD_0005_E_0007637,0.7073440802
CtrSVDD_0006_E_0007638,-5.3659658583
CtrSVDD_0007_E_0007639,-5.4653108436
CtrSVDD_0008_E_0007640,-6.6453704001
CtrSVDD_0009_E_0007641,0.4366180187
CtrSVDD_0010_E_0007642,-8.0277064828
CtrSVDD_0011_E_0007643,-4.8693185652
CtrSVDD_0012_E_0007644,-3.4010749015
CtrSVDD_0013_E_0007645,-2.7622200117
CtrSVDD_0014_E_0007646,-5.3633010159
CtrSVDD_0015_E_0007647,-6.4152327335
CtrSVDD_0016_E_0007648,-6.9813936306
CtrSVDD_0017_E_0007649,1.3216605747
CtrSVDD_0018_E_0007650,-4.5655961545
CtrSVDD_0019_E_0007651,-7.5799412179
CtrSVDD_0020_E_0007652,-5.1080343872
CtrSVDD_0021_E_0007653,-5.4720258178
CtrSVDD_0022_E_0007654,-7.7496923715
CtrSVDD_0023_E_0007655,-0.7029888095
CtrSVDD_0024_E_0007656,-8.6919233062
CtrSVDD_0025_E_0007657,-9.0610202613
CtrSVDD_0026_E_0007658,-5.1736635890
CtrSVDD_0027_E_0007659,-4.0620418024
CtrSVDD_0028_E_0007660,-7.5166308248
CtrSVDD_0029_E_0007661,-5.3020576348
CtrSVDD_0030_E_0007662,-7.6736342670
CtrSVDD_0031_E_0007663,-6.2632195643
CtrSVDD_0032_E_0007664,0.6235485520
CtrSVDD_0033_E_0007665,-4.2087714263
CtrSVDD_0034_E_0007666,-7.1038533817
CtrSVDD_0035_E_0007667,-2.4612152192
CtrSVDD_0036_E_0007668,-0.4320066126
CtrSVDD_0037_E_0007669,-5.4357278679
CtrSVDD_0038_E_0007670,-7.4136717615
CtrSVDD_0039_E_0007671,-1.6336233257
CtrSVDD_0040_E_0007672,-0.6894924976
CtrSVDD_0041_E_0007673,-6.1818926837
CtrSVDD_0042_E_0007674,-5.9362534810
CtrSVDD_0043_E_0007675,-5.7275943059
CtrSVDD_0044_E_0007676,-6.8285316155
CtrSVDD_0045_E_0007677,-1.3031536179
CtrSVDD_0046_E_0007678,-8.0730645284
CtrSVDD_0047_E_0007679,-7.9647809796
CtrSVDD_0000_E_0007680,-8.7142141300
CtrSVDD_0001_E_0007681,-5.2550167626
CtrSVDD_0002_E_0007682,-4.4807790754
CtrSVDD_0003_E_0007683,-5.0262487983
CtrSVDD_0004_E_0007684,-5.7062521629
CtrSVDD_0005_E_0007685,-4.3491593786
CtrSVDD_0006_E_0007686,-6.1125709873
CtrSVDD_0007_E_0007687,-4.7246324676
CtrSVDD_0008_E_0007688,-5.1369087576
CtrSVDD_0009_E_0007689,-4.8453557791
CtrSVDD_0010_E_0007690,-6.1197502143
CtrSVDD_0011_E_0007691,-8.0125970882
CtrSVDD_0012_E_0007692,-7.6671274726
CtrSVDD_0013_E_0007693,0.8904337118
CtrSVDD_0014_E_0007694,-8.0760251861
CtrSVDD_0015_E_0007695,-9.2550534845
CtrSVDD_0016_E_0007696,-7.7429669570
CtrSVDD_0017_E_0007697,-8.3065616039
CtrSVDD_0018_E_0007698,-7.2140149859
CtrSVDD_0019_E_0007699,-5.6890775940
CtrSVDD_0020_E_0007700,0.6561637812
CtrSVDD_0021_E_0007701,-6.4174081981
CtrSVDD_0022_E_0007702,-7.3032304849
CtrSVDD_0023_E_0007703,-7.7706989608
CtrSVDD_0024_E_0007704,-6.8641403145
CtrSVDD_0025_E_0007705,-8.3916743653
CtrSVDD_0026_E_0007706,-5.9607785981
CtrSVDD_0027_E_0007707,-6.9920272940
CtrSVDD_0028_E_0007708,-5.0144845252
CtrSVDD_0029_E_0007709,-4.1049208892
CtrSVDD_0030_E_0007710,-6.8716226653
CtrSVDD_0031_E_0007711,-7.3193700199
CtrSVDD_0032_E_0007712,-8.0068712459
CtrSVDD_0033_E_0007713,-5.9178635392
CtrSVDD_0034_E_0007714,-4.4463645081
CtrSVDD_0035_E_0007715,-4.9360916509
CtrSVDD_0036_E_0007716,-6.4080450708
CtrSVDD_0037_E_0007717,-8.7023333121
CtrSVDD_0038_E_0007718,-5.8518540684
CtrSVDD_0039_E_0007719,-4.9501305282
CtrSVDD_0040_E_0007720,-6.6689067375
CtrSVDD_0041_E_0007721,1.6674542859
CtrSVDD_0042_E_0007722,-0.5406807072
CtrSVDD_0043_E_0007723,-8.6790419252
CtrSVDD_0044_E_0007724,-7.0393058438
CtrSVDD_0045_E_0007725,-8.3051950063
CtrSVDD_0046_E_0007726,0.6403330736
CtrSVDD_0047_E_0007727,-3.7761458374
CtrSVDD_0000_E_0007728,-7.3055301831
CtrSVDD_0001_E_0007729,-7.3273209863
CtrSVDD_0002_E_0007730,-2.1489530241
CtrSVDD_0003_E_0007731,-4.8727119931
CtrSVDD_0004_E_0007732,-8.2251629716
CtrSVDD_0005_E_0007733,-4.2808170205
CtrSVDD_0006_E_0007734,-7.6779526728
CtrSVDD_0007_E_0007735,-6.4526903882
CtrSVDD_0008_E_0007736,-6.1259236043
CtrSVDD_0009_E_0007737,-1.7992027972
CtrSVDD_0010_E_0007738,-4.8932601956
CtrSVDD_0011_E_0007739,0.9369732433
CtrSVDD_0012_E_0007740,-1.9628364706
CtrSVDD_0013_E_0007741,-4.6525762658
CtrSVDD_0014_E_0007742,-8.3136965222
CtrSVDD_0015_E_0007743,-6.9759943291
CtrSVDD_0016_E_0007744,-3.4554982183
CtrSVDD_0017_E_0007745,-3.4500615782
CtrSVDD_0018_E_0007746,-2.4748549781
CtrSVDD_0019_E_0007747,-5.6670714003
CtrSVDD_0020_E_0007748,-3.4174114560
CtrSVDD_0021_E_0007749,-6.4867429521
CtrSVDD_0022_E_0007750,-6.3801524586
CtrSVDD_0023_E_0007751,-4.0044690288
CtrSVDD_0024_E_0007752,-6.9425203512
CtrSVDD_0025_E_0007753,-3.3646524819
CtrSVDD_0026_E_0007754,-7.0876826405
CtrSVDD_0027_E_0007755,-6.1515873742
CtrSVDD_0028_E_0007756,-7.9078124133
CtrSVDD_0029_E_0007757,-4.5910373978
CtrSVDD_0030_E_0007758,-4.7504568645
CtrSVDD_0031_E_0007759,-7.5434282238
CtrSVDD_0032_E_0007760,-6.3614425941
CtrSVDD_0033_E_0007761,-4.4961933867
CtrSVDD_0034_E_0007762,-7.4128367057
CtrSVDD_0035_E_0007763,1.1078332881
CtrSVDD_0036_E_0007764,-8.1559304235
CtrSVDD_0037_E_0007765,-6.2025393080
CtrSVDD_0038_E_0007766,-7.0433624140
CtrSVDD_0039_E_0007767,-5.4720747077
CtrSVDD_0040_E_0007768,-7.2755501960
CtrSVDD_0041_E_0007769,-2.3016935179
CtrSVDD_0042_E_0007770,-6.5706761774
CtrSVDD_0043_E_0007771,-5.4326778972
CtrSVDD_0044_E_0007772,-7.0654732579
CtrSVDD_0045_E_0007773,-5.9193416303
CtrSVDD_0046_E_0007774,-5.3974925293
CtrSVDD_0047_E_0007775,-4.4923987546
CtrSVDD_0000_E_0007776,-4.8099658522
CtrSVDD_0001_E_0007777,-3.2821883864
CtrSVDD_0002_E_0007778,0.5487932816
CtrSVDD_0003_E_0007779,-6.8234343024
CtrSVDD_0004_E_0007780,-2.8269454446
CtrSVDD_0005_E_0007781,-7.8830572389
CtrSVDD_0006_E_0007782,-2.6585426836
CtrSVDD_0007_E_0007783,0.0146878031
CtrSVDD_0008_E_0007784,-7.4592857898
CtrSVDD_0009_E_0007785,-4.3559229337
CtrSVDD_0010_E_0007786,-5.6819248174
CtrSVDD_0011_E_0007787,-5.7792335120
CtrSVDD_0012_E_0007788,-4.5638539282
CtrSVDD_0013_E_0007789,-5.8034048893
CtrSVDD_0014_E_0007790,-2.3352330401
CtrSVDD_0015_E_0007791,-3.0440949403
CtrSVDD_0016_E_0007792,-5.8496864405
CtrSVDD_0017_E_0007793,-3.5199399080
CtrSVDD_0018_E_0007794,-8.8343052757
CtrSVDD_0019_E_0007795,-3.9476240494
CtrSVDD_0020_E_0007796,-7.6428043671
CtrSVDD_0021_E_0007797,-5.4495851871
CtrSVDD_0022_E_0007798,-8.3527740571
CtrSVDD_0023_E_0007799,-8.4537493101
CtrSVDD_0024_E_0007800,-6.1966027061
CtrSVDD_0025_E_0007801,-6.0817985460
CtrSVDD_0026_E_0007802,-3.8850424998
CtrSVDD_0027_E_0007803,-7.2057629308
CtrSVDD_0028_E_0007804,-7.0606730988
CtrSVDD_0029_E_0007805,0.1509409192
CtrSVDD_0030_E_0007806,-8.1495700663
CtrSVDD_0031_E_0007807,-4.0041314907
CtrSVDD_0032_E_0007808,-7.0759119495
CtrSVDD_0033_E_0007809,-8.4276838251
CtrSVDD_0034_E_0007810,-6.1143673746
CtrSVDD_0035_E_0007811,-4.6560488531
CtrSVDD_0036_E_0007812,-6.1391287075
CtrSVDD_0037_E_0007813,-9.8118190140
CtrSVDD_0038_E_0007814,0.8275522725
CtrSVDD_0039_E_0007815,-6.3695056789
CtrSVDD_0040_E_0007816,-4.2453863324
CtrSVDD_0041_E_0007817,-6.2006731904
CtrSVDD_0042_E_0007818,0.8312954721
CtrSVDD_0043_E_0007819,-4.0963688432
CtrSVDD_0044_E_0007820,-0.6492403483
CtrSVDD_0045_E_0007821,-0.1072123277
CtrSVDD_0046_E_0007822,-0.5245610163
CtrSVDD_0047_E_0007823,-8.1091214394
CtrSVDD_0000_E_0007824,-4.8592015659
CtrSVDD_0001_E_0007825,-9.0308680584
CtrSVDD_0002_E_0007826,-6.1326432448
CtrSVDD_0003_E_0007827,-7.0850643858
CtrSVDD_0004_E_0007828,0.5899181344
CtrSVDD_0005_E_0007829,-6.7767085352
CtrSVDD_0006_E_0007830,-5.2108680380
CtrSVDD_0007_E_0007831,-5.2266637227
CtrSVDD_0008_E_0007832,-8.5329498945
CtrSVDD_0009_E_0007833,-7.2466515273
CtrSVDD_0010_E_0007834,-0.6016111041
CtrSVDD_0011_E_0007835,-0.6841798459
CtrSVDD_0012_E_0007836,-6.9954032358
CtrSVDD_0013_E_0007837,-6.0570052706
CtrSVDD_0014_E_0007838,-5.6439822861
CtrSVDD_0015_E_0007839,-4.5468444864
CtrSVDD_0016_E_0007840,-4.1394334574
CtrSVDD_0017_E_0007841,-6.9287869149
CtrSVDD_0018_E_0007842,-5.5920652934
CtrSVDD_0019_E_0007843,-2.6815921735
CtrSVDD_0020_E_0007844,-7.6367420879
CtrSVDD_0021_E_0007845,-6.0386887971
CtrSVDD_0022_E_0007846,-5.6720884554
CtrSVDD_0023_E_0007847,0.7623174933
CtrSVDD_0024_E_0007848,-4.9235989303
CtrSVDD_0025_E_0007849,-4.8755559675
CtrSVDD_0026_E_0007850,0.0202838183
CtrSVDD_0027_E_0007851,-8.3494958913
CtrSVDD_0028_E_0007852,-8.0879465408
CtrSVDD_0029_E_0007853,-7.2370978866
CtrSVDD_0030_E_0007854,-6.5366389845
CtrSVDD_0031_E_0007855,-4.0400646373
CtrSVDD_0032_E_0007856,-3.8772550138
CtrSVDD_0033_E_0007857,-5.4841909616
CtrSVDD_0034_E_0007858,1.1737045358
CtrSVDD_0035_E_0007859,-5.3459456186
CtrSVDD_0036_E_0007860,-8.9400041818
CtrSVDD_0037_E_0007861,1.4577681199
CtrSVDD_0038_E_0007862,-6.7053106903
CtrSVDD_0039_E_0007863,-7.3573844264
CtrSVDD_0040_E_0007864,-5.6484941196
CtrSVDD_0041_E_0007865,0.2579652618
CtrSVDD_0042_E_0007866,-8.0324039816
CtrSVDD_0043_E_0007867,-2.7666002029
CtrSVDD_0044_E_0007868,-3.4790451350
CtrSVDD_0045_E_0007869,-7.1906688052
CtrSVDD_0046_E_0007870,-7.0412713649
CtrSVDD_0047_E_0007871,-4.7407276228
CtrSVDD_0000_E_0007872,-4.4532702915
CtrSVDD_0001_E_0007873,-5.9858526408
CtrSVDD_0002_E_0007874,-7.2671431536
CtrSVDD_0003_E_0007875,-7.0286741534
CtrSVDD_0004_E_0007876,-5.9784356917
CtrSVDD_0005_E_0007877,-3.5985822962
CtrSVDD_0006_E_0007878,-7.2719323501
CtrSVDD_0007_E_0007879,-4.0763266862
CtrSVDD_0008_E_0007880,-3.1402313722
CtrSVDD_0009_E_0007881,-5.9528489259
CtrSVDD_0010_E_0007882,-5.3119594789
CtrSVDD_0011_E_0007883,-7.3228127385
CtrSVDD_0012_E_0007884,-5.1619682648
CtrSVDD_0013_E_0007885,0.6788864349
CtrSVDD_0014_E_0007886,-4.1167805204
CtrSVDD_0015_E_0007887,-3.6149218273
CtrSVDD_0016_E_0007888,-3.6531425401
CtrSVDD_0017_E_0007889,-6.9068389591
CtrSVDD_0018_E_0007890,-6.7186038351
CtrSVDD_0019_E_0007891,-7.7171195956
CtrSVDD_0020_E_0007892,-6.9898438847
CtrSVDD_0021_E_0007893,-6.0291759210
CtrSVDD_0022_E_0007894,-6.6835924934
CtrSVDD_0023_E_0007895,-7.4128412978
CtrSVDD_0024_E_0007896,-6.9952216291
CtrSVDD_0025_E_0007897,-9.0629657516
CtrSVDD_0026_E_0007898,-8.0321364832
CtrSVDD_0027_E_0007899,-7.7843655315
CtrSVDD_0028_E_0007900,-5.5297469038
CtrSVDD_0029_E_0007901,-5.5732743629
CtrSVDD_0030_E_0007902,-6.5665334983
CtrSVDD_0031_E_0007903,-6.8948466136
CtrSVDD_0032_E_0007904,-7.5026401513
CtrSVDD_0033_E_0007905,-5.1977132017
CtrSVDD_0034_E_0007906,-6.9903926907
CtrSVDD_0035_E_0007907,-8.3760838949
CtrSVDD_0036_E_0007908,-6.2308269459
CtrSVDD_0037_E_0007909,2.1330075465
CtrSVDD_0038_E_0007910,-5.3663790447
CtrSVDD_0039_E_0007911,-7.1941343515
CtrSVDD_0040_E_0007912,-5.9891276461
CtrSVDD_0041_E_0007913,-5.4220631041
CtrSVDD_0042_E_0007914,1.4008052395
CtrSVDD_0043_E_0007915,-7.6636430865
CtrSVDD_0044_E_0007916,-6.2389915610
CtrSVDD_0045_E_0007917,-3.5369713581
CtrSVDD_0046_E_0007918,-6.3589706901
CtrSVDD_0047_E_0007919,-6.6854076517
CtrSVDD_0000_E_0007920,-4.2475608023
CtrSVDD_0001_E_0007921,-7.2737407127
CtrSVDD_0002_E_0007922,-8.2374171054
CtrSVDD_0003_E_0007923,-7.2907152406
CtrSVDD_0004_E_0007924,-7.7280004179
CtrSVDD_0005_E_0007925,-8.5820698013
CtrSVDD_0006_E_0007926,-5.8147763843
CtrSVDD_0007_E_0007927,-1.9868975154
CtrSVDD_0008_E_0007928,0.4911560677
CtrSVDD_0009_E_0007929,-5.2086080408
CtrSVDD_0010_E_0007930,-7.0499718077
CtrSVDD_0011_E_0007931,-6.2064391597
CtrSVDD_0012_E_0007932,-5.7613053301
CtrSVDD_0013_E_0007933,-6.1154183363
CtrSVDD_0014_E_0007934,-5.4737569171
CtrSVDD_0015_E_0007935,-7.6956205728
CtrSVDD_0016_E_0007936,-7.4138045790
CtrSVDD_0017_E_0007937,-4.2081735209
CtrSVDD_0018_E_0007938,1.6787952007
CtrSVDD_0019_E_0007939,0.5585763374
CtrSVDD_0020_E_0007940,-6.0434718100
CtrSVDD_0021_E_0007941,-8.5695807086
CtrSVDD_0022_E_0007942,-0.4754214521
CtrSVDD_0023_E_0007943,-4.6720874758
CtrSVDD_0024_E_0007944,-7.9631268794
CtrSVDD_0025_E_0007945,-7.5233741654
CtrSVDD_0026_E_0007946,0.5949194409
CtrSVDD_0027_E_0007947,-6.5715137075
CtrSVDD_0028_E_0007948,-6.0306641068
CtrSVDD_0029_E_0007949,-4.9084462321
CtrSVDD_0030_E_0007950,-4.3781676156
CtrSVDD_0031_E_0007951,-7.4215951319
CtrSVDD_0032_E_0007952,-3.2785012859
CtrSVDD_0033_E_0007953,-4.3673708745
CtrSVDD_0034_E_0007954,-2.6019120806
CtrSVDD_0035_E_0007955,-8.1908122848
CtrSVDD_0036_E_0007956,-4.8288318811
CtrSVDD_0037_E_0007957,-0.4989985784
CtrSVDD_0038_E_0007958,1.9137459226
CtrSVDD_0039_E_0007959,-7.4764479109
CtrSVDD_0040_E_0007960,-4.9285298997
CtrSVDD_0041_E_0007961,-7.3144029850
CtrSVDD_0042_E_0007962,-6.3533120014
CtrSVDD_0043_E_0007963,-5.5289325054
CtrSVDD_0044_E_0007964,0.2752454191
CtrSVDD_0045_E_0007965,-6.6246275084
CtrSVDD_0046_E_0007966,-7.3099661044
CtrSVDD_0047_E_0007967,-1.8257483585
CtrSVDD_0000_E_0007968,0.7717032953
CtrSVDD_0001_E_0007969,-6.1047010903
CtrSVDD_0002_E_0007970,-7.4347900414
CtrSVDD_0003_E_0007971,-1.6845475769
CtrSVDD_0004_E_0007972,-5.5603611481
CtrSVDD_0005_E_0007973,-3.8114764271
CtrSVDD_0006_E_0007974,-6.9021348774
CtrSVDD_0007_E_0007975,-7.2791725467
CtrSVDD_0008_E_0007976,-4.3320718628
CtrSVDD_0009_E_0007977,-6.4407338193
CtrSVDD_0010_E_0007978,-7.2976612209
CtrSVDD_0011_E_0007979,-6.8373716562
CtrSVDD_0012_E_0007980,-6.2011981520
CtrSVDD_0013_E_0007981,-1.6167209779
CtrSVDD_0014_E_0007982,-4.3805054305
CtrSVDD_0015_E_0007983,-7.4255059861
CtrSVDD_0016_E_0007984,-5.0056273042
CtrSVDD_0017_E_0007985,-5.0644047617
CtrSVDD_0018_E_0007986,-4.8654657982
CtrSVDD_0019_E_0007987,-6.5475462254
CtrSVDD_0020_E_0007988,-2.8938980788
CtrSVDD_0021_E_0007989,-8.1771232228
CtrSVDD_0022_E_0007990,0.5287151630
CtrSVDD_0023_E_0007991,-2.2927137525
CtrSVDD_0024_E_0007992,-5.7287071540
CtrSVDD_0025_E_0007993,2.8854035733
CtrSVDD_0026_E_0007994,-6.7584519252
CtrSVDD_0027_E_0007995,-7.0563573300
CtrSVDD_0028_E_0007996,-6.9812284421
CtrSVDD_0029_E_0007997,-7.6133362632
CtrSVDD_0030_E_0007998,-7.1537241141
CtrSVDD_0031_E_0007999,-6.3964008335
CtrSVDD_0032_E_0008000,-2.6328257513
CtrSVDD_0033_E_0008001,-7.4215536869
CtrSVDD_0034_E_0008002,-8.2128180895
CtrSVDD_0035_E_0008003,-9.0837626117
CtrSVDD_0036_E_0008004,-8.6879430076
CtrSVDD_0037_E_0008005,-5.4715603404
CtrSVDD_0038_E_0008006,-1.2049137313
CtrSVDD_0039_E_0008007,1.0663348048
CtrSVDD_0040_E_0008008,-7.8318287807
CtrSVDD_0041_E_0008009,-6.8919558468
CtrSVDD_0042_E_0008010,-6.4217456826
CtrSVDD_0043_E_0008011,-2.0600704821
CtrSVDD_0044_E_0008012,-5.5911082601
CtrSVDD_0045_E_0008013,-1.7716607253
CtrSVDD_0046_E_0008014,-5.6113495515
CtrSVDD_0047_E_0008015,-4.9972806624
CtrSVDD_0000_E_0008016,-7.3921482790
CtrSVDD_0001_E_0008017,-6.6196472991
CtrSVDD_0002_E_0008018,-0.3728455586
CtrSVDD_0003_E_0008019,1.2343409229
CtrSVDD_0004_E_0008020,-6.1269160999
CtrSVDD_0005_E_0008021,-6.0321886515
CtrSVDD_0006_E_0008022,-6.3220113505
CtrSVDD_0007_E_0008023,-8.2266348543
CtrSVDD_0008_E_0008024,-4.5579622281
CtrSVDD_0009_E_0008025,1.1015730699
CtrSVDD_0010_E_0008026,-5.6073990890
CtrSVDD_0011_E_0008027,-5.5436366490
CtrSVDD_0012_E_0008028,2.0359854633
CtrSVDD_0013_E_0008029,-6.7352116063
CtrSVDD_0014_E_0008030,-6.7111023374
CtrSVDD_0015_E_0008031,-5.2366632827
CtrSVDD_0016_E_0008032,-4.0240998761
CtrSVDD_0017_E_0008033,-1.1355656473
CtrSVDD_0018_E_0008034,-4.2606578179
CtrSVDD_0019_E_0008035,1.5885360383
CtrSVDD_0020_E_0008036,-1.0018702764
CtrSVDD_0021_E_0008037,-6.5871347658
CtrSVDD_0022_E_0008038,-4.9903962768
CtrSVDD_0023_E_0008039,-7.5633235947
CtrSVDD_0024_E_0008040,-1.0467803551
CtrSVDD_0025_E_0008041,-9.1046264660
CtrSVDD_0026_E_0008042,-8.3251514054
CtrSVDD_0027_E_0008043,1.2998908171
CtrSVDD_0028_E_0008044,-7.8549236151
CtrSVDD_0029_E_0008045,-8.7268118783
CtrSVDD_0030_E_0008046,-1.6674542859
CtrSVDD_0031_E_0008047,0.6269500708
CtrSVDD_0032_E_0008048,-5.7466205711
CtrSVDD_0033_E_0008049,0.0426759874
CtrSVDD_0034_E_0008050,-1.0939075304
CtrSVDD_0035_E_0008051,-5.1455367445
CtrSVDD_0036_E_0008052,-4.0103714014
CtrSVDD_0037_E_0008053,0.2112443551
CtrSVDD_0038_E_0008054,-4.3389662793
CtrSVDD_0039_E_0008055,-8.3828702406
CtrSVDD_0040_E_0008056,0.9028048733
CtrSVDD_0041_E_0008057,-1.2458356353
CtrSVDD_0042_E_0008058,-7.7297302163
CtrSVDD_0043_E_0008059,-4.6148988286
CtrSVDD_0044_E_0008060,2.1908890624
CtrSVDD_0045_E_0008061,-7.3732064835
CtrSVDD_0046_E_0008062,-7.4989713585
CtrSVDD_0047_E_0008063,0.4136513455
CtrSVDD_0000_E_0008064,-4.6867292315
CtrSVDD_0001_E_0008065,-3.7456370290
CtrSVDD_0002_E_0008066,-3.4422298676
CtrSVDD_0003_E_0008067,-6.3453276601
CtrSVDD_0004_E_0008068,-4.9495207657
CtrSVDD_0005_E_0008069,-8.4784859282
CtrSVDD_0006_E_0008070,-8.1733578137
CtrSVDD_0007_E_0008071,-3.2411564516
CtrSVDD_0008_E_0008072,-8.3719953445
CtrSVDD_0009_E_0008073,-7.1297856001
CtrSVDD_0010_E_0008074,-1.0080525829
CtrSVDD_0011_E_0008075,-4.3412766541
CtrSVDD_0012_E_0008076,-7.1709658376
CtrSVDD_0013_E_0008077,-3.2950766899
CtrSVDD_0014_E_0008078,-7.4960576514
CtrSVDD_0015_E_0008079,-4.7056939154
CtrSVDD_0016_E_0008080,-7.3083188339
CtrSVDD_0017_E_0008081,-7.3213548282
CtrSVDD_0018_E_0008082,-6.6786990883
CtrSVDD_0019_E_0008083,-5.5031182474
CtrSVDD_0020_E_0008084,-6.3133959079
CtrSVDD_0021_E_0008085,-7.0466853379
CtrSVDD_0022_E_0008086,-5.9554166218
CtrSVDD_0023_E_0008087,-6.2663057040
CtrSVDD_0024_E_0008088,-7.9848638039
CtrSVDD_0025_E_0008089,-5.8418168697
CtrSVDD_0026_E_0008090,-7.5145275628
CtrSVDD_0027_E_0008091,-4.3411886133
CtrSVDD_0028_E_0008092,-3.2303581084
CtrSVDD_0029_E_0008093,-4.5892104401
CtrSVDD_0030_E_0008094,-7.6893934298
CtrSVDD_0031_E_0008095,-2.4883199322
CtrSVDD_0032_E_0008096,0.8717027939
CtrSVDD_0033_E_0008097,0.0370763774
CtrSVDD_0034_E_0008098,-7.3526353533
CtrSVDD_0035_E_0008099,-6.9968279826
CtrSVDD_0036_E_0008100,-2.8585777694
CtrSVDD_0037_E_0008101,-7.5612693263
CtrSVDD_0038_E_0008102,-6.8335697650
CtrSVDD_0039_E_0008103,-7.6474883201
CtrSVDD_0040_E_0008104,-6.7451728521
CtrSVDD_0041_E_0008105,-5.7429979982
CtrSVDD_0042_E_0008106,0.9881020363
CtrSVDD_0043_E_0008107,-6.8881409504
CtrSVDD_0044_E_0008108,-5.5179250241
CtrSVDD_0045_E_0008109,1.0223818983
CtrSVDD_0046_E_0008110,-6.2774556397
CtrSVDD_0047_E_0008111,0.5979455124
CtrSVDD_0000_E_0008112,-3.0127276673
CtrSVDD_0001_E_0008113,-3.9670295805
CtrSVDD_0002_E_0008114,-4.2151859111
CtrSVDD_0003_E_0008115,-5.0256115527
CtrSVDD_0004_E_0008116,-3.7644389167
CtrSVDD_0005_E_0008117,-6.6761337917
CtrSVDD_0006_E_0008118,-7.8037303050
CtrSVDD_0007_E_0008119,-4.2194731896
CtrSVDD_0008_E_0008120,-3.2415048979
CtrSVDD_0009_E_0008121,-8.1982383784
CtrSVDD_0010_E_0008122,-7.0533546395
CtrSVDD_0011_E_0008123,-7.7202403234
CtrSVDD_0012_E_0008124,-5.7784906652
CtrSVDD_0013_E_0008125,-6.9915494588
CtrSVDD_0014_E_0008126,-7.5341465349
CtrSVDD_0015_E_0008127,-3.8164228737
CtrSVDD_0016_E_0008128,-7.9430034726
CtrSVDD_0017_E_0008129,-8.4938547459
CtrSVDD_0018_E_0008130,-6.2798689553
CtrSVDD_0019_E_0008131,-7.3101506668
CtrSVDD_0020_E_0008132,-5.0177045793
CtrSVDD_0021_E_0008133,3.7543430350
CtrSVDD_0022_E_0008134,1.5238894117
CtrSVDD_0023_E_0008135,-6.2939714696
CtrSVDD_0024_E_0008136,-2.8184315450
CtrSVDD_0025_E_0008137,-7.2431466142
CtrSVDD_0026_E_0008138,-6.8031736907
CtrSVDD_0027_E_0008139,-6.9340074773
CtrSVDD_0028_E_0008140,-6.9711186406
CtrSVDD_0029_E_0008141,-6.5466069106
CtrSVDD_0030_E_0008142,-6.0745932895
CtrSVDD_0031_E_0008143,-9.1429746986
CtrSVDD_0032_E_0008144,-5.8267528112
CtrSVDD_0033_E_0008145,-5.3151644824
CtrSVDD_0034_E_0008146,-0.4439070079
CtrSVDD_0035_E_0008147,-6.4370613399
CtrSVDD_0036_E_0008148,0.6476620774
CtrSVDD_0037_E_0008149,-5.6819708540
CtrSVDD_0038_E_0008150,0.2581165434
CtrSVDD_0039_E_0008151,-7.0178977119
CtrSVDD_0040_E_0008152,-2.5630298923
CtrSVDD_0041_E_0008153,-2.1956698204
CtrSVDD_0042_E_0008154,-8.0364954512
CtrSVDD_0043_E_0008155,-3.5777144205
CtrSVDD_0044_E_0008156,-5.3965092996
CtrSVDD_0045_E_0008157,-6.9250727169
CtrSVDD_0046_E_0008158,-7.3340788889
CtrSVDD_0047_E_0008159,-8.1352792383
CtrSVDD_0000_E_0008160,-5.8538567560
CtrSVDD_0001_E_0008161,-7.4592818519
CtrSVDD_0002_E_0008162,-6.4850593902
CtrSVDD_0003_E_0008163,-7.3299873487
CtrSVDD_0004_E_0008164,-2.7512263154
CtrSVDD_0005_E_0008165,-6.9281790293
CtrSVDD_0006_E_0008166,-6.5549109559
CtrSVDD_0007_E_0008167,-8.0630009985
CtrSVDD_0008_E_0008168,-0.9522704869
CtrSVDD_0009_E_0008169,-6.6816012669
CtrSVDD_0010_E_0008170,-6.7854532486
CtrSVDD_0011_E_0008171,0.3193752661
CtrSVDD_0012_E_0008172,-6.4906438300
CtrSVDD_0013_E_0008173,-5.7018043693
CtrSVDD_0014_E_0008174,-2.9710395924
CtrSVDD_0015_E_0008175,-6.4915923680
CtrSVDD_0016_E_0008176,-6.1780434274
CtrSVDD_0017_E_0008177,-5.1163212532
CtrSVDD_0018_E_0008178,-5.2299960772
CtrSVDD_0019_E_0008179,-5.4854423962
CtrSVDD_0020_E_0008180,-9.2861390451
CtrSVDD_0021_E_0008181,-1.7580152804
CtrSVDD_0022_E_0008182,-5.5793599439
CtrSVDD_0023_E_0008183,1.0905115955
CtrSVDD_0024_E_0008184,-6.3385909877
CtrSVDD_0025_E_0008185,-4.8142898625
CtrSVDD_0026_E_0008186,-6.6462151688
CtrSVDD_0027_E_0008187,-6.1731959798
CtrSVDD_0028_E_0008188,-5.1195304100
CtrSVDD_0029_E_0008189,0.0048957779
CtrSVDD_0030_E_0008190,-2.7948387600
CtrSVDD_0031_E_0008191,-7.1813592866
CtrSVDD_0032_E_0008192,-5.2079647330
CtrSVDD_0033_E_0008193,-6.7549719014
CtrSVDD_0034_E_0008194,-6.5349772939
CtrSVDD_0035_E_0008195,-5.9996791476
CtrSVDD_0036_E_0008196,-9.1902621919
CtrSVDD_0037_E_0008197,-8.1791217095
CtrSVDD_0038_E_0008198,-5.4238309016
CtrSVDD_0039_E_0008199,-6.0789165952
CtrSVDD_0040_E_0008200,-6.3185179456
CtrSVDD_0041_E_0008201,-7.9606339334
CtrSVDD_0042_E_0008202,-5.9272341995
CtrSVDD_0043_E_0008203,-1.6137354486
CtrSVDD_0044_E_0008204,-8.6916549738
CtrSVDD_0045_E_0008205,-2.5155463565
CtrSVDD_0046_E_0008206,-0.4106058040
CtrSVDD_0047_E_0008207,-3.0790128424
CtrSVDD_0000_E_0008208,-7.0445647026
CtrSVDD_0001_E_0008209,-8.3248968754
CtrSVDD_0002_E_0008210,-5.8344067469
CtrSVDD_0003_E_0008211,-9.1500553850
CtrSVDD_0004_E_0008212,-5.7681669203
CtrSVDD_0005_E_0008213,-8.6754286241
CtrSVDD_0006_E_0008214,-5.2050217281
CtrSVDD_0007_E_0008215,-5.0446527250
CtrSVDD_0008_E_0008216,-5.1393968793
CtrSVDD_0009_E_0008217,-7.6823514543
CtrSVDD_0010_E_0008218,-2.9549909969
CtrSVDD_0011_E_0008219,0.3076212670
CtrSVDD_0012_E_0008220,-7.0410810961
CtrSVDD_0013_E_0008221,-5.8498493469
CtrSVDD_0014_E_0008222,-6.6511152535
CtrSVDD_0015_E_0008223,-7.8372779232
CtrSVDD_0016_E_0008224,-5.2195246611
CtrSVDD_0017_E_0008225,-5.7632143760
CtrSVDD_0018_E_0008226,-9.3033592526
CtrSVDD_0019_E_0008227,0.6806487851
CtrSVDD_0020_E_0008228,-5.3762561852
CtrSVDD_0021_E_0008229,-4.2467075393
CtrSVDD_0022_E_0008230,-9.1244931434
CtrSVDD_0023_E_0008231,1.0276181900
CtrSVDD_0024_E_0008232,-2.5206160497
CtrSVDD_0025_E_0008233,-6.3253194853
CtrSVDD_0026_E_0008234,-6.2427468473
CtrSVDD_0027_E_0008235,-6.5733571500
CtrSVDD_0028_E_0008236,-4.7535733510
CtrSVDD_0029_E_0008237,-4.5764279143
CtrSVDD_0030_E_0008238,-5.4221189299
CtrSVDD_0031_E_0008239,-7.6194098084
CtrSVDD_0032_E_0008240,-6.5488332823
CtrSVDD_0033_E_0008241,-5.3684415230
CtrSVDD_0034_E_0008242,-5.3931042065
CtrSVDD_0035_E_0008243,-5.6993526991
CtrSVDD_0036_E_0008244,-7.0766028544
CtrSVDD_0037_E_0008245,-6.5204573995
CtrSVDD_0038_E_0008246,-7.4374090881
CtrSVDD_0039_E_0008247,-6.6332979044
CtrSVDD_0040_E_0008248,-6.7932032999
CtrSVDD_0041_E_0008249,-7.0213419372
CtrSVDD_0042_E_0008250,-1.9948623908
CtrSVDD_0043_E_0008251,-4.1291795334
CtrSVDD_0044_E_0008252,-6.4579255561
CtrSVDD_0045_E_0008253,-5.1863871179
CtrSVDD_0046_E_0008254,-5.5150887155
CtrSVDD_0047_E_0008255,-5.8482320155
CtrSVDD_0000_E_0008256,-3.9364216692
CtrSVDD_0001_E_0008257,-7.2856728896
CtrSVDD_0002_E_0008258,-6.2138489584
CtrSVDD_0003_E_0008259,-2.9041858201
CtrSVDD_0004_E_0008260,-0.8554553602
CtrSVDD_0005_E_0008261,0.7779944432
CtrSVDD_0006_E_0008262,1.7781257629
CtrSVDD_0007_E_0008263,-6.8766621685
CtrSVDD_0008_E_0008264,-7.6141621986
CtrSVDD_0009_E_0008265,-5.9094034782
CtrSVDD_0010_E_0008266,-6.2535509178
CtrSVDD_0011_E_0008267,-6.2657082492
CtrSVDD_0012_E_0008268,-5.1536620821
CtrSVDD_0013_E_0008269,-7.4274499187
CtrSVDD_0014_E_0008270,-5.6492172872
CtrSVDD_0015_E_0008271,-7.3681296225
CtrSVDD_0016_E_0008272,-6.6136423214
CtrSVDD_0017_E_0008273,-6.8221676426
CtrSVDD_0018_E_0008274,-9.1677040669
CtrSVDD_0019_E_0008275,-7.1324309468
CtrSVDD_0020_E_0008276,-6.4181940493
CtrSVDD_0021_E_0008277,-5.8678194208
CtrSVDD_0022_E_0008278,-7.5965096448
CtrSVDD_0023_E_0008279,-1.0888326775
CtrSVDD_0024_E_0008280,-7.3652733765
CtrSVDD_0025_E_0008281,-5.3650537600
CtrSVDD_0026_E_0008282,-3.8794440287
CtrSVDD_0027_E_0008283,-7.6476350345
CtrSVDD_0028_E_0008284,-6.5362577008
CtrSVDD_0029_E_0008285,1.1991522510
CtrSVDD_0030_E_0008286,-7.3533832423
CtrSVDD_0031_E_0008287,-8.9508869657
CtrSVDD_0032_E_0008288,-6.8665440222
CtrSVDD_0033_E_0008289,-8.3785068666
CtrSVDD_0034_E_0008290,-2.8248201574
CtrSVDD_0035_E_0008291,-7.0821581241
CtrSVDD_0036_E_0008292,-0.6930450984
CtrSVDD_0037_E_0008293,-6.4818893852
CtrSVDD_0038_E_0008294,-7.4688762954
CtrSVDD_0039_E_0008295,1.0395498058
CtrSVDD_0040_E_0008296,-5.1601504287
CtrSVDD_0041_E_0008297,-7.8150401914
CtrSVDD_0042_E_0008298,0.1622693499
CtrSVDD_0043_E_0008299,-6.9969744928
CtrSVDD_0044_E_0008300,-7.5944175348
CtrSVDD_0045_E_0008301,-6.2124621997
CtrSVDD_0046_E_0008302,-0.5915835914
CtrSVDD_0047_E_0008303,-4.0776804217
CtrSVDD_0000_E_0008304,-5.8489025312
CtrSVDD_0001_E_0008305,-3.4497227847
CtrSVDD_0002_E_0008306,-6.6942860016
CtrSVDD_0003_E_0008307,-7.5046328125
CtrSVDD_0004_E_0008308,-4.3297907760
CtrSVDD_0005_E_0008309,0.6509158663
CtrSVDD_0006_E_0008310,-7.2761794296
CtrSVDD_0007_E_0008311,-1.3775781291
CtrSVDD_0008_E_0008312,-0.8881836646
CtrSVDD_0009_E_0008313,-5.7139976895
CtrSVDD_0010_E_0008314,-4.6025675211
CtrSVDD_0011_E_0008315,-7.7559032751
CtrSVDD_0012_E_0008316,-4.4828850251
CtrSVDD_0013_E_0008317,-8.4889499300
CtrSVDD_0014_E_0008318,2.2944721524
CtrSVDD_0015_E_0008319,-4.9178362500
CtrSVDD_0016_E_0008320,-6.5482678912
CtrSVDD_0017_E_0008321,-6.1939443429
CtrSVDD_0018_E_0008322,-7.9978357114
CtrSVDD_0019_E_0008323,-0.7145479891
CtrSVDD_0020_E_0008324,-7.8281203523
CtrSVDD_0021_E_0008325,-7.3173871518
CtrSVDD_0022_E_0008326,-8.5349797646
CtrSVDD_0023_E_0008327,-6.3946851770
CtrSVDD_0024_E_0008328,-6.7252479479
CtrSVDD_0025_E_0008329,-0.0398760261
CtrSVDD_0026_E_0008330,0.9790263415
CtrSVDD_0027_E_0008331,-5.2967966029
CtrSVDD_0028_E_0008332,-8.0810187602
CtrSVDD_0029_E_0008333,-5.3858689132
CtrSVDD_0030_E_0008334,-7.0571020106
CtrSVDD_0031_E_0008335,-5.3063523181
CtrSVDD_0032_E_0008336,-7.3845003252
CtrSVDD_0033_E_0008337,-5.5009284764
CtrSVDD_0034_E_0008338,-8.5313356309
CtrSVDD_0035_E_0008339,-1.0347594811
CtrSVDD_0036_E_0008340,-4.0147975437
CtrSVDD_0037_E_0008341,-1.4045462482
CtrSVDD_0038_E_0008342,-8.2136961671
CtrSVDD_0039_E_0008343,-7.4510249731
CtrSVDD_0040_E_0008344,-4.4345781781
CtrSVDD_0041_E_0008345,-3.8602453995
CtrSVDD_0042_E_0008346,-9.7589290254
CtrSVDD_0043_E_0008347,0.2206887118
CtrSVDD_0044_E_0008348,-4.2432142203
CtrSVDD_0045_E_0008349,-5.3113093907
CtrSVDD_0046_E_0008350,-5.1582281897
CtrSVDD_0047_E_0008351,-6.1536294633
CtrSVDD_0000_E_0008352,-5.4805004730
CtrSVDD_0001_E_0008353,-7.4643993934
CtrSVDD_0002_E_0008354,-4.4771578802
CtrSVDD_0003_E_0008355,0.4396974496
CtrSVDD_0004_E_0008356,-9.1858764029
CtrSVDD_0005_E_0008357,0.5309923114
CtrSVDD_0006_E_0008358,-0.8893672204
CtrSVDD_0007_E_0008359,-5.0495387831
CtrSVDD_0008_E_0008360,-6.8666125118
CtrSVDD_0009_E_0008361,1.6189001435
CtrSVDD_0010_E_0008362,-4.7250035468
CtrSVDD_0011_E_0008363,-4.6332122331
CtrSVDD_0012_E_0008364,-5.9702357553
CtrSVDD_0013_E_0008365,-6.2674816024
CtrSVDD_0014_E_0008366,-6.9085014323
CtrSVDD_0015_E_0008367,0.3932002772
CtrSVDD_0016_E_0008368,-7.6281939114
CtrSVDD_0017_E_0008369,-5.2750739835
CtrSVDD_0018_E_0008370,-3.7004246802
CtrSVDD_0019_E_0008371,-8.6317963751
CtrSVDD_0020_E_0008372,-1.1800959012
CtrSVDD_0021_E_0008373,-6.6549297583
CtrSVDD_0022_E_0008374,0.8295238696
CtrSVDD_0023_E_0008375,-6.5319502168
CtrSVDD_0024_E_0008376,-5.9998876186
CtrSVDD_0025_E_0008377,-7.0122669759
CtrSVDD_0026_E_0008378,-7.5511977211
CtrSVDD_0027_E_0008379,-6.1684082907
CtrSVDD_0028_E_0008380,-5.1447967663
CtrSVDD_0029_E_0008381,-8.0993343763
CtrSVDD_0030_E_0008382,-6.0260834190
CtrSVDD_0031_E_0008383,0.3713465049
CtrSVDD_0032_E_0008384,-9.3679489272
CtrSVDD_0033_E_0008385,0.8554553602
CtrSVDD_0034_E_0008386,-6.2734803712
CtrSVDD_0035_E_0008387,-4.3758330188
CtrSVDD_0036_E_0008388,-6.5587448004
CtrSVDD_0037_E_0008389,-7.1735941037
CtrSVDD_0038_E_0008390,1.0111555966
CtrSVDD_0039_E_0008391,-4.2104028442
CtrSVDD_0040_E_0008392,-7.7090015294
CtrSVDD_0041_E_0008393,-9.6828376576
CtrSVDD_0042_E_0008394,-6.0055765839
CtrSVDD_0043_E_0008395,-5.6097117684
CtrSVDD_0044_E_0008396,-0.5423003608
CtrSVDD_0045_E_0008397,2.1827248162
CtrSVDD_0046_E_0008398,1.8484782934
CtrSVDD_0047_E_0008399,-8.0520065772
CtrSVDD_0000_E_0008400,-7.0564959747
CtrSVDD_0001_E_0008401,-0.8297101288
CtrSVDD_0002_E_0008402,-8.4744079114
CtrSVDD_0003_E_0008403,-5.4299964680
CtrSVDD_0004_E_0008404,0.1793015971
CtrSVDD_0005_E_0008405,-2.8055985918
CtrSVDD_0006_E_0008406,-3.0953049315
CtrSVDD_0007_E_0008407,-6.6229673883
CtrSVDD_0008_E_0008408,-1.3058308700
CtrSVDD_0009_E_0008409,-7.3127268535
CtrSVDD_0010_E_0008410,-2.5531562270
CtrSVDD_0011_E_0008411,-6.0453124005
CtrSVDD_0012_E_0008412,-0.0258804687
CtrSVDD_0013_E_0008413,-7.5266852786
CtrSVDD_0014_E_0008414,-6.2662491406
CtrSVDD_0015_E_0008415,-4.7517470793
CtrSVDD_0016_E_0008416,-6.9272550540
CtrSVDD_0017_E_0008417,-7.5798407643
CtrSVDD_0018_E_0008418,-0.4990480477
CtrSVDD_0019_E_0008419,-4.2928974614
CtrSVDD_0020_E_0008420,1.7852624904
CtrSVDD_0021_E_0008421,-8.2828857120
CtrSVDD_0022_E_0008422,-4.9808518585
CtrSVDD_0023_E_0008423,-7.1010655174
CtrSVDD_0024_E_0008424,-4.3834170134
CtrSVDD_0025_E_0008425,-4.1941982456
CtrSVDD_0026_E_0008426,-6.0534114629
CtrSVDD_0027_E_0008427,-2.9869937471
CtrSVDD_0028_E_0008428,-6.8741626451
CtrSVDD_0029_E_0008429,-8.0719747459
CtrSVDD_0030_E_0008430,-4.3814183647
CtrSVDD_0031_E_0008431,-3.8709962639
CtrSVDD_0032_E_0008432,0.7145479891
CtrSVDD_0033_E_0008433,1.1821021320
CtrSVDD_0034_E_0008434,-1.1684451376
CtrSVDD_0035_E_0008435,-9.2887997500
CtrSVDD_0036_E_0008436,1.5544859921
CtrSVDD_0037_E_0008437,-2.5874430610
CtrSVDD_0038_E_0008438,-5.6531831439
CtrSVDD_0039_E_0008439,-3.2736584905
CtrSVDD_0040_E_0008440,0.2235561612
CtrSVDD_0041_E_0008441,-2.4129054158
CtrSVDD_0042_E_0008442,-6.9847078165
CtrSVDD_0043_E_0008443,-4.4957055534
CtrSVDD_0044_E_0008444,0.2278607921
CtrSVDD_0045_E_0008445,-5.4214921270
CtrSVDD_0046_E_0008446,-5.9050572488
CtrSVDD_0047_E_0008447,-7.1443565616
CtrSVDD_0000_E_0008448,-10.5862102469
CtrSVDD_0001_E_0008449,-1.0516312817
CtrSVDD_0002_E_0008450,-7.1680211730
CtrSVDD_0003_E_0008451,-5.0804719011
CtrSVDD_0004_E_0008452,-4.4229811390
CtrSVDD_0005_E_0008453,-7.0968582787
CtrSVDD_0006_E_0008454,-5.0322694886
CtrSVDD_0007_E_0008455,1.4631907961
CtrSVDD_0008_E_0008456,-5.2783987956
CtrSVDD_0009_E_0008457,-6.7259641808
CtrSVDD_0010_E_0008458,-4.9185515798
CtrSVDD_0011_E_0008459,-4.6104773351
CtrSVDD_0012_E_0008460,-7.1021098715
CtrSVDD_0013_E_0008461,-3.2544806262
CtrSVDD_0014_E_0008462,-6.4488757328
CtrSVDD_0015_E_0008463,-5.8864360850
CtrSVDD_0016_E_0008464,-5.2780221740
CtrSVDD_0017_E_0008465,-6.3237568497
CtrSVDD_0018_E_0008466,-7.8829054649
CtrSVDD_0019_E_0008467,-6.1340589961
CtrSVDD_0020_E_0008468,-6.5283293599
CtrSVDD_0021_E_0008469,-0.3698482853
CtrSVDD_0022_E_0008470,-3.1345347333
CtrSVDD_0023_E_0008471,-5.6511583159
CtrSVDD_0024_E_0008472,-7.4729823736
CtrSVDD_0025_E_0008473,1.6861499706
CtrSVDD_0026_E_0008474,-6.9551276109
CtrSVDD_0027_E_0008475,-5.5773138194
CtrSVDD_0028_E_0008476,-5.3509870518
CtrSVDD_0029_E_0008477,-8.6114802619
CtrSVDD_0030_E_0008478,-5.2116080165
CtrSVDD_0031_E_0008479,-7.2186335476
CtrSVDD_0032_E_0008480,-3.7232741470
CtrSVDD_0033_E_0008481,-6.4351960539
CtrSVDD_0034_E_0008482,-8.8440453780
CtrSVDD_0035_E_0008483,-8.5822014465
CtrSVDD_0036_E_0008484,-3.8245556934
CtrSVDD_0037_E_0008485,-4.4327553272
CtrSVDD_0038_E_0008486,-5.1757905402
CtrSVDD_0039_E_0008487,-6.6192778483
CtrSVDD_0040_E_0008488,-4.5375426630
CtrSVDD_0041_E_0008489,-2.2745501791
CtrSVDD_0042_E_0008490,-7.3659182744
CtrSVDD_0043_E_0008491,-4.9073333004
CtrSVDD_0044_E_0008492,-3.8070868433
CtrSVDD_0045_E_0008493,-0.5553094215
CtrSVDD_0046_E_0008494,-6.9698403763
CtrSVDD_0047_E_0008495,-6.0808146797
CtrSVDD_0000_E_0008496,-3.0048340604
CtrSVDD_0001_E_0008497,-4.8229916554
CtrSVDD_0002_E_0008498,-3.5357002935
CtrSVDD_0003_E_0008499,-5.2688396935
CtrSVDD_0004_E_0008500,-6.7796799177
CtrSVDD_0005_E_0008501,-7.3270275811
CtrSVDD_0006_E_0008502,-5.7673161476
CtrSVDD_0007_E_0008503,-7.0735891213
CtrSVDD_0008_E_0008504,-4.8093850466
CtrSVDD_0009_E_0008505,-7.5416624697
CtrSVDD_0010_E_0008506,-7.0966131851
CtrSVDD_0011_E_0008507,-1.4966413405
CtrSVDD_0012_E_0008508,-5.3234346068
CtrSVDD_0013_E_0008509,-8.6155021188
CtrSVDD_0014_E_0008510,-3.7392956316
CtrSVDD_0015_E_0008511,-7.4238244906
CtrSVDD_0016_E_0008512,-8.1091708056
CtrSVDD_0017_E_0008513,1.4966413405
CtrSVDD_0018_E_0008514,-5.0489030367
CtrSVDD_0019_E_0008515,-7.5652644017
CtrSVDD_0020_E_0008516,-5.6131489398
CtrSVDD_0021_E_0008517,-4.7074536290
CtrSVDD_0022_E_0008518,1.6962225050
CtrSVDD_0023_E_0008519,-4.1373651408
CtrSVDD_0024_E_0008520,-0.4475833594
CtrSVDD_0025_E_0008521,-2.3165138020
CtrSVDD_0026_E_0008522,-6.5185214550
CtrSVDD_0027_E_0008523,-7.8918472528
CtrSVDD_0028_E_0008524,-3.4228573008
CtrSVDD_0029_E_0008525,-7.0326599077
CtrSVDD_0030_E_0008526,-7.4195803848
CtrSVDD_0031_E_0008527,-0.7019651572
CtrSVDD_0032_E_0008528,-7.6843129729
CtrSVDD_0033_E_0008529,-7.9161527321
CtrSVDD_0034_E_0008530,-2.9830138501
CtrSVDD_0035_E_0008531,-5.0062244310
CtrSVDD_0036_E_0008532,-1.8587820645
CtrSVDD_0037_E_0008533,-5.5627498667
CtrSVDD_0038_E_0008534,-8.1784983207
CtrSVDD_0039_E_0008535,-6.6611694813
CtrSVDD_0040_E_0008536,-8.0438750761
CtrSVDD_0041_E_0008537,1.7128261265
CtrSVDD_0042_E_0008538,-7.1656481472
CtrSVDD_0043_E_0008539,-5.5046120138
CtrSVDD_0044_E_0008540,-5.2433339877
CtrSVDD_0045_E_0008541,-5.4172991470
CtrSVDD_0046_E_0008542,-5.8395164228
CtrSVDD_0047_E_0008543,-4.9855961757
CtrSVDD_0000_E_0008544,-6.2636918766
CtrSVDD_0001_E_0008545,-6.0249947836
CtrSVDD_0002_E_0008546,-7.8061190236
CtrSVDD_0003_E_0008547,-8.3455385703
CtrSVDD_0004_E_0008548,-7.3708386551
CtrSVDD_0005_E_0008549,-4.0927368832
CtrSVDD_0006_E_0008550,-7.7314619712
CtrSVDD_0007_E_0008551,-6.1040664260
CtrSVDD_0008_E_0008552,0.3728455586
CtrSVDD_0009_E_0008553,-5.0984749584
CtrSVDD_0010_E_0008554,-4.9065709510
CtrSVDD_0011_E_0008555,-4.3457683020
CtrSVDD_0012_E_0008556,-6.7500179129
CtrSVDD_0013_E_0008557,-8.2108501622
CtrSVDD_0014_E_0008558,-0.0764652898
CtrSVDD_0015_E_0008559,-4.4904991259
CtrSVDD_0016_E_0008560,-4.8338384390
CtrSVDD_0017_E_0008561,0.2249905740
CtrSVDD_0018_E_0008562,-3.9268137609
CtrSVDD_0019_E_0008563,-6.2690646636
CtrSVDD_0020_E_0008564,-7.9686095076
CtrSVDD_0021_E_0008565,-5.9061415034
CtrSVDD_0022_E_0008566,-2.7767177702
CtrSVDD_0023_E_0008567,-5.3816163678
CtrSVDD_0024_E_0008568,-0.1807232334
CtrSVDD_0025_E_0008569,-5.4668367989
CtrSVDD_0026_E_0008570,-3.9840999066
CtrSVDD_0027_E_0008571,-5.9115111066
CtrSVDD_0028_E_0008572,-8.7188076812
CtrSVDD_0029_E_0008573,-8.5974318085
CtrSVDD_0030_E_0008574,-3.8774297406
CtrSVDD_0031_E_0008575,-4.2723529244
CtrSVDD_0032_E_0008576,-8.3800839992
CtrSVDD_0033_E_0008577,0.1750388497
CtrSVDD_0034_E_0008578,-7.0233708373
CtrSVDD_0035_E_0008579,-4.9578907404
CtrSVDD_0036_E_0008580,-5.2337788966
CtrSVDD_0037_E_0008581,-4.1559277638
CtrSVDD_0038_E_0008582,-6.3997196695
CtrSVDD_0039_E_0008583,-6.9777382400
CtrSVDD_0040_E_0008584,-8.7448998736
CtrSVDD_0041_E_0008585,-6.2698669866
CtrSVDD_0042_E_0008586,-5.7118260103
CtrSVDD_0043_E_0008587,-8.5062613106
CtrSVDD_0044_E_0008588,-6.0458623531
CtrSVDD_0045_E_0008589,-7.0496747886
CtrSVDD_0046_E_0008590,-4.4049762473
CtrSVDD_0047_E_0008591,-7.8014722157
CtrSVDD_0000_E_0008592,-8.4700543300
CtrSVDD_0001_E_0008593,-7.3594472824
CtrSVDD_0002_E_0008594,-5.2216666790
CtrSVDD_0003_E_0008595,-5.4048960615
CtrSVDD_0004_E_0008596,-0.6100137811
CtrSVDD_0005_E_0008597,0.0258804687
CtrSVDD_0006_E_0008598,-2.1792126212
CtrSVDD_0007_E_0008599,-7.4914061097
CtrSVDD_0008_E_0008600,-4.6285894565
CtrSVDD_0009_E_0008601,-5.0041510461
CtrSVDD_0010_E_0008602,-3.5315404525
CtrSVDD_0011_E_0008603,-7.5172451790
CtrSVDD_0012_E_0008604,1.7589986111
CtrSVDD_0013_E_0008605,-7.0984215477
CtrSVDD_0014_E_0008606,-7.0485565367
CtrSVDD_0015_E_0008607,-6.1478466241
CtrSVDD_0016_E_0008608,-8.9619631385
CtrSVDD_0017_E_0008609,0.0286790869
CtrSVDD_0018_E_0008610,-0.3400525366
CtrSVDD_0019_E_0008611,-7.2557066339
CtrSVDD_0020_E_0008612,-4.8355451423
CtrSVDD_0021_E_0008613,-7.2839666248
CtrSVDD_0022_E_0008614,-4.5877951572
CtrSVDD_0023_E_0008615,-3.6585932916
CtrSVDD_0024_E_0008616,-6.8482159971
CtrSVDD_0025_E_0008617,-5.2496274970
CtrSVDD_0026_E_0008618,-6.2877514930
CtrSVDD_0027_E_0008619,-8.5497183356
CtrSVDD_0028_E_0008620,-9.8573092953
CtrSVDD_0029_E_0008621,-7.3340673327
CtrSVDD_0030_E_0008622,0.8737499097
CtrSVDD_0031_E_0008623,-8.5609474782
CtrSVDD_0032_E_0008624,0.6683561956
CtrSVDD_0033_E_0008625,0.3376287368
CtrSVDD_0034_E_0008626,-2.5728409060
CtrSVDD_0035_E_0008627,-1.0523250247
CtrSVDD_0036_E_0008628,-1.0443641049
CtrSVDD_0037_E_0008629,-6.1648340989
CtrSVDD_0038_E_0008630,-6.4983341313
CtrSVDD_0039_E_0008631,-5.3415969302
CtrSVDD_0040_E_0008632,-8.5328570599
CtrSVDD_0041_E_0008633,-0.8503195379
CtrSVDD_0042_E_0008634,-1.5237104807
CtrSVDD_0043_E_0008635,-5.9448840610
CtrSVDD_0044_E_0008636,-1.1302508567
CtrSVDD_0045_E_0008637,-0.6628312663
CtrSVDD_0046_E_0008638,-6.5159307673
CtrSVDD_0047_E_0008639,-3.9120210902
CtrSVDD_0000_E_0008640,-6.1722403466
CtrSVDD_0001_E_0008641,-5.0144707574
CtrSVDD_0002_E_0008642,-6.7943128437
CtrSVDD_0003_E_0008643,0.3164326907
CtrSVDD_0004_E_0008644,-7.3253303022
CtrSVDD_0005_E_0008645,-7.0644934489
CtrSVDD_0006_E_0008646,-7.4569588353
CtrSVDD_0007_E_0008647,-5.4409845031
CtrSVDD_0008_E_0008648,-0.4848395315
CtrSVDD_0009_E_0008649,0.0412759663
CtrSVDD_0010_E_0008650,-3.4862873837
CtrSVDD_0011_E_0008651,-5.2993137538
CtrSVDD_0012_E_0008652,-8.8672424711
CtrSVDD_0013_E_0008653,-7.2534936756
CtrSVDD_0014_E_0008654,-5.0754897281
CtrSVDD_0015_E_0008655,0.1707792806
CtrSVDD_0016_E_0008656,-5.9288460935
CtrSVDD_0017_E_0008657,-6.3841494712
CtrSVDD_0018_E_0008658,0.9522704869
CtrSVDD_0019_E_0008659,-5.6361123200
CtrSVDD_0020_E_0008660,-3.5434808615
CtrSVDD_0021_E_0008661,-7.5332692657
CtrSVDD_0022_E_0008662,0.1396318267
CtrSVDD_0023_E_0008663,-6.4014219439
CtrSVDD_0024_E_0008664,-1.9376587570
CtrSVDD_0025_E_0008665,0.6297458358
CtrSVDD_0026_E_0008666,-5.7804684709
CtrSVDD_0027_E_0008667,-4.9303190748
CtrSVDD_0028_E_0008668,-7.1460864702
CtrSVDD_0029_E_0008669,-5.7770514320
CtrSVDD_0030_E_0008670,-6.8019077608
CtrSVDD_0031_E_0008671,-6.1364534269
CtrSVDD_0032_E_0008672,-0.0280628062
CtrSVDD_0033_E_0008673,-5.1651323632
CtrSVDD_0034_E_0008674,-9.0854070167
CtrSVDD_0035_E_0008675,0.3710873993
CtrSVDD_0036_E_0008676,-5.4612427104
CtrSVDD_0037_E_0008677,-8.2812827176
CtrSVDD_0038_E_0008678,-3.3171146433
CtrSVDD_0039_E_0008679,-8.9373996512
CtrSVDD_0040_E_0008680,-4.7106818303
CtrSVDD_0041_E_0008681,-5.3194339974
CtrSVDD_0042_E_0008682,-0.7217891729
CtrSVDD_0043_E_0008683,-6.4998118466
CtrSVDD_0044_E_0008684,-4.7789019194
CtrSVDD_0045_E_0008685,-4.3204775356
CtrSVDD_0046_E_0008686,-6.4271797090
CtrSVDD_0047_E_0008687,-8.6130931594
CtrSVDD_0000_E_0008688,-7.4201338114
CtrSVDD_0001_E_0008689,-2.7319939593
CtrSVDD_0002_E_0008690,-6.0151140580
CtrSVDD_0003_E_0008691,-7.6457611503
CtrSVDD_0004_E_0008692,-5.6556047580
CtrSVDD_0005_E_0008693,-5.9295679641
CtrSVDD_0006_E_0008694,-6.0864997399
CtrSVDD_0007_E_0008695,-6.6320137017
CtrSVDD_0008_E_0008696,-6.5526929559
CtrSVDD_0009_E_0008697,-5.5093953551
CtrSVDD_0010_E_0008698,-6.6844524634
CtrSVDD_0011_E_0008699,-3.9660581537
CtrSVDD_0012_E_0008700,-3.5931394079
CtrSVDD_0013_E_0008701,-6.5754047519
CtrSVDD_0014_E_0008702,-9.6364218328
CtrSVDD_0015_E_0008703,-5.0944572386
CtrSVDD_0016_E_0008704,-5.7469975638
CtrSVDD_0017_E_0008705,-8.6557983413
CtrSVDD_0018_E_0008706,-4.9822554820
CtrSVDD_0019_E_0008707,-4.2672043649
CtrSVDD_0020_E_0008708,-7.8013455939
CtrSVDD_0021_E_0008709,0.4243412441
CtrSVDD_0022_E_0008710,1.6293610596
CtrSVDD_0023_E_0008711,-2.3513729740
CtrSVDD_0024_E_0008712,-0.1255203605
CtrSVDD_0025_E_0008713,1.2805982317
CtrSVDD_0026_E_0008714,-7.5458741011
CtrSVDD_0027_E_0008715,0.0006993941
CtrSVDD_0028_E_0008716,-4.3004880497
CtrSVDD_0029_E_0008717,-6.6336841789
CtrSVDD_0030_E_0008718,-4.3246021337
CtrSVDD_0031_E_0008719,0.5926382516
CtrSVDD_0032_E_0008720,-2.6562207852
CtrSVDD_0033_E_0008721,-7.6691907545
CtrSVDD_0034_E_0008722,-7.6786529268
CtrSVDD_0035_E_0008723,0.3179036343
CtrSVDD_0036_E_0008724,-0.5602120314
CtrSVDD_0037_E_0008725,-7.3798009287
CtrSVDD_0038_E_0008726,0.7754766874
CtrSVDD_0039_E_0008727,-2.8576328081
CtrSVDD_0040_E_0008728,-0.5213535034
CtrSVDD_0041_E_0008729,-4.1938794392
CtrSVDD_0042_E_0008730,2.0910621803
CtrSVDD_0043_E_0008731,-3.3789894885
CtrSVDD_0044_E_0008732,-5.4942631231
CtrSVDD_0045_E_0008733,-5.1945638612
CtrSVDD_0046_E_0008734,-6.7036485249
CtrSVDD_0047_E_0008735,-4.4645017411
CtrSVDD_0000_E_0008736,-7.0216048898
CtrSVDD_0001_E_0008737,-7.4778588487
CtrSVDD_0002_E_0008738,-6.6460273931
CtrSVDD_0003_E_0008739,-7.0547898379
CtrSVDD_0004_E_0008740,-5.8631079645
CtrSVDD_0005_E_0008741,0.5213535034
CtrSVDD_0006_E_0008742,-8.5423162878
CtrSVDD_0007_E_0008743,-3.1780060634
CtrSVDD_0008_E_0008744,-6.3572118487
CtrSVDD_0009_E_0008745,0.4315698163
CtrSVDD_0010_E_0008746,0.9448368552
CtrSVDD_0011_E_0008747,-6.0122768710
CtrSVDD_0012_E_0008748,-6.2046912453
CtrSVDD_0013_E_0008749,-8.1850366593
CtrSVDD_0014_E_0008750,-4.8383869496
CtrSVDD_0015_E_0008751,-4.5505557289
CtrSVDD_0016_E_0008752,-5.7452112331
CtrSVDD_0017_E_0008753,-5.9560249814
CtrSVDD_0018_E_0008754,-6.2091414683
CtrSVDD_0019_E_0008755,-6.8488528289
CtrSVDD_0020_E_0008756,-7.3979966477
CtrSVDD_0021_E_0008757,-3.4192269457
CtrSVDD_0022_E_0008758,-5.4698245908
CtrSVDD_0023_E_0008759,1.7495814869
CtrSVDD_0024_E_0008760,-4.8115980255
CtrSVDD_0025_E_0008761,0.1636868392
CtrSVDD_0026_E_0008762,-0.9070179191
CtrSVDD_0027_E_0008763,-7.2105003336
CtrSVDD_0028_E_0008764,-10.2828648342
CtrSVDD_0029_E_0008765,-6.0170165644
CtrSVDD_0030_E_0008766,-5.1143716369
CtrSVDD_0031_E_0008767,-7.5747019049
CtrSVDD_0032_E_0008768,-6.4600352304
CtrSVDD_0033_E_0008769,-7.7965881036
CtrSVDD_0034_E_0008770,-6.7484928478
CtrSVDD_0035_E_0008771,-5.9420195407
CtrSVDD_0036_E_0008772,0.1551867330
CtrSVDD_0037_E_0008773,-6.2963143931
CtrSVDD_0038_E_0008774,-4.1718007935
CtrSVDD_0039_E_0008775,-6.2479218219
CtrSVDD_0040_E_0008776,-4.3734035272
CtrSVDD_0041_E_0008777,2.2754413992
CtrSVDD_0042_E_0008778,0.9723250225
CtrSVDD_0043_E_0008779,-7.7576785917
CtrSVDD_0044_E_0008780,0.3549110233
CtrSVDD_0045_E_0008781,-5.3985518638
CtrSVDD_0046_E_0008782,-1.6657740800
CtrSVDD_0047_E_0008783,-1.6455782918
CtrSVDD_0000_E_0008784,-6.5372405659
CtrSVDD_0001_E_0008785,-7.7879609395
CtrSVDD_0002_E_0008786,-7.5777919852
CtrSVDD_0003_E_0008787,-7.4655651270
CtrSVDD_0004_E_0008788,-8.8172100441
CtrSVDD_0005_E_0008789,-6.3169423500
CtrSVDD_0006_E_0008790,-6.6944404366
CtrSVDD_0007_E_0008791,0.1963860225
CtrSVDD_0008_E_0008792,-6.5006386503
CtrSVDD_0009_E_0008793,-4.4866952072
CtrSVDD_0010_E_0008794,-1.9502111503
CtrSVDD_0011_E_0008795,-2.3802881009
CtrSVDD_0012_E_0008796,-8.9069503695
CtrSVDD_0013_E_0008797,-4.7273755709
CtrSVDD_0014_E_0008798,-0.2178230759
CtrSVDD_0015_E_0008799,1.3263921989
CtrSVDD_0016_E_0008800,-6.1993864109
CtrSVDD_0017_E_0008801,-4.1643985552
CtrSVDD_0018_E_0008802,-5.6235132147
CtrSVDD_0019_E_0008803,-4.0680667768
CtrSVDD_0020_E_0008804,0.7163547607
CtrSVDD_0021_E_0008805,-2.2436431253
CtrSVDD_0022_E_0008806,-6.3129452448
CtrSVDD_0023_E_0008807,-6.1483037014
CtrSVDD_0024_E_0008808,-6.2644385311
CtrSVDD_0025_E_0008809,-3.7521025894
CtrSVDD_0026_E_0008810,-6.9447344891
CtrSVDD_0027_E_0008811,-7.3669863116
CtrSVDD_0028_E_0008812,-5.6330412260
CtrSVDD_0029_E_0008813,-5.7489118731
CtrSVDD_0030_E_0008814,-4.6765642855
CtrSVDD_0031_E_0008815,-6.9830271402
CtrSVDD_0032_E_0008816,-0.6683561956
CtrSVDD_0033_E_0008817,-6.5503799282
CtrSVDD_0034_E_0008818,-5.2483906213
CtrSVDD_0035_E_0008819,-7.4776093019
CtrSVDD_0036_E_0008820,-5.0667227881
CtrSVDD_0037_E_0008821,-3.5840714861
CtrSVDD_0038_E_0008822,0.1368073982
CtrSVDD_0039_E_0008823,-5.0733076327
CtrSVDD_0040_E_0008824,-4.8933650478
CtrSVDD_0041_E_0008825,0.6614954021
CtrSVDD_0042_E_0008826,-6.1829078503
CtrSVDD_0043_E_0008827,1.4274166951
CtrSVDD_0044_E_0008828,-4.0005405977
CtrSVDD_0045_E_0008829,-1.5375044920
CtrSVDD_0046_E_0008830,-10.0337956717
CtrSVDD_0047_E_0008831,-2.9969188469
CtrSVDD_0000_E_0008832,0.4350798563
CtrSVDD_0001_E_0008833,-4.8558500238
CtrSVDD_0002_E_0008834,-7.0907427228
CtrSVDD_0003_E_0008835,-8.7703606414
CtrSVDD_0004_E_0008836,-6.4172993162
CtrSVDD_0005_E_0008837,-5.8154483639
CtrSVDD_0006_E_0008838,-3.8539157855
CtrSVDD_0007_E_0008839,-0.2915282760
CtrSVDD_0008_E_0008840,-0.8414219247
CtrSVDD_0009_E_0008841,-5.2834433078
CtrSVDD_0010_E_0008842,-6.6653773943
CtrSVDD_0011_E_0008843,-6.0592433097
CtrSVDD_0012_E_0008844,2.3571626578
CtrSVDD_0013_E_0008845,-6.1587535526
CtrSVDD_0014_E_0008846,-6.0483322669
CtrSVDD_0015_E_0008847,-4.4337829868
CtrSVDD_0016_E_0008848,-3.1383334130
CtrSVDD_0017_E_0008849,-5.6552373618
CtrSVDD_0018_E_0008850,0.0062945880
CtrSVDD_0019_E_0008851,-5.1173763397
CtrSVDD_0020_E_0008852,-6.3912384090
CtrSVDD_0021_E_0008853,-6.5686065102
CtrSVDD_0022_E_0008854,-6.5548327471
CtrSVDD_0023_E_0008855,-8.5169159583
CtrSVDD_0024_E_0008856,-8.0909468619
CtrSVDD_0025_E_0008857,-6.7094967298
CtrSVDD_0026_E_0008858,-6.1411891990
CtrSVDD_0027_E_0008859,-7.0678274492
CtrSVDD_0028_E_0008860,-6.5277964970
CtrSVDD_0029_E_0008861,-7.7211006299
CtrSVDD_0030_E_0008862,-4.6964526122
CtrSVDD_0031_E_0008863,-4.2876328964
CtrSVDD_0032_E_0008864,-6.5202012874
CtrSVDD_0033_E_0008865,-6.9423012568
CtrSVDD_0034_E_0008866,-6.2029425170
CtrSVDD_0035_E_0008867,-5.0530032818
CtrSVDD_0036_E_0008868,-8.2843603850
CtrSVDD_0037_E_0008869,-7.2503174670
CtrSVDD_0038_E_0008870,-7.1495703709
CtrSVDD_0039_E_0008871,-9.3182938636
CtrSVDD_0040_E_0008872,-4.5044530977
CtrSVDD_0041_E_0008873,-7.5841706171
CtrSVDD_0042_E_0008874,0.3488224086
CtrSVDD_0043_E_0008875,-3.1288297268
CtrSVDD_0044_E_0008876,-3.2452153565
CtrSVDD_0045_E_0008877,-6.6694816059
CtrSVDD_0046_E_0008878,-6.7816565451
CtrSVDD_0047_E_0008879,0.0384761641
CtrSVDD_0000_E_0008880,-5.4858950061
CtrSVDD_0001_E_0008881,-6.8688879762
CtrSVDD_0002_E_0008882,-0.2665177615
CtrSVDD_0003_E_0008883,-4.2871382682
CtrSVDD_0004_E_0008884,-7.5086241036
CtrSVDD_0005_E_0008885,-7.0084277150
CtrSVDD_0006_E_0008886,-6.7915395687
CtrSVDD_0007_E_0008887,-7.5295224657
CtrSVDD_0008_E_0008888,-0.4676051739
CtrSVDD_0009_E_0008889,-5.9431951176
CtrSVDD_0010_E_0008890,-8.8550701052
CtrSVDD_0011_E_0008891,-6.1161627047
CtrSVDD_0012_E_0008892,-6.0094989796
CtrSVDD_0013_E_0008893,-6.7840067298
CtrSVDD_0014_E_0008894,-1.8829302476
CtrSVDD_0015_E_0008895,-5.8910914613
CtrSVDD_0016_E_0008896,-6.2371747813
CtrSVDD_0017_E_0008897,-1.9439844904
CtrSVDD_0018_E_0008898,-3.6622403743
CtrSVDD_0019_E_0008899,-7.4359049315
CtrSVDD_0020_E_0008900,-4.8366894220
CtrSVDD_0021_E_0008901,-6.9677209313
CtrSVDD_0022_E_0008902,-4.7144618809
CtrSVDD_0023_E_0008903,-6.5385631035
CtrSVDD_0024_E_0008904,-6.3115213874
CtrSVDD_0025_E_0008905,-6.6625553593
CtrSVDD_0026_E_0008906,-5.1053741397
CtrSVDD_0027_E_0008907,-7.0137745029
CtrSVDD_0028_E_0008908,-6.9802248263
CtrSVDD_0029_E_0008909,-1.3728729196
CtrSVDD_0030_E_0008910,-4.7109704443
CtrSVDD_0031_E_0008911,-6.9994038747
CtrSVDD_0032_E_0008912,-5.4120398815
CtrSVDD_0033_E_0008913,-6.2120450248
CtrSVDD_0034_E_0008914,-3.5674280860
CtrSVDD_0035_E_0008915,-6.3533943585
CtrSVDD_0036_E_0008916,-1.1276053953
CtrSVDD_0037_E_0008917,-7.2973534112
CtrSVDD_0038_E_0008918,0.6736119784
CtrSVDD_0039_E_0008919,-6.1326512729
CtrSVDD_0040_E_0008920,-0.6631188104
CtrSVDD_0041_E_0008921,1.4721607661
CtrSVDD_0042_E_0008922,-6.6853556577
CtrSVDD_0043_E_0008923,-8.1860850411
CtrSVDD_0044_E_0008924,1.5052708191
CtrSVDD_0045_E_0008925,-6.1992591101
CtrSVDD_0046_E_0008926,-1.7583790479
CtrSVDD_0047_E_0008927,-0.1566026223
CtrSVDD_0000_E_0008928,-4.9466018931
CtrSVDD_0001_E_0008929,1.1355656473
CtrSVDD_0002_E_0008930,-3.0098121206
CtrSVDD_0003_E_0008931,-6.5935132142
CtrSVDD_0004_E_0008932,0.5006329560
CtrSVDD_0005_E_0008933,-6.1449205489
CtrSVDD_0006_E_0008934,-6.5719589603
CtrSVDD_0007_E_0008935,-7.2745391117
CtrSVDD_0008_E_0008936,-7.5778585785
CtrSVDD_0009_E_0008937,-3.5949535179
CtrSVDD_0010_E_0008938,-5.1259142012
CtrSVDD_0011_E_0008939,-2.0299189887
CtrSVDD_0012_E_0008940,-7.8898940137
CtrSVDD_0013_E_0008941,-7.1354496232
CtrSVDD_0014_E_0008942,-8.2087825540
CtrSVDD_0015_E_0008943,-7.6938033794
CtrSVDD_0016_E_0008944,-4.0943368535
CtrSVDD_0017_E_0008945,-8.3408442026
CtrSVDD_0018_E_0008946,-5.8618473591
CtrSVDD_0019_E_0008947,-0.3430181294
CtrSVDD_0020_E_0008948,-3.0712853787
CtrSVDD_0021_E_0008949,-5.7340175322
CtrSVDD_0022_E_0008950,-6.3389145269
CtrSVDD_0023_E_0008951,-4.1595383846
CtrSVDD_0024_E_0008952,-5.3534985749
CtrSVDD_0025_E_0008953,-6.8582461720
CtrSVDD_0026_E_0008954,-5.1851270110
CtrSVDD_0027_E_0008955,-7.1776780244
CtrSVDD_0028_E_0008956,-6.8754328044
CtrSVDD_0029_E_0008957,-6.7018927251
CtrSVDD_0030_E_0008958,-6.1434739340
CtrSVDD_0031_E_0008959,-0.7604483910
CtrSVDD_0032_E_0008960,-5.1000985595
CtrSVDD_0033_E_0008961,-5.7192231348
CtrSVDD_0034_E_0008962,-6.2759507321
CtrSVDD_0035_E_0008963,-7.0066767862
CtrSVDD_0036_E_0008964,-6.6294761583
CtrSVDD_0037_E_0008965,-6.3554521352
CtrSVDD_0038_E_0008966,-6.4322914383
CtrSVDD_0039_E_0008967,-5.4547535243
CtrSVDD_0040_E_0008968,-0.1267087739
CtrSVDD_0041_E_0008969,-5.6312272052
CtrSVDD_0042_E_0008970,-4.6110556920
CtrSVDD_0043_E_0008971,-6.1478111065
CtrSVDD_0044_E_0008972,-5.7328561191
CtrSVDD_0045_E_0008973,-3.5804454673
CtrSVDD_0046_E_0008974,-6.9533203208
CtrSVDD_0047_E_0008975,-4.9521385693
CtrSVDD_0000_E_0008976,-6.7511863029
CtrSVDD_0001_E_0008977,-3.3152807147
CtrSVDD_0002_E_0008978,-6.1358430360
CtrSVDD_0003_E_0008979,1.6035332955
CtrSVDD_0004_E_0008980,-0.3743454506
CtrSVDD_0005_E_0008981,1.3715585885
CtrSVDD_0006_E_0008982,-7.6047406855
CtrSVDD_0007_E_0008983,1.4506319509
CtrSVDD_0008_E_0008984,1.6601712470
CtrSVDD_0009_E_0008985,-6.6562010026
CtrSVDD_0010_E_0008986,1.5409625827
CtrSVDD_0011_E_0008987,-2.7861921266
CtrSVDD_0012_E_0008988,-2.7687866448
CtrSVDD_0013_E_0008989,-5.5431492916
CtrSVDD_0014_E_0008990,0.5849315401
CtrSVDD_0015_E_0008991,-7.1897481338
CtrSVDD_0016_E_0008992,-4.6417236500
CtrSVDD_0017_E_0008993,-6.0937351800
CtrSVDD_0018_E_0008994,-4.7690483632
CtrSVDD_0019_E_0008995,0.2178230759
CtrSVDD_0020_E_0008996,-5.7752788145
CtrSVDD_0021_E_0008997,-6.4767237671
CtrSVDD_0022_E_0008998,-6.4750545137
CtrSVDD_0023_E_0008999,-0.4801251684
CtrSVDD_0024_E_0009000,1.9484439573
CtrSVDD_0025_E_0009001,0.1693601163
CtrSVDD_0026_E_0009002,-8.3208613399
CtrSVDD_0027_E_0009003,-5.0370920652
CtrSVDD_0028_E_0009004,-7.3046245554
CtrSVDD_0029_E_0009005,-7.5449211584
CtrSVDD_0030_E_0009006,-4.2235054731
CtrSVDD_0031_E_0009007,2.0132834216
CtrSVDD_0032_E_0009008,-7.3345038987
CtrSVDD_0033_E_0009009,-6.2334805028
CtrSVDD_0034_E_0009010,-6.2274853535
CtrSVDD_0035_E_0009011,-1.3538593641
CtrSVDD_0036_E_0009012,-4.7476954328
CtrSVDD_0037_E_0009013,-8.1540689415
CtrSVDD_0038_E_0009014,-8.7566062883
CtrSVDD_0039_E_0009015,-8.0849542737
CtrSVDD_0040_E_0009016,-2.8773440472
CtrSVDD_0041_E_0009017,-9.8748022096
CtrSVDD_0042_E_0009018,-5.4141971364
CtrSVDD_0043_E_0009019,-5.3162297819
CtrSVDD_0044_E_0009020,-7.0684550043
CtrSVDD_0045_E_0009021,-7.6037672336
CtrSVDD_0046_E_0009022,0.0608848778
CtrSVDD_0047_E_0009023,-3.5587009831
CtrSVDD_0000_E_0009024,-7.1793135618
CtrSVDD_0001_E_0009025,-8.4322416975
CtrSVDD_0002_E_0009026,-2.0488698002
CtrSVDD_0003_E_0009027,-8.1783150221
CtrSVDD_0004_E_0009028,0.4151755544
CtrSVDD_0005_E_0009029,-6.0199592177
CtrSVDD_0006_E_0009030,-7.4808493481
CtrSVDD_0007_E_0009031,-6.1707785606
CtrSVDD_0008_E_0009032,-0.4613726783
CtrSVDD_0009_E_0009033,-6.7120308459
CtrSVDD_0010_E_0009034,-6.1171567254
CtrSVDD_0011_E_0009035,-5.3906124167
CtrSVDD_0012_E_0009036,-5.6394686283
CtrSVDD_0013_E_0009037,-3.3573555944
CtrSVDD_0014_E_0009038,-0.1388338918
CtrSVDD_0015_E_0009039,-6.4645809734
CtrSVDD_0016_E_0009040,-6.3946734710
CtrSVDD_0017_E_0009041,-6.6714464946
CtrSVDD_0018_E_0009042,-4.6506846247
CtrSVDD_0019_E_0009043,-8.0970285542
CtrSVDD_0020_E_0009044,-5.5630924887
CtrSVDD_0021_E_0009045,-6.9188618736
CtrSVDD_0022_E_0009046,-7.0948059378
CtrSVDD_0023_E_0009047,-3.0732189155
CtrSVDD_0024_E_0009048,-7.6496458384
CtrSVDD_0025_E_0009049,-6.9707673052
CtrSVDD_0026_E_0009050,-6.4408001557
CtrSVDD_0027_E_0009051,-7.1523270462
CtrSVDD_0028_E_0009052,-5.4289053280
CtrSVDD_0029_E_0009053,-7.2970324431
CtrSVDD_0030_E_0009054,-8.0496536295
CtrSVDD_0031_E_0009055,-3.4709529762
CtrSVDD_0032_E_0009056,-4.9957903058
CtrSVDD_0033_E_0009057,-6.0636494949
CtrSVDD_0034_E_0009058,-7.8637619076
CtrSVDD_0035_E_0009059,-3.6750160727
CtrSVDD_0036_E_0009060,-1.8996605653
CtrSVDD_0037_E_0009061,-9.0735827103
CtrSVDD_0038_E_0009062,-6.2116780638
CtrSVDD_0039_E_0009063,-4.6651306048
CtrSVDD_0040_E_0009064,-4.9437549945
CtrSVDD_0041_E_0009065,-9.4523868507
CtrSVDD_0042_E_0009066,-4.0540295549
CtrSVDD_0043_E_0009067,-7.5449795741
CtrSVDD_0044_E_0009068,0.1001806688
CtrSVDD_0045_E_0009069,-6.2928910503
CtrSVDD_0046_E_0009070,1.3823877397
CtrSVDD_0047_E_0009071,-3.9907418145
CtrSVDD_0000_E_0009072,-6.3466403248
CtrSVDD_0001_E_0009073,-7.0110083549
CtrSVDD_0002_E_0009074,-6.0770169665
CtrSVDD_0003_E_0009075,-9.3190205730
CtrSVDD_0004_E_0009076,-4.3266609736
CtrSVDD_0005_E_0009077,-0.0300784789
CtrSVDD_0006_E_0009078,-5.6163385381
CtrSVDD_0007_E_0009079,-6.8944997756
CtrSVDD_0008_E_0009080,-6.6130076380
CtrSVDD_0009_E_0009081,-4.6818227722
CtrSVDD_0010_E_0009082,-1.7141807469
CtrSVDD_0011_E_0009083,-7.4142979330
CtrSVDD_0012_E_0009084,-4.8864994811
CtrSVDD_0013_E_0009085,-7.7690979025
CtrSVDD_0014_E_0009086,0.1821452351
CtrSVDD_0015_E_0009087,-8.5633498382
CtrSVDD_0016_E_0009088,-5.2967664768
CtrSVDD_0017_E_0009089,-6.5666265721
CtrSVDD_0018_E_0009090,-1.4274166951
CtrSVDD_0019_E_0009091,-5.4964335864
CtrSVDD_0020_E_0009092,-4.9050745274
CtrSVDD_0021_E_0009093,-7.7559165088
CtrSVDD_0022_E_0009094,0.9544740278
CtrSVDD_0023_E_0009095,-6.3433583416
CtrSVDD_0024_E_0009096,-4.6488945028
CtrSVDD_0025_E_0009097,-10.1785331243
CtrSVDD_0026_E_0009098,-4.9370420343
CtrSVDD_0027_E_0009099,-7.1148667583
CtrSVDD_0028_E_0009100,-5.9028614793
CtrSVDD_0029_E_0009101,-8.4252936375
CtrSVDD_0030_E_0009102,-5.3982126604
CtrSVDD_0031_E_0009103,-7.1238588008
CtrSVDD_0032_E_0009104,0.6894924976
CtrSVDD_0033_E_0009105,-4.9321190589
CtrSVDD_0034_E_0009106,-7.5471787206
CtrSVDD_0035_E_0009107,-5.9156219236
CtrSVDD_0036_E_0009108,0.2624574964
CtrSVDD_0037_E_0009109,-7.2713561692
CtrSVDD_0038_E_0009110,-5.0994810044
CtrSVDD_0039_E_0009111,-6.0598496234
CtrSVDD_0040_E_0009112,-5.5655811735
CtrSVDD_0041_E_0009113,-2.5130049553
CtrSVDD_0042_E_0009114,-7.2072951739
CtrSVDD_0043_E_0009115,0.6718579897
CtrSVDD_0044_E_0009116,-8.2627120913
CtrSVDD_0045_E_0009117,-6.7803910026
CtrSVDD_0046_E_0009118,-3.4880977893
CtrSVDD_0047_E_0009119,-8.0064431897
CtrSVDD_0000_E_0009120,-5.9432868070
CtrSVDD_0001_E_0009121,-6.3723230894
CtrSVDD_0002_E_0009122,-7.0693851640
CtrSVDD_0003_E_0009123,-7.3060193326
CtrSVDD_0004_E_0009124,-5.9727441227
CtrSVDD_0005_E_0009125,-6.0020479266
CtrSVDD_0006_E_0009126,-6.0050072909
CtrSVDD_0007_E_0009127,-4.2291978682
CtrSVDD_0008_E_0009128,-8.4615721155
CtrSVDD_0009_E_0009129,-3.1656800428
CtrSVDD_0010_E_0009130,-5.8051302823
CtrSVDD_0011_E_0009131,-6.9983774198
CtrSVDD_0012_E_0009132,-2.7969947026
CtrSVDD_0013_E_0009133,-7.6275145662
CtrSVDD_0014_E_0009134,-7.9400640375
CtrSVDD_0015_E_0009135,-6.8248484634
CtrSVDD_0016_E_0009136,-6.3998302789
CtrSVDD_0017_E_0009137,-8.4887960549
CtrSVDD_0018_E_0009138,-6.1910257097
CtrSVDD_0019_E_0009139,-5.9957381937
CtrSVDD_0020_E_0009140,-0.0906213158
CtrSVDD_0021_E_0009141,-7.8679820610
CtrSVDD_0022_E_0009142,-5.6335841232
CtrSVDD_0023_E_0009143,-8.0299631086
CtrSVDD_0024_E_0009144,-0.2755104387
CtrSVDD_0025_E_0009145,-9.3655813569
CtrSVDD_0026_E_0009146,-6.5822133247
CtrSVDD_0027_E_0009147,-5.6761353809
CtrSVDD_0028_E_0009148,-0.4289374437
CtrSVDD_0029_E_0009149,-7.1670375702
CtrSVDD_0030_E_0009150,-6.1906782608
CtrSVDD_0031_E_0009151,1.9169401488
CtrSVDD_0032_E_0009152,-5.3633120013
CtrSVDD_0033_E_0009153,0.7567181311
CtrSVDD_0034_E_0009154,-2.0413326440
CtrSVDD_0035_E_0009155,-6.1370735695
CtrSVDD_0036_E_0009156,-7.9220511972
CtrSVDD_0037_E_0009157,-9.0205422729
CtrSVDD_0038_E_0009158,-4.5691385165
CtrSVDD_0039_E_0009159,-4.4720506789
CtrSVDD_0040_E_0009160,0.7886275707
CtrSVDD_0041_E_0009161,-5.4273575783
CtrSVDD_0042_E_0009162,-6.9745184228
CtrSVDD_0043_E_0009163,-8.2085664908
CtrSVDD_0044_E_0009164,-4.8797741410
CtrSVDD_0045_E_0009165,-5.1290890438
CtrSVDD_0046_E_0009166,-3.4083307211
CtrSVDD_0047_E_0009167,-8.2548292812
CtrSVDD_0000_E_0009168,-3.8339202470
CtrSVDD_0001_E_0009169,-7.2167221279
CtrSVDD_0002_E_0009170,-4.4968809420
CtrSVDD_0003_E_0009171,0.6667843191
CtrSVDD_0004_E_0009172,1.5318557475
CtrSVDD_0005_E_0009173,-4.2574401000
CtrSVDD_0006_E_0009174,-3.3701216156
CtrSVDD_0007_E_0009175,-6.6453942751
CtrSVDD_0008_E_0009176,-5.9573240798
CtrSVDD_0009_E_0009177,1.2194953228
CtrSVDD_0010_E_0009178,-3.2014421652
CtrSVDD_0011_E_0009179,-6.0352342394
CtrSVDD_0012_E_0009180,-6.2816349028
CtrSVDD_0013_E_0009181,-7.3326073512
CtrSVDD_0014_E_0009182,-5.8503650461
CtrSVDD_0015_E_0009183,-8.0831637089
CtrSVDD_0016_E_0009184,-6.4130865651
CtrSVDD_0017_E_0009185,-7.7660408335
CtrSVDD_0018_E_0009186,0.8850301257
CtrSVDD_0019_E_0009187,-1.2464162809
CtrSVDD_0020_E_0009188,-6.5615527983
CtrSVDD_0021_E_0009189,-7.1284635687
CtrSVDD_0022_E_0009190,-5.7393662140
CtrSVDD_0023_E_0009191,-6.9309167032
CtrSVDD_0024_E_0009192,-5.7215710602
CtrSVDD_0025_E_0009193,-4.2584689445
CtrSVDD_0026_E_0009194,-6.1798346068
CtrSVDD_0027_E_0009195,-6.9659933592
CtrSVDD_0028_E_0009196,-6.4528070146
CtrSVDD_0029_E_0009197,-0.5618492257
CtrSVDD_0030_E_0009198,-8.7786998345
CtrSVDD_0031_E_0009199,-3.0206001185
CtrSVDD_0032_E_0009200,-4.4498386095
CtrSVDD_0033_E_0009201,-4.6794389346
CtrSVDD_0034_E_0009202,1.0619105681
CtrSVDD_0035_E_0009203,-7.2597679825
CtrSVDD_0036_E_0009204,0.6085532539
CtrSVDD_0037_E_0009205,-7.4748603696
CtrSVDD_0038_E_0009206,-5.6236353425
CtrSVDD_0039_E_0009207,-6.3939713057
CtrSVDD_0040_E_0009208,-5.7042516704
CtrSVDD_0041_E_0009209,-6.7027688533
CtrSVDD_0042_E_0009210,-6.1976914053
CtrSVDD_0043_E_0009211,-5.6912771479
CtrSVDD_0044_E_0009212,-6.1685928532
CtrSVDD_0045_E_0009213,-7.1584913995
CtrSVDD_0046_E_0009214,-4.8759406594
CtrSVDD_0047_E_0009215,-7.2234997650
CtrSVDD_0000_E_0009216,-6.5114005738
CtrSVDD_0001_E_0009217,-7.3574238166
CtrSVDD_0002_E_0009218,-6.6487071293
CtrSVDD_0003_E_0009219,-7.3200065522
CtrSVDD_0004_E_0009220,-6.3304892827
CtrSVDD_0005_E_0009221,0.4045260948
CtrSVDD_0006_E_0009222,-3.6221896451
CtrSVDD_0007_E_0009223,-7.0428624262
CtrSVDD_0008_E_0009224,0.9995624115
CtrSVDD_0009_E_0009225,-4.1623076755
CtrSVDD_0010_E_0009226,-7.4514985946
CtrSVDD_0011_E_0009227,-0.0244812369
CtrSVDD_0012_E_0009228,-3.6022118465
CtrSVDD_0013_E_0009229,-8.8495362308
CtrSVDD_0014_E_0009230,-8.1276022003
CtrSVDD_0015_E_0009231,-6.6329289893
CtrSVDD_0016_E_0009232,-5.7552560752
CtrSVDD_0017_E_0009233,-7.8457256881
CtrSVDD_0018_E_0009234,-6.7104975210
CtrSVDD_0019_E_0009235,0.5293824378
CtrSVDD_0020_E_0009236,-0.1142492917
CtrSVDD_0021_E_0009237,-8.5046717565
CtrSVDD_0022_E_0009238,-6.0729230413
CtrSVDD_0023_E_0009239,-3.4235494130
CtrSVDD_0024_E_0009240,-7.7988013384
CtrSVDD_0025_E_0009241,-6.2680586240
CtrSVDD_0026_E_0009242,-6.4628624669
CtrSVDD_0027_E_0009243,-7.6291401155
CtrSVDD_0028_E_0009244,-6.7462207454
CtrSVDD_0029_E_0009245,-5.9135653749
CtrSVDD_0030_E_0009246,-5.0389247422
CtrSVDD_0031_E_0009247,-6.9779203073
CtrSVDD_0032_E_0009248,-7.2549075257
CtrSVDD_0033_E_0009249,-5.0320014058
CtrSVDD_0034_E_0009250,-6.2161774485
CtrSVDD_0035_E_0009251,-1.1144948228
CtrSVDD_0036_E_0009252,-7.2726881519
CtrSVDD_0037_E_0009253,-6.2606342904
CtrSVDD_0038_E_0009254,-7.2213742355
CtrSVDD_0039_E_0009255,-6.0030175897
CtrSVDD_0040_E_0009256,-6.1537087306
CtrSVDD_0041_E_0009257,-9.6099202227
CtrSVDD_0042_E_0009258,-9.3097369013
CtrSVDD_0043_E_0009259,-0.9689532745
CtrSVDD_0044_E_0009260,-5.7593978721
CtrSVDD_0045_E_0009261,-6.1766109084
CtrSVDD_0046_E_0009262,-5.4159201570
CtrSVDD_0047_E_0009263,-5.5127359956
CtrSVDD_0000_E_0009264,-0.3385708627
CtrSVDD_0001_E_0009265,-7.4528747464
CtrSVDD_0002_E_0009266,-6.9081151578
CtrSVDD_0003_E_0009267,2.3143720728
CtrSVDD_0004_E_0009268,0.0777108845
CtrSVDD_0005_E_0009269,0.3924111291
CtrSVDD_0006_E_0009270,-6.2224708870
CtrSVDD_0007_E_0009271,1.1709236590
CtrSVDD_0008_E_0009272,-5.7441944929
CtrSVDD_0009_E_0009273,-5.1879818510
CtrSVDD_0010_E_0009274,-6.3727651230
CtrSVDD_0011_E_0009275,-8.4210881408
CtrSVDD_0012_E_0009276,-7.5653801433
CtrSVDD_0013_E_0009277,-4.1706187338
CtrSVDD_0014_E_0009278,-3.9816486069
CtrSVDD_0015_E_0009279,-7.1978179524
CtrSVDD_0016_E_0009280,-6.4331162010
CtrSVDD_0017_E_0009281,-5.5814130351
CtrSVDD_0018_E_0009282,-6.2824945960
CtrSVDD_0019_E_0009283,-6.9378393487
CtrSVDD_0020_E_0009284,-0.6457902880
CtrSVDD_0021_E_0009285,-5.3454353186
CtrSVDD_0022_E_0009286,1.2136317090
CtrSVDD_0023_E_0009287,-5.3540587679
CtrSVDD_0024_E_0009288,-0.0692954288
CtrSVDD_0025_E_0009289,-5.5290794856
CtrSVDD_0026_E_0009290,-5.9478373193
CtrSVDD_0027_E_0009291,-6.6636683747
CtrSVDD_0028_E_0009292,-0.2624574964
CtrSVDD_0029_E_0009293,-7.9578044740
CtrSVDD_0030_E_0009294,-6.7677359190
CtrSVDD_0031_E_0009295,-6.8868695784
CtrSVDD_0032_E_0009296,-6.1836521933
CtrSVDD_0033_E_0009297,-3.0321731962
CtrSVDD_0034_E_0009298,-5.9670974318
CtrSVDD_0035_E_0009299,-5.4987345496
CtrSVDD_0036_E_0009300,1.9251456555
CtrSVDD_0037_E_0009301,-6.6777940005
CtrSVDD_0038_E_0009302,-2.5584153011
CtrSVDD_0039_E_0009303,-5.6968966339
CtrSVDD_0040_E_0009304,0.1608521865
CtrSVDD_0041_E_0009305,-7.3582288043
CtrSVDD_0042_E_0009306,-4.3572700191
CtrSVDD_0043_E_0009307,0.0020981837
CtrSVDD_0044_E_0009308,-5.9480742721
CtrSVDD_0045_E_0009309,-7.8864936642
CtrSVDD_0046_E_0009310,-6.8931358393
CtrSVDD_0047_E_0009311,-2.2987076703
CtrSVDD_0000_E_0009312,-7.3119837332
CtrSVDD_0001_E_0009313,-0.5204622378
CtrSVDD_0002_E_0009314,-7.5839935309
CtrSVDD_0003_E_0009315,-4.5074994450
CtrSVDD_0004_E_0009316,-8.5521903091
CtrSVDD_0005_E_0009317,-3.6951292888
CtrSVDD_0006_E_0009318,-5.4284541960
CtrSVDD_0007_E_0009319,-5.4255434778
CtrSVDD_0008_E_0009320,-6.3788191778
CtrSVDD_0009_E_0009321,-9.0083688313
CtrSVDD_0010_E_0009322,-8.3966688416
CtrSVDD_0011_E_0009323,0.3909008364
CtrSVDD_0012_E_0009324,-5.5486827753
CtrSVDD_0013_E_0009325,-6.3304215219
CtrSVDD_0014_E_0009326,-6.6485715929
CtrSVDD_0015_E_0009327,-3.6549475317
CtrSVDD_0016_E_0009328,-6.7930471216
CtrSVDD_0017_E_0009329,-6.4867258747
CtrSVDD_0018_E_0009330,-7.8848350966
CtrSVDD_0019_E_0009331,-2.7445999462
CtrSVDD_0020_E_0009332,-3.6040269214
CtrSVDD_0021_E_0009333,-1.7191897987
CtrSVDD_0022_E_0009334,-8.0924312594
CtrSVDD_0023_E_0009335,1.2165582875
CtrSVDD_0024_E_0009336,-7.8714415605
CtrSVDD_0025_E_0009337,1.4794189075
CtrSVDD_0026_E_0009338,-0.1495262561
CtrSVDD_0027_E_0009339,-1.1915349214
CtrSVDD_0028_E_0009340,-7.6129532432
CtrSVDD_0029_E_0009341,1.2579652968
CtrSVDD_0030_E_0009342,-4.7806287847
CtrSVDD_0031_E_0009343,-5.3665548672
CtrSVDD_0032_E_0009344,-6.3730105703
CtrSVDD_0033_E_0009345,-8.4052513248
CtrSVDD_0034_E_0009346,-7.4453837245
CtrSVDD_0035_E_0009347,-0.0216829145
CtrSVDD_0036_E_0009348,-4.4768737048
CtrSVDD_0037_E_0009349,-2.3740879236
CtrSVDD_0038_E_0009350,-6.2893643737
CtrSVDD_0039_E_0009351,-1.0990107135
CtrSVDD_0040_E_0009352,-4.1685861534
CtrSVDD_0041_E_0009353,-4.4016935224
CtrSVDD_0042_E_0009354,-8.3877076269
CtrSVDD_0043_E_0009355,-8.5987848166
CtrSVDD_0044_E_0009356,-6.0230237065
CtrSVDD_0045_E_0009357,-3.3686847242
CtrSVDD_0046_E_0009358,-6.5732415203
CtrSVDD_0047_E_0009359,-6.3168053831
CtrSVDD_0000_E_0009360,-6.2084338547
CtrSVDD_0001_E_0009361,-2.7434812944
CtrSVDD_0002_E_0009362,-6.2119581206
CtrSVDD_0003_E_0009363,-6.1233335575
CtrSVDD_0004_E_0009364,-8.1958537181
CtrSVDD_0005_E_0009365,-6.3747617665
CtrSVDD_0006_E_0009366,-6.8777650988
CtrSVDD_0007_E_0009367,-5.5073260032
CtrSVDD_0008_E_0009368,-5.4152770112
CtrSVDD_0009_E_0009369,-0.0412536044
CtrSVDD_0010_E_0009370,-0.3356097395
CtrSVDD_0011_E_0009371,-7.3554024733
CtrSVDD_0012_E_0009372,-6.7749104327
CtrSVDD_0013_E_0009373,-7.0021603786
CtrSVDD_0014_E_0009374,-6.2441381157
CtrSVDD_0015_E_0009375,-6.4262669663
CtrSVDD_0016_E_0009376,-0.6561637812
CtrSVDD_0017_E_0009377,-6.3200675581
CtrSVDD_0018_E_0009378,-2.7201032978
CtrSVDD_0019_E_0009379,-8.9974663015
CtrSVDD_0020_E_0009380,-9.3994505912
CtrSVDD_0021_E_0009381,-7.1606093660
CtrSVDD_0022_E_0009382,-6.1232753533
CtrSVDD_0023_E_0009383,-5.7858828279
CtrSVDD_0024_E_0009384,-4.9983444240
CtrSVDD_0025_E_0009385,-6.9847305010
CtrSVDD_0026_E_0009386,-2.1282981006
CtrSVDD_0027_E_0009387,-3.1059229730
CtrSVDD_0028_E_0009388,-4.7100451658
CtrSVDD_0029_E_0009389,-5.7536849514
CtrSVDD_0030_E_0009390,-3.4536861379
CtrSVDD_0031_E_0009391,-6.1397231439
CtrSVDD_0032_E_0009392,-7.4674812591
CtrSVDD_0033_E_0009393,-8.2007647299
CtrSVDD_0034_E_0009394,-7.4480641566
CtrSVDD_0035_E_0009395,-5.8728990691
CtrSVDD_0036_E_0009396,-6.9102708998
CtrSVDD_0037_E_0009397,-8.4414313774
CtrSVDD_0038_E_0009398,-6.5386564099
CtrSVDD_0039_E_0009399,-6.6071340588
CtrSVDD_0040_E_0009400,-4.5356781815
CtrSVDD_0041_E_0009401,-7.9381860325
CtrSVDD_0042_E_0009402,-2.7202877802
CtrSVDD_0043_E_0009403,-1.3399994132
CtrSVDD_0044_E_0009404,-8.0009884705
CtrSVDD_0045_E_0009405,-5.8011000284
CtrSVDD_0046_E_0009406,-6.0570052344
CtrSVDD_0047_E_0009407,-8.3938936384
CtrSVDD_0000_E_0009408,-4.0044680812
CtrSVDD_0001_E_0009409,-6.9110491086
CtrSVDD_0002_E_0009410,-4.8570006629
CtrSVDD_0003_E_0009411,-5.3383368833
CtrSVDD_0004_E_0009412,-7.0753016975
CtrSVDD_0005_E_0009413,-4.1960005227
CtrSVDD_0006_E_0009414,-5.8102379429
CtrSVDD_0007_E_0009415,-6.3342132734
CtrSVDD_0008_E_0009416,-5.1701150414
CtrSVDD_0009_E_0009417,-8.2921718397
CtrSVDD_0010_E_0009418,-0.9767699911
CtrSVDD_0011_E_0009419,-6.9493451444
CtrSVDD_0012_E_0009420,-6.0673022059
CtrSVDD_0013_E_0009421,-7.7428448292
CtrSVDD_0014_E_0009422,-5.6843436780
CtrSVDD_0015_E_0009423,-4.4366524588
CtrSVDD_0016_E_0009424,-0.5101690464
CtrSVDD_0017_E_0009425,-5.1750985480
CtrSVDD_0018_E_0009426,-3.0924938065
CtrSVDD_0019_E_0009427,-4.7906159500
CtrSVDD_0020_E_0009428,-5.7573656915
CtrSVDD_0021_E_0009429,-6.8884015300
CtrSVDD_0022_E_0009430,0.3683508953
CtrSVDD_0023_E_0009431,-6.5499287829
CtrSVDD_0024_E_0009432,-4.5620537682
CtrSVDD_0025_E_0009433,-6.1535816216
CtrSVDD_0026_E_0009434,-5.7735040636
CtrSVDD_0027_E_0009435,-7.5543145078
CtrSVDD_0028_E_0009436,-9.3806760989
CtrSVDD_0029_E_0009437,-3.7102787622
CtrSVDD_0030_E_0009438,-6.0194258996
CtrSVDD_0031_E_0009439,0.7236053830
CtrSVDD_0032_E_0009440,-0.3549110233
CtrSVDD_0033_E_0009441,-5.9404824399
CtrSVDD_0034_E_0009442,-5.4740219655
CtrSVDD_0035_E_0009443,-7.8964727690
CtrSVDD_0036_E_0009444,-7.5092361893
CtrSVDD_0037_E_0009445,-5.9183954000
CtrSVDD_0038_E_0009446,1.2966417965
CtrSVDD_0039_E_0009447,-1.8773044638
CtrSVDD_0040_E_0009448,-6.1736697142
CtrSVDD_0041_E_0009449,-8.1392951273
CtrSVDD_0042_E_0009450,-4.2445527968
CtrSVDD_0043_E_0009451,0.1755252287
CtrSVDD_0044_E_0009452,-9.2255593709
CtrSVDD_0045_E_0009453,-5.7650716451
CtrSVDD_0046_E_0009454,-7.6626500300
CtrSVDD_0047_E_0009455,-7.1301544896
CtrSVDD_0000_E_0009456,-4.5443330352
CtrSVDD_0001_E_0009457,-4.1981237027
CtrSVDD_0002_E_0009458,-3.8867357343
CtrSVDD_0003_E_0009459,-0.8295238696
CtrSVDD_0004_E_0009460,0.2521773470
CtrSVDD_0005_E_0009461,-6.4282533557
CtrSVDD_0006_E_0009462,-5.5032991853
CtrSVDD_0007_E_0009463,-0.1835676051
CtrSVDD_0008_E_0009464,-6.3671838485
CtrSVDD_0009_E_0009465,-5.9446593150
CtrSVDD_0010_E_0009466,-4.7702898981
CtrSVDD_0011_E_0009467,0.5340621387
CtrSVDD_0012_E_0009468,-3.1717590836
CtrSVDD_0013_E_0009469,-0.8758006938
CtrSVDD_0014_E_0009470,-7.1220342462
CtrSVDD_0015_E_0009471,-0.7073440802
CtrSVDD_0016_E_0009472,-4.9135007113
CtrSVDD_0017_E_0009473,-8.2388985769
CtrSVDD_0018_E_0009474,-5.0605382391
CtrSVDD_0019_E_0009475,-5.8736561088
CtrSVDD_0020_E_0009476,-6.7277861127
CtrSVDD_0021_E_0009477,-4.2702742656
CtrSVDD_0022_E_0009478,-5.9110321257
CtrSVDD_0023_E_0009479,-6.1333623270
CtrSVDD_0024_E_0009480,-4.3185117999
CtrSVDD_0025_E_0009481,-3.8189459300
CtrSVDD_0026_E_0009482,-4.1490741599
CtrSVDD_0027_E_0009483,0.0454762832
CtrSVDD_0028_E_0009484,-5.4598293376
CtrSVDD_0029_E_0009485,-0.4691661305
CtrSVDD_0030_E_0009486,-7.4553972106
CtrSVDD_0031_E_0009487,0.8688545674
CtrSVDD_0032_E_0009488,-2.9225944417
CtrSVDD_0033_E_0009489,-0.8138400168
CtrSVDD_0034_E_0009490,-6.8652746274
CtrSVDD_0035_E_0009491,-3.0635399260
CtrSVDD_0036_E_0009492,-7.2377793221
CtrSVDD_0037_E_0009493,-5.7740303903
CtrSVDD_0038_E_0009494,-8.5571705737
CtrSVDD_0039_E_0009495,0.4676051739
CtrSVDD_0040_E_0009496,-5.2383489090
CtrSVDD_0041_E_0009497,-7.1319186328
CtrSVDD_0042_E_0009498,-3.5442133481
CtrSVDD_0043_E_0009499,-1.5025231651
CtrSVDD_0044_E_0009500,-6.5914313205
CtrSVDD_0045_E_0009501,-8.1062808835
CtrSVDD_0046_E_0009502,0.8534403046
CtrSVDD_0047_E_0009503,-0.9899070206
CtrSVDD_0000_E_0009504,-7.8336867261
CtrSVDD_0001_E_0009505,-4.0631209191
CtrSVDD_0002_E_0009506,-2.8375404857
CtrSVDD_0003_E_0009507,-6.0848405014
CtrSVDD_0004_E_0009508,-5.9937132476
CtrSVDD_0005_E_0009509,-6.6578455175
CtrSVDD_0006_E_0009510,-8.0581666465
CtrSVDD_0007_E_0009511,-6.8814207815
CtrSVDD_0008_E_0009512,-5.3226050956
CtrSVDD_0009_E_0009513,-6.0090563551
CtrSVDD_0010_E_0009514,-6.4000959991
CtrSVDD_0011_E_0009515,-5.2785336309
CtrSVDD_0012_E_0009516,-7.3638464920
CtrSVDD_0013_E_0009517,-6.9762565506
CtrSVDD_0014_E_0009518,-4.7778866861
CtrSVDD_0015_E_0009519,-6.3560791334
CtrSVDD_0016_E_0009520,-7.9601620029
CtrSVDD_0017_E_0009521,-6.5565504166
CtrSVDD_0018_E_0009522,-5.2506079935
CtrSVDD_0019_E_0009523,-1.1249678019
CtrSVDD_0020_E_0009524,-8.1205098137
CtrSVDD_0021_E_0009525,-3.7487936441
CtrSVDD_0022_E_0009526,-6.5851211387
CtrSVDD_0023_E_0009527,-8.3480372278
CtrSVDD_0024_E_0009528,-6.8970442493
CtrSVDD_0025_E_0009529,-6.7061016165
CtrSVDD_0026_E_0009530,-8.9710595126
CtrSVDD_0027_E_0009531,-6.3912519770
CtrSVDD_0028_E_0009532,-7.5096106852
CtrSVDD_0029_E_0009533,-5.4478637398
CtrSVDD_0030_E_0009534,-5.5786724573
CtrSVDD_0031_E_0009535,0.4014918522
CtrSVDD_0032_E_0009536,-4.4255595150
CtrSVDD_0033_E_0009537,-1.3331649506
CtrSVDD_0034_E_0009538,-5.2481575341
CtrSVDD_0035_E_0009539,-4.2575893692
CtrSVDD_0036_E_0009540,-5.4772212800
CtrSVDD_0037_E_0009541,-6.5995672005
CtrSVDD_0038_E_0009542,-6.3600363268
CtrSVDD_0039_E_0009543,-8.9732406576
CtrSVDD_0040_E_0009544,0.1227011540
CtrSVDD_0041_E_0009545,-7.3996423624
CtrSVDD_0042_E_0009546,-3.0264908407
CtrSVDD_0043_E_0009547,-6.4299287674
CtrSVDD_0044_E_0009548,-7.0316937676
CtrSVDD_0045_E_0009549,-8.2585870676
CtrSVDD_0046_E_0009550,0.0833242105
CtrSVDD_0047_E_0009551,-0.3848685318
CtrSVDD_0000_E_0009552,-6.0119817177
CtrSVDD_0001_E_0009553,-8.3331912959
CtrSVDD_0002_E_0009554,-7.9493567091
CtrSVDD_0003_E_0009555,-1.8721977955
CtrSVDD_0004_E_0009556,-6.1564616289
CtrSVDD_0005_E_0009557,-8.2995690296
CtrSVDD_0006_E_0009558,-7.6033129501
CtrSVDD_0007_E_0009559,-7.1002310310
CtrSVDD_0008_E_0009560,-4.6039918441
CtrSVDD_0009_E_0009561,-7.2395673966
CtrSVDD_0010_E_0009562,-7.1020468220
CtrSVDD_0011_E_0009563,-7.0089247214
CtrSVDD_0012_E_0009564,-4.8196405598
CtrSVDD_0013_E_0009565,-7.3322305581
CtrSVDD_0014_E_0009566,-8.4003528127
CtrSVDD_0015_E_0009567,-7.5292094023
CtrSVDD_0016_E_0009568,-5.1535088606
CtrSVDD_0017_E_0009569,-0.1194082724
CtrSVDD_0018_E_0009570,-8.3484876201
CtrSVDD_0019_E_0009571,-5.3456450161
CtrSVDD_0020_E_0009572,-6.8217726939
CtrSVDD_0021_E_0009573,-4.1352727136
CtrSVDD_0022_E_0009574,-3.1040076143
CtrSVDD_0023_E_0009575,-3.0674149260
CtrSVDD_0024_E_0009576,-6.2731982352
CtrSVDD_0025_E_0009577,-7.4157554987
CtrSVDD_0026_E_0009578,-3.4512310058
CtrSVDD_0027_E_0009579,-6.2000699018
CtrSVDD_0028_E_0009580,-4.1096316243
CtrSVDD_0029_E_0009581,-8.9456581834
CtrSVDD_0030_E_0009582,-3.4582761675
CtrSVDD_0031_E_0009583,-1.5140138711
CtrSVDD_0032_E_0009584,-9.7949424044
CtrSVDD_0033_E_0009585,-7.1165677172
CtrSVDD_0034_E_0009586,-7.7292904923
CtrSVDD_0035_E_0009587,-6.0544964385
CtrSVDD_0036_E_0009588,-7.8215788894
CtrSVDD_0037_E_0009589,-8.2214395259
CtrSVDD_0038_E_0009590,-7.5522106139
CtrSVDD_0039_E_0009591,-8.3671481416
CtrSVDD_0040_E_0009592,-7.3960454107
CtrSVDD_0041_E_0009593,-7.1629801589
CtrSVDD_0042_E_0009594,-4.5353626653
CtrSVDD_0043_E_0009595,-6.8692455376
CtrSVDD_0044_E_0009596,-7.3266933732
CtrSVDD_0045_E_0009597,0.4943008145
CtrSVDD_0046_E_0009598,-4.0473402857
CtrSVDD_0047_E_0009599,-5.0699695263
CtrSVDD_0000_E_0009600,-7.6239357975
CtrSVDD_0001_E_0009601,-6.6470560798
CtrSVDD_0002_E_0009602,-6.3133686596
CtrSVDD_0003_E_0009603,-5.4457151752
CtrSVDD_0004_E_0009604,-6.0436431608
CtrSVDD_0005_E_0009605,-4.9906052930
CtrSVDD_0006_E_0009606,-0.1325727936
CtrSVDD_0007_E_0009607,-4.5983332419
CtrSVDD_0008_E_0009608,-3.3349459919
CtrSVDD_0009_E_0009609,-2.1213230625
CtrSVDD_0010_E_0009610,-5.8071821412
CtrSVDD_0011_E_0009611,-3.4998503072
CtrSVDD_0012_E_0009612,-2.9944954622
CtrSVDD_0013_E_0009613,-5.3220484810
CtrSVDD_0014_E_0009614,-4.2045059289
CtrSVDD_0015_E_0009615,-6.3323671514
CtrSVDD_0016_E_0009616,-4.9738872011
CtrSVDD_0017_E_0009617,-6.3182995717
CtrSVDD_0018_E_0009618,-5.2083493517
CtrSVDD_0019_E_0009619,-0.2336068896
CtrSVDD_0020_E_0009620,-7.1125615318
CtrSVDD_0021_E_0009621,0.4958819829
CtrSVDD_0022_E_0009622,-2.4101703187
CtrSVDD_0023_E_0009623,-7.3713292799
CtrSVDD_0024_E_0009624,-0.2192556688
CtrSVDD_0025_E_0009625,-9.3362102121
CtrSVDD_0026_E_0009626,-6.6038028916
CtrSVDD_0027_E_0009627,-5.2740308592
CtrSVDD_0028_E_0009628,-5.5018919751
CtrSVDD_0029_E_0009629,-6.7949664641
CtrSVDD_0030_E_0009630,-3.4119636888
CtrSVDD_0031_E_0009631,-5.5651345778
CtrSVDD_0032_E_0009632,-7.1311690634
CtrSVDD_0033_E_0009633,-3.2895562287
CtrSVDD_0034_E_0009634,-4.5877803372
CtrSVDD_0035_E_0009635,-8.1450116029
CtrSVDD_0036_E_0009636,-7.5207531518
CtrSVDD_0037_E_0009637,-7.7506637983
CtrSVDD_0038_E_0009638,-6.8424418691
CtrSVDD_0039_E_0009639,-3.3226137615
CtrSVDD_0040_E_0009640,-0.9995624115
CtrSVDD_0041_E_0009641,-5.2889738686
CtrSVDD_0042_E_0009642,-2.4925905258
CtrSVDD_0043_E_0009643,-3.8659074953
CtrSVDD_0044_E_0009644,-3.6786695304
CtrSVDD_0045_E_0009645,-4.8898415805
CtrSVDD_0046_E_0009646,-0.5259514855
CtrSVDD_0047_E_0009647,-0.2235561612
CtrSVDD_0000_E_0009648,-4.3027256006
CtrSVDD_0001_E_0009649,-1.3311997810
CtrSVDD_0002_E_0009650,-7.7134873125
CtrSVDD_0003_E_0009651,-5.4418025653
CtrSVDD_0004_E_0009652,-6.5133637969
CtrSVDD_0005_E_0009653,-7.5381681475
CtrSVDD_0006_E_0009654,-3.9581907860
CtrSVDD_0007_E_0009655,-4.3178577910
CtrSVDD_0008_E_0009656,2.1665662910
CtrSVDD_0009_E_0009657,-6.6523868851
CtrSVDD_0010_E_0009658,-6.5615745104
CtrSVDD_0011_E_0009659,-2.0260850643
CtrSVDD_0012_E_0009660,-7.1674086493
CtrSVDD_0013_E_0009661,-8.4553067739
CtrSVDD_0014_E_0009662,0.2307328886
CtrSVDD_0015_E_0009663,0.0188847618
CtrSVDD_0016_E_0009664,-4.8501443629
CtrSVDD_0017_E_0009665,-6.0397939301
CtrSVDD_0018_E_0009666,-7.3005944206
CtrSVDD_0019_E_0009667,-0.3893914348
CtrSVDD_0020_E_0009668,-5.2994155633
CtrSVDD_0021_E_0009669,-5.2589136247
CtrSVDD_0022_E_0009670,-4.8915706902
CtrSVDD_0023_E_0009671,-7.4099308056
CtrSVDD_0024_E_0009672,-6.8398131039
CtrSVDD_0025_E_0009673,-5.3258134722
CtrSVDD_0026_E_0009674,1.0676050914
CtrSVDD_0027_E_0009675,-7.5571675867
CtrSVDD_0028_E_0009676,0.1849903467
CtrSVDD_0029_E_0009677,-6.5632589310
CtrSVDD_0030_E_0009678,-6.9882184896
CtrSVDD_0031_E_0009679,-6.8995892794
CtrSVDD_0032_E_0009680,0.7345532687
CtrSVDD_0033_E_0009681,-6.4027956217
CtrSVDD_0034_E_0009682,-7.2782450090
CtrSVDD_0035_E_0009683,-1.5273495790
CtrSVDD_0036_E_0009684,-7.7168194714
CtrSVDD_0037_E_0009685,-2.8669374419
CtrSVDD_0038_E_0009686,-4.7315072516
CtrSVDD_0039_E_0009687,0.4707282311
CtrSVDD_0040_E_0009688,-3.4834516857
CtrSVDD_0041_E_0009689,-1.1067196000
CtrSVDD_0042_E_0009690,-7.5921320969
CtrSVDD_0043_E_0009691,1.8587820645
CtrSVDD_0044_E_0009692,-8.3881372545
CtrSVDD_0045_E_0009693,-7.0006922074
CtrSVDD_0046_E_0009694,-4.8090403208
CtrSVDD_0047_E_0009695,-5.3566856251
CtrSVDD_0000_E_0009696,-7.2357443849
CtrSVDD_0001_E_0009697,-5.9496672398
CtrSVDD_0002_E_0009698,-4.3828464811
CtrSVDD_0003_E_0009699,-9.1450443129
CtrSVDD_0004_E_0009700,-6.6030490651
CtrSVDD_0005_E_0009701,-2.2118876050
CtrSVDD_0006_E_0009702,-2.5205022172
CtrSVDD_0007_E_0009703,-6.2389686598
CtrSVDD_0008_E_0009704,-7.5327429816
CtrSVDD_0009_E_0009705,1.4649441180
CtrSVDD_0010_E_0009706,-6.9199709320
CtrSVDD_0011_E_0009707,-4.8359529142
CtrSVDD_0012_E_0009708,-6.5150272150
CtrSVDD_0013_E_0009709,-7.5066274602
CtrSVDD_0014_E_0009710,-6.1730853030
CtrSVDD_0015_E_0009711,-4.2765901239
CtrSVDD_0016_E_0009712,-4.0261721069
CtrSVDD_0017_E_0009713,-6.1742201503
CtrSVDD_0018_E_0009714,-1.6396235994
CtrSVDD_0019_E_0009715,-3.7829196775
CtrSVDD_0020_E_0009716,-5.7965409272
CtrSVDD_0021_E_0009717,-8.9828675812
CtrSVDD_0022_E_0009718,-8.0217138946
CtrSVDD_0023_E_0009719,-7.8925820495
CtrSVDD_0024_E_0009720,-7.3766297814
CtrSVDD_0025_E_0009721,-0.5342161970
CtrSVDD_0026_E_0009722,-4.7372390091
CtrSVDD_0027_E_0009723,-0.3349511434
CtrSVDD_0028_E_0009724,-7.1763394112
CtrSVDD_0029_E_0009725,-1.2525226939
CtrSVDD_0030_E_0009726,-5.1649147791
CtrSVDD_0031_E_0009727,-2.3627809587
CtrSVDD_0032_E_0009728,-6.6595074393
CtrSVDD_0033_E_0009729,-5.8093682031
CtrSVDD_0034_E_0009730,-6.3253990756
CtrSVDD_0035_E_0009731,0.1170656426
CtrSVDD_0036_E_0009732,-5.1602358641
CtrSVDD_0037_E_0009733,-5.1873854146
CtrSVDD_0038_E_0009734,-6.5061722038
CtrSVDD_0039_E_0009735,-8.4423183323
CtrSVDD_0040_E_0009736,-5.4832587433
CtrSVDD_0041_E_0009737,-5.5092303055
CtrSVDD_0042_E_0009738,-1.7518528889
CtrSVDD_0043_E_0009739,-7.3397128421
CtrSVDD_0044_E_0009740,-8.1849365757
CtrSVDD_0045_E_0009741,-6.7765727248
CtrSVDD_0046_E_0009742,-4.7320141354
CtrSVDD_0047_E_0009743,-4.3162080632
CtrSVDD_0000_E_0009744,-8.1949220910
CtrSVDD_0001_E_0009745,-2.1330075465
CtrSVDD_0002_E_0009746,-7.0408407320
CtrSVDD_0003_E_0009747,-7.1509974947
CtrSVDD_0004_E_0009748,0.6613770568
CtrSVDD_0005_E_0009749,1.9725302450
CtrSVDD_0006_E_0009750,0.1206941383
CtrSVDD_0007_E_0009751,-5.5864203212
CtrSVDD_0008_E_0009752,0.3002966440
CtrSVDD_0009_E_0009753,-6.9223027945
CtrSVDD_0010_E_0009754,-6.6065147520
CtrSVDD_0011_E_0009755,0.6544299850
CtrSVDD_0012_E_0009756,-8.2371065959
CtrSVDD_0013_E_0009757,-5.3153209753
CtrSVDD_0014_E_0009758,-7.8449027027
CtrSVDD_0015_E_0009759,-5.8616487711
CtrSVDD_0016_E_0009760,-7.2634529941
CtrSVDD_0017_E_0009761,-2.5506778501
CtrSVDD_0018_E_0009762,-5.1104232099
CtrSVDD_0019_E_0009763,0.3105557215
CtrSVDD_0020_E_0009764,-8.1440948975
CtrSVDD_0021_E_0009765,1.5984941976
CtrSVDD_0022_E_0009766,-3.0068094700
CtrSVDD_0023_E_0009767,-5.6188261052
CtrSVDD_0024_E_0009768,-7.6844136874
CtrSVDD_0025_E_0009769,-6.5139896959
CtrSVDD_0026_E_0009770,-7.2611054085
CtrSVDD_0027_E_0009771,-5.1305244903
CtrSVDD_0028_E_0009772,-1.5306395936
CtrSVDD_0029_E_0009773,-6.8081845196
CtrSVDD_0030_E_0009774,-5.1944794572
CtrSVDD_0031_E_0009775,-6.9016957170
CtrSVDD_0032_E_0009776,-3.6112893157
CtrSVDD_0033_E_0009777,-6.4780885308
CtrSVDD_0034_E_0009778,-4.6164909209
CtrSVDD_0035_E_0009779,-8.6255619193
CtrSVDD_0036_E_0009780,-6.5449713540
CtrSVDD_0037_E_0009781,-8.2034624534
CtrSVDD_0038_E_0009782,-3.4264868511
CtrSVDD_0039_E_0009783,0.3833626499
CtrSVDD_0040_E_0009784,-7.9349527282
CtrSVDD_0041_E_0009785,-6.3761402034
CtrSVDD_0042_E_0009786,-6.9819096515
CtrSVDD_0043_E_0009787,-7.0667768835
CtrSVDD_0044_E_0009788,1.2642261759
CtrSVDD_0045_E_0009789,0.3564011362
CtrSVDD_0046_E_0009790,-0.1563525874
CtrSVDD_0047_E_0009791,-6.3218456955
CtrSVDD_0000_E_0009792,-1.6972489936
CtrSVDD_0001_E_0009793,-6.0648871961
CtrSVDD_0002_E_0009794,-1.2663366374
CtrSVDD_0003_E_0009795,-6.6794607828
CtrSVDD_0004_E_0009796,-7.3767183910
CtrSVDD_0005_E_0009797,-4.8795310504
CtrSVDD_0006_E_0009798,-5.8528270860
CtrSVDD_0007_E_0009799,-4.2702304291
CtrSVDD_0008_E_0009800,-4.0430514905
CtrSVDD_0009_E_0009801,0.4785560875
CtrSVDD_0010_E_0009802,-6.8607394848
CtrSVDD_0011_E_0009803,-0.2500920472
CtrSVDD_0012_E_0009804,-4.8659357461
CtrSVDD_0013_E_0009805,-6.9257463524
CtrSVDD_0014_E_0009806,-3.0008791829
CtrSVDD_0015_E_0009807,-6.6669897418
CtrSVDD_0016_E_0009808,-4.4032947518
CtrSVDD_0017_E_0009809,-7.8205609447
CtrSVDD_0018_E_0009810,-7.6720440237
CtrSVDD_0019_E_0009811,-4.5188346335
CtrSVDD_0020_E_0009812,-5.2914470578
CtrSVDD_0021_E_0009813,-0.6252484071
CtrSVDD_0022_E_0009814,-5.9913950378
CtrSVDD_0023_E_0009815,-5.9045081642
CtrSVDD_0024_E_0009816,-2.7335046025
CtrSVDD_0025_E_0009817,-5.7959183891
CtrSVDD_0026_E_0009818,-2.1143016150
CtrSVDD_0027_E_0009819,-7.4253821047
CtrSVDD_0028_E_0009820,-7.3619647298
CtrSVDD_0029_E_0009821,-7.3414853881
CtrSVDD_0030_E_0009822,-9.4974234848
CtrSVDD_0031_E_0009823,-5.2419799820
CtrSVDD_0032_E_0009824,-2.9368184864
CtrSVDD_0033_E_0009825,-8.3218274467
CtrSVDD_0034_E_0009826,-5.4289704590
CtrSVDD_0035_E_0009827,-4.6622881887
CtrSVDD_0036_E_0009828,1.7327094646
CtrSVDD_0037_E_0009829,-8.3962625922
CtrSVDD_0038_E_0009830,-3.9235161432
CtrSVDD_0039_E_0009831,-5.6972960523
CtrSVDD_0040_E_0009832,-6.8386390968
CtrSVDD_0041_E_0009833,-4.5763875276
CtrSVDD_0042_E_0009834,-1.2224429156
CtrSVDD_0043_E_0009835,-7.5372354307
CtrSVDD_0044_E_0009836,-5.5523863123
CtrSVDD_0045_E_0009837,-5.1850683846
CtrSVDD_0046_E_0009838,-6.3358925842
CtrSVDD_0047_E_0009839,-5.0851974541
CtrSVDD_0000_E_0009840,-5.5247923271
CtrSVDD_0001_E_0009841,-3.1173940035
CtrSVDD_0002_E_0009842,-5.3744137742
CtrSVDD_0003_E_0009843,-7.8473631887
CtrSVDD_0004_E_0009844,-7.6954956609
CtrSVDD_0005_E_0009845,-7.9129777840
CtrSVDD_0006_E_0009846,-7.1576498655
CtrSVDD_0007_E_0009847,-2.3936402187
CtrSVDD_0008_E_0009848,-8.9053331772
CtrSVDD_0009_E_0009849,-8.0430647871
CtrSVDD_0010_E_0009850,-5.0248833784
CtrSVDD_0011_E_0009851,-6.7361372113
CtrSVDD_0012_E_0009852,-5.0217859204
CtrSVDD_0013_E_0009853,1.0837857127
CtrSVDD_0014_E_0009854,-6.5901574276
CtrSVDD_0015_E_0009855,-7.0746058903
CtrSVDD_0016_E_0009856,-3.7705885211
CtrSVDD_0017_E_0009857,-8.4773945750
CtrSVDD_0018_E_0009858,-7.2937078750
CtrSVDD_0019_E_0009859,-4.9343207545
CtrSVDD_0020_E_0009860,-5.2533844626
CtrSVDD_0021_E_0009861,-0.5569421364
CtrSVDD_0022_E_0009862,-4.6056101798
CtrSVDD_0023_E_0009863,-2.5104591493
CtrSVDD_0024_E_0009864,0.8474158143
CtrSVDD_0025_E_0009865,-6.1034738237
CtrSVDD_0026_E_0009866,-7.5124570991
CtrSVDD_0027_E_0009867,-6.0589785728
CtrSVDD_0028_E_0009868,-5.9687358938
CtrSVDD_0029_E_0009869,-6.8095038964
CtrSVDD_0030_E_0009870,-7.1496103293
CtrSVDD_0031_E_0009871,-6.5333154892
CtrSVDD_0032_E_0009872,-6.4199395786
CtrSVDD_0033_E_0009873,-5.8006062848
CtrSVDD_0034_E_0009874,-7.0942347828
CtrSVDD_0035_E_0009875,0.0328774424
CtrSVDD_0036_E_0009876,-3.6312799996
CtrSVDD_0037_E_0009877,-6.7599551225
CtrSVDD_0038_E_0009878,1.3611489816
CtrSVDD_0039_E_0009879,-5.8292803621
CtrSVDD_0040_E_0009880,-6.3710769358
CtrSVDD_0041_E_0009881,-8.0130021583
CtrSVDD_0042_E_0009882,0.1082836437
CtrSVDD_0043_E_0009883,-5.8036845272
CtrSVDD_0044_E_0009884,-0.9858255004
CtrSVDD_0045_E_0009885,-4.1477251001
CtrSVDD_0046_E_0009886,-3.9608186769
CtrSVDD_0047_E_0009887,-9.6956886463
CtrSVDD_0000_E_0009888,-4.6345359661
CtrSVDD_0001_E_0009889,-3.1020912343
CtrSVDD_0002_E_0009890,-5.4033532923
CtrSVDD_0003_E_0009891,-4.7961399455
CtrSVDD_0004_E_0009892,-4.8386581241
CtrSVDD_0005_E_0009893,-4.9072509542
CtrSVDD_0006_E_0009894,-2.2821208943
CtrSVDD_0007_E_0009895,1.6348377422
CtrSVDD_0008_E_0009896,-6.6039599880
CtrSVDD_0009_E_0009897,-4.9839259592
CtrSVDD_0010_E_0009898,-6.1426304266
CtrSVDD_0011_E_0009899,-6.8465452559
CtrSVDD_0012_E_0009900,-4.8423663284
CtrSVDD_0013_E_0009901,-0.3803534882
CtrSVDD_0014_E_0009902,-6.4532717149
CtrSVDD_0015_E_0009903,-1.0395498058
CtrSVDD_0016_E_0009904,-7.3231474201
CtrSVDD_0017_E_0009905,-5.2237296764
CtrSVDD_0018_E_0009906,1.4224698930
CtrSVDD_0019_E_0009907,-5.1136728868
CtrSVDD_0020_E_0009908,-3.7465678614
CtrSVDD_0021_E_0009909,-5.6603924471
CtrSVDD_0022_E_0009910,-2.4691048240
CtrSVDD_0023_E_0009911,-6.6803634837
CtrSVDD_0024_E_0009912,-4.7689650877
CtrSVDD_0025_E_0009913,-3.6836165532
CtrSVDD_0026_E_0009914,-6.3466734108
CtrSVDD_0027_E_0009915,-3.1426765601
CtrSVDD_0028_E_0009916,-8.0031791557
CtrSVDD_0029_E_0009917,-6.0305516407
CtrSVDD_0030_E_0009918,-6.6511989702
CtrSVDD_0031_E_0009919,-1.7264672134
CtrSVDD_0032_E_0009920,-3.9000474817
CtrSVDD_0033_E_0009921,-5.5447086266
CtrSVDD_0034_E_0009922,-0.3164326907
CtrSVDD_0035_E_0009923,-6.6994369010
CtrSVDD_0036_E_0009924,-6.3741160928
CtrSVDD_0037_E_0009925,1.2711282247
CtrSVDD_0038_E_0009926,-5.9263483436
CtrSVDD_0039_E_0009927,-0.6279914365
CtrSVDD_0040_E_0009928,1.7784204807
CtrSVDD_0041_E_0009929,0.3848685318
CtrSVDD_0042_E_0009930,-6.2021675623
CtrSVDD_0043_E_0009931,-0.0314779298
CtrSVDD_0044_E_0009932,1.4435348120
CtrSVDD_0045_E_0009933,-6.9647114590
CtrSVDD_0046_E_0009934,-6.2788417760
CtrSVDD_0047_E_0009935,-6.8049273734
CtrSVDD_0000_E_0009936,-8.8746955041
CtrSVDD_0001_E_0009937,-7.1062358682
CtrSVDD_0002_E_0009938,-5.6462398483
CtrSVDD_0003_E_0009939,-4.0122771289
CtrSVDD_0004_E_0009940,-4.4013157370
CtrSVDD_0005_E_0009941,-5.6619516044
CtrSVDD_0006_E_0009942,-5.5292022485
CtrSVDD_0007_E_0009943,-6.1362273728
CtrSVDD_0008_E_0009944,-7.7270229523
CtrSVDD_0009_E_0009945,-5.6288215526
CtrSVDD_0010_E_0009946,-4.8601763311
CtrSVDD_0011_E_0009947,-7.0924615570
CtrSVDD_0012_E_0009948,-5.6294143270
CtrSVDD_0013_E_0009949,-3.3901511624
CtrSVDD_0014_E_0009950,-6.3860974006
CtrSVDD_0015_E_0009951,-5.5551876493
CtrSVDD_0016_E_0009952,-1.5409625827
CtrSVDD_0017_E_0009953,-5.2700559374
CtrSVDD_0018_E_0009954,-5.9934233772
CtrSVDD_0019_E_0009955,-1.0913665906
CtrSVDD_0020_E_0009956,-7.6685356438
CtrSVDD_0021_E_0009957,-7.4421546089
CtrSVDD_0022_E_0009958,-4.8287148928
CtrSVDD_0023_E_0009959,-4.1604797232
CtrSVDD_0024_E_0009960,-4.8240128650
CtrSVDD_0025_E_0009961,-6.5721140163
CtrSVDD_0026_E_0009962,-5.4432978249
CtrSVDD_0027_E_0009963,-4.6348489671
CtrSVDD_0028_E_0009964,-7.4553886581
CtrSVDD_0029_E_0009965,-0.4943008145
CtrSVDD_0030_E_0009966,-5.1784242773
CtrSVDD_0031_E_0009967,-4.5197149312
CtrSVDD_0032_E_0009968,-7.4206248055
CtrSVDD_0033_E_0009969,-5.0599185678
CtrSVDD_0034_E_0009970,-5.5096628535
CtrSVDD_0035_E_0009971,-8.3970025703
CtrSVDD_0036_E_0009972,-0.6701060655
CtrSVDD_0037_E_0009973,-4.3142731750
CtrSVDD_0038_E_0009974,-5.1854585133
CtrSVDD_0039_E_0009975,-7.6615183769
CtrSVDD_0040_E_0009976,-5.4461549760
CtrSVDD_0041_E_0009977,-5.5190305467
CtrSVDD_0042_E_0009978,-6.7617713976
CtrSVDD_0043_E_0009979,0.9478772177
CtrSVDD_0044_E_0009980,-2.3570897694
CtrSVDD_0045_E_0009981,0.2508923729
CtrSVDD_0046_E_0009982,-8.8420927981
CtrSVDD_0047_E_0009983,-6.4425003077
CtrSVDD_0000_E_0009984,-7.5814492383
CtrSVDD_0001_E_0009985,1.1905839276
CtrSVDD_0002_E_0009986,-7.1997659688
CtrSVDD_0003_E_0009987,-7.8547714336
CtrSVDD_0004_E_0009988,-2.2561040596
CtrSVDD_0005_E_0009989,-7.3333049386
CtrSVDD_0006_E_0009990,-6.3019748206
CtrSVDD_0007_E_0009991,-1.7510382882
CtrSVDD_0008_E_0009992,-3.8278122673
CtrSVDD_0009_E_0009993,1.6516574684
CtrSVDD_0010_E_0009994,-5.8567482697
CtrSVDD_0011_E_0009995,-6.7982865533
CtrSVDD_0012_E_0009996,-5.6843206691
CtrSVDD_0013_E_0009997,-3.5279200677
CtrSVDD_0014_E_0009998,-7.7056875179
CtrSVDD_0015_E_0009999,-7.9298761823
CtrSVDD_0016_E_0010000,-7.3563629354
CtrSVDD_0017_E_0010001,-3.5091708764
CtrSVDD_0018_E_0010002,-0.4243412441
CtrSVDD_0019_E_0010003,0.4197539913
CtrSVDD_0020_E_0010004,-6.1114162746
CtrSVDD_0021_E_0010005,-6.0654402675
CtrSVDD_0022_E_0010006,-3.9408911116
CtrSVDD_0023_E_0010007,-6.7867188464
CtrSVDD_0024_E_0010008,1.3064303511
CtrSVDD_0025_E_0010009,-3.3024303099
CtrSVDD_0026_E_0010010,-3.3482265325
CtrSVDD_0027_E_0010011,-6.0903007421
CtrSVDD_0028_E_0010012,-2.1065540882
CtrSVDD_0029_E_0010013,-5.7785447980
CtrSVDD_0030_E_0010014,-5.4799089125
CtrSVDD_0031_E_0010015,-5.6059484141
CtrSVDD_0032_E_0010016,-6.0827112273
CtrSVDD_0033_E_0010017,-8.6733279297
CtrSVDD_0034_E_0010018,-6.5891403571
CtrSVDD_0035_E_0010019,-7.9922210356
CtrSVDD_0036_E_0010020,-5.4765615561
CtrSVDD_0037_E_0010021,-0.8392748757
CtrSVDD_0038_E_0010022,-7.5930488894
CtrSVDD_0039_E_0010023,-2.9555890897
CtrSVDD_0040_E_0010024,-5.7895867069
CtrSVDD_0041_E_0010025,1.3745482730
CtrSVDD_0042_E_0010026,-7.1884049782
CtrSVDD_0043_E_0010027,-5.0089536419
CtrSVDD_0044_E_0010028,-6.5023292263
CtrSVDD_0045_E_0010029,-6.4198714309
CtrSVDD_0046_E_0010030,-5.6937960130
CtrSVDD_0047_E_0010031,-6.7612322393
CtrSVDD_0000_E_0010032,-3.6131054585
CtrSVDD_0001_E_0010033,-5.2105497482
CtrSVDD_0002_E_0010034,-4.7085553454
CtrSVDD_0003_E_0010035,-7.2741138267
CtrSVDD_0004_E_0010036,-5.8310911284
CtrSVDD_0005_E_0010037,-6.1373620081
CtrSVDD_0006_E_0010038,-2.8333087058
CtrSVDD_0007_E_0010039,-7.6978428713
CtrSVDD_0008_E_0010040,-8.1591249602
CtrSVDD_0009_E_0010041,-5.7605729055
CtrSVDD_0010_E_0010042,-6.9728182707
CtrSVDD_0011_E_0010043,-4.6327363763
CtrSVDD_0012_E_0010044,-4.8394660246
CtrSVDD_0013_E_0010045,-5.2636805668
CtrSVDD_0014_E_0010046,-6.5088102663
CtrSVDD_0015_E_0010047,-5.7339010915
CtrSVDD_0016_E_0010048,-4.5338123127
CtrSVDD_0017_E_0010049,-4.7978600784
CtrSVDD_0018_E_0010050,-6.0699331414
CtrSVDD_0019_E_0010051,-6.5430184153
CtrSVDD_0020_E_0010052,-5.0372611691
CtrSVDD_0021_E_0010053,-7.2330123593
CtrSVDD_0022_E_0010054,-5.1540917098
CtrSVDD_0023_E_0010055,0.9566822130
CtrSVDD_0024_E_0010056,-5.4203923111
CtrSVDD_0025_E_0010057,-5.3321514318
CtrSVDD_0026_E_0010058,-5.7850309334
CtrSVDD_0027_E_0010059,-6.5565188070
CtrSVDD_0028_E_0010060,-4.1283238390
CtrSVDD_0029_E_0010061,-7.2453056405
CtrSVDD_0030_E_0010062,0.2149592275
CtrSVDD_0031_E_0010063,-7.4959769482
CtrSVDD_0032_E_0010064,-3.0770826412
CtrSVDD_0033_E_0010065,-8.0737216483
CtrSVDD_0034_E_0010066,1.8063061245
CtrSVDD_0035_E_0010067,-6.8850457433
CtrSVDD_0036_E_0010068,-7.2262228261
CtrSVDD_0037_E_0010069,-0.0555106543
CtrSVDD_0038_E_0010070,1.4510591404
CtrSVDD_0039_E_0010071,-3.3281089704
CtrSVDD_0040_E_0010072,-5.4806885562
CtrSVDD_0041_E_0010073,-8.1060714688
CtrSVDD_0042_E_0010074,0.4370201369
CtrSVDD_0043_E_0010075,-6.6927753262
CtrSVDD_0044_E_0010076,-7.6870521659
CtrSVDD_0045_E_0010077,-4.2039639858
CtrSVDD_0046_E_0010078,-6.6030672483
CtrSVDD_0047_E_0010079,-6.3660097449
CtrSVDD_0000_E_0010080,-7.6368279132
CtrSVDD_0001_E_0010081,-6.4717197171
CtrSVDD_0002_E_0010082,-7.8977453634
CtrSVDD_0003_E_0010083,-0.5651350204
CtrSVDD_0004_E_0010084,-6.3210123142
CtrSVDD_0005_E_0010085,-3.8010942551
CtrSVDD_0006_E_0010086,-6.1481754249
CtrSVDD_0007_E_0010087,-6.4436287376
CtrSVDD_0008_E_0010088,-4.9422645567
CtrSVDD_0009_E_0010089,-6.8862986339
CtrSVDD_0010_E_0010090,-4.5319450501
CtrSVDD_0011_E_0010091,-6.0110776984
CtrSVDD_0012_E_0010092,0.4412387283
CtrSVDD_0013_E_0010093,1.4755417059
CtrSVDD_0014_E_0010094,-6.1421569743
CtrSVDD_0015_E_0010095,-6.7533110097
CtrSVDD_0016_E_0010096,-5.3952964540
CtrSVDD_0017_E_0010097,-0.7109414228
CtrSVDD_0018_E_0010098,-7.0568132750
CtrSVDD_0019_E_0010099,-1.1435985132
CtrSVDD_0020_E_0010100,-0.5799594487
CtrSVDD_0021_E_0010101,-8.3080204401
CtrSVDD_0022_E_0010102,-9.0243315256
CtrSVDD_0023_E_0010103,-3.3409165864
CtrSVDD_0024_E_0010104,-6.2385688517
CtrSVDD_0025_E_0010105,-4.1249931211
CtrSVDD_0026_E_0010106,-8.0756182432
CtrSVDD_0027_E_0010107,-6.3324724874
CtrSVDD_0028_E_0010108,-5.9917896941
CtrSVDD_0029_E_0010109,-3.4826663927
CtrSVDD_0030_E_0010110,-1.2711282247
CtrSVDD_0031_E_0010111,-4.7480975452
CtrSVDD_0032_E_0010112,-6.6819324730
CtrSVDD_0033_E_0010113,-6.8631002483
CtrSVDD_0034_E_0010114,0.4505086063
CtrSVDD_0035_E_0010115,-3.7070044577
CtrSVDD_0036_E_0010116,-6.3307219814
CtrSVDD_0037_E_0010117,-8.4582286331
CtrSVDD_0038_E_0010118,1.0888326775
CtrSVDD_0039_E_0010119,0.8799133538
CtrSVDD_0040_E_0010120,-4.4149961589
CtrSVDD_0041_E_0010121,-3.8527077090
CtrSVDD_0042_E_0010122,-5.0460601540
CtrSVDD_0043_E_0010123,-6.6434826426
CtrSVDD_0044_E_0010124,-7.0873069806
CtrSVDD_0045_E_0010125,-7.9042892396
CtrSVDD_0046_E_0010126,-3.9309727046
CtrSVDD_0047_E_0010127,-7.9710849230
CtrSVDD_0000_E_0010128,-6.7144372396
CtrSVDD_0001_E_0010129,-5.4943341365
CtrSVDD_0002_E_0010130,0.5820161919
CtrSVDD_0003_E_0010131,-7.5494395910
CtrSVDD_0004_E_0010132,-6.7883268030
CtrSVDD_0005_E_0010133,-7.9307523038
CtrSVDD_0006_E_0010134,-6.2077204478
CtrSVDD_0007_E_0010135,-3.6567702484
CtrSVDD_0008_E_0010136,-3.8133427270
CtrSVDD_0009_E_0010137,-4.8780382773
CtrSVDD_0010_E_0010138,-4.4980884043
CtrSVDD_0011_E_0010139,-3.5134395785
CtrSVDD_0012_E_0010140,-7.0240666015
CtrSVDD_0013_E_0010141,-6.4887150729
CtrSVDD_0014_E_0010142,-6.7501527810
CtrSVDD_0015_E_0010143,-7.9903593564
CtrSVDD_0016_E_0010144,-5.1551691537
CtrSVDD_0017_E_0010145,-7.6454816276
CtrSVDD_0018_E_0010146,-6.9685578164
CtrSVDD_0019_E_0010147,-9.4108504973
CtrSVDD_0020_E_0010148,-8.2292425834
CtrSVDD_0021_E_0010149,-2.8501868515
CtrSVDD_0022_E_0010150,-5.5234851415
CtrSVDD_0023_E_0010151,-5.0777249043
CtrSVDD_0024_E_0010152,-4.4752456366
CtrSVDD_0025_E_0010153,-7.1775573094
CtrSVDD_0026_E_0010154,0.0889401633
CtrSVDD_0027_E_0010155,-5.0864925628
CtrSVDD_0028_E_0010156,-3.8545908864
CtrSVDD_0029_E_0010157,-6.2608139118
CtrSVDD_0030_E_0010158,-0.2006659048
CtrSVDD_0031_E_0010159,-5.7823565727
CtrSVDD_0032_E_0010160,-5.9827044198
CtrSVDD_0033_E_0010161,-3.7171287114
CtrSVDD_0034_E_0010162,-7.0071377998
CtrSVDD_0035_E_0010163,-6.5125361127
CtrSVDD_0036_E_0010164,-8.2713072698
CtrSVDD_0037_E_0010165,-5.9763129331
CtrSVDD_0038_E_0010166,-7.7506427102
CtrSVDD_0039_E_0010167,-3.1534918292
CtrSVDD_0040_E_0010168,-6.4220629829
CtrSVDD_0041_E_0010169,-6.1463283994
CtrSVDD_0042_E_0010170,-6.9736893999
CtrSVDD_0043_E_0010171,-7.3493510775
CtrSVDD_0044_E_0010172,-5.4980698113
CtrSVDD_0045_E_0010173,-4.5958693036
CtrSVDD_0046_E_0010174,-6.1702401237
CtrSVDD_0047_E_0010175,-9.0992758067
CtrSVDD_0000_E_0010176,1.1653889030
CtrSVDD_0001_E_0010177,-5.4928474488
CtrSVDD_0002_E_0010178,-0.4832668847
CtrSVDD_0003_E_0010179,1.5643068011
CtrSVDD_0004_E_0010180,-3.6294614103
CtrSVDD_0005_E_0010181,-0.5700579520
CtrSVDD_0006_E_0010182,-3.4246721745
CtrSVDD_0007_E_0010183,-0.6167670433
CtrSVDD_0008_E_0010184,-3.0166665095
CtrSVDD_0009_E_0010185,-9.2338469619
CtrSVDD_0010_E_0010186,-6.8934378189
CtrSVDD_0011_E_0010187,-7.0758875527
CtrSVDD_0012_E_0010188,-6.9172353105
CtrSVDD_0013_E_0010189,-7.3298412161
CtrSVDD_0014_E_0010190,-5.8260642825
CtrSVDD_0015_E_0010191,2.7402957116
CtrSVDD_0016_E_0010192,-6.4664976392
CtrSVDD_0017_E_0010193,-5.3125567533
CtrSVDD_0018_E_0010194,-6.9934696014
CtrSVDD_0019_E_0010195,-3.9076751439
CtrSVDD_0020_E_0010196,-7.4749463314
CtrSVDD_0021_E_0010197,-4.1896435192
CtrSVDD_0022_E_0010198,-7.6175682986
CtrSVDD_0023_E_0010199,-7.8344753816
CtrSVDD_0024_E_0010200,-3.6179505757
CtrSVDD_0025_E_0010201,-5.1064577487
CtrSVDD_0026_E_0010202,-7.7418940348
CtrSVDD_0027_E_0010203,-5.2309450798
CtrSVDD_0028_E_0010204,-3.0421438729
CtrSVDD_0029_E_0010205,-4.1695432314
CtrSVDD_0030_E_0010206,-8.4141541959
CtrSVDD_0031_E_0010207,-8.6359229533
CtrSVDD_0032_E_0010208,-5.8856641484
CtrSVDD_0033_E_0010209,-4.2335355946
CtrSVDD_0034_E_0010210,-7.4823647066
CtrSVDD_0035_E_0010211,-4.1560465957
CtrSVDD_0036_E_0010212,-8.1390075315
CtrSVDD_0037_E_0010213,-1.8305052861
CtrSVDD_0038_E_0010214,-6.8248567677
CtrSVDD_0039_E_0010215,-0.9112471260
CtrSVDD_0040_E_0010216,-0.7001766943
CtrSVDD_0041_E_0010217,-1.7327094646
CtrSVDD_0042_E_0010218,-7.5713606378
CtrSVDD_0043_E_0010219,-5.9968833675
CtrSVDD_0044_E_0010220,-3.8058163077
CtrSVDD_0045_E_0010221,-7.5592173273
CtrSVDD_0046_E_0010222,-3.5998692773
CtrSVDD_0047_E_0010223,-6.8982699563
CtrSVDD_0000_E_0010224,1.1302508567
CtrSVDD_0001_E_0010225,-0.1043990475
CtrSVDD_0002_E_0010226,0.1574242564
CtrSVDD_0003_E_0010227,-7.2221431110
CtrSVDD_0004_E_0010228,-6.8475133351
CtrSVDD_0005_E_0010229,0.8206056900
CtrSVDD_0006_E_0010230,-7.7022829139
CtrSVDD_0007_E_0010231,-6.8811768097
CtrSVDD_0008_E_0010232,-4.7667941608
CtrSVDD_0009_E_0010233,-2.8522875450
CtrSVDD_0010_E_0010234,-7.6438403485
CtrSVDD_0011_E_0010235,-7.6452176154
CtrSVDD_0012_E_0010236,-6.1070092953
CtrSVDD_0013_E_0010237,-1.9169401488
CtrSVDD_0014_E_0010238,-6.7798977012
CtrSVDD_0015_E_0010239,-4.7353635758
CtrSVDD_0016_E_0010240,-5.0564537924
CtrSVDD_0017_E_0010241,-5.7663835455
CtrSVDD_0018_E_0010242,-6.5049225540
CtrSVDD_0019_E_0010243,-4.9732794912
CtrSVDD_0020_E_0010244,-9.9226943066
CtrSVDD_0021_E_0010245,-2.5581009819
CtrSVDD_0022_E_0010246,-7.9706739428
CtrSVDD_0023_E_0010247,-3.6411037087
CtrSVDD_0024_E_0010248,-8.0408708603
CtrSVDD_0025_E_0010249,-6.0245541577
CtrSVDD_0026_E_0010250,-9.1577292093
CtrSVDD_0027_E_0010251,-6.0525386325
CtrSVDD_0028_E_0010252,-5.0106203355
CtrSVDD_0029_E_0010253,-7.8429030293
CtrSVDD_0030_E_0010254,-6.9153000266
CtrSVDD_0031_E_0010255,-6.2554792415
CtrSVDD_0032_E_0010256,-7.7682952731
CtrSVDD_0033_E_0010257,-6.7848861937
CtrSVDD_0034_E_0010258,-7.7629774117
CtrSVDD_0035_E_0010259,-5.7570363921
CtrSVDD_0036_E_0010260,0.9326427283
CtrSVDD_0037_E_0010261,-5.1642322611
CtrSVDD_0038_E_0010262,-6.9169844472
CtrSVDD_0039_E_0010263,-3.2079916739
CtrSVDD_0040_E_0010264,-5.8682335233
CtrSVDD_0041_E_0010265,-5.5937396891
CtrSVDD_0042_E_0010266,-0.5471678918
CtrSVDD_0043_E_0010267,-5.0104637057
CtrSVDD_0044_E_0010268,-6.0579304915
CtrSVDD_0045_E_0010269,-1.8432660285
CtrSVDD_0046_E_0010270,0.0875359191
CtrSVDD_0047_E_0010271,-6.4040725085
CtrSVDD_0000_E_0010272,-6.7614083341
CtrSVDD_0001_E_0010273,-6.1957595119
CtrSVDD_0002_E_0010274,-6.5396389580
CtrSVDD_0003_E_0010275,-5.6210343402
CtrSVDD_0004_E_0010276,-6.3913074071
CtrSVDD_0005_E_0010277,-8.2493254202
CtrSVDD_0006_E_0010278,-3.6531251373
CtrSVDD_0007_E_0010279,-8.0381253315
CtrSVDD_0008_E_0010280,-7.1114123322
CtrSVDD_0009_E_0010281,-7.9437582380
CtrSVDD_0010_E_0010282,-6.3607286640
CtrSVDD_0011_E_0010283,-6.0617634772
CtrSVDD_0012_E_0010284,-7.4318510832
CtrSVDD_0013_E_0010285,-6.4338386651
CtrSVDD_0014_E_0010286,-8.1930975460
CtrSVDD_0015_E_0010287,-7.7665205221
CtrSVDD_0016_E_0010288,1.2433804294
CtrSVDD_0017_E_0010289,-7.7476681952
CtrSVDD_0018_E_0010290,-5.0595955406
CtrSVDD_0019_E_0010291,-6.6802776220
CtrSVDD_0020_E_0010292,-6.8057056576
CtrSVDD_0021_E_0010293,-8.2047648342
CtrSVDD_0022_E_0010294,-4.9797699508
CtrSVDD_0023_E_0010295,-5.7699481255
CtrSVDD_0024_E_0010296,-0.1212919178
CtrSVDD_0025_E_0010297,-6.9323115816
CtrSVDD_0026_E_0010298,-5.7467919791
CtrSVDD_0027_E_0010299,-6.7401924886
CtrSVDD_0028_E_0010300,-8.1250230316
CtrSVDD_0029_E_0010301,-7.4443502178
CtrSVDD_0030_E_0010302,-6.5256264206
CtrSVDD_0031_E_0010303,-7.2893280994
CtrSVDD_0032_E_0010304,-7.4055719639
CtrSVDD_0033_E_0010305,-7.6757577604
CtrSVDD_0034_E_0010306,-3.8923892953
CtrSVDD_0035_E_0010307,-6.4685644179
CtrSVDD_0036_E_0010308,-0.0861318474
CtrSVDD_0037_E_0010309,-2.7178603368
CtrSVDD_0038_E_0010310,-7.5000832156
CtrSVDD_0039_E_0010311,-4.3503599252
CtrSVDD_0040_E_0010312,-2.2396815046
CtrSVDD_0041_E_0010313,-5.4892454953
CtrSVDD_0042_E_0010314,-0.2249905740
CtrSVDD_0043_E_0010315,-6.4148198370
CtrSVDD_0044_E_0010316,-6.4683825150
CtrSVDD_0045_E_0010317,-6.8597716284
CtrSVDD_0046_E_0010318,-2.3282424245
CtrSVDD_0047_E_0010319,-2.0451083198
CtrSVDD_0000_E_0010320,-4.6339904330
CtrSVDD_0001_E_0010321,1.9924932571
CtrSVDD_0002_E_0010322,-5.9579125498
CtrSVDD_0003_E_0010323,-3.1667094210
CtrSVDD_0004_E_0010324,-0.6526981539
CtrSVDD_0005_E_0010325,-6.3934595743
CtrSVDD_0006_E_0010326,-0.9154926949
CtrSVDD_0007_E_0010327,-1.4688537976
CtrSVDD_0008_E_0010328,-1.0820552086
CtrSVDD_0009_E_0010329,-7.2918868822
CtrSVDD_0010_E_0010330,-7.3453707271
CtrSVDD_0011_E_0010331,-4.0298206975
CtrSVDD_0012_E_0010332,-6.6447550874
CtrSVDD_0013_E_0010333,-8.0969719141
CtrSVDD_0014_E_0010334,-1.0589544258
CtrSVDD_0015_E_0010335,-4.8321311655
CtrSVDD_0016_E_0010336,-7.8040739462
CtrSVDD_0017_E_0010337,-8.3293525915
CtrSVDD_0018_E_0010338,-6.8399066116
CtrSVDD_0019_E_0010339,-5.8934977980
CtrSVDD_0020_E_0010340,-3.2005134539
CtrSVDD_0021_E_0010341,-4.4988133891
CtrSVDD_0022_E_0010342,-7.1709898855
CtrSVDD_0023_E_0010343,-7.9549818152
CtrSVDD_0024_E_0010344,-0.3623695476
CtrSVDD_0025_E_0010345,-0.4274043749
CtrSVDD_0026_E_0010346,-3.8208151155
CtrSVDD_0027_E_0010347,-5.4791259786
CtrSVDD_0028_E_0010348,1.3503700232
CtrSVDD_0029_E_0010349,-7.3489132687
CtrSVDD_0030_E_0010350,-0.8717027939
CtrSVDD_0031_E_0010351,-1.0231816404
CtrSVDD_0032_E_0010352,-8.0213098252
CtrSVDD_0033_E_0010353,-6.9289008451
CtrSVDD_0034_E_0010354,-4.6823201669
CtrSVDD_0035_E_0010355,-3.6823244991
CtrSVDD_0036_E_0010356,0.3046894591
CtrSVDD_0037_E_0010357,-3.8924351457
CtrSVDD_0038_E_0010358,-5.6695702300
CtrSVDD_0039_E_0010359,-0.1015865932
CtrSVDD_0040_E_0010360,0.1992388728
CtrSVDD_0041_E_0010361,-7.2864309372
CtrSVDD_0042_E_0010362,-2.8814935625
CtrSVDD_0043_E_0010363,-4.9383025018
CtrSVDD_0044_E_0010364,-4.6094342262
CtrSVDD_0045_E_0010365,-0.0230820531
CtrSVDD_0046_E_0010366,1.0812725529
CtrSVDD_0047_E_0010367,-5.1335891918
CtrSVDD_0000_E_0010368,-0.5314044529
CtrSVDD_0001_E_0010369,-3.7668866643
CtrSVDD_0002_E_0010370,-0.9325459959
CtrSVDD_0003_E_0010371,-7.9338503310
CtrSVDD_0004_E_0010372,-5.3659382709
CtrSVDD_0005_E_0010373,-7.3138180387
CtrSVDD_0006_E_0010374,-7.1496684007
CtrSVDD_0007_E_0010375,-5.7404537428
CtrSVDD_0008_E_0010376,-2.5556305965
CtrSVDD_0009_E_0010377,-6.7119581495
CtrSVDD_0010_E_0010378,-1.9748251012
CtrSVDD_0011_E_0010379,1.9847402495
CtrSVDD_0012_E_0010380,-4.4441506487
CtrSVDD_0013_E_0010381,-3.2766569248
CtrSVDD_0014_E_0010382,-7.1152663562
CtrSVDD_0015_E_0010383,-7.6242680828
CtrSVDD_0016_E_0010384,-8.0947275245
CtrSVDD_0017_E_0010385,-9.5186280170
CtrSVDD_0018_E_0010386,-6.8780880183
CtrSVDD_0019_E_0010387,-4.7176911711
CtrSVDD_0020_E_0010388,-4.0787316643
CtrSVDD_0021_E_0010389,0.4212820896
CtrSVDD_0022_E_0010390,-3.1216804755
CtrSVDD_0023_E_0010391,-4.3366207322
CtrSVDD_0024_E_0010392,-5.1385685833
CtrSVDD_0025_E_0010393,-4.8720566967
CtrSVDD_0026_E_0010394,-6.2752854039
CtrSVDD_0027_E_0010395,-4.4385983700
CtrSVDD_0028_E_0010396,-6.7863985336
CtrSVDD_0029_E_0010397,-3.4718016896
CtrSVDD_0030_E_0010398,-7.2754936327
CtrSVDD_0031_E_0010399,-7.2400867818
CtrSVDD_0032_E_0010400,-9.0102174131
CtrSVDD_0033_E_0010401,-2.6422226663
CtrSVDD_0034_E_0010402,-6.5074403170
CtrSVDD_0035_E_0010403,-4.4473457818
CtrSVDD_0036_E_0010404,-5.4560876616
CtrSVDD_0037_E_0010405,-7.2645509955
CtrSVDD_0038_E_0010406,-3.4409976613
CtrSVDD_0039_E_0010407,-4.6819314159
CtrSVDD_0040_E_0010408,-6.1394081325
CtrSVDD_0041_E_0010409,-4.1513621411
CtrSVDD_0042_E_0010410,-0.6736119784
CtrSVDD_0043_E_0010411,-5.2283297986
CtrSVDD_0044_E_0010412,0.2924055437
CtrSVDD_0045_E_0010413,-6.0138157720
CtrSVDD_0046_E_0010414,-2.9929529948
CtrSVDD_0047_E_0010415,-5.6818334699
CtrSVDD_0000_E_0010416,-7.2820171713
CtrSVDD_0001_E_0010417,-7.5994096509
CtrSVDD_0002_E_0010418,-7.6889722507
CtrSVDD_0003_E_0010419,-7.1077623918
CtrSVDD_0004_E_0010420,-0.1721987889
CtrSVDD_0005_E_0010421,-8.0916317761
CtrSVDD_0006_E_0010422,-2.4426303280
CtrSVDD_0007_E_0010423,0.1020453384
CtrSVDD_0008_E_0010424,-6.7588312116
CtrSVDD_0009_E_0010425,-8.0705926675
CtrSVDD_0010_E_0010426,-1.1329042518
CtrSVDD_0011_E_0010427,-6.8319137833
CtrSVDD_0012_E_0010428,-6.6917497707
CtrSVDD_0013_E_0010429,-7.3942225597
CtrSVDD_0014_E_0010430,-5.4789545518
CtrSVDD_0015_E_0010431,-2.0563507422
CtrSVDD_0016_E_0010432,0.6596373073
CtrSVDD_0017_E_0010433,-5.5225354380
CtrSVDD_0018_E_0010434,-6.1947450646
CtrSVDD_0019_E_0010435,-6.8448747787
CtrSVDD_0020_E_0010436,-4.9287061773
CtrSVDD_0021_E_0010437,-3.0817490319
CtrSVDD_0022_E_0010438,-5.4204075589
CtrSVDD_0023_E_0010439,-1.9460456878
CtrSVDD_0024_E_0010440,-7.0889107835
CtrSVDD_0025_E_0010441,-2.7775083450
CtrSVDD_0026_E_0010442,-8.0705185003
CtrSVDD_0027_E_0010443,-9.5500572980
CtrSVDD_0028_E_0010444,-8.1517422542
CtrSVDD_0029_E_0010445,-5.6914387298
CtrSVDD_0030_E_0010446,-6.3619639389
CtrSVDD_0031_E_0010447,-5.9952671424
CtrSVDD_0032_E_0010448,-8.4190713123
CtrSVDD_0033_E_0010449,1.0505583578
CtrSVDD_0034_E_0010450,-4.0923064988
CtrSVDD_0035_E_0010451,0.7992729940
CtrSVDD_0036_E_0010452,-5.5577752515
CtrSVDD_0037_E_0010453,-7.0916128020
CtrSVDD_0038_E_0010454,0.2049494660
CtrSVDD_0039_E_0010455,-6.7082295717
CtrSVDD_0040_E_0010456,-4.1001947434
CtrSVDD_0041_E_0010457,-6.5856887989
CtrSVDD_0042_E_0010458,0.5358302223
CtrSVDD_0043_E_0010459,-7.7964924733
CtrSVDD_0044_E_0010460,-3.9019529462
CtrSVDD_0045_E_0010461,-9.4945887971
CtrSVDD_0046_E_0010462,-6.9373998500
CtrSVDD_0047_E_0010463,1.0000358995
CtrSVDD_0000_E_0010464,-3.4957785248
CtrSVDD_0001_E_0010465,-8.7386690032
CtrSVDD_0002_E_0010466,-8.4601160137
CtrSVDD_0003_E_0010467,-3.4028795022
CtrSVDD_0004_E_0010468,0.4304715213
CtrSVDD_0005_E_0010469,-6.4984369226
CtrSVDD_0006_E_0010470,-7.6981569885
CtrSVDD_0007_E_0010471,-5.6184280284
CtrSVDD_0008_E_0010472,-6.6790631896
CtrSVDD_0009_E_0010473,-4.9546412670
CtrSVDD_0010_E_0010474,-1.5167157096
CtrSVDD_0011_E_0010475,-7.0224759148
CtrSVDD_0012_E_0010476,-3.4437858651
CtrSVDD_0013_E_0010477,-3.5511969144
CtrSVDD_0014_E_0010478,-5.8951577495
CtrSVDD_0015_E_0010479,-2.5332150174
CtrSVDD_0016_E_0010480,-7.9806346970
CtrSVDD_0017_E_0010481,-4.4611469944
CtrSVDD_0018_E_0010482,-6.7755354178
CtrSVDD_0019_E_0010483,-6.1019291762
CtrSVDD_0020_E_0010484,2.5836074161
CtrSVDD_0021_E_0010485,-7.2644733143
CtrSVDD_0022_E_0010486,-9.0344083089
CtrSVDD_0023_E_0010487,-7.8165236090
CtrSVDD_0024_E_0010488,1.3297709502
CtrSVDD_0025_E_0010489,-2.8417640481
CtrSVDD_0026_E_0010490,-7.4873308650
CtrSVDD_0027_E_0010491,-2.8564829940
CtrSVDD_0028_E_0010492,-5.3278201538
CtrSVDD_0029_E_0010493,-6.9031052777
CtrSVDD_0030_E_0010494,-5.3468772457
CtrSVDD_0031_E_0010495,-3.4011169127
CtrSVDD_0032_E_0010496,-6.1624868533
CtrSVDD_0033_E_0010497,-4.5708733457
CtrSVDD_0034_E_0010498,-7.1079606716
CtrSVDD_0035_E_0010499,2.5205022172
CtrSVDD_0036_E_0010500,-7.0620065771
CtrSVDD_0037_E_0010501,-6.9724061666
CtrSVDD_0038_E_0010502,-6.8431380803
CtrSVDD_0039_E_0010503,-4.0025041694
CtrSVDD_0040_E_0010504,-5.8588658839
CtrSVDD_0041_E_0010505,-3.7817692238
CtrSVDD_0042_E_0010506,-7.0257841529
CtrSVDD_0043_E_0010507,-3.7226388375
CtrSVDD_0044_E_0010508,-7.5021397642
CtrSVDD_0045_E_0010509,-7.0517528742
CtrSVDD_0046_E_0010510,-6.7968682151
CtrSVDD_0047_E_0010511,-5.3033144881
CtrSVDD_0000_E_0010512,-5.0822963654
CtrSVDD_0001_E_0010513,-6.2869273368
CtrSVDD_0002_E_0010514,-5.8757547918
CtrSVDD_0003_E_0010515,-6.7965312493
CtrSVDD_0004_E_0010516,-5.9702486591
CtrSVDD_0005_E_0010517,-5.2257334896
CtrSVDD_0006_E_0010518,-7.7324932483
CtrSVDD_0007_E_0010519,-6.4288841690
CtrSVDD_0008_E_0010520,-6.4249015691
CtrSVDD_0009_E_0010521,-0.2798717615
CtrSVDD_0010_E_0010522,-6.2228523237
CtrSVDD_0011_E_0010523,1.1487662800
CtrSVDD_0012_E_0010524,1.3022891135
CtrSVDD_0013_E_0010525,-4.8321509964
CtrSVDD_0014_E_0010526,-6.1539720853
CtrSVDD_0015_E_0010527,-6.7285694771
CtrSVDD_0016_E_0010528,-8.8381964780
CtrSVDD_0017_E_0010529,0.0314779298
CtrSVDD_0018_E_0010530,-7.1773161883
CtrSVDD_0019_E_0010531,-5.8508912475
CtrSVDD_0020_E_0010532,-7.2876414315
CtrSVDD_0021_E_0010533,-7.3212599461
CtrSVDD_0022_E_0010534,-7.4743266734
CtrSVDD_0023_E_0010535,-8.7966275416
CtrSVDD_0024_E_0010536,-6.7244474531
CtrSVDD_0025_E_0010537,-8.2354470186
CtrSVDD_0026_E_0010538,-5.2047893969
CtrSVDD_0027_E_0010539,-5.5933883945
CtrSVDD_0028_E_0010540,-8.1489163131
CtrSVDD_0029_E_0010541,-5.2459703580
CtrSVDD_0030_E_0010542,-6.7998535996
CtrSVDD_0031_E_0010543,-2.3143720728
CtrSVDD_0032_E_0010544,-6.3835054296
CtrSVDD_0033_E_0010545,-3.7361106935
CtrSVDD_0034_E_0010546,-4.2178327758
CtrSVDD_0035_E_0010547,-8.8224969992
CtrSVDD_0036_E_0010548,-6.6728074079
CtrSVDD_0037_E_0010549,-5.6483272332
CtrSVDD_0038_E_0010550,-8.5838788320
CtrSVDD_0039_E_0010551,-7.0055416359
CtrSVDD_0040_E_0010552,-8.7834292128
CtrSVDD_0041_E_0010553,-5.7829383848
CtrSVDD_0042_E_0010554,-0.1714530728
CtrSVDD_0043_E_0010555,0.5181513452
CtrSVDD_0044_E_0010556,-7.3293136475
CtrSVDD_0045_E_0010557,-6.6437323533
CtrSVDD_0046_E_0010558,-1.5184291412
CtrSVDD_0047_E_0010559,-5.3561116561
CtrSVDD_0000_E_0010560,-5.5313124530
CtrSVDD_0001_E_0010561,-6.6221152786
CtrSVDD_0002_E_0010562,-7.0588870517
CtrSVDD_0003_E_0010563,-5.9798982066
CtrSVDD_0004_E_0010564,-6.6237790098
CtrSVDD_0005_E_0010565,-5.5053038855
CtrSVDD_0006_E_0010566,2.0099263107
CtrSVDD_0007_E_0010567,-0.0062945880
CtrSVDD_0008_E_0010568,-4.8979884677
CtrSVDD_0009_E_0010569,-5.2080447247
CtrSVDD_0010_E_0010570,-3.5007693272
CtrSVDD_0011_E_0010571,-6.2245960286
CtrSVDD_0012_E_0010572,-3.0596603285
CtrSVDD_0013_E_0010573,-6.8198470960
CtrSVDD_0014_E_0010574,-7.1390518903
CtrSVDD_0015_E_0010575,-6.5093667404
CtrSVDD_0016_E_0010576,-6.1057916163
CtrSVDD_0017_E_0010577,1.5467608899
CtrSVDD_0018_E_0010578,-4.9575999672
CtrSVDD_0019_E_0010579,-7.4571434745
CtrSVDD_0020_E_0010580,-3.8734690014
CtrSVDD_0021_E_0010581,-1.8161557147
CtrSVDD_0022_E_0010582,-8.1537596471
CtrSVDD_0023_E_0010583,-0.4060446121
CtrSVDD_0024_E_0010584,-4.7298375726
CtrSVDD_0025_E_0010585,-7.8266536346
CtrSVDD_0026_E_0010586,-3.8811865124
CtrSVDD_0027_E_0010587,-5.2532708294
CtrSVDD_0028_E_0010588,-4.9420772729
CtrSVDD_0029_E_0010589,-6.3074257209
CtrSVDD_0030_E_0010590,-7.8772346764
CtrSVDD_0031_E_0010591,-0.9290925809
CtrSVDD_0032_E_0010592,-6.9917184052
CtrSVDD_0033_E_0010593,0.3459867419
CtrSVDD_0034_E_0010594,-6.3087869773
CtrSVDD_0035_E_0010595,-5.6870279030
CtrSVDD_0036_E_0010596,-5.6053156330
CtrSVDD_0037_E_0010597,-7.6307672109
CtrSVDD_0038_E_0010598,-4.4288510612
CtrSVDD_0039_E_0010599,-6.4593632197
CtrSVDD_0040_E_0010600,-0.1121501310
CtrSVDD_0041_E_0010601,-6.1251236794
CtrSVDD_0042_E_0010602,1.4470623406
CtrSVDD_0043_E_0010603,-3.3828718473
CtrSVDD_0044_E_0010604,-7.1669828587
CtrSVDD_0045_E_0010605,0.2809784640
CtrSVDD_0046_E_0010606,-5.2500083983
CtrSVDD_0047_E_0010607,-7.9465541675
CtrSVDD_0000_E_0010608,-7.5004878107
CtrSVDD_0001_E_0010609,-0.1537711546
CtrSVDD_0002_E_0010610,-6.2497048657
CtrSVDD_0003_E_0010611,1.6432135432
CtrSVDD_0004_E_0010612,-7.3478231708
CtrSVDD_0005_E_0010613,-9.4206888296
CtrSVDD_0006_E_0010614,-0.3909008364
CtrSVDD_0007_E_0010615,0.0678933459
CtrSVDD_0008_E_0010616,-0.5455439463
CtrSVDD_0009_E_0010617,-3.7737184793
CtrSVDD_0010_E_0010618,-0.6406295548
CtrSVDD_0011_E_0010619,-1.9828902407
CtrSVDD_0012_E_0010620,-6.7297630726
CtrSVDD_0013_E_0010621,-4.8914008879
CtrSVDD_0014_E_0010622,-3.4191094636
CtrSVDD_0015_E_0010623,1.4391373656
CtrSVDD_0016_E_0010624,-4.5030411404
CtrSVDD_0017_E_0010625,-7.1829096393
CtrSVDD_0018_E_0010626,-5.8016489642
CtrSVDD_0019_E_0010627,1.5096279205
CtrSVDD_0020_E_0010628,-6.5269170485
CtrSVDD_0021_E_0010629,-1.6241083858
CtrSVDD_0022_E_0010630,-7.3785635511
CtrSVDD_0023_E_0010631,-6.3987696101
CtrSVDD_0024_E_0010632,-7.6918902411
CtrSVDD_0025_E_0010633,-7.8394272428
CtrSVDD_0026_E_0010634,-5.6931580208
CtrSVDD_0027_E_0010635,-6.1516320981
CtrSVDD_0028_E_0010636,1.0516312817
CtrSVDD_0029_E_0010637,-9.3191398859
CtrSVDD_0030_E_0010638,-9.1485598226
CtrSVDD_0031_E_0010639,-6.5470319017
CtrSVDD_0032_E_0010640,-6.7629076510
CtrSVDD_0033_E_0010641,-3.7024553859
CtrSVDD_0034_E_0010642,-5.9866792429
CtrSVDD_0035_E_0010643,-7.5712113687
CtrSVDD_0036_E_0010644,-5.0624710713
CtrSVDD_0037_E_0010645,-6.4212590843
CtrSVDD_0038_E_0010646,-4.1004377608
CtrSVDD_0039_E_0010647,-6.8730903858
CtrSVDD_0040_E_0010648,-1.2194953228
CtrSVDD_0041_E_0010649,-5.0140919850
CtrSVDD_0042_E_0010650,-5.0101393483
CtrSVDD_0043_E_0010651,-3.5731952215
CtrSVDD_0044_E_0010652,-6.7348276393
CtrSVDD_0045_E_0010653,-4.5019247536
CtrSVDD_0046_E_0010654,-6.9464648725
CtrSVDD_0047_E_0010655,-5.2200013819
CtrSVDD_0000_E_0010656,-6.5514593684
CtrSVDD_0001_E_0010657,-0.2639055764
CtrSVDD_0002_E_0010658,-5.0332888758
CtrSVDD_0003_E_0010659,-6.1405780165
CtrSVDD_0004_E_0010660,-7.3859501613
CtrSVDD_0005_E_0010661,-7.2045572819
CtrSVDD_0006_E_0010662,-6.1402573456
CtrSVDD_0007_E_0010663,-6.5040405348
CtrSVDD_0008_E_0010664,-6.3097701912
CtrSVDD_0009_E_0010665,-3.8696865097
CtrSVDD_0010_E_0010666,0.9745186026
CtrSVDD_0011_E_0010667,-4.1897592076
CtrSVDD_0012_E_0010668,-8.3485602555
CtrSVDD_0013_E_0010669,-6.1677901694
CtrSVDD_0014_E_0010670,-0.9007043491
CtrSVDD_0015_E_0010671,-0.0636878869
CtrSVDD_0016_E_0010672,-0.5374456446
CtrSVDD_0017_E_0010673,-3.5242998201
CtrSVDD_0018_E_0010674,-5.6732501419
CtrSVDD_0019_E_0010675,-6.8525861436
CtrSVDD_0020_E_0010676,-5.3785621862
CtrSVDD_0021_E_0010677,-7.2205285653
CtrSVDD_0022_E_0010678,-5.8375265933
CtrSVDD_0023_E_0010679,-9.3082637421
CtrSVDD_0024_E_0010680,-7.2167400527
CtrSVDD_0025_E_0010681,-8.0787521753
CtrSVDD_0026_E_0010682,-6.4835966587
CtrSVDD_0027_E_0010683,-3.9629317278
CtrSVDD_0028_E_0010684,0.6354858275
CtrSVDD_0029_E_0010685,0.5394049451
CtrSVDD_0030_E_0010686,-6.0070328892
CtrSVDD_0031_E_0010687,-7.6869012545
CtrSVDD_0032_E_0010688,-6.0682278324
CtrSVDD_0033_E_0010689,-5.0658226872
CtrSVDD_0034_E_0010690,2.7784602291
CtrSVDD_0035_E_0010691,-0.0749051505
CtrSVDD_0036_E_0010692,-8.7263610742
CtrSVDD_0037_E_0010693,-6.1951444830
CtrSVDD_0038_E_0010694,-9.8422738341
CtrSVDD_0039_E_0010695,-5.2534564997
CtrSVDD_0040_E_0010696,-3.4953389065
CtrSVDD_0041_E_0010697,-4.1332339555
CtrSVDD_0042_E_0010698,-7.1183887100
CtrSVDD_0043_E_0010699,-6.3688727993
CtrSVDD_0044_E_0010700,-6.2621623485
CtrSVDD_0045_E_0010701,-3.0394711673
CtrSVDD_0046_E_0010702,0.4228111722
CtrSVDD_0047_E_0010703,-4.8525179083
CtrSVDD_0000_E_0010704,-5.6303668186
CtrSVDD_0001_E_0010705,-6.3331920215
CtrSVDD_0002_E_0010706,-6.6304323847
CtrSVDD_0003_E_0010707,-5.6113471888
CtrSVDD_0004_E_0010708,-5.0768708156
CtrSVDD_0005_E_0010709,-7.4718661953
CtrSVDD_0006_E_0010710,-6.6121293933
CtrSVDD_0007_E_0010711,-5.4033260440
CtrSVDD_0008_E_0010712,-5.6686373004
CtrSVDD_0009_E_0010713,-7.1126318589
CtrSVDD_0010_E_0010714,-4.5282836936
CtrSVDD_0011_E_0010715,-6.3045115957
CtrSVDD_0012_E_0010716,-7.6592575065
CtrSVDD_0013_E_0010717,-2.3712705013
CtrSVDD_0014_E_0010718,-1.2774288271
CtrSVDD_0015_E_0010719,-6.4015440756
CtrSVDD_0016_E_0010720,-6.8082481543
CtrSVDD_0017_E_0010721,-7.0733001838
CtrSVDD_0018_E_0010722,-4.8548514200
CtrSVDD_0019_E_0010723,-0.9903837048
CtrSVDD_0020_E_0010724,-6.5719999220
CtrSVDD_0021_E_0010725,-5.6433768497
CtrSVDD_0022_E_0010726,-5.9467514250
CtrSVDD_0023_E_0010727,-6.2716742338
CtrSVDD_0024_E_0010728,0.0721000060
CtrSVDD_0025_E_0010729,-5.5420752539
CtrSVDD_0026_E_0010730,-2.4795560044
CtrSVDD_0027_E_0010731,-8.2216584656
CtrSVDD_0028_E_0010732,1.5700950206
CtrSVDD_0029_E_0010733,-0.1283405650
CtrSVDD_0030_E_0010734,-4.1057539899
CtrSVDD_0031_E_0010735,-5.1481154418
CtrSVDD_0032_E_0010736,-5.1261165698
CtrSVDD_0033_E_0010737,-4.8525087280
CtrSVDD_0034_E_0010738,-6.4182841999
CtrSVDD_0035_E_0010739,-6.9801090094
CtrSVDD_0036_E_0010740,2.4883199322
CtrSVDD_0037_E_0010741,-6.1812055464
CtrSVDD_0038_E_0010742,-7.6379902877
CtrSVDD_0039_E_0010743,-2.6448649998
CtrSVDD_0040_E_0010744,-4.6933511147
CtrSVDD_0041_E_0010745,-5.2726005760
CtrSVDD_0042_E_0010746,-4.8261369355
CtrSVDD_0043_E_0010747,-8.5570951250
CtrSVDD_0044_E_0010748,-8.4254780834
CtrSVDD_0045_E_0010749,-2.0581975299
CtrSVDD_0046_E_0010750,-0.1156573525
CtrSVDD_0047_E_0010751,-5.4072826024
CtrSVDD_0000_E_0010752,-5.3634843145
CtrSVDD_0001_E_0010753,-6.8862352556
CtrSVDD_0002_E_0010754,-7.4065967918
CtrSVDD_0003_E_0010755,0.8080100070
CtrSVDD_0004_E_0010756,-7.1213471089
CtrSVDD_0005_E_0010757,-2.0938614812
CtrSVDD_0006_E_0010758,-5.1261206475
CtrSVDD_0007_E_0010759,-7.7989800403
CtrSVDD_0008_E_0010760,-0.3564011362
CtrSVDD_0009_E_0010761,-6.4724141727
CtrSVDD_0010_E_0010762,-6.0786092809
CtrSVDD_0011_E_0010763,-4.9100029616
CtrSVDD_0012_E_0010764,-4.3343411802
CtrSVDD_0013_E_0010765,-5.0184429439
CtrSVDD_0014_E_0010766,-9.0763025972
CtrSVDD_0015_E_0010767,-6.6409373300
CtrSVDD_0016_E_0010768,-6.1589467005
CtrSVDD_0017_E_0010769,-0.3683508953
CtrSVDD_0018_E_0010770,-6.6320241430
CtrSVDD_0019_E_0010771,-7.5510318078
CtrSVDD_0020_E_0010772,0.1994065447
CtrSVDD_0021_E_0010773,-5.0447940081
CtrSVDD_0022_E_0010774,-6.0464069307
CtrSVDD_0023_E_0010775,-7.1536570571
CtrSVDD_0024_E_0010776,-0.5865921165
CtrSVDD_0025_E_0010777,-6.4252043180
CtrSVDD_0026_E_0010778,-7.2091811602
CtrSVDD_0027_E_0010779,-6.7512835880
CtrSVDD_0028_E_0010780,-6.4841407321
CtrSVDD_0029_E_0010781,-1.8399421364
CtrSVDD_0030_E_0010782,-6.1779645370
CtrSVDD_0031_E_0010783,-0.2832029081
CtrSVDD_0032_E_0010784,-5.0995292306
CtrSVDD_0033_E_0010785,-5.9779094904
CtrSVDD_0034_E_0010786,-6.6253291199
CtrSVDD_0035_E_0010787,-4.6583858319
CtrSVDD_0036_E_0010788,-8.2623598307
CtrSVDD_0037_E_0010789,-6.1497401190
CtrSVDD_0038_E_0010790,-5.9029134709
CtrSVDD_0039_E_0010791,-6.4750224532
CtrSVDD_0040_E_0010792,-6.4288378616
CtrSVDD_0041_E_0010793,-8.2773878567
CtrSVDD_0042_E_0010794,-5.5435259721
CtrSVDD_0043_E_0010795,-3.6656152392
CtrSVDD_0044_E_0010796,-6.0921711583
CtrSVDD_0045_E_0010797,-3.2117264204
CtrSVDD_0046_E_0010798,-5.6845494704
CtrSVDD_0047_E_0010799,-7.3709891911
CtrSVDD_0000_E_0010800,-6.0688169630
CtrSVDD_0001_E_0010801,-6.9214865511
CtrSVDD_0002_E_0010802,-5.9515586771
CtrSVDD_0003_E_0010803,-0.5849315401
CtrSVDD_0004_E_0010804,-4.3581113404
CtrSVDD_0005_E_0010805,-3.8414257096
CtrSVDD_0006_E_0010806,-6.7018504224
CtrSVDD_0007_E_0010807,-5.6037494599
CtrSVDD_0008_E_0010808,-5.9090588320
CtrSVDD_0009_E_0010809,-7.1698774656
CtrSVDD_0010_E_0010810,-4.0440473875
CtrSVDD_0011_E_0010811,-0.0875359191
CtrSVDD_0012_E_0010812,-5.6296461728
CtrSVDD_0013_E_0010813,-4.9037460849
CtrSVDD_0014_E_0010814,-5.9368964879
CtrSVDD_0015_E_0010815,0.0650895778
CtrSVDD_0016_E_0010816,-5.2902376343
CtrSVDD_0017_E_0010817,-6.6013893702
CtrSVDD_0018_E_0010818,-5.7592281664
CtrSVDD_0019_E_0010819,-5.0572145127
CtrSVDD_0020_E_0010820,-7.1531598820
CtrSVDD_0021_E_0010821,-6.2407956175
CtrSVDD_0022_E_0010822,-5.1122801774
CtrSVDD_0023_E_0010823,-1.2959322046
CtrSVDD_0024_E_0010824,-7.7315613937
CtrSVDD_0025_E_0010825,1.5934953657
CtrSVDD_0026_E_0010826,-0.5520484215
CtrSVDD_0027_E_0010827,-2.7796828149
CtrSVDD_0028_E_0010828,-5.4001070131
CtrSVDD_0029_E_0010829,-0.8196978204
CtrSVDD_0030_E_0010830,-6.0883565897
CtrSVDD_0031_E_0010831,-4.7460692189
CtrSVDD_0032_E_0010832,-7.7350733451
CtrSVDD_0033_E_0010833,-5.2887766234
CtrSVDD_0034_E_0010834,-7.0173906201
CtrSVDD_0035_E_0010835,-5.4135680044
CtrSVDD_0036_E_0010836,-4.3059676186
CtrSVDD_0037_E_0010837,-5.0222815154
CtrSVDD_0038_E_0010838,-0.1949601979
CtrSVDD_0039_E_0010839,-6.4502385517
CtrSVDD_0040_E_0010840,0.6526981539
CtrSVDD_0041_E_0010841,-7.3867772765
CtrSVDD_0042_E_0010842,-6.6993574675
CtrSVDD_0043_E_0010843,-7.4283030177
CtrSVDD_0044_E_0010844,-7.0395479160
CtrSVDD_0045_E_0010845,0.7529983711
CtrSVDD_0046_E_0010846,-7.5722341871
CtrSVDD_0047_E_0010847,-6.8432045622
CtrSVDD_0000_E_0010848,-7.2153682795
CtrSVDD_0001_E_0010849,-0.2419726189
CtrSVDD_0002_E_0010850,1.5859239850
CtrSVDD_0003_E_0010851,1.1546768705
CtrSVDD_0004_E_0010852,-8.1338330466
CtrSVDD_0005_E_0010853,-9.2141974064
CtrSVDD_0006_E_0010854,-3.4667474794
CtrSVDD_0007_E_0010855,-1.4839023761
CtrSVDD_0008_E_0010856,-7.5628231552
CtrSVDD_0009_E_0010857,-4.8183699361
CtrSVDD_0010_E_0010858,-5.2124112302
CtrSVDD_0011_E_0010859,1.9724519057
CtrSVDD_0012_E_0010860,-4.6219160141
CtrSVDD_0013_E_0010861,-6.4441999379
CtrSVDD_0014_E_0010862,-3.6403770428
CtrSVDD_0015_E_0010863,-3.5641354370
CtrSVDD_0016_E_0010864,-8.6158015461
CtrSVDD_0017_E_0010865,-0.5634879274
CtrSVDD_0018_E_0010866,-6.1854094990
CtrSVDD_0019_E_0010867,-7.7299182962
CtrSVDD_0020_E_0010868,-4.1270506604
CtrSVDD_0021_E_0010869,-5.6567300087
CtrSVDD_0022_E_0010870,-7.9958801097
CtrSVDD_0023_E_0010871,-3.9673503576
CtrSVDD_0024_E_0010872,-8.3256002098
CtrSVDD_0025_E_0010873,-5.8698061785
CtrSVDD_0026_E_0010874,-6.1215424042
CtrSVDD_0027_E_0010875,-4.9058763834
CtrSVDD_0028_E_0010876,0.7254239831
CtrSVDD_0029_E_0010877,-5.3229475026
CtrSVDD_0030_E_0010878,-4.7803301879
CtrSVDD_0031_E_0010879,-6.8828835130
CtrSVDD_0032_E_0010880,-5.7291369428
CtrSVDD_0033_E_0010881,-7.3675791863
CtrSVDD_0034_E_0010882,-7.3939527126
CtrSVDD_0035_E_0010883,-7.2859178618
CtrSVDD_0036_E_0010884,-8.8975456548
CtrSVDD_0037_E_0010885,1.4120878115
CtrSVDD_0038_E_0010886,-0.8082940070
CtrSVDD_0039_E_0010887,-6.7019862328
CtrSVDD_0040_E_0010888,-0.7308942474
CtrSVDD_0041_E_0010889,-4.6364661594
CtrSVDD_0042_E_0010890,-3.0770726889
CtrSVDD_0043_E_0010891,-6.9638087668
CtrSVDD_0044_E_0010892,-5.9759188062
CtrSVDD_0045_E_0010893,-5.4378388244
CtrSVDD_0046_E_0010894,-4.2826975197
CtrSVDD_0047_E_0010895,-6.8281838127
CtrSVDD_0000_E_0010896,-5.1867304266
CtrSVDD_0001_E_0010897,-5.8954599130
CtrSVDD_0002_E_0010898,-3.3495738103
CtrSVDD_0003_E_0010899,-6.7461673861
CtrSVDD_0004_E_0010900,-4.7016931995
CtrSVDD_0005_E_0010901,-3.8470630840
CtrSVDD_0006_E_0010902,-7.1129292539
CtrSVDD_0007_E_0010903,-3.0107562664
CtrSVDD_0008_E_0010904,-7.0550563846
CtrSVDD_0009_E_0010905,-4.5066122509
CtrSVDD_0010_E_0010906,-3.8791493538
CtrSVDD_0011_E_0010907,-7.9665485434
CtrSVDD_0012_E_0010908,-8.4272991332
CtrSVDD_0013_E_0010909,0.1424573696
CtrSVDD_0014_E_0010910,-7.8873541931
CtrSVDD_0015_E_0010911,-0.3984613015
CtrSVDD_0016_E_0010912,-9.6621360839
CtrSVDD_0017_E_0010913,-7.1047379967
CtrSVDD_0018_E_0010914,-8.2958289786
CtrSVDD_0019_E_0010915,-6.4645561179
CtrSVDD_0020_E_0010916,-7.4433870811
CtrSVDD_0021_E_0010917,0.4864133783
CtrSVDD_0022_E_0010918,-7.0933072280
CtrSVDD_0023_E_0010919,-4.6509812237
CtrSVDD_0024_E_0010920,-5.3829016880
CtrSVDD_0025_E_0010921,-6.5411071293
CtrSVDD_0026_E_0010922,-7.5653598109
CtrSVDD_0027_E_0010923,-7.0411606864
CtrSVDD_0028_E_0010924,-4.7995929205
CtrSVDD_0029_E_0010925,-2.7156146493
CtrSVDD_0030_E_0010926,-4.8695652021
CtrSVDD_0031_E_0010927,-0.2393607108
CtrSVDD_0032_E_0010928,-6.5320814371
CtrSVDD_0033_E_0010929,-5.7043892018
CtrSVDD_0034_E_0010930,2.0629994447
CtrSVDD_0035_E_0010931,-6.2826063911
CtrSVDD_0036_E_0010932,-5.3332328459
CtrSVDD_0037_E_0010933,-4.8814241584
CtrSVDD_0038_E_0010934,-5.1933798605
CtrSVDD_0039_E_0010935,1.3678331905
CtrSVDD_0040_E_0010936,-4.6881025678
CtrSVDD_0041_E_0010937,-7.2093049444
CtrSVDD_0042_E_0010938,-6.2922117561
CtrSVDD_0043_E_0010939,-4.7211066767
CtrSVDD_0044_E_0010940,-9.9111308715
CtrSVDD_0045_E_0010941,-3.3042674957
CtrSVDD_0046_E_0010942,1.0392537032
CtrSVDD_0047_E_0010943,-7.7807790249
CtrSVDD_0000_E_0010944,-8.0768597655
CtrSVDD_0001_E_0010945,-4.4502371867
CtrSVDD_0002_E_0010946,-7.0357581902
CtrSVDD_0003_E_0010947,0.9176216787
CtrSVDD_0004_E_0010948,-6.6395714179
CtrSVDD_0005_E_0010949,-6.5217500785
CtrSVDD_0006_E_0010950,-7.0377588019
CtrSVDD_0007_E_0010951,1.2586761719
CtrSVDD_0008_E_0010952,0.6032504628
CtrSVDD_0009_E_0010953,-2.0970987126
CtrSVDD_0010_E_0010954,-3.6668781453
CtrSVDD_0011_E_0010955,-5.7964119295
CtrSVDD_0012_E_0010956,-8.0098241493
CtrSVDD_0013_E_0010957,-1.0935376814
CtrSVDD_0014_E_0010958,-3.8489438131
CtrSVDD_0015_E_0010959,-5.6627446999
CtrSVDD_0016_E_0010960,-3.7281533120
CtrSVDD_0017_E_0010961,-7.2110773552
CtrSVDD_0018_E_0010962,-0.5165522584
CtrSVDD_0019_E_0010963,-6.9869665896
CtrSVDD_0020_E_0010964,0.0636878869
CtrSVDD_0021_E_0010965,-6.0907743635
CtrSVDD_0022_E_0010966,-2.7066043463
CtrSVDD_0023_E_0010967,-6.9533936066
CtrSVDD_0024_E_0010968,-5.5531707190
CtrSVDD_0025_E_0010969,-5.2466707169
CtrSVDD_0026_E_0010970,-4.4424784539
CtrSVDD_0027_E_0010971,0.0861318474
CtrSVDD_0028_E_0010972,-4.8275852067
CtrSVDD_0029_E_0010973,-5.6000323007
CtrSVDD_0030_E_0010974,-8.2976124884
CtrSVDD_0031_E_0010975,-2.1980939349
CtrSVDD_0032_E_0010976,-5.9400879752
CtrSVDD_0033_E_0010977,-3.6185552594
CtrSVDD_0034_E_0010978,2.6170276295
CtrSVDD_0035_E_0010979,-8.1578721309
CtrSVDD_0036_E_0010980,-8.1966225305
CtrSVDD_0037_E_0010981,0.9283296332
CtrSVDD_0038_E_0010982,-2.8396532888
CtrSVDD_0039_E_0010983,-7.9180827980
CtrSVDD_0040_E_0010984,-5.2583569380
CtrSVDD_0041_E_0010985,-6.0564252534
CtrSVDD_0042_E_0010986,-1.0134905810
CtrSVDD_0043_E_0010987,-8.1241808977
CtrSVDD_0044_E_0010988,-4.0520302009
CtrSVDD_0045_E_0010989,-2.7979326794
CtrSVDD_0046_E_0010990,-7.2487433541
CtrSVDD_0047_E_0010991,-2.8856349124
CtrSVDD_0000_E_0010992,-8.4792269275
CtrSVDD_0001_E_0010993,-7.0785900193
CtrSVDD_0002_E_0010994,-6.7516502038
CtrSVDD_0003_E_0010995,0.6191529613
CtrSVDD_0004_E_0010996,-7.3313082952
CtrSVDD_0005_E_0010997,-7.7613973676
CtrSVDD_0006_E_0010998,-3.0460447938
CtrSVDD_0007_E_0010999,-5.2066854593
CtrSVDD_0008_E_0011000,-5.7783243010
CtrSVDD_0009_E_0011001,-4.0690869174
CtrSVDD_0010_E_0011002,-4.7383793129
CtrSVDD_0011_E_0011003,-8.3247453184
CtrSVDD_0012_E_0011004,-6.9541502410
CtrSVDD_0013_E_0011005,-4.4978185572
CtrSVDD_0014_E_0011006,0.5799594487
CtrSVDD_0015_E_0011007,-5.7236758046
CtrSVDD_0016_E_0011008,-7.5715506775
CtrSVDD_0017_E_0011009,1.1665482432
CtrSVDD_0018_E_0011010,-5.3340761901
CtrSVDD_0019_E_0011011,0.8676194803
CtrSVDD_0020_E_0011012,-5.9033166180
CtrSVDD_0021_E_0011013,-0.3618724467
CtrSVDD_0022_E_0011014,-6.0854947468
CtrSVDD_0023_E_0011015,-4.7474724322
CtrSVDD_0024_E_0011016,-1.8901193365
CtrSVDD_0025_E_0011017,-5.6141190814
CtrSVDD_0026_E_0011018,-5.9221111441
CtrSVDD_0027_E_0011019,-5.6348563949
CtrSVDD_0028_E_0011020,-6.5252386368
CtrSVDD_0029_E_0011021,-7.0309406595
CtrSVDD_0030_E_0011022,-6.1610685665
CtrSVDD_0031_E_0011023,-7.8177973964
CtrSVDD_0032_E_0011024,-4.4793601667
CtrSVDD_0033_E_0011025,-7.4493830366
CtrSVDD_0034_E_0011026,-3.5605123591
CtrSVDD_0035_E_0011027,-3.3792304505
CtrSVDD_0036_E_0011028,-7.3901672385
CtrSVDD_0037_E_0011029,-6.7765944316
CtrSVDD_0038_E_0011030,-6.7833474115
CtrSVDD_0039_E_0011031,-6.4165163276
CtrSVDD_0040_E_0011032,-6.3115077434
CtrSVDD_0041_E_0011033,-5.7881798734
CtrSVDD_0042_E_0011034,-0.3999761177
CtrSVDD_0043_E_0011035,-7.4550077771
CtrSVDD_0044_E_0011036,-0.2364828216
CtrSVDD_0045_E_0011037,-2.6281074129
CtrSVDD_0046_E_0011038,0.1978122464
CtrSVDD_0047_E_0011039,-8.0154062885
CtrSVDD_0000_E_0011040,-7.8253758137
CtrSVDD_0001_E_0011041,-5.7747024113
CtrSVDD_0002_E_0011042,-4.7940226248
CtrSVDD_0003_E_0011043,-5.7762395121
CtrSVDD_0004_E_0011044,-6.6574721207
CtrSVDD_0005_E_0011045,-3.5786326880
CtrSVDD_0006_E_0011046,-7.6471245130
CtrSVDD_0007_E_0011047,0.2537804489
CtrSVDD_0008_E_0011048,-6.0488824320
CtrSVDD_0009_E_0011049,-5.6366727174
CtrSVDD_0010_E_0011050,-6.1389271832
CtrSVDD_0011_E_0011051,-9.2046087661
CtrSVDD_0012_E_0011052,1.0863057363
CtrSVDD_0013_E_0011053,0.1297510487
CtrSVDD_0014_E_0011054,-6.3602349750
CtrSVDD_0015_E_0011055,-2.9449109064
CtrSVDD_0016_E_0011056,-6.9701242516
CtrSVDD_0017_E_0011057,-5.6013153844
CtrSVDD_0018_E_0011058,-3.8933910719
CtrSVDD_0019_E_0011059,-7.2507549816
CtrSVDD_0020_E_0011060,-6.9987281969
CtrSVDD_0021_E_0011061,-7.8601309292
CtrSVDD_0022_E_0011062,-8.3563408234
CtrSVDD_0023_E_0011063,0.2798717615
CtrSVDD_0024_E_0011064,-0.6499156756
CtrSVDD_0025_E_0011065,0.7181638739
CtrSVDD_0026_E_0011066,-6.3014449408
CtrSVDD_0027_E_0011067,-7.0011264456
CtrSVDD_0028_E_0011068,-6.6351406250
CtrSVDD_0029_E_0011069,-5.9352788368
CtrSVDD_0030_E_0011070,-0.1269303366
CtrSVDD_0031_E_0011071,0.4587511246
CtrSVDD_0032_E_0011072,-6.2997353487
CtrSVDD_0033_E_0011073,-7.6070074017
CtrSVDD_0034_E_0011074,-6.6470388821
CtrSVDD_0035_E_0011075,-5.2133420286
CtrSVDD_0036_E_0011076,0.5816152139
CtrSVDD_0037_E_0011077,-7.2665139327
CtrSVDD_0038_E_0011078,-6.9352845846
CtrSVDD_0039_E_0011079,-7.0039943968
CtrSVDD_0040_E_0011080,-0.2566706433
CtrSVDD_0041_E_0011081,-6.4921245481
CtrSVDD_0042_E_0011082,-0.3282197238
CtrSVDD_0043_E_0011083,-4.4444255833
CtrSVDD_0044_E_0011084,-6.3667980439
CtrSVDD_0045_E_0011085,-6.8276363553
CtrSVDD_0046_E_0011086,-1.8989484998
CtrSVDD_0047_E_0011087,1.1725096369
CtrSVDD_0000_E_0011088,-5.9591954478
CtrSVDD_0001_E_0011089,-3.0186339647
CtrSVDD_0002_E_0011090,1.1844854064
CtrSVDD_0003_E_0011091,-7.5857743553
CtrSVDD_0004_E_0011092,-6.2566285961
CtrSVDD_0005_E_0011093,1.4923680786
CtrSVDD_0006_E_0011094,-6.9847218470
CtrSVDD_0007_E_0011095,0.0705068570
CtrSVDD_0008_E_0011096,-5.9130374247
CtrSVDD_0009_E_0011097,-1.8747589502
CtrSVDD_0010_E_0011098,-6.0704821037
CtrSVDD_0011_E_0011099,-0.7849588792
CtrSVDD_0012_E_0011100,2.0576833914
CtrSVDD_0013_E_0011101,0.5554099322
CtrSVDD_0014_E_0011102,-7.0785251332
CtrSVDD_0015_E_0011103,-7.4340043920
CtrSVDD_0016_E_0011104,-6.6379106946
CtrSVDD_0017_E_0011105,-5.1716743265
CtrSVDD_0018_E_0011106,-2.9469300473
CtrSVDD_0019_E_0011107,-3.2229136842
CtrSVDD_0020_E_0011108,-6.9119323855
CtrSVDD_0021_E_0011109,-6.3461218900
CtrSVDD_0022_E_0011110,-8.7136253790
CtrSVDD_0023_E_0011111,-0.2916468333
CtrSVDD_0024_E_0011112,-7.9360389360
CtrSVDD_0025_E_0011113,-4.8712607883
CtrSVDD_0026_E_0011114,-3.8040182677
CtrSVDD_0027_E_0011115,-8.5393779191
CtrSVDD_0028_E_0011116,-7.0447202925
CtrSVDD_0029_E_0011117,0.0945589226
CtrSVDD_0030_E_0011118,-3.7576423206
CtrSVDD_0031_E_0011119,-6.0045639060
CtrSVDD_0032_E_0011120,-4.5727126673
CtrSVDD_0033_E_0011121,-2.3852966097
CtrSVDD_0034_E_0011122,-1.9584871365
CtrSVDD_0035_E_0011123,-6.9473765795
CtrSVDD_0036_E_0011124,-5.0779516645
CtrSVDD_0037_E_0011125,-6.8498870057
CtrSVDD_0038_E_0011126,-9.0968067786
CtrSVDD_0039_E_0011127,-0.7548569455
CtrSVDD_0040_E_0011128,-0.9326427283
CtrSVDD_0041_E_0011129,-6.0009496557
CtrSVDD_0042_E_0011130,-4.6736961734
CtrSVDD_0043_E_0011131,-7.6935280242
CtrSVDD_0044_E_0011132,-6.5737839752
CtrSVDD_0045_E_0011133,-4.3592981353
CtrSVDD_0046_E_0011134,-6.7662594376
CtrSVDD_0047_E_0011135,-6.3202650505
CtrSVDD_0000_E_0011136,-6.5254862498
CtrSVDD_0001_E_0011137,-6.1420264243
CtrSVDD_0002_E_0011138,0.0244812369
CtrSVDD_0003_E_0011139,-6.9711231592
CtrSVDD_0004_E_0011140,-6.9301772366
CtrSVDD_0005_E_0011141,-7.8732433245
CtrSVDD_0006_E_0011142,-6.1866720754
CtrSVDD_0007_E_0011143,-6.3734812858
CtrSVDD_0008_E_0011144,-7.2689901790
CtrSVDD_0009_E_0011145,-5.9719314974
CtrSVDD_0010_E_0011146,-0.8562630518
CtrSVDD_0011_E_0011147,-0.5932506910
CtrSVDD_0012_E_0011148,-6.7782351465
CtrSVDD_0013_E_0011149,-6.8614670588
CtrSVDD_0014_E_0011150,-9.6939471820
CtrSVDD_0015_E_0011151,0.4489609573
CtrSVDD_0016_E_0011152,-6.5997296862
CtrSVDD_0017_E_0011153,-6.8747560659
CtrSVDD_0018_E_0011154,-2.0066881783
CtrSVDD_0019_E_0011155,-6.6354208773
CtrSVDD_0020_E_0011156,-9.2970356977
CtrSVDD_0021_E_0011157,-6.6650962580
CtrSVDD_0022_E_0011158,-4.5629978378
CtrSVDD_0023_E_0011159,-6.4560830427
CtrSVDD_0024_E_0011160,-8.9964007664
CtrSVDD_0025_E_0011161,-6.0075386989
CtrSVDD_0026_E_0011162,-4.4170947855
CtrSVDD_0027_E_0011163,-3.9071773130
CtrSVDD_0028_E_0011164,-5.1950425512
CtrSVDD_0029_E_0011165,-6.1447483931
CtrSVDD_0030_E_0011166,0.1100264567
CtrSVDD_0031_E_0011167,-8.5758642217
CtrSVDD_0032_E_0011168,-7.7019244082
CtrSVDD_0033_E_0011169,-0.8635505819
CtrSVDD_0034_E_0011170,-5.9315314659
CtrSVDD_0035_E_0011171,-6.7211097716
CtrSVDD_0036_E_0011172,-6.4966458682
CtrSVDD_0037_E_0011173,-5.1275815948
CtrSVDD_0038_E_0011174,0.7964315437
CtrSVDD_0039_E_0011175,0.2740578323
CtrSVDD_0040_E_0011176,-6.6270006728
CtrSVDD_0041_E_0011177,-4.3184648010
CtrSVDD_0042_E_0011178,-4.9487861327
CtrSVDD_0043_E_0011179,-3.7037197937
CtrSVDD_0044_E_0011180,-7.7700721664
CtrSVDD_0045_E_0011181,-6.1873008827
CtrSVDD_0046_E_0011182,-0.3818576368
CtrSVDD_0047_E_0011183,-6.7815603918
CtrSVDD_0000_E_0011184,1.0492027322
CtrSVDD_0001_E_0011185,-7.6125173813
CtrSVDD_0002_E_0011186,-5.8966430008
CtrSVDD_0003_E_0011187,-5.5711253939
CtrSVDD_0004_E_0011188,-7.0838737806
CtrSVDD_0005_E_0011189,-7.7959137893
CtrSVDD_0006_E_0011190,-6.6424136200
CtrSVDD_0007_E_0011191,-4.5771033085
CtrSVDD_0008_E_0011192,-5.2431119390
CtrSVDD_0009_E_0011193,-6.1660233128
CtrSVDD_0010_E_0011194,-6.1070101836
CtrSVDD_0011_E_0011195,-6.5584937622
CtrSVDD_0012_E_0011196,-5.9305752402
CtrSVDD_0013_E_0011197,-5.6143263885
CtrSVDD_0014_E_0011198,-6.6113478123
CtrSVDD_0015_E_0011199,-9.1951701576
CtrSVDD_0016_E_0011200,-6.7294558173
CtrSVDD_0017_E_0011201,-3.5822583986
CtrSVDD_0018_E_0011202,-5.2383306228
CtrSVDD_0019_E_0011203,-6.7177730424
CtrSVDD_0020_E_0011204,-5.9254841199
CtrSVDD_0021_E_0011205,-6.4067213188
CtrSVDD_0022_E_0011206,0.4769881839
CtrSVDD_0023_E_0011207,-2.3825035059
CtrSVDD_0024_E_0011208,-6.3970777108
CtrSVDD_0025_E_0011209,0.0118899790
CtrSVDD_0026_E_0011210,-5.5459192270
CtrSVDD_0027_E_0011211,-8.0878529109
CtrSVDD_0028_E_0011212,-7.7325027324
CtrSVDD_0029_E_0011213,-7.8229541995
CtrSVDD_0030_E_0011214,-3.8938480097
CtrSVDD_0031_E_0011215,-8.0901397307
CtrSVDD_0032_E_0011216,-3.7798612041
CtrSVDD_0033_E_0011217,-4.4173061933
CtrSVDD_0034_E_0011218,-8.1483713716
CtrSVDD_0035_E_0011219,-6.5178711846
CtrSVDD_0036_E_0011220,-7.2357354574
CtrSVDD_0037_E_0011221,-5.9977096095
CtrSVDD_0038_E_0011222,-5.8251881117
CtrSVDD_0039_E_0011223,-3.4355574215
CtrSVDD_0040_E_0011224,-7.8244218009
CtrSVDD_0041_E_0011225,0.0448336442
CtrSVDD_0042_E_0011226,-0.4489609573
CtrSVDD_0043_E_0011227,-6.9762191004
CtrSVDD_0044_E_0011228,-6.5652244136
CtrSVDD_0045_E_0011229,-6.2745748038
CtrSVDD_0046_E_0011230,-4.9320036144
CtrSVDD_0047_E_0011231,-5.5745260841
CtrSVDD_0000_E_0011232,0.9197548299
CtrSVDD_0001_E_0011233,-6.1376260798
CtrSVDD_0002_E_0011234,-7.1881077918
CtrSVDD_0003_E_0011235,-6.5748336160
CtrSVDD_0004_E_0011236,-6.4047624731
CtrSVDD_0005_E_0011237,0.9091304899
CtrSVDD_0006_E_0011238,-8.7300140122
CtrSVDD_0007_E_0011239,-0.1651046575
CtrSVDD_0008_E_0011240,-5.8880870951
CtrSVDD_0009_E_0011241,-6.8065877303
CtrSVDD_0010_E_0011242,-4.5524093426
CtrSVDD_0011_E_0011243,-6.9052018075
CtrSVDD_0012_E_0011244,-8.8385967719
CtrSVDD_0013_E_0011245,-5.9599213679
CtrSVDD_0014_E_0011246,-5.1024750627
CtrSVDD_0015_E_0011247,-4.9951501587
CtrSVDD_0016_E_0011248,-7.0258685693
CtrSVDD_0017_E_0011249,-5.9397391707
CtrSVDD_0018_E_0011250,-2.0349820557
CtrSVDD_0019_E_0011251,-7.9624369578
CtrSVDD_0020_E_0011252,-0.0417187612
CtrSVDD_0021_E_0011253,0.4335427226
CtrSVDD_0022_E_0011254,-5.9640313947
CtrSVDD_0023_E_0011255,-7.6836872083
CtrSVDD_0024_E_0011256,-4.9303234184
CtrSVDD_0025_E_0011257,-5.1814209873
CtrSVDD_0026_E_0011258,-6.7411510518
CtrSVDD_0027_E_0011259,0.3876856126
CtrSVDD_0028_E_0011260,-4.0281503004
CtrSVDD_0029_E_0011261,-6.1250038563
CtrSVDD_0030_E_0011262,-8.4507218843
CtrSVDD_0031_E_0011263,-0.9091304899
CtrSVDD_0032_E_0011264,0.3766293726
CtrSVDD_0033_E_0011265,-7.7067634541
CtrSVDD_0034_E_0011266,-8.5712256571
CtrSVDD_0035_E_0011267,-6.5687733226
CtrSVDD_0036_E_0011268,-0.5623312886
CtrSVDD_0037_E_0011269,-0.3134928526
CtrSVDD_0038_E_0011270,2.3087101115
CtrSVDD_0039_E_0011271,-4.8633665400
CtrSVDD_0040_E_0011272,-0.5537352875
CtrSVDD_0041_E_0011273,-6.5067085433
CtrSVDD_0042_E_0011274,-2.9750368327
CtrSVDD_0043_E_0011275,-5.8698345163
CtrSVDD_0044_E_0011276,-6.4303870045
CtrSVDD_0045_E_0011277,-4.6309357085
CtrSVDD_0046_E_0011278,-5.1617153375
CtrSVDD_0047_E_0011279,-8.7957403476
CtrSVDD_0000_E_0011280,-5.1711591130
CtrSVDD_0001_E_0011281,-7.6331926073
CtrSVDD_0002_E_0011282,-0.1750388497
CtrSVDD_0003_E_0011283,-7.3824611676
CtrSVDD_0004_E_0011284,-7.5048314006
CtrSVDD_0005_E_0011285,-7.8375476663
CtrSVDD_0006_E_0011286,-7.0582026780
CtrSVDD_0007_E_0011287,-0.9812876872
CtrSVDD_0008_E_0011288,-2.9122955485
CtrSVDD_0009_E_0011289,-6.0750005363
CtrSVDD_0010_E_0011290,1.4839023761
CtrSVDD_0011_E_0011291,-7.6745089566
CtrSVDD_0012_E_0011292,-5.3571519320
CtrSVDD_0013_E_0011293,-4.3511914360
CtrSVDD_0014_E_0011294,-8.7324897387
CtrSVDD_0015_E_0011295,-2.3880837364
CtrSVDD_0016_E_0011296,-7.0072329483
CtrSVDD_0017_E_0011297,-6.2514869184
CtrSVDD_0018_E_0011298,0.2929880969
CtrSVDD_0019_E_0011299,-4.7337472099
CtrSVDD_0020_E_0011300,-6.4410029430
CtrSVDD_0021_E_0011301,-9.1280400876
CtrSVDD_0022_E_0011302,0.1142492917
CtrSVDD_0023_E_0011303,-5.9275271498
CtrSVDD_0024_E_0011304,-6.9097751937
CtrSVDD_0025_E_0011305,-6.0510739567
CtrSVDD_0026_E_0011306,-4.4546751999
CtrSVDD_0027_E_0011307,-4.2237693371
CtrSVDD_0028_E_0011308,-1.6962225050
CtrSVDD_0029_E_0011309,-6.4383755981
CtrSVDD_0030_E_0011310,-0.2092367911
CtrSVDD_0031_E_0011311,-7.8685559111
CtrSVDD_0032_E_0011312,-7.1620505936
CtrSVDD_0033_E_0011313,-3.5558646509
CtrSVDD_0034_E_0011314,-7.9420814341
CtrSVDD_0035_E_0011315,-3.5588498211
CtrSVDD_0036_E_0011316,-6.5345663883
CtrSVDD_0037_E_0011317,0.5197517581
CtrSVDD_0038_E_0011318,-6.2727960268
CtrSVDD_0039_E_0011319,-0.3758461852
CtrSVDD_0040_E_0011320,-5.4048373093
CtrSVDD_0041_E_0011321,0.5180080643
CtrSVDD_0042_E_0011322,-6.8675432612
CtrSVDD_0043_E_0011323,-4.5721944985
CtrSVDD_0044_E_0011324,-3.0087835363
CtrSVDD_0045_E_0011325,-8.4682979760
CtrSVDD_0046_E_0011326,-4.1581317054
CtrSVDD_0047_E_0011327,-5.5542350987
CtrSVDD_0000_E_0011328,-9.1958614379
CtrSVDD_0001_E_0011329,-8.8719379404
CtrSVDD_0002_E_0011330,-5.1165056992
CtrSVDD_0003_E_0011331,-0.8986077914
CtrSVDD_0004_E_0011332,-6.2413548822
CtrSVDD_0005_E_0011333,-2.2572007159
CtrSVDD_0006_E_0011334,-4.7968994631
CtrSVDD_0007_E_0011335,-1.0065020892
CtrSVDD_0008_E_0011336,1.1223380117
CtrSVDD_0009_E_0011337,-6.5551450087
CtrSVDD_0010_E_0011338,-3.2581824830
CtrSVDD_0011_E_0011339,-8.0518825150
CtrSVDD_0012_E_0011340,-2.1891162331
CtrSVDD_0013_E_0011341,-7.4456766088
CtrSVDD_0014_E_0011342,2.0027801363
CtrSVDD_0015_E_0011343,-2.8855328383
CtrSVDD_0016_E_0011344,-5.3560040229
CtrSVDD_0017_E_0011345,-6.2788921771
CtrSVDD_0018_E_0011346,0.8881836646
CtrSVDD_0019_E_0011347,-4.8326712931
CtrSVDD_0020_E_0011348,-6.8515582848
CtrSVDD_0021_E_0011349,-6.4682102153
CtrSVDD_0022_E_0011350,-6.0674954077
CtrSVDD_0023_E_0011351,-6.4483381249
CtrSVDD_0024_E_0011352,-9.3722670880
CtrSVDD_0025_E_0011353,-6.7449549709
CtrSVDD_0026_E_0011354,-0.4505086063
CtrSVDD_0027_E_0011355,-7.0637391206
CtrSVDD_0028_E_0011356,0.8494205515
CtrSVDD_0029_E_0011357,-2.3485048619
CtrSVDD_0030_E_0011358,-6.8082757198
CtrSVDD_0031_E_0011359,-4.8491786908
CtrSVDD_0032_E_0011360,-7.0811397485
CtrSVDD_0033_E_0011361,-7.3983254026
CtrSVDD_0034_E_0011362,-7.2708385098
CtrSVDD_0035_E_0011363,-4.5455131429
CtrSVDD_0036_E_0011364,-1.8812031763
CtrSVDD_0037_E_0011365,-0.0931539598
CtrSVDD_0038_E_0011366,-0.9456874299
CtrSVDD_0039_E_0011367,0.7620651227
CtrSVDD_0040_E_0011368,-4.6467175891
CtrSVDD_0041_E_0011369,0.6841798459
CtrSVDD_0042_E_0011370,-5.3447259109
CtrSVDD_0043_E_0011371,-5.9876333697
CtrSVDD_0044_E_0011372,1.6086134433
CtrSVDD_0045_E_0011373,-0.1438705663
CtrSVDD_0046_E_0011374,-4.3094544980
CtrSVDD_0047_E_0011375,-5.6131993409
CtrSVDD_0000_E_0011376,-6.0192731678
CtrSVDD_0001_E_0011377,-7.2987243507
CtrSVDD_0002_E_0011378,0.3207569319
CtrSVDD_0003_E_0011379,-6.3774854220
CtrSVDD_0004_E_0011380,-5.6280857243
CtrSVDD_0005_E_0011381,2.5521872733
CtrSVDD_0006_E_0011382,-5.9928083432
CtrSVDD_0007_E_0011383,-4.3552490712
CtrSVDD_0008_E_0011384,-6.0927394590
CtrSVDD_0009_E_0011385,-7.4070239959
CtrSVDD_0010_E_0011386,-4.2960209854
CtrSVDD_0011_E_0011387,-7.2016460728
CtrSVDD_0012_E_0011388,-5.6185607458
CtrSVDD_0013_E_0011389,-2.6398783624
CtrSVDD_0014_E_0011390,-5.8153866652
CtrSVDD_0015_E_0011391,-7.2099584115
CtrSVDD_0016_E_0011392,-7.0360586498
CtrSVDD_0017_E_0011393,-5.5678523929
CtrSVDD_0018_E_0011394,-3.4319297395
CtrSVDD_0019_E_0011395,-7.5756974782
CtrSVDD_0020_E_0011396,-0.9765674235
CtrSVDD_0021_E_0011397,-3.9557184297
CtrSVDD_0022_E_0011398,-5.4016210289
CtrSVDD_0023_E_0011399,-6.0940586324
CtrSVDD_0024_E_0011400,-8.8741592721
CtrSVDD_0025_E_0011401,-7.3746977140
CtrSVDD_0026_E_0011402,-6.7152812015
CtrSVDD_0027_E_0011403,-6.3879397660
CtrSVDD_0028_E_0011404,-3.2664791976
CtrSVDD_0029_E_0011405,-5.1373376504
CtrSVDD_0030_E_0011406,-5.8608645326
CtrSVDD_0031_E_0011407,0.5277739351
CtrSVDD_0032_E_0011408,2.3802881009
CtrSVDD_0033_E_0011409,-6.5616903272
CtrSVDD_0034_E_0011410,-6.7948050867
CtrSVDD_0035_E_0011411,-4.3127829102
CtrSVDD_0036_E_0011412,0.1184741650
CtrSVDD_0037_E_0011413,-6.7981954739
CtrSVDD_0038_E_0011414,-2.5382250302
CtrSVDD_0039_E_0011415,-7.0154882996
CtrSVDD_0040_E_0011416,-0.5149544913
CtrSVDD_0041_E_0011417,-4.0618093926
CtrSVDD_0042_E_0011418,-4.8949492581
CtrSVDD_0043_E_0011419,-7.6988856476
CtrSVDD_0044_E_0011420,-5.3815870435
CtrSVDD_0045_E_0011421,1.6903562409
CtrSVDD_0046_E_0011422,-7.7381052148
CtrSVDD_0047_E_0011423,-6.0846062450
CtrSVDD_0000_E_0011424,-8.1857953137
CtrSVDD_0001_E_0011425,-3.2987544842
CtrSVDD_0002_E_0011426,-6.0844630003
CtrSVDD_0003_E_0011427,-6.7035101064
CtrSVDD_0004_E_0011428,0.4738558864
CtrSVDD_0005_E_0011429,-0.7236053830
CtrSVDD_0006_E_0011430,-8.0474652002
CtrSVDD_0007_E_0011431,-2.6907279671
CtrSVDD_0008_E_0011432,-7.6049159944
CtrSVDD_0009_E_0011433,-8.4222689267
CtrSVDD_0010_E_0011434,-5.3846036589
CtrSVDD_0011_E_0011435,1.0299927843
CtrSVDD_0012_E_0011436,-8.3693978799
CtrSVDD_0013_E_0011437,-7.7157350542
CtrSVDD_0014_E_0011438,-6.4114810890
CtrSVDD_0015_E_0011439,-7.3538811492
CtrSVDD_0016_E_0011440,-1.2586761719
CtrSVDD_0017_E_0011441,-6.5243345874
CtrSVDD_0018_E_0011442,-7.4451073781
CtrSVDD_0019_E_0011443,-6.6520408224
CtrSVDD_0020_E_0011444,-7.4678624320
CtrSVDD_0021_E_0011445,-6.0713087433
CtrSVDD_0022_E_0011446,-4.0241899644
CtrSVDD_0023_E_0011447,-7.4808616636
CtrSVDD_0024_E_0011448,-5.5813626500
CtrSVDD_0025_E_0011449,-5.5207825744
CtrSVDD_0026_E_0011450,-7.9583390468
CtrSVDD_0027_E_0011451,-4.1236730626
CtrSVDD_0028_E_0011452,-5.1183032169
CtrSVDD_0029_E_0011453,-3.9529185236
CtrSVDD_0030_E_0011454,-6.1134963189
CtrSVDD_0031_E_0011455,-5.6723231675
CtrSVDD_0032_E_0011456,-7.8291983815
CtrSVDD_0033_E_0011457,-8.2325885996
CtrSVDD_0034_E_0011458,-4.9863961725
CtrSVDD_0035_E_0011459,-7.9391225934
CtrSVDD_0036_E_0011460,-6.9265054679
CtrSVDD_0037_E_0011461,-5.5394363642
CtrSVDD_0038_E_0011462,-0.0735025060
CtrSVDD_0039_E_0011463,-7.7228226817
CtrSVDD_0040_E_0011464,-5.7520373313
CtrSVDD_0041_E_0011465,-7.3807298334
CtrSVDD_0042_E_0011466,-8.2528254680
CtrSVDD_0043_E_0011467,-7.0985485473
CtrSVDD_0044_E_0011468,-5.7425443742
CtrSVDD_0045_E_0011469,-5.8137989188
CtrSVDD_0046_E_0011470,-6.6136203073
CtrSVDD_0047_E_0011471,-4.0311419978
CtrSVDD_0000_E_0011472,-7.3411261462
CtrSVDD_0001_E_0011473,-7.3650626386
CtrSVDD_0002_E_0011474,-7.9663134486
CtrSVDD_0003_E_0011475,-1.5363932377
CtrSVDD_0004_E_0011476,-5.4714917077
CtrSVDD_0005_E_0011477,-6.7578823625
CtrSVDD_0006_E_0011478,-5.4478440379
CtrSVDD_0007_E_0011479,-6.9360931672
CtrSVDD_0008_E_0011480,-3.8738189226
CtrSVDD_0009_E_0011481,-6.9148717886
CtrSVDD_0010_E_0011482,-8.2180423385
CtrSVDD_0011_E_0011483,-5.9175312539
CtrSVDD_0012_E_0011484,-2.2897055715
CtrSVDD_0013_E_0011485,-7.8848192685
CtrSVDD_0014_E_0011486,2.0493675430
CtrSVDD_0015_E_0011487,0.4644866708
CtrSVDD_0016_E_0011488,-6.4865316635
CtrSVDD_0017_E_0011489,-5.1299987021
CtrSVDD_0018_E_0011490,0.2135279657
CtrSVDD_0019_E_0011491,-6.5648733237
CtrSVDD_0020_E_0011492,-4.8440702369
CtrSVDD_0021_E_0011493,-4.0072218485
CtrSVDD_0022_E_0011494,-7.9497340433
CtrSVDD_0023_E_0011495,-2.6210046407
CtrSVDD_0024_E_0011496,-8.0939552987
CtrSVDD_0025_E_0011497,-6.4778439805
CtrSVDD_0026_E_0011498,-9.1588164004
CtrSVDD_0027_E_0011499,-5.9749653760
CtrSVDD_0028_E_0011500,-4.2423952786
CtrSVDD_0029_E_0011501,-7.3675625733
CtrSVDD_0030_E_0011502,-5.3289888913
CtrSVDD_0031_E_0011503,0.8022073322
CtrSVDD_0032_E_0011504,-6.0818031740
CtrSVDD_0033_E_0011505,-4.7581241181
CtrSVDD_0034_E_0011506,-7.7664478710
CtrSVDD_0035_E_0011507,-4.4818507068
CtrSVDD_0036_E_0011508,-6.4899058896
CtrSVDD_0037_E_0011509,-7.9870100107
CtrSVDD_0038_E_0011510,-5.2166479313
CtrSVDD_0039_E_0011511,-8.9630710607
CtrSVDD_0040_E_0011512,0.0160867570
CtrSVDD_0041_E_0011513,-5.1217380174
CtrSVDD_0042_E_0011514,-4.3933803660
CtrSVDD_0043_E_0011515,-6.5152838165
CtrSVDD_0044_E_0011516,-5.4378801759
CtrSVDD_0045_E_0011517,-7.4354203718
CtrSVDD_0046_E_0011518,-7.4631900557
CtrSVDD_0047_E_0011519,-9.0536972615
CtrSVDD_0000_E_0011520,-5.6856188514
CtrSVDD_0001_E_0011521,-6.4492957336
CtrSVDD_0002_E_0011522,-4.2315655573
CtrSVDD_0003_E_0011523,-6.6018967890
CtrSVDD_0004_E_0011524,-5.4516596060
CtrSVDD_0005_E_0011525,-3.6969601769
CtrSVDD_0006_E_0011526,0.7038046679
CtrSVDD_0007_E_0011527,-7.8419970821
CtrSVDD_0008_E_0011528,-3.1326340017
CtrSVDD_0009_E_0011529,-7.3513661137
CtrSVDD_0010_E_0011530,-6.8983166940
CtrSVDD_0011_E_0011531,-0.2784173997
CtrSVDD_0012_E_0011532,-7.6435230750
CtrSVDD_0013_E_0011533,-4.3320645333
CtrSVDD_0014_E_0011534,-6.8247010197
CtrSVDD_0015_E_0011535,-2.6975492544
CtrSVDD_0016_E_0011536,-6.0471101518
CtrSVDD_0017_E_0011537,-6.6930179288
CtrSVDD_0018_E_0011538,-6.9531839368
CtrSVDD_0019_E_0011539,-4.7127275552
CtrSVDD_0020_E_0011540,-0.0048957779
CtrSVDD_0021_E_0011541,-8.6568877122
CtrSVDD_0022_E_0011542,-5.8979589882
CtrSVDD_0023_E_0011543,-4.6363344831
CtrSVDD_0024_E_0011544,-7.2086073152
CtrSVDD_0025_E_0011545,-4.3471251477
CtrSVDD_0026_E_0011546,-6.6834330762
CtrSVDD_0027_E_0011547,-2.1331120916
CtrSVDD_0028_E_0011548,-7.4703707129
CtrSVDD_0029_E_0011549,-1.5643068011
CtrSVDD_0030_E_0011550,0.2595629833
CtrSVDD_0031_E_0011551,-7.9789667505
CtrSVDD_0032_E_0011552,-4.6286594937
CtrSVDD_0033_E_0011553,-4.0021471032
CtrSVDD_0034_E_0011554,-6.3047014501
CtrSVDD_0035_E_0011555,0.4533285651
CtrSVDD_0036_E_0011556,-6.9378200326
CtrSVDD_0037_E_0011557,-0.6893569079
CtrSVDD_0038_E_0011558,-7.4534427470
CtrSVDD_0039_E_0011559,-7.6487690109
CtrSVDD_0040_E_0011560,-6.2360333958
CtrSVDD_0041_E_0011561,3.1426765601
CtrSVDD_0042_E_0011562,-7.9727418668
CtrSVDD_0043_E_0011563,-6.1554115374
CtrSVDD_0044_E_0011564,-0.1693601163
CtrSVDD_0045_E_0011565,-5.2792545607
CtrSVDD_0046_E_0011566,-5.2199718900
CtrSVDD_0047_E_0011567,-0.8655832398
CtrSVDD_0000_E_0011568,-3.6914687587
CtrSVDD_0001_E_0011569,-5.0294702319
CtrSVDD_0002_E_0011570,-2.8354256281
CtrSVDD_0003_E_0011571,-7.9542546733
CtrSVDD_0004_E_0011572,-0.4350798563
CtrSVDD_0005_E_0011573,-2.9670364503
CtrSVDD_0006_E_0011574,-4.3690138702
CtrSVDD_0007_E_0011575,-6.2325309903
CtrSVDD_0008_E_0011576,0.2552252796
CtrSVDD_0009_E_0011577,1.1311313252
CtrSVDD_0010_E_0011578,-5.7460895106
CtrSVDD_0011_E_0011579,-6.4699221870
CtrSVDD_0012_E_0011580,-8.7575206115
CtrSVDD_0013_E_0011581,-7.0000858450
CtrSVDD_0014_E_0011582,-2.4210773033
CtrSVDD_0015_E_0011583,-4.9612925639
CtrSVDD_0016_E_0011584,-0.5487932816
CtrSVDD_0017_E_0011585,-7.0174647493
CtrSVDD_0018_E_0011586,-7.1231796802
CtrSVDD_0019_E_0011587,-6.8595460149
CtrSVDD_0020_E_0011588,-5.5489317826
CtrSVDD_0021_E_0011589,-6.6087993560
CtrSVDD_0022_E_0011590,-5.5817172271
CtrSVDD_0023_E_0011591,-6.2426805408
CtrSVDD_0024_E_0011592,-1.4120878115
CtrSVDD_0025_E_0011593,-4.9692547230
CtrSVDD_0026_E_0011594,-3.8421371247
CtrSVDD_0027_E_0011595,-7.0189177450
CtrSVDD_0028_E_0011596,-2.8605892832
CtrSVDD_0029_E_0011597,-4.7144838076
CtrSVDD_0030_E_0011598,-0.0791139796
CtrSVDD_0031_E_0011599,-6.1941865139
CtrSVDD_0032_E_0011600,-7.8867675577
CtrSVDD_0033_E_0011601,-5.5320047901
CtrSVDD_0034_E_0011602,-6.8131815633
CtrSVDD_0035_E_0011603,-4.2850337152
CtrSVDD_0036_E_0011604,-6.3022319401
CtrSVDD_0037_E_0011605,-6.2175823951
CtrSVDD_0038_E_0011606,-3.5626530105
CtrSVDD_0039_E_0011607,-6.1756175940
CtrSVDD_0040_E_0011608,-4.3078704998
CtrSVDD_0041_E_0011609,1.0638682391
CtrSVDD_0042_E_0011610,-4.4092203531
CtrSVDD_0043_E_0011611,-5.9111199743
CtrSVDD_0044_E_0011612,-2.1317684787
CtrSVDD_0045_E_0011613,-1.1197159605
CtrSVDD_0046_E_0011614,-6.8726517151
CtrSVDD_0047_E_0011615,0.7660637131
CtrSVDD_0000_E_0011616,-4.9198537368
CtrSVDD_0001_E_0011617,0.2336068896
CtrSVDD_0002_E_0011618,0.7037558681
CtrSVDD_0003_E_0011619,0.8574738954
CtrSVDD_0004_E_0011620,-6.5938045766
CtrSVDD_0005_E_0011621,0.9391451029
CtrSVDD_0006_E_0011622,-2.3427489804
CtrSVDD_0007_E_0011623,-4.9783429172
CtrSVDD_0008_E_0011624,-7.0511555066
CtrSVDD_0009_E_0011625,-8.2661477274
CtrSVDD_0010_E_0011626,-2.8897705041
CtrSVDD_0011_E_0011627,-8.1561896203
CtrSVDD_0012_E_0011628,-6.9507624605
CtrSVDD_0013_E_0011629,-6.6861166880
CtrSVDD_0014_E_0011630,-4.1306437493
CtrSVDD_0015_E_0011631,-6.5618535310
CtrSVDD_0016_E_0011632,-7.0207803286
CtrSVDD_0017_E_0011633,0.8840409509
CtrSVDD_0018_E_0011634,-5.5569355328
CtrSVDD_0019_E_0011635,-6.0599919433
CtrSVDD_0020_E_0011636,-1.6189001435
CtrSVDD_0021_E_0011637,-5.1548684210
CtrSVDD_0022_E_0011638,-4.0084026379
CtrSVDD_0023_E_0011639,-4.4040645067
CtrSVDD_0024_E_0011640,-6.3921309359
CtrSVDD_0025_E_0011641,-4.6369854109
CtrSVDD_0026_E_0011642,-1.2555934900
CtrSVDD_0027_E_0011643,-5.1576976177
CtrSVDD_0028_E_0011644,-7.4235288844
CtrSVDD_0029_E_0011645,1.3478708836
CtrSVDD_0030_E_0011646,-6.9456843423
CtrSVDD_0031_E_0011647,-4.8589844154
CtrSVDD_0032_E_0011648,-0.9348057945
CtrSVDD_0033_E_0011649,-6.2973145047
CtrSVDD_0034_E_0011650,1.4430885239
CtrSVDD_0035_E_0011651,-4.7994866414
CtrSVDD_0036_E_0011652,-4.1582054423
CtrSVDD_0037_E_0011653,0.6406295548
CtrSVDD_0038_E_0011654,-6.9829747420
CtrSVDD_0039_E_0011655,-8.0464389767
CtrSVDD_0040_E_0011656,-0.0356766635
CtrSVDD_0041_E_0011657,-3.6725329897
CtrSVDD_0042_E_0011658,-9.8129437184
CtrSVDD_0043_E_0011659,-4.6862781862
CtrSVDD_0044_E_0011660,-5.9188646380
CtrSVDD_0045_E_0011661,-7.5158661135
CtrSVDD_0046_E_0011662,-7.7051276753
CtrSVDD_0047_E_0011663,-4.0781391000
CtrSVDD_0000_E_0011664,0.0895005952
CtrSVDD_0001_E_0011665,0.4075640663
CtrSVDD_0002_E_0011666,-7.0368767826
CtrSVDD_0003_E_0011667,-4.9168683524
CtrSVDD_0004_E_0011668,-7.0993434068
CtrSVDD_0005_E_0011669,-6.4919434754
CtrSVDD_0006_E_0011670,-3.9751282618
CtrSVDD_0007_E_0011671,-5.1332099054
CtrSVDD_0008_E_0011672,-6.7679358193
CtrSVDD_0009_E_0011673,1.3347095063
CtrSVDD_0010_E_0011674,-7.1745389430
CtrSVDD_0011_E_0011675,1.1136355709
CtrSVDD_0012_E_0011676,-1.0492027322
CtrSVDD_0013_E_0011677,-0.6303588592
CtrSVDD_0014_E_0011678,0.4536071489
CtrSVDD_0015_E_0011679,-7.1816973884
CtrSVDD_0016_E_0011680,-8.5449628684
CtrSVDD_0017_E_0011681,-5.3807329812
CtrSVDD_0018_E_0011682,-8.4840741303
CtrSVDD_0019_E_0011683,-0.6235485520
CtrSVDD_0020_E_0011684,-4.3307717907
CtrSVDD_0021_E_0011685,-3.6669971271
CtrSVDD_0022_E_0011686,-5.8460963181
CtrSVDD_0023_E_0011687,-4.1763060628
CtrSVDD_0024_E_0011688,-5.8797109082
CtrSVDD_0025_E_0011689,-5.9838697727
CtrSVDD_0026_E_0011690,-8.1933299234
CtrSVDD_0027_E_0011691,-5.8449732462
CtrSVDD_0028_E_0011692,-6.7272305253
CtrSVDD_0029_E_0011693,-5.4355184532
CtrSVDD_0030_E_0011694,-8.8579377914
CtrSVDD_0031_E_0011695,-0.0020981837
CtrSVDD_0032_E_0011696,1.0065020892
CtrSVDD_0033_E_0011697,-3.4279666846
CtrSVDD_0034_E_0011698,-4.8593812092
CtrSVDD_0035_E_0011699,-5.5403729250
CtrSVDD_0036_E_0011700,-0.3924111291
CtrSVDD_0037_E_0011701,-3.4989592186
CtrSVDD_0038_E_0011702,1.3163457089
CtrSVDD_0039_E_0011703,-5.3254835429
CtrSVDD_0040_E_0011704,-5.5338141017
CtrSVDD_0041_E_0011705,-3.9946575397
CtrSVDD_0042_E_0011706,-5.8479959573
CtrSVDD_0043_E_0011707,-6.2883056611
CtrSVDD_0044_E_0011708,-6.6026823283
CtrSVDD_0045_E_0011709,-7.1202108845
CtrSVDD_0046_E_0011710,-6.4291674778
CtrSVDD_0047_E_0011711,-5.3222791824
CtrSVDD_0000_E_0011712,-3.3500530746
CtrSVDD_0001_E_0011713,-7.8918334370
CtrSVDD_0002_E_0011714,-5.2845101726
CtrSVDD_0003_E_0011715,-0.4427810558
CtrSVDD_0004_E_0011716,-5.7447232829
CtrSVDD_0005_E_0011717,0.4121280969
CtrSVDD_0006_E_0011718,-1.8064555517
CtrSVDD_0007_E_0011719,-1.8207925786
CtrSVDD_0008_E_0011720,-3.9829252745
CtrSVDD_0009_E_0011721,1.1144948228
CtrSVDD_0010_E_0011722,-7.7406789759
CtrSVDD_0011_E_0011723,-0.1665228078
CtrSVDD_0012_E_0011724,-7.9200654568
CtrSVDD_0013_E_0011725,-6.6683114406
CtrSVDD_0014_E_0011726,-5.9347919349
CtrSVDD_0015_E_0011727,-1.2742722027
CtrSVDD_0016_E_0011728,-4.3650767442
CtrSVDD_0017_E_0011729,-6.2828208515
CtrSVDD_0018_E_0011730,-4.9118162907
CtrSVDD_0019_E_0011731,-7.6820180304
CtrSVDD_0020_E_0011732,-4.2595784775
CtrSVDD_0021_E_0011733,-7.3624204294
CtrSVDD_0022_E_0011734,-5.1066234578
CtrSVDD_0023_E_0011735,-6.7865493114
CtrSVDD_0024_E_0011736,-0.6509682782
CtrSVDD_0025_E_0011737,-6.4509933128
CtrSVDD_0026_E_0011738,-7.7333477245
CtrSVDD_0027_E_0011739,-6.7317260850
CtrSVDD_0028_E_0011740,-5.9176807635
CtrSVDD_0029_E_0011741,-6.1877894466
CtrSVDD_0030_E_0011742,-8.6510112895
CtrSVDD_0031_E_0011743,2.1610436950
CtrSVDD_0032_E_0011744,-5.3870870605
CtrSVDD_0033_E_0011745,0.1949601979
CtrSVDD_0034_E_0011746,-4.5585892627
CtrSVDD_0035_E_0011747,-2.6138710998
CtrSVDD_0036_E_0011748,-7.3359285310
CtrSVDD_0037_E_0011749,-6.5023398572
CtrSVDD_0038_E_0011750,-5.3898131892
CtrSVDD_0039_E_0011751,-6.7444949921
CtrSVDD_0040_E_0011752,-6.2464265176
CtrSVDD_0041_E_0011753,-7.4379380931
CtrSVDD_0042_E_0011754,-6.9694195286
CtrSVDD_0043_E_0011755,-5.6645557635
CtrSVDD_0044_E_0011756,-4.4900123142
CtrSVDD_0045_E_0011757,-0.9745186026
CtrSVDD_0046_E_0011758,-7.4149214946
CtrSVDD_0047_E_0011759,-6.2063217771
CtrSVDD_0000_E_0011760,-3.7891347180
CtrSVDD_0001_E_0011761,-0.7717032953
CtrSVDD_0002_E_0011762,-3.3780788536
CtrSVDD_0003_E_0011763,-6.1289580389
CtrSVDD_0004_E_0011764,-9.4740908764
CtrSVDD_0005_E_0011765,-2.6654896558
CtrSVDD_0006_E_0011766,-7.7730335730
CtrSVDD_0007_E_0011767,-5.1103534518
CtrSVDD_0008_E_0011768,-6.9416728904
CtrSVDD_0009_E_0011769,-5.4387694020
CtrSVDD_0010_E_0011770,-6.9181420468
CtrSVDD_0011_E_0011771,0.8196978204
CtrSVDD_0012_E_0011772,-4.5793142635
CtrSVDD_0013_E_0011773,-8.1840853673
CtrSVDD_0014_E_0011774,0.7514573812
CtrSVDD_0015_E_0011775,-4.7937602839
CtrSVDD_0016_E_0011776,1.5363932377
CtrSVDD_0017_E_0011777,-6.1038612435
CtrSVDD_0018_E_0011778,-4.3252518690
CtrSVDD_0019_E_0011779,-6.8614358529
CtrSVDD_0020_E_0011780,-1.1565735250
CtrSVDD_0021_E_0011781,-7.2288540918
CtrSVDD_0022_E_0011782,-6.3376925384
CtrSVDD_0023_E_0011783,-6.6902321546
CtrSVDD_0024_E_0011784,-8.0498438066
CtrSVDD_0025_E_0011785,-5.6622255134
CtrSVDD_0026_E_0011786,-7.0642482316
CtrSVDD_0027_E_0011787,2.3941732400
CtrSVDD_0028_E_0011788,-5.8658307045
CtrSVDD_0029_E_0011789,-0.4958819829
CtrSVDD_0030_E_0011790,-1.4732807782
CtrSVDD_0031_E_0011791,-0.9611126384
CtrSVDD_0032_E_0011792,-6.4449936205
CtrSVDD_0033_E_0011793,-7.6260635343
CtrSVDD_0034_E_0011794,-6.4880435700
CtrSVDD_0035_E_0011795,0.2480063880
CtrSVDD_0036_E_0011796,-5.4834229328
CtrSVDD_0037_E_0011797,-0.2871525250
CtrSVDD_0038_E_0011798,-7.4599319391
CtrSVDD_0039_E_0011799,0.3818576368
CtrSVDD_0040_E_0011800,-5.3977044392
CtrSVDD_0041_E_0011801,-4.3184117551
CtrSVDD_0042_E_0011802,-1.0419539366
CtrSVDD_0043_E_0011803,-4.4371728706
CtrSVDD_0044_E_0011804,-1.6214825993
CtrSVDD_0045_E_0011805,0.1580188258
CtrSVDD_0046_E_0011806,-4.1415036023
CtrSVDD_0047_E_0011807,-6.5383005644
CtrSVDD_0000_E_0011808,-3.3873693604
CtrSVDD_0001_E_0011809,-5.9781031621
CtrSVDD_0002_E_0011810,-5.5834602898
CtrSVDD_0003_E_0011811,-6.9608670537
CtrSVDD_0004_E_0011812,-7.0275656448
CtrSVDD_0005_E_0011813,-6.4945418053
CtrSVDD_0006_E_0011814,-7.1269794997
CtrSVDD_0007_E_0011815,-0.4014918522
CtrSVDD_0008_E_0011816,-5.6935821183
CtrSVDD_0009_E_0011817,-5.8033906216
CtrSVDD_0010_E_0011818,-6.3338202639
CtrSVDD_0011_E_0011819,-4.3735016225
CtrSVDD_0012_E_0011820,-0.1906850892
CtrSVDD_0013_E_0011821,-5.8134318360
CtrSVDD_0014_E_0011822,-4.7892528219
CtrSVDD_0015_E_0011823,-5.6929143583
CtrSVDD_0016_E_0011824,-5.3097919876
CtrSVDD_0017_E_0011825,-3.8989245556
CtrSVDD_0018_E_0011826,-2.3797043844
CtrSVDD_0019_E_0011827,-8.3790779532
CtrSVDD_0020_E_0011828,-0.0146878031
CtrSVDD_0021_E_0011829,-1.0565070817
CtrSVDD_0022_E_0011830,-0.0188847618
CtrSVDD_0023_E_0011831,-7.2164002611
CtrSVDD_0024_E_0011832,-7.9062507366
CtrSVDD_0025_E_0011833,-3.9460563049
CtrSVDD_0026_E_0011834,-4.4268962320
CtrSVDD_0027_E_0011835,-3.7613279884
CtrSVDD_0028_E_0011836,-8.2557003662
CtrSVDD_0029_E_0011837,-4.4843453489
CtrSVDD_0030_E_0011838,-7.1717351070
CtrSVDD_0031_E_0011839,-2.6838805340
CtrSVDD_0032_E_0011840,0.4060446121
CtrSVDD_0033_E_0011841,-3.9306537652
CtrSVDD_0034_E_0011842,-6.5582320174
CtrSVDD_0035_E_0011843,-6.8565737780
CtrSVDD_0036_E_0011844,-6.7582939547
CtrSVDD_0037_E_0011845,-6.6152938688
CtrSVDD_0038_E_0011846,-7.4828207639
CtrSVDD_0039_E_0011847,-3.1986420515
CtrSVDD_0040_E_0011848,-7.6728729740
CtrSVDD_0041_E_0011849,-6.3544510343
CtrSVDD_0042_E_0011850,-6.5822490840
CtrSVDD_0043_E_0011851,-5.4541560976
CtrSVDD_0044_E_0011852,-0.3179036343
CtrSVDD_0045_E_0011853,-7.6422006695
CtrSVDD_0046_E_0011854,-4.5493133026
CtrSVDD_0047_E_0011855,-8.6044155525
CtrSVDD_0000_E_0011856,-6.0337120276
CtrSVDD_0001_E_0011857,1.1118956117
CtrSVDD_0002_E_0011858,-5.4979242606
CtrSVDD_0003_E_0011859,-5.3778074251
CtrSVDD_0004_E_0011860,-7.0265155202
CtrSVDD_0005_E_0011861,-6.1622112665
CtrSVDD_0006_E_0011862,-4.4376260863
CtrSVDD_0007_E_0011863,-5.5733214963
CtrSVDD_0008_E_0011864,-3.6513030607
CtrSVDD_0009_E_0011865,-7.1403344244
CtrSVDD_0010_E_0011866,0.2451224673
CtrSVDD_0011_E_0011867,-6.7715324175
CtrSVDD_0012_E_0011868,-4.6708345526
CtrSVDD_0013_E_0011869,-5.3051813080
CtrSVDD_0014_E_0011870,-5.5181222709
CtrSVDD_0015_E_0011871,-4.8335302772
CtrSVDD_0016_E_0011872,-7.2879416373
CtrSVDD_0017_E_0011873,-4.7658705581
CtrSVDD_0018_E_0011874,-6.4633748940
CtrSVDD_0019_E_0011875,0.5713830644
CtrSVDD_0020_E_0011876,-7.5527554678
CtrSVDD_0021_E_0011877,-6.6638258675
CtrSVDD_0022_E_0011878,-5.5844479970
CtrSVDD_0023_E_0011879,0.0512906365
CtrSVDD_0024_E_0011880,1.3679843837
CtrSVDD_0025_E_0011881,-6.5010321016
CtrSVDD_0026_E_0011882,-2.4183588716
CtrSVDD_0027_E_0011883,-6.0629195267
CtrSVDD_0028_E_0011884,-7.4939272076
CtrSVDD_0029_E_0011885,-7.8205367803
CtrSVDD_0030_E_0011886,-6.6904815260
CtrSVDD_0031_E_0011887,-6.6537104942
CtrSVDD_0032_E_0011888,1.4086080187
CtrSVDD_0033_E_0011889,-5.8429136890
CtrSVDD_0034_E_0011890,-4.7702570795
CtrSVDD_0035_E_0011891,-9.1262061307
CtrSVDD_0036_E_0011892,-6.1179569829
CtrSVDD_0037_E_0011893,-4.0640486106
CtrSVDD_0038_E_0011894,-6.2273522399
CtrSVDD_0039_E_0011895,-5.3478458290
CtrSVDD_0040_E_0011896,-6.2533409741
CtrSVDD_0041_E_0011897,-8.2799876089
CtrSVDD_0042_E_0011898,-6.2585195001
CtrSVDD_0043_E_0011899,-8.0554614147
CtrSVDD_0044_E_0011900,1.2086579908
CtrSVDD_0045_E_0011901,-6.4135237267
CtrSVDD_0046_E_0011902,-6.1893385785
CtrSVDD_0047_E_0011903,-1.7202915191
CtrSVDD_0000_E_0011904,2.4047612230
CtrSVDD_0001_E_0011905,-0.6859485777
CtrSVDD_0002_E_0011906,-5.7851575770
CtrSVDD_0003_E_0011907,-8.2285793238
CtrSVDD_0004_E_0011908,-8.2188518341
CtrSVDD_0005_E_0011909,-6.7645833826
CtrSVDD_0006_E_0011910,-8.0612988637
CtrSVDD_0007_E_0011911,-6.5642588657
CtrSVDD_0008_E_0011912,0.3432308474
CtrSVDD_0009_E_0011913,0.4443244374
CtrSVDD_0010_E_0011914,-7.1020416406
CtrSVDD_0011_E_0011915,-3.2061232173
CtrSVDD_0012_E_0011916,-6.4854420067
CtrSVDD_0013_E_0011917,-5.5880211024
CtrSVDD_0014_E_0011918,-6.8268412136
CtrSVDD_0015_E_0011919,-8.6692493596
CtrSVDD_0016_E_0011920,-9.5606638639
CtrSVDD_0017_E_0011921,-2.9123845174
CtrSVDD_0018_E_0011922,-8.5133494280
CtrSVDD_0019_E_0011923,-4.8935485183
CtrSVDD_0020_E_0011924,-2.6114863263
CtrSVDD_0021_E_0011925,-6.2957303110
CtrSVDD_0022_E_0011926,-4.7139760307
CtrSVDD_0023_E_0011927,-2.0526172276
CtrSVDD_0024_E_0011928,-3.1955975594
CtrSVDD_0025_E_0011929,0.2408003976
CtrSVDD_0026_E_0011930,-2.9788312368
CtrSVDD_0027_E_0011931,-0.4474143830
CtrSVDD_0028_E_0011932,-7.6015869970
CtrSVDD_0029_E_0011933,-5.9948469525
CtrSVDD_0030_E_0011934,-4.8456857288
CtrSVDD_0031_E_0011935,0.7511423942
CtrSVDD_0032_E_0011936,-0.3608762425
CtrSVDD_0033_E_0011937,-7.4334336141
CtrSVDD_0034_E_0011938,-7.1549360912
CtrSVDD_0035_E_0011939,-6.2318290002
CtrSVDD_0036_E_0011940,-6.9725088660
CtrSVDD_0037_E_0011941,-7.6323801937
CtrSVDD_0038_E_0011942,-5.6550317790
CtrSVDD_0039_E_0011943,-0.2860040289
CtrSVDD_0040_E_0011944,-5.4899168216
CtrSVDD_0041_E_0011945,-6.6052479324
CtrSVDD_0042_E_0011946,-3.7859696481
CtrSVDD_0043_E_0011947,-6.6243323216
CtrSVDD_0044_E_0011948,-5.7284898840
CtrSVDD_0045_E_0011949,1.2895037781
CtrSVDD_0046_E_0011950,-6.7778599472
CtrSVDD_0047_E_0011951,-5.5260436912
CtrSVDD_0000_E_0011952,-0.0011383465
CtrSVDD_0001_E_0011953,-0.9486994764
CtrSVDD_0002_E_0011954,-9.7008649325
CtrSVDD_0003_E_0011955,-4.9922744989
CtrSVDD_0004_E_0011956,-4.3993348001
CtrSVDD_0005_E_0011957,-7.0446344762
CtrSVDD_0006_E_0011958,-2.1989322119
CtrSVDD_0007_E_0011959,-4.3415051087
CtrSVDD_0008_E_0011960,-8.4548979495
CtrSVDD_0009_E_0011961,-4.7155955063
CtrSVDD_0010_E_0011962,-6.9298528909
CtrSVDD_0011_E_0011963,-6.5266670678
CtrSVDD_0012_E_0011964,-4.6931522420
CtrSVDD_0013_E_0011965,-6.5369803550
CtrSVDD_0014_E_0011966,-4.6641468596
CtrSVDD_0015_E_0011967,-5.2644114800
CtrSVDD_0016_E_0011968,-2.7402957116
CtrSVDD_0017_E_0011969,-3.0538322003
CtrSVDD_0018_E_0011970,-6.7310292782
CtrSVDD_0019_E_0011971,-6.1184628907
CtrSVDD_0020_E_0011972,-5.1003945612
CtrSVDD_0021_E_0011973,-3.1269261723
CtrSVDD_0022_E_0011974,-4.3875383601
CtrSVDD_0023_E_0011975,-6.3128672574
CtrSVDD_0024_E_0011976,-6.6203127855
CtrSVDD_0025_E_0011977,-4.9151847307
CtrSVDD_0026_E_0011978,-5.7103449835
CtrSVDD_0027_E_0011979,0.1339840606
CtrSVDD_0028_E_0011980,-9.7473751416
CtrSVDD_0029_E_0011981,-3.5496455693
CtrSVDD_0030_E_0011982,-2.8012998102
CtrSVDD_0031_E_0011983,-7.1750012928
CtrSVDD_0032_E_0011984,-6.7518126752
CtrSVDD_0033_E_0011985,-8.8311891136
CtrSVDD_0034_E_0011986,-3.7675409273
CtrSVDD_0035_E_0011987,-7.0776260401
CtrSVDD_0036_E_0011988,-8.0550822585
CtrSVDD_0037_E_0011989,-7.2022246294
CtrSVDD_0038_E_0011990,-7.8945119660
CtrSVDD_0039_E_0011991,-4.8707203895
CtrSVDD_0040_E_0011992,-6.2395006720
CtrSVDD_0041_E_0011993,-4.4210208583
CtrSVDD_0042_E_0011994,-6.9365618746
CtrSVDD_0043_E_0011995,-4.4072470509
CtrSVDD_0044_E_0011996,-6.6478763366
CtrSVDD_0045_E_0011997,-5.8708881881
CtrSVDD_0046_E_0011998,-9.0249750629
CtrSVDD_0047_E_0011999,-2.0929500885
CtrSVDD_0000_E_0012000,-8.3907953548
CtrSVDD_0001_E_0012001,-8.4640744323
CtrSVDD_0002_E_0012002,0.5651281436
CtrSVDD_0003_E_0012003,-6.4934892532
CtrSVDD_0004_E_0012004,-8.6237075376
CtrSVDD_0005_E_0012005,-7.8013478175
CtrSVDD_0006_E_0012006,-7.0038507805
CtrSVDD_0007_E_0012007,-7.5695001256
CtrSVDD_0008_E_0012008,-4.5961411533
CtrSVDD_0009_E_0012009,-6.1607172409
CtrSVDD_0010_E_0012010,-7.0602621479
CtrSVDD_0011_E_0012011,-2.8606705921
CtrSVDD_0012_E_0012012,-5.1468682648
CtrSVDD_0013_E_0012013,-7.2177450458
CtrSVDD_0014_E_0012014,-5.8609906590
CtrSVDD_0015_E_0012015,-5.8652226943
CtrSVDD_0016_E_0012016,-7.7262409845
CtrSVDD_0017_E_0012017,-5.2616664364
CtrSVDD_0018_E_0012018,-5.8598527115
CtrSVDD_0019_E_0012019,-1.8492786071
CtrSVDD_0020_E_0012020,-3.6494812980
CtrSVDD_0021_E_0012021,-5.4470718121
CtrSVDD_0022_E_0012022,-1.2136317090
CtrSVDD_0023_E_0012023,-5.2388779714
CtrSVDD_0024_E_0012024,-6.6644939389
CtrSVDD_0025_E_0012025,-4.7821154000
CtrSVDD_0026_E_0012026,-2.4019311066
CtrSVDD_0027_E_0012027,-4.3642076971
CtrSVDD_0028_E_0012028,-1.3365743780
CtrSVDD_0029_E_0012029,-5.7361532296
CtrSVDD_0030_E_0012030,-8.9313220016
CtrSVDD_0031_E_0012031,1.7021477290
CtrSVDD_0032_E_0012032,-4.7444336833
CtrSVDD_0033_E_0012033,2.5940015058
CtrSVDD_0034_E_0012034,0.0272797511
CtrSVDD_0035_E_0012035,-6.4475976472
CtrSVDD_0036_E_0012036,1.3933814760
CtrSVDD_0037_E_0012037,-0.3120239506
CtrSVDD_0038_E_0012038,-6.4186490061
CtrSVDD_0039_E_0012039,-5.5312172456
CtrSVDD_0040_E_0012040,-6.9391170084
CtrSVDD_0041_E_0012041,-7.1271419629
CtrSVDD_0042_E_0012042,-6.3883671117
CtrSVDD_0043_E_0012043,-7.9188849920
CtrSVDD_0044_E_0012044,-5.9304564986
CtrSVDD_0045_E_0012045,-5.9699299728
CtrSVDD_0046_E_0012046,-8.2691987607
CtrSVDD_0047_E_0012047,-5.4685657628
CtrSVDD_0000_E_0012048,-8.2583852901
CtrSVDD_0001_E_0012049,-6.7684101617
CtrSVDD_0002_E_0012050,-6.7832232216
CtrSVDD_0003_E_0012051,-5.4186967846
CtrSVDD_0004_E_0012052,-4.8201639673
CtrSVDD_0005_E_0012053,-6.5693931701
CtrSVDD_0006_E_0012054,-4.3633387097
CtrSVDD_0007_E_0012055,3.4512310058
CtrSVDD_0008_E_0012056,-7.4898344586
CtrSVDD_0009_E_0012057,-3.9248953204
CtrSVDD_0010_E_0012058,-4.2345491080
CtrSVDD_0011_E_0012059,-7.5496412631
CtrSVDD_0012_E_0012060,-7.2824025308
CtrSVDD_0013_E_0012061,-8.3620532584
CtrSVDD_0014_E_0012062,-7.6889134041
CtrSVDD_0015_E_0012063,-0.9500715601
CtrSVDD_0016_E_0012064,-6.0371665241
CtrSVDD_0017_E_0012065,-5.9630370005
CtrSVDD_0018_E_0012066,1.0252493761
CtrSVDD_0019_E_0012067,-3.0382380702
CtrSVDD_0020_E_0012068,-3.9692930649
CtrSVDD_0021_E_0012069,-8.3293881065
CtrSVDD_0022_E_0012070,-6.0425512372
CtrSVDD_0023_E_0012071,-5.5083534378
CtrSVDD_0024_E_0012072,-5.3936046839
CtrSVDD_0025_E_0012073,-7.0706766198
CtrSVDD_0026_E_0012074,-3.8395481718
CtrSVDD_0027_E_0012075,-1.5455643299
CtrSVDD_0028_E_0012076,-7.2359922638
CtrSVDD_0029_E_0012077,-6.4027474464
CtrSVDD_0030_E_0012078,-3.2154583112
CtrSVDD_0031_E_0012079,-0.0328774424
CtrSVDD_0032_E_0012080,-4.8154382625
CtrSVDD_0033_E_0012081,-6.2603824873
CtrSVDD_0034_E_0012082,-4.7900241337
CtrSVDD_0035_E_0012083,-4.8218753384
CtrSVDD_0036_E_0012084,-6.2499124545
CtrSVDD_0037_E_0012085,-5.2803205792
CtrSVDD_0038_E_0012086,0.0735025060
CtrSVDD_0039_E_0012087,-5.7148416796
CtrSVDD_0040_E_0012088,-6.2841929874
CtrSVDD_0041_E_0012089,-6.5336272617
CtrSVDD_0042_E_0012090,-6.4305880775
CtrSVDD_0043_E_0012091,-5.6439496553
CtrSVDD_0044_E_0012092,1.3151769909
CtrSVDD_0045_E_0012093,-7.9109056442
CtrSVDD_0046_E_0012094,-7.0394594795
CtrSVDD_0047_E_0012095,-2.0462009173
CtrSVDD_0000_E_0012096,-7.9793931112
CtrSVDD_0001_E_0012097,-6.4458990498
CtrSVDD_0002_E_0012098,-6.2762247436
CtrSVDD_0003_E_0012099,-5.8850082277
CtrSVDD_0004_E_0012100,-8.1369032752
CtrSVDD_0005_E_0012101,-6.6969985658
CtrSVDD_0006_E_0012102,-6.3541705082
CtrSVDD_0007_E_0012103,-8.4337649495
CtrSVDD_0008_E_0012104,-6.5302728352
CtrSVDD_0009_E_0012105,-7.1916316208
CtrSVDD_0010_E_0012106,0.7437441897
CtrSVDD_0011_E_0012107,-5.8378150417
CtrSVDD_0012_E_0012108,-3.7613383161
CtrSVDD_0013_E_0012109,-2.1523571542
CtrSVDD_0014_E_0012110,-8.4729316534
CtrSVDD_0015_E_0012111,-3.1231162011
CtrSVDD_0016_E_0012112,-2.1107732197
CtrSVDD_0017_E_0012113,-5.8052108454
CtrSVDD_0018_E_0012114,-8.5931946268
CtrSVDD_0019_E_0012115,-0.5504201225
CtrSVDD_0020_E_0012116,-5.5502861699
CtrSVDD_0021_E_0012117,0.6133869154
CtrSVDD_0022_E_0012118,-1.0837857127
CtrSVDD_0023_E_0012119,-6.8500495659
CtrSVDD_0024_E_0012120,-8.2541999942
CtrSVDD_0025_E_0012121,-5.4810307257
CtrSVDD_0026_E_0012122,-7.8068062061
CtrSVDD_0027_E_0012123,-5.5895818160
CtrSVDD_0028_E_0012124,-6.3681356696
CtrSVDD_0029_E_0012125,-6.1203301533
CtrSVDD_0030_E_0012126,-5.3301875860
CtrSVDD_0031_E_0012127,-8.6349729201
CtrSVDD_0032_E_0012128,-4.5315819236
CtrSVDD_0033_E_0012129,-3.8508253530
CtrSVDD_0034_E_0012130,-2.6445637168
CtrSVDD_0035_E_0012131,-3.2489233099
CtrSVDD_0036_E_0012132,-5.0854533866
CtrSVDD_0037_E_0012133,-0.1353955945
CtrSVDD_0038_E_0012134,-6.2353111083
CtrSVDD_0039_E_0012135,-8.3048953686
CtrSVDD_0040_E_0012136,-5.5161708691
CtrSVDD_0041_E_0012137,-2.4291998437
CtrSVDD_0042_E_0012138,-6.6752553145
CtrSVDD_0043_E_0012139,-4.7424707461
CtrSVDD_0044_E_0012140,-5.8684956223
CtrSVDD_0045_E_0012141,-7.5311771557
CtrSVDD_0046_E_0012142,-1.6400033795
CtrSVDD_0047_E_0012143,-7.8597328524
CtrSVDD_0000_E_0012144,-6.4349531158
CtrSVDD_0001_E_0012145,-7.4980289472
CtrSVDD_0002_E_0012146,-0.8799133538
CtrSVDD_0003_E_0012147,-5.3710221089
CtrSVDD_0004_E_0012148,-5.7308907624
CtrSVDD_0005_E_0012149,-7.7841228096
CtrSVDD_0006_E_0012150,-1.4807028021
CtrSVDD_0007_E_0012151,-3.9731820105
CtrSVDD_0008_E_0012152,-6.3894722905
CtrSVDD_0009_E_0012153,-7.0672063968
CtrSVDD_0010_E_0012154,-6.1928860679
CtrSVDD_0011_E_0012155,-6.6362500508
CtrSVDD_0012_E_0012156,-6.8847543810
CtrSVDD_0013_E_0012157,-5.0837929626
CtrSVDD_0014_E_0012158,-7.3088110181
CtrSVDD_0015_E_0012159,-7.1978650294
CtrSVDD_0016_E_0012160,-4.1444877649
CtrSVDD_0017_E_0012161,-4.4694385508
CtrSVDD_0018_E_0012162,-8.7749560990
CtrSVDD_0019_E_0012163,-5.8483979561
CtrSVDD_0020_E_0012164,-6.4833926966
CtrSVDD_0021_E_0012165,-5.1567315109
CtrSVDD_0022_E_0012166,-0.4879884309
CtrSVDD_0023_E_0012167,-4.3526602524
CtrSVDD_0024_E_0012168,-6.4381883211
CtrSVDD_0025_E_0012169,-6.4632742035
CtrSVDD_0026_E_0012170,-2.4345879274
CtrSVDD_0027_E_0012171,-7.1141544308
CtrSVDD_0028_E_0012172,-6.6753697724
CtrSVDD_0029_E_0012173,-5.3355223100
CtrSVDD_0030_E_0012174,-5.6105768966
CtrSVDD_0031_E_0012175,-6.5868002540
CtrSVDD_0032_E_0012176,-7.7452584095
CtrSVDD_0033_E_0012177,1.3097211719
CtrSVDD_0034_E_0012178,1.1329042518
CtrSVDD_0035_E_0012179,-4.1498026517
CtrSVDD_0036_E_0012180,-6.7966264846
CtrSVDD_0037_E_0012181,-3.5080036650
CtrSVDD_0038_E_0012182,-3.2842025488
CtrSVDD_0039_E_0012183,-7.0602747577
CtrSVDD_0040_E_0012184,-5.9518736789
CtrSVDD_0041_E_0012185,-0.1636868392
CtrSVDD_0042_E_0012186,-6.6047087741
CtrSVDD_0043_E_0012187,-6.5222424947
CtrSVDD_0044_E_0012188,-6.1287008496
CtrSVDD_0045_E_0012189,-6.1757282807
CtrSVDD_0046_E_0012190,-2.6710715286
CtrSVDD_0047_E_0012191,-6.4750559799
CtrSVDD_0000_E_0012192,-7.0911947678
CtrSVDD_0001_E_0012193,-8.3705245704
CtrSVDD_0002_E_0012194,-8.7768657581
CtrSVDD_0003_E_0012195,-5.5900977565
CtrSVDD_0004_E_0012196,-5.6708595989
CtrSVDD_0005_E_0012197,-0.6759748282
CtrSVDD_0006_E_0012198,-4.4208219883
CtrSVDD_0007_E_0012199,-7.4857506144
CtrSVDD_0008_E_0012200,-6.3748164780
CtrSVDD_0009_E_0012201,-5.9818849644
CtrSVDD_0010_E_0012202,-5.3254145448
CtrSVDD_0011_E_0012203,-4.6852080290
CtrSVDD_0012_E_0012204,-6.3498461860
CtrSVDD_0013_E_0012205,-3.7828703113
CtrSVDD_0014_E_0012206,-0.7945121794
CtrSVDD_0015_E_0012207,-6.5190087502
CtrSVDD_0016_E_0012208,-7.8542346627
CtrSVDD_0017_E_0012209,-6.6894456527
CtrSVDD_0018_E_0012210,-3.1154846505
CtrSVDD_0019_E_0012211,-5.9410980670
CtrSVDD_0020_E_0012212,-0.0566812540
CtrSVDD_0021_E_0012213,-0.3954344060
CtrSVDD_0022_E_0012214,-6.9620710371
CtrSVDD_0023_E_0012215,-5.9213913709
CtrSVDD_0024_E_0012216,-1.0252493761
CtrSVDD_0025_E_0012217,-0.9601599220
CtrSVDD_0026_E_0012218,-4.9621882261
CtrSVDD_0027_E_0012219,-6.1221960221
CtrSVDD_0028_E_0012220,-5.8747917240
CtrSVDD_0029_E_0012221,-4.7842787252
CtrSVDD_0030_E_0012222,-7.0446604717
CtrSVDD_0031_E_0012223,-0.0889401633
CtrSVDD_0032_E_0012224,-4.3973519321
CtrSVDD_0033_E_0012225,-5.0339335455
CtrSVDD_0034_E_0012226,-7.6803292758
CtrSVDD_0035_E_0012227,1.3468970466
CtrSVDD_0036_E_0012228,-2.7312777033
CtrSVDD_0037_E_0012229,-9.2752092717
CtrSVDD_0038_E_0012230,-7.1442930921
CtrSVDD_0039_E_0012231,1.6265283966
CtrSVDD_0040_E_0012232,-5.8446095887
CtrSVDD_0041_E_0012233,-3.8961610073
CtrSVDD_0042_E_0012234,-8.7280797038
CtrSVDD_0043_E_0012235,-5.7843208145
CtrSVDD_0044_E_0012236,-6.4650443477
CtrSVDD_0045_E_0012237,-5.7538002016
CtrSVDD_0046_E_0012238,-6.6186401046
CtrSVDD_0047_E_0012239,-2.6701055358
CtrSVDD_0000_E_0012240,-7.9838057952
CtrSVDD_0001_E_0012241,-7.9999506634
CtrSVDD_0002_E_0012242,-8.9617346838
CtrSVDD_0003_E_0012243,-6.0134140726
CtrSVDD_0004_E_0012244,0.8394306710
CtrSVDD_0005_E_0012245,-2.8438727737
CtrSVDD_0006_E_0012246,-5.0558817684
CtrSVDD_0007_E_0012247,-7.4129725957
CtrSVDD_0008_E_0012248,-7.2319310493
CtrSVDD_0009_E_0012249,-0.0078225554
CtrSVDD_0010_E_0012250,-1.1093038909
CtrSVDD_0011_E_0012251,-5.4167461284
CtrSVDD_0012_E_0012252,-7.1109647118
CtrSVDD_0013_E_0012253,-6.6243783008
CtrSVDD_0014_E_0012254,-6.4373982712
CtrSVDD_0015_E_0012255,-1.6746962682
CtrSVDD_0016_E_0012256,1.3812948212
CtrSVDD_0017_E_0012257,-5.0490397983
CtrSVDD_0018_E_0012258,-3.9919382534
CtrSVDD_0019_E_0012259,-6.9549990827
CtrSVDD_0020_E_0012260,-7.2493865542
CtrSVDD_0021_E_0012261,-6.0443432908
CtrSVDD_0022_E_0012262,1.7141807469
CtrSVDD_0023_E_0012263,-6.5057406868
CtrSVDD_0024_E_0012264,2.4585253458
CtrSVDD_0025_E_0012265,-4.8044507858
CtrSVDD_0026_E_0012266,-6.2496962732
CtrSVDD_0027_E_0012267,-4.4992377005
CtrSVDD_0028_E_0012268,-6.8183679936
CtrSVDD_0029_E_0012269,-4.1947268349
CtrSVDD_0030_E_0012270,-4.9391810385
CtrSVDD_0031_E_0012271,-6.4344316431
CtrSVDD_0032_E_0012272,-3.7373540958
CtrSVDD_0033_E_0012273,-4.3532213300
CtrSVDD_0034_E_0012274,-5.2959616714
CtrSVDD_0035_E_0012275,-8.6195444021
CtrSVDD_0036_E_0012276,-6.6811245140
CtrSVDD_0037_E_0012277,-5.8963177091
CtrSVDD_0038_E_0012278,-5.9937648915
CtrSVDD_0039_E_0012279,-8.0810204316
CtrSVDD_0040_E_0012280,-0.2748271071
CtrSVDD_0041_E_0012281,-3.9126480058
CtrSVDD_0042_E_0012282,-7.4015419911
CtrSVDD_0043_E_0012283,-3.1873977285
CtrSVDD_0044_E_0012284,-6.5033861930
CtrSVDD_0045_E_0012285,-6.8115692158
CtrSVDD_0046_E_0012286,-6.0007738887
CtrSVDD_0047_E_0012287,-0.4121280969
CtrSVDD_0000_E_0012288,-6.3321211520
CtrSVDD_0001_E_0012289,-2.5679431405
CtrSVDD_0002_E_0012290,-6.9205820064
CtrSVDD_0003_E_0012291,-5.4917522353
CtrSVDD_0004_E_0012292,-0.4707282311
CtrSVDD_0005_E_0012293,-4.6092416712
CtrSVDD_0006_E_0012294,-7.1763270175
CtrSVDD_0007_E_0012295,-5.1679605543
CtrSVDD_0008_E_0012296,-7.6524824821
CtrSVDD_0009_E_0012297,1.0737737290
CtrSVDD_0010_E_0012298,-1.8113192621
CtrSVDD_0011_E_0012299,-7.0553179707
CtrSVDD_0012_E_0012300,-5.2935222983
CtrSVDD_0013_E_0012301,-0.3519331562
CtrSVDD_0014_E_0012302,-2.5922806375
CtrSVDD_0015_E_0012303,-6.5960794456
CtrSVDD_0016_E_0012304,-7.1060526478
CtrSVDD_0017_E_0012305,-4.2810731549
CtrSVDD_0018_E_0012306,-5.7028771336
CtrSVDD_0019_E_0012307,-7.1478369761
CtrSVDD_0020_E_0012308,-7.5356903615
CtrSVDD_0021_E_0012309,-7.8241138140
CtrSVDD_0022_E_0012310,-0.1382194746
CtrSVDD_0023_E_0012311,-6.3843779190
CtrSVDD_0024_E_0012312,-5.7962075033
CtrSVDD_0025_E_0012313,-7.7090995183
CtrSVDD_0026_E_0012314,-6.2050132139
CtrSVDD_0027_E_0012315,-6.5353039733
CtrSVDD_0028_E_0012316,-5.1438659710
CtrSVDD_0029_E_0012317,-7.7361133531
CtrSVDD_0030_E_0012318,-7.2962706466
CtrSVDD_0031_E_0012319,0.4691661305
CtrSVDD_0032_E_0012320,-6.8183958837
CtrSVDD_0033_E_0012321,-3.1440245570
CtrSVDD_0034_E_0012322,-7.5339297766
CtrSVDD_0035_E_0012323,-8.1016450195
CtrSVDD_0036_E_0012324,-2.6469015317
CtrSVDD_0037_E_0012325,-6.7816876652
CtrSVDD_0038_E_0012326,-2.9770332586
CtrSVDD_0039_E_0012327,-6.8800146052
CtrSVDD_0040_E_0012328,0.1029927185
CtrSVDD_0041_E_0012329,-6.2203937015
CtrSVDD_0042_E_0012330,-5.6604354255
CtrSVDD_0043_E_0012331,-5.6700471853
CtrSVDD_0044_E_0012332,-8.6570416543
CtrSVDD_0045_E_0012333,-6.2654146543
CtrSVDD_0046_E_0012334,-4.4577159612
CtrSVDD_0047_E_0012335,-7.2249372844
CtrSVDD_0000_E_0012336,-7.2028117300
CtrSVDD_0001_E_0012337,-6.1642555423
CtrSVDD_0002_E_0012338,-7.7816623236
CtrSVDD_0003_E_0012339,0.4474143830
CtrSVDD_0004_E_0012340,-6.3774934402
CtrSVDD_0005_E_0012341,-8.1684239694
CtrSVDD_0006_E_0012342,-5.7155294893
CtrSVDD_0007_E_0012343,-2.2065752165
CtrSVDD_0008_E_0012344,-5.5790958721
CtrSVDD_0009_E_0012345,-6.4493377797
CtrSVDD_0010_E_0012346,-4.6128685703
CtrSVDD_0011_E_0012347,-2.7088610841
CtrSVDD_0012_E_0012348,-5.8638466639
CtrSVDD_0013_E_0012349,-2.7423860526
CtrSVDD_0014_E_0012350,-5.1847178170
CtrSVDD_0015_E_0012351,-1.9033311300
CtrSVDD_0016_E_0012352,-2.6837564250
CtrSVDD_0017_E_0012353,-7.8572498662
CtrSVDD_0018_E_0012354,-3.8681668044
CtrSVDD_0019_E_0012355,-5.6004393382
CtrSVDD_0020_E_0012356,-5.3335473547
CtrSVDD_0021_E_0012357,-5.2703069756
CtrSVDD_0022_E_0012358,-1.1962863813
CtrSVDD_0023_E_0012359,-7.2542500120
CtrSVDD_0024_E_0012360,-0.8227141811
CtrSVDD_0025_E_0012361,-3.6023748601
CtrSVDD_0026_E_0012362,-5.4740414111
CtrSVDD_0027_E_0012363,-8.1585177626
CtrSVDD_0028_E_0012364,-5.9169239788
CtrSVDD_0029_E_0012365,-0.0987749424
CtrSVDD_0030_E_0012366,-3.5206796777
CtrSVDD_0031_E_0012367,-2.4156349212
CtrSVDD_0032_E_0012368,-0.2307328886
CtrSVDD_0033_E_0012369,-7.7683680544
CtrSVDD_0034_E_0012370,-8.2699509168
CtrSVDD_0035_E_0012371,-5.5759763747
CtrSVDD_0036_E_0012372,-4.3844505200
CtrSVDD_0037_E_0012373,-6.4044091346
CtrSVDD_0038_E_0012374,-5.0970746528
CtrSVDD_0039_E_0012375,-1.9249350311
CtrSVDD_0040_E_0012376,-8.2884148741
CtrSVDD_0041_E_0012377,-5.7008449604
CtrSVDD_0042_E_0012378,-1.0088261121
CtrSVDD_0043_E_0012379,-7.5607941881
CtrSVDD_0044_E_0012380,-5.2669472069
CtrSVDD_0045_E_0012381,-8.7096483403
CtrSVDD_0046_E_0012382,-6.3481121817
CtrSVDD_0047_E_0012383,0.8366467767
CtrSVDD_0000_E_0012384,-9.0065082786
CtrSVDD_0001_E_0012385,-4.2827175599
CtrSVDD_0002_E_0012386,-6.7303257795
CtrSVDD_0003_E_0012387,-4.2118905514
CtrSVDD_0004_E_0012388,-6.7077683101
CtrSVDD_0005_E_0012389,-6.4366272808
CtrSVDD_0006_E_0012390,-7.6794522687
CtrSVDD_0007_E_0012391,-5.7332875644
CtrSVDD_0008_E_0012392,-6.2552434848
CtrSVDD_0009_E_0012393,-5.4771325459
CtrSVDD_0010_E_0012394,-6.3150213029
CtrSVDD_0011_E_0012395,-7.3413116598
CtrSVDD_0012_E_0012396,-7.2684202454
CtrSVDD_0013_E_0012397,-4.2628491356
CtrSVDD_0014_E_0012398,1.1171015851
CtrSVDD_0015_E_0012399,-0.0959640721
CtrSVDD_0016_E_0012400,-6.4466660145
CtrSVDD_0017_E_0012401,-7.2300267448
CtrSVDD_0018_E_0012402,-5.7211465941
CtrSVDD_0019_E_0012403,-6.4594737260
CtrSVDD_0020_E_0012404,-6.4870094988
CtrSVDD_0021_E_0012405,-2.9287003042
CtrSVDD_0022_E_0012406,-6.8792439774
CtrSVDD_0023_E_0012407,-6.6802724043
CtrSVDD_0024_E_0012408,-5.1784213876
CtrSVDD_0025_E_0012409,0.3489584066
CtrSVDD_0026_E_0012410,-4.9921684164
CtrSVDD_0027_E_0012411,-0.0132888781
CtrSVDD_0028_E_0012412,-3.3116114970
CtrSVDD_0029_E_0012413,-6.0727722967
CtrSVDD_0030_E_0012414,-3.0847968735
CtrSVDD_0031_E_0012415,-6.3101476508
CtrSVDD_0032_E_0012416,-4.1602187288
CtrSVDD_0033_E_0012417,-4.6816814980
CtrSVDD_0034_E_0012418,-1.3679843837
CtrSVDD_0035_E_0012419,-5.3102792828
CtrSVDD_0036_E_0012420,-6.3289486283
CtrSVDD_0037_E_0012421,-4.6113164864
CtrSVDD_0038_E_0012422,-7.2032735537
CtrSVDD_0039_E_0012423,-3.2946093084
CtrSVDD_0040_E_0012424,-3.9944979623
CtrSVDD_0041_E_0012425,-4.7742016007
CtrSVDD_0042_E_0012426,-5.7310056055
CtrSVDD_0043_E_0012427,-3.8962394206
CtrSVDD_0044_E_0012428,-6.4339942550
CtrSVDD_0045_E_0012429,-7.6346010169
CtrSVDD_0046_E_0012430,-7.6323958584
CtrSVDD_0047_E_0012431,0.4567100527
CtrSVDD_0000_E_0012432,-8.7762534442
CtrSVDD_0001_E_0012433,0.7735886145
CtrSVDD_0002_E_0012434,-7.0537557667
CtrSVDD_0003_E_0012435,-2.7991483821
CtrSVDD_0004_E_0012436,-8.6100875506
CtrSVDD_0005_E_0012437,-7.3752168432
CtrSVDD_0006_E_0012438,0.5684131487
CtrSVDD_0007_E_0012439,-3.1892737017
CtrSVDD_0008_E_0012440,-5.5987649691
CtrSVDD_0009_E_0012441,-6.0883917190
CtrSVDD_0010_E_0012442,-5.7031870460
CtrSVDD_0011_E_0012443,-6.3980379851
CtrSVDD_0012_E_0012444,-4.1126846300
CtrSVDD_0013_E_0012445,-5.2483394370
CtrSVDD_0014_E_0012446,-6.7084891243
CtrSVDD_0015_E_0012447,-7.4107543333
CtrSVDD_0016_E_0012448,-7.8157144307
CtrSVDD_0017_E_0012449,-7.9444170675
CtrSVDD_0018_E_0012450,-2.8055959578
CtrSVDD_0019_E_0012451,-3.9095844969
CtrSVDD_0020_E_0012452,-6.1935949707
CtrSVDD_0021_E_0012453,-5.4358318451
CtrSVDD_0022_E_0012454,-4.2982531826
CtrSVDD_0023_E_0012455,-7.4084769421
CtrSVDD_0024_E_0012456,-5.0705067832
CtrSVDD_0025_E_0012457,-6.7740634177
CtrSVDD_0026_E_0012458,-4.2130455696
CtrSVDD_0027_E_0012459,1.0158311043
CtrSVDD_0028_E_0012460,-5.2450309772
CtrSVDD_0029_E_0012461,-4.7566356402
CtrSVDD_0030_E_0012462,-3.6191050300
CtrSVDD_0031_E_0012463,-4.0321161525
CtrSVDD_0032_E_0012464,-6.9617176986
CtrSVDD_0033_E_0012465,-5.2137624137
CtrSVDD_0034_E_0012466,-6.5831327602
CtrSVDD_0035_E_0012467,0.9889232358
CtrSVDD_0036_E_0012468,-5.6574786423
CtrSVDD_0037_E_0012469,-6.2568271790
CtrSVDD_0038_E_0012470,-0.5181513452
CtrSVDD_0039_E_0012471,-1.8352364289
CtrSVDD_0040_E_0012472,-6.2999758236
CtrSVDD_0041_E_0012473,-6.5000185519
CtrSVDD_0042_E_0012474,0.9049093884
CtrSVDD_0043_E_0012475,-7.2524132103
CtrSVDD_0044_E_0012476,-6.6866762573
CtrSVDD_0045_E_0012477,-2.1557505821
CtrSVDD_0046_E_0012478,-6.7664704144
CtrSVDD_0047_E_0012479,-4.8215173033
CtrSVDD_0000_E_0012480,-6.5518071728
CtrSVDD_0001_E_0012481,-5.0782061449
CtrSVDD_0002_E_0012482,-6.1128526746
CtrSVDD_0003_E_0012483,-3.6447153706
CtrSVDD_0004_E_0012484,-5.8326998184
CtrSVDD_0005_E_0012485,-6.3031539476
CtrSVDD_0006_E_0012486,-6.2951478094
CtrSVDD_0007_E_0012487,-4.2402740410
CtrSVDD_0008_E_0012488,0.9972598582
CtrSVDD_0009_E_0012489,-7.0187568628
CtrSVDD_0010_E_0012490,-7.8064705022
CtrSVDD_0011_E_0012491,-4.6596199413
CtrSVDD_0012_E_0012492,-7.6390564731
CtrSVDD_0013_E_0012493,-6.7145647046
CtrSVDD_0014_E_0012494,-3.9537837686
CtrSVDD_0015_E_0012495,-6.8843272159
CtrSVDD_0016_E_0012496,-7.5606954184
CtrSVDD_0017_E_0012497,-7.1964716766
CtrSVDD_0018_E_0012498,-3.8040945761
CtrSVDD_0019_E_0012499,-5.8212620390
CtrSVDD_0020_E_0012500,-4.8964258417
CtrSVDD_0021_E_0012501,-2.7840246937
CtrSVDD_0022_E_0012502,-6.9326415066
CtrSVDD_0023_E_0012503,-6.8215343338
CtrSVDD_0024_E_0012504,-6.6587431141
CtrSVDD_0025_E_0012505,-8.9501915028
CtrSVDD_0026_E_0012506,0.2784173997
CtrSVDD_0027_E_0012507,-5.3203598108
CtrSVDD_0028_E_0012508,-5.6750920072
CtrSVDD_0029_E_0012509,-3.6421973001
CtrSVDD_0030_E_0012510,-4.7323553949
CtrSVDD_0031_E_0012511,-3.9893734950
CtrSVDD_0032_E_0012512,1.2742722027
CtrSVDD_0033_E_0012513,-6.7899866615
CtrSVDD_0034_E_0012514,-2.6067062731
CtrSVDD_0035_E_0012515,-5.1790588949
CtrSVDD_0036_E_0012516,-8.0352611327
CtrSVDD_0037_E_0012517,-8.1916164368
CtrSVDD_0038_E_0012518,-6.3241887241
CtrSVDD_0039_E_0012519,-6.0563295048
CtrSVDD_0040_E_0012520,-0.9972598582
CtrSVDD_0041_E_0012521,-7.7402491028
CtrSVDD_0042_E_0012522,-3.8583597263
CtrSVDD_0043_E_0012523,-7.1635376546
CtrSVDD_0044_E_0012524,-0.7455095040
CtrSVDD_0045_E_0012525,-5.7217905543
CtrSVDD_0046_E_0012526,-4.3993259379
CtrSVDD_0047_E_0012527,-6.9314538047
CtrSVDD_0000_E_0012528,-7.6670076127
CtrSVDD_0001_E_0012529,-8.9524361151
CtrSVDD_0002_E_0012530,-5.7355920006
CtrSVDD_0003_E_0012531,-5.4265523804
CtrSVDD_0004_E_0012532,-8.3641873207
CtrSVDD_0005_E_0012533,-7.9521659094
CtrSVDD_0006_E_0012534,-6.4053971320
CtrSVDD_0007_E_0012535,-5.0954146324
CtrSVDD_0008_E_0012536,-6.4232251874
CtrSVDD_0009_E_0012537,-9.2209695884
CtrSVDD_0010_E_0012538,-5.7254478074
CtrSVDD_0011_E_0012539,-3.1595513783
CtrSVDD_0012_E_0012540,-7.8785266569
CtrSVDD_0013_E_0012541,-4.2388770207
CtrSVDD_0014_E_0012542,-7.8448873386
CtrSVDD_0015_E_0012543,-8.4231501621
CtrSVDD_0016_E_0012544,-6.1162826138
CtrSVDD_0017_E_0012545,-1.0041834899
CtrSVDD_0018_E_0012546,-3.4917184408
CtrSVDD_0019_E_0012547,-6.6936727638
CtrSVDD_0020_E_0012548,-6.9321628567
CtrSVDD_0021_E_0012549,-5.8836594078
CtrSVDD_0022_E_0012550,-3.7447240424
CtrSVDD_0023_E_0012551,-1.3149514580
CtrSVDD_0024_E_0012552,-2.2342086281
CtrSVDD_0025_E_0012553,-6.6985310185
CtrSVDD_0026_E_0012554,-6.5637602937
CtrSVDD_0027_E_0012555,-6.1959393776
CtrSVDD_0028_E_0012556,-6.5898951987
CtrSVDD_0029_E_0012557,-4.0360875786
CtrSVDD_0030_E_0012558,-6.5591208483
CtrSVDD_0031_E_0012559,-6.1017701725
CtrSVDD_0032_E_0012560,-6.2692540132
CtrSVDD_0033_E_0012561,-8.9904568824
CtrSVDD_0034_E_0012562,-5.8202550070
CtrSVDD_0035_E_0012563,-4.8542823151
CtrSVDD_0036_E_0012564,-5.1496085269
CtrSVDD_0037_E_0012565,-5.7687657637
CtrSVDD_0038_E_0012566,-0.4895646950
CtrSVDD_0039_E_0012567,1.4083070176
CtrSVDD_0040_E_0012568,-6.3219154691
CtrSVDD_0041_E_0012569,-5.2769935650
CtrSVDD_0042_E_0012570,-6.6977712208
CtrSVDD_0043_E_0012571,-6.5921374552
CtrSVDD_0044_E_0012572,-3.8822465704
CtrSVDD_0045_E_0012573,-3.1408577302
CtrSVDD_0046_E_0012574,-6.0397867985
CtrSVDD_0047_E_0012575,-7.2086919710
CtrSVDD_0000_E_0012576,-2.2278756651
CtrSVDD_0001_E_0012577,-8.4482744899
CtrSVDD_0002_E_0012578,-7.5403293149
CtrSVDD_0003_E_0012579,1.5595696761
CtrSVDD_0004_E_0012580,-6.3970025058
CtrSVDD_0005_E_0012581,-6.1444570599
CtrSVDD_0006_E_0012582,-6.2635441257
CtrSVDD_0007_E_0012583,-3.9926990502
CtrSVDD_0008_E_0012584,-7.0628670278
CtrSVDD_0009_E_0012585,-6.8590398547
CtrSVDD_0010_E_0012586,-4.8508804306
CtrSVDD_0011_E_0012587,-6.7051697827
CtrSVDD_0012_E_0012588,-7.3535551013
CtrSVDD_0013_E_0012589,-6.5453574300
CtrSVDD_0014_E_0012590,-6.0694028657
CtrSVDD_0015_E_0012591,-5.6608206874
CtrSVDD_0016_E_0012592,-6.2169098008
CtrSVDD_0017_E_0012593,-6.0800492345
CtrSVDD_0018_E_0012594,-5.7670372607
CtrSVDD_0019_E_0012595,-1.5548672921
CtrSVDD_0020_E_0012596,-2.5307037237
CtrSVDD_0021_E_0012597,-4.3711734094
CtrSVDD_0022_E_0012598,-6.5346615369
CtrSVDD_0023_E_0012599,-0.8737065351
CtrSVDD_0024_E_0012600,0.3415349575
CtrSVDD_0025_E_0012601,-5.1917173059
CtrSVDD_0026_E_0012602,-2.8205632184
CtrSVDD_0027_E_0012603,-7.9259829633
CtrSVDD_0028_E_0012604,-5.5746337981
CtrSVDD_0029_E_0012605,-6.2174535491
CtrSVDD_0030_E_0012606,-6.0669389671
CtrSVDD_0031_E_0012607,-6.4654887366
CtrSVDD_0032_E_0012608,-7.9679283079
CtrSVDD_0033_E_0012609,-3.6640644223
CtrSVDD_0034_E_0012610,-4.0182596774
CtrSVDD_0035_E_0012611,-6.6869124019
CtrSVDD_0036_E_0012612,-0.2049494660
CtrSVDD_0037_E_0012613,-6.9001578825
CtrSVDD_0038_E_0012614,-0.3296962808
CtrSVDD_0039_E_0012615,1.1598896185
CtrSVDD_0040_E_0012616,-6.8930922074
CtrSVDD_0041_E_0012617,-7.5041986042
CtrSVDD_0042_E_0012618,-7.5564478135
CtrSVDD_0043_E_0012619,-4.4207581932
CtrSVDD_0044_E_0012620,1.4940631617
CtrSVDD_0045_E_0012621,-0.1944753570
CtrSVDD_0046_E_0012622,-6.0268483973
CtrSVDD_0047_E_0012623,-3.6003969728
CtrSVDD_0000_E_0012624,-6.8880070591
CtrSVDD_0001_E_0012625,-3.0693507176
CtrSVDD_0002_E_0012626,0.4151737799
CtrSVDD_0003_E_0012627,-0.8080100070
CtrSVDD_0004_E_0012628,-7.6109679620
CtrSVDD_0005_E_0012629,-4.1193040545
CtrSVDD_0006_E_0012630,-6.7267462824
CtrSVDD_0007_E_0012631,-2.4453006702
CtrSVDD_0008_E_0012632,-9.0156764942
CtrSVDD_0009_E_0012633,-5.0968178626
CtrSVDD_0010_E_0012634,-8.2476890115
CtrSVDD_0011_E_0012635,-5.2569004920
CtrSVDD_0012_E_0012636,-0.1488734770
CtrSVDD_0013_E_0012637,-6.0751157864
CtrSVDD_0014_E_0012638,-7.6070903276
CtrSVDD_0015_E_0012639,2.0462009173
CtrSVDD_0016_E_0012640,-4.0580326971
CtrSVDD_0017_E_0012641,-6.1793789072
CtrSVDD_0018_E_0012642,-7.5395604297
CtrSVDD_0019_E_0012643,-5.6530964754
CtrSVDD_0020_E_0012644,-5.7894007600
CtrSVDD_0021_E_0012645,-1.3860731563
CtrSVDD_0022_E_0012646,-7.2338369268
CtrSVDD_0023_E_0012647,-3.0499408856
CtrSVDD_0024_E_0012648,-4.0341011652
CtrSVDD_0025_E_0012649,0.7474381782
CtrSVDD_0026_E_0012650,-4.8389568532
CtrSVDD_0027_E_0012651,-5.9968197626
CtrSVDD_0028_E_0012652,-4.8221239517
CtrSVDD_0029_E_0012653,-6.7879844614
CtrSVDD_0030_E_0012654,-3.4751386869
CtrSVDD_0031_E_0012655,0.3356097395
CtrSVDD_0032_E_0012656,-6.5668264759
CtrSVDD_0033_E_0012657,-5.8588707650
CtrSVDD_0034_E_0012658,-3.4101603481
CtrSVDD_0035_E_0012659,-6.6911103993
CtrSVDD_0036_E_0012660,-4.7146463070
CtrSVDD_0037_E_0012661,-6.0714286237
CtrSVDD_0038_E_0012662,-3.4137798317
CtrSVDD_0039_E_0012663,-0.3895708518
CtrSVDD_0040_E_0012664,-6.3272454635
CtrSVDD_0041_E_0012665,-0.7437441897
CtrSVDD_0042_E_0012666,-6.5398185367
CtrSVDD_0043_E_0012667,-4.7995795599
CtrSVDD_0044_E_0012668,1.2107154884
CtrSVDD_0045_E_0012669,-2.3943323999
CtrSVDD_0046_E_0012670,0.8420025708
CtrSVDD_0047_E_0012671,-8.4001222447
CtrSVDD_0000_E_0012672,-1.5738877915
CtrSVDD_0001_E_0012673,0.3061550341
CtrSVDD_0002_E_0012674,-6.8830562226
CtrSVDD_0003_E_0012675,1.0847652160
CtrSVDD_0004_E_0012676,-5.0987346281
CtrSVDD_0005_E_0012677,-7.3958477303
CtrSVDD_0006_E_0012678,-0.6824132519
CtrSVDD_0007_E_0012679,-6.0996447278
CtrSVDD_0008_E_0012680,-0.6371985290
CtrSVDD_0009_E_0012681,-2.5457089806
CtrSVDD_0010_E_0012682,-6.7905157487
CtrSVDD_0011_E_0012683,-6.4967205701
CtrSVDD_0012_E_0012684,-6.0045154419
CtrSVDD_0013_E_0012685,-5.2561529864
CtrSVDD_0014_E_0012686,-7.8656639558
CtrSVDD_0015_E_0012687,-8.5093042346
CtrSVDD_0016_E_0012688,1.1194524894
CtrSVDD_0017_E_0012689,-7.7095001035
CtrSVDD_0018_E_0012690,-10.3382458895
CtrSVDD_0019_E_0012691,-7.6968978836
CtrSVDD_0020_E_0012692,0.5700579520
CtrSVDD_0021_E_0012693,-5.9686737237
CtrSVDD_0022_E_0012694,-8.1451841846
CtrSVDD_0023_E_0012695,-2.5190638365
CtrSVDD_0024_E_0012696,-7.5873616818
CtrSVDD_0025_E_0012697,-0.3046894591
CtrSVDD_0026_E_0012698,-5.2585529936
CtrSVDD_0027_E_0012699,-8.5498527803
CtrSVDD_0028_E_0012700,-7.3046588447
CtrSVDD_0029_E_0012701,-4.6977539587
CtrSVDD_0030_E_0012702,-7.5745326386
CtrSVDD_0031_E_0012703,-7.9233713083
CtrSVDD_0032_E_0012704,-5.9452896919
CtrSVDD_0033_E_0012705,-0.3474721907
CtrSVDD_0034_E_0012706,-6.6892131931
CtrSVDD_0035_E_0012707,-8.8132274784
CtrSVDD_0036_E_0012708,-7.9246776064
CtrSVDD_0037_E_0012709,-0.3534216980
CtrSVDD_0038_E_0012710,-5.5067893874
CtrSVDD_0039_E_0012711,-5.0688676833
CtrSVDD_0040_E_0012712,-7.3303835327
CtrSVDD_0041_E_0012713,-7.4929169047
CtrSVDD_0042_E_0012714,-4.6524737204
CtrSVDD_0043_E_0012715,-8.5800117863
CtrSVDD_0044_E_0012716,-5.9464798809
CtrSVDD_0045_E_0012717,-8.7071202623
CtrSVDD_0046_E_0012718,-1.0371516685
CtrSVDD_0047_E_0012719,-6.0414270588
CtrSVDD_0000_E_0012720,-5.4754887364
CtrSVDD_0001_E_0012721,-7.3750851338
CtrSVDD_0002_E_0012722,-7.9260319831
CtrSVDD_0003_E_0012723,-7.7797546511
CtrSVDD_0004_E_0012724,-5.9782034036
CtrSVDD_0005_E_0012725,-7.2893949742
CtrSVDD_0006_E_0012726,-7.4573363363
CtrSVDD_0007_E_0012727,-6.2259965539
CtrSVDD_0008_E_0012728,-7.3853377077
CtrSVDD_0009_E_0012729,-6.7069727324
CtrSVDD_0010_E_0012730,-0.3593837417
CtrSVDD_0011_E_0012731,-7.9550738161
CtrSVDD_0012_E_0012732,-4.1830395875
CtrSVDD_0013_E_0012733,1.5690792921
CtrSVDD_0014_E_0012734,1.9972288352
CtrSVDD_0015_E_0012735,-4.8661725476
CtrSVDD_0016_E_0012736,0.1695102101
CtrSVDD_0017_E_0012737,-6.7068294542
CtrSVDD_0018_E_0012738,-0.6372182001
CtrSVDD_0019_E_0012739,-6.2058708057
CtrSVDD_0020_E_0012740,-7.8732992884
CtrSVDD_0021_E_0012741,-0.2769636266
CtrSVDD_0022_E_0012742,-6.1563608038
CtrSVDD_0023_E_0012743,-2.2086627277
CtrSVDD_0024_E_0012744,-2.4847528673
CtrSVDD_0025_E_0012745,1.6400033795
CtrSVDD_0026_E_0012746,-4.7877070960
CtrSVDD_0027_E_0012747,0.9112471260
CtrSVDD_0028_E_0012748,-0.7859981784
CtrSVDD_0029_E_0012749,-7.7772013447
CtrSVDD_0030_E_0012750,-5.7047402342
CtrSVDD_0031_E_0012751,-5.5263930482
CtrSVDD_0032_E_0012752,-4.6898164876
CtrSVDD_0033_E_0012753,-6.8867234650
CtrSVDD_0034_E_0012754,-1.8015641952
CtrSVDD_0035_E_0012755,-2.5898636877
CtrSVDD_0036_E_0012756,-7.5907216685
CtrSVDD_0037_E_0012757,0.6201542326
CtrSVDD_0038_E_0012758,-3.3682988989
CtrSVDD_0039_E_0012759,-5.1402284417
CtrSVDD_0040_E_0012760,-1.0540660493
CtrSVDD_0041_E_0012761,1.8667109463
CtrSVDD_0042_E_0012762,-0.0348741193
CtrSVDD_0043_E_0012763,-8.3433270310
CtrSVDD_0044_E_0012764,-5.0140377839
CtrSVDD_0045_E_0012765,0.7641892626
CtrSVDD_0046_E_0012766,-6.0271732334
CtrSVDD_0047_E_0012767,-5.3574747286
CtrSVDD_0000_E_0012768,0.6983904682
CtrSVDD_0001_E_0012769,-8.6332031785
CtrSVDD_0002_E_0012770,-3.8567799842
CtrSVDD_0003_E_0012771,-6.0863551334
CtrSVDD_0004_E_0012772,-0.6218504967
CtrSVDD_0005_E_0012773,-0.5358302223
CtrSVDD_0006_E_0012774,-6.7424325901
CtrSVDD_0007_E_0012775,0.3939223175
CtrSVDD_0008_E_0012776,-7.8424466376
CtrSVDD_0009_E_0012777,-3.3354300393
CtrSVDD_0010_E_0012778,-9.0387581963
CtrSVDD_0011_E_0012779,0.3893914348
CtrSVDD_0012_E_0012780,-7.5885657673
CtrSVDD_0013_E_0012781,-0.9197548299
CtrSVDD_0014_E_0012782,-4.2871186176
CtrSVDD_0015_E_0012783,0.0768622262
CtrSVDD_0016_E_0012784,-6.0519029026
CtrSVDD_0017_E_0012785,-6.3116903338
CtrSVDD_0018_E_0012786,-4.5690327553
CtrSVDD_0019_E_0012787,-7.4436304941
CtrSVDD_0020_E_0012788,-0.5229565873
CtrSVDD_0021_E_0012789,-8.0990887966
CtrSVDD_0022_E_0012790,-8.5280932221
CtrSVDD_0023_E_0012791,-7.1845874880
CtrSVDD_0024_E_0012792,-6.5244087166
CtrSVDD_0025_E_0012793,0.5423003608
CtrSVDD_0026_E_0012794,-5.7060046120
CtrSVDD_0027_E_0012795,-3.4459304973
CtrSVDD_0028_E_0012796,-6.4577786290
CtrSVDD_0029_E_0012797,-5.9007910156
CtrSVDD_0030_E_0012798,-7.0824475973
CtrSVDD_0031_E_0012799,-5.9512587893
CtrSVDD_0032_E_0012800,-9.5466798436
CtrSVDD_0033_E_0012801,-6.2412332155
CtrSVDD_0034_E_0012802,-3.9868310772
CtrSVDD_0035_E_0012803,1.5501990408
CtrSVDD_0036_E_0012804,-3.1478141336
CtrSVDD_0037_E_0012805,-2.6998172783
CtrSVDD_0038_E_0012806,-7.7594427640
CtrSVDD_0039_E_0012807,-6.2301937747
CtrSVDD_0040_E_0012808,-6.9429511157
CtrSVDD_0041_E_0012809,-6.8514529567
CtrSVDD_0042_E_0012810,-4.2913398473
CtrSVDD_0043_E_0012811,-6.2910443551
CtrSVDD_0044_E_0012812,-1.7867202383
CtrSVDD_0045_E_0012813,-5.4765861579
CtrSVDD_0046_E_0012814,-2.5097801648
CtrSVDD_0047_E_0012815,-6.4716488059
CtrSVDD_0000_E_0012816,-7.2199536412
CtrSVDD_0001_E_0012817,-6.1288267410
CtrSVDD_0002_E_0012818,0.9338985295
CtrSVDD_0003_E_0012819,-0.1414404467
CtrSVDD_0004_E_0012820,-8.2931725389
CtrSVDD_0005_E_0012821,-2.7268159647
CtrSVDD_0006_E_0012822,-5.7136789844
CtrSVDD_0007_E_0012823,-5.9572491820
CtrSVDD_0008_E_0012824,-6.7094352160
CtrSVDD_0009_E_0012825,-5.6097726852
CtrSVDD_0010_E_0012826,-8.8950817476
CtrSVDD_0011_E_0012827,-6.5385296828
CtrSVDD_0012_E_0012828,-1.0663348048
CtrSVDD_0013_E_0012829,-8.0295538277
CtrSVDD_0014_E_0012830,-5.5835704936
CtrSVDD_0015_E_0012831,-4.7894668979
CtrSVDD_0016_E_0012832,-5.2100134087
CtrSVDD_0017_E_0012833,0.4895646950
CtrSVDD_0018_E_0012834,-4.7529131852
CtrSVDD_0019_E_0012835,-7.0875879946
CtrSVDD_0020_E_0012836,-6.4949640727
CtrSVDD_0021_E_0012837,-0.2321696494
CtrSVDD_0022_E_0012838,-5.9256208110
CtrSVDD_0023_E_0012839,-6.3033384313
CtrSVDD_0024_E_0012840,-6.2249697166
CtrSVDD_0025_E_0012841,-7.2931225563
CtrSVDD_0026_E_0012842,-7.2958999637
CtrSVDD_0027_E_0012843,-4.8664156883
CtrSVDD_0028_E_0012844,-5.7492684653
CtrSVDD_0029_E_0012845,-8.1586251778
CtrSVDD_0030_E_0012846,-6.3277843508
CtrSVDD_0031_E_0012847,-8.1708879899
CtrSVDD_0032_E_0012848,-6.2156517980
CtrSVDD_0033_E_0012849,-6.3082774937
CtrSVDD_0034_E_0012850,-2.8311897082
CtrSVDD_0035_E_0012851,-3.8753615648
CtrSVDD_0036_E_0012852,-4.1785538044
CtrSVDD_0037_E_0012853,-6.5930909968
CtrSVDD_0038_E_0012854,-6.1506981224
CtrSVDD_0039_E_0012855,-4.9017280590
CtrSVDD_0040_E_0012856,-5.4687644110
CtrSVDD_0041_E_0012857,-6.7813590330
CtrSVDD_0042_E_0012858,-0.7363864709
CtrSVDD_0043_E_0012859,-6.7474864930
CtrSVDD_0044_E_0012860,-1.8356715369
CtrSVDD_0045_E_0012861,-4.7039333252
CtrSVDD_0046_E_0012862,-7.3612202519
CtrSVDD_0047_E_0012863,-7.8713863592
CtrSVDD_0000_E_0012864,-6.8917587036
CtrSVDD_0001_E_0012865,-8.7222264898
CtrSVDD_0002_E_0012866,-7.9461259993
CtrSVDD_0003_E_0012867,-8.7145258365
CtrSVDD_0004_E_0012868,-1.4923680786
CtrSVDD_0005_E_0012869,-4.6381319326
CtrSVDD_0006_E_0012870,-5.8781562501
CtrSVDD_0007_E_0012871,-5.3065582431
CtrSVDD_0008_E_0012872,-5.1286100104
CtrSVDD_0009_E_0012873,-5.5555715974
CtrSVDD_0010_E_0012874,-6.3372169477
CtrSVDD_0011_E_0012875,-4.7751788622
CtrSVDD_0012_E_0012876,-4.9429620126
CtrSVDD_0013_E_0012877,-6.6080282465
CtrSVDD_0014_E_0012878,1.0939075304
CtrSVDD_0015_E_0012879,-0.2206887118
CtrSVDD_0016_E_0012880,-6.3628388685
CtrSVDD_0017_E_0012881,1.0323732006
CtrSVDD_0018_E_0012882,-4.7586416036
CtrSVDD_0019_E_0012883,-5.1248969067
CtrSVDD_0020_E_0012884,-8.1825972862
CtrSVDD_0021_E_0012885,-7.9712329543
CtrSVDD_0022_E_0012886,-7.8243326566
CtrSVDD_0023_E_0012887,0.5439214382
CtrSVDD_0024_E_0012888,-6.1500799106
CtrSVDD_0025_E_0012889,0.6252484071
CtrSVDD_0026_E_0012890,-5.8409671602
CtrSVDD_0027_E_0012891,-8.2669991673
CtrSVDD_0028_E_0012892,-7.4167954804
CtrSVDD_0029_E_0012893,-1.2283701829
CtrSVDD_0030_E_0012894,-9.9097343845
CtrSVDD_0031_E_0012895,-1.2254011678
CtrSVDD_0032_E_0012896,-5.2169101054
CtrSVDD_0033_E_0012897,-7.0239281521
CtrSVDD_0034_E_0012898,-3.3664758558
CtrSVDD_0035_E_0012899,-6.4671934464
CtrSVDD_0036_E_0012900,-3.9811354727
CtrSVDD_0037_E_0012901,-3.5170596079
CtrSVDD_0038_E_0012902,1.4294545314
CtrSVDD_0039_E_0012903,-3.8264270958
CtrSVDD_0040_E_0012904,-9.3403080648
CtrSVDD_0041_E_0012905,2.4307654601
CtrSVDD_0042_E_0012906,-6.2757374489
CtrSVDD_0043_E_0012907,-6.4950552729
CtrSVDD_0044_E_0012908,-1.2403559942
CtrSVDD_0045_E_0012909,-7.7800598505
CtrSVDD_0046_E_0012910,-8.3867102209
CtrSVDD_0047_E_0012911,0.1651046575
CtrSVDD_0000_E_0012912,-8.1810216584
CtrSVDD_0001_E_0012913,-7.4533904457
CtrSVDD_0002_E_0012914,-5.0188794076
CtrSVDD_0003_E_0012915,-3.1798859869
CtrSVDD_0004_E_0012916,-6.4733443324
CtrSVDD_0005_E_0012917,-9.0586096719
CtrSVDD_0006_E_0012918,-4.7650616173
CtrSVDD_0007_E_0012919,-8.2885285072
CtrSVDD_0008_E_0012920,1.2958838614
CtrSVDD_0009_E_0012921,-6.4118141346
CtrSVDD_0010_E_0012922,-0.1992388728
CtrSVDD_0011_E_0012923,-8.7871659082
CtrSVDD_0012_E_0012924,0.9903837048
CtrSVDD_0013_E_0012925,-3.4454146821
CtrSVDD_0014_E_0012926,-5.8412159695
CtrSVDD_0015_E_0012927,-3.8981429750
CtrSVDD_0016_E_0012928,-5.9266100112
CtrSVDD_0017_E_0012929,-6.1592305079
CtrSVDD_0018_E_0012930,1.0279947747
CtrSVDD_0019_E_0012931,-7.8498281215
CtrSVDD_0020_E_0012932,-5.6077681372
CtrSVDD_0021_E_0012933,-6.3998954098
CtrSVDD_0022_E_0012934,-7.0741498229
CtrSVDD_0023_E_0012935,-5.2934156433
CtrSVDD_0024_E_0012936,-5.2904549856
CtrSVDD_0025_E_0012937,-2.3599385426
CtrSVDD_0026_E_0012938,-8.3662787801
CtrSVDD_0027_E_0012939,-7.5762795584
CtrSVDD_0028_E_0012940,-7.2341130321
CtrSVDD_0029_E_0012941,-5.2712851038
CtrSVDD_0030_E_0012942,-6.8361042883
CtrSVDD_0031_E_0012943,-5.9535075760
CtrSVDD_0032_E_0012944,-8.2217581417
CtrSVDD_0033_E_0012945,-3.3591803336
CtrSVDD_0034_E_0012946,-6.7056950484
CtrSVDD_0035_E_0012947,-5.3922292704
CtrSVDD_0036_E_0012948,-5.9094591075
CtrSVDD_0037_E_0012949,-6.4815371888
CtrSVDD_0038_E_0012950,-6.3574207567
CtrSVDD_0039_E_0012951,-0.6966064677
CtrSVDD_0040_E_0012952,-5.8115513449
CtrSVDD_0041_E_0012953,-3.3447266075
CtrSVDD_0042_E_0012954,-5.8478425820
CtrSVDD_0043_E_0012955,-6.9916792481
CtrSVDD_0044_E_0012956,-4.1964205442
CtrSVDD_0045_E_0012957,-4.3122003527
CtrSVDD_0046_E_0012958,-7.8278016471
CtrSVDD_0047_E_0012959,-5.0421789067
CtrSVDD_0000_E_0012960,2.1468147108
CtrSVDD_0001_E_0012961,-7.9036744915
CtrSVDD_0002_E_0012962,-4.4521709565
CtrSVDD_0003_E_0012963,-3.8677965705
CtrSVDD_0004_E_0012964,-6.4955318173
CtrSVDD_0005_E_0012965,-4.2359059287
CtrSVDD_0006_E_0012966,-5.7010154073
CtrSVDD_0007_E_0012967,-6.5352784395
CtrSVDD_0008_E_0012968,-3.4772343959
CtrSVDD_0009_E_0012969,-6.8265181352
CtrSVDD_0010_E_0012970,-3.6276430844
CtrSVDD_0011_E_0012971,-0.7168826702
CtrSVDD_0012_E_0012972,-6.9544639391
CtrSVDD_0013_E_0012973,-7.5972351806
CtrSVDD_0014_E_0012974,-7.5388197869
CtrSVDD_0015_E_0012975,-1.2020280035
CtrSVDD_0016_E_0012976,-8.7378907152
CtrSVDD_0017_E_0012977,-7.1192211611
CtrSVDD_0018_E_0012978,-5.1479056983
CtrSVDD_0019_E_0012979,-6.5649429504
CtrSVDD_0020_E_0012980,-6.7715862252
CtrSVDD_0021_E_0012981,-6.4131598509
CtrSVDD_0022_E_0012982,-0.4197539913
CtrSVDD_0023_E_0012983,-8.5027394131
CtrSVDD_0024_E_0012984,-4.4595806844
CtrSVDD_0025_E_0012985,-3.8589616791
CtrSVDD_0026_E_0012986,-6.2607799094
CtrSVDD_0027_E_0012987,-7.6797265779
CtrSVDD_0028_E_0012988,-5.7920457105
CtrSVDD_0029_E_0012989,-7.5905405474
CtrSVDD_0030_E_0012990,-6.0637290928
CtrSVDD_0031_E_0012991,-6.4411886421
CtrSVDD_0032_E_0012992,-5.6257919763
CtrSVDD_0033_E_0012993,-7.2467299574
CtrSVDD_0034_E_0012994,-7.9616428624
CtrSVDD_0035_E_0012995,-5.8799547385
CtrSVDD_0036_E_0012996,-1.3230285222
CtrSVDD_0037_E_0012997,-4.0569364080
CtrSVDD_0038_E_0012998,-5.6664118793
CtrSVDD_0039_E_0012999,-6.5436835363
CtrSVDD_0040_E_0013000,-7.7428786445
CtrSVDD_0041_E_0013001,-4.0273285222
CtrSVDD_0042_E_0013002,-5.9114723946
CtrSVDD_0043_E_0013003,0.4030085097
CtrSVDD_0044_E_0013004,-5.8749120227
CtrSVDD_0045_E_0013005,-7.4263810004
CtrSVDD_0046_E_0013006,0.9070179191
CtrSVDD_0047_E_0013007,-5.2941103252
CtrSVDD_0000_E_0013008,-4.1790896714
CtrSVDD_0001_E_0013009,-7.2469102877
CtrSVDD_0002_E_0013010,-6.1192574348
CtrSVDD_0003_E_0013011,-5.7862495006
CtrSVDD_0004_E_0013012,-4.4264759899
CtrSVDD_0005_E_0013013,-6.2066266075
CtrSVDD_0006_E_0013014,-0.6806487851
CtrSVDD_0007_E_0013015,-7.9691636025
CtrSVDD_0008_E_0013016,-3.3537050556
CtrSVDD_0009_E_0013017,-2.6492361285
CtrSVDD_0010_E_0013018,-7.2652974273
CtrSVDD_0011_E_0013019,-3.6258250177
CtrSVDD_0012_E_0013020,-4.7754350520
CtrSVDD_0013_E_0013021,-7.6934013806
CtrSVDD_0014_E_0013022,-6.1077203025
CtrSVDD_0015_E_0013023,1.0467803551
CtrSVDD_0016_E_0013024,-6.8549135368
CtrSVDD_0017_E_0013025,-5.0790234595
CtrSVDD_0018_E_0013026,-3.5079393980
CtrSVDD_0019_E_0013027,-6.5837985030
CtrSVDD_0020_E_0013028,-7.7245466584
CtrSVDD_0021_E_0013029,-5.9859244908
CtrSVDD_0022_E_0013030,-5.2357670431
CtrSVDD_0023_E_0013031,-3.9712761205
CtrSVDD_0024_E_0013032,-4.9920810011
CtrSVDD_0025_E_0013033,-9.3336258158
CtrSVDD_0026_E_0013034,-4.2008558384
CtrSVDD_0027_E_0013035,-5.6177593023
CtrSVDD_0028_E_0013036,-4.4131613070
CtrSVDD_0029_E_0013037,-3.2377918960
CtrSVDD_0030_E_0013038,-8.0362925857
CtrSVDD_0031_E_0013039,-5.7873400267
CtrSVDD_0032_E_0013040,-3.5116295689
CtrSVDD_0033_E_0013041,-6.4997346676
CtrSVDD_0034_E_0013042,0.0510779670
CtrSVDD_0035_E_0013043,-7.2262147781
CtrSVDD_0036_E_0013044,-3.9038593743
CtrSVDD_0037_E_0013045,-6.8315200755
CtrSVDD_0038_E_0013046,-8.9624850732
CtrSVDD_0039_E_0013047,-5.3697986222
CtrSVDD_0040_E_0013048,-6.5200165710
CtrSVDD_0041_E_0013049,-6.9430048175
CtrSVDD_0042_E_0013050,-7.3846500892
CtrSVDD_0043_E_0013051,-0.7660637131
CtrSVDD_0044_E_0013052,-0.8454144771
CtrSVDD_0045_E_0013053,-7.7176622701
CtrSVDD_0046_E_0013054,-7.2882484189
CtrSVDD_0047_E_0013055,-7.8838323453
CtrSVDD_0000_E_0013056,-4.5073910278
CtrSVDD_0001_E_0013057,-7.8575246174
CtrSVDD_0002_E_0013058,-3.6496790284
CtrSVDD_0003_E_0013059,-7.3213012929
CtrSVDD_0004_E_0013060,-4.3549636116
CtrSVDD_0005_E_0013061,-6.8336055564
CtrSVDD_0006_E_0013062,-6.7132978068
CtrSVDD_0007_E_0013063,-1.4109500660
CtrSVDD_0008_E_0013064,-3.7097884326
CtrSVDD_0009_E_0013065,-2.7534300452
CtrSVDD_0010_E_0013066,1.4197105540
CtrSVDD_0011_E_0013067,-7.1139489048
CtrSVDD_0012_E_0013068,0.1934623919
CtrSVDD_0013_E_0013069,-6.3516681919
CtrSVDD_0014_E_0013070,-4.0984024762
CtrSVDD_0015_E_0013071,-7.9460878606
CtrSVDD_0016_E_0013072,-4.4290805205
CtrSVDD_0017_E_0013073,-6.0325932346
CtrSVDD_0018_E_0013074,-7.8771334144
CtrSVDD_0019_E_0013075,2.6527627355
CtrSVDD_0020_E_0013076,1.1571530850
CtrSVDD_0021_E_0013077,-1.4505430633
CtrSVDD_0022_E_0013078,-6.6119464458
CtrSVDD_0023_E_0013079,-4.1025597534
CtrSVDD_0024_E_0013080,-4.7638618735
CtrSVDD_0025_E_0013081,1.8176371191
CtrSVDD_0026_E_0013082,-3.7200404025
CtrSVDD_0027_E_0013083,-7.7986277788
CtrSVDD_0028_E_0013084,-7.8302317243
CtrSVDD_0029_E_0013085,-0.9926705409
CtrSVDD_0030_E_0013086,-4.5261228425
CtrSVDD_0031_E_0013087,-6.6570246238
CtrSVDD_0032_E_0013088,-6.0458574679
CtrSVDD_0033_E_0013089,-5.3166363650
CtrSVDD_0034_E_0013090,-5.8396730918
CtrSVDD_0035_E_0013091,-2.7020824583
CtrSVDD_0036_E_0013092,-5.1037143139
CtrSVDD_0037_E_0013093,-5.6287308360
CtrSVDD_0038_E_0013094,-9.0535137225
CtrSVDD_0039_E_0013095,-6.1779528446
CtrSVDD_0040_E_0013096,-7.4398701605
CtrSVDD_0041_E_0013097,-3.7854204301
CtrSVDD_0042_E_0013098,-0.8118936149
CtrSVDD_0043_E_0013099,-5.9921580735
CtrSVDD_0044_E_0013100,-6.3744528777
CtrSVDD_0045_E_0013101,-5.7195593440
CtrSVDD_0046_E_0013102,-1.1382351104
CtrSVDD_0047_E_0013103,-5.4535023876
CtrSVDD_0000_E_0013104,-7.4959418687
CtrSVDD_0001_E_0013105,-6.4667135536
CtrSVDD_0002_E_0013106,-9.3912187023
CtrSVDD_0003_E_0013107,-3.6076576914
CtrSVDD_0004_E_0013108,0.2769636266
CtrSVDD_0005_E_0013109,-5.9551446290
CtrSVDD_0006_E_0013110,-7.8772435732
CtrSVDD_0007_E_0013111,-9.5443198064
CtrSVDD_0008_E_0013112,-4.2228503624
CtrSVDD_0009_E_0013113,-7.8811766884
CtrSVDD_0010_E_0013114,-2.4559306308
CtrSVDD_0011_E_0013115,-4.5830509589
CtrSVDD_0012_E_0013116,-5.6421286625
CtrSVDD_0013_E_0013117,-7.3193739598
CtrSVDD_0014_E_0013118,-0.3261393354
CtrSVDD_0015_E_0013119,-8.2598629096
CtrSVDD_0016_E_0013120,-5.2667119971
CtrSVDD_0017_E_0013121,-8.0566881388
CtrSVDD_0018_E_0013122,-7.3724202288
CtrSVDD_0019_E_0013123,-7.0123096635
CtrSVDD_0020_E_0013124,-6.2589998910
CtrSVDD_0021_E_0013125,-5.0105761253
CtrSVDD_0022_E_0013126,-8.5723325027
CtrSVDD_0023_E_0013127,-0.0608848778
CtrSVDD_0024_E_0013128,-7.2714199508
CtrSVDD_0025_E_0013129,-4.6922631059
CtrSVDD_0026_E_0013130,-6.3351055842
CtrSVDD_0027_E_0013131,-4.2380718587
CtrSVDD_0028_E_0013132,-5.6167557130
CtrSVDD_0029_E_0013133,-7.9280270587
CtrSVDD_0030_E_0013134,-6.6676366916
CtrSVDD_0031_E_0013135,-7.2207870224
CtrSVDD_0032_E_0013136,-4.3079523748
CtrSVDD_0033_E_0013137,-5.1962607664
CtrSVDD_0034_E_0013138,-6.7433473513
CtrSVDD_0035_E_0013139,-6.0825135469
CtrSVDD_0036_E_0013140,-5.9336429884
CtrSVDD_0037_E_0013141,0.4258723100
CtrSVDD_0038_E_0013142,-8.2776799933
CtrSVDD_0039_E_0013143,-6.4133357679
CtrSVDD_0040_E_0013144,-8.6450286804
CtrSVDD_0041_E_0013145,0.9393638134
CtrSVDD_0042_E_0013146,-3.4301156295
CtrSVDD_0043_E_0013147,-7.1483397624
CtrSVDD_0044_E_0013148,-2.8752664957
CtrSVDD_0045_E_0013149,-5.6841287174
CtrSVDD_0046_E_0013150,-1.1517058579
CtrSVDD_0047_E_0013151,-7.0092683230
CtrSVDD_0000_E_0013152,-5.8631464099
CtrSVDD_0001_E_0013153,-7.1034237386
CtrSVDD_0002_E_0013154,-3.2803451049
CtrSVDD_0003_E_0013155,0.2959096162
CtrSVDD_0004_E_0013156,-5.4035865481
CtrSVDD_0005_E_0013157,-0.8314986965
CtrSVDD_0006_E_0013158,-6.4278504318
CtrSVDD_0007_E_0013159,-0.7382221511
CtrSVDD_0008_E_0013160,-7.7753719116
CtrSVDD_0009_E_0013161,-4.5664937163
CtrSVDD_0010_E_0013162,0.0847279455
CtrSVDD_0011_E_0013163,-7.2990524894
CtrSVDD_0012_E_0013164,-8.2563379251
CtrSVDD_0013_E_0013165,1.8696725349
CtrSVDD_0014_E_0013166,-5.7428344691
CtrSVDD_0015_E_0013167,-5.7678759526
CtrSVDD_0016_E_0013168,-7.3609951857
CtrSVDD_0017_E_0013169,-7.9134266034
CtrSVDD_0018_E_0013170,-6.8120362640
CtrSVDD_0019_E_0013171,-6.3957128665
CtrSVDD_0020_E_0013172,-6.6796298867
CtrSVDD_0021_E_0013173,-0.1481118923
CtrSVDD_0022_E_0013174,-4.6408088251
CtrSVDD_0023_E_0013175,-8.7511833867
CtrSVDD_0024_E_0013176,-3.4391844137
CtrSVDD_0025_E_0013177,-4.9846119665
CtrSVDD_0026_E_0013178,-4.5069857681
CtrSVDD_0027_E_0013179,-6.0709501222
CtrSVDD_0028_E_0013180,-6.6187873292
CtrSVDD_0029_E_0013181,-7.9893134623
CtrSVDD_0030_E_0013182,-0.0468765635
CtrSVDD_0031_E_0013183,-4.1611232378
CtrSVDD_0032_E_0013184,-2.4179502406
CtrSVDD_0033_E_0013185,-7.7224978856
CtrSVDD_0034_E_0013186,-6.9734895372
CtrSVDD_0035_E_0013187,-5.7907826934
CtrSVDD_0036_E_0013188,-6.2264461605
CtrSVDD_0037_E_0013189,-4.3459378988
CtrSVDD_0038_E_0013190,-4.6700366141
CtrSVDD_0039_E_0013191,-4.9599127616
CtrSVDD_0040_E_0013192,0.5717042991
CtrSVDD_0041_E_0013193,-6.1747496094
CtrSVDD_0042_E_0013194,-8.6214170204
CtrSVDD_0043_E_0013195,-2.2498902852
CtrSVDD_0044_E_0013196,-8.5534443862
CtrSVDD_0045_E_0013197,1.4881218960
CtrSVDD_0046_E_0013198,-4.9409106670
CtrSVDD_0047_E_0013199,-5.0815813270
CtrSVDD_0000_E_0013200,-1.1066737474
CtrSVDD_0001_E_0013201,-5.2664834003
CtrSVDD_0002_E_0013202,-6.2192542169
CtrSVDD_0003_E_0013203,-6.5084347059
CtrSVDD_0004_E_0013204,-6.4971388650
CtrSVDD_0005_E_0013205,-0.1452840503
CtrSVDD_0006_E_0013206,-6.0489897806
CtrSVDD_0007_E_0013207,-7.6028008088
CtrSVDD_0008_E_0013208,-0.2264254499
CtrSVDD_0009_E_0013209,-8.4032527569
CtrSVDD_0010_E_0013210,-3.1930233295
CtrSVDD_0011_E_0013211,1.8135017802
CtrSVDD_0012_E_0013212,-6.8285015299
CtrSVDD_0013_E_0013213,-4.9142959277
CtrSVDD_0014_E_0013214,-4.9234167102
CtrSVDD_0015_E_0013215,-6.3792155507
CtrSVDD_0016_E_0013216,-7.7357244885
CtrSVDD_0017_E_0013217,-3.2356061110
CtrSVDD_0018_E_0013218,-8.1432474729
CtrSVDD_0019_E_0013219,-5.3727176951
CtrSVDD_0020_E_0013220,-5.9013352867
CtrSVDD_0021_E_0013221,-5.7006556945
CtrSVDD_0022_E_0013222,-3.7928516070
CtrSVDD_0023_E_0013223,-0.7698207150
CtrSVDD_0024_E_0013224,-6.2426213709
CtrSVDD_0025_E_0013225,-7.8261072466
CtrSVDD_0026_E_0013226,-5.1936601129
CtrSVDD_0027_E_0013227,-8.4867060307
CtrSVDD_0028_E_0013228,-7.2560880706
CtrSVDD_0029_E_0013229,-7.5114431162
CtrSVDD_0030_E_0013230,-7.3496223694
CtrSVDD_0031_E_0013231,-6.8200840708
CtrSVDD_0032_E_0013232,-7.1843785800
CtrSVDD_0033_E_0013233,-6.6312685654
CtrSVDD_0034_E_0013234,-5.3890538513
CtrSVDD_0035_E_0013235,-6.5050443187
CtrSVDD_0036_E_0013236,-5.2263800271
CtrSVDD_0037_E_0013237,-7.1569113931
CtrSVDD_0038_E_0013238,-8.5460090309
CtrSVDD_0039_E_0013239,-6.5881119415
CtrSVDD_0040_E_0013240,-5.9706324414
CtrSVDD_0041_E_0013241,-5.0031594115
CtrSVDD_0042_E_0013242,-6.5683097995
CtrSVDD_0043_E_0013243,-7.1852828097
CtrSVDD_0044_E_0013244,-5.1734372818
CtrSVDD_0045_E_0013245,2.1507868402
CtrSVDD_0046_E_0013246,-5.8417310443
CtrSVDD_0047_E_0013247,-6.5413289099
CtrSVDD_0000_E_0013248,-7.4476155337
CtrSVDD_0001_E_0013249,-7.9340311995
CtrSVDD_0002_E_0013250,-6.7534725337
CtrSVDD_0003_E_0013251,-9.4355074671
CtrSVDD_0004_E_0013252,-4.8164064196
CtrSVDD_0005_E_0013253,-7.9121531639
CtrSVDD_0006_E_0013254,-4.5717883606
CtrSVDD_0007_E_0013255,-8.1059635526
CtrSVDD_0008_E_0013256,-3.1421284184
CtrSVDD_0009_E_0013257,-6.6422100573
CtrSVDD_0010_E_0013258,-0.3638636612
CtrSVDD_0011_E_0013259,0.7419009975
CtrSVDD_0012_E_0013260,-5.8513751324
CtrSVDD_0013_E_0013261,-6.5620887408
CtrSVDD_0014_E_0013262,-2.8459794760
CtrSVDD_0015_E_0013263,-5.4659618694
CtrSVDD_0016_E_0013264,-4.3275198930
CtrSVDD_0017_E_0013265,-6.2011929706
CtrSVDD_0018_E_0013266,1.8829302476
CtrSVDD_0019_E_0013267,-5.5861201970
CtrSVDD_0020_E_0013268,-3.6357031918
CtrSVDD_0021_E_0013269,-5.6326444970
CtrSVDD_0022_E_0013270,-5.9384863866
CtrSVDD_0023_E_0013271,-7.1339169989
CtrSVDD_0024_E_0013272,-0.6049670462
CtrSVDD_0025_E_0013273,-0.2078072593
CtrSVDD_0026_E_0013274,-0.9881020363
CtrSVDD_0027_E_0013275,-8.0162972718
CtrSVDD_0028_E_0013276,-6.2517322713
CtrSVDD_0029_E_0013277,-6.7411574720
CtrSVDD_0030_E_0013278,-4.2510087527
CtrSVDD_0031_E_0013279,-9.0740419244
CtrSVDD_0032_E_0013280,-6.0281944530
CtrSVDD_0033_E_0013281,-2.1625057039
CtrSVDD_0034_E_0013282,-6.6386940590
CtrSVDD_0035_E_0013283,0.8861104068
CtrSVDD_0036_E_0013284,-5.7717955034
CtrSVDD_0037_E_0013285,-3.0616007051
CtrSVDD_0038_E_0013286,-6.4989369105
CtrSVDD_0039_E_0013287,-4.2023763951
CtrSVDD_0040_E_0013288,-5.0508751324
CtrSVDD_0041_E_0013289,-6.4991176618
CtrSVDD_0042_E_0013290,-6.2965144135
CtrSVDD_0043_E_0013291,-0.1410444574
CtrSVDD_0044_E_0013292,-4.8412008726
CtrSVDD_0045_E_0013293,-4.2162833565
CtrSVDD_0046_E_0013294,-4.9755709002
CtrSVDD_0047_E_0013295,-3.8288123257
CtrSVDD_0000_E_0013296,-5.4113925397
CtrSVDD_0001_E_0013297,-7.8392756206
CtrSVDD_0002_E_0013298,-5.7876428300
CtrSVDD_0003_E_0013299,-6.1172787190
CtrSVDD_0004_E_0013300,-3.2173231981
CtrSVDD_0005_E_0013301,-2.7709706675
CtrSVDD_0006_E_0013302,-5.2292335374
CtrSVDD_0007_E_0013303,-7.7969889055
CtrSVDD_0008_E_0013304,1.7454005008
CtrSVDD_0009_E_0013305,-5.7260849060
CtrSVDD_0010_E_0013306,-4.2074857626
CtrSVDD_0011_E_0013307,-4.8545771395
CtrSVDD_0012_E_0013308,0.7887715581
CtrSVDD_0013_E_0013309,-7.9312224401
CtrSVDD_0014_E_0013310,-5.3693270118
CtrSVDD_0015_E_0013311,-4.7714386953
CtrSVDD_0016_E_0013312,1.4235530574
CtrSVDD_0017_E_0013313,-5.9515969350
CtrSVDD_0018_E_0013314,-7.8975431546
CtrSVDD_0019_E_0013315,-5.8309910260
CtrSVDD_0020_E_0013316,-7.4245206177
CtrSVDD_0021_E_0013317,-4.1727816024
CtrSVDD_0022_E_0013318,-0.5882543120
CtrSVDD_0023_E_0013319,-6.0503932269
CtrSVDD_0024_E_0013320,-6.1011196177
CtrSVDD_0025_E_0013321,-7.7238798487
CtrSVDD_0026_E_0013322,-2.2806354640
CtrSVDD_0027_E_0013323,1.0336186357
CtrSVDD_0028_E_0013324,-6.1084792615
CtrSVDD_0029_E_0013325,-2.4375820355
CtrSVDD_0030_E_0013326,-3.1151753589
CtrSVDD_0031_E_0013327,0.6578995520
CtrSVDD_0032_E_0013328,-4.3779335283
CtrSVDD_0033_E_0013329,-5.5916156348
CtrSVDD_0034_E_0013330,-6.2186521407
CtrSVDD_0035_E_0013331,-7.6324626395
CtrSVDD_0036_E_0013332,-7.0058481522
CtrSVDD_0037_E_0013333,-6.2736130885
CtrSVDD_0038_E_0013334,1.0056070009
CtrSVDD_0039_E_0013335,-1.0116207156
CtrSVDD_0040_E_0013336,-4.5299788393
CtrSVDD_0041_E_0013337,-6.8845907864
CtrSVDD_0042_E_0013338,-5.9764191933
CtrSVDD_0043_E_0013339,-6.0411498694
CtrSVDD_0044_E_0013340,-6.4057031950
CtrSVDD_0045_E_0013341,-5.0289408686
CtrSVDD_0046_E_0013342,-7.1007963937
CtrSVDD_0047_E_0013343,-6.9956152753
CtrSVDD_0000_E_0013344,-5.4743497036
CtrSVDD_0001_E_0013345,-6.3324943923
CtrSVDD_0002_E_0013346,-7.2800694931
CtrSVDD_0003_E_0013347,-4.3049658495
CtrSVDD_0004_E_0013348,-5.2089134327
CtrSVDD_0005_E_0013349,-7.6751540683
CtrSVDD_0006_E_0013350,-5.9898125924
CtrSVDD_0007_E_0013351,-3.4916883042
CtrSVDD_0008_E_0013352,-6.8032212407
CtrSVDD_0009_E_0013353,-5.7084705845
CtrSVDD_0010_E_0013354,-5.1169922658
CtrSVDD_0011_E_0013355,-4.9127308616
CtrSVDD_0012_E_0013356,-6.2896753154
CtrSVDD_0013_E_0013357,-7.0361030277
CtrSVDD_0014_E_0013358,-6.3270206922
CtrSVDD_0015_E_0013359,-6.8783382235
CtrSVDD_0016_E_0013360,0.0174857423
CtrSVDD_0017_E_0013361,-4.2694378805
CtrSVDD_0018_E_0013362,-6.2978804144
CtrSVDD_0019_E_0013363,-6.1333223946
CtrSVDD_0020_E_0013364,-4.1627506247
CtrSVDD_0021_E_0013365,-7.4658906394
CtrSVDD_0022_E_0013366,0.2264254499
CtrSVDD_0023_E_0013367,-7.6017113615
CtrSVDD_0024_E_0013368,-5.6580221772
CtrSVDD_0025_E_0013369,-7.1421712261
CtrSVDD_0026_E_0013370,-5.2396603807
CtrSVDD_0027_E_0013371,-2.8794197330
CtrSVDD_0028_E_0013372,-6.2580130356
CtrSVDD_0029_E_0013373,-4.9944848272
CtrSVDD_0030_E_0013374,-0.0090922479
CtrSVDD_0031_E_0013375,-7.8656774638
CtrSVDD_0032_E_0013376,-7.6958407036
CtrSVDD_0033_E_0013377,-6.5036260432
CtrSVDD_0034_E_0013378,-9.0456504234
CtrSVDD_0035_E_0013379,-5.2860989704
CtrSVDD_0036_E_0013380,1.5163632225
CtrSVDD_0037_E_0013381,-7.8467630364
CtrSVDD_0038_E_0013382,-7.4548682463
CtrSVDD_0039_E_0013383,-7.1252469561
CtrSVDD_0040_E_0013384,-3.3518792476
CtrSVDD_0041_E_0013385,-7.6196881926
CtrSVDD_0042_E_0013386,-5.5862340441
CtrSVDD_0043_E_0013387,-5.7556372186
CtrSVDD_0044_E_0013388,-5.8258533900
CtrSVDD_0045_E_0013389,-5.6258011958
CtrSVDD_0046_E_0013390,-0.0777108845
CtrSVDD_0047_E_0013391,-6.8281796073
CtrSVDD_0000_E_0013392,-7.3843751546
CtrSVDD_0001_E_0013393,-2.3764138872
CtrSVDD_0002_E_0013394,0.4427810558
CtrSVDD_0003_E_0013395,-5.9887244990
CtrSVDD_0004_E_0013396,-8.0452628927
CtrSVDD_0005_E_0013397,-6.4321131784
CtrSVDD_0006_E_0013398,-5.8993786488
CtrSVDD_0007_E_0013399,-6.5886153998
CtrSVDD_0008_E_0013400,1.2464162809
CtrSVDD_0009_E_0013401,-7.0718771496
CtrSVDD_0010_E_0013402,0.2944485424
CtrSVDD_0011_E_0013403,-5.6898735547
CtrSVDD_0012_E_0013404,-5.0022928510
CtrSVDD_0013_E_0013405,-6.4563132491
CtrSVDD_0014_E_0013406,2.4676109108
CtrSVDD_0015_E_0013407,-8.1687669699
CtrSVDD_0016_E_0013408,0.7302647993
CtrSVDD_0017_E_0013409,-7.8752149692
CtrSVDD_0018_E_0013410,-1.0205289246
CtrSVDD_0019_E_0013411,-6.8437096147
CtrSVDD_0020_E_0013412,-1.9120337881
CtrSVDD_0021_E_0013413,-5.5313754628
CtrSVDD_0022_E_0013414,-6.1518551629
CtrSVDD_0023_E_0013415,-3.0679329514
CtrSVDD_0024_E_0013416,-7.0156964907
CtrSVDD_0025_E_0013417,-7.2976632087
CtrSVDD_0026_E_0013418,-7.4465852644
CtrSVDD_0027_E_0013419,0.9284408188
CtrSVDD_0028_E_0013420,-7.2018599517
CtrSVDD_0029_E_0013421,-6.3878162348
CtrSVDD_0030_E_0013422,-8.5239176906
CtrSVDD_0031_E_0013423,-1.2998908171
CtrSVDD_0032_E_0013424,-7.2302915933
CtrSVDD_0033_E_0013425,1.5738877915
CtrSVDD_0034_E_0013426,-1.1792936900
CtrSVDD_0035_E_0013427,-0.8861104068
CtrSVDD_0036_E_0013428,-3.4793048466
CtrSVDD_0037_E_0013429,0.2726058039
CtrSVDD_0038_E_0013430,-3.3390881339
CtrSVDD_0039_E_0013431,-7.6145651372
CtrSVDD_0040_E_0013432,1.8996605653
CtrSVDD_0041_E_0013433,-6.2770893375
CtrSVDD_0042_E_0013434,-5.4893697120
CtrSVDD_0043_E_0013435,-7.0275023437
CtrSVDD_0044_E_0013436,-4.5533442719
CtrSVDD_0045_E_0013437,-1.7021477290
CtrSVDD_0046_E_0013438,-6.9929660544
CtrSVDD_0047_E_0013439,-7.0589602100
CtrSVDD_0000_E_0013440,-6.7184472861
CtrSVDD_0001_E_0013441,-7.1336709931
CtrSVDD_0002_E_0013442,-8.2737695607
CtrSVDD_0003_E_0013443,-6.8364886463
CtrSVDD_0004_E_0013444,-8.0210448531
CtrSVDD_0005_E_0013445,-1.6860517266
CtrSVDD_0006_E_0013446,-4.7720678343
CtrSVDD_0007_E_0013447,-5.2416659721
CtrSVDD_0008_E_0013448,-7.3999496766
CtrSVDD_0009_E_0013449,-5.5348292683
CtrSVDD_0010_E_0013450,0.5245610163
CtrSVDD_0011_E_0013451,-4.4560333966
CtrSVDD_0012_E_0013452,1.3948847544
CtrSVDD_0013_E_0013453,0.0132888781
CtrSVDD_0014_E_0013454,-6.6968712924
CtrSVDD_0015_E_0013455,-6.9718067007
CtrSVDD_0016_E_0013456,-6.7466682693
CtrSVDD_0017_E_0013457,-7.5347664474
CtrSVDD_0018_E_0013458,-0.4258723100
CtrSVDD_0019_E_0013459,-6.2524712373
CtrSVDD_0020_E_0013460,-6.4510566139
CtrSVDD_0021_E_0013461,-4.0918852000
CtrSVDD_0022_E_0013462,-5.6529928592
CtrSVDD_0023_E_0013463,-6.5210190081
CtrSVDD_0024_E_0013464,0.5873285288
CtrSVDD_0025_E_0013465,-0.5585763374
CtrSVDD_0026_E_0013466,0.1878369565
CtrSVDD_0027_E_0013467,-4.4064389096
CtrSVDD_0028_E_0013468,-5.7873736790
CtrSVDD_0029_E_0013469,-7.5469523841
CtrSVDD_0030_E_0013470,-5.5204895114
CtrSVDD_0031_E_0013471,-7.6284111400
CtrSVDD_0032_E_0013472,-5.2186960480
CtrSVDD_0033_E_0013473,-5.8049931442
CtrSVDD_0034_E_0013474,-4.9823784527
CtrSVDD_0035_E_0013475,-8.1156117402
CtrSVDD_0036_E_0013476,-0.9588950729
CtrSVDD_0037_E_0013477,-6.8209010388
CtrSVDD_0038_E_0013478,-6.2375959734
CtrSVDD_0039_E_0013479,-8.8114551250
CtrSVDD_0040_E_0013480,-4.2787048537
CtrSVDD_0041_E_0013481,-7.9644910326
CtrSVDD_0042_E_0013482,-7.4316882368
CtrSVDD_0043_E_0013483,-0.3939223175
CtrSVDD_0044_E_0013484,-6.2169491097
CtrSVDD_0045_E_0013485,-4.7533870123
CtrSVDD_0046_E_0013486,-8.7327590158
CtrSVDD_0047_E_0013487,-4.5160738844
CtrSVDD_0000_E_0013488,-5.5769988081
CtrSVDD_0001_E_0013489,-8.1121799129
CtrSVDD_0002_E_0013490,0.2288793099
CtrSVDD_0003_E_0013491,-5.1510039818
CtrSVDD_0004_E_0013492,-3.9499178131
CtrSVDD_0005_E_0013493,-0.1594353462
CtrSVDD_0006_E_0013494,-0.7511423942
CtrSVDD_0007_E_0013495,-3.5514564701
CtrSVDD_0008_E_0013496,-7.7108083107
CtrSVDD_0009_E_0013497,-4.7655458924
CtrSVDD_0010_E_0013498,-6.8678135220
CtrSVDD_0011_E_0013499,-6.5804613009
CtrSVDD_0012_E_0013500,-5.5840469916
CtrSVDD_0013_E_0013501,0.0903445830
CtrSVDD_0014_E_0013502,-6.4514969614
CtrSVDD_0015_E_0013503,-5.0869013872
CtrSVDD_0016_E_0013504,-4.0954530134
CtrSVDD_0017_E_0013505,-6.3142261951
CtrSVDD_0018_E_0013506,-6.7925601125
CtrSVDD_0019_E_0013507,-8.9762031822
CtrSVDD_0020_E_0013508,-5.0532653201
CtrSVDD_0021_E_0013509,-5.1912357022
CtrSVDD_0022_E_0013510,-7.2377633400
CtrSVDD_0023_E_0013511,-4.8800896305
CtrSVDD_0024_E_0013512,-8.1214070256
CtrSVDD_0025_E_0013513,-5.6954384109
CtrSVDD_0026_E_0013514,-6.0473705136
CtrSVDD_0027_E_0013515,-0.2653542101
CtrSVDD_0028_E_0013516,-7.5479837174
CtrSVDD_0029_E_0013517,-5.9635780435
CtrSVDD_0030_E_0013518,-5.9878335777
CtrSVDD_0031_E_0013519,-1.7562294538
CtrSVDD_0032_E_0013520,-8.4818807689
CtrSVDD_0033_E_0013521,-3.8248746991
CtrSVDD_0034_E_0013522,-1.4631907961
CtrSVDD_0035_E_0013523,-0.9432706013
CtrSVDD_0036_E_0013524,-5.1037680804
CtrSVDD_0037_E_0013525,-3.8481660409
CtrSVDD_0038_E_0013526,-8.2049032284
CtrSVDD_0039_E_0013527,0.1114338467
CtrSVDD_0040_E_0013528,-5.3321548696
CtrSVDD_0041_E_0013529,-7.8085117723
CtrSVDD_0042_E_0013530,-6.5420075533
CtrSVDD_0043_E_0013531,-4.0301325333
CtrSVDD_0044_E_0013532,-6.7981703722
CtrSVDD_0045_E_0013533,-6.1704700568
CtrSVDD_0046_E_0013534,-2.6257432094
CtrSVDD_0047_E_0013535,-6.9237262105
CtrSVDD_0000_E_0013536,-0.4576264840
CtrSVDD_0001_E_0013537,0.3400525366
CtrSVDD_0002_E_0013538,1.3399994132
CtrSVDD_0003_E_0013539,-4.5732257803
CtrSVDD_0004_E_0013540,-7.0793652894
CtrSVDD_0005_E_0013541,-4.0835293446
CtrSVDD_0006_E_0013542,-2.1610436950
CtrSVDD_0007_E_0013543,-5.5473365175
CtrSVDD_0008_E_0013544,-6.5698536871
CtrSVDD_0009_E_0013545,0.0831933267
CtrSVDD_0010_E_0013546,-5.9437925101
CtrSVDD_0011_E_0013547,-7.7669913452
CtrSVDD_0012_E_0013548,-5.5443663453
CtrSVDD_0013_E_0013549,-4.6595703404
CtrSVDD_0014_E_0013550,-3.4902960742
CtrSVDD_0015_E_0013551,1.0205289246
CtrSVDD_0016_E_0013552,-4.9896090275
CtrSVDD_0017_E_0013553,-6.2658100480
CtrSVDD_0018_E_0013554,-5.9071943819
CtrSVDD_0019_E_0013555,-8.4648528430
CtrSVDD_0020_E_0013556,-9.4070298633
CtrSVDD_0021_E_0013557,-0.4228111722
CtrSVDD_0022_E_0013558,0.5471678918
CtrSVDD_0023_E_0013559,-7.0550836034
CtrSVDD_0024_E_0013560,-4.8043315650
CtrSVDD_0025_E_0013561,-6.2399622178
CtrSVDD_0026_E_0013562,-6.8145688114
CtrSVDD_0027_E_0013563,-8.5389325036
CtrSVDD_0028_E_0013564,-1.4713997696
CtrSVDD_0029_E_0013565,-4.6613920885
CtrSVDD_0030_E_0013566,-5.6519053229
CtrSVDD_0031_E_0013567,-9.1204476172
CtrSVDD_0032_E_0013568,-5.9316065735
CtrSVDD_0033_E_0013569,-6.8082377765
CtrSVDD_0034_E_0013570,-6.1304879079
CtrSVDD_0035_E_0013571,-3.6677135530
CtrSVDD_0036_E_0013572,1.6949617785
CtrSVDD_0037_E_0013573,-0.3252687518
CtrSVDD_0038_E_0013574,-6.4286601391
CtrSVDD_0039_E_0013575,-0.1867502548
CtrSVDD_0040_E_0013576,-6.3624857749
CtrSVDD_0041_E_0013577,-5.0256359691
CtrSVDD_0042_E_0013578,-7.3788468020
CtrSVDD_0043_E_0013579,-5.9720524682
CtrSVDD_0044_E_0013580,-8.7469754047
CtrSVDD_0045_E_0013581,-5.4167763051
CtrSVDD_0046_E_0013582,-0.7290684029
CtrSVDD_0047_E_0013583,0.3267438821
CtrSVDD_0000_E_0013584,1.3130262377
CtrSVDD_0001_E_0013585,-5.9342353112
CtrSVDD_0002_E_0013586,-7.6307998586
CtrSVDD_0003_E_0013587,-8.5871580697
CtrSVDD_0004_E_0013588,-5.0355380261
CtrSVDD_0005_E_0013589,-6.2481561891
CtrSVDD_0006_E_0013590,-6.8065975285
CtrSVDD_0007_E_0013591,-1.5096279205
CtrSVDD_0008_E_0013592,-3.3300117310
CtrSVDD_0009_E_0013593,-0.8334767716
CtrSVDD_0010_E_0013594,-7.5290874979
CtrSVDD_0011_E_0013595,-6.0485017239
CtrSVDD_0012_E_0013596,-3.2359344293
CtrSVDD_0013_E_0013597,-6.9796220471
CtrSVDD_0014_E_0013598,-6.0367552910
CtrSVDD_0015_E_0013599,-6.1659562110
CtrSVDD_0016_E_0013600,1.3608879341
CtrSVDD_0017_E_0013601,-5.5912047645
CtrSVDD_0018_E_0013602,-6.5307909818
CtrSVDD_0019_E_0013603,-6.0836807260
CtrSVDD_0020_E_0013604,-2.0027801363
CtrSVDD_0021_E_0013605,-7.4321520269
CtrSVDD_0022_E_0013606,-2.9899557576
CtrSVDD_0023_E_0013607,0.5618492257
CtrSVDD_0024_E_0013608,-8.3877154472
CtrSVDD_0025_E_0013609,-3.1516001460
CtrSVDD_0026_E_0013610,-4.6915842581
CtrSVDD_0027_E_0013611,-5.6023545774
CtrSVDD_0028_E_0013612,-5.3928830236
CtrSVDD_0029_E_0013613,-6.0902821895
CtrSVDD_0030_E_0013614,-6.6955539904
CtrSVDD_0031_E_0013615,-6.8011976066
CtrSVDD_0032_E_0013616,-8.7620804862
CtrSVDD_0033_E_0013617,-5.6311957689
CtrSVDD_0034_E_0013618,-6.2151666776
CtrSVDD_0035_E_0013619,-7.8207330397
CtrSVDD_0036_E_0013620,-5.9611342619
CtrSVDD_0037_E_0013621,-3.6731898998
CtrSVDD_0038_E_0013622,-7.6303269421
CtrSVDD_0039_E_0013623,-6.8165513888
CtrSVDD_0040_E_0013624,0.4261121056
CtrSVDD_0041_E_0013625,-8.2995000627
CtrSVDD_0042_E_0013626,0.4695769233
CtrSVDD_0043_E_0013627,-6.0107367452
CtrSVDD_0044_E_0013628,-3.6702829752
CtrSVDD_0045_E_0013629,-7.3777556727
CtrSVDD_0046_E_0013630,-7.4437394104
CtrSVDD_0047_E_0013631,-6.1025935160
CtrSVDD_0000_E_0013632,-6.9059543643
CtrSVDD_0001_E_0013633,-1.2343409229
CtrSVDD_0002_E_0013634,-4.5431278482
CtrSVDD_0003_E_0013635,-6.3106784670
CtrSVDD_0004_E_0013636,-7.9364837036
CtrSVDD_0005_E_0013637,-0.6320660016
CtrSVDD_0006_E_0013638,0.1410444574
CtrSVDD_0007_E_0013639,-3.9172318312
CtrSVDD_0008_E_0013640,-6.5218807596
CtrSVDD_0009_E_0013641,-8.7539213910
CtrSVDD_0010_E_0013642,-7.9126273758
CtrSVDD_0011_E_0013643,-4.1986397364
CtrSVDD_0012_E_0013644,-8.5204976809
CtrSVDD_0013_E_0013645,-6.0150691564
CtrSVDD_0014_E_0013646,-6.5447074778
CtrSVDD_0015_E_0013647,-8.4417007771
CtrSVDD_0016_E_0013648,0.3237943289
CtrSVDD_0017_E_0013649,-5.9157358024
CtrSVDD_0018_E_0013650,-6.4893438621
CtrSVDD_0019_E_0013651,-4.7092124704
CtrSVDD_0020_E_0013652,-7.1683180509
CtrSVDD_0021_E_0013653,-5.5269378530
CtrSVDD_0022_E_0013654,-7.0375315434
CtrSVDD_0023_E_0013655,-0.4520573351
CtrSVDD_0024_E_0013656,-2.7133662210
CtrSVDD_0025_E_0013657,-0.9049093884
CtrSVDD_0026_E_0013658,1.1489950162
CtrSVDD_0027_E_0013659,-7.9161032061
CtrSVDD_0028_E_0013660,-5.0239466258
CtrSVDD_0029_E_0013661,-5.9053618740
CtrSVDD_0030_E_0013662,1.4352085477
CtrSVDD_0031_E_0013663,-7.1045117440
