filename,score
CtrSVDD_0000_E_0000000,-5.0997685153
CtrSVDD_0001_E_0000001,2.5555281466
CtrSVDD_0002_E_0000002,-4.6802424908
CtrSVDD_0003_E_0000003,-5.6430035408
CtrSVDD_0004_E_0000004,-6.6511656184
CtrSVDD_0005_E_0000005,-8.9380246451
CtrSVDD_0006_E_0000006,-6.8579245476
CtrSVDD_0007_E_0000007,-5.4632528098
CtrSVDD_0008_E_0000008,-3.6955108667
CtrSVDD_0009_E_0000009,-0.2259133499
CtrSVDD_0010_E_0000010,-5.7058130060
CtrSVDD_0011_E_0000011,-4.3954345270
CtrSVDD_0012_E_0000012,-8.3854426450
CtrSVDD_0013_E_0000013,-1.1249678019
CtrSVDD_0014_E_0000014,-5.8828490929
CtrSVDD_0015_E_0000015,-5.2118781829
CtrSVDD_0016_E_0000016,-9.1962695558
CtrSVDD_0017_E_0000017,-6.9073518502
CtrSVDD_0018_E_0000018,-6.7781197238
CtrSVDD_0019_E_0000019,-5.6742626221
CtrSVDD_0020_E_0000020,-9.5050399778
CtrSVDD_0021_E_0000021,-4.0624292565
CtrSVDD_0022_E_0000022,-6.0947488958
CtrSVDD_0023_E_0000023,-2.1966779914
CtrSVDD_0024_E_0000024,-7.0448225320
CtrSVDD_0025_E_0000025,-0.2639055764
CtrSVDD_0026_E_0000026,-6.6642484655
CtrSVDD_0027_E_0000027,-6.0471202620
CtrSVDD_0028_E_0000028,-6.5956235671
CtrSVDD_0029_E_0000029,-1.0395498058
CtrSVDD_0030_E_0000030,-4.7943505851
CtrSVDD_0031_E_0000031,-6.3400222601
CtrSVDD_0032_E_0000032,-5.4082088729
CtrSVDD_0033_E_0000033,-5.2756454022
CtrSVDD_0034_E_0000034,-6.6816846686
CtrSVDD_0035_E_0000035,-8.3236089766
CtrSVDD_0036_E_0000036,-5.3971834957
CtrSVDD_0037_E_0000037,-7.1319968598
CtrSVDD_0038_E_0000038,-0.6201542326
CtrSVDD_0039_E_0000039,-7.4301135522
CtrSVDD_0040_E_0000040,-0.4458688780
CtrSVDD_0041_E_0000041,-5.3572271337
CtrSVDD_0042_E_0000042,0.3698482853
CtrSVDD_0043_E_0000043,-6.2312387491
CtrSVDD_0044_E_0000044,-4.3060988611
CtrSVDD_0045_E_0000045,-6.9686814746
CtrSVDD_0046_E_0000046,-4.8286313637
CtrSVDD_0047_E_0000047,-7.9980351305
CtrSVDD_0000_E_0000048,0.2307328886
CtrSVDD_0001_E_0000049,-6.6913427975
CtrSVDD_0002_E_0000050,-6.4498153191
CtrSVDD_0003_E_0000051,-6.4500949157
CtrSVDD_0004_E_0000052,-7.0810890566
CtrSVDD_0005_E_0000053,-6.2743651109
CtrSVDD_0006_E_0000054,0.3488224086
CtrSVDD_0007_E_0000055,-7.3146376605
CtrSVDD_0008_E_0000056,-6.9584892080
CtrSVDD_0009_E_0000057,-6.4813581028
CtrSVDD_0010_E_0000058,-4.7773583238
CtrSVDD_0011_E_0000059,-3.7403754878
CtrSVDD_0012_E_0000060,-6.3945880655
CtrSVDD_0013_E_0000061,-2.8703824538
CtrSVDD_0014_E_0000062,-6.0024300099
CtrSVDD_0015_E_0000063,-4.1253148124
CtrSVDD_0016_E_0000064,-5.2888194102
CtrSVDD_0017_E_0000065,-7.4542446917
CtrSVDD_0018_E_0000066,-5.0057379805
CtrSVDD_0019_E_0000067,-7.7756936486
CtrSVDD_0020_E_0000068,-6.5850887247
CtrSVDD_0021_E_0000069,-3.7294512432
CtrSVDD_0022_E_0000070,-5.7427488390
CtrSVDD_0023_E_0000071,-6.0776778910
CtrSVDD_0024_E_0000072,-5.8146956599
CtrSVDD_0025_E_0000073,-7.3447401045
CtrSVDD_0026_E_0000074,-6.5860275967
CtrSVDD_0027_E_0000075,-2.6490700163
CtrSVDD_0028_E_0000076,-3.2049040574
CtrSVDD_0029_E_0000077,-0.6509682782
CtrSVDD_0030_E_0000078,-7.8826738210
CtrSVDD_0031_E_0000079,-6.0322402442
CtrSVDD_0032_E_0000080,-5.4722198890
CtrSVDD_0033_E_0000081,-5.4988415718
CtrSVDD_0034_E_0000082,-6.1627716432
CtrSVDD_0035_E_0000083,-7.0422865525
CtrSVDD_0036_E_0000084,-5.4145589364
CtrSVDD_0037_E_0000085,-5.1532685660
CtrSVDD_0038_E_0000086,-6.4341650003
CtrSVDD_0039_E_0000087,-5.6922266124
CtrSVDD_0040_E_0000088,-7.7399925983
CtrSVDD_0041_E_0000089,-7.2648979368
CtrSVDD_0042_E_0000090,-5.1360216568
CtrSVDD_0043_E_0000091,-6.2627104368
CtrSVDD_0044_E_0000092,-5.1781738013
CtrSVDD_0045_E_0000093,-1.4510591404
CtrSVDD_0046_E_0000094,-6.8849839460
CtrSVDD_0047_E_0000095,-6.5891678055
CtrSVDD_0000_E_0000096,-6.9700366669
CtrSVDD_0001_E_0000097,-4.7460012175
CtrSVDD_0002_E_0000098,-5.3389795548
CtrSVDD_0003_E_0000099,-3.7085141104
CtrSVDD_0004_E_0000100,-7.6165428667
CtrSVDD_0005_E_0000101,-7.8697903355
CtrSVDD_0006_E_0000102,-3.4420230117
CtrSVDD_0007_E_0000103,0.0090922479
CtrSVDD_0008_E_0000104,-5.3895349355
CtrSVDD_0009_E_0000105,-7.0117226558
CtrSVDD_0010_E_0000106,-1.3918333381
CtrSVDD_0011_E_0000107,-7.2212055435
CtrSVDD_0012_E_0000108,-6.9786711166
CtrSVDD_0013_E_0000109,-0.2350446126
CtrSVDD_0014_E_0000110,-5.2141118090
CtrSVDD_0015_E_0000111,-8.3869824620
CtrSVDD_0016_E_0000112,-5.9819574052
CtrSVDD_0017_E_0000113,0.0356766635
CtrSVDD_0018_E_0000114,-4.6860114483
CtrSVDD_0019_E_0000115,-5.2015043650
CtrSVDD_0020_E_0000116,-6.0974023175
CtrSVDD_0021_E_0000117,0.8041385478
CtrSVDD_0022_E_0000118,-5.9808064791
CtrSVDD_0023_E_0000119,-7.6728408829
CtrSVDD_0024_E_0000120,-5.6907569659
CtrSVDD_0025_E_0000121,-6.6587093469
CtrSVDD_0026_E_0000122,-5.8643930476
CtrSVDD_0027_E_0000123,-4.9161124907
CtrSVDD_0028_E_0000124,-5.7224302729
CtrSVDD_0029_E_0000125,-5.7268144620
CtrSVDD_0030_E_0000126,-3.4896718316
CtrSVDD_0031_E_0000127,-5.0427667083
CtrSVDD_0032_E_0000128,-6.8864574464
CtrSVDD_0033_E_0000129,0.2106667507
CtrSVDD_0034_E_0000130,-4.8722368981
CtrSVDD_0035_E_0000131,-3.3539950753
CtrSVDD_0036_E_0000132,1.0443641049
CtrSVDD_0037_E_0000133,-6.7097407558
CtrSVDD_0038_E_0000134,-6.7431419064
CtrSVDD_0039_E_0000135,-6.2079565079
CtrSVDD_0040_E_0000136,-7.1398783309
CtrSVDD_0041_E_0000137,-1.2555934900
CtrSVDD_0042_E_0000138,-6.9628253418
CtrSVDD_0043_E_0000139,0.9012595106
CtrSVDD_0044_E_0000140,-5.3543842023
CtrSVDD_0045_E_0000141,-5.7867020370
CtrSVDD_0046_E_0000142,0.8742407230
CtrSVDD_0047_E_0000143,-6.4220652186
CtrSVDD_0000_E_0000144,-6.2911026508
CtrSVDD_0001_E_0000145,-7.2867700540
CtrSVDD_0002_E_0000146,-4.0393343544
CtrSVDD_0003_E_0000147,-6.7884165673
CtrSVDD_0004_E_0000148,-5.2290566163
CtrSVDD_0005_E_0000149,-6.3091264841
CtrSVDD_0006_E_0000150,-5.5188713865
CtrSVDD_0007_E_0000151,-1.1197159605
CtrSVDD_0008_E_0000152,-0.3788501997
CtrSVDD_0009_E_0000153,-0.0370763774
CtrSVDD_0010_E_0000154,-0.1481118923
CtrSVDD_0011_E_0000155,-2.8067091987
CtrSVDD_0012_E_0000156,0.2639055764
CtrSVDD_0013_E_0000157,-7.2085020320
CtrSVDD_0014_E_0000158,-7.4443679424
CtrSVDD_0015_E_0000159,-4.1753438715
CtrSVDD_0016_E_0000160,-4.1622445735
CtrSVDD_0017_E_0000161,-6.8898945813
CtrSVDD_0018_E_0000162,-4.9634626383
CtrSVDD_0019_E_0000163,-5.7230189224
CtrSVDD_0020_E_0000164,-6.4612747522
CtrSVDD_0021_E_0000165,0.9949625801
CtrSVDD_0022_E_0000166,-0.0735025060
CtrSVDD_0023_E_0000167,1.1784885851
CtrSVDD_0024_E_0000168,-5.6863460535
CtrSVDD_0025_E_0000169,-6.0948437002
CtrSVDD_0026_E_0000170,-7.5155360638
CtrSVDD_0027_E_0000171,-8.9014703775
CtrSVDD_0028_E_0000172,0.2856951664
CtrSVDD_0029_E_0000173,-5.8344268197
CtrSVDD_0030_E_0000174,-8.8789579543
CtrSVDD_0031_E_0000175,-6.0483685186
CtrSVDD_0032_E_0000176,-6.9969484312
CtrSVDD_0033_E_0000177,-4.5680937489
CtrSVDD_0034_E_0000178,-5.6611339524
CtrSVDD_0035_E_0000179,-6.4513927510
CtrSVDD_0036_E_0000180,-6.8750329850
CtrSVDD_0037_E_0000181,-5.8847627167
CtrSVDD_0038_E_0000182,-5.6593894835
CtrSVDD_0039_E_0000183,0.4801251684
CtrSVDD_0040_E_0000184,-3.8560959703
CtrSVDD_0041_E_0000185,-8.6629896742
CtrSVDD_0042_E_0000186,-7.4214279684
CtrSVDD_0043_E_0000187,-4.1180299707
CtrSVDD_0044_E_0000188,-4.8252008685
CtrSVDD_0045_E_0000189,-6.4102410223
CtrSVDD_0046_E_0000190,-3.1424163429
CtrSVDD_0047_E_0000191,-5.9122357401
CtrSVDD_0000_E_0000192,-6.1921253303
CtrSVDD_0001_E_0000193,-8.7038831043
CtrSVDD_0002_E_0000194,-6.9412896589
CtrSVDD_0003_E_0000195,-4.4745601783
CtrSVDD_0004_E_0000196,-5.5078499130
CtrSVDD_0005_E_0000197,-5.2289315115
CtrSVDD_0006_E_0000198,-5.2444061755
CtrSVDD_0007_E_0000199,-7.0416652721
CtrSVDD_0008_E_0000200,-6.6984536477
CtrSVDD_0009_E_0000201,-5.9517976997
CtrSVDD_0010_E_0000202,-5.8365958407
CtrSVDD_0011_E_0000203,-4.3684411353
CtrSVDD_0012_E_0000204,-7.5955064174
CtrSVDD_0013_E_0000205,-4.5295504185
CtrSVDD_0014_E_0000206,-7.1050831458
CtrSVDD_0015_E_0000207,-4.7085351310
CtrSVDD_0016_E_0000208,-8.4436349121
CtrSVDD_0017_E_0000209,-4.1016793944
CtrSVDD_0018_E_0000210,-6.5551462004
CtrSVDD_0019_E_0000211,-1.0116207156
CtrSVDD_0020_E_0000212,-6.9257352638
CtrSVDD_0021_E_0000213,-7.1785318261
CtrSVDD_0022_E_0000214,-5.9119304376
CtrSVDD_0023_E_0000215,-6.2362685779
CtrSVDD_0024_E_0000216,-3.4928426340
CtrSVDD_0025_E_0000217,-6.7965777802
CtrSVDD_0026_E_0000218,-8.6333776726
CtrSVDD_0027_E_0000219,-5.5149553505
CtrSVDD_0028_E_0000220,-6.2961925412
CtrSVDD_0029_E_0000221,-7.0969142709
CtrSVDD_0030_E_0000222,-5.3666533977
CtrSVDD_0031_E_0000223,-7.4898521004
CtrSVDD_0032_E_0000224,-4.0534299042
CtrSVDD_0033_E_0000225,-7.0494594784
CtrSVDD_0034_E_0000226,-2.5301147277
CtrSVDD_0035_E_0000227,-6.0200199481
CtrSVDD_0036_E_0000228,-7.1772533599
CtrSVDD_0037_E_0000229,-4.5505920085
CtrSVDD_0038_E_0000230,-7.0314796447
CtrSVDD_0039_E_0000231,-4.7653650409
CtrSVDD_0040_E_0000232,-0.5309923114
CtrSVDD_0041_E_0000233,-4.6897367782
CtrSVDD_0042_E_0000234,-0.4412387283
CtrSVDD_0043_E_0000235,-7.5674463065
CtrSVDD_0044_E_0000236,-6.9232793968
CtrSVDD_0045_E_0000237,-6.9221231660
CtrSVDD_0046_E_0000238,-5.9342783819
CtrSVDD_0047_E_0000239,-5.1313566894
CtrSVDD_0000_E_0000240,-2.4941341101
CtrSVDD_0001_E_0000241,-4.5213804015
CtrSVDD_0002_E_0000242,-6.7531869211
CtrSVDD_0003_E_0000243,0.2288793099
CtrSVDD_0004_E_0000244,-6.3824595698
CtrSVDD_0005_E_0000245,-5.0398280343
CtrSVDD_0006_E_0000246,-7.0046010255
CtrSVDD_0007_E_0000247,-0.4520573351
CtrSVDD_0008_E_0000248,-5.8409385022
CtrSVDD_0009_E_0000249,-0.4381572148
CtrSVDD_0010_E_0000250,-4.5920377389
CtrSVDD_0011_E_0000251,-6.3735356498
CtrSVDD_0012_E_0000252,-6.4135394759
CtrSVDD_0013_E_0000253,-9.0486067558
CtrSVDD_0014_E_0000254,0.2610099665
CtrSVDD_0015_E_0000255,-6.4029314569
CtrSVDD_0016_E_0000256,-8.0577680405
CtrSVDD_0017_E_0000257,-4.7031045272
CtrSVDD_0018_E_0000258,-4.9290240817
CtrSVDD_0019_E_0000259,-7.5755545997
CtrSVDD_0020_E_0000260,-2.3421002435
CtrSVDD_0021_E_0000261,-3.3941436182
CtrSVDD_0022_E_0000262,-3.7519482022
CtrSVDD_0023_E_0000263,0.5873285288
CtrSVDD_0024_E_0000264,-3.2726071339
CtrSVDD_0025_E_0000265,-4.6981954122
CtrSVDD_0026_E_0000266,-7.5873419809
CtrSVDD_0027_E_0000267,1.1329042518
CtrSVDD_0028_E_0000268,-7.0558607382
CtrSVDD_0029_E_0000269,-5.6969858552
CtrSVDD_0030_E_0000270,-6.2585474056
CtrSVDD_0031_E_0000271,-7.0826896191
CtrSVDD_0032_E_0000272,-5.3514977281
CtrSVDD_0033_E_0000273,-6.0746660120
CtrSVDD_0034_E_0000274,-7.4048542937
CtrSVDD_0035_E_0000275,-1.4404493626
CtrSVDD_0036_E_0000276,-6.7575730657
CtrSVDD_0037_E_0000277,-6.7808577606
CtrSVDD_0038_E_0000278,-6.2511219214
CtrSVDD_0039_E_0000279,-7.6697367545
CtrSVDD_0040_E_0000280,-6.0053588200
CtrSVDD_0041_E_0000281,-5.9334009311
CtrSVDD_0042_E_0000282,-3.1080453589
CtrSVDD_0043_E_0000283,-5.6174209654
CtrSVDD_0044_E_0000284,-7.0098328180
CtrSVDD_0045_E_0000285,-6.6003669361
CtrSVDD_0046_E_0000286,-7.0259358956
CtrSVDD_0047_E_0000287,-4.9930863762
CtrSVDD_0000_E_0000288,-1.9682764802
CtrSVDD_0001_E_0000289,-5.1867804381
CtrSVDD_0002_E_0000290,-8.1163816266
CtrSVDD_0003_E_0000291,-7.6061501302
CtrSVDD_0004_E_0000292,-6.2538702947
CtrSVDD_0005_E_0000293,-4.9107287233
CtrSVDD_0006_E_0000294,-6.9412549272
CtrSVDD_0007_E_0000295,-8.1741872907
CtrSVDD_0008_E_0000296,-6.7025073521
CtrSVDD_0009_E_0000297,-3.2232391027
CtrSVDD_0010_E_0000298,-2.9707740526
CtrSVDD_0011_E_0000299,-4.1023614452
CtrSVDD_0012_E_0000300,-5.7378726840
CtrSVDD_0013_E_0000301,-6.7296041762
CtrSVDD_0014_E_0000302,-5.1255803185
CtrSVDD_0015_E_0000303,-3.0290968280
CtrSVDD_0016_E_0000304,-0.0314779298
CtrSVDD_0017_E_0000305,1.0863057363
CtrSVDD_0018_E_0000306,-3.2265619238
CtrSVDD_0019_E_0000307,-4.2326490903
CtrSVDD_0020_E_0000308,-5.9597668187
CtrSVDD_0021_E_0000309,-5.7624509449
CtrSVDD_0022_E_0000310,-5.4903283213
CtrSVDD_0023_E_0000311,-4.4650705727
CtrSVDD_0024_E_0000312,-6.8970130874
CtrSVDD_0025_E_0000313,-4.5462833210
CtrSVDD_0026_E_0000314,1.0676050914
CtrSVDD_0027_E_0000315,0.0006993941
CtrSVDD_0028_E_0000316,-7.0701138571
CtrSVDD_0029_E_0000317,-4.9314338596
CtrSVDD_0030_E_0000318,0.0253011288
CtrSVDD_0031_E_0000319,-5.1773789304
CtrSVDD_0032_E_0000320,1.2269915574
CtrSVDD_0033_E_0000321,-2.5843827566
CtrSVDD_0034_E_0000322,-7.4879347782
CtrSVDD_0035_E_0000323,-0.1714530728
CtrSVDD_0036_E_0000324,-4.9984680511
CtrSVDD_0037_E_0000325,-6.6826744897
CtrSVDD_0038_E_0000326,-6.1794343069
CtrSVDD_0039_E_0000327,-6.0964750365
CtrSVDD_0040_E_0000328,-7.3715632058
CtrSVDD_0041_E_0000329,-8.3569304581
CtrSVDD_0042_E_0000330,-6.6119294359
CtrSVDD_0043_E_0000331,-0.5358302223
CtrSVDD_0044_E_0000332,0.4520573351
CtrSVDD_0045_E_0000333,-5.4707538619
CtrSVDD_0046_E_0000334,-6.4969466236
CtrSVDD_0047_E_0000335,-6.8715964725
CtrSVDD_0000_E_0000336,-0.6759748282
CtrSVDD_0001_E_0000337,-3.1252874486
CtrSVDD_0002_E_0000338,-7.2288418778
CtrSVDD_0003_E_0000339,-3.7198342575
CtrSVDD_0004_E_0000340,-4.5770517906
CtrSVDD_0005_E_0000341,1.0056070009
CtrSVDD_0006_E_0000342,-0.7363864709
CtrSVDD_0007_E_0000343,-3.2076612579
CtrSVDD_0008_E_0000344,-3.7972201990
CtrSVDD_0009_E_0000345,-7.7174824614
CtrSVDD_0010_E_0000346,-5.9393964711
CtrSVDD_0011_E_0000347,-7.4726348414
CtrSVDD_0012_E_0000348,-6.6598170557
CtrSVDD_0013_E_0000349,-8.0772273662
CtrSVDD_0014_E_0000350,-7.6555101282
CtrSVDD_0015_E_0000351,2.2065752165
CtrSVDD_0016_E_0000352,-6.3181763179
CtrSVDD_0017_E_0000353,-7.8630714170
CtrSVDD_0018_E_0000354,-2.9559744238
CtrSVDD_0019_E_0000355,-5.9706732678
CtrSVDD_0020_E_0000356,0.1043990475
CtrSVDD_0021_E_0000357,-6.1729800158
CtrSVDD_0022_E_0000358,-7.2534843968
CtrSVDD_0023_E_0000359,-6.1368786003
CtrSVDD_0024_E_0000360,1.1015730699
CtrSVDD_0025_E_0000361,-5.4877926550
CtrSVDD_0026_E_0000362,-5.3843326547
CtrSVDD_0027_E_0000363,-5.4445086232
CtrSVDD_0028_E_0000364,-0.1821452351
CtrSVDD_0029_E_0000365,-6.8315052091
CtrSVDD_0030_E_0000366,-1.5643068011
CtrSVDD_0031_E_0000367,0.4014918522
CtrSVDD_0032_E_0000368,-6.1184321035
CtrSVDD_0033_E_0000369,-4.0014270627
CtrSVDD_0034_E_0000370,-7.0958929829
CtrSVDD_0035_E_0000371,-6.0214876961
CtrSVDD_0036_E_0000372,-7.1380174530
CtrSVDD_0037_E_0000373,-4.9816669338
CtrSVDD_0038_E_0000374,-5.6863316440
CtrSVDD_0039_E_0000375,-5.4202914905
CtrSVDD_0040_E_0000376,-5.1544983199
CtrSVDD_0041_E_0000377,-5.5769515380
CtrSVDD_0042_E_0000378,-6.9211513881
CtrSVDD_0043_E_0000379,-2.9146525252
CtrSVDD_0044_E_0000380,-7.5090596549
CtrSVDD_0045_E_0000381,-7.9302830201
CtrSVDD_0046_E_0000382,-6.1877124124
CtrSVDD_0047_E_0000383,-5.5132232545
CtrSVDD_0000_E_0000384,-3.9178702153
CtrSVDD_0001_E_0000385,1.3608879341
CtrSVDD_0002_E_0000386,0.1156573525
CtrSVDD_0003_E_0000387,-4.4636438887
CtrSVDD_0004_E_0000388,-6.2126378164
CtrSVDD_0005_E_0000389,-4.1718690227
CtrSVDD_0006_E_0000390,-5.9626962328
CtrSVDD_0007_E_0000391,-4.8822942463
CtrSVDD_0008_E_0000392,-5.6671916303
CtrSVDD_0009_E_0000393,-0.0973694111
CtrSVDD_0010_E_0000394,-6.2063975858
CtrSVDD_0011_E_0000395,-8.5097475360
CtrSVDD_0012_E_0000396,-6.3249575379
CtrSVDD_0013_E_0000397,-0.2916468333
CtrSVDD_0014_E_0000398,-1.7992027972
CtrSVDD_0015_E_0000399,-6.1165083113
CtrSVDD_0016_E_0000400,-3.6306194852
CtrSVDD_0017_E_0000401,-3.1355779860
CtrSVDD_0018_E_0000402,-6.0899423569
CtrSVDD_0019_E_0000403,-1.6812668794
CtrSVDD_0020_E_0000404,-8.3748287173
CtrSVDD_0021_E_0000405,-5.4568486820
CtrSVDD_0022_E_0000406,-6.9722004355
CtrSVDD_0023_E_0000407,-7.3277235255
CtrSVDD_0024_E_0000408,-5.4423632829
CtrSVDD_0025_E_0000409,-6.5125973785
CtrSVDD_0026_E_0000410,0.7698207150
CtrSVDD_0027_E_0000411,0.6184597510
CtrSVDD_0028_E_0000412,0.6475143547
CtrSVDD_0029_E_0000413,-4.2665552881
CtrSVDD_0030_E_0000414,-5.4953805328
CtrSVDD_0031_E_0000415,-7.7509948001
CtrSVDD_0032_E_0000416,-8.6172497997
CtrSVDD_0033_E_0000417,2.0099263107
CtrSVDD_0034_E_0000418,-8.3616363223
CtrSVDD_0035_E_0000419,-5.7638998380
CtrSVDD_0036_E_0000420,-7.1483081279
CtrSVDD_0037_E_0000421,-5.1974916820
CtrSVDD_0038_E_0000422,-6.8184343676
CtrSVDD_0039_E_0000423,1.3611489816
CtrSVDD_0040_E_0000424,-0.1015865932
CtrSVDD_0041_E_0000425,-5.5928911650
CtrSVDD_0042_E_0000426,-5.2773346161
CtrSVDD_0043_E_0000427,-6.8203386333
CtrSVDD_0044_E_0000428,-9.3441445235
CtrSVDD_0045_E_0000429,-7.1055571418
CtrSVDD_0046_E_0000430,-6.5090207909
CtrSVDD_0047_E_0000431,-7.5772119609
CtrSVDD_0000_E_0000432,-7.8709150978
CtrSVDD_0001_E_0000433,-6.7283158474
CtrSVDD_0002_E_0000434,-5.8177110713
CtrSVDD_0003_E_0000435,-6.1700291700
CtrSVDD_0004_E_0000436,-7.2920903441
CtrSVDD_0005_E_0000437,-5.9181466588
CtrSVDD_0006_E_0000438,-4.8651165147
CtrSVDD_0007_E_0000439,-6.7086293020
CtrSVDD_0008_E_0000440,-5.3058300871
CtrSVDD_0009_E_0000441,-6.3642630531
CtrSVDD_0010_E_0000442,-0.0485973836
CtrSVDD_0011_E_0000443,-4.9708992210
CtrSVDD_0012_E_0000444,-6.2256583424
CtrSVDD_0013_E_0000445,-5.8865138467
CtrSVDD_0014_E_0000446,-6.6675726606
CtrSVDD_0015_E_0000447,-6.0509115046
CtrSVDD_0016_E_0000448,-5.2529547826
CtrSVDD_0017_E_0000449,0.9881020363
CtrSVDD_0018_E_0000450,-7.4265204589
CtrSVDD_0019_E_0000451,-0.1029927185
CtrSVDD_0020_E_0000452,-2.1984237888
CtrSVDD_0021_E_0000453,-3.8536635366
CtrSVDD_0022_E_0000454,-4.8350753609
CtrSVDD_0023_E_0000455,-6.6439053597
CtrSVDD_0024_E_0000456,-5.8095351448
CtrSVDD_0025_E_0000457,-4.5288036926
CtrSVDD_0026_E_0000458,1.5184291412
CtrSVDD_0027_E_0000459,-6.7049768517
CtrSVDD_0028_E_0000460,-6.6632032543
CtrSVDD_0029_E_0000461,-5.2586936016
CtrSVDD_0030_E_0000462,-4.0998726476
CtrSVDD_0031_E_0000463,-5.8763572101
CtrSVDD_0032_E_0000464,0.0055155674
CtrSVDD_0033_E_0000465,-5.0749752355
CtrSVDD_0034_E_0000466,-0.4848395315
CtrSVDD_0035_E_0000467,-3.6496705962
CtrSVDD_0036_E_0000468,-3.3475317824
CtrSVDD_0037_E_0000469,-4.6199915521
CtrSVDD_0038_E_0000470,-6.6264869015
CtrSVDD_0039_E_0000471,-4.7535531057
CtrSVDD_0040_E_0000472,-5.6212624815
CtrSVDD_0041_E_0000473,-1.3399994132
CtrSVDD_0042_E_0000474,-6.7912855908
CtrSVDD_0043_E_0000475,-0.8236186951
CtrSVDD_0044_E_0000476,-4.7565579224
CtrSVDD_0045_E_0000477,-4.9132924123
CtrSVDD_0046_E_0000478,-3.3845312358
CtrSVDD_0047_E_0000479,-3.2645516947
CtrSVDD_0000_E_0000480,-7.3256232158
CtrSVDD_0001_E_0000481,1.1905004250
CtrSVDD_0002_E_0000482,-6.1582104185
CtrSVDD_0003_E_0000483,-7.6519093298
CtrSVDD_0004_E_0000484,-3.9513373221
CtrSVDD_0005_E_0000485,-4.7724519562
CtrSVDD_0006_E_0000486,-5.9806359923
CtrSVDD_0007_E_0000487,-7.4824761775
CtrSVDD_0008_E_0000488,-6.0586356673
CtrSVDD_0009_E_0000489,-4.7240197520
CtrSVDD_0010_E_0000490,-2.0722370829
CtrSVDD_0011_E_0000491,-6.5903419074
CtrSVDD_0012_E_0000492,-6.5823628430
CtrSVDD_0013_E_0000493,-3.4722211241
CtrSVDD_0014_E_0000494,-7.2868536866
CtrSVDD_0015_E_0000495,-7.3672314825
CtrSVDD_0016_E_0000496,-5.0206186373
CtrSVDD_0017_E_0000497,-1.6421721102
CtrSVDD_0018_E_0000498,-6.2578049330
CtrSVDD_0019_E_0000499,-7.3787521870
CtrSVDD_0020_E_0000500,-6.0850298912
CtrSVDD_0021_E_0000501,-3.5356052535
CtrSVDD_0022_E_0000502,-5.8743142902
CtrSVDD_0023_E_0000503,-5.2637788378
CtrSVDD_0024_E_0000504,-1.7250450064
CtrSVDD_0025_E_0000505,-5.6450208861
CtrSVDD_0026_E_0000506,-2.2657965114
CtrSVDD_0027_E_0000507,0.2842384143
CtrSVDD_0028_E_0000508,-6.8523826771
CtrSVDD_0029_E_0000509,-4.6659098842
CtrSVDD_0030_E_0000510,0.1815220500
CtrSVDD_0031_E_0000511,-5.6693428426
CtrSVDD_0032_E_0000512,-6.4184463147
CtrSVDD_0033_E_0000513,-6.2082810162
CtrSVDD_0034_E_0000514,-4.9180367362
CtrSVDD_0035_E_0000515,-6.2283764324
CtrSVDD_0036_E_0000516,-5.4303648332
CtrSVDD_0037_E_0000517,-6.2314037473
CtrSVDD_0038_E_0000518,-5.4801468485
CtrSVDD_0039_E_0000519,-7.3525239189
CtrSVDD_0040_E_0000520,0.1082836437
CtrSVDD_0041_E_0000521,-1.6736510983
CtrSVDD_0042_E_0000522,-6.4675101292
CtrSVDD_0043_E_0000523,-6.3466984291
CtrSVDD_0044_E_0000524,-7.3644092013
CtrSVDD_0045_E_0000525,-7.2636788624
CtrSVDD_0046_E_0000526,-4.6298599664
CtrSVDD_0047_E_0000527,-4.9402003734
CtrSVDD_0000_E_0000528,0.5019121261
CtrSVDD_0001_E_0000529,-5.0714925814
CtrSVDD_0002_E_0000530,-6.1191889280
CtrSVDD_0003_E_0000531,-6.0419967279
CtrSVDD_0004_E_0000532,-7.6023549953
CtrSVDD_0005_E_0000533,-3.1560419289
CtrSVDD_0006_E_0000534,-6.5419626124
CtrSVDD_0007_E_0000535,-6.6802302003
CtrSVDD_0008_E_0000536,-5.6498400062
CtrSVDD_0009_E_0000537,-4.9855937781
CtrSVDD_0010_E_0000538,0.4943008145
CtrSVDD_0011_E_0000539,1.0589544258
CtrSVDD_0012_E_0000540,-6.6824826171
CtrSVDD_0013_E_0000541,-6.6564940935
CtrSVDD_0014_E_0000542,-7.4804459037
CtrSVDD_0015_E_0000543,-7.4578442462
CtrSVDD_0016_E_0000544,-6.1347616879
CtrSVDD_0017_E_0000545,-7.3917826694
CtrSVDD_0018_E_0000546,-5.3886362188
CtrSVDD_0019_E_0000547,-4.0644675024
CtrSVDD_0020_E_0000548,-4.9594212319
CtrSVDD_0021_E_0000549,-5.7816432571
CtrSVDD_0022_E_0000550,-3.6005024639
CtrSVDD_0023_E_0000551,-2.0462009173
CtrSVDD_0024_E_0000552,-6.6443137018
CtrSVDD_0025_E_0000553,-6.5624165860
CtrSVDD_0026_E_0000554,-4.3377376822
CtrSVDD_0027_E_0000555,-7.0064315665
CtrSVDD_0028_E_0000556,-5.9440510261
CtrSVDD_0029_E_0000557,-6.1106615349
CtrSVDD_0030_E_0000558,-5.4371241638
CtrSVDD_0031_E_0000559,-6.1522914765
CtrSVDD_0032_E_0000560,-0.0931539598
CtrSVDD_0033_E_0000561,-2.8859128153
CtrSVDD_0034_E_0000562,-5.0093604714
CtrSVDD_0035_E_0000563,-4.6273774653
CtrSVDD_0036_E_0000564,-3.5989185798
CtrSVDD_0037_E_0000565,-6.3887819710
CtrSVDD_0038_E_0000566,-6.2214721058
CtrSVDD_0039_E_0000567,-6.9547975817
CtrSVDD_0040_E_0000568,0.9790263415
CtrSVDD_0041_E_0000569,-6.4802436242
CtrSVDD_0042_E_0000570,-6.5272643940
CtrSVDD_0043_E_0000571,-7.4211738449
CtrSVDD_0044_E_0000572,-4.2590502421
CtrSVDD_0045_E_0000573,-6.6651381130
CtrSVDD_0046_E_0000574,-7.0165424917
CtrSVDD_0047_E_0000575,-6.1431750144
CtrSVDD_0000_E_0000576,-6.1311638744
CtrSVDD_0001_E_0000577,-7.1125105630
CtrSVDD_0002_E_0000578,-4.7053879072
CtrSVDD_0003_E_0000579,-7.7964041460
CtrSVDD_0004_E_0000580,-2.5326395965
CtrSVDD_0005_E_0000581,-8.2309809224
CtrSVDD_0006_E_0000582,-0.4014918522
CtrSVDD_0007_E_0000583,-4.5588759575
CtrSVDD_0008_E_0000584,-5.4483557352
CtrSVDD_0009_E_0000585,-7.4772731462
CtrSVDD_0010_E_0000586,0.8819752741
CtrSVDD_0011_E_0000587,-3.6052547355
CtrSVDD_0012_E_0000588,-7.9375446654
CtrSVDD_0013_E_0000589,-6.5147327832
CtrSVDD_0014_E_0000590,1.5501990408
CtrSVDD_0015_E_0000591,-4.6505037182
CtrSVDD_0016_E_0000592,0.9833812625
CtrSVDD_0017_E_0000593,-6.9638348203
CtrSVDD_0018_E_0000594,-5.8975383201
CtrSVDD_0019_E_0000595,0.0300784789
CtrSVDD_0020_E_0000596,-4.9063829496
CtrSVDD_0021_E_0000597,-4.1183501635
CtrSVDD_0022_E_0000598,-6.8016805502
CtrSVDD_0023_E_0000599,-0.8514287083
CtrSVDD_0024_E_0000600,-5.7159759165
CtrSVDD_0025_E_0000601,-5.5446587643
CtrSVDD_0026_E_0000602,-6.3208093996
CtrSVDD_0027_E_0000603,-7.3908482792
CtrSVDD_0028_E_0000604,-5.8497008394
CtrSVDD_0029_E_0000605,-5.9893580628
CtrSVDD_0030_E_0000606,0.8534403046
CtrSVDD_0031_E_0000607,-6.2772745694
CtrSVDD_0032_E_0000608,-7.3486219694
CtrSVDD_0033_E_0000609,-3.8472842487
CtrSVDD_0034_E_0000610,-1.0323732006
CtrSVDD_0035_E_0000611,-4.3878452733
CtrSVDD_0036_E_0000612,-5.7006640333
CtrSVDD_0037_E_0000613,-1.6508347544
CtrSVDD_0038_E_0000614,-5.8349520586
CtrSVDD_0039_E_0000615,-6.9195081528
CtrSVDD_0040_E_0000616,-7.1592532414
CtrSVDD_0041_E_0000617,-7.1631356736
CtrSVDD_0042_E_0000618,-5.5093282343
CtrSVDD_0043_E_0000619,1.1311313252
CtrSVDD_0044_E_0000620,-7.8003015559
CtrSVDD_0045_E_0000621,-5.4288482242
CtrSVDD_0046_E_0000622,-6.0671259833
CtrSVDD_0047_E_0000623,-6.8410948049
CtrSVDD_0000_E_0000624,-7.1349469787
CtrSVDD_0001_E_0000625,-7.2708976618
CtrSVDD_0002_E_0000626,-6.0608742516
CtrSVDD_0003_E_0000627,-3.9940943313
CtrSVDD_0004_E_0000628,-3.8815345783
CtrSVDD_0005_E_0000629,-6.8476142082
CtrSVDD_0006_E_0000630,-5.3032402921
CtrSVDD_0007_E_0000631,-8.3909419114
CtrSVDD_0008_E_0000632,-4.8529184928
CtrSVDD_0009_E_0000633,-6.5878632319
CtrSVDD_0010_E_0000634,-7.3946944299
CtrSVDD_0011_E_0000635,-6.2609206116
CtrSVDD_0012_E_0000636,-8.3206548743
CtrSVDD_0013_E_0000637,-1.3679843837
CtrSVDD_0014_E_0000638,-5.3296988701
CtrSVDD_0015_E_0000639,-8.3792876667
CtrSVDD_0016_E_0000640,-5.7080628119
CtrSVDD_0017_E_0000641,-2.7883130921
CtrSVDD_0018_E_0000642,-6.7331089968
CtrSVDD_0019_E_0000643,-7.5342999829
CtrSVDD_0020_E_0000644,-2.3298222984
CtrSVDD_0021_E_0000645,-7.6274224145
CtrSVDD_0022_E_0000646,0.8354581133
CtrSVDD_0023_E_0000647,-8.6304927678
CtrSVDD_0024_E_0000648,-7.2450991448
CtrSVDD_0025_E_0000649,-6.1797590579
CtrSVDD_0026_E_0000650,-7.8418704807
CtrSVDD_0027_E_0000651,1.1223380117
CtrSVDD_0028_E_0000652,-5.7280861858
CtrSVDD_0029_E_0000653,-8.1255811634
CtrSVDD_0030_E_0000654,-8.5472450812
CtrSVDD_0031_E_0000655,-4.0818605136
CtrSVDD_0032_E_0000656,-5.8933682944
CtrSVDD_0033_E_0000657,-6.0568132023
CtrSVDD_0034_E_0000658,-6.9780743261
CtrSVDD_0035_E_0000659,-4.6052752064
CtrSVDD_0036_E_0000660,0.7886275707
CtrSVDD_0037_E_0000661,-7.3361299458
CtrSVDD_0038_E_0000662,-3.5403533932
CtrSVDD_0039_E_0000663,-6.5749471052
CtrSVDD_0040_E_0000664,0.7567181311
CtrSVDD_0041_E_0000665,-6.6516497747
CtrSVDD_0042_E_0000666,-0.3698482853
CtrSVDD_0043_E_0000667,-4.3748293720
CtrSVDD_0044_E_0000668,-7.6822213344
CtrSVDD_0045_E_0000669,-7.3081488006
CtrSVDD_0046_E_0000670,-7.5085091075
CtrSVDD_0047_E_0000671,-7.0720978178
CtrSVDD_0000_E_0000672,-7.4504583330
CtrSVDD_0001_E_0000673,-6.3336353028
CtrSVDD_0002_E_0000674,-4.9813586843
CtrSVDD_0003_E_0000675,-6.9608213942
CtrSVDD_0004_E_0000676,-7.3863275330
CtrSVDD_0005_E_0000677,-6.3268318902
CtrSVDD_0006_E_0000678,-4.9596060432
CtrSVDD_0007_E_0000679,-4.4946113044
CtrSVDD_0008_E_0000680,-6.3913582276
CtrSVDD_0009_E_0000681,-5.9491141990
CtrSVDD_0010_E_0000682,-6.3887705431
CtrSVDD_0011_E_0000683,-6.4924953689
CtrSVDD_0012_E_0000684,-6.3337100161
CtrSVDD_0013_E_0000685,-3.2464323293
CtrSVDD_0014_E_0000686,-4.1004771955
CtrSVDD_0015_E_0000687,1.4755417059
CtrSVDD_0016_E_0000688,-6.9609750344
CtrSVDD_0017_E_0000689,-7.2033980720
CtrSVDD_0018_E_0000690,-6.5391467590
CtrSVDD_0019_E_0000691,-6.6082019220
CtrSVDD_0020_E_0000692,-4.5131493325
CtrSVDD_0021_E_0000693,-5.9396850052
CtrSVDD_0022_E_0000694,-4.5719220359
CtrSVDD_0023_E_0000695,-4.7194822793
CtrSVDD_0024_E_0000696,-2.2180137190
CtrSVDD_0025_E_0000697,-8.7074233965
CtrSVDD_0026_E_0000698,-4.6484856629
CtrSVDD_0027_E_0000699,-2.9241275522
CtrSVDD_0028_E_0000700,-3.9820531711
CtrSVDD_0029_E_0000701,-6.6351952233
CtrSVDD_0030_E_0000702,-4.9199583623
CtrSVDD_0031_E_0000703,-7.6617852355
CtrSVDD_0032_E_0000704,1.4158888988
CtrSVDD_0033_E_0000705,-4.6709880169
CtrSVDD_0034_E_0000706,-9.0487389702
CtrSVDD_0035_E_0000707,-6.5771456086
CtrSVDD_0036_E_0000708,0.1875009982
CtrSVDD_0037_E_0000709,-7.6673270996
CtrSVDD_0038_E_0000710,-5.1814677732
CtrSVDD_0039_E_0000711,-3.8086042865
CtrSVDD_0040_E_0000712,-6.3780042961
CtrSVDD_0041_E_0000713,-4.8489939204
CtrSVDD_0042_E_0000714,-7.4763720654
CtrSVDD_0043_E_0000715,-6.7286535687
CtrSVDD_0044_E_0000716,0.8046007029
CtrSVDD_0045_E_0000717,-5.5557615110
CtrSVDD_0046_E_0000718,0.1424573696
CtrSVDD_0047_E_0000719,-3.4452056753
CtrSVDD_0000_E_0000720,-1.0276181900
CtrSVDD_0001_E_0000721,-5.0146444722
CtrSVDD_0002_E_0000722,-4.1849367879
CtrSVDD_0003_E_0000723,-5.8250623442
CtrSVDD_0004_E_0000724,-5.5370655210
CtrSVDD_0005_E_0000725,-8.4729744081
CtrSVDD_0006_E_0000726,-0.4085017731
CtrSVDD_0007_E_0000727,-4.4964661264
CtrSVDD_0008_E_0000728,-4.9854828050
CtrSVDD_0009_E_0000729,-6.3843937933
CtrSVDD_0010_E_0000730,-6.8937520524
CtrSVDD_0011_E_0000731,1.9082291381
CtrSVDD_0012_E_0000732,-2.2951781703
CtrSVDD_0013_E_0000733,-5.7522369105
CtrSVDD_0014_E_0000734,-5.3174466930
CtrSVDD_0015_E_0000735,-6.9227012346
CtrSVDD_0016_E_0000736,-6.4218956965
CtrSVDD_0017_E_0000737,-6.1441471672
CtrSVDD_0018_E_0000738,-7.1388023255
CtrSVDD_0019_E_0000739,1.2025863788
CtrSVDD_0020_E_0000740,-4.1376409890
CtrSVDD_0021_E_0000741,-0.5766989024
CtrSVDD_0022_E_0000742,-8.2281772700
CtrSVDD_0023_E_0000743,-5.8217553340
CtrSVDD_0024_E_0000744,-1.4391373656
CtrSVDD_0025_E_0000745,-7.0362330198
CtrSVDD_0026_E_0000746,-6.7164118665
CtrSVDD_0027_E_0000747,-6.5915410722
CtrSVDD_0028_E_0000748,1.2224429156
CtrSVDD_0029_E_0000749,-1.2097839206
CtrSVDD_0030_E_0000750,-8.2472074803
CtrSVDD_0031_E_0000751,-5.9746571334
CtrSVDD_0032_E_0000752,-5.6788925848
CtrSVDD_0033_E_0000753,-6.9777369938
CtrSVDD_0034_E_0000754,-4.8971778004
CtrSVDD_0035_E_0000755,-5.9403711778
CtrSVDD_0036_E_0000756,-6.0183877490
CtrSVDD_0037_E_0000757,-5.1478192627
CtrSVDD_0038_E_0000758,-7.0337888595
CtrSVDD_0039_E_0000759,-7.2661246004
CtrSVDD_0040_E_0000760,-4.9718200019
CtrSVDD_0041_E_0000761,-9.2862914438
CtrSVDD_0042_E_0000762,-5.5959505850
CtrSVDD_0043_E_0000763,-3.7342650711
CtrSVDD_0044_E_0000764,-5.8740637607
CtrSVDD_0045_E_0000765,-7.8089376783
CtrSVDD_0046_E_0000766,-4.5641153003
CtrSVDD_0047_E_0000767,-0.4274043749
CtrSVDD_0000_E_0000768,-5.6687282035
CtrSVDD_0001_E_0000769,-5.3697133873
CtrSVDD_0002_E_0000770,-6.0585215270
CtrSVDD_0003_E_0000771,-7.3485934517
CtrSVDD_0004_E_0000772,-5.8343830051
CtrSVDD_0005_E_0000773,-7.1181053252
CtrSVDD_0006_E_0000774,-4.2359247509
CtrSVDD_0007_E_0000775,-6.6748530045
CtrSVDD_0008_E_0000776,-6.7326193102
CtrSVDD_0009_E_0000777,-0.1679412931
CtrSVDD_0010_E_0000778,-6.5346094179
CtrSVDD_0011_E_0000779,-0.5197517581
CtrSVDD_0012_E_0000780,-2.8916996279
CtrSVDD_0013_E_0000781,-5.6465020700
CtrSVDD_0014_E_0000782,-7.2411597709
CtrSVDD_0015_E_0000783,-2.4349777088
CtrSVDD_0016_E_0000784,-5.2693569713
CtrSVDD_0017_E_0000785,0.3237943289
CtrSVDD_0018_E_0000786,-6.7558933372
CtrSVDD_0019_E_0000787,-6.1657955415
CtrSVDD_0020_E_0000788,-7.6068710988
CtrSVDD_0021_E_0000789,-6.7997331133
CtrSVDD_0022_E_0000790,-5.8227490070
CtrSVDD_0023_E_0000791,0.6066475734
CtrSVDD_0024_E_0000792,-5.8172269149
CtrSVDD_0025_E_0000793,-5.9537534550
CtrSVDD_0026_E_0000794,-6.2070051895
CtrSVDD_0027_E_0000795,-8.1833474604
CtrSVDD_0028_E_0000796,-6.0273517022
CtrSVDD_0029_E_0000797,-3.6846815116
CtrSVDD_0030_E_0000798,-5.4903124933
CtrSVDD_0031_E_0000799,-4.4182084825
CtrSVDD_0032_E_0000800,-7.3417438211
CtrSVDD_0033_E_0000801,-3.8792351545
CtrSVDD_0034_E_0000802,-6.6145354593
CtrSVDD_0035_E_0000803,-6.2358730618
CtrSVDD_0036_E_0000804,-7.9088622073
CtrSVDD_0037_E_0000805,-3.6290330752
CtrSVDD_0038_E_0000806,-5.9996558644
CtrSVDD_0039_E_0000807,-4.5796672909
CtrSVDD_0040_E_0000808,-7.7142616877
CtrSVDD_0041_E_0000809,-6.3220197122
CtrSVDD_0042_E_0000810,-6.9887298412
CtrSVDD_0043_E_0000811,-5.4555537337
CtrSVDD_0044_E_0000812,-6.3756655444
CtrSVDD_0045_E_0000813,-3.5086888133
CtrSVDD_0046_E_0000814,-6.0132975645
CtrSVDD_0047_E_0000815,-6.6875312354
CtrSVDD_0000_E_0000816,-3.6034881890
CtrSVDD_0001_E_0000817,1.8747589502
CtrSVDD_0002_E_0000818,-8.5481656649
CtrSVDD_0003_E_0000819,-3.6068390443
CtrSVDD_0004_E_0000820,-6.3750318534
CtrSVDD_0005_E_0000821,-6.6889591393
CtrSVDD_0006_E_0000822,0.4136513455
CtrSVDD_0007_E_0000823,-8.0777730330
CtrSVDD_0008_E_0000824,-7.4828570093
CtrSVDD_0009_E_0000825,-7.1505924106
CtrSVDD_0010_E_0000826,-5.5846465365
CtrSVDD_0011_E_0000827,-7.4152460755
CtrSVDD_0012_E_0000828,-7.2168223401
CtrSVDD_0013_E_0000829,-7.4991430705
CtrSVDD_0014_E_0000830,-7.2887584143
CtrSVDD_0015_E_0000831,-5.3857302557
CtrSVDD_0016_E_0000832,-6.4858146247
CtrSVDD_0017_E_0000833,-6.7666007209
CtrSVDD_0018_E_0000834,-6.0108299274
CtrSVDD_0019_E_0000835,-4.1339062277
CtrSVDD_0020_E_0000836,-6.9242179253
CtrSVDD_0021_E_0000837,-9.3751033686
CtrSVDD_0022_E_0000838,-5.5281385692
CtrSVDD_0023_E_0000839,-5.7612729099
CtrSVDD_0024_E_0000840,-0.1410444574
CtrSVDD_0025_E_0000841,-5.5276217624
CtrSVDD_0026_E_0000842,-6.4356356362
CtrSVDD_0027_E_0000843,-5.5778827285
CtrSVDD_0028_E_0000844,-7.8366868414
CtrSVDD_0029_E_0000845,-7.1342595533
CtrSVDD_0030_E_0000846,-8.4958525947
CtrSVDD_0031_E_0000847,-6.6007745048
CtrSVDD_0032_E_0000848,-6.0141519880
CtrSVDD_0033_E_0000849,-7.4757903135
CtrSVDD_0034_E_0000850,-5.2535476136
CtrSVDD_0035_E_0000851,-6.9030415472
CtrSVDD_0036_E_0000852,-4.1521048536
CtrSVDD_0037_E_0000853,-6.3097483196
CtrSVDD_0038_E_0000854,-4.0605107259
CtrSVDD_0039_E_0000855,-4.0834340447
CtrSVDD_0040_E_0000856,-7.3728687417
CtrSVDD_0041_E_0000857,-5.2874390266
CtrSVDD_0042_E_0000858,-4.1821284190
CtrSVDD_0043_E_0000859,-6.7743717896
CtrSVDD_0044_E_0000860,1.1821021320
CtrSVDD_0045_E_0000861,-6.1653182844
CtrSVDD_0046_E_0000862,-6.3790808191
CtrSVDD_0047_E_0000863,-4.0944618697
CtrSVDD_0000_E_0000864,-6.2250484025
CtrSVDD_0001_E_0000865,-7.5701962848
CtrSVDD_0002_E_0000866,1.7218830818
CtrSVDD_0003_E_0000867,0.4505086063
CtrSVDD_0004_E_0000868,-5.1239833227
CtrSVDD_0005_E_0000869,-4.3733151353
CtrSVDD_0006_E_0000870,0.5149544913
CtrSVDD_0007_E_0000871,-5.1623094262
CtrSVDD_0008_E_0000872,-7.5822520006
CtrSVDD_0009_E_0000873,-6.1094825333
CtrSVDD_0010_E_0000874,-0.8454144771
CtrSVDD_0011_E_0000875,-0.5536781855
CtrSVDD_0012_E_0000876,-5.2742986399
CtrSVDD_0013_E_0000877,-5.0871107509
CtrSVDD_0014_E_0000878,-6.2435811544
CtrSVDD_0015_E_0000879,-8.2535689644
CtrSVDD_0016_E_0000880,-4.8570284929
CtrSVDD_0017_E_0000881,-7.9617815739
CtrSVDD_0018_E_0000882,-5.0403428133
CtrSVDD_0019_E_0000883,-6.0076920149
CtrSVDD_0020_E_0000884,-4.9671855237
CtrSVDD_0021_E_0000885,-2.5673971308
CtrSVDD_0022_E_0000886,-3.0573453580
CtrSVDD_0023_E_0000887,-7.1862201774
CtrSVDD_0024_E_0000888,-3.5134404691
CtrSVDD_0025_E_0000889,-6.2608834009
CtrSVDD_0026_E_0000890,-5.9188675774
CtrSVDD_0027_E_0000891,-9.3856513852
CtrSVDD_0028_E_0000892,-6.6693231262
CtrSVDD_0029_E_0000893,-0.8758006938
CtrSVDD_0030_E_0000894,-7.5791416960
CtrSVDD_0031_E_0000895,-2.6476901906
CtrSVDD_0032_E_0000896,-5.0557337126
CtrSVDD_0033_E_0000897,0.1934623919
CtrSVDD_0034_E_0000898,-6.0866686252
CtrSVDD_0035_E_0000899,-7.4702966376
CtrSVDD_0036_E_0000900,-5.3248707375
CtrSVDD_0037_E_0000901,-6.8602002556
CtrSVDD_0038_E_0000902,-8.2425717313
CtrSVDD_0039_E_0000903,-3.1915035390
CtrSVDD_0040_E_0000904,1.4435348120
CtrSVDD_0041_E_0000905,-3.2165836081
CtrSVDD_0042_E_0000906,-7.5092706464
CtrSVDD_0043_E_0000907,-6.4532581605
CtrSVDD_0044_E_0000908,-6.3932865182
CtrSVDD_0045_E_0000909,0.5101690464
CtrSVDD_0046_E_0000910,-6.3016791915
CtrSVDD_0047_E_0000911,-5.9196253798
CtrSVDD_0000_E_0000912,1.0913665906
CtrSVDD_0001_E_0000913,-0.0188847618
CtrSVDD_0002_E_0000914,-6.9323404367
CtrSVDD_0003_E_0000915,-7.2067361590
CtrSVDD_0004_E_0000916,-6.0998867250
CtrSVDD_0005_E_0000917,-8.1538899104
CtrSVDD_0006_E_0000918,-4.9039953336
CtrSVDD_0007_E_0000919,-7.2238985183
CtrSVDD_0008_E_0000920,-6.0715945568
CtrSVDD_0009_E_0000921,-8.6446344658
CtrSVDD_0010_E_0000922,-4.8117111978
CtrSVDD_0011_E_0000923,-8.2954908827
CtrSVDD_0012_E_0000924,-5.4885942374
CtrSVDD_0013_E_0000925,-5.6642445406
CtrSVDD_0014_E_0000926,-7.6159581969
CtrSVDD_0015_E_0000927,-7.7766404035
CtrSVDD_0016_E_0000928,-6.2546931160
CtrSVDD_0017_E_0000929,-5.7093310601
CtrSVDD_0018_E_0000930,-2.9127513779
CtrSVDD_0019_E_0000931,-4.7324323524
CtrSVDD_0020_E_0000932,-7.6736987229
CtrSVDD_0021_E_0000933,-8.1072944287
CtrSVDD_0022_E_0000934,-5.0451466287
CtrSVDD_0023_E_0000935,-6.0670058708
CtrSVDD_0024_E_0000936,-4.3515928897
CtrSVDD_0025_E_0000937,-4.9819860851
CtrSVDD_0026_E_0000938,-5.5393213769
CtrSVDD_0027_E_0000939,-6.1892787301
CtrSVDD_0028_E_0000940,-6.3114496372
CtrSVDD_0029_E_0000941,-2.7013567456
CtrSVDD_0030_E_0000942,-3.8709539867
CtrSVDD_0031_E_0000943,-5.2449781713
CtrSVDD_0032_E_0000944,-5.7405608423
CtrSVDD_0033_E_0000945,0.1184741650
CtrSVDD_0034_E_0000946,-6.7065934912
CtrSVDD_0035_E_0000947,-5.4930442079
CtrSVDD_0036_E_0000948,-1.4120878115
CtrSVDD_0037_E_0000949,-6.6322922769
CtrSVDD_0038_E_0000950,-0.6371985290
CtrSVDD_0039_E_0000951,-4.1766772167
CtrSVDD_0040_E_0000952,-6.6918699730
CtrSVDD_0041_E_0000953,-3.1063146901
CtrSVDD_0042_E_0000954,-5.5883944087
CtrSVDD_0043_E_0000955,-6.0459320769
CtrSVDD_0044_E_0000956,-7.6185923295
CtrSVDD_0045_E_0000957,-5.5294556226
CtrSVDD_0046_E_0000958,0.2192556688
CtrSVDD_0047_E_0000959,-6.0379822687
CtrSVDD_0000_E_0000960,-6.5443876244
CtrSVDD_0001_E_0000961,-7.3236351266
CtrSVDD_0002_E_0000962,-6.0893868535
CtrSVDD_0003_E_0000963,-5.2864126164
CtrSVDD_0004_E_0000964,-0.9112471260
CtrSVDD_0005_E_0000965,-7.3255323738
CtrSVDD_0006_E_0000966,2.7784602291
CtrSVDD_0007_E_0000967,-2.5426815132
CtrSVDD_0008_E_0000968,-6.7122647190
CtrSVDD_0009_E_0000969,-6.6764401221
CtrSVDD_0010_E_0000970,-7.8323629818
CtrSVDD_0011_E_0000971,-7.1531165397
CtrSVDD_0012_E_0000972,-5.0292557601
CtrSVDD_0013_E_0000973,-6.6180945420
CtrSVDD_0014_E_0000974,-5.7586437013
CtrSVDD_0015_E_0000975,-7.4529674375
CtrSVDD_0016_E_0000976,-1.9824130007
CtrSVDD_0017_E_0000977,0.2944485424
CtrSVDD_0018_E_0000978,0.8454144771
CtrSVDD_0019_E_0000979,-5.7142341039
CtrSVDD_0020_E_0000980,-0.1849903467
CtrSVDD_0021_E_0000981,-7.0210016564
CtrSVDD_0022_E_0000982,-7.5278326485
CtrSVDD_0023_E_0000983,-3.9092159967
CtrSVDD_0024_E_0000984,-7.2042796413
CtrSVDD_0025_E_0000985,0.4848395315
CtrSVDD_0026_E_0000986,-7.6649382743
CtrSVDD_0027_E_0000987,-5.4348604964
CtrSVDD_0028_E_0000988,-5.3798087876
CtrSVDD_0029_E_0000989,-0.4228111722
CtrSVDD_0030_E_0000990,-8.1786795762
CtrSVDD_0031_E_0000991,-3.1814149178
CtrSVDD_0032_E_0000992,-2.7079108151
CtrSVDD_0033_E_0000993,-7.5086328246
CtrSVDD_0034_E_0000994,-7.0432434192
CtrSVDD_0035_E_0000995,-8.2716481498
CtrSVDD_0036_E_0000996,-6.0791829590
CtrSVDD_0037_E_0000997,-6.3038090001
CtrSVDD_0038_E_0000998,-5.8513333943
CtrSVDD_0039_E_0000999,-6.3352044867
CtrSVDD_0040_E_0001000,-5.0086432838
CtrSVDD_0041_E_0001001,0.4042036749
CtrSVDD_0042_E_0001002,-6.2078883232
CtrSVDD_0043_E_0001003,-6.6234960667
CtrSVDD_0044_E_0001004,0.9284408188
CtrSVDD_0045_E_0001005,-6.6701041824
CtrSVDD_0046_E_0001006,-8.3960278572
CtrSVDD_0047_E_0001007,-6.0031486637
CtrSVDD_0000_E_0001008,-6.6697891127
CtrSVDD_0001_E_0001009,-9.7005781967
CtrSVDD_0002_E_0001010,-0.3623695476
CtrSVDD_0003_E_0001011,-7.2675814375
CtrSVDD_0004_E_0001012,-7.4436340116
CtrSVDD_0005_E_0001013,-6.3448499712
CtrSVDD_0006_E_0001014,-7.4406177629
CtrSVDD_0007_E_0001015,-0.4722914813
CtrSVDD_0008_E_0001016,-5.1507682715
CtrSVDD_0009_E_0001017,-5.3024988303
CtrSVDD_0010_E_0001018,-6.7115215664
CtrSVDD_0011_E_0001019,-5.3748251558
CtrSVDD_0012_E_0001020,-5.7456522106
CtrSVDD_0013_E_0001021,-4.5770922850
CtrSVDD_0014_E_0001022,3.1180259155
CtrSVDD_0015_E_0001023,-4.1107371466
CtrSVDD_0016_E_0001024,-0.0328774424
CtrSVDD_0017_E_0001025,-6.6206820709
CtrSVDD_0018_E_0001026,-4.8063218802
CtrSVDD_0019_E_0001027,-5.9927971182
CtrSVDD_0020_E_0001028,-8.1766961077
CtrSVDD_0021_E_0001029,-7.6810627104
CtrSVDD_0022_E_0001030,-6.2827708520
CtrSVDD_0023_E_0001031,-4.6893044518
CtrSVDD_0024_E_0001032,0.8177421023
CtrSVDD_0025_E_0001033,-5.0662555541
CtrSVDD_0026_E_0001034,-4.7846918452
CtrSVDD_0027_E_0001035,0.0342770194
CtrSVDD_0028_E_0001036,-3.0731967915
CtrSVDD_0029_E_0001037,-5.2346413364
CtrSVDD_0030_E_0001038,-5.9755358656
CtrSVDD_0031_E_0001039,-4.0252374156
CtrSVDD_0032_E_0001040,-5.6157060211
CtrSVDD_0033_E_0001041,-3.9159162148
CtrSVDD_0034_E_0001042,-5.8267138769
CtrSVDD_0035_E_0001043,-6.8761634291
CtrSVDD_0036_E_0001044,-3.7696862751
CtrSVDD_0037_E_0001045,-7.0148045633
CtrSVDD_0038_E_0001046,-6.9272532537
CtrSVDD_0039_E_0001047,-6.1947852688
CtrSVDD_0040_E_0001048,-2.9854604497
CtrSVDD_0041_E_0001049,-6.0332410534
CtrSVDD_0042_E_0001050,-5.9309569207
CtrSVDD_0043_E_0001051,-4.1680888807
CtrSVDD_0044_E_0001052,-6.0912030446
CtrSVDD_0045_E_0001053,-8.0266567051
CtrSVDD_0046_E_0001054,-5.3536242195
CtrSVDD_0047_E_0001055,-2.4993487731
CtrSVDD_0000_E_0001056,-3.8825531422
CtrSVDD_0001_E_0001057,-6.9872728590
CtrSVDD_0002_E_0001058,-5.6188387520
CtrSVDD_0003_E_0001059,-8.4639130906
CtrSVDD_0004_E_0001060,-8.2662372301
CtrSVDD_0005_E_0001061,-6.5190020817
CtrSVDD_0006_E_0001062,-1.2165582875
CtrSVDD_0007_E_0001063,-3.4793104485
CtrSVDD_0008_E_0001064,-4.3183543064
CtrSVDD_0009_E_0001065,-7.5688374699
CtrSVDD_0010_E_0001066,-6.9945825346
CtrSVDD_0011_E_0001067,-4.2560718079
CtrSVDD_0012_E_0001068,-7.2756574835
CtrSVDD_0013_E_0001069,1.1252843155
CtrSVDD_0014_E_0001070,-6.8767102942
CtrSVDD_0015_E_0001071,-2.8248822583
CtrSVDD_0016_E_0001072,-5.9265947075
CtrSVDD_0017_E_0001073,0.4212820896
CtrSVDD_0018_E_0001074,-5.0433021468
CtrSVDD_0019_E_0001075,-6.9769556320
CtrSVDD_0020_E_0001076,-7.3211623527
CtrSVDD_0021_E_0001077,-6.1510530828
CtrSVDD_0022_E_0001078,-4.2600155225
CtrSVDD_0023_E_0001079,-4.8691082562
CtrSVDD_0024_E_0001080,-4.1115196566
CtrSVDD_0025_E_0001081,-5.4097979042
CtrSVDD_0026_E_0001082,-5.6693562755
CtrSVDD_0027_E_0001083,-5.1704839481
CtrSVDD_0028_E_0001084,-6.2350915237
CtrSVDD_0029_E_0001085,-0.7419009975
CtrSVDD_0030_E_0001086,1.1428720206
CtrSVDD_0031_E_0001087,-6.3458102386
CtrSVDD_0032_E_0001088,-4.4676622665
CtrSVDD_0033_E_0001089,-0.9899070206
CtrSVDD_0034_E_0001090,-5.8052568152
CtrSVDD_0035_E_0001091,-6.0464891157
CtrSVDD_0036_E_0001092,-7.1831180902
CtrSVDD_0037_E_0001093,-8.2766439180
CtrSVDD_0038_E_0001094,0.8676194803
CtrSVDD_0039_E_0001095,-3.6051070385
CtrSVDD_0040_E_0001096,-7.1331286620
CtrSVDD_0041_E_0001097,-5.4161321832
CtrSVDD_0042_E_0001098,-4.7010311987
CtrSVDD_0043_E_0001099,-0.7623174933
CtrSVDD_0044_E_0001100,-4.4549835452
CtrSVDD_0045_E_0001101,-7.8453965122
CtrSVDD_0046_E_0001102,-5.9065181659
CtrSVDD_0047_E_0001103,-4.9103239030
CtrSVDD_0000_E_0001104,-6.0494370101
CtrSVDD_0001_E_0001105,-6.7104110333
CtrSVDD_0002_E_0001106,-5.6063528939
CtrSVDD_0003_E_0001107,0.4258723100
CtrSVDD_0004_E_0001108,-5.9834181407
CtrSVDD_0005_E_0001109,-6.3076160711
CtrSVDD_0006_E_0001110,-5.2212720682
CtrSVDD_0007_E_0001111,-0.3002966440
CtrSVDD_0008_E_0001112,0.4458688780
CtrSVDD_0009_E_0001113,-6.5931112075
CtrSVDD_0010_E_0001114,-4.2479039415
CtrSVDD_0011_E_0001115,-4.6498117841
CtrSVDD_0012_E_0001116,-6.3187694663
CtrSVDD_0013_E_0001117,-8.5069430483
CtrSVDD_0014_E_0001118,-5.6952962334
CtrSVDD_0015_E_0001119,-7.7238380381
CtrSVDD_0016_E_0001120,-6.9186567093
CtrSVDD_0017_E_0001121,-6.6656925135
CtrSVDD_0018_E_0001122,0.1206941383
CtrSVDD_0019_E_0001123,-6.0731493728
CtrSVDD_0020_E_0001124,-7.7730344236
CtrSVDD_0021_E_0001125,-5.8249713299
CtrSVDD_0022_E_0001126,0.0895005952
CtrSVDD_0023_E_0001127,-6.3332127967
CtrSVDD_0024_E_0001128,-3.7761511464
CtrSVDD_0025_E_0001129,-6.2386213104
CtrSVDD_0026_E_0001130,-4.2056493003
CtrSVDD_0027_E_0001131,-5.3907804715
CtrSVDD_0028_E_0001132,1.1546768705
CtrSVDD_0029_E_0001133,-8.7460559352
CtrSVDD_0030_E_0001134,-0.9197548299
CtrSVDD_0031_E_0001135,-6.0149958138
CtrSVDD_0032_E_0001136,-6.6891187625
CtrSVDD_0033_E_0001137,-3.3797198139
CtrSVDD_0034_E_0001138,-5.0046272618
CtrSVDD_0035_E_0001139,-4.4072302049
CtrSVDD_0036_E_0001140,-6.5038109250
CtrSVDD_0037_E_0001141,-5.1423510354
CtrSVDD_0038_E_0001142,-2.3142394664
CtrSVDD_0039_E_0001143,-2.5148414563
CtrSVDD_0040_E_0001144,-4.2580424479
CtrSVDD_0041_E_0001145,0.6932263160
CtrSVDD_0042_E_0001146,-4.1363191738
CtrSVDD_0043_E_0001147,-2.9817992166
CtrSVDD_0044_E_0001148,-6.8980143666
CtrSVDD_0045_E_0001149,0.7992729940
CtrSVDD_0046_E_0001150,-2.0806239683
CtrSVDD_0047_E_0001151,-5.4941671595
CtrSVDD_0000_E_0001152,-8.2795249097
CtrSVDD_0001_E_0001153,-7.0884340746
CtrSVDD_0002_E_0001154,-5.9921875611
CtrSVDD_0003_E_0001155,-6.1891837228
CtrSVDD_0004_E_0001156,-5.2807086062
CtrSVDD_0005_E_0001157,-6.3336007463
CtrSVDD_0006_E_0001158,-5.9545976833
CtrSVDD_0007_E_0001159,-4.7600827084
CtrSVDD_0008_E_0001160,-6.4164442262
CtrSVDD_0009_E_0001161,-6.1013617903
CtrSVDD_0010_E_0001162,2.5521872733
CtrSVDD_0011_E_0001163,-6.8637027974
CtrSVDD_0012_E_0001164,-6.0115977846
CtrSVDD_0013_E_0001165,-5.7624634191
CtrSVDD_0014_E_0001166,1.1487662800
CtrSVDD_0015_E_0001167,-5.0888376736
CtrSVDD_0016_E_0001168,-5.8539990792
CtrSVDD_0017_E_0001169,0.2682531520
CtrSVDD_0018_E_0001170,-2.0332929085
CtrSVDD_0019_E_0001171,-7.1312423355
CtrSVDD_0020_E_0001172,0.5520484215
CtrSVDD_0021_E_0001173,-6.2939944019
CtrSVDD_0022_E_0001174,-7.3762986175
CtrSVDD_0023_E_0001175,-7.0997860652
CtrSVDD_0024_E_0001176,-5.2076387763
CtrSVDD_0025_E_0001177,-5.3065139915
CtrSVDD_0026_E_0001178,-7.5310620170
CtrSVDD_0027_E_0001179,-1.0565070817
CtrSVDD_0028_E_0001180,-6.4321699133
CtrSVDD_0029_E_0001181,-5.3398566857
CtrSVDD_0030_E_0001182,-6.8044733677
CtrSVDD_0031_E_0001183,-6.2331788227
CtrSVDD_0032_E_0001184,-5.3762077716
CtrSVDD_0033_E_0001185,-5.8422610731
CtrSVDD_0034_E_0001186,-6.7610086773
CtrSVDD_0035_E_0001187,-7.6578038178
CtrSVDD_0036_E_0001188,-7.4451446775
CtrSVDD_0037_E_0001189,-3.7184233355
CtrSVDD_0038_E_0001190,-7.0576567930
CtrSVDD_0039_E_0001191,-4.6166411520
CtrSVDD_0040_E_0001192,-3.0784565278
CtrSVDD_0041_E_0001193,-7.2910155953
CtrSVDD_0042_E_0001194,-7.5387863703
CtrSVDD_0043_E_0001195,-4.4181417581
CtrSVDD_0044_E_0001196,-4.5078322084
CtrSVDD_0045_E_0001197,-5.3466915607
CtrSVDD_0046_E_0001198,-1.6659368049
CtrSVDD_0047_E_0001199,-1.1681518079
CtrSVDD_0000_E_0001200,-6.0562831845
CtrSVDD_0001_E_0001201,-5.5192471090
CtrSVDD_0002_E_0001202,-4.2621015222
CtrSVDD_0003_E_0001203,0.5585763374
CtrSVDD_0004_E_0001204,-4.2152287428
CtrSVDD_0005_E_0001205,-7.1875045227
CtrSVDD_0006_E_0001206,-8.3154520582
CtrSVDD_0007_E_0001207,-7.1185904767
CtrSVDD_0008_E_0001208,-5.7805896413
CtrSVDD_0009_E_0001209,-1.2278028061
CtrSVDD_0010_E_0001210,-6.4454488334
CtrSVDD_0011_E_0001211,-8.5138057872
CtrSVDD_0012_E_0001212,-6.8818791431
CtrSVDD_0013_E_0001213,-6.2681200477
CtrSVDD_0014_E_0001214,0.7249705504
CtrSVDD_0015_E_0001215,-1.3031536179
CtrSVDD_0016_E_0001216,-5.3745963018
CtrSVDD_0017_E_0001217,-7.7891015847
CtrSVDD_0018_E_0001218,-5.9457979747
CtrSVDD_0019_E_0001219,-8.3452581347
CtrSVDD_0020_E_0001220,-4.7257315977
CtrSVDD_0021_E_0001221,-6.0538616034
CtrSVDD_0022_E_0001222,-4.7163067289
CtrSVDD_0023_E_0001223,-2.6152831754
CtrSVDD_0024_E_0001224,-5.2603746576
CtrSVDD_0025_E_0001225,-6.1147048489
CtrSVDD_0026_E_0001226,-5.4240541577
CtrSVDD_0027_E_0001227,-6.7527882808
CtrSVDD_0028_E_0001228,-7.4403337924
CtrSVDD_0029_E_0001229,-5.0770582559
CtrSVDD_0030_E_0001230,-4.2901971134
CtrSVDD_0031_E_0001231,-4.9093005248
CtrSVDD_0032_E_0001232,-5.1213485136
CtrSVDD_0033_E_0001233,-0.5799594487
CtrSVDD_0034_E_0001234,-7.1440059522
CtrSVDD_0035_E_0001235,-8.6772852398
CtrSVDD_0036_E_0001236,-5.5602282708
CtrSVDD_0037_E_0001237,-5.9791381485
CtrSVDD_0038_E_0001238,-0.3519331562
CtrSVDD_0039_E_0001239,-5.5640953143
CtrSVDD_0040_E_0001240,-7.4271271743
CtrSVDD_0041_E_0001241,-6.9318111687
CtrSVDD_0042_E_0001242,-5.6821697353
CtrSVDD_0043_E_0001243,-6.4119435466
CtrSVDD_0044_E_0001244,-5.0813604316
CtrSVDD_0045_E_0001245,1.6182838953
CtrSVDD_0046_E_0001246,-3.6226890507
CtrSVDD_0047_E_0001247,-6.5871266451
CtrSVDD_0000_E_0001248,-7.7718235870
CtrSVDD_0001_E_0001249,-7.3566763853
CtrSVDD_0002_E_0001250,-4.6661753071
CtrSVDD_0003_E_0001251,-6.1507003718
CtrSVDD_0004_E_0001252,-8.6042065167
CtrSVDD_0005_E_0001253,-6.1671793783
CtrSVDD_0006_E_0001254,-7.5197963485
CtrSVDD_0007_E_0001255,-5.4152867568
CtrSVDD_0008_E_0001256,-5.9433418081
CtrSVDD_0009_E_0001257,-5.4326608920
CtrSVDD_0010_E_0001258,-4.8770560285
CtrSVDD_0011_E_0001259,-8.2239393211
CtrSVDD_0012_E_0001260,-4.4050455222
CtrSVDD_0013_E_0001261,0.0440760921
CtrSVDD_0014_E_0001262,-6.3871280319
CtrSVDD_0015_E_0001263,-0.0202838183
CtrSVDD_0016_E_0001264,-0.2022530017
CtrSVDD_0017_E_0001265,-8.2417472943
CtrSVDD_0018_E_0001266,-6.5756938936
CtrSVDD_0019_E_0001267,-4.6625836654
CtrSVDD_0020_E_0001268,-0.0552802723
CtrSVDD_0021_E_0001269,-5.2991620464
CtrSVDD_0022_E_0001270,-0.9007043491
CtrSVDD_0023_E_0001271,-5.7578562546
CtrSVDD_0024_E_0001272,-7.5137204980
CtrSVDD_0025_E_0001273,-4.7212423993
CtrSVDD_0026_E_0001274,-6.6022624197
CtrSVDD_0027_E_0001275,-6.2477898114
CtrSVDD_0028_E_0001276,-5.6528541674
CtrSVDD_0029_E_0001277,-1.2403559942
CtrSVDD_0030_E_0001278,-0.3090881616
CtrSVDD_0031_E_0001279,-6.4794031090
CtrSVDD_0032_E_0001280,-7.0766149522
CtrSVDD_0033_E_0001281,-7.0133294319
CtrSVDD_0034_E_0001282,-6.8784487699
CtrSVDD_0035_E_0001283,0.6509682782
CtrSVDD_0036_E_0001284,1.1136355709
CtrSVDD_0037_E_0001285,-7.0522745716
CtrSVDD_0038_E_0001286,-4.2759966914
CtrSVDD_0039_E_0001287,-7.8650130469
CtrSVDD_0040_E_0001288,-7.0183306127
CtrSVDD_0041_E_0001289,-4.7544904739
CtrSVDD_0042_E_0001290,1.6861499706
CtrSVDD_0043_E_0001291,-6.6221332370
CtrSVDD_0044_E_0001292,-6.8061085187
CtrSVDD_0045_E_0001293,-6.4440104867
CtrSVDD_0046_E_0001294,-6.8718235403
CtrSVDD_0047_E_0001295,-6.4687544131
CtrSVDD_0000_E_0001296,-4.6813270986
CtrSVDD_0001_E_0001297,-7.6363055008
CtrSVDD_0002_E_0001298,-4.3791047970
CtrSVDD_0003_E_0001299,0.1949601979
CtrSVDD_0004_E_0001300,-2.4888936047
CtrSVDD_0005_E_0001301,-7.2382893657
CtrSVDD_0006_E_0001302,-6.9345708186
CtrSVDD_0007_E_0001303,-8.9498758217
CtrSVDD_0008_E_0001304,-7.2449036918
CtrSVDD_0009_E_0001305,-3.7295137891
CtrSVDD_0010_E_0001306,0.7964315437
CtrSVDD_0011_E_0001307,-6.2515291513
CtrSVDD_0012_E_0001308,-6.7265248120
CtrSVDD_0013_E_0001309,-5.3343428451
CtrSVDD_0014_E_0001310,-4.3527198519
CtrSVDD_0015_E_0001311,-5.2263497767
CtrSVDD_0016_E_0001312,-5.5946575972
CtrSVDD_0017_E_0001313,-6.6642393837
CtrSVDD_0018_E_0001314,-6.8774839036
CtrSVDD_0019_E_0001315,-6.3805705778
CtrSVDD_0020_E_0001316,-6.2422794813
CtrSVDD_0021_E_0001317,-5.2986592261
CtrSVDD_0022_E_0001318,-1.8747589502
CtrSVDD_0023_E_0001319,-4.6038462262
CtrSVDD_0024_E_0001320,-6.2407314910
CtrSVDD_0025_E_0001321,-3.0749513516
CtrSVDD_0026_E_0001322,0.0496774027
CtrSVDD_0027_E_0001323,-5.8902794246
CtrSVDD_0028_E_0001324,-7.2987541090
CtrSVDD_0029_E_0001325,-6.2678813119
CtrSVDD_0030_E_0001326,1.5467608899
CtrSVDD_0031_E_0001327,-7.1412278287
CtrSVDD_0032_E_0001328,-5.3651223201
CtrSVDD_0033_E_0001329,-6.9243020310
CtrSVDD_0034_E_0001330,-7.0991215699
CtrSVDD_0035_E_0001331,-7.5785682139
CtrSVDD_0036_E_0001332,-6.1828659253
CtrSVDD_0037_E_0001333,-6.4693744056
CtrSVDD_0038_E_0001334,-5.5549746510
CtrSVDD_0039_E_0001335,-5.1880403717
CtrSVDD_0040_E_0001336,-3.0350546604
CtrSVDD_0041_E_0001337,-8.3883008899
CtrSVDD_0042_E_0001338,-7.1013830611
CtrSVDD_0043_E_0001339,-6.9099848710
CtrSVDD_0044_E_0001340,-4.6813498524
CtrSVDD_0045_E_0001341,-3.9581334533
CtrSVDD_0046_E_0001342,-4.4474740263
CtrSVDD_0047_E_0001343,-3.5708927499
CtrSVDD_0000_E_0001344,-7.5142546500
CtrSVDD_0001_E_0001345,-6.0978473272
CtrSVDD_0002_E_0001346,1.4120878115
CtrSVDD_0003_E_0001347,-3.8945939118
CtrSVDD_0004_E_0001348,-6.3740329895
CtrSVDD_0005_E_0001349,-8.1785345366
CtrSVDD_0006_E_0001350,-4.9450474867
CtrSVDD_0007_E_0001351,-6.6671457512
CtrSVDD_0008_E_0001352,-0.1170656426
CtrSVDD_0009_E_0001353,-7.1632442425
CtrSVDD_0010_E_0001354,-4.4138061120
CtrSVDD_0011_E_0001355,-4.4848407639
CtrSVDD_0012_E_0001356,-4.7871541235
CtrSVDD_0013_E_0001357,-6.5714199566
CtrSVDD_0014_E_0001358,-4.7778680741
CtrSVDD_0015_E_0001359,-7.4137680796
CtrSVDD_0016_E_0001360,0.0945589226
CtrSVDD_0017_E_0001361,-6.6307000421
CtrSVDD_0018_E_0001362,-6.3049619258
CtrSVDD_0019_E_0001363,-5.4629042059
CtrSVDD_0020_E_0001364,-5.3368798298
CtrSVDD_0021_E_0001365,-5.5665821922
CtrSVDD_0022_E_0001366,-7.3459677762
CtrSVDD_0023_E_0001367,-5.0088554024
CtrSVDD_0024_E_0001368,0.6985152330
CtrSVDD_0025_E_0001369,-6.0700761207
CtrSVDD_0026_E_0001370,-5.2749434890
CtrSVDD_0027_E_0001371,-6.8522402885
CtrSVDD_0028_E_0001372,-3.1115031234
CtrSVDD_0029_E_0001373,-8.7645633553
CtrSVDD_0030_E_0001374,-5.6817960763
CtrSVDD_0031_E_0001375,-6.0098964670
CtrSVDD_0032_E_0001376,-5.1003140099
CtrSVDD_0033_E_0001377,-5.9137128812
CtrSVDD_0034_E_0001378,-0.3608762425
CtrSVDD_0035_E_0001379,-6.8283095188
CtrSVDD_0036_E_0001380,-5.3457629161
CtrSVDD_0037_E_0001381,-7.0624224612
CtrSVDD_0038_E_0001382,-5.9595444214
CtrSVDD_0039_E_0001383,-6.0924250423
CtrSVDD_0040_E_0001384,-5.4365310717
CtrSVDD_0041_E_0001385,-6.4309033485
CtrSVDD_0042_E_0001386,0.2988336633
CtrSVDD_0043_E_0001387,0.1906850892
CtrSVDD_0044_E_0001388,-5.5915755898
CtrSVDD_0045_E_0001389,-5.4398023857
CtrSVDD_0046_E_0001390,-1.0712874999
CtrSVDD_0047_E_0001391,-5.3906612321
CtrSVDD_0000_E_0001392,-5.6809787594
CtrSVDD_0001_E_0001393,-7.6205296585
CtrSVDD_0002_E_0001394,-6.5823441018
CtrSVDD_0003_E_0001395,-4.7090297352
CtrSVDD_0004_E_0001396,0.9240337388
CtrSVDD_0005_E_0001397,-6.1733662411
CtrSVDD_0006_E_0001398,0.9066820700
CtrSVDD_0007_E_0001399,-5.6594826340
CtrSVDD_0008_E_0001400,-6.5635240316
CtrSVDD_0009_E_0001401,-5.8206153970
CtrSVDD_0010_E_0001402,-7.7837158125
CtrSVDD_0011_E_0001403,-6.0879017633
CtrSVDD_0012_E_0001404,-7.9011585816
CtrSVDD_0013_E_0001405,-7.3263544829
CtrSVDD_0014_E_0001406,-0.7983538465
CtrSVDD_0015_E_0001407,-6.4724382322
CtrSVDD_0016_E_0001408,-5.2442823491
CtrSVDD_0017_E_0001409,-7.5589416219
CtrSVDD_0018_E_0001410,-5.3355929572
CtrSVDD_0019_E_0001411,-7.4845173379
CtrSVDD_0020_E_0001412,-6.8750212265
CtrSVDD_0021_E_0001413,-8.0511139342
CtrSVDD_0022_E_0001414,-6.2481967314
CtrSVDD_0023_E_0001415,-7.2050978519
CtrSVDD_0024_E_0001416,-5.4767030382
CtrSVDD_0025_E_0001417,0.3638636612
CtrSVDD_0026_E_0001418,-6.8819822860
CtrSVDD_0027_E_0001419,-3.3556061975
CtrSVDD_0028_E_0001420,-5.3503628590
CtrSVDD_0029_E_0001421,-7.0975067085
CtrSVDD_0030_E_0001422,-6.7275400472
CtrSVDD_0031_E_0001423,-8.1614741328
CtrSVDD_0032_E_0001424,-6.2281451986
CtrSVDD_0033_E_0001425,-5.5344015337
CtrSVDD_0034_E_0001426,-4.4292802132
CtrSVDD_0035_E_0001427,-5.4001609162
CtrSVDD_0036_E_0001428,-6.3271965682
CtrSVDD_0037_E_0001429,-5.9926382962
CtrSVDD_0038_E_0001430,-0.2566706433
CtrSVDD_0039_E_0001431,-5.0941936815
CtrSVDD_0040_E_0001432,0.4320066126
CtrSVDD_0041_E_0001433,0.0034969774
CtrSVDD_0042_E_0001434,-4.9649008591
CtrSVDD_0043_E_0001435,-6.5907257608
CtrSVDD_0044_E_0001436,-6.1900787858
CtrSVDD_0045_E_0001437,-3.3048972098
CtrSVDD_0046_E_0001438,-5.1386948998
CtrSVDD_0047_E_0001439,-5.2001509070
CtrSVDD_0000_E_0001440,-5.8285861576
CtrSVDD_0001_E_0001441,3.7543430350
CtrSVDD_0002_E_0001442,-5.0251543618
CtrSVDD_0003_E_0001443,-7.1759757217
CtrSVDD_0004_E_0001444,-5.5103874817
CtrSVDD_0005_E_0001445,-5.5737359950
CtrSVDD_0006_E_0001446,0.1015865932
CtrSVDD_0007_E_0001447,-6.1294873258
CtrSVDD_0008_E_0001448,-1.2078095279
CtrSVDD_0009_E_0001449,-3.5371880062
CtrSVDD_0010_E_0001450,-4.1034877315
CtrSVDD_0011_E_0001451,-4.4634377946
CtrSVDD_0012_E_0001452,-3.0484908114
CtrSVDD_0013_E_0001453,-7.3375200003
CtrSVDD_0014_E_0001454,-8.0925590514
CtrSVDD_0015_E_0001455,-4.9598170348
CtrSVDD_0016_E_0001456,-4.4881944346
CtrSVDD_0017_E_0001457,-6.6497134167
CtrSVDD_0018_E_0001458,-0.7679408591
CtrSVDD_0019_E_0001459,-6.8590622570
CtrSVDD_0020_E_0001460,-6.3234025245
CtrSVDD_0021_E_0001461,-5.1140009779
CtrSVDD_0022_E_0001462,-6.0580579615
CtrSVDD_0023_E_0001463,-5.6716207328
CtrSVDD_0024_E_0001464,-6.8363067303
CtrSVDD_0025_E_0001465,-6.7722430688
CtrSVDD_0026_E_0001466,-9.4091553195
CtrSVDD_0027_E_0001467,0.5651281436
CtrSVDD_0028_E_0001468,-6.7663714531
CtrSVDD_0029_E_0001469,-5.9510832450
CtrSVDD_0030_E_0001470,-6.9501037971
CtrSVDD_0031_E_0001471,-2.1598411101
CtrSVDD_0032_E_0001472,-5.9010875129
CtrSVDD_0033_E_0001473,-5.9063310179
CtrSVDD_0034_E_0001474,-6.9995035283
CtrSVDD_0035_E_0001475,-7.3763724634
CtrSVDD_0036_E_0001476,-6.4265422553
CtrSVDD_0037_E_0001477,-4.0622844507
CtrSVDD_0038_E_0001478,-5.9165727365
CtrSVDD_0039_E_0001479,-6.2209303952
CtrSVDD_0040_E_0001480,-7.3083713508
CtrSVDD_0041_E_0001481,-7.0225635705
CtrSVDD_0042_E_0001482,-5.7682703421
CtrSVDD_0043_E_0001483,-6.5248441364
CtrSVDD_0044_E_0001484,-1.3751504013
CtrSVDD_0045_E_0001485,-5.1586992190
CtrSVDD_0046_E_0001486,-5.8229684734
CtrSVDD_0047_E_0001487,-6.0092951758
CtrSVDD_0000_E_0001488,-5.2733624306
CtrSVDD_0001_E_0001489,-0.2364828216
CtrSVDD_0002_E_0001490,-7.1564004666
CtrSVDD_0003_E_0001491,-4.4931482626
CtrSVDD_0004_E_0001492,-5.1692412854
CtrSVDD_0005_E_0001493,-6.8340969041
CtrSVDD_0006_E_0001494,0.0062945880
CtrSVDD_0007_E_0001495,-6.3587710889
CtrSVDD_0008_E_0001496,-5.5314571922
CtrSVDD_0009_E_0001497,-5.0470190690
CtrSVDD_0010_E_0001498,-0.0835241769
CtrSVDD_0011_E_0001499,-4.3774739715
CtrSVDD_0012_E_0001500,-5.7157301948
CtrSVDD_0013_E_0001501,-6.8216619492
CtrSVDD_0014_E_0001502,-6.5204582234
CtrSVDD_0015_E_0001503,-4.3997373910
CtrSVDD_0016_E_0001504,-2.9108481586
CtrSVDD_0017_E_0001505,-3.6195179575
CtrSVDD_0018_E_0001506,-4.5494101012
CtrSVDD_0019_E_0001507,-6.1669083340
CtrSVDD_0020_E_0001508,-6.9684989051
CtrSVDD_0021_E_0001509,-5.8931827961
CtrSVDD_0022_E_0001510,-3.7858639709
CtrSVDD_0023_E_0001511,1.0111882266
CtrSVDD_0024_E_0001512,0.0468765635
CtrSVDD_0025_E_0001513,-5.6475981078
CtrSVDD_0026_E_0001514,-3.3783623029
CtrSVDD_0027_E_0001515,-6.7766500773
CtrSVDD_0028_E_0001516,-6.4458527135
CtrSVDD_0029_E_0001517,-7.1164170168
CtrSVDD_0030_E_0001518,-2.7550228074
CtrSVDD_0031_E_0001519,-0.0524786315
CtrSVDD_0032_E_0001520,1.5787329597
CtrSVDD_0033_E_0001521,-3.6715384570
CtrSVDD_0034_E_0001522,-5.9283627987
CtrSVDD_0035_E_0001523,-2.0465015329
CtrSVDD_0036_E_0001524,-1.2742722027
CtrSVDD_0037_E_0001525,-4.3152252590
CtrSVDD_0038_E_0001526,-8.4114158734
CtrSVDD_0039_E_0001527,-4.1879726343
CtrSVDD_0040_E_0001528,-3.6980790341
CtrSVDD_0041_E_0001529,-6.4163703085
CtrSVDD_0042_E_0001530,0.8002791039
CtrSVDD_0043_E_0001531,-8.3426954399
CtrSVDD_0044_E_0001532,-4.0977368438
CtrSVDD_0045_E_0001533,-6.7554208844
CtrSVDD_0046_E_0001534,-5.2643913494
CtrSVDD_0047_E_0001535,-7.3356821787
CtrSVDD_0000_E_0001536,-6.0092006145
CtrSVDD_0001_E_0001537,1.2254011678
CtrSVDD_0002_E_0001538,0.9369732433
CtrSVDD_0003_E_0001539,-5.7301338802
CtrSVDD_0004_E_0001540,-6.8108074474
CtrSVDD_0005_E_0001541,-5.0610026732
CtrSVDD_0006_E_0001542,0.1707792806
CtrSVDD_0007_E_0001543,-5.0636430763
CtrSVDD_0008_E_0001544,-1.1076002757
CtrSVDD_0009_E_0001545,-6.3118719918
CtrSVDD_0010_E_0001546,-2.1212348893
CtrSVDD_0011_E_0001547,-2.3015770689
CtrSVDD_0012_E_0001548,-7.1300270113
CtrSVDD_0013_E_0001549,-7.4956001802
CtrSVDD_0014_E_0001550,-5.2909639962
CtrSVDD_0015_E_0001551,-4.9249748771
CtrSVDD_0016_E_0001552,-1.2998908171
CtrSVDD_0017_E_0001553,-5.7790641220
CtrSVDD_0018_E_0001554,-5.1077261428
CtrSVDD_0019_E_0001555,0.4864133783
CtrSVDD_0020_E_0001556,0.2929880969
CtrSVDD_0021_E_0001557,-5.8643504375
CtrSVDD_0022_E_0001558,-2.9279034262
CtrSVDD_0023_E_0001559,-6.9844662743
CtrSVDD_0024_E_0001560,-5.6509431244
CtrSVDD_0025_E_0001561,-0.3743454506
CtrSVDD_0026_E_0001562,-0.4801251684
CtrSVDD_0027_E_0001563,-1.4197105540
CtrSVDD_0028_E_0001564,0.2451224673
CtrSVDD_0029_E_0001565,-4.0908624901
CtrSVDD_0030_E_0001566,-8.7285012019
CtrSVDD_0031_E_0001567,-7.0221020856
CtrSVDD_0032_E_0001568,-6.2265972083
CtrSVDD_0033_E_0001569,-4.9888628674
CtrSVDD_0034_E_0001570,-4.8967229557
CtrSVDD_0035_E_0001571,-5.5522358138
CtrSVDD_0036_E_0001572,-7.6866198990
CtrSVDD_0037_E_0001573,-0.9326427283
CtrSVDD_0038_E_0001574,-5.9668421138
CtrSVDD_0039_E_0001575,-5.2590882378
CtrSVDD_0040_E_0001576,-4.4880102630
CtrSVDD_0041_E_0001577,-6.1282615619
CtrSVDD_0042_E_0001578,1.3347095063
CtrSVDD_0043_E_0001579,-8.8470040809
CtrSVDD_0044_E_0001580,-7.0397843995
CtrSVDD_0045_E_0001581,-2.1251814840
CtrSVDD_0046_E_0001582,-5.1258299982
CtrSVDD_0047_E_0001583,-5.9836800947
CtrSVDD_0000_E_0001584,-6.3829765956
CtrSVDD_0001_E_0001585,-6.1552517653
CtrSVDD_0002_E_0001586,-4.4049949154
CtrSVDD_0003_E_0001587,-4.9920706313
CtrSVDD_0004_E_0001588,-7.1382332720
CtrSVDD_0005_E_0001589,-5.2846525267
CtrSVDD_0006_E_0001590,-5.5476343514
CtrSVDD_0007_E_0001591,-3.3925424975
CtrSVDD_0008_E_0001592,-5.8234578281
CtrSVDD_0009_E_0001593,-5.2125112110
CtrSVDD_0010_E_0001594,-7.7266722815
CtrSVDD_0011_E_0001595,1.9439844904
CtrSVDD_0012_E_0001596,-5.9206756587
CtrSVDD_0013_E_0001597,-5.2237612624
CtrSVDD_0014_E_0001598,-3.6836639933
CtrSVDD_0015_E_0001599,-4.9849477943
CtrSVDD_0016_E_0001600,-5.1005387987
CtrSVDD_0017_E_0001601,-6.0200229786
CtrSVDD_0018_E_0001602,-5.3616635864
CtrSVDD_0019_E_0001603,-3.4229045028
CtrSVDD_0020_E_0001604,-4.5272773218
CtrSVDD_0021_E_0001605,-6.8714935855
CtrSVDD_0022_E_0001606,-6.3755481294
CtrSVDD_0023_E_0001607,-5.8133862685
CtrSVDD_0024_E_0001608,-6.6720058338
CtrSVDD_0025_E_0001609,-4.3811512949
CtrSVDD_0026_E_0001610,-5.0911144731
CtrSVDD_0027_E_0001611,-6.3826209315
CtrSVDD_0028_E_0001612,-6.8981987226
CtrSVDD_0029_E_0001613,-6.3579935915
CtrSVDD_0030_E_0001614,-6.8914366729
CtrSVDD_0031_E_0001615,-5.3278884481
CtrSVDD_0032_E_0001616,-7.2741212910
CtrSVDD_0033_E_0001617,-2.8547034542
CtrSVDD_0034_E_0001618,-0.2610099665
CtrSVDD_0035_E_0001619,-2.3352330401
CtrSVDD_0036_E_0001620,-6.3249240379
CtrSVDD_0037_E_0001621,-8.9479479150
CtrSVDD_0038_E_0001622,-0.5101690464
CtrSVDD_0039_E_0001623,-7.0638489392
CtrSVDD_0040_E_0001624,-3.6830873288
CtrSVDD_0041_E_0001625,-1.2617708616
CtrSVDD_0042_E_0001626,-6.9262043374
CtrSVDD_0043_E_0001627,-7.5348499437
CtrSVDD_0044_E_0001628,-2.3571626578
CtrSVDD_0045_E_0001629,0.1170656426
CtrSVDD_0046_E_0001630,-0.4598173600
CtrSVDD_0047_E_0001631,1.1276053953
CtrSVDD_0000_E_0001632,-6.1386666609
CtrSVDD_0001_E_0001633,-4.6431099692
CtrSVDD_0002_E_0001634,-5.9799884711
CtrSVDD_0003_E_0001635,-4.7298534855
CtrSVDD_0004_E_0001636,-3.2793133648
CtrSVDD_0005_E_0001637,-6.9663377100
CtrSVDD_0006_E_0001638,0.2959096162
CtrSVDD_0007_E_0001639,-4.6841376343
CtrSVDD_0008_E_0001640,-8.1201632536
CtrSVDD_0009_E_0001641,-7.6964247334
CtrSVDD_0010_E_0001642,-4.2119980879
CtrSVDD_0011_E_0001643,-6.8830232367
CtrSVDD_0012_E_0001644,-2.5795553292
CtrSVDD_0013_E_0001645,-6.2527734540
CtrSVDD_0014_E_0001646,-3.7422515159
CtrSVDD_0015_E_0001647,-1.7320449440
CtrSVDD_0016_E_0001648,-8.4161433330
CtrSVDD_0017_E_0001649,-7.4019999766
CtrSVDD_0018_E_0001650,-4.6096923370
CtrSVDD_0019_E_0001651,-4.3327827131
CtrSVDD_0020_E_0001652,-6.0258928059
CtrSVDD_0021_E_0001653,-4.5096529122
CtrSVDD_0022_E_0001654,-7.3320130842
CtrSVDD_0023_E_0001655,-8.5662472190
CtrSVDD_0024_E_0001656,-7.2635577657
CtrSVDD_0025_E_0001657,-6.0082887375
CtrSVDD_0026_E_0001658,-4.0131320330
CtrSVDD_0027_E_0001659,-5.8873762765
CtrSVDD_0028_E_0001660,-6.5790236785
CtrSVDD_0029_E_0001661,-4.1666793759
CtrSVDD_0030_E_0001662,-7.6501134443
CtrSVDD_0031_E_0001663,-7.8410312614
CtrSVDD_0032_E_0001664,-5.8076056202
CtrSVDD_0033_E_0001665,-6.2021571761
CtrSVDD_0034_E_0001666,-0.6057481746
CtrSVDD_0035_E_0001667,-7.5864048283
CtrSVDD_0036_E_0001668,-5.6021980738
CtrSVDD_0037_E_0001669,-7.1192933190
CtrSVDD_0038_E_0001670,-4.7868202030
CtrSVDD_0039_E_0001671,-3.1763579173
CtrSVDD_0040_E_0001672,-6.7357690850
CtrSVDD_0041_E_0001673,-7.1379808857
CtrSVDD_0042_E_0001674,-4.9500065364
CtrSVDD_0043_E_0001675,-6.7420265579
CtrSVDD_0044_E_0001676,-1.8691509537
CtrSVDD_0045_E_0001677,-5.3864930008
CtrSVDD_0046_E_0001678,-6.3684651589
CtrSVDD_0047_E_0001679,-6.4635087154
CtrSVDD_0000_E_0001680,-4.5994846530
CtrSVDD_0001_E_0001681,-6.6671442077
CtrSVDD_0002_E_0001682,-7.1730570061
CtrSVDD_0003_E_0001683,-5.5187728926
CtrSVDD_0004_E_0001684,-6.3612098659
CtrSVDD_0005_E_0001685,-5.5113336127
CtrSVDD_0006_E_0001686,-4.6050580242
CtrSVDD_0007_E_0001687,-2.8723317503
CtrSVDD_0008_E_0001688,-7.9697588972
CtrSVDD_0009_E_0001689,-6.8681392501
CtrSVDD_0010_E_0001690,-7.4946037645
CtrSVDD_0011_E_0001691,-0.5717042991
CtrSVDD_0012_E_0001692,-4.7717291956
CtrSVDD_0013_E_0001693,-2.8762234255
CtrSVDD_0014_E_0001694,0.5181513452
CtrSVDD_0015_E_0001695,-3.8693000808
CtrSVDD_0016_E_0001696,1.3130262377
CtrSVDD_0017_E_0001697,-6.9535356052
CtrSVDD_0018_E_0001698,0.8494205515
CtrSVDD_0019_E_0001699,-7.7289029815
CtrSVDD_0020_E_0001700,-5.2432594568
CtrSVDD_0021_E_0001701,-3.9209508452
CtrSVDD_0022_E_0001702,-0.0580823470
CtrSVDD_0023_E_0001703,0.1297510487
CtrSVDD_0024_E_0001704,-5.6709939581
CtrSVDD_0025_E_0001705,-5.6934420050
CtrSVDD_0026_E_0001706,-5.2457553944
CtrSVDD_0027_E_0001707,-6.4991715087
CtrSVDD_0028_E_0001708,-7.6666437897
CtrSVDD_0029_E_0001709,-6.6177525969
CtrSVDD_0030_E_0001710,-5.3800087951
CtrSVDD_0031_E_0001711,-5.6207397566
CtrSVDD_0032_E_0001712,-6.1537718270
CtrSVDD_0033_E_0001713,-5.7820902295
CtrSVDD_0034_E_0001714,0.7511423942
CtrSVDD_0035_E_0001715,-3.9117419218
CtrSVDD_0036_E_0001716,-7.8305085659
CtrSVDD_0037_E_0001717,-5.4679192592
CtrSVDD_0038_E_0001718,-4.2959000908
CtrSVDD_0039_E_0001719,-7.2789898734
CtrSVDD_0040_E_0001720,-4.6457308226
CtrSVDD_0041_E_0001721,-6.9639956964
CtrSVDD_0042_E_0001722,-6.5008842602
CtrSVDD_0043_E_0001723,-6.3466983093
CtrSVDD_0044_E_0001724,-6.5723819347
CtrSVDD_0045_E_0001725,-6.5169540961
CtrSVDD_0046_E_0001726,-7.2657603406
CtrSVDD_0047_E_0001727,-5.8038003330
CtrSVDD_0000_E_0001728,1.9257990969
CtrSVDD_0001_E_0001729,-5.1008801663
CtrSVDD_0002_E_0001730,-4.7840482810
CtrSVDD_0003_E_0001731,-8.9760376134
CtrSVDD_0004_E_0001732,-6.3423444582
CtrSVDD_0005_E_0001733,-6.4679747205
CtrSVDD_0006_E_0001734,1.5984941976
CtrSVDD_0007_E_0001735,-6.7111824006
CtrSVDD_0008_E_0001736,-1.3263921989
CtrSVDD_0009_E_0001737,-6.3757206220
CtrSVDD_0010_E_0001738,-5.4228267855
CtrSVDD_0011_E_0001739,-5.8300130278
CtrSVDD_0012_E_0001740,-0.1414404467
CtrSVDD_0013_E_0001741,-8.8900853694
CtrSVDD_0014_E_0001742,-6.3144389195
CtrSVDD_0015_E_0001743,-6.6056159093
CtrSVDD_0016_E_0001744,-6.1176927228
CtrSVDD_0017_E_0001745,-6.6860489141
CtrSVDD_0018_E_0001746,-2.9462427356
CtrSVDD_0019_E_0001747,-6.7373122688
CtrSVDD_0020_E_0001748,-7.0786457762
CtrSVDD_0021_E_0001749,-6.6964711288
CtrSVDD_0022_E_0001750,-7.0507232002
CtrSVDD_0023_E_0001751,-5.4084988648
CtrSVDD_0024_E_0001752,-3.1166809309
CtrSVDD_0025_E_0001753,-4.1893517800
CtrSVDD_0026_E_0001754,-5.2767605972
CtrSVDD_0027_E_0001755,-7.4668221383
CtrSVDD_0028_E_0001756,-6.8251180406
CtrSVDD_0029_E_0001757,-7.5473527939
CtrSVDD_0030_E_0001758,-5.9285062712
CtrSVDD_0031_E_0001759,-0.0145376379
CtrSVDD_0032_E_0001760,-6.5515520973
CtrSVDD_0033_E_0001761,-7.4383599971
CtrSVDD_0034_E_0001762,-0.5149544913
CtrSVDD_0035_E_0001763,-4.9782994127
CtrSVDD_0036_E_0001764,-7.6543814648
CtrSVDD_0037_E_0001765,-7.0908875341
CtrSVDD_0038_E_0001766,-6.5729282561
CtrSVDD_0039_E_0001767,-0.3415349575
CtrSVDD_0040_E_0001768,-7.9351692703
CtrSVDD_0041_E_0001769,-1.6453949376
CtrSVDD_0042_E_0001770,-0.3528154914
CtrSVDD_0043_E_0001771,-0.0664913965
CtrSVDD_0044_E_0001772,-5.6643708468
CtrSVDD_0045_E_0001773,-6.4869630990
CtrSVDD_0046_E_0001774,-6.9757234158
CtrSVDD_0047_E_0001775,-5.2518369176
CtrSVDD_0000_E_0001776,-6.0428941282
CtrSVDD_0001_E_0001777,-4.0962973521
CtrSVDD_0002_E_0001778,-5.7970061144
CtrSVDD_0003_E_0001779,-0.3802476369
CtrSVDD_0004_E_0001780,-6.1659724363
CtrSVDD_0005_E_0001781,-5.5337838154
CtrSVDD_0006_E_0001782,-5.2242445633
CtrSVDD_0007_E_0001783,-4.1529445338
CtrSVDD_0008_E_0001784,-7.3029651472
CtrSVDD_0009_E_0001785,-5.7880760881
CtrSVDD_0010_E_0001786,-3.5292737658
CtrSVDD_0011_E_0001787,0.6578995520
CtrSVDD_0012_E_0001788,-6.4556869592
CtrSVDD_0013_E_0001789,-4.7763573815
CtrSVDD_0014_E_0001790,-5.4725781030
CtrSVDD_0015_E_0001791,-4.5556296292
CtrSVDD_0016_E_0001792,-0.4780647520
CtrSVDD_0017_E_0001793,-5.4538966299
CtrSVDD_0018_E_0001794,-5.4161439428
CtrSVDD_0019_E_0001795,-5.4145610109
CtrSVDD_0020_E_0001796,-6.0817486578
CtrSVDD_0021_E_0001797,1.0228863013
CtrSVDD_0022_E_0001798,-5.6588409866
CtrSVDD_0023_E_0001799,-3.8975244064
CtrSVDD_0024_E_0001800,-0.8737499097
CtrSVDD_0025_E_0001801,-7.0789158529
CtrSVDD_0026_E_0001802,-7.2047477465
CtrSVDD_0027_E_0001803,-0.4182268725
CtrSVDD_0028_E_0001804,-1.8912292378
CtrSVDD_0029_E_0001805,-5.6017885964
CtrSVDD_0030_E_0001806,-7.0178975281
CtrSVDD_0031_E_0001807,-6.8205329805
CtrSVDD_0032_E_0001808,-4.6846656681
CtrSVDD_0033_E_0001809,-6.5013959123
CtrSVDD_0034_E_0001810,-3.7842438428
CtrSVDD_0035_E_0001811,-5.7510039081
CtrSVDD_0036_E_0001812,-7.7091518171
CtrSVDD_0037_E_0001813,-5.6242549357
CtrSVDD_0038_E_0001814,-7.8165009204
CtrSVDD_0039_E_0001815,-0.6003450504
CtrSVDD_0040_E_0001816,0.9283296332
CtrSVDD_0041_E_0001817,-5.6445155988
CtrSVDD_0042_E_0001818,-4.6797751049
CtrSVDD_0043_E_0001819,-7.2960199778
CtrSVDD_0044_E_0001820,-6.3861685375
CtrSVDD_0045_E_0001821,-1.4313017591
CtrSVDD_0046_E_0001822,-7.1521048188
CtrSVDD_0047_E_0001823,-4.8764607345
CtrSVDD_0000_E_0001824,-3.1594379401
CtrSVDD_0001_E_0001825,-6.9128866364
CtrSVDD_0002_E_0001826,-4.9690435152
CtrSVDD_0003_E_0001827,-5.8846825524
CtrSVDD_0004_E_0001828,-0.1353955945
CtrSVDD_0005_E_0001829,-5.0362728629
CtrSVDD_0006_E_0001830,0.2752454191
CtrSVDD_0007_E_0001831,-6.1707967785
CtrSVDD_0008_E_0001832,-5.8283641027
CtrSVDD_0009_E_0001833,-0.8392748757
CtrSVDD_0010_E_0001834,0.4228111722
CtrSVDD_0011_E_0001835,-7.1405264245
CtrSVDD_0012_E_0001836,-5.9962296986
CtrSVDD_0013_E_0001837,-5.7244821236
CtrSVDD_0014_E_0001838,-4.5950046119
CtrSVDD_0015_E_0001839,-6.2019401035
CtrSVDD_0016_E_0001840,0.7604483910
CtrSVDD_0017_E_0001841,-6.7343800736
CtrSVDD_0018_E_0001842,-6.4907579024
CtrSVDD_0019_E_0001843,-6.5020345759
CtrSVDD_0020_E_0001844,-8.0639176260
CtrSVDD_0021_E_0001845,0.4738558864
CtrSVDD_0022_E_0001846,-6.1605542262
CtrSVDD_0023_E_0001847,-7.6627482668
CtrSVDD_0024_E_0001848,0.0454762832
CtrSVDD_0025_E_0001849,-6.2009422618
CtrSVDD_0026_E_0001850,-4.2541035895
CtrSVDD_0027_E_0001851,-5.4722431167
CtrSVDD_0028_E_0001852,-6.7130757920
CtrSVDD_0029_E_0001853,-5.9772694948
CtrSVDD_0030_E_0001854,-4.7144750053
CtrSVDD_0031_E_0001855,0.2436812725
CtrSVDD_0032_E_0001856,-5.3663142318
CtrSVDD_0033_E_0001857,-4.8409078471
CtrSVDD_0034_E_0001858,-0.5229565873
CtrSVDD_0035_E_0001859,-6.3131524997
CtrSVDD_0036_E_0001860,1.6086134433
CtrSVDD_0037_E_0001861,-3.4658700622
CtrSVDD_0038_E_0001862,-6.5974647087
CtrSVDD_0039_E_0001863,-1.4713997696
CtrSVDD_0040_E_0001864,-8.0294088617
CtrSVDD_0041_E_0001865,-5.7321782986
CtrSVDD_0042_E_0001866,0.9588950729
CtrSVDD_0043_E_0001867,-4.8058100404
CtrSVDD_0044_E_0001868,-3.3297700742
CtrSVDD_0045_E_0001869,-3.6241574649
CtrSVDD_0046_E_0001870,-6.8092224410
CtrSVDD_0047_E_0001871,-7.2034464203
CtrSVDD_0000_E_0001872,0.9175473861
CtrSVDD_0001_E_0001873,-5.3001109684
CtrSVDD_0002_E_0001874,-4.5490943371
CtrSVDD_0003_E_0001875,-4.2306693055
CtrSVDD_0004_E_0001876,0.1878369565
CtrSVDD_0005_E_0001877,1.7649809686
CtrSVDD_0006_E_0001878,1.7878416882
CtrSVDD_0007_E_0001879,-5.7783356394
CtrSVDD_0008_E_0001880,-0.7382221511
CtrSVDD_0009_E_0001881,-6.4545688957
CtrSVDD_0010_E_0001882,-6.4396289693
CtrSVDD_0011_E_0001883,-2.7295277151
CtrSVDD_0012_E_0001884,-8.5601202217
CtrSVDD_0013_E_0001885,-4.3898525840
CtrSVDD_0014_E_0001886,-3.5142825754
CtrSVDD_0015_E_0001887,-7.1657840761
CtrSVDD_0016_E_0001888,-4.9177071896
CtrSVDD_0017_E_0001889,-2.3983178959
CtrSVDD_0018_E_0001890,-6.4130690458
CtrSVDD_0019_E_0001891,-8.9244571411
CtrSVDD_0020_E_0001892,-5.0165809052
CtrSVDD_0021_E_0001893,-6.3199178449
CtrSVDD_0022_E_0001894,-4.3163046725
CtrSVDD_0023_E_0001895,-6.8773059430
CtrSVDD_0024_E_0001896,-6.1788772681
CtrSVDD_0025_E_0001897,-8.1968396562
CtrSVDD_0026_E_0001898,-6.2985406243
CtrSVDD_0027_E_0001899,-6.6947814374
CtrSVDD_0028_E_0001900,-8.0621973166
CtrSVDD_0029_E_0001901,0.0104911032
CtrSVDD_0030_E_0001902,-0.4943008145
CtrSVDD_0031_E_0001903,-6.0317707503
CtrSVDD_0032_E_0001904,-5.6319830848
CtrSVDD_0033_E_0001905,-4.5908188031
CtrSVDD_0034_E_0001906,-6.3182704290
CtrSVDD_0035_E_0001907,1.0733122116
CtrSVDD_0036_E_0001908,-6.0152410577
CtrSVDD_0037_E_0001909,-9.2165795157
CtrSVDD_0038_E_0001910,-5.7458477569
CtrSVDD_0039_E_0001911,-7.5430619420
CtrSVDD_0040_E_0001912,-5.7362573794
CtrSVDD_0041_E_0001913,-7.4241472891
CtrSVDD_0042_E_0001914,-4.7029846020
CtrSVDD_0043_E_0001915,-4.9965580676
CtrSVDD_0044_E_0001916,-7.0278747018
CtrSVDD_0045_E_0001917,1.2331435240
CtrSVDD_0046_E_0001918,-4.6110136600
CtrSVDD_0047_E_0001919,-6.7737117527
CtrSVDD_0000_E_0001920,-5.7988241285
CtrSVDD_0001_E_0001921,-2.7035450572
CtrSVDD_0002_E_0001922,-8.7973382327
CtrSVDD_0003_E_0001923,-6.2200075638
CtrSVDD_0004_E_0001924,-3.0644039985
CtrSVDD_0005_E_0001925,2.8288644327
CtrSVDD_0006_E_0001926,-6.0098219991
CtrSVDD_0007_E_0001927,-6.9701096555
CtrSVDD_0008_E_0001928,-6.6205071726
CtrSVDD_0009_E_0001929,-6.8411179566
CtrSVDD_0010_E_0001930,-4.3858432192
CtrSVDD_0011_E_0001931,-5.5564417897
CtrSVDD_0012_E_0001932,-6.9718187702
CtrSVDD_0013_E_0001933,-6.4512711315
CtrSVDD_0014_E_0001934,-4.6689109870
CtrSVDD_0015_E_0001935,-8.1243998184
CtrSVDD_0016_E_0001936,-6.8283018963
CtrSVDD_0017_E_0001937,-9.0347646724
CtrSVDD_0018_E_0001938,-7.4603180535
CtrSVDD_0019_E_0001939,-5.8438410401
CtrSVDD_0020_E_0001940,-5.1659115424
CtrSVDD_0021_E_0001941,-6.1245804023
CtrSVDD_0022_E_0001942,-6.8897954266
CtrSVDD_0023_E_0001943,-8.1082080735
CtrSVDD_0024_E_0001944,-6.8179335653
CtrSVDD_0025_E_0001945,-2.1894422649
CtrSVDD_0026_E_0001946,-6.8234489338
CtrSVDD_0027_E_0001947,-5.3502862130
CtrSVDD_0028_E_0001948,-0.8002791039
CtrSVDD_0029_E_0001949,-5.5794581675
CtrSVDD_0030_E_0001950,-7.0521467558
CtrSVDD_0031_E_0001951,-5.1202547203
CtrSVDD_0032_E_0001952,-1.7583790479
CtrSVDD_0033_E_0001953,-6.2375646231
CtrSVDD_0034_E_0001954,-0.6628312663
CtrSVDD_0035_E_0001955,-6.1567312000
CtrSVDD_0036_E_0001956,-5.4742876263
CtrSVDD_0037_E_0001957,-7.0559158348
CtrSVDD_0038_E_0001958,-5.6134546736
CtrSVDD_0039_E_0001959,-6.5457981975
CtrSVDD_0040_E_0001960,-4.4069381117
CtrSVDD_0041_E_0001961,-6.9792504637
CtrSVDD_0042_E_0001962,-2.3110905224
CtrSVDD_0043_E_0001963,-7.3521042005
CtrSVDD_0044_E_0001964,-4.9491459956
CtrSVDD_0045_E_0001965,-6.8105399450
CtrSVDD_0046_E_0001966,-8.0192387590
CtrSVDD_0047_E_0001967,-1.4274166951
CtrSVDD_0000_E_0001968,-7.3653571693
CtrSVDD_0001_E_0001969,-6.6134265329
CtrSVDD_0002_E_0001970,-6.4063126979
CtrSVDD_0003_E_0001971,-5.9519501948
CtrSVDD_0004_E_0001972,-5.4302907440
CtrSVDD_0005_E_0001973,0.1778803231
CtrSVDD_0006_E_0001974,-5.4223642925
CtrSVDD_0007_E_0001975,-5.2718263277
CtrSVDD_0008_E_0001976,0.0020981837
CtrSVDD_0009_E_0001977,-2.6522505028
CtrSVDD_0010_E_0001978,0.6150761009
CtrSVDD_0011_E_0001979,-5.2878141206
CtrSVDD_0012_E_0001980,-5.1677095908
CtrSVDD_0013_E_0001981,-6.4658010146
CtrSVDD_0014_E_0001982,-3.4849145151
CtrSVDD_0015_E_0001983,-5.4620739954
CtrSVDD_0016_E_0001984,-4.0305681047
CtrSVDD_0017_E_0001985,0.5660619668
CtrSVDD_0018_E_0001986,-2.1052458295
CtrSVDD_0019_E_0001987,-4.5790352249
CtrSVDD_0020_E_0001988,-9.2936620412
CtrSVDD_0021_E_0001989,-6.7946304179
CtrSVDD_0022_E_0001990,-5.3079275922
CtrSVDD_0023_E_0001991,-5.4428476053
CtrSVDD_0024_E_0001992,-5.3127483212
CtrSVDD_0025_E_0001993,-4.8976428583
CtrSVDD_0026_E_0001994,-7.9572760785
CtrSVDD_0027_E_0001995,-6.8431599867
CtrSVDD_0028_E_0001996,-6.4040587680
CtrSVDD_0029_E_0001997,-5.8305882017
CtrSVDD_0030_E_0001998,-1.4631907961
CtrSVDD_0031_E_0001999,-7.3543465786
CtrSVDD_0032_E_0002000,-7.5624937401
CtrSVDD_0033_E_0002001,-6.9978506966
CtrSVDD_0034_E_0002002,-4.5399951737
CtrSVDD_0035_E_0002003,-8.9131265667
CtrSVDD_0036_E_0002004,-9.7614252537
CtrSVDD_0037_E_0002005,-5.8718022695
CtrSVDD_0038_E_0002006,-5.4895972988
CtrSVDD_0039_E_0002007,-4.3266102671
CtrSVDD_0040_E_0002008,-5.4942221463
CtrSVDD_0041_E_0002009,-5.9028997894
CtrSVDD_0042_E_0002010,-6.6354583125
CtrSVDD_0043_E_0002011,-7.6679744077
CtrSVDD_0044_E_0002012,-4.7575908079
CtrSVDD_0045_E_0002013,-6.4964962021
CtrSVDD_0046_E_0002014,-6.1900048972
CtrSVDD_0047_E_0002015,-7.3476326613
CtrSVDD_0000_E_0002016,-2.9615378475
CtrSVDD_0001_E_0002017,-1.9282676707
CtrSVDD_0002_E_0002018,-7.3431505077
CtrSVDD_0003_E_0002019,-7.0076191889
CtrSVDD_0004_E_0002020,-8.4096041824
CtrSVDD_0005_E_0002021,-5.6539464272
CtrSVDD_0006_E_0002022,-6.3302100288
CtrSVDD_0007_E_0002023,-6.5347109667
CtrSVDD_0008_E_0002024,-6.5701677189
CtrSVDD_0009_E_0002025,-7.4226597651
CtrSVDD_0010_E_0002026,-7.6182415769
CtrSVDD_0011_E_0002027,-8.8073275919
CtrSVDD_0012_E_0002028,-6.3368093157
CtrSVDD_0013_E_0002029,-5.8627054566
CtrSVDD_0014_E_0002030,-4.2312056425
CtrSVDD_0015_E_0002031,-6.6026279363
CtrSVDD_0016_E_0002032,-4.5322445194
CtrSVDD_0017_E_0002033,-5.3635905156
CtrSVDD_0018_E_0002034,0.7127435471
CtrSVDD_0019_E_0002035,-6.2053880402
CtrSVDD_0020_E_0002036,-6.4702125659
CtrSVDD_0021_E_0002037,-6.1272463036
CtrSVDD_0022_E_0002038,-6.1673084223
CtrSVDD_0023_E_0002039,-6.5970744201
CtrSVDD_0024_E_0002040,-5.2767164942
CtrSVDD_0025_E_0002041,-4.3431775725
CtrSVDD_0026_E_0002042,-7.4574729329
CtrSVDD_0027_E_0002043,-5.5402861039
CtrSVDD_0028_E_0002044,-8.6734515725
CtrSVDD_0029_E_0002045,-7.1330083915
CtrSVDD_0030_E_0002046,-7.9415993679
CtrSVDD_0031_E_0002047,-6.1371649991
CtrSVDD_0032_E_0002048,-5.2959992428
CtrSVDD_0033_E_0002049,-5.2781026850
CtrSVDD_0034_E_0002050,-8.5395502676
CtrSVDD_0035_E_0002051,-1.0492027322
CtrSVDD_0036_E_0002052,-8.3233735465
CtrSVDD_0037_E_0002053,-3.4404312978
CtrSVDD_0038_E_0002054,-6.9480317677
CtrSVDD_0039_E_0002055,-7.4167256437
CtrSVDD_0040_E_0002056,-1.1462925919
CtrSVDD_0041_E_0002057,-7.1367640814
CtrSVDD_0042_E_0002058,-4.2271293954
CtrSVDD_0043_E_0002059,-5.5717975888
CtrSVDD_0044_E_0002060,-7.0793677472
CtrSVDD_0045_E_0002061,-5.9463142507
CtrSVDD_0046_E_0002062,-7.5375466225
CtrSVDD_0047_E_0002063,-8.4034758888
CtrSVDD_0000_E_0002064,-6.5312275862
CtrSVDD_0001_E_0002065,-5.2972290481
CtrSVDD_0002_E_0002066,-7.8216415582
CtrSVDD_0003_E_0002067,-5.8724477581
CtrSVDD_0004_E_0002068,-7.5581479663
CtrSVDD_0005_E_0002069,-5.0068691889
CtrSVDD_0006_E_0002070,-1.1144948228
CtrSVDD_0007_E_0002071,-8.7617120913
CtrSVDD_0008_E_0002072,-6.6976935548
CtrSVDD_0009_E_0002073,-6.3393896935
CtrSVDD_0010_E_0002074,-0.0076934104
CtrSVDD_0011_E_0002075,-3.4069396475
CtrSVDD_0012_E_0002076,-7.3961525395
CtrSVDD_0013_E_0002077,-4.9333375216
CtrSVDD_0014_E_0002078,-7.5428945867
CtrSVDD_0015_E_0002079,-0.6648625781
CtrSVDD_0016_E_0002080,-3.1645243505
CtrSVDD_0017_E_0002081,-7.0782154576
CtrSVDD_0018_E_0002082,-5.9164204369
CtrSVDD_0019_E_0002083,-6.6807149296
CtrSVDD_0020_E_0002084,-6.5945170502
CtrSVDD_0021_E_0002085,-4.1009665654
CtrSVDD_0022_E_0002086,-7.3678951163
CtrSVDD_0023_E_0002087,0.6666083698
CtrSVDD_0024_E_0002088,-3.9648618820
CtrSVDD_0025_E_0002089,-5.4018425154
CtrSVDD_0026_E_0002090,-4.4536128339
CtrSVDD_0027_E_0002091,-4.4270582564
CtrSVDD_0028_E_0002092,-6.2682084789
CtrSVDD_0029_E_0002093,1.3151769909
CtrSVDD_0030_E_0002094,-9.0273438565
CtrSVDD_0031_E_0002095,-5.0751495266
CtrSVDD_0032_E_0002096,-6.0701146184
CtrSVDD_0033_E_0002097,-6.2928185511
CtrSVDD_0034_E_0002098,-6.1307124490
CtrSVDD_0035_E_0002099,0.4045260948
CtrSVDD_0036_E_0002100,-8.1731242887
CtrSVDD_0037_E_0002101,-5.4306104694
CtrSVDD_0038_E_0002102,-3.1679102845
CtrSVDD_0039_E_0002103,-6.1906546944
CtrSVDD_0040_E_0002104,-6.4935720890
CtrSVDD_0041_E_0002105,-5.5063711920
CtrSVDD_0042_E_0002106,-2.9927626000
CtrSVDD_0043_E_0002107,-6.7654819643
CtrSVDD_0044_E_0002108,-6.7961688335
CtrSVDD_0045_E_0002109,-6.8261802611
CtrSVDD_0046_E_0002110,-6.3510520936
CtrSVDD_0047_E_0002111,-6.0230815336
CtrSVDD_0000_E_0002112,-5.4763519764
CtrSVDD_0001_E_0002113,-4.9218773826
CtrSVDD_0002_E_0002114,-7.1113654059
CtrSVDD_0003_E_0002115,-0.6499156756
CtrSVDD_0004_E_0002116,0.5358302223
CtrSVDD_0005_E_0002117,-4.3812475470
CtrSVDD_0006_E_0002118,-1.8635099092
CtrSVDD_0007_E_0002119,-7.2488842150
CtrSVDD_0008_E_0002120,-7.2582075216
CtrSVDD_0009_E_0002121,-6.1597502055
CtrSVDD_0010_E_0002122,-7.3001229000
CtrSVDD_0011_E_0002123,-8.7122708747
CtrSVDD_0012_E_0002124,-6.5569462521
CtrSVDD_0013_E_0002125,-3.6894658318
CtrSVDD_0014_E_0002126,-0.3134928526
CtrSVDD_0015_E_0002127,0.8634738849
CtrSVDD_0016_E_0002128,-3.2738967409
CtrSVDD_0017_E_0002129,-8.6516979042
CtrSVDD_0018_E_0002130,-3.0306741331
CtrSVDD_0019_E_0002131,-4.3940907424
CtrSVDD_0020_E_0002132,-3.8891987942
CtrSVDD_0021_E_0002133,-7.5051111544
CtrSVDD_0022_E_0002134,-7.6869218332
CtrSVDD_0023_E_0002135,-6.1852159918
CtrSVDD_0024_E_0002136,-2.3809217766
CtrSVDD_0025_E_0002137,-5.4215262242
CtrSVDD_0026_E_0002138,-7.3839121087
CtrSVDD_0027_E_0002139,0.5882543120
CtrSVDD_0028_E_0002140,-5.8431583194
CtrSVDD_0029_E_0002141,-7.7783602496
CtrSVDD_0030_E_0002142,-6.3319880413
CtrSVDD_0031_E_0002143,0.9348057945
CtrSVDD_0032_E_0002144,-7.5603188507
CtrSVDD_0033_E_0002145,1.4721607661
CtrSVDD_0034_E_0002146,-4.6716387433
CtrSVDD_0035_E_0002147,-6.2944094631
CtrSVDD_0036_E_0002148,-2.5771340015
CtrSVDD_0037_E_0002149,-7.0656949489
CtrSVDD_0038_E_0002150,-6.8990748893
CtrSVDD_0039_E_0002151,-3.5720045439
CtrSVDD_0040_E_0002152,0.0818882703
CtrSVDD_0041_E_0002153,-2.7273815811
CtrSVDD_0042_E_0002154,-7.5890390298
CtrSVDD_0043_E_0002155,-1.1709236590
CtrSVDD_0044_E_0002156,-7.2432777419
CtrSVDD_0045_E_0002157,-6.1400806843
CtrSVDD_0046_E_0002158,-2.2572007159
CtrSVDD_0047_E_0002159,-8.9220062375
CtrSVDD_0000_E_0002160,0.6286535519
CtrSVDD_0001_E_0002161,-6.9090795654
CtrSVDD_0002_E_0002162,-4.9547116116
CtrSVDD_0003_E_0002163,-6.6864217535
CtrSVDD_0004_E_0002164,-7.6130678783
CtrSVDD_0005_E_0002165,-4.0113953041
CtrSVDD_0006_E_0002166,-0.8118936149
CtrSVDD_0007_E_0002167,-6.4888592562
CtrSVDD_0008_E_0002168,-4.9449370275
CtrSVDD_0009_E_0002169,-6.8750801708
CtrSVDD_0010_E_0002170,-4.3252246239
CtrSVDD_0011_E_0002171,-6.8002053148
CtrSVDD_0012_E_0002172,0.7055488387
CtrSVDD_0013_E_0002173,-4.6962260574
CtrSVDD_0014_E_0002174,-6.2297687380
CtrSVDD_0015_E_0002175,-5.7833309894
CtrSVDD_0016_E_0002176,-5.9211045034
CtrSVDD_0017_E_0002177,-6.7366983911
CtrSVDD_0018_E_0002178,-7.0159467100
CtrSVDD_0019_E_0002179,-6.1368668768
CtrSVDD_0020_E_0002180,-5.9790014355
CtrSVDD_0021_E_0002181,-6.2562485977
CtrSVDD_0022_E_0002182,-0.5832725752
CtrSVDD_0023_E_0002183,-3.6333323481
CtrSVDD_0024_E_0002184,-5.8494641540
CtrSVDD_0025_E_0002185,-1.6730978450
CtrSVDD_0026_E_0002186,-3.0253002902
CtrSVDD_0027_E_0002187,-5.2363682591
CtrSVDD_0028_E_0002188,-5.7354911296
CtrSVDD_0029_E_0002189,-1.8207925786
CtrSVDD_0030_E_0002190,0.5394049451
CtrSVDD_0031_E_0002191,-7.4310157987
CtrSVDD_0032_E_0002192,-4.8658489175
CtrSVDD_0033_E_0002193,-2.8127911333
CtrSVDD_0034_E_0002194,-6.7253133979
CtrSVDD_0035_E_0002195,-4.7812730068
CtrSVDD_0036_E_0002196,-7.9384019172
CtrSVDD_0037_E_0002197,-6.4091103640
CtrSVDD_0038_E_0002198,-4.6682722634
CtrSVDD_0039_E_0002199,-7.8788286119
CtrSVDD_0040_E_0002200,-7.3927085126
CtrSVDD_0041_E_0002201,-6.0673641361
CtrSVDD_0042_E_0002202,-7.1069365773
CtrSVDD_0043_E_0002203,-5.9598230846
CtrSVDD_0044_E_0002204,-5.9550795186
CtrSVDD_0045_E_0002205,-4.6223386116
CtrSVDD_0046_E_0002206,-7.1205365765
CtrSVDD_0047_E_0002207,1.4510591404
CtrSVDD_0000_E_0002208,-6.3562479185
CtrSVDD_0001_E_0002209,-4.5800695013
CtrSVDD_0002_E_0002210,-6.8322210139
CtrSVDD_0003_E_0002211,-1.2283701829
CtrSVDD_0004_E_0002212,-0.7345532687
CtrSVDD_0005_E_0002213,-6.5646314282
CtrSVDD_0006_E_0002214,-6.4812406016
CtrSVDD_0007_E_0002215,-2.8168321885
CtrSVDD_0008_E_0002216,-5.3153815128
CtrSVDD_0009_E_0002217,-8.9627772433
CtrSVDD_0010_E_0002218,0.6683561956
CtrSVDD_0011_E_0002219,-8.6613363727
CtrSVDD_0012_E_0002220,-4.1885386556
CtrSVDD_0013_E_0002221,-4.1052976672
CtrSVDD_0014_E_0002222,-4.8997431680
CtrSVDD_0015_E_0002223,-3.9598350683
CtrSVDD_0016_E_0002224,-8.0048174536
CtrSVDD_0017_E_0002225,-7.1864832936
CtrSVDD_0018_E_0002226,-7.4752881603
CtrSVDD_0019_E_0002227,2.7328835547
CtrSVDD_0020_E_0002228,-6.7593702214
CtrSVDD_0021_E_0002229,-3.2940022477
CtrSVDD_0022_E_0002230,-6.0124159952
CtrSVDD_0023_E_0002231,-5.4852505525
CtrSVDD_0024_E_0002232,-6.8535721919
CtrSVDD_0025_E_0002233,-7.5723330352
CtrSVDD_0026_E_0002234,-5.4957622076
CtrSVDD_0027_E_0002235,-7.1255166903
CtrSVDD_0028_E_0002236,-6.6593415448
CtrSVDD_0029_E_0002237,-5.2618994489
CtrSVDD_0030_E_0002238,-6.3564953810
CtrSVDD_0031_E_0002239,-5.2366365426
CtrSVDD_0032_E_0002240,-6.0016635551
CtrSVDD_0033_E_0002241,-5.7145946354
CtrSVDD_0034_E_0002242,-5.9083355675
CtrSVDD_0035_E_0002243,-6.4085815197
CtrSVDD_0036_E_0002244,-5.0761681771
CtrSVDD_0037_E_0002245,-6.5158434905
CtrSVDD_0038_E_0002246,-6.7928346565
CtrSVDD_0039_E_0002247,-7.4013877418
CtrSVDD_0040_E_0002248,-6.3576333796
CtrSVDD_0041_E_0002249,-3.6726119884
CtrSVDD_0042_E_0002250,-4.0061924402
CtrSVDD_0043_E_0002251,-0.4660453558
CtrSVDD_0044_E_0002252,-6.4606713365
CtrSVDD_0045_E_0002253,-5.8089960753
CtrSVDD_0046_E_0002254,-5.9178735667
CtrSVDD_0047_E_0002255,-0.6736119784
CtrSVDD_0000_E_0002256,-5.1673450233
CtrSVDD_0001_E_0002257,-5.1124304743
CtrSVDD_0002_E_0002258,-6.2287907645
CtrSVDD_0003_E_0002259,-0.6930450984
CtrSVDD_0004_E_0002260,-3.6322060639
CtrSVDD_0005_E_0002261,-7.6922069191
CtrSVDD_0006_E_0002262,-3.5623767096
CtrSVDD_0007_E_0002263,-4.3924645882
CtrSVDD_0008_E_0002264,-4.2591487875
CtrSVDD_0009_E_0002265,-3.7817271098
CtrSVDD_0010_E_0002266,-7.2952760644
CtrSVDD_0011_E_0002267,-6.5055241770
CtrSVDD_0012_E_0002268,-6.7397963041
CtrSVDD_0013_E_0002269,-6.0768173056
CtrSVDD_0014_E_0002270,-3.7891058488
CtrSVDD_0015_E_0002271,-6.4555791252
CtrSVDD_0016_E_0002272,-8.0691356412
CtrSVDD_0017_E_0002273,-5.5411607511
CtrSVDD_0018_E_0002274,-6.8342360667
CtrSVDD_0019_E_0002275,-4.4358917325
CtrSVDD_0020_E_0002276,-5.9091563105
CtrSVDD_0021_E_0002277,-5.7857374145
CtrSVDD_0022_E_0002278,-5.6819321193
CtrSVDD_0023_E_0002279,0.9326427283
CtrSVDD_0024_E_0002280,-6.4207290779
CtrSVDD_0025_E_0002281,-0.8799133538
CtrSVDD_0026_E_0002282,-6.2445287985
CtrSVDD_0027_E_0002283,-9.2751062966
CtrSVDD_0028_E_0002284,-5.8278749468
CtrSVDD_0029_E_0002285,-4.5448251947
CtrSVDD_0030_E_0002286,0.4707282311
CtrSVDD_0031_E_0002287,-6.2068138775
CtrSVDD_0032_E_0002288,-3.4531580489
CtrSVDD_0033_E_0002289,-4.4465718419
CtrSVDD_0034_E_0002290,-5.8210571911
CtrSVDD_0035_E_0002291,-2.9689303857
CtrSVDD_0036_E_0002292,-2.2822405175
CtrSVDD_0037_E_0002293,-7.3968499406
CtrSVDD_0038_E_0002294,-6.6235844290
CtrSVDD_0039_E_0002295,-7.5844682949
CtrSVDD_0040_E_0002296,-4.5483116805
CtrSVDD_0041_E_0002297,-6.9941838951
CtrSVDD_0042_E_0002298,-3.2065751420
CtrSVDD_0043_E_0002299,-6.0602951700
CtrSVDD_0044_E_0002300,0.7623174933
CtrSVDD_0045_E_0002301,-5.2028106738
CtrSVDD_0046_E_0002302,-6.4148279383
CtrSVDD_0047_E_0002303,-6.2291993021
CtrSVDD_0000_E_0002304,-2.5555281466
CtrSVDD_0001_E_0002305,-7.3861074348
CtrSVDD_0002_E_0002306,-7.4071604917
CtrSVDD_0003_E_0002307,-3.4148461241
CtrSVDD_0004_E_0002308,-5.9566428389
CtrSVDD_0005_E_0002309,-3.9837699294
CtrSVDD_0006_E_0002310,-0.2020933456
CtrSVDD_0007_E_0002311,-7.7374460451
CtrSVDD_0008_E_0002312,0.9218921745
CtrSVDD_0009_E_0002313,-5.0481531767
CtrSVDD_0010_E_0002314,-6.1416716650
CtrSVDD_0011_E_0002315,-5.0305166925
CtrSVDD_0012_E_0002316,-3.6908533363
CtrSVDD_0013_E_0002317,-6.8738793339
CtrSVDD_0014_E_0002318,-7.0688974657
CtrSVDD_0015_E_0002319,-3.4149260627
CtrSVDD_0016_E_0002320,-7.8970171535
CtrSVDD_0017_E_0002321,-1.6618633406
CtrSVDD_0018_E_0002322,-1.1093038909
CtrSVDD_0019_E_0002323,-4.2229312974
CtrSVDD_0020_E_0002324,-5.2032642982
CtrSVDD_0021_E_0002325,-6.7064067242
CtrSVDD_0022_E_0002326,-3.1132302316
CtrSVDD_0023_E_0002327,-6.5195450740
CtrSVDD_0024_E_0002328,-0.0342770194
CtrSVDD_0025_E_0002329,-1.4797091119
CtrSVDD_0026_E_0002330,-5.9624899406
CtrSVDD_0027_E_0002331,0.9613044018
CtrSVDD_0028_E_0002332,-6.1493295271
CtrSVDD_0029_E_0002333,-5.3078334292
CtrSVDD_0030_E_0002334,0.2347263196
CtrSVDD_0031_E_0002335,-5.6093387473
CtrSVDD_0032_E_0002336,-4.0527161566
CtrSVDD_0033_E_0002337,-7.5007197200
CtrSVDD_0034_E_0002338,-6.5390347398
CtrSVDD_0035_E_0002339,-8.4161605331
CtrSVDD_0036_E_0002340,-6.4916071949
CtrSVDD_0037_E_0002341,0.0622863212
CtrSVDD_0038_E_0002342,-6.4279958332
CtrSVDD_0039_E_0002343,-6.8789828213
CtrSVDD_0040_E_0002344,-6.7370823949
CtrSVDD_0041_E_0002345,0.1608521865
CtrSVDD_0042_E_0002346,-5.5520394613
CtrSVDD_0043_E_0002347,-5.6227507883
CtrSVDD_0044_E_0002348,-8.8039390574
CtrSVDD_0045_E_0002349,-4.2814368133
CtrSVDD_0046_E_0002350,1.3365743780
CtrSVDD_0047_E_0002351,-6.0064891898
CtrSVDD_0000_E_0002352,-3.4912573046
CtrSVDD_0001_E_0002353,-4.4709487565
CtrSVDD_0002_E_0002354,-5.7653568518
CtrSVDD_0003_E_0002355,-5.9985307872
CtrSVDD_0004_E_0002356,-6.1208933920
CtrSVDD_0005_E_0002357,-7.1169615607
CtrSVDD_0006_E_0002358,-5.1382280140
CtrSVDD_0007_E_0002359,-4.8551972011
CtrSVDD_0008_E_0002360,-6.1695915473
CtrSVDD_0009_E_0002361,-7.8902581632
CtrSVDD_0010_E_0002362,-5.5613075373
CtrSVDD_0011_E_0002363,-0.4045260948
CtrSVDD_0012_E_0002364,-8.0923896743
CtrSVDD_0013_E_0002365,-0.1121501310
CtrSVDD_0014_E_0002366,-5.3446543513
CtrSVDD_0015_E_0002367,-7.8608429603
CtrSVDD_0016_E_0002368,-5.4826547637
CtrSVDD_0017_E_0002369,-0.0791139796
CtrSVDD_0018_E_0002370,-6.2172919934
CtrSVDD_0019_E_0002371,-4.8283947466
CtrSVDD_0020_E_0002372,-4.3245204314
CtrSVDD_0021_E_0002373,-6.4538808759
CtrSVDD_0022_E_0002374,-1.4167042444
CtrSVDD_0023_E_0002375,-4.6125521229
CtrSVDD_0024_E_0002376,-0.4989985784
CtrSVDD_0025_E_0002377,1.2313500657
CtrSVDD_0026_E_0002378,-4.8821878199
CtrSVDD_0027_E_0002379,1.7327094646
CtrSVDD_0028_E_0002380,-7.1376354249
CtrSVDD_0029_E_0002381,-6.9922185628
CtrSVDD_0030_E_0002382,-3.7471203036
CtrSVDD_0031_E_0002383,-3.0555772498
CtrSVDD_0032_E_0002384,-5.7863351362
CtrSVDD_0033_E_0002385,-7.0995363856
CtrSVDD_0034_E_0002386,-3.6974458294
CtrSVDD_0035_E_0002387,-7.4866001204
CtrSVDD_0036_E_0002388,-8.0117665492
CtrSVDD_0037_E_0002389,-7.0531388098
CtrSVDD_0038_E_0002390,1.3751504013
CtrSVDD_0039_E_0002391,-6.4002416007
CtrSVDD_0040_E_0002392,-6.3017467649
CtrSVDD_0041_E_0002393,-1.3538593641
CtrSVDD_0042_E_0002394,-4.2668198148
CtrSVDD_0043_E_0002395,-5.1331780206
CtrSVDD_0044_E_0002396,0.2278607921
CtrSVDD_0045_E_0002397,-7.8231458671
CtrSVDD_0046_E_0002398,-6.8035371583
CtrSVDD_0047_E_0002399,-7.3758723543
CtrSVDD_0000_E_0002400,-0.6596373073
CtrSVDD_0001_E_0002401,-4.1198356816
CtrSVDD_0002_E_0002402,-2.6315947479
CtrSVDD_0003_E_0002403,0.4096927937
CtrSVDD_0004_E_0002404,-5.2211659172
CtrSVDD_0005_E_0002405,-8.1603327479
CtrSVDD_0006_E_0002406,-1.3130262377
CtrSVDD_0007_E_0002407,-5.3584188328
CtrSVDD_0008_E_0002408,-6.0512184499
CtrSVDD_0009_E_0002409,-8.2236092603
CtrSVDD_0010_E_0002410,-5.7688898514
CtrSVDD_0011_E_0002411,-2.4883199322
CtrSVDD_0012_E_0002412,-6.4512136722
CtrSVDD_0013_E_0002413,-0.1156573525
CtrSVDD_0014_E_0002414,-7.0622578664
CtrSVDD_0015_E_0002415,-7.7860851672
CtrSVDD_0016_E_0002416,-5.8096273193
CtrSVDD_0017_E_0002417,-6.4569530566
CtrSVDD_0018_E_0002418,-4.6318920721
CtrSVDD_0019_E_0002419,-7.3321182352
CtrSVDD_0020_E_0002420,-7.6136794885
CtrSVDD_0021_E_0002421,-7.6320416523
CtrSVDD_0022_E_0002422,-0.6948246815
CtrSVDD_0023_E_0002423,-3.7230383747
CtrSVDD_0024_E_0002424,0.3430181294
CtrSVDD_0025_E_0002425,-5.7732495671
CtrSVDD_0026_E_0002426,-6.1642832829
CtrSVDD_0027_E_0002427,-6.7239356900
CtrSVDD_0028_E_0002428,-7.8413442455
CtrSVDD_0029_E_0002429,-6.5079598356
CtrSVDD_0030_E_0002430,-6.2713746850
CtrSVDD_0031_E_0002431,-5.7340399778
CtrSVDD_0032_E_0002432,0.9778485914
CtrSVDD_0033_E_0002433,1.4506319509
CtrSVDD_0034_E_0002434,-7.5648813561
CtrSVDD_0035_E_0002435,-5.8316606581
CtrSVDD_0036_E_0002436,0.3683508953
CtrSVDD_0037_E_0002437,0.8861104068
CtrSVDD_0038_E_0002438,-8.4655283640
CtrSVDD_0039_E_0002439,0.4261121056
CtrSVDD_0040_E_0002440,-5.4367485789
CtrSVDD_0041_E_0002441,-7.5721800377
CtrSVDD_0042_E_0002442,-5.8191632730
CtrSVDD_0043_E_0002443,-5.6435392808
CtrSVDD_0044_E_0002444,-6.5146326324
CtrSVDD_0045_E_0002445,-3.9704993851
CtrSVDD_0046_E_0002446,-6.2818330229
CtrSVDD_0047_E_0002447,-2.4154074711
CtrSVDD_0000_E_0002448,-5.8088239414
CtrSVDD_0001_E_0002449,-3.9458414741
CtrSVDD_0002_E_0002450,0.3046894591
CtrSVDD_0003_E_0002451,-0.9348057945
CtrSVDD_0004_E_0002452,-2.5867889238
CtrSVDD_0005_E_0002453,-4.8583612203
CtrSVDD_0006_E_0002454,-5.9423868440
CtrSVDD_0007_E_0002455,0.3954344060
CtrSVDD_0008_E_0002456,-6.7621135740
CtrSVDD_0009_E_0002457,-5.8756786221
CtrSVDD_0010_E_0002458,-6.7152997242
CtrSVDD_0011_E_0002459,-4.8790356240
CtrSVDD_0012_E_0002460,-5.0166388417
CtrSVDD_0013_E_0002461,-0.9767699911
CtrSVDD_0014_E_0002462,-0.0510779670
CtrSVDD_0015_E_0002463,-6.4862660461
CtrSVDD_0016_E_0002464,-7.2744303515
CtrSVDD_0017_E_0002465,-6.5566950089
CtrSVDD_0018_E_0002466,2.0240136237
CtrSVDD_0019_E_0002467,-5.1045237640
CtrSVDD_0020_E_0002468,-6.4410837168
CtrSVDD_0021_E_0002469,-2.3173774821
CtrSVDD_0022_E_0002470,-6.0273618077
CtrSVDD_0023_E_0002471,-6.7414689393
CtrSVDD_0024_E_0002472,-3.9479453750
CtrSVDD_0025_E_0002473,-5.7500077346
CtrSVDD_0026_E_0002474,-4.8228590203
CtrSVDD_0027_E_0002475,-8.2041942873
CtrSVDD_0028_E_0002476,-1.8135017802
CtrSVDD_0029_E_0002477,-5.8749518154
CtrSVDD_0030_E_0002478,-7.5391732190
CtrSVDD_0031_E_0002479,-5.9581049413
CtrSVDD_0032_E_0002480,-4.3336435786
CtrSVDD_0033_E_0002481,-6.7795896971
CtrSVDD_0034_E_0002482,-5.8336814663
CtrSVDD_0035_E_0002483,-2.6849316373
CtrSVDD_0036_E_0002484,-6.7867069543
CtrSVDD_0037_E_0002485,-6.0265184289
CtrSVDD_0038_E_0002486,-5.8930670349
CtrSVDD_0039_E_0002487,-5.4926813104
CtrSVDD_0040_E_0002488,1.5455643299
CtrSVDD_0041_E_0002489,-4.3663182878
CtrSVDD_0042_E_0002490,-5.0347834134
CtrSVDD_0043_E_0002491,-6.1023683392
CtrSVDD_0044_E_0002492,-1.4881218960
CtrSVDD_0045_E_0002493,-6.3972913837
CtrSVDD_0046_E_0002494,-0.3833626499
CtrSVDD_0047_E_0002495,-6.8635864754
CtrSVDD_0000_E_0002496,-6.4444984590
CtrSVDD_0001_E_0002497,-3.8736415110
CtrSVDD_0002_E_0002498,-0.0398760261
CtrSVDD_0003_E_0002499,-5.5579086282
CtrSVDD_0004_E_0002500,-5.4825248914
CtrSVDD_0005_E_0002501,-6.2957283276
CtrSVDD_0006_E_0002502,1.4155212894
CtrSVDD_0007_E_0002503,-6.2299180469
CtrSVDD_0008_E_0002504,-5.5248814949
CtrSVDD_0009_E_0002505,-6.2444952010
CtrSVDD_0010_E_0002506,-6.1224152486
CtrSVDD_0011_E_0002507,-5.6834037714
CtrSVDD_0012_E_0002508,-3.3410889870
CtrSVDD_0013_E_0002509,-5.7934266539
CtrSVDD_0014_E_0002510,-4.2775342424
CtrSVDD_0015_E_0002511,-6.1027732954
CtrSVDD_0016_E_0002512,-7.1547423078
CtrSVDD_0017_E_0002513,-1.1877471651
CtrSVDD_0018_E_0002514,-5.0022450885
CtrSVDD_0019_E_0002515,-4.6036521224
CtrSVDD_0020_E_0002516,-7.8978917707
CtrSVDD_0021_E_0002517,-4.4814972830
CtrSVDD_0022_E_0002518,-0.8944264796
CtrSVDD_0023_E_0002519,-7.2369646037
CtrSVDD_0024_E_0002520,-6.8386263386
CtrSVDD_0025_E_0002521,-2.7696827062
CtrSVDD_0026_E_0002522,-5.4775851505
CtrSVDD_0027_E_0002523,-6.1166312474
CtrSVDD_0028_E_0002524,-4.6218816574
CtrSVDD_0029_E_0002525,-5.5988700239
CtrSVDD_0030_E_0002526,-4.6155006010
CtrSVDD_0031_E_0002527,-5.5798771649
CtrSVDD_0032_E_0002528,-0.7127435471
CtrSVDD_0033_E_0002529,-6.4913001173
CtrSVDD_0034_E_0002530,-5.9222336144
CtrSVDD_0035_E_0002531,-5.8365844128
CtrSVDD_0036_E_0002532,-3.4971184218
CtrSVDD_0037_E_0002533,-0.3818576368
CtrSVDD_0038_E_0002534,-8.0182558202
CtrSVDD_0039_E_0002535,-6.0364616363
CtrSVDD_0040_E_0002536,-8.2036834869
CtrSVDD_0041_E_0002537,-6.8187475605
CtrSVDD_0042_E_0002538,-3.8259525628
CtrSVDD_0043_E_0002539,-0.7511423942
CtrSVDD_0044_E_0002540,-7.8039440453
CtrSVDD_0045_E_0002541,-6.0656161782
CtrSVDD_0046_E_0002542,-6.5830540266
CtrSVDD_0047_E_0002543,0.4965367502
CtrSVDD_0000_E_0002544,-4.7566734456
CtrSVDD_0001_E_0002545,-6.3160299924
CtrSVDD_0002_E_0002546,-6.0824360832
CtrSVDD_0003_E_0002547,0.9722721429
CtrSVDD_0004_E_0002548,-1.5595696761
CtrSVDD_0005_E_0002549,-6.6584278888
CtrSVDD_0006_E_0002550,-4.4286904252
CtrSVDD_0007_E_0002551,-4.5049137915
CtrSVDD_0008_E_0002552,-6.5841941373
CtrSVDD_0009_E_0002553,-5.1418125730
CtrSVDD_0010_E_0002554,-8.3355842824
CtrSVDD_0011_E_0002555,-5.4750168233
CtrSVDD_0012_E_0002556,-4.3265816002
CtrSVDD_0013_E_0002557,-8.6676012994
CtrSVDD_0014_E_0002558,-0.3593837417
CtrSVDD_0015_E_0002559,-5.0599382702
CtrSVDD_0016_E_0002560,0.8420025708
CtrSVDD_0017_E_0002561,-5.6396614356
CtrSVDD_0018_E_0002562,-6.1748740292
CtrSVDD_0019_E_0002563,-6.0369369598
CtrSVDD_0020_E_0002564,-6.8372058004
CtrSVDD_0021_E_0002565,-4.8908526676
CtrSVDD_0022_E_0002566,-6.5833091328
CtrSVDD_0023_E_0002567,-6.6905410503
CtrSVDD_0024_E_0002568,-7.3793121657
CtrSVDD_0025_E_0002569,-4.9172603752
CtrSVDD_0026_E_0002570,-7.3097370411
CtrSVDD_0027_E_0002571,-1.7108003983
CtrSVDD_0028_E_0002572,-7.1645137597
CtrSVDD_0029_E_0002573,-6.6716170632
CtrSVDD_0030_E_0002574,-6.3839437698
CtrSVDD_0031_E_0002575,-3.9983616554
CtrSVDD_0032_E_0002576,-6.5539092774
CtrSVDD_0033_E_0002577,-7.2410597839
CtrSVDD_0034_E_0002578,0.5915835914
CtrSVDD_0035_E_0002579,-7.2493193551
CtrSVDD_0036_E_0002580,-4.6010731828
CtrSVDD_0037_E_0002581,-4.0185912164
CtrSVDD_0038_E_0002582,-5.1891333640
CtrSVDD_0039_E_0002583,-6.7888525411
CtrSVDD_0040_E_0002584,-4.1261812497
CtrSVDD_0041_E_0002585,-7.6465306250
CtrSVDD_0042_E_0002586,-4.2811598397
CtrSVDD_0043_E_0002587,-4.7323279016
CtrSVDD_0044_E_0002588,-6.1596891394
CtrSVDD_0045_E_0002589,-4.3592691124
CtrSVDD_0046_E_0002590,-4.7182212437
CtrSVDD_0047_E_0002591,-6.8335534491
CtrSVDD_0000_E_0002592,-4.8462947908
CtrSVDD_0001_E_0002593,-6.7409113576
CtrSVDD_0002_E_0002594,-4.5433781313
CtrSVDD_0003_E_0002595,-3.8232842561
CtrSVDD_0004_E_0002596,-7.7241181637
CtrSVDD_0005_E_0002597,-3.8593925408
CtrSVDD_0006_E_0002598,-2.0680085538
CtrSVDD_0007_E_0002599,0.1086192847
CtrSVDD_0008_E_0002600,-2.4585253458
CtrSVDD_0009_E_0002601,-7.4431248173
CtrSVDD_0010_E_0002602,-7.3042362254
CtrSVDD_0011_E_0002603,-0.3893914348
CtrSVDD_0012_E_0002604,-7.7881400115
CtrSVDD_0013_E_0002605,1.1355656473
CtrSVDD_0014_E_0002606,-3.9293603443
CtrSVDD_0015_E_0002607,-7.0654410402
CtrSVDD_0016_E_0002608,-7.8068370987
CtrSVDD_0017_E_0002609,-4.8753873945
CtrSVDD_0018_E_0002610,-6.6819846698
CtrSVDD_0019_E_0002611,-6.4968131795
CtrSVDD_0020_E_0002612,-6.8799741853
CtrSVDD_0021_E_0002613,-6.7766776302
CtrSVDD_0022_E_0002614,-1.8667109463
CtrSVDD_0023_E_0002615,-1.8356715369
CtrSVDD_0024_E_0002616,-6.0197778368
CtrSVDD_0025_E_0002617,-6.0068236389
CtrSVDD_0026_E_0002618,-8.4553267745
CtrSVDD_0027_E_0002619,-5.9717385609
CtrSVDD_0028_E_0002620,-6.6498559144
CtrSVDD_0029_E_0002621,-6.7084106426
CtrSVDD_0030_E_0002622,-3.8429384137
CtrSVDD_0031_E_0002623,-6.9726183898
CtrSVDD_0032_E_0002624,-7.0659056925
CtrSVDD_0033_E_0002625,-4.3724357735
CtrSVDD_0034_E_0002626,-6.6166461282
CtrSVDD_0035_E_0002627,-5.1496377862
CtrSVDD_0036_E_0002628,-6.2102640700
CtrSVDD_0037_E_0002629,-4.6953677910
CtrSVDD_0038_E_0002630,-3.7358704966
CtrSVDD_0039_E_0002631,-6.5548969325
CtrSVDD_0040_E_0002632,0.3713465049
CtrSVDD_0041_E_0002633,-6.0901073550
CtrSVDD_0042_E_0002634,-2.5747075526
CtrSVDD_0043_E_0002635,-4.4699572611
CtrSVDD_0044_E_0002636,-5.4244325638
CtrSVDD_0045_E_0002637,-3.0449390881
CtrSVDD_0046_E_0002638,-5.7098379571
CtrSVDD_0047_E_0002639,-4.9615977214
CtrSVDD_0000_E_0002640,-6.9838272678
CtrSVDD_0001_E_0002641,-6.3084185539
CtrSVDD_0002_E_0002642,-7.3918184338
CtrSVDD_0003_E_0002643,-7.3541605804
CtrSVDD_0004_E_0002644,-6.0654718619
CtrSVDD_0005_E_0002645,-6.7855639981
CtrSVDD_0006_E_0002646,-7.8607548564
CtrSVDD_0007_E_0002647,-3.0714409078
CtrSVDD_0008_E_0002648,-2.8107665500
CtrSVDD_0009_E_0002649,-5.0039236317
CtrSVDD_0010_E_0002650,-6.8463292808
CtrSVDD_0011_E_0002651,-7.7341372218
CtrSVDD_0012_E_0002652,-6.1305863632
CtrSVDD_0013_E_0002653,-7.6040947062
CtrSVDD_0014_E_0002654,-5.6738142865
CtrSVDD_0015_E_0002655,-5.2390915962
CtrSVDD_0016_E_0002656,-6.1453647790
CtrSVDD_0017_E_0002657,-7.2576733881
CtrSVDD_0018_E_0002658,-5.3625050227
CtrSVDD_0019_E_0002659,-1.1355656473
CtrSVDD_0020_E_0002660,-3.8866053241
CtrSVDD_0021_E_0002661,-1.0638682391
CtrSVDD_0022_E_0002662,-5.2844095256
CtrSVDD_0023_E_0002663,-4.8879195353
CtrSVDD_0024_E_0002664,-4.2919372425
CtrSVDD_0025_E_0002665,-3.5245245502
CtrSVDD_0026_E_0002666,0.3385708627
CtrSVDD_0027_E_0002667,1.0990107135
CtrSVDD_0028_E_0002668,-1.5550939658
CtrSVDD_0029_E_0002669,-4.3165286506
CtrSVDD_0030_E_0002670,-4.3689788139
CtrSVDD_0031_E_0002671,2.0576833914
CtrSVDD_0032_E_0002672,-7.4981685073
CtrSVDD_0033_E_0002673,0.2726058039
CtrSVDD_0034_E_0002674,-5.2962485912
CtrSVDD_0035_E_0002675,-4.6249213707
CtrSVDD_0036_E_0002676,-6.1132116713
CtrSVDD_0037_E_0002677,-5.4016763225
CtrSVDD_0038_E_0002678,-0.3282197238
CtrSVDD_0039_E_0002679,-5.9928722749
CtrSVDD_0040_E_0002680,-4.1904316207
CtrSVDD_0041_E_0002681,-5.1475599953
CtrSVDD_0042_E_0002682,-5.0399995288
CtrSVDD_0043_E_0002683,-7.4788229525
CtrSVDD_0044_E_0002684,-3.3652633686
CtrSVDD_0045_E_0002685,0.6631188104
CtrSVDD_0046_E_0002686,-6.0444134319
CtrSVDD_0047_E_0002687,-6.6380983714
CtrSVDD_0000_E_0002688,-7.6817746855
CtrSVDD_0001_E_0002689,-0.3504453938
CtrSVDD_0002_E_0002690,-4.6350985412
CtrSVDD_0003_E_0002691,-8.2518832355
CtrSVDD_0004_E_0002692,-3.4004028686
CtrSVDD_0005_E_0002693,-6.9178727250
CtrSVDD_0006_E_0002694,-6.2145364564
CtrSVDD_0007_E_0002695,-4.1890319681
CtrSVDD_0008_E_0002696,-7.5452054467
CtrSVDD_0009_E_0002697,-5.8379434495
CtrSVDD_0010_E_0002698,-7.8847312977
CtrSVDD_0011_E_0002699,-6.9394210671
CtrSVDD_0012_E_0002700,-5.7316547276
CtrSVDD_0013_E_0002701,-8.4477045931
CtrSVDD_0014_E_0002702,-8.1121718725
CtrSVDD_0015_E_0002703,-3.9310450587
CtrSVDD_0016_E_0002704,2.1992855108
CtrSVDD_0017_E_0002705,-8.6307732128
CtrSVDD_0018_E_0002706,1.2147491543
CtrSVDD_0019_E_0002707,-6.7184431107
CtrSVDD_0020_E_0002708,-7.2010913839
CtrSVDD_0021_E_0002709,-7.0652519243
CtrSVDD_0022_E_0002710,-6.6574146666
CtrSVDD_0023_E_0002711,-5.8461194069
CtrSVDD_0024_E_0002712,-5.9396883795
CtrSVDD_0025_E_0002713,-5.4724418174
CtrSVDD_0026_E_0002714,0.7620651227
CtrSVDD_0027_E_0002715,-6.5709125251
CtrSVDD_0028_E_0002716,-7.6625548095
CtrSVDD_0029_E_0002717,-4.5667244630
CtrSVDD_0030_E_0002718,-6.2037720376
CtrSVDD_0031_E_0002719,-6.0470957874
CtrSVDD_0032_E_0002720,-6.0565444547
CtrSVDD_0033_E_0002721,-4.8506351127
CtrSVDD_0034_E_0002722,0.5487932816
CtrSVDD_0035_E_0002723,-7.9915439537
CtrSVDD_0036_E_0002724,-8.1127241288
CtrSVDD_0037_E_0002725,-5.0273513576
CtrSVDD_0038_E_0002726,-5.4035425761
CtrSVDD_0039_E_0002727,-0.7272449856
CtrSVDD_0040_E_0002728,-5.7697872586
CtrSVDD_0041_E_0002729,-5.3218425759
CtrSVDD_0042_E_0002730,-6.1888084759
CtrSVDD_0043_E_0002731,0.6350400847
CtrSVDD_0044_E_0002732,-5.8842401648
CtrSVDD_0045_E_0002733,-6.1526576892
CtrSVDD_0046_E_0002734,-6.8081621164
CtrSVDD_0047_E_0002735,-7.2120724360
CtrSVDD_0000_E_0002736,-5.0655673217
CtrSVDD_0001_E_0002737,-5.1672341510
CtrSVDD_0002_E_0002738,-7.6291098180
CtrSVDD_0003_E_0002739,-5.7645310820
CtrSVDD_0004_E_0002740,-3.5479802812
CtrSVDD_0005_E_0002741,-7.5268722114
CtrSVDD_0006_E_0002742,-5.5927663801
CtrSVDD_0007_E_0002743,-2.9032143473
CtrSVDD_0008_E_0002744,-4.5208457208
CtrSVDD_0009_E_0002745,-4.9069243819
CtrSVDD_0010_E_0002746,-4.3122139225
CtrSVDD_0011_E_0002747,-5.6165919317
CtrSVDD_0012_E_0002748,0.2813267155
CtrSVDD_0013_E_0002749,-6.0957014270
CtrSVDD_0014_E_0002750,-4.7153350127
CtrSVDD_0015_E_0002751,-0.2235561612
CtrSVDD_0016_E_0002752,-1.9082291381
CtrSVDD_0017_E_0002753,-6.8171475145
CtrSVDD_0018_E_0002754,-7.5755322288
CtrSVDD_0019_E_0002755,-5.5445746586
CtrSVDD_0020_E_0002756,-6.2911337613
CtrSVDD_0021_E_0002757,-2.6770395585
CtrSVDD_0022_E_0002758,-6.0652656398
CtrSVDD_0023_E_0002759,-6.5779168083
CtrSVDD_0024_E_0002760,-6.9715751913
CtrSVDD_0025_E_0002761,-5.6701462383
CtrSVDD_0026_E_0002762,-5.4806104504
CtrSVDD_0027_E_0002763,-7.8650304635
CtrSVDD_0028_E_0002764,-8.0085668260
CtrSVDD_0029_E_0002765,-6.9803882125
CtrSVDD_0030_E_0002766,-6.4459209366
CtrSVDD_0031_E_0002767,-6.4469041728
CtrSVDD_0032_E_0002768,-7.8563875699
CtrSVDD_0033_E_0002769,-4.8806262793
CtrSVDD_0034_E_0002770,-4.7625685348
CtrSVDD_0035_E_0002771,-7.5189598408
CtrSVDD_0036_E_0002772,1.0688078753
CtrSVDD_0037_E_0002773,-0.8494205515
CtrSVDD_0038_E_0002774,-6.2604718525
CtrSVDD_0039_E_0002775,-5.2816669647
CtrSVDD_0040_E_0002776,-7.0994951689
CtrSVDD_0041_E_0002777,-6.7137228718
CtrSVDD_0042_E_0002778,-7.3174224724
CtrSVDD_0043_E_0002779,-2.8308922233
CtrSVDD_0044_E_0002780,2.6849316373
CtrSVDD_0045_E_0002781,-1.4591230250
CtrSVDD_0046_E_0002782,-5.3820423634
CtrSVDD_0047_E_0002783,-5.0594594317
CtrSVDD_0000_E_0002784,-5.3003397251
CtrSVDD_0001_E_0002785,-4.6616520640
CtrSVDD_0002_E_0002786,-5.9240639713
CtrSVDD_0003_E_0002787,-7.4481711269
CtrSVDD_0004_E_0002788,-7.5756285411
CtrSVDD_0005_E_0002789,-5.5647863068
CtrSVDD_0006_E_0002790,0.0931539598
CtrSVDD_0007_E_0002791,-0.8724747710
CtrSVDD_0008_E_0002792,-6.3513026231
CtrSVDD_0009_E_0002793,-3.2907575706
CtrSVDD_0010_E_0002794,-0.0917491809
CtrSVDD_0011_E_0002795,-5.5851767481
CtrSVDD_0012_E_0002796,-3.1780445383
CtrSVDD_0013_E_0002797,-5.0993132528
CtrSVDD_0014_E_0002798,-4.7542006717
CtrSVDD_0015_E_0002799,-6.4718819502
CtrSVDD_0016_E_0002800,-6.0849329199
CtrSVDD_0017_E_0002801,-0.7145479891
CtrSVDD_0018_E_0002802,-2.6658322041
CtrSVDD_0019_E_0002803,0.5932506910
CtrSVDD_0020_E_0002804,-6.3586498713
CtrSVDD_0021_E_0002805,-7.9535995939
CtrSVDD_0022_E_0002806,-7.0903362377
CtrSVDD_0023_E_0002807,0.0768622262
CtrSVDD_0024_E_0002808,0.1963860225
CtrSVDD_0025_E_0002809,-7.4853926756
CtrSVDD_0026_E_0002810,-5.0903489562
CtrSVDD_0027_E_0002811,-6.5768099048
CtrSVDD_0028_E_0002812,-7.6317255147
CtrSVDD_0029_E_0002813,-5.8708306088
CtrSVDD_0030_E_0002814,-1.5359522463
CtrSVDD_0031_E_0002815,-5.4356613518
CtrSVDD_0032_E_0002816,-7.0464026152
CtrSVDD_0033_E_0002817,-2.0015162314
CtrSVDD_0034_E_0002818,-6.1477981708
CtrSVDD_0035_E_0002819,-5.7238395407
CtrSVDD_0036_E_0002820,-4.9554326154
CtrSVDD_0037_E_0002821,-2.4836268700
CtrSVDD_0038_E_0002822,-5.0114037567
CtrSVDD_0039_E_0002823,-6.4250887936
CtrSVDD_0040_E_0002824,-7.0702235616
CtrSVDD_0041_E_0002825,-5.0469157527
CtrSVDD_0042_E_0002826,-7.0670341743
CtrSVDD_0043_E_0002827,-6.1380498603
CtrSVDD_0044_E_0002828,-0.3149624314
CtrSVDD_0045_E_0002829,-6.5435813382
CtrSVDD_0046_E_0002830,-7.7262429086
CtrSVDD_0047_E_0002831,-3.1235684327
CtrSVDD_0000_E_0002832,-8.4849908960
CtrSVDD_0001_E_0002833,-4.8849570251
CtrSVDD_0002_E_0002834,-2.5501536320
CtrSVDD_0003_E_0002835,-6.3916849175
CtrSVDD_0004_E_0002836,-0.8902607472
CtrSVDD_0005_E_0002837,0.2264254499
CtrSVDD_0006_E_0002838,-5.2620775202
CtrSVDD_0007_E_0002839,-6.1417101008
CtrSVDD_0008_E_0002840,-6.7308810118
CtrSVDD_0009_E_0002841,-6.9295467002
CtrSVDD_0010_E_0002842,-7.8302086792
CtrSVDD_0011_E_0002843,-7.2207391220
CtrSVDD_0012_E_0002844,-6.6867808966
CtrSVDD_0013_E_0002845,-7.5149996546
CtrSVDD_0014_E_0002846,-0.8374427401
CtrSVDD_0015_E_0002847,0.9448368552
CtrSVDD_0016_E_0002848,-7.0739121665
CtrSVDD_0017_E_0002849,-6.1766075504
CtrSVDD_0018_E_0002850,0.3282197238
CtrSVDD_0019_E_0002851,-5.1928808852
CtrSVDD_0020_E_0002852,-7.5757752182
CtrSVDD_0021_E_0002853,-4.6279271959
CtrSVDD_0022_E_0002854,-0.6133869154
CtrSVDD_0023_E_0002855,-0.0977574847
CtrSVDD_0024_E_0002856,-3.2972831922
CtrSVDD_0025_E_0002857,-4.6606799180
CtrSVDD_0026_E_0002858,-4.6271483921
CtrSVDD_0027_E_0002859,-3.0054775949
CtrSVDD_0028_E_0002860,-3.6433171417
CtrSVDD_0029_E_0002861,-4.5376302916
CtrSVDD_0030_E_0002862,-4.6939236896
CtrSVDD_0031_E_0002863,-4.8437566429
CtrSVDD_0032_E_0002864,-5.5371712138
CtrSVDD_0033_E_0002865,-7.6217757868
CtrSVDD_0034_E_0002866,-6.6822249579
CtrSVDD_0035_E_0002867,-0.0048957779
CtrSVDD_0036_E_0002868,-6.7264266573
CtrSVDD_0037_E_0002869,-6.5655300181
CtrSVDD_0038_E_0002870,0.2135279657
CtrSVDD_0039_E_0002871,0.1255203605
CtrSVDD_0040_E_0002872,-5.2027556274
CtrSVDD_0041_E_0002873,-7.2147196743
CtrSVDD_0042_E_0002874,-6.7719117472
CtrSVDD_0043_E_0002875,-6.1994735779
CtrSVDD_0044_E_0002876,-5.5429969136
CtrSVDD_0045_E_0002877,-6.9212012374
CtrSVDD_0046_E_0002878,-4.1697183926
CtrSVDD_0047_E_0002879,-6.8109586225
CtrSVDD_0000_E_0002880,-6.5469065238
CtrSVDD_0001_E_0002881,-4.7279695611
CtrSVDD_0002_E_0002882,-5.4507708776
CtrSVDD_0003_E_0002883,-6.4243121391
CtrSVDD_0004_E_0002884,-0.6303588592
CtrSVDD_0005_E_0002885,-6.4846894837
CtrSVDD_0006_E_0002886,-6.3029583552
CtrSVDD_0007_E_0002887,-6.6598806144
CtrSVDD_0008_E_0002888,-6.8933346825
CtrSVDD_0009_E_0002889,-6.4829642180
CtrSVDD_0010_E_0002890,-4.9012435783
CtrSVDD_0011_E_0002891,-6.4257078946
CtrSVDD_0012_E_0002892,-3.7070325191
CtrSVDD_0013_E_0002893,-0.1764594083
CtrSVDD_0014_E_0002894,-6.7839943340
CtrSVDD_0015_E_0002895,-5.8554501568
CtrSVDD_0016_E_0002896,-7.2328920712
CtrSVDD_0017_E_0002897,-7.3578834658
CtrSVDD_0018_E_0002898,-6.5641666859
CtrSVDD_0019_E_0002899,-7.4052039737
CtrSVDD_0020_E_0002900,-4.4214223385
CtrSVDD_0021_E_0002901,0.4974643919
CtrSVDD_0022_E_0002902,-5.6115696995
CtrSVDD_0023_E_0002903,0.8965151763
CtrSVDD_0024_E_0002904,-6.9638901548
CtrSVDD_0025_E_0002905,-4.8470023453
CtrSVDD_0026_E_0002906,-4.7348830194
CtrSVDD_0027_E_0002907,-3.1864634108
CtrSVDD_0028_E_0002908,1.3478708836
CtrSVDD_0029_E_0002909,1.2586761719
CtrSVDD_0030_E_0002910,-5.1184298065
CtrSVDD_0031_E_0002911,-6.5437358006
CtrSVDD_0032_E_0002912,-7.1797586767
CtrSVDD_0033_E_0002913,0.0763079424
CtrSVDD_0034_E_0002914,-7.3672666486
CtrSVDD_0035_E_0002915,-6.4864164064
CtrSVDD_0036_E_0002916,1.4470623406
CtrSVDD_0037_E_0002917,-6.1117189956
CtrSVDD_0038_E_0002918,-5.3041651464
CtrSVDD_0039_E_0002919,-4.0693201865
CtrSVDD_0040_E_0002920,-6.0077596776
CtrSVDD_0041_E_0002921,-1.3238366756
CtrSVDD_0042_E_0002922,-6.6459082162
CtrSVDD_0043_E_0002923,-7.1267532796
CtrSVDD_0044_E_0002924,-6.3641119844
CtrSVDD_0045_E_0002925,-5.2249818997
CtrSVDD_0046_E_0002926,-3.0235059806
CtrSVDD_0047_E_0002927,-4.6869332550
CtrSVDD_0000_E_0002928,-6.1240267185
CtrSVDD_0001_E_0002929,1.3196797484
CtrSVDD_0002_E_0002930,-7.0933435845
CtrSVDD_0003_E_0002931,-7.1613830309
CtrSVDD_0004_E_0002932,0.2321696494
CtrSVDD_0005_E_0002933,-4.5720611707
CtrSVDD_0006_E_0002934,-4.5048451837
CtrSVDD_0007_E_0002935,-6.4547247017
CtrSVDD_0008_E_0002936,-6.1404334639
CtrSVDD_0009_E_0002937,-6.7429316244
CtrSVDD_0010_E_0002938,-5.1533005469
CtrSVDD_0011_E_0002939,-7.6413390215
CtrSVDD_0012_E_0002940,-3.8808937492
CtrSVDD_0013_E_0002941,-7.9401948092
CtrSVDD_0014_E_0002942,-6.8126368685
CtrSVDD_0015_E_0002943,-5.8627274738
CtrSVDD_0016_E_0002944,-7.1172115166
CtrSVDD_0017_E_0002945,-6.3176220934
CtrSVDD_0018_E_0002946,-7.2709576167
CtrSVDD_0019_E_0002947,-6.9436994191
CtrSVDD_0020_E_0002948,-6.1985898244
CtrSVDD_0021_E_0002949,-7.0366935774
CtrSVDD_0022_E_0002950,-1.5934953657
CtrSVDD_0023_E_0002951,-5.0443038147
CtrSVDD_0024_E_0002952,-8.4067240504
CtrSVDD_0025_E_0002953,-7.7012987048
CtrSVDD_0026_E_0002954,0.5447437410
CtrSVDD_0027_E_0002955,-6.8386441379
CtrSVDD_0028_E_0002956,-7.8337170603
CtrSVDD_0029_E_0002957,-4.7995127285
CtrSVDD_0030_E_0002958,2.2891032161
CtrSVDD_0031_E_0002959,-7.0883529218
CtrSVDD_0032_E_0002960,-0.6116994783
CtrSVDD_0033_E_0002961,-5.2644828465
CtrSVDD_0034_E_0002962,1.8996605653
CtrSVDD_0035_E_0002963,-5.7743851564
CtrSVDD_0036_E_0002964,-7.4108167798
CtrSVDD_0037_E_0002965,2.0132834216
CtrSVDD_0038_E_0002966,-6.2363162129
CtrSVDD_0039_E_0002967,0.9655620099
CtrSVDD_0040_E_0002968,0.3320158604
CtrSVDD_0041_E_0002969,-6.9684691331
CtrSVDD_0042_E_0002970,-5.5240901472
CtrSVDD_0043_E_0002971,-5.1128558208
CtrSVDD_0044_E_0002972,-2.1092740270
CtrSVDD_0045_E_0002973,-8.2246250052
CtrSVDD_0046_E_0002974,-4.5830768572
CtrSVDD_0047_E_0002975,-6.2531384836
CtrSVDD_0000_E_0002976,-6.8036265908
CtrSVDD_0001_E_0002977,-5.2912194124
CtrSVDD_0002_E_0002978,-7.1972095190
CtrSVDD_0003_E_0002979,-4.8665216944
CtrSVDD_0004_E_0002980,1.2494636636
CtrSVDD_0005_E_0002981,-3.1455667750
CtrSVDD_0006_E_0002982,0.4075640663
CtrSVDD_0007_E_0002983,-5.8679053654
CtrSVDD_0008_E_0002984,-6.7699082060
CtrSVDD_0009_E_0002985,-7.9206963937
CtrSVDD_0010_E_0002986,-7.3634852227
CtrSVDD_0011_E_0002987,-5.1872867748
CtrSVDD_0012_E_0002988,-7.2825392685
CtrSVDD_0013_E_0002989,0.5982619239
CtrSVDD_0014_E_0002990,-6.2643842326
CtrSVDD_0015_E_0002991,-3.0288843588
CtrSVDD_0016_E_0002992,-5.4273437326
CtrSVDD_0017_E_0002993,-6.4437231267
CtrSVDD_0018_E_0002994,-6.0381638104
CtrSVDD_0019_E_0002995,-6.0730749073
CtrSVDD_0020_E_0002996,-3.6926568926
CtrSVDD_0021_E_0002997,-2.3802881009
CtrSVDD_0022_E_0002998,-6.5568883156
CtrSVDD_0023_E_0002999,-5.8960864129
CtrSVDD_0024_E_0003000,0.4803781156
CtrSVDD_0025_E_0003001,-6.7180985394
CtrSVDD_0026_E_0003002,-2.0508526897
CtrSVDD_0027_E_0003003,-6.3879451730
CtrSVDD_0028_E_0003004,-0.5949194409
CtrSVDD_0029_E_0003005,-5.2841114565
CtrSVDD_0030_E_0003006,-7.3523025890
CtrSVDD_0031_E_0003007,-6.4069233609
CtrSVDD_0032_E_0003008,-7.5163366486
CtrSVDD_0033_E_0003009,0.1574242564
CtrSVDD_0034_E_0003010,-5.7543638843
CtrSVDD_0035_E_0003011,-4.1598719714
CtrSVDD_0036_E_0003012,-6.1763989785
CtrSVDD_0037_E_0003013,-8.4972133572
CtrSVDD_0038_E_0003014,-5.4989714844
CtrSVDD_0039_E_0003015,0.5022191229
CtrSVDD_0040_E_0003016,-6.7986191065
CtrSVDD_0041_E_0003017,-6.0923583868
CtrSVDD_0042_E_0003018,-6.7496865537
CtrSVDD_0043_E_0003019,0.5783052720
CtrSVDD_0044_E_0003020,-7.2132255344
CtrSVDD_0045_E_0003021,-5.4603154860
CtrSVDD_0046_E_0003022,-5.7822746135
CtrSVDD_0047_E_0003023,-7.3473783679
CtrSVDD_0000_E_0003024,-6.1734522173
CtrSVDD_0001_E_0003025,-7.0332153379
CtrSVDD_0002_E_0003026,-6.6454207895
CtrSVDD_0003_E_0003027,-5.6563767858
CtrSVDD_0004_E_0003028,-4.1242362043
CtrSVDD_0005_E_0003029,-8.1348965629
CtrSVDD_0006_E_0003030,-6.1496614622
CtrSVDD_0007_E_0003031,-4.7234892197
CtrSVDD_0008_E_0003032,-0.2740578323
CtrSVDD_0009_E_0003033,-6.5768818452
CtrSVDD_0010_E_0003034,-5.1730918122
CtrSVDD_0011_E_0003035,-7.4316091922
CtrSVDD_0012_E_0003036,-0.5585763374
CtrSVDD_0013_E_0003037,0.2637390726
CtrSVDD_0014_E_0003038,-0.1978122464
CtrSVDD_0015_E_0003039,-1.1517058579
CtrSVDD_0016_E_0003040,-7.1087922831
CtrSVDD_0017_E_0003041,-2.5624972681
CtrSVDD_0018_E_0003042,-0.4106058040
CtrSVDD_0019_E_0003043,-7.2804293563
CtrSVDD_0020_E_0003044,-8.3397174748
CtrSVDD_0021_E_0003045,-3.3054264994
CtrSVDD_0022_E_0003046,-6.8681744676
CtrSVDD_0023_E_0003047,-6.7667877448
CtrSVDD_0024_E_0003048,0.3519331562
CtrSVDD_0025_E_0003049,2.0910621803
CtrSVDD_0026_E_0003050,-3.9428649776
CtrSVDD_0027_E_0003051,1.6949617785
CtrSVDD_0028_E_0003052,-7.2595435241
CtrSVDD_0029_E_0003053,-5.4648873511
CtrSVDD_0030_E_0003054,-6.6089010333
CtrSVDD_0031_E_0003055,-6.9362483708
CtrSVDD_0032_E_0003056,-4.9105030606
CtrSVDD_0033_E_0003057,-7.4904833643
CtrSVDD_0034_E_0003058,-4.9140972707
CtrSVDD_0035_E_0003059,-5.7584656564
CtrSVDD_0036_E_0003060,-6.0724001444
CtrSVDD_0037_E_0003061,-2.5551073817
CtrSVDD_0038_E_0003062,-5.9691177861
CtrSVDD_0039_E_0003063,-6.5258354293
CtrSVDD_0040_E_0003064,-6.6875039520
CtrSVDD_0041_E_0003065,-4.9925046243
CtrSVDD_0042_E_0003066,-5.0720267491
CtrSVDD_0043_E_0003067,0.3932002772
CtrSVDD_0044_E_0003068,-3.8468548758
CtrSVDD_0045_E_0003069,-8.5629490079
CtrSVDD_0046_E_0003070,-5.3516651730
CtrSVDD_0047_E_0003071,-6.0234643491
CtrSVDD_0000_E_0003072,-5.8681021848
CtrSVDD_0001_E_0003073,-1.3097211719
CtrSVDD_0002_E_0003074,-1.3311997810
CtrSVDD_0003_E_0003075,-6.7160558899
CtrSVDD_0004_E_0003076,-5.6053612044
CtrSVDD_0005_E_0003077,1.0540660493
CtrSVDD_0006_E_0003078,-6.6649693183
CtrSVDD_0007_E_0003079,-6.3045934067
CtrSVDD_0008_E_0003080,-7.7787945419
CtrSVDD_0009_E_0003081,-0.2494491207
CtrSVDD_0010_E_0003082,-0.3445020561
CtrSVDD_0011_E_0003083,-2.5387624849
CtrSVDD_0012_E_0003084,-0.2480063880
CtrSVDD_0013_E_0003085,-5.2466952671
CtrSVDD_0014_E_0003086,-3.4499778158
CtrSVDD_0015_E_0003087,-6.9291177926
CtrSVDD_0016_E_0003088,-5.0697486533
CtrSVDD_0017_E_0003089,-1.6903562409
CtrSVDD_0018_E_0003090,-7.3766389679
CtrSVDD_0019_E_0003091,-5.8408232823
CtrSVDD_0020_E_0003092,-4.0428501204
CtrSVDD_0021_E_0003093,-1.9725302450
CtrSVDD_0022_E_0003094,-3.7955962088
CtrSVDD_0023_E_0003095,-5.4256332705
CtrSVDD_0024_E_0003096,-4.8550593142
CtrSVDD_0025_E_0003097,-5.1566844102
CtrSVDD_0026_E_0003098,-6.5449842600
CtrSVDD_0027_E_0003099,-7.1965189615
CtrSVDD_0028_E_0003100,-3.4037427430
CtrSVDD_0029_E_0003101,-6.9746545434
CtrSVDD_0030_E_0003102,-6.2001531448
CtrSVDD_0031_E_0003103,-5.6344436359
CtrSVDD_0032_E_0003104,0.5684131487
CtrSVDD_0033_E_0003105,-4.9977109776
CtrSVDD_0034_E_0003106,-7.2574551358
CtrSVDD_0035_E_0003107,-6.5712748470
CtrSVDD_0036_E_0003108,-4.1291592149
CtrSVDD_0037_E_0003109,-5.7502195551
CtrSVDD_0038_E_0003110,-9.0331596910
CtrSVDD_0039_E_0003111,-4.7211161322
CtrSVDD_0040_E_0003112,0.8902607472
CtrSVDD_0041_E_0003113,-8.3974070867
CtrSVDD_0042_E_0003114,-6.2980389272
CtrSVDD_0043_E_0003115,-7.8109566124
CtrSVDD_0044_E_0003116,-7.3101774706
CtrSVDD_0045_E_0003117,-6.4649824117
CtrSVDD_0046_E_0003118,-3.1662178144
CtrSVDD_0047_E_0003119,-6.3854275294
CtrSVDD_0000_E_0003120,-5.7318384563
CtrSVDD_0001_E_0003121,-7.5898255353
CtrSVDD_0002_E_0003122,-0.4769881839
CtrSVDD_0003_E_0003123,-7.2055761918
CtrSVDD_0004_E_0003124,-7.7416788132
CtrSVDD_0005_E_0003125,-4.8689201684
CtrSVDD_0006_E_0003126,3.4512310058
CtrSVDD_0007_E_0003127,-3.6020864488
CtrSVDD_0008_E_0003128,-7.0016860589
CtrSVDD_0009_E_0003129,-0.7906822025
CtrSVDD_0010_E_0003130,-7.1948496913
CtrSVDD_0011_E_0003131,-2.8046764010
CtrSVDD_0012_E_0003132,-7.3643529256
CtrSVDD_0013_E_0003133,-5.9173245924
CtrSVDD_0014_E_0003134,-5.5567744599
CtrSVDD_0015_E_0003135,-6.2777074737
CtrSVDD_0016_E_0003136,-6.9854568874
CtrSVDD_0017_E_0003137,-5.8321666263
CtrSVDD_0018_E_0003138,-5.2914106452
CtrSVDD_0019_E_0003139,-7.4975683918
CtrSVDD_0020_E_0003140,-6.8299068350
CtrSVDD_0021_E_0003141,-1.7035512079
CtrSVDD_0022_E_0003142,-5.6428407117
CtrSVDD_0023_E_0003143,-7.4010149823
CtrSVDD_0024_E_0003144,-5.3513901967
CtrSVDD_0025_E_0003145,-6.6655692595
CtrSVDD_0026_E_0003146,-4.7557457797
CtrSVDD_0027_E_0003147,-7.9132470604
CtrSVDD_0028_E_0003148,-6.2397969925
CtrSVDD_0029_E_0003149,-7.3282597280
CtrSVDD_0030_E_0003150,-4.9434320053
CtrSVDD_0031_E_0003151,-7.8220785197
CtrSVDD_0032_E_0003152,-6.2503579265
CtrSVDD_0033_E_0003153,-1.1921766381
CtrSVDD_0034_E_0003154,-0.0833242105
CtrSVDD_0035_E_0003155,-5.5843791047
CtrSVDD_0036_E_0003156,-7.2515974508
CtrSVDD_0037_E_0003157,-0.3848685318
CtrSVDD_0038_E_0003158,-4.3840221383
CtrSVDD_0039_E_0003159,-3.9445574477
CtrSVDD_0040_E_0003160,-7.9799282464
CtrSVDD_0041_E_0003161,-2.4730131227
CtrSVDD_0042_E_0003162,-5.7409704390
CtrSVDD_0043_E_0003163,-0.0889401633
CtrSVDD_0044_E_0003164,-7.8664341425
CtrSVDD_0045_E_0003165,-3.0767045948
CtrSVDD_0046_E_0003166,-4.0714696030
CtrSVDD_0047_E_0003167,-9.0087696846
CtrSVDD_0000_E_0003168,-6.7413309037
CtrSVDD_0001_E_0003169,-2.9744560883
CtrSVDD_0002_E_0003170,-5.2569821588
CtrSVDD_0003_E_0003171,-5.4387858956
CtrSVDD_0004_E_0003172,-5.1920668014
CtrSVDD_0005_E_0003173,-0.7585819416
CtrSVDD_0006_E_0003174,-4.6706294588
CtrSVDD_0007_E_0003175,-1.1991522510
CtrSVDD_0008_E_0003176,-5.0884577392
CtrSVDD_0009_E_0003177,-6.7204588416
CtrSVDD_0010_E_0003178,-5.5129519248
CtrSVDD_0011_E_0003179,-6.5393739691
CtrSVDD_0012_E_0003180,-4.8824718614
CtrSVDD_0013_E_0003181,-7.1926635325
CtrSVDD_0014_E_0003182,-6.4983776307
CtrSVDD_0015_E_0003183,-7.1442954921
CtrSVDD_0016_E_0003184,-4.4504310063
CtrSVDD_0017_E_0003185,-5.9651527098
CtrSVDD_0018_E_0003186,-7.5022983486
CtrSVDD_0019_E_0003187,-4.5122354738
CtrSVDD_0020_E_0003188,-8.0013653287
CtrSVDD_0021_E_0003189,-6.8148917234
CtrSVDD_0022_E_0003190,-6.5248256635
CtrSVDD_0023_E_0003191,-8.4883445668
CtrSVDD_0024_E_0003192,0.0318393905
CtrSVDD_0025_E_0003193,-8.5026616460
CtrSVDD_0026_E_0003194,-7.2248137213
CtrSVDD_0027_E_0003195,2.0814974982
CtrSVDD_0028_E_0003196,-6.6690159078
CtrSVDD_0029_E_0003197,-4.9045112495
CtrSVDD_0030_E_0003198,-3.7741010229
CtrSVDD_0031_E_0003199,-4.7889448288
CtrSVDD_0032_E_0003200,-6.6758675973
CtrSVDD_0033_E_0003201,0.9889232358
CtrSVDD_0034_E_0003202,-6.3103989715
CtrSVDD_0035_E_0003203,-0.0594835540
CtrSVDD_0036_E_0003204,-6.2280194548
CtrSVDD_0037_E_0003205,-5.5703573711
CtrSVDD_0038_E_0003206,-6.8455575962
CtrSVDD_0039_E_0003207,-5.6503072776
CtrSVDD_0040_E_0003208,-5.6585597450
CtrSVDD_0041_E_0003209,-5.5868944037
CtrSVDD_0042_E_0003210,-5.3287353094
CtrSVDD_0043_E_0003211,-5.7663861611
CtrSVDD_0044_E_0003212,-7.6997035138
CtrSVDD_0045_E_0003213,-5.4647920209
CtrSVDD_0046_E_0003214,-6.1876213326
CtrSVDD_0047_E_0003215,0.0831933267
CtrSVDD_0000_E_0003216,-6.2593927754
CtrSVDD_0001_E_0003217,-0.4304715213
CtrSVDD_0002_E_0003218,-8.5754909678
CtrSVDD_0003_E_0003219,-6.8139804619
CtrSVDD_0004_E_0003220,1.0279947747
CtrSVDD_0005_E_0003221,-1.2781564857
CtrSVDD_0006_E_0003222,-4.9556955072
CtrSVDD_0007_E_0003223,1.0638682391
CtrSVDD_0008_E_0003224,0.1339840606
CtrSVDD_0009_E_0003225,1.2934064059
CtrSVDD_0010_E_0003226,-6.3210658847
CtrSVDD_0011_E_0003227,-5.1784286681
CtrSVDD_0012_E_0003228,-4.3769654118
CtrSVDD_0013_E_0003229,-8.0036971744
CtrSVDD_0014_E_0003230,-7.7314450840
CtrSVDD_0015_E_0003231,-6.9580265563
CtrSVDD_0016_E_0003232,-7.2170397721
CtrSVDD_0017_E_0003233,-4.2798830388
CtrSVDD_0018_E_0003234,-4.9884384326
CtrSVDD_0019_E_0003235,-6.7502489568
CtrSVDD_0020_E_0003236,-3.8941916540
CtrSVDD_0021_E_0003237,-5.7828277756
CtrSVDD_0022_E_0003238,-7.3332124696
CtrSVDD_0023_E_0003239,-4.6523757693
CtrSVDD_0024_E_0003240,-0.4197539913
CtrSVDD_0025_E_0003241,-7.1791616455
CtrSVDD_0026_E_0003242,-5.6018916177
CtrSVDD_0027_E_0003243,-7.6842020734
CtrSVDD_0028_E_0003244,-7.1895050190
CtrSVDD_0029_E_0003245,-5.6454618052
CtrSVDD_0030_E_0003246,0.3263919994
CtrSVDD_0031_E_0003247,-4.4177627555
CtrSVDD_0032_E_0003248,-5.4668664972
CtrSVDD_0033_E_0003249,-4.1400012095
CtrSVDD_0034_E_0003250,-5.1582995016
CtrSVDD_0035_E_0003251,-0.4136513455
CtrSVDD_0036_E_0003252,-7.2550905500
CtrSVDD_0037_E_0003253,1.4391373656
CtrSVDD_0038_E_0003254,-6.3690814283
CtrSVDD_0039_E_0003255,-5.6598142761
CtrSVDD_0040_E_0003256,-7.8027013825
CtrSVDD_0041_E_0003257,-4.1871996243
CtrSVDD_0042_E_0003258,-5.8772923477
CtrSVDD_0043_E_0003259,-3.1526418088
CtrSVDD_0044_E_0003260,-0.4151755544
CtrSVDD_0045_E_0003261,-0.7001766943
CtrSVDD_0046_E_0003262,-0.4785560875
CtrSVDD_0047_E_0003263,-6.4487952406
CtrSVDD_0000_E_0003264,-7.4005358558
CtrSVDD_0001_E_0003265,-6.8723883406
CtrSVDD_0002_E_0003266,-6.1980045761
CtrSVDD_0003_E_0003267,-7.1531221814
CtrSVDD_0004_E_0003268,-5.7412972384
CtrSVDD_0005_E_0003269,-8.2568786017
CtrSVDD_0006_E_0003270,-6.8750035248
CtrSVDD_0007_E_0003271,-6.4429838838
CtrSVDD_0008_E_0003272,-5.1784563473
CtrSVDD_0009_E_0003273,0.7196775615
CtrSVDD_0010_E_0003274,-4.5899010201
CtrSVDD_0011_E_0003275,-7.6069756366
CtrSVDD_0012_E_0003276,-6.0916537266
CtrSVDD_0013_E_0003277,0.7091416044
CtrSVDD_0014_E_0003278,-6.9136144883
CtrSVDD_0015_E_0003279,-7.8768389508
CtrSVDD_0016_E_0003280,-2.5649498481
CtrSVDD_0017_E_0003281,-0.2537804489
CtrSVDD_0018_E_0003282,-4.9578608814
CtrSVDD_0019_E_0003283,-6.2796856931
CtrSVDD_0020_E_0003284,-7.2159810920
CtrSVDD_0021_E_0003285,-2.8527328142
CtrSVDD_0022_E_0003286,-5.0026198240
CtrSVDD_0023_E_0003287,-7.6483205477
CtrSVDD_0024_E_0003288,-3.3362410951
CtrSVDD_0025_E_0003289,0.6879377687
CtrSVDD_0026_E_0003290,-5.9979435796
CtrSVDD_0027_E_0003291,-6.9071255842
CtrSVDD_0028_E_0003292,-6.1091678522
CtrSVDD_0029_E_0003293,-5.0232531762
CtrSVDD_0030_E_0003294,-6.5052746539
CtrSVDD_0031_E_0003295,-5.5503097790
CtrSVDD_0032_E_0003296,-6.6160276365
CtrSVDD_0033_E_0003297,-7.0207165933
CtrSVDD_0034_E_0003298,-5.1994941678
CtrSVDD_0035_E_0003299,0.1622693499
CtrSVDD_0036_E_0003300,-0.8574738954
CtrSVDD_0037_E_0003301,-6.4076156149
CtrSVDD_0038_E_0003302,-7.6756152815
CtrSVDD_0039_E_0003303,-5.8333069997
CtrSVDD_0040_E_0003304,-6.9439951948
CtrSVDD_0041_E_0003305,-3.2546792919
CtrSVDD_0042_E_0003306,-5.4034356495
CtrSVDD_0043_E_0003307,-7.3744345634
CtrSVDD_0044_E_0003308,-1.4235530574
CtrSVDD_0045_E_0003309,-6.2007489265
CtrSVDD_0046_E_0003310,1.5318557475
CtrSVDD_0047_E_0003311,-6.6519971337
CtrSVDD_0000_E_0003312,-5.9369523108
CtrSVDD_0001_E_0003313,-6.2843974624
CtrSVDD_0002_E_0003314,-4.5384993144
CtrSVDD_0003_E_0003315,-1.2049137313
CtrSVDD_0004_E_0003316,-4.7475615860
CtrSVDD_0005_E_0003317,-5.6827649882
CtrSVDD_0006_E_0003318,-7.6000440090
CtrSVDD_0007_E_0003319,-1.3230285222
CtrSVDD_0008_E_0003320,-7.4265771186
CtrSVDD_0009_E_0003321,-6.1159681675
CtrSVDD_0010_E_0003322,-6.9551364101
CtrSVDD_0011_E_0003323,0.1821452351
CtrSVDD_0012_E_0003324,-6.8841676508
CtrSVDD_0013_E_0003325,-4.8570966762
CtrSVDD_0014_E_0003326,-3.0000381155
CtrSVDD_0015_E_0003327,-6.3904143252
CtrSVDD_0016_E_0003328,-7.0005009179
CtrSVDD_0017_E_0003329,-6.5923039698
CtrSVDD_0018_E_0003330,-3.1825852459
CtrSVDD_0019_E_0003331,-6.7634374760
CtrSVDD_0020_E_0003332,-2.6680816137
CtrSVDD_0021_E_0003333,0.7290684029
CtrSVDD_0022_E_0003334,-5.6048340230
CtrSVDD_0023_E_0003335,-7.0434900918
CtrSVDD_0024_E_0003336,-4.5536082312
CtrSVDD_0025_E_0003337,-5.5892732220
CtrSVDD_0026_E_0003338,0.6100137811
CtrSVDD_0027_E_0003339,-2.8208625252
CtrSVDD_0028_E_0003340,-4.5429858545
CtrSVDD_0029_E_0003341,-0.1793015971
CtrSVDD_0030_E_0003342,-7.4382643796
CtrSVDD_0031_E_0003343,-3.3151790533
CtrSVDD_0032_E_0003344,-3.4214273264
CtrSVDD_0033_E_0003345,-1.9020336308
CtrSVDD_0034_E_0003346,-7.5605225761
CtrSVDD_0035_E_0003347,-4.8998129255
CtrSVDD_0036_E_0003348,-7.7442538191
CtrSVDD_0037_E_0003349,-5.4947817717
CtrSVDD_0038_E_0003350,-6.1860507443
CtrSVDD_0039_E_0003351,-8.0331336122
CtrSVDD_0040_E_0003352,-1.0540660493
CtrSVDD_0041_E_0003353,-5.5733692501
CtrSVDD_0042_E_0003354,-4.9519492282
CtrSVDD_0043_E_0003355,-5.3106305212
CtrSVDD_0044_E_0003356,-6.6715061391
CtrSVDD_0045_E_0003357,-5.0327100535
CtrSVDD_0046_E_0003358,-6.2754917758
CtrSVDD_0047_E_0003359,-6.7219743895
CtrSVDD_0000_E_0003360,-2.5045379726
CtrSVDD_0001_E_0003361,-3.8183853542
CtrSVDD_0002_E_0003362,-6.6370517430
CtrSVDD_0003_E_0003363,-5.9770853770
CtrSVDD_0004_E_0003364,-5.6001527698
CtrSVDD_0005_E_0003365,-5.9464264616
CtrSVDD_0006_E_0003366,-7.0009574304
CtrSVDD_0007_E_0003367,-4.9623203790
CtrSVDD_0008_E_0003368,-6.6627863591
CtrSVDD_0009_E_0003369,-5.5889765420
CtrSVDD_0010_E_0003370,-4.6075622042
CtrSVDD_0011_E_0003371,-1.2525226939
CtrSVDD_0012_E_0003372,0.1452614808
CtrSVDD_0013_E_0003373,-2.6613213067
CtrSVDD_0014_E_0003374,-6.2765491196
CtrSVDD_0015_E_0003375,-5.4128664799
CtrSVDD_0016_E_0003376,-6.2451204453
CtrSVDD_0017_E_0003377,-4.9508804828
CtrSVDD_0018_E_0003378,-7.2049933333
CtrSVDD_0019_E_0003379,-7.0123747179
CtrSVDD_0020_E_0003380,-6.4777982860
CtrSVDD_0021_E_0003381,-5.3974101124
CtrSVDD_0022_E_0003382,-5.0283763199
CtrSVDD_0023_E_0003383,-2.9762944750
CtrSVDD_0024_E_0003384,-5.8447958060
CtrSVDD_0025_E_0003385,-5.8915950380
CtrSVDD_0026_E_0003386,-7.5260495744
CtrSVDD_0027_E_0003387,1.1737045358
CtrSVDD_0028_E_0003388,0.2171386145
CtrSVDD_0029_E_0003389,-6.7721971776
CtrSVDD_0030_E_0003390,-6.6210720694
CtrSVDD_0031_E_0003391,-4.8414542751
CtrSVDD_0032_E_0003392,1.6508347544
CtrSVDD_0033_E_0003393,-5.5832730860
CtrSVDD_0034_E_0003394,-5.7424021658
CtrSVDD_0035_E_0003395,-6.2048377928
CtrSVDD_0036_E_0003396,-2.2422390603
CtrSVDD_0037_E_0003397,-7.4665716028
CtrSVDD_0038_E_0003398,-5.9280595859
CtrSVDD_0039_E_0003399,-5.4468922537
CtrSVDD_0040_E_0003400,-6.7203798489
CtrSVDD_0041_E_0003401,-5.3271676612
CtrSVDD_0042_E_0003402,-6.7219153472
CtrSVDD_0043_E_0003403,-6.3773135508
CtrSVDD_0044_E_0003404,-7.0976919399
CtrSVDD_0045_E_0003405,-6.5041191892
CtrSVDD_0046_E_0003406,-6.0746871346
CtrSVDD_0047_E_0003407,-1.9968610785
CtrSVDD_0000_E_0003408,-7.6948916114
CtrSVDD_0001_E_0003409,-2.9872885139
CtrSVDD_0002_E_0003410,-8.3194387020
CtrSVDD_0003_E_0003411,-1.8345583335
CtrSVDD_0004_E_0003412,-2.1195954258
CtrSVDD_0005_E_0003413,-4.9257309795
CtrSVDD_0006_E_0003414,-6.3583077201
CtrSVDD_0007_E_0003415,-0.8314213998
CtrSVDD_0008_E_0003416,-6.7656251275
CtrSVDD_0009_E_0003417,-7.2815180698
CtrSVDD_0010_E_0003418,-6.7035198379
CtrSVDD_0011_E_0003419,-5.4056526476
CtrSVDD_0012_E_0003420,-4.6062372895
CtrSVDD_0013_E_0003421,-6.9964753667
CtrSVDD_0014_E_0003422,-6.2237562444
CtrSVDD_0015_E_0003423,0.1410444574
CtrSVDD_0016_E_0003424,-6.4422586040
CtrSVDD_0017_E_0003425,-1.1625029119
CtrSVDD_0018_E_0003426,0.9835540622
CtrSVDD_0019_E_0003427,-5.3203886737
CtrSVDD_0020_E_0003428,-5.7363210124
CtrSVDD_0021_E_0003429,-7.4190445036
CtrSVDD_0022_E_0003430,-7.1202206000
CtrSVDD_0023_E_0003431,-6.7688387648
CtrSVDD_0024_E_0003432,1.8063061245
CtrSVDD_0025_E_0003433,-0.5326035623
CtrSVDD_0026_E_0003434,-6.2871364166
CtrSVDD_0027_E_0003435,-8.6106090435
CtrSVDD_0028_E_0003436,-5.6276566067
CtrSVDD_0029_E_0003437,-5.7834263351
CtrSVDD_0030_E_0003438,-7.1340593293
CtrSVDD_0031_E_0003439,-1.4672829233
CtrSVDD_0032_E_0003440,-3.6061541231
CtrSVDD_0033_E_0003441,-4.5679615208
CtrSVDD_0034_E_0003442,-7.7072551625
CtrSVDD_0035_E_0003443,-4.5975080661
CtrSVDD_0036_E_0003444,-6.3960397220
CtrSVDD_0037_E_0003445,-7.0725484693
CtrSVDD_0038_E_0003446,-3.9959022815
CtrSVDD_0039_E_0003447,-5.6356653303
CtrSVDD_0040_E_0003448,-2.8801059566
CtrSVDD_0041_E_0003449,-8.0549520779
CtrSVDD_0042_E_0003450,-7.5239396622
CtrSVDD_0043_E_0003451,-5.9552427099
CtrSVDD_0044_E_0003452,-7.0094118570
CtrSVDD_0045_E_0003453,-6.9406688069
CtrSVDD_0046_E_0003454,-5.3248207310
CtrSVDD_0047_E_0003455,-6.1700915079
CtrSVDD_0000_E_0003456,-5.7198622823
CtrSVDD_0001_E_0003457,-6.7356207075
CtrSVDD_0002_E_0003458,-8.2052918798
CtrSVDD_0003_E_0003459,-8.0401862644
CtrSVDD_0004_E_0003460,-8.2723017370
CtrSVDD_0005_E_0003461,-6.9013109220
CtrSVDD_0006_E_0003462,-7.2330155418
CtrSVDD_0007_E_0003463,1.4839023761
CtrSVDD_0008_E_0003464,-6.7006063475
CtrSVDD_0009_E_0003465,-2.7862548308
CtrSVDD_0010_E_0003466,-0.5053952563
CtrSVDD_0011_E_0003467,-7.5491887201
CtrSVDD_0012_E_0003468,-7.0612548930
CtrSVDD_0013_E_0003469,-6.6424535193
CtrSVDD_0014_E_0003470,-5.8110845160
CtrSVDD_0015_E_0003471,-5.8190834934
CtrSVDD_0016_E_0003472,-7.3218566252
CtrSVDD_0017_E_0003473,-6.5801305166
CtrSVDD_0018_E_0003474,-4.4533781820
CtrSVDD_0019_E_0003475,-1.2313500657
CtrSVDD_0020_E_0003476,-1.9924932571
CtrSVDD_0021_E_0003477,-8.1042651623
CtrSVDD_0022_E_0003478,-4.8928122277
CtrSVDD_0023_E_0003479,-7.4783511452
CtrSVDD_0024_E_0003480,-0.3267438821
CtrSVDD_0025_E_0003481,-4.2216692094
CtrSVDD_0026_E_0003482,-6.6808756037
CtrSVDD_0027_E_0003483,-6.4614665458
CtrSVDD_0028_E_0003484,-5.4183045569
CtrSVDD_0029_E_0003485,-6.7777982108
CtrSVDD_0030_E_0003486,1.2343409229
CtrSVDD_0031_E_0003487,-4.8005523035
CtrSVDD_0032_E_0003488,0.1693601163
CtrSVDD_0033_E_0003489,-5.7561455585
CtrSVDD_0034_E_0003490,-6.4980591269
CtrSVDD_0035_E_0003491,1.4017293963
CtrSVDD_0036_E_0003492,-3.8726086621
CtrSVDD_0037_E_0003493,-6.2725383270
CtrSVDD_0038_E_0003494,-8.2105945556
CtrSVDD_0039_E_0003495,-6.7991267846
CtrSVDD_0040_E_0003496,-8.6376604116
CtrSVDD_0041_E_0003497,-7.7321930565
CtrSVDD_0042_E_0003498,-7.8533760887
CtrSVDD_0043_E_0003499,-6.2466589696
CtrSVDD_0044_E_0003500,-7.5295241177
CtrSVDD_0045_E_0003501,-5.4471357562
CtrSVDD_0046_E_0003502,-2.5250474358
CtrSVDD_0047_E_0003503,-7.5408020131
CtrSVDD_0000_E_0003504,-7.4226656993
CtrSVDD_0001_E_0003505,-5.3031192944
CtrSVDD_0002_E_0003506,-6.3837304432
CtrSVDD_0003_E_0003507,-6.7761597194
CtrSVDD_0004_E_0003508,-7.0273873559
CtrSVDD_0005_E_0003509,-6.4757842789
CtrSVDD_0006_E_0003510,-5.0075502570
CtrSVDD_0007_E_0003511,0.6337749880
CtrSVDD_0008_E_0003512,-6.4130218185
CtrSVDD_0009_E_0003513,-8.7278968129
CtrSVDD_0010_E_0003514,-7.3954969315
CtrSVDD_0011_E_0003515,-3.4117324800
CtrSVDD_0012_E_0003516,-7.9800989544
CtrSVDD_0013_E_0003517,-6.2095145634
CtrSVDD_0014_E_0003518,-5.1165741007
CtrSVDD_0015_E_0003519,-6.8168537117
CtrSVDD_0016_E_0003520,-5.9166683375
CtrSVDD_0017_E_0003521,-6.2302537062
CtrSVDD_0018_E_0003522,-3.5688392275
CtrSVDD_0019_E_0003523,-6.2573787705
CtrSVDD_0020_E_0003524,-6.5834508512
CtrSVDD_0021_E_0003525,-7.5705075565
CtrSVDD_0022_E_0003526,-5.5683750888
CtrSVDD_0023_E_0003527,-5.8786679547
CtrSVDD_0024_E_0003528,-4.9761619493
CtrSVDD_0025_E_0003529,-5.1641114908
CtrSVDD_0026_E_0003530,0.0076934104
CtrSVDD_0027_E_0003531,-0.9391451029
CtrSVDD_0028_E_0003532,-8.1918608179
CtrSVDD_0029_E_0003533,-4.3116404849
CtrSVDD_0030_E_0003534,0.6116994783
CtrSVDD_0031_E_0003535,-6.0806874507
CtrSVDD_0032_E_0003536,-6.3525032598
CtrSVDD_0033_E_0003537,-5.7369427445
CtrSVDD_0034_E_0003538,-6.4950340216
CtrSVDD_0035_E_0003539,-4.6973812681
CtrSVDD_0036_E_0003540,-1.8063061245
CtrSVDD_0037_E_0003541,-6.2315575883
CtrSVDD_0038_E_0003542,-6.3428163026
CtrSVDD_0039_E_0003543,-5.0315859628
CtrSVDD_0040_E_0003544,-6.5155284267
CtrSVDD_0041_E_0003545,-7.3124707573
CtrSVDD_0042_E_0003546,-5.6498399651
CtrSVDD_0043_E_0003547,-7.4959956753
CtrSVDD_0044_E_0003548,-5.1281148167
CtrSVDD_0045_E_0003549,-3.2282221199
CtrSVDD_0046_E_0003550,0.4182268725
CtrSVDD_0047_E_0003551,-4.2406580231
CtrSVDD_0000_E_0003552,-1.2901844981
CtrSVDD_0001_E_0003553,-6.4848055415
CtrSVDD_0002_E_0003554,2.3716313507
CtrSVDD_0003_E_0003555,-5.1765248763
CtrSVDD_0004_E_0003556,0.3578920410
CtrSVDD_0005_E_0003557,-4.6404325979
CtrSVDD_0006_E_0003558,-5.7999699928
CtrSVDD_0007_E_0003559,-6.1809529519
CtrSVDD_0008_E_0003560,-4.8806572166
CtrSVDD_0009_E_0003561,-5.5108061592
CtrSVDD_0010_E_0003562,-5.8997681898
CtrSVDD_0011_E_0003563,-7.5389293239
CtrSVDD_0012_E_0003564,-6.2268391355
CtrSVDD_0013_E_0003565,-4.0658361740
CtrSVDD_0014_E_0003566,-0.3939223175
CtrSVDD_0015_E_0003567,-5.7166259324
CtrSVDD_0016_E_0003568,-6.9900984282
CtrSVDD_0017_E_0003569,-7.1780926303
CtrSVDD_0018_E_0003570,-5.8956382096
CtrSVDD_0019_E_0003571,-5.4576492669
CtrSVDD_0020_E_0003572,-6.7968781767
CtrSVDD_0021_E_0003573,-4.0447021861
CtrSVDD_0022_E_0003574,-7.2770072571
CtrSVDD_0023_E_0003575,-4.4605922181
CtrSVDD_0024_E_0003576,-6.1191874258
CtrSVDD_0025_E_0003577,-5.0713243958
CtrSVDD_0026_E_0003578,-6.4220729401
CtrSVDD_0027_E_0003579,-5.6906460621
CtrSVDD_0028_E_0003580,-5.8148064237
CtrSVDD_0029_E_0003581,-2.7634184708
CtrSVDD_0030_E_0003582,-5.7317942947
CtrSVDD_0031_E_0003583,-7.8856684956
CtrSVDD_0032_E_0003584,-6.1359795303
CtrSVDD_0033_E_0003585,0.4197539913
CtrSVDD_0034_E_0003586,-5.7967803310
CtrSVDD_0035_E_0003587,-0.8065556559
CtrSVDD_0036_E_0003588,-4.5631067654
CtrSVDD_0037_E_0003589,-5.2417402466
CtrSVDD_0038_E_0003590,0.0314779298
CtrSVDD_0039_E_0003591,-7.8591843527
CtrSVDD_0040_E_0003592,1.6189001435
CtrSVDD_0041_E_0003593,-4.0640595976
CtrSVDD_0042_E_0003594,-6.9667531030
CtrSVDD_0043_E_0003595,-6.9267289874
CtrSVDD_0044_E_0003596,-4.6851608771
CtrSVDD_0045_E_0003597,-4.6457943063
CtrSVDD_0046_E_0003598,-6.1400127154
CtrSVDD_0047_E_0003599,-4.6140306141
CtrSVDD_0000_E_0003600,-7.3615572442
CtrSVDD_0001_E_0003601,-7.6333286449
CtrSVDD_0002_E_0003602,-6.8881554394
CtrSVDD_0003_E_0003603,-0.9588950729
CtrSVDD_0004_E_0003604,0.5849315401
CtrSVDD_0005_E_0003605,-1.7179642288
CtrSVDD_0006_E_0003606,-3.1881443760
CtrSVDD_0007_E_0003607,-3.3667519899
CtrSVDD_0008_E_0003608,-4.3426925628
CtrSVDD_0009_E_0003609,-0.0906213158
CtrSVDD_0010_E_0003610,-7.6759562825
CtrSVDD_0011_E_0003611,-10.0271471981
CtrSVDD_0012_E_0003612,-7.7408121574
CtrSVDD_0013_E_0003613,-7.6127652256
CtrSVDD_0014_E_0003614,-7.1084565846
CtrSVDD_0015_E_0003615,0.8434165203
CtrSVDD_0016_E_0003616,-7.0894493329
CtrSVDD_0017_E_0003617,-6.4737640121
CtrSVDD_0018_E_0003618,-5.1549682448
CtrSVDD_0019_E_0003619,-6.2864044341
CtrSVDD_0020_E_0003620,-7.2761994754
CtrSVDD_0021_E_0003621,-5.9409689214
CtrSVDD_0022_E_0003622,-6.6776748820
CtrSVDD_0023_E_0003623,0.9391451029
CtrSVDD_0024_E_0003624,-6.3263760869
CtrSVDD_0025_E_0003625,-1.2934064059
CtrSVDD_0026_E_0003626,-6.8883662802
CtrSVDD_0027_E_0003627,-5.5748743181
CtrSVDD_0028_E_0003628,-4.1067050190
CtrSVDD_0029_E_0003629,-4.4838184897
CtrSVDD_0030_E_0003630,-0.3534216980
CtrSVDD_0031_E_0003631,-4.8031599681
CtrSVDD_0032_E_0003632,-6.9804270587
CtrSVDD_0033_E_0003633,-6.0266198647
CtrSVDD_0034_E_0003634,-6.9675093725
CtrSVDD_0035_E_0003635,-4.3302494154
CtrSVDD_0036_E_0003636,-6.7822824429
CtrSVDD_0037_E_0003637,-4.8306856649
CtrSVDD_0038_E_0003638,-6.0386145121
CtrSVDD_0039_E_0003639,-6.1159580639
CtrSVDD_0040_E_0003640,-4.9985800521
CtrSVDD_0041_E_0003641,-6.9598877662
CtrSVDD_0042_E_0003642,-2.8606008953
CtrSVDD_0043_E_0003643,-6.0081936045
CtrSVDD_0044_E_0003644,-6.2468416186
CtrSVDD_0045_E_0003645,-7.0291527773
CtrSVDD_0046_E_0003646,-6.4985970971
CtrSVDD_0047_E_0003647,-6.5480965370
CtrSVDD_0000_E_0003648,0.9091304899
CtrSVDD_0001_E_0003649,-0.7217891729
CtrSVDD_0002_E_0003650,-5.1284521129
CtrSVDD_0003_E_0003651,-5.6097001079
CtrSVDD_0004_E_0003652,-6.4702067829
CtrSVDD_0005_E_0003653,-0.2092367911
CtrSVDD_0006_E_0003654,-6.2954244723
CtrSVDD_0007_E_0003655,-5.3257043869
CtrSVDD_0008_E_0003656,-5.3953531811
CtrSVDD_0009_E_0003657,-6.2749822012
CtrSVDD_0010_E_0003658,-5.6789877777
CtrSVDD_0011_E_0003659,-2.8695382036
CtrSVDD_0012_E_0003660,-0.6877194580
CtrSVDD_0013_E_0003661,-7.4482580524
CtrSVDD_0014_E_0003662,-0.9028048733
CtrSVDD_0015_E_0003663,-6.6033688649
CtrSVDD_0016_E_0003664,-0.1128414574
CtrSVDD_0017_E_0003665,-6.8219307343
CtrSVDD_0018_E_0003666,-3.7874846381
CtrSVDD_0019_E_0003667,-6.6137966843
CtrSVDD_0020_E_0003668,-5.7440607951
CtrSVDD_0021_E_0003669,-6.3898761978
CtrSVDD_0022_E_0003670,-4.9911643143
CtrSVDD_0023_E_0003671,-8.5647402892
CtrSVDD_0024_E_0003672,-5.5407295168
CtrSVDD_0025_E_0003673,-3.3765101911
CtrSVDD_0026_E_0003674,-2.9899557576
CtrSVDD_0027_E_0003675,-7.9225933686
CtrSVDD_0028_E_0003676,-4.3000087121
CtrSVDD_0029_E_0003677,-3.6449051999
CtrSVDD_0030_E_0003678,0.8022073322
CtrSVDD_0031_E_0003679,-2.4322054160
CtrSVDD_0032_E_0003680,1.0181772056
CtrSVDD_0033_E_0003681,-3.8107902501
CtrSVDD_0034_E_0003682,-5.7115844821
CtrSVDD_0035_E_0003683,-5.8815705634
CtrSVDD_0036_E_0003684,-6.6653564677
CtrSVDD_0037_E_0003685,-3.2115832109
CtrSVDD_0038_E_0003686,-7.0071810731
CtrSVDD_0039_E_0003687,-5.3082470564
CtrSVDD_0040_E_0003688,-3.7664568448
CtrSVDD_0041_E_0003689,-6.0166925396
CtrSVDD_0042_E_0003690,-6.5994228402
CtrSVDD_0043_E_0003691,-6.0716123695
CtrSVDD_0044_E_0003692,-2.0421247711
CtrSVDD_0045_E_0003693,-6.5380379277
CtrSVDD_0046_E_0003694,-4.8730880518
CtrSVDD_0047_E_0003695,-0.1580188258
CtrSVDD_0000_E_0003696,-6.4166361004
CtrSVDD_0001_E_0003697,-5.0678617074
CtrSVDD_0002_E_0003698,-6.0240451839
CtrSVDD_0003_E_0003699,-4.9033610606
CtrSVDD_0004_E_0003700,-5.8607581520
CtrSVDD_0005_E_0003701,-5.8714119810
CtrSVDD_0006_E_0003702,-7.8173876059
CtrSVDD_0007_E_0003703,-6.5234282864
CtrSVDD_0008_E_0003704,-8.8768879785
CtrSVDD_0009_E_0003705,-6.4877267816
CtrSVDD_0010_E_0003706,1.0663348048
CtrSVDD_0011_E_0003707,-6.9015335450
CtrSVDD_0012_E_0003708,-6.5546629934
CtrSVDD_0013_E_0003709,-8.6487341157
CtrSVDD_0014_E_0003710,-4.3369316233
CtrSVDD_0015_E_0003711,-5.9042010888
CtrSVDD_0016_E_0003712,0.1679412931
CtrSVDD_0017_E_0003713,-6.7400065079
CtrSVDD_0018_E_0003714,-5.7398456910
CtrSVDD_0019_E_0003715,-6.3377128152
CtrSVDD_0020_E_0003716,-7.3011670989
CtrSVDD_0021_E_0003717,-4.0341359096
CtrSVDD_0022_E_0003718,-5.6410670954
CtrSVDD_0023_E_0003719,-0.1267087739
CtrSVDD_0024_E_0003720,-4.9212047538
CtrSVDD_0025_E_0003721,-5.4219882458
CtrSVDD_0026_E_0003722,1.1849199287
CtrSVDD_0027_E_0003723,0.9503178414
CtrSVDD_0028_E_0003724,-1.4044169786
CtrSVDD_0029_E_0003725,-7.4484905636
CtrSVDD_0030_E_0003726,-8.6161550222
CtrSVDD_0031_E_0003727,-5.7587207336
CtrSVDD_0032_E_0003728,-5.7624426413
CtrSVDD_0033_E_0003729,-5.0940085304
CtrSVDD_0034_E_0003730,-4.8367760144
CtrSVDD_0035_E_0003731,-7.9009151689
CtrSVDD_0036_E_0003732,-7.6143980036
CtrSVDD_0037_E_0003733,-7.1543797640
CtrSVDD_0038_E_0003734,0.8080100070
CtrSVDD_0039_E_0003735,-5.1313148499
CtrSVDD_0040_E_0003736,-5.0055294326
CtrSVDD_0041_E_0003737,-0.9655620099
CtrSVDD_0042_E_0003738,-5.8611033307
CtrSVDD_0043_E_0003739,-4.8070914541
CtrSVDD_0044_E_0003740,-7.8186870108
CtrSVDD_0045_E_0003741,1.5163632225
CtrSVDD_0046_E_0003742,-7.0835348543
CtrSVDD_0047_E_0003743,1.7310263173
CtrSVDD_0000_E_0003744,-4.2539183932
CtrSVDD_0001_E_0003745,-6.9228675535
CtrSVDD_0002_E_0003746,-5.8525479893
CtrSVDD_0003_E_0003747,-7.4179181163
CtrSVDD_0004_E_0003748,-6.3348164934
CtrSVDD_0005_E_0003749,-7.3343218436
CtrSVDD_0006_E_0003750,-0.9611126384
CtrSVDD_0007_E_0003751,-4.1808186447
CtrSVDD_0008_E_0003752,-7.2107219115
CtrSVDD_0009_E_0003753,-5.7609282071
CtrSVDD_0010_E_0003754,-6.3439578868
CtrSVDD_0011_E_0003755,-7.6591230658
CtrSVDD_0012_E_0003756,-6.0685406225
CtrSVDD_0013_E_0003757,-6.9659649531
CtrSVDD_0014_E_0003758,-5.4085126721
CtrSVDD_0015_E_0003759,-5.1594606913
CtrSVDD_0016_E_0003760,-5.8212902468
CtrSVDD_0017_E_0003761,-7.5424330144
CtrSVDD_0018_E_0003762,-6.2757505501
CtrSVDD_0019_E_0003763,-5.3250475175
CtrSVDD_0020_E_0003764,-6.2327843177
CtrSVDD_0021_E_0003765,-2.5819715696
CtrSVDD_0022_E_0003766,-6.9181550122
CtrSVDD_0023_E_0003767,-6.4186932627
CtrSVDD_0024_E_0003768,-6.3241977566
CtrSVDD_0025_E_0003769,-2.7508060821
CtrSVDD_0026_E_0003770,-8.0748830635
CtrSVDD_0027_E_0003771,0.2798717615
CtrSVDD_0028_E_0003772,-6.7144209361
CtrSVDD_0029_E_0003773,-8.2498835441
CtrSVDD_0030_E_0003774,0.4676051739
CtrSVDD_0031_E_0003775,-7.1932312874
CtrSVDD_0032_E_0003776,-7.1118484565
CtrSVDD_0033_E_0003777,-0.2582732602
CtrSVDD_0034_E_0003778,-5.3874569965
CtrSVDD_0035_E_0003779,-3.0199127720
CtrSVDD_0036_E_0003780,-7.7263831432
CtrSVDD_0037_E_0003781,-5.3188340413
CtrSVDD_0038_E_0003782,-7.3724478910
CtrSVDD_0039_E_0003783,-6.7543403907
CtrSVDD_0040_E_0003784,-7.1234270312
CtrSVDD_0041_E_0003785,-2.1011965549
CtrSVDD_0042_E_0003786,-1.1792936900
CtrSVDD_0043_E_0003787,-4.8158028490
CtrSVDD_0044_E_0003788,-6.8522847580
CtrSVDD_0045_E_0003789,-6.4936083712
CtrSVDD_0046_E_0003790,-5.2468180155
CtrSVDD_0047_E_0003791,-2.2983833524
CtrSVDD_0000_E_0003792,-3.5957511000
CtrSVDD_0001_E_0003793,0.3002966440
CtrSVDD_0002_E_0003794,-5.8612543994
CtrSVDD_0003_E_0003795,-6.5364654362
CtrSVDD_0004_E_0003796,-4.6917239550
CtrSVDD_0005_E_0003797,-6.9302912024
CtrSVDD_0006_E_0003798,-6.5029727648
CtrSVDD_0007_E_0003799,-5.7233318079
CtrSVDD_0008_E_0003800,-6.9907250474
CtrSVDD_0009_E_0003801,2.0228419014
CtrSVDD_0010_E_0003802,-7.9847545446
CtrSVDD_0011_E_0003803,-6.3702628592
CtrSVDD_0012_E_0003804,-5.9535153053
CtrSVDD_0013_E_0003805,-6.1036081051
CtrSVDD_0014_E_0003806,-6.5225056425
CtrSVDD_0015_E_0003807,-4.6324417514
CtrSVDD_0016_E_0003808,-6.8002514103
CtrSVDD_0017_E_0003809,-3.4512310058
CtrSVDD_0018_E_0003810,-6.2812553571
CtrSVDD_0019_E_0003811,-6.9994036431
CtrSVDD_0020_E_0003812,-6.1812654199
CtrSVDD_0021_E_0003813,-5.4796823211
CtrSVDD_0022_E_0003814,-0.3954344060
CtrSVDD_0023_E_0003815,-6.3858792043
CtrSVDD_0024_E_0003816,-5.7137238138
CtrSVDD_0025_E_0003817,-4.3567048172
CtrSVDD_0026_E_0003818,-4.1791039167
CtrSVDD_0027_E_0003819,0.1481118923
CtrSVDD_0028_E_0003820,-0.5390624707
CtrSVDD_0029_E_0003821,-5.7267837046
CtrSVDD_0030_E_0003822,-4.9614187815
CtrSVDD_0031_E_0003823,-6.0046766043
CtrSVDD_0032_E_0003824,-4.2988513271
CtrSVDD_0033_E_0003825,-7.0479836735
CtrSVDD_0034_E_0003826,-7.0822545079
CtrSVDD_0035_E_0003827,-4.6347109810
CtrSVDD_0036_E_0003828,-1.5409625827
CtrSVDD_0037_E_0003829,-5.4301233886
CtrSVDD_0038_E_0003830,-2.7944705897
CtrSVDD_0039_E_0003831,-4.2423444269
CtrSVDD_0040_E_0003832,-6.4168925964
CtrSVDD_0041_E_0003833,-8.6661036280
CtrSVDD_0042_E_0003834,-6.9990166071
CtrSVDD_0043_E_0003835,-5.9915619562
CtrSVDD_0044_E_0003836,-6.9768986441
CtrSVDD_0045_E_0003837,-6.9461496920
CtrSVDD_0046_E_0003838,-6.6414736401
CtrSVDD_0047_E_0003839,-6.6685990995
CtrSVDD_0000_E_0003840,-6.1916021202
CtrSVDD_0001_E_0003841,-6.2390260682
CtrSVDD_0002_E_0003842,-6.3631234446
CtrSVDD_0003_E_0003843,-6.6761594758
CtrSVDD_0004_E_0003844,-6.4550973508
CtrSVDD_0005_E_0003845,-1.1544251897
CtrSVDD_0006_E_0003846,-0.1892608309
CtrSVDD_0007_E_0003847,-6.4994213185
CtrSVDD_0008_E_0003848,-3.3475458872
CtrSVDD_0009_E_0003849,-5.8002775902
CtrSVDD_0010_E_0003850,-6.7127134781
CtrSVDD_0011_E_0003851,-0.9413214015
CtrSVDD_0012_E_0003852,-5.3322871997
CtrSVDD_0013_E_0003853,-6.9569800214
CtrSVDD_0014_E_0003854,-4.4426936484
CtrSVDD_0015_E_0003855,-2.2524140418
CtrSVDD_0016_E_0003856,-7.6574308223
CtrSVDD_0017_E_0003857,-2.9297883751
CtrSVDD_0018_E_0003858,-5.9369855693
CtrSVDD_0019_E_0003859,-6.1304614512
CtrSVDD_0020_E_0003860,-0.5277739351
CtrSVDD_0021_E_0003861,-3.2596187041
CtrSVDD_0022_E_0003862,-5.1855819843
CtrSVDD_0023_E_0003863,-5.7869385866
CtrSVDD_0024_E_0003864,-7.0439870032
CtrSVDD_0025_E_0003865,-3.5261076862
CtrSVDD_0026_E_0003866,-5.1198092420
CtrSVDD_0027_E_0003867,-5.1866398091
CtrSVDD_0028_E_0003868,-2.2388203472
CtrSVDD_0029_E_0003869,1.3679843837
CtrSVDD_0030_E_0003870,0.5085764963
CtrSVDD_0031_E_0003871,-2.0288370242
CtrSVDD_0032_E_0003872,-4.9328996753
CtrSVDD_0033_E_0003873,-6.5524562528
CtrSVDD_0034_E_0003874,-6.3902334204
CtrSVDD_0035_E_0003875,-7.8299318568
CtrSVDD_0036_E_0003876,-6.1847687633
CtrSVDD_0037_E_0003877,-3.2530313726
CtrSVDD_0038_E_0003878,-5.9504564771
CtrSVDD_0039_E_0003879,-5.7471039869
CtrSVDD_0040_E_0003880,-7.6251200467
CtrSVDD_0041_E_0003881,-7.0195233422
CtrSVDD_0042_E_0003882,-3.9591291537
CtrSVDD_0043_E_0003883,-4.8869250812
CtrSVDD_0044_E_0003884,-6.4288035078
CtrSVDD_0045_E_0003885,-3.9747064781
CtrSVDD_0046_E_0003886,-7.2225139838
CtrSVDD_0047_E_0003887,-7.1218468634
CtrSVDD_0000_E_0003888,2.0694437537
CtrSVDD_0001_E_0003889,-0.6859485777
CtrSVDD_0002_E_0003890,-4.7798028156
CtrSVDD_0003_E_0003891,-7.5302803599
CtrSVDD_0004_E_0003892,-3.9683589192
CtrSVDD_0005_E_0003893,-5.4295083827
CtrSVDD_0006_E_0003894,-2.0576833914
CtrSVDD_0007_E_0003895,-5.3690906244
CtrSVDD_0008_E_0003896,-6.5989430396
CtrSVDD_0009_E_0003897,-6.4135640840
CtrSVDD_0010_E_0003898,-1.6189001435
CtrSVDD_0011_E_0003899,-6.1687119630
CtrSVDD_0012_E_0003900,-7.7475863829
CtrSVDD_0013_E_0003901,0.3924111291
CtrSVDD_0014_E_0003902,-6.5291644011
CtrSVDD_0015_E_0003903,-6.6410017429
CtrSVDD_0016_E_0003904,-5.0660058185
CtrSVDD_0017_E_0003905,1.2517269914
CtrSVDD_0018_E_0003906,-5.5089359027
CtrSVDD_0019_E_0003907,-6.0107098150
CtrSVDD_0020_E_0003908,-5.9045569842
CtrSVDD_0021_E_0003909,-7.3956384454
CtrSVDD_0022_E_0003910,-6.6758842990
CtrSVDD_0023_E_0003911,0.8944264796
CtrSVDD_0024_E_0003912,-5.8622445377
CtrSVDD_0025_E_0003913,2.0027801363
CtrSVDD_0026_E_0003914,1.3823877397
CtrSVDD_0027_E_0003915,-5.6904744718
CtrSVDD_0028_E_0003916,-6.7124144590
CtrSVDD_0029_E_0003917,-5.9896344136
CtrSVDD_0030_E_0003918,-5.9629878162
CtrSVDD_0031_E_0003919,-7.6460176694
CtrSVDD_0032_E_0003920,-0.9903837048
CtrSVDD_0033_E_0003921,-5.6703258995
CtrSVDD_0034_E_0003922,-6.4311761219
CtrSVDD_0035_E_0003923,-6.6369719751
CtrSVDD_0036_E_0003924,-0.3683508953
CtrSVDD_0037_E_0003925,-6.3285489860
CtrSVDD_0038_E_0003926,-7.7175341753
CtrSVDD_0039_E_0003927,-7.0149800598
CtrSVDD_0040_E_0003928,-6.3224046147
CtrSVDD_0041_E_0003929,-5.9329523639
CtrSVDD_0042_E_0003930,-7.2965112855
CtrSVDD_0043_E_0003931,-6.0971998060
CtrSVDD_0044_E_0003932,-4.8591062212
CtrSVDD_0045_E_0003933,-6.9278748182
CtrSVDD_0046_E_0003934,-9.3233099146
CtrSVDD_0047_E_0003935,-6.0251535630
CtrSVDD_0000_E_0003936,-3.9259937459
CtrSVDD_0001_E_0003937,-6.2610509342
CtrSVDD_0002_E_0003938,-1.6563238653
CtrSVDD_0003_E_0003939,-4.0096597999
CtrSVDD_0004_E_0003940,-4.2129671700
CtrSVDD_0005_E_0003941,-5.5719519753
CtrSVDD_0006_E_0003942,-7.5809571544
CtrSVDD_0007_E_0003943,-6.7755572378
CtrSVDD_0008_E_0003944,-7.4680130463
CtrSVDD_0009_E_0003945,-6.8295715928
CtrSVDD_0010_E_0003946,-2.8878439647
CtrSVDD_0011_E_0003947,-0.6167670433
CtrSVDD_0012_E_0003948,-3.9418016426
CtrSVDD_0013_E_0003949,-0.3356097395
CtrSVDD_0014_E_0003950,-5.4845025800
CtrSVDD_0015_E_0003951,0.0174857423
CtrSVDD_0016_E_0003952,2.8856349124
CtrSVDD_0017_E_0003953,1.6019832540
CtrSVDD_0018_E_0003954,-0.6666083698
CtrSVDD_0019_E_0003955,-5.7850172471
CtrSVDD_0020_E_0003956,-7.7799470576
CtrSVDD_0021_E_0003957,-6.4141943245
CtrSVDD_0022_E_0003958,-4.6419931838
CtrSVDD_0023_E_0003959,-6.4979586334
CtrSVDD_0024_E_0003960,-6.6550090127
CtrSVDD_0025_E_0003961,-4.4433298136
CtrSVDD_0026_E_0003962,-6.0883061119
CtrSVDD_0027_E_0003963,-0.1184741650
CtrSVDD_0028_E_0003964,-5.9941410795
CtrSVDD_0029_E_0003965,-3.3184253452
CtrSVDD_0030_E_0003966,0.3037822328
CtrSVDD_0031_E_0003967,-0.9677938789
CtrSVDD_0032_E_0003968,-7.4554971866
CtrSVDD_0033_E_0003969,-7.9222267573
CtrSVDD_0034_E_0003970,-0.3895708518
CtrSVDD_0035_E_0003971,-7.0921718729
CtrSVDD_0036_E_0003972,-5.0922865557
CtrSVDD_0037_E_0003973,-6.3064988064
CtrSVDD_0038_E_0003974,-5.0574918336
CtrSVDD_0039_E_0003975,-5.7471438135
CtrSVDD_0040_E_0003976,-5.2889832572
CtrSVDD_0041_E_0003977,-5.3487277143
CtrSVDD_0042_E_0003978,-7.4582299801
CtrSVDD_0043_E_0003979,-1.5690792921
CtrSVDD_0044_E_0003980,-0.4958819829
CtrSVDD_0045_E_0003981,1.3468970466
CtrSVDD_0046_E_0003982,-0.2842384143
CtrSVDD_0047_E_0003983,-5.3172785596
CtrSVDD_0000_E_0003984,-5.8685097536
CtrSVDD_0001_E_0003985,-5.4019514993
CtrSVDD_0002_E_0003986,2.1330075465
CtrSVDD_0003_E_0003987,-6.6576016933
CtrSVDD_0004_E_0003988,-7.4119259141
CtrSVDD_0005_E_0003989,-5.3327956663
CtrSVDD_0006_E_0003990,-6.0834491603
CtrSVDD_0007_E_0003991,-5.0005989012
CtrSVDD_0008_E_0003992,0.1001806688
CtrSVDD_0009_E_0003993,-4.2210023636
CtrSVDD_0010_E_0003994,-0.8275522725
CtrSVDD_0011_E_0003995,-0.2900690762
CtrSVDD_0012_E_0003996,-8.7504533542
CtrSVDD_0013_E_0003997,-5.1732196280
CtrSVDD_0014_E_0003998,-8.0720039672
CtrSVDD_0015_E_0003999,-5.8606747676
CtrSVDD_0016_E_0004000,-3.4298750915
CtrSVDD_0017_E_0004001,-9.2522799905
CtrSVDD_0018_E_0004002,-7.1230252116
CtrSVDD_0019_E_0004003,-6.6553865463
CtrSVDD_0020_E_0004004,-5.7128166717
CtrSVDD_0021_E_0004005,-5.9616050865
CtrSVDD_0022_E_0004006,-3.4324687616
CtrSVDD_0023_E_0004007,-5.4677739122
CtrSVDD_0024_E_0004008,-5.1947664138
CtrSVDD_0025_E_0004009,-7.3611004780
CtrSVDD_0026_E_0004010,-6.4152276557
CtrSVDD_0027_E_0004011,-10.3471574330
CtrSVDD_0028_E_0004012,0.7419009975
CtrSVDD_0029_E_0004013,-6.0949150966
CtrSVDD_0030_E_0004014,-6.7546425857
CtrSVDD_0031_E_0004015,-3.0993799580
CtrSVDD_0032_E_0004016,-6.5844033596
CtrSVDD_0033_E_0004017,-6.0307155362
CtrSVDD_0034_E_0004018,-5.4408638232
CtrSVDD_0035_E_0004019,-4.9035097586
CtrSVDD_0036_E_0004020,-5.0474536903
CtrSVDD_0037_E_0004021,-7.7351432355
CtrSVDD_0038_E_0004022,-8.0365773611
CtrSVDD_0039_E_0004023,-4.3726966587
CtrSVDD_0040_E_0004024,-0.0090922479
CtrSVDD_0041_E_0004025,-7.2888909695
CtrSVDD_0042_E_0004026,-8.2799426630
CtrSVDD_0043_E_0004027,-0.7019651572
CtrSVDD_0044_E_0004028,-5.2821640129
CtrSVDD_0045_E_0004029,-5.0974475858
CtrSVDD_0046_E_0004030,1.7976633338
CtrSVDD_0047_E_0004031,-4.9720433354
CtrSVDD_0000_E_0004032,-4.8719549149
CtrSVDD_0001_E_0004033,-6.4018469611
CtrSVDD_0002_E_0004034,-2.5122748366
CtrSVDD_0003_E_0004035,-4.2838870782
CtrSVDD_0004_E_0004036,-8.2996304164
CtrSVDD_0005_E_0004037,-5.7965204406
CtrSVDD_0006_E_0004038,-3.9377934762
CtrSVDD_0007_E_0004039,-0.1651046575
CtrSVDD_0008_E_0004040,-5.8162587891
CtrSVDD_0009_E_0004041,-6.8500379376
CtrSVDD_0010_E_0004042,-6.6497333470
CtrSVDD_0011_E_0004043,1.9484439573
CtrSVDD_0012_E_0004044,-5.5028886930
CtrSVDD_0013_E_0004045,-5.0960079479
CtrSVDD_0014_E_0004046,-5.4066188233
CtrSVDD_0015_E_0004047,-6.3060395795
CtrSVDD_0016_E_0004048,-4.8285347446
CtrSVDD_0017_E_0004049,-4.4887988236
CtrSVDD_0018_E_0004050,-5.8362766860
CtrSVDD_0019_E_0004051,-6.6299246953
CtrSVDD_0020_E_0004052,-5.8381679031
CtrSVDD_0021_E_0004053,-5.0291395329
CtrSVDD_0022_E_0004054,-5.8857104679
CtrSVDD_0023_E_0004055,-5.1566345609
CtrSVDD_0024_E_0004056,-0.0959640721
CtrSVDD_0025_E_0004057,-6.2875433010
CtrSVDD_0026_E_0004058,-5.3157545083
CtrSVDD_0027_E_0004059,-7.2369694505
CtrSVDD_0028_E_0004060,-7.9843224633
CtrSVDD_0029_E_0004061,-4.8159491259
CtrSVDD_0030_E_0004062,-0.2856951664
CtrSVDD_0031_E_0004063,-0.9926705409
CtrSVDD_0032_E_0004064,0.1636868392
CtrSVDD_0033_E_0004065,-6.0420699651
CtrSVDD_0034_E_0004066,0.6201542326
CtrSVDD_0035_E_0004067,-5.2974915656
CtrSVDD_0036_E_0004068,-5.7998607818
CtrSVDD_0037_E_0004069,0.1580188258
CtrSVDD_0038_E_0004070,-6.4760795715
CtrSVDD_0039_E_0004071,-6.8910553602
CtrSVDD_0040_E_0004072,-5.1350301461
CtrSVDD_0041_E_0004073,-5.9425955318
CtrSVDD_0042_E_0004074,-6.6309773750
CtrSVDD_0043_E_0004075,-6.2374451728
CtrSVDD_0044_E_0004076,-4.7064065430
CtrSVDD_0045_E_0004077,-5.8132300215
CtrSVDD_0046_E_0004078,-4.1659776841
CtrSVDD_0047_E_0004079,-1.4741892053
CtrSVDD_0000_E_0004080,-0.3385708627
CtrSVDD_0001_E_0004081,-5.5264068953
CtrSVDD_0002_E_0004082,0.7037558681
CtrSVDD_0003_E_0004083,-4.1426665279
CtrSVDD_0004_E_0004084,1.0000358995
CtrSVDD_0005_E_0004085,-6.5626253705
CtrSVDD_0006_E_0004086,-6.3485211690
CtrSVDD_0007_E_0004087,-4.2011828505
CtrSVDD_0008_E_0004088,-7.0543474816
CtrSVDD_0009_E_0004089,-6.4605879521
CtrSVDD_0010_E_0004090,-0.1750388497
CtrSVDD_0011_E_0004091,-6.0836872450
CtrSVDD_0012_E_0004092,-4.9837436977
CtrSVDD_0013_E_0004093,0.9007043491
CtrSVDD_0014_E_0004094,-5.6393387870
CtrSVDD_0015_E_0004095,-8.7885942088
CtrSVDD_0016_E_0004096,-6.9904503002
CtrSVDD_0017_E_0004097,-2.2756999012
CtrSVDD_0018_E_0004098,0.1020453384
CtrSVDD_0019_E_0004099,-7.3207958850
CtrSVDD_0020_E_0004100,-5.3338929000
CtrSVDD_0021_E_0004101,-4.0774802530
CtrSVDD_0022_E_0004102,-8.1286732441
CtrSVDD_0023_E_0004103,-5.3858532561
CtrSVDD_0024_E_0004104,-4.9966453121
CtrSVDD_0025_E_0004105,-5.6361248229
CtrSVDD_0026_E_0004106,-2.2456441521
CtrSVDD_0027_E_0004107,-6.0938448362
CtrSVDD_0028_E_0004108,-4.5859224237
CtrSVDD_0029_E_0004109,-6.8701970220
CtrSVDD_0030_E_0004110,1.7128261265
CtrSVDD_0031_E_0004111,-7.2498535227
CtrSVDD_0032_E_0004112,-0.3076212670
CtrSVDD_0033_E_0004113,-3.5150241621
CtrSVDD_0034_E_0004114,-0.4289374437
CtrSVDD_0035_E_0004115,-3.2398212754
CtrSVDD_0036_E_0004116,-5.5667035184
CtrSVDD_0037_E_0004117,-6.5688998956
CtrSVDD_0038_E_0004118,-7.2729611799
CtrSVDD_0039_E_0004119,-4.4912726494
CtrSVDD_0040_E_0004120,-4.9276189411
CtrSVDD_0041_E_0004121,-3.5361334078
CtrSVDD_0042_E_0004122,-6.9604859284
CtrSVDD_0043_E_0004123,-3.9534359799
CtrSVDD_0044_E_0004124,-2.5575760717
CtrSVDD_0045_E_0004125,1.5859239850
CtrSVDD_0046_E_0004126,0.8635505819
CtrSVDD_0047_E_0004127,-7.2029839830
CtrSVDD_0000_E_0004128,-5.0752935599
CtrSVDD_0001_E_0004129,-6.5856642697
CtrSVDD_0002_E_0004130,-4.3200427605
CtrSVDD_0003_E_0004131,0.7308942474
CtrSVDD_0004_E_0004132,-5.9179415275
CtrSVDD_0005_E_0004133,-5.6346406230
CtrSVDD_0006_E_0004134,-5.1052174084
CtrSVDD_0007_E_0004135,-7.6829118211
CtrSVDD_0008_E_0004136,0.3788501997
CtrSVDD_0009_E_0004137,-5.8670586637
CtrSVDD_0010_E_0004138,-0.5865921165
CtrSVDD_0011_E_0004139,-6.1954605007
CtrSVDD_0012_E_0004140,-6.9162105160
CtrSVDD_0013_E_0004141,-0.9881020363
CtrSVDD_0014_E_0004142,-6.8930791841
CtrSVDD_0015_E_0004143,-7.2146772900
CtrSVDD_0016_E_0004144,-6.7476048076
CtrSVDD_0017_E_0004145,-6.3943210168
CtrSVDD_0018_E_0004146,-6.0997340759
CtrSVDD_0019_E_0004147,-4.1234867482
CtrSVDD_0020_E_0004148,-5.2207653583
CtrSVDD_0021_E_0004149,-5.9746477948
CtrSVDD_0022_E_0004150,-5.3333130096
CtrSVDD_0023_E_0004151,-3.3119305043
CtrSVDD_0024_E_0004152,-7.1680455572
CtrSVDD_0025_E_0004153,-5.0500988709
CtrSVDD_0026_E_0004154,-7.2689247747
CtrSVDD_0027_E_0004155,-6.2265024039
CtrSVDD_0028_E_0004156,-6.1274516157
CtrSVDD_0029_E_0004157,-5.0147788406
CtrSVDD_0030_E_0004158,-5.1908467498
CtrSVDD_0031_E_0004159,-4.2498920307
CtrSVDD_0032_E_0004160,-7.0862341853
CtrSVDD_0033_E_0004161,-6.2170776463
CtrSVDD_0034_E_0004162,0.4443244374
CtrSVDD_0035_E_0004163,-6.3191150646
CtrSVDD_0036_E_0004164,-5.8569472538
CtrSVDD_0037_E_0004165,-6.5350109679
CtrSVDD_0038_E_0004166,-6.8958568743
CtrSVDD_0039_E_0004167,-6.9378977326
CtrSVDD_0040_E_0004168,0.0903445830
CtrSVDD_0041_E_0004169,-4.9741043171
CtrSVDD_0042_E_0004170,-6.4384970112
CtrSVDD_0043_E_0004171,-5.2654302693
CtrSVDD_0044_E_0004172,-6.1840174170
CtrSVDD_0045_E_0004173,-6.1592048688
CtrSVDD_0046_E_0004174,-6.9560094125
CtrSVDD_0047_E_0004175,-5.7979178177
CtrSVDD_0000_E_0004176,-1.2927521004
CtrSVDD_0001_E_0004177,-6.8567918370
CtrSVDD_0002_E_0004178,-8.9772830491
CtrSVDD_0003_E_0004179,-4.1725121750
CtrSVDD_0004_E_0004180,-0.6788864349
CtrSVDD_0005_E_0004181,-5.8945393796
CtrSVDD_0006_E_0004182,-3.1149561654
CtrSVDD_0007_E_0004183,-3.5435186460
CtrSVDD_0008_E_0004184,-5.8510968844
CtrSVDD_0009_E_0004185,-4.2086219754
CtrSVDD_0010_E_0004186,-6.3089459469
CtrSVDD_0011_E_0004187,-5.8380358172
CtrSVDD_0012_E_0004188,-7.2165109814
CtrSVDD_0013_E_0004189,1.0939075304
CtrSVDD_0014_E_0004190,0.9413214015
CtrSVDD_0015_E_0004191,-6.7210166871
CtrSVDD_0016_E_0004192,-1.0334204936
CtrSVDD_0017_E_0004193,-2.1172682891
CtrSVDD_0018_E_0004194,-5.8757654822
CtrSVDD_0019_E_0004195,-6.5960135657
CtrSVDD_0020_E_0004196,-5.7005222474
CtrSVDD_0021_E_0004197,2.0359854633
CtrSVDD_0022_E_0004198,-5.6197737023
CtrSVDD_0023_E_0004199,0.2393607108
CtrSVDD_0024_E_0004200,-6.2938463253
CtrSVDD_0025_E_0004201,-6.5371062814
CtrSVDD_0026_E_0004202,-5.1622167163
CtrSVDD_0027_E_0004203,-7.2780299399
CtrSVDD_0028_E_0004204,-3.4260937506
CtrSVDD_0029_E_0004205,-5.2155335658
CtrSVDD_0030_E_0004206,0.8799133538
CtrSVDD_0031_E_0004207,1.2869759279
CtrSVDD_0032_E_0004208,1.1093038909
CtrSVDD_0033_E_0004209,-6.9931968596
CtrSVDD_0034_E_0004210,-4.5890608830
CtrSVDD_0035_E_0004211,-4.4986941023
CtrSVDD_0036_E_0004212,-6.5369290194
CtrSVDD_0037_E_0004213,-5.3339297109
CtrSVDD_0038_E_0004214,-5.5018681903
CtrSVDD_0039_E_0004215,-6.3792020480
CtrSVDD_0040_E_0004216,-6.1296649568
CtrSVDD_0041_E_0004217,0.2900690762
CtrSVDD_0042_E_0004218,-7.8152679226
CtrSVDD_0043_E_0004219,-5.9382299672
CtrSVDD_0044_E_0004220,-5.6714901898
CtrSVDD_0045_E_0004221,-7.8225083827
CtrSVDD_0046_E_0004222,-7.7617644688
CtrSVDD_0047_E_0004223,-6.8991685174
CtrSVDD_0000_E_0004224,-5.5300757376
CtrSVDD_0001_E_0004225,-7.4187778188
CtrSVDD_0002_E_0004226,-2.5199564590
CtrSVDD_0003_E_0004227,-2.4432489191
CtrSVDD_0004_E_0004228,-5.6030161480
CtrSVDD_0005_E_0004229,-5.2859838563
CtrSVDD_0006_E_0004230,-5.5367962516
CtrSVDD_0007_E_0004231,0.9393638134
CtrSVDD_0008_E_0004232,-6.0000708486
CtrSVDD_0009_E_0004233,-6.7918519419
CtrSVDD_0010_E_0004234,-6.5789942265
CtrSVDD_0011_E_0004235,-4.8610134581
CtrSVDD_0012_E_0004236,-5.7434811705
CtrSVDD_0013_E_0004237,-3.6576172132
CtrSVDD_0014_E_0004238,1.0158311043
CtrSVDD_0015_E_0004239,-6.4570960416
CtrSVDD_0016_E_0004240,-1.2619423448
CtrSVDD_0017_E_0004241,-3.8053487627
CtrSVDD_0018_E_0004242,-7.2102064467
CtrSVDD_0019_E_0004243,0.2020933456
CtrSVDD_0020_E_0004244,-6.1087180122
CtrSVDD_0021_E_0004245,-6.6569752573
CtrSVDD_0022_E_0004246,-3.4372470879
CtrSVDD_0023_E_0004247,-6.7912603483
CtrSVDD_0024_E_0004248,-8.1317783317
CtrSVDD_0025_E_0004249,-6.0833899040
CtrSVDD_0026_E_0004250,-4.4264930435
CtrSVDD_0027_E_0004251,-6.3667484208
CtrSVDD_0028_E_0004252,-8.0798632407
CtrSVDD_0029_E_0004253,-0.9100854533
CtrSVDD_0030_E_0004254,-2.8487842178
CtrSVDD_0031_E_0004255,-3.7116556587
CtrSVDD_0032_E_0004256,-7.2604655247
CtrSVDD_0033_E_0004257,-6.0383322273
CtrSVDD_0034_E_0004258,-5.0366815971
CtrSVDD_0035_E_0004259,-5.7450658493
CtrSVDD_0036_E_0004260,-5.7761566067
CtrSVDD_0037_E_0004261,-0.5439214382
CtrSVDD_0038_E_0004262,-8.4706944190
CtrSVDD_0039_E_0004263,-6.3408930538
CtrSVDD_0040_E_0004264,-8.3127003029
CtrSVDD_0041_E_0004265,-6.9874963344
CtrSVDD_0042_E_0004266,-5.7877897428
CtrSVDD_0043_E_0004267,-4.6958422661
CtrSVDD_0044_E_0004268,-7.6721209779
CtrSVDD_0045_E_0004269,-8.1830462660
CtrSVDD_0046_E_0004270,-6.9514116839
CtrSVDD_0047_E_0004271,-6.8273104553
CtrSVDD_0000_E_0004272,-5.5914174558
CtrSVDD_0001_E_0004273,0.6561637812
CtrSVDD_0002_E_0004274,-5.0498621289
CtrSVDD_0003_E_0004275,-3.4165223738
CtrSVDD_0004_E_0004276,-7.4238167938
CtrSVDD_0005_E_0004277,-6.4643988503
CtrSVDD_0006_E_0004278,-7.7945180498
CtrSVDD_0007_E_0004279,-7.0830153484
CtrSVDD_0008_E_0004280,0.9522704869
CtrSVDD_0009_E_0004281,-6.4235661773
CtrSVDD_0010_E_0004282,-5.6920838345
CtrSVDD_0011_E_0004283,-7.3498662372
CtrSVDD_0012_E_0004284,-7.7339936702
CtrSVDD_0013_E_0004285,-7.8519840504
CtrSVDD_0014_E_0004286,-7.4173507706
CtrSVDD_0015_E_0004287,-5.2335048972
CtrSVDD_0016_E_0004288,-2.1930680726
CtrSVDD_0017_E_0004289,-5.9848791099
CtrSVDD_0018_E_0004290,-6.7864251531
CtrSVDD_0019_E_0004291,-7.3283526500
CtrSVDD_0020_E_0004292,-5.8018002065
CtrSVDD_0021_E_0004293,-7.7624701467
CtrSVDD_0022_E_0004294,-5.9688208323
CtrSVDD_0023_E_0004295,-5.4031910920
CtrSVDD_0024_E_0004296,-6.4209138082
CtrSVDD_0025_E_0004297,-5.4509200419
CtrSVDD_0026_E_0004298,-6.4336187162
CtrSVDD_0027_E_0004299,-1.9435411111
CtrSVDD_0028_E_0004300,-6.0361826610
CtrSVDD_0029_E_0004301,-5.9156945629
CtrSVDD_0030_E_0004302,-5.8588121707
CtrSVDD_0031_E_0004303,-7.1578774360
CtrSVDD_0032_E_0004304,-3.9344173448
CtrSVDD_0033_E_0004305,-4.8487855122
CtrSVDD_0034_E_0004306,-1.1512308407
CtrSVDD_0035_E_0004307,-6.4175688519
CtrSVDD_0036_E_0004308,-6.7490144074
CtrSVDD_0037_E_0004309,-5.8791756362
CtrSVDD_0038_E_0004310,-4.9585069475
CtrSVDD_0039_E_0004311,-7.2185914625
CtrSVDD_0040_E_0004312,0.9633349402
CtrSVDD_0041_E_0004313,-7.0398670053
CtrSVDD_0042_E_0004314,-6.2507092504
CtrSVDD_0043_E_0004315,-5.1139141836
CtrSVDD_0044_E_0004316,-0.7037558681
CtrSVDD_0045_E_0004317,-5.9262752941
CtrSVDD_0046_E_0004318,-6.8171575109
CtrSVDD_0047_E_0004319,-6.6509568595
CtrSVDD_0000_E_0004320,-9.2670352750
CtrSVDD_0001_E_0004321,-7.2851660104
CtrSVDD_0002_E_0004322,-0.6492403483
CtrSVDD_0003_E_0004323,-5.9892740118
CtrSVDD_0004_E_0004324,-6.4591225708
CtrSVDD_0005_E_0004325,-6.9396077843
CtrSVDD_0006_E_0004326,-6.2484796398
CtrSVDD_0007_E_0004327,-6.4623874998
CtrSVDD_0008_E_0004328,-6.2492496407
CtrSVDD_0009_E_0004329,-6.5605524040
CtrSVDD_0010_E_0004330,-5.8949698730
CtrSVDD_0011_E_0004331,-3.1832264212
CtrSVDD_0012_E_0004332,-0.5700579520
CtrSVDD_0013_E_0004333,-6.2771888616
CtrSVDD_0014_E_0004334,-6.1352759434
CtrSVDD_0015_E_0004335,-5.5446960269
CtrSVDD_0016_E_0004336,-5.7544332737
CtrSVDD_0017_E_0004337,-5.1169097992
CtrSVDD_0018_E_0004338,-6.4488567416
CtrSVDD_0019_E_0004339,2.1065540882
CtrSVDD_0020_E_0004340,-6.7092612515
CtrSVDD_0021_E_0004341,-4.9323076029
CtrSVDD_0022_E_0004342,-6.6980270107
CtrSVDD_0023_E_0004343,-6.7678388950
CtrSVDD_0024_E_0004344,-6.2894504324
CtrSVDD_0025_E_0004345,-3.1028497481
CtrSVDD_0026_E_0004346,-6.2891176317
CtrSVDD_0027_E_0004347,-6.8459390270
CtrSVDD_0028_E_0004348,-5.0767139778
CtrSVDD_0029_E_0004349,-7.3572895117
CtrSVDD_0030_E_0004350,-6.7898889120
CtrSVDD_0031_E_0004351,-5.4558344345
CtrSVDD_0032_E_0004352,-7.3565933990
CtrSVDD_0033_E_0004353,-6.3742694994
CtrSVDD_0034_E_0004354,-8.3737006776
CtrSVDD_0035_E_0004355,-5.9923627559
CtrSVDD_0036_E_0004356,-4.9437764689
CtrSVDD_0037_E_0004357,-3.6100080108
CtrSVDD_0038_E_0004358,-2.7800625373
CtrSVDD_0039_E_0004359,-4.5771574735
CtrSVDD_0040_E_0004360,-8.5911452346
CtrSVDD_0041_E_0004361,-6.7652288228
CtrSVDD_0042_E_0004362,-5.1538998066
CtrSVDD_0043_E_0004363,-7.2172858151
CtrSVDD_0044_E_0004364,-6.0870170170
CtrSVDD_0045_E_0004365,-5.8965703784
CtrSVDD_0046_E_0004366,-0.0146878031
CtrSVDD_0047_E_0004367,-7.8918248990
CtrSVDD_0000_E_0004368,-5.6282919637
CtrSVDD_0001_E_0004369,-7.7302526691
CtrSVDD_0002_E_0004370,-6.0046864255
CtrSVDD_0003_E_0004371,-7.8568325598
CtrSVDD_0004_E_0004372,-4.7714019919
CtrSVDD_0005_E_0004373,-7.5281631333
CtrSVDD_0006_E_0004374,-5.6583367447
CtrSVDD_0007_E_0004375,-5.2823933960
CtrSVDD_0008_E_0004376,-6.9522554797
CtrSVDD_0009_E_0004377,-5.8307188136
CtrSVDD_0010_E_0004378,-7.9824904188
CtrSVDD_0011_E_0004379,0.4489609573
CtrSVDD_0012_E_0004380,-0.8965151763
CtrSVDD_0013_E_0004381,-4.7399737082
CtrSVDD_0014_E_0004382,-5.7563494475
CtrSVDD_0015_E_0004383,-6.7188450973
CtrSVDD_0016_E_0004384,-3.2381666000
CtrSVDD_0017_E_0004385,-4.1455031431
CtrSVDD_0018_E_0004386,-1.7649809686
CtrSVDD_0019_E_0004387,-4.7390941036
CtrSVDD_0020_E_0004388,-5.6108309245
CtrSVDD_0021_E_0004389,-6.4348322575
CtrSVDD_0022_E_0004390,-0.1382194746
CtrSVDD_0023_E_0004391,-1.1118956117
CtrSVDD_0024_E_0004392,-6.8115097886
CtrSVDD_0025_E_0004393,-5.8286870540
CtrSVDD_0026_E_0004394,-4.5349412116
CtrSVDD_0027_E_0004395,-5.1233158517
CtrSVDD_0028_E_0004396,-7.3467422833
CtrSVDD_0029_E_0004397,-6.4881449940
CtrSVDD_0030_E_0004398,-6.9531038816
CtrSVDD_0031_E_0004399,-2.4210384839
CtrSVDD_0032_E_0004400,-1.0419539366
CtrSVDD_0033_E_0004401,-7.7244539630
CtrSVDD_0034_E_0004402,-0.9689532745
CtrSVDD_0035_E_0004403,-7.3615290694
CtrSVDD_0036_E_0004404,-6.4209414447
CtrSVDD_0037_E_0004405,-0.6683561956
CtrSVDD_0038_E_0004406,-5.6726294037
CtrSVDD_0039_E_0004407,-5.6791905841
CtrSVDD_0040_E_0004408,-8.5193143685
CtrSVDD_0041_E_0004409,-3.8293385266
CtrSVDD_0042_E_0004410,0.2221222082
CtrSVDD_0043_E_0004411,-5.8267833919
CtrSVDD_0044_E_0004412,-5.8481946188
CtrSVDD_0045_E_0004413,-7.0228011480
CtrSVDD_0046_E_0004414,-7.0398811515
CtrSVDD_0047_E_0004415,0.0706976479
CtrSVDD_0000_E_0004416,-7.1242705943
CtrSVDD_0001_E_0004417,-0.3193752661
CtrSVDD_0002_E_0004418,-6.6026155955
CtrSVDD_0003_E_0004419,-5.8322299189
CtrSVDD_0004_E_0004420,-6.6459803060
CtrSVDD_0005_E_0004421,-6.3192152275
CtrSVDD_0006_E_0004422,1.3787600432
CtrSVDD_0007_E_0004423,-0.3087460368
CtrSVDD_0008_E_0004424,0.7455899122
CtrSVDD_0009_E_0004425,-6.8653245873
CtrSVDD_0010_E_0004426,-7.3709872568
CtrSVDD_0011_E_0004427,-0.3061550341
CtrSVDD_0012_E_0004428,-2.0847829683
CtrSVDD_0013_E_0004429,-5.9945142140
CtrSVDD_0014_E_0004430,-6.1270594292
CtrSVDD_0015_E_0004431,-4.3406350861
CtrSVDD_0016_E_0004432,-4.5103894918
CtrSVDD_0017_E_0004433,-7.9288815160
CtrSVDD_0018_E_0004434,-5.1798214317
CtrSVDD_0019_E_0004435,-3.9530348168
CtrSVDD_0020_E_0004436,-6.8505922423
CtrSVDD_0021_E_0004437,-5.9810451261
CtrSVDD_0022_E_0004438,-7.4120783995
CtrSVDD_0023_E_0004439,0.5832725752
CtrSVDD_0024_E_0004440,-4.0410915687
CtrSVDD_0025_E_0004441,-6.2624791039
CtrSVDD_0026_E_0004442,-7.7841370688
CtrSVDD_0027_E_0004443,-7.7819887168
CtrSVDD_0028_E_0004444,-7.1234844912
CtrSVDD_0029_E_0004445,-2.9503944189
CtrSVDD_0030_E_0004446,-6.4344131936
CtrSVDD_0031_E_0004447,-3.4642818028
CtrSVDD_0032_E_0004448,-6.8437609537
CtrSVDD_0033_E_0004449,-2.4487256022
CtrSVDD_0034_E_0004450,-6.1031880034
CtrSVDD_0035_E_0004451,-6.1389492639
CtrSVDD_0036_E_0004452,-5.5255642759
CtrSVDD_0037_E_0004453,-6.1127226135
CtrSVDD_0038_E_0004454,-6.9279080888
CtrSVDD_0039_E_0004455,-4.8388699267
CtrSVDD_0040_E_0004456,1.1725096369
CtrSVDD_0041_E_0004457,-7.5059137624
CtrSVDD_0042_E_0004458,-6.8669475510
CtrSVDD_0043_E_0004459,-4.0511790931
CtrSVDD_0044_E_0004460,-1.8226092422
CtrSVDD_0045_E_0004461,-7.8110429889
CtrSVDD_0046_E_0004462,-2.0930336427
CtrSVDD_0047_E_0004463,-6.6288200210
CtrSVDD_0000_E_0004464,-6.2718510784
CtrSVDD_0001_E_0004465,-7.1978102069
CtrSVDD_0002_E_0004466,-4.3696956162
CtrSVDD_0003_E_0004467,-5.8622235333
CtrSVDD_0004_E_0004468,-8.0547908161
CtrSVDD_0005_E_0004469,0.4551580530
CtrSVDD_0006_E_0004470,-4.5587225940
CtrSVDD_0007_E_0004471,1.8277963206
CtrSVDD_0008_E_0004472,0.5213535034
CtrSVDD_0009_E_0004473,-4.8986741528
CtrSVDD_0010_E_0004474,-3.9125643198
CtrSVDD_0011_E_0004475,-4.9922289797
CtrSVDD_0012_E_0004476,-8.3658658994
CtrSVDD_0013_E_0004477,-1.3823877397
CtrSVDD_0014_E_0004478,-1.1849199287
CtrSVDD_0015_E_0004479,-7.2231212953
CtrSVDD_0016_E_0004480,-7.1280110328
CtrSVDD_0017_E_0004481,-5.1230382166
CtrSVDD_0018_E_0004482,-5.2891180130
CtrSVDD_0019_E_0004483,-7.1218519363
CtrSVDD_0020_E_0004484,-5.1128440721
CtrSVDD_0021_E_0004485,-6.0536490340
CtrSVDD_0022_E_0004486,-3.9816286294
CtrSVDD_0023_E_0004487,-6.3808499430
CtrSVDD_0024_E_0004488,0.6667843191
CtrSVDD_0025_E_0004489,-5.5075438194
CtrSVDD_0026_E_0004490,-5.6905052317
CtrSVDD_0027_E_0004491,-5.4198125591
CtrSVDD_0028_E_0004492,-6.2383004911
CtrSVDD_0029_E_0004493,-7.9902255823
CtrSVDD_0030_E_0004494,-4.9286330157
CtrSVDD_0031_E_0004495,-5.2054474576
CtrSVDD_0032_E_0004496,-6.5495498854
CtrSVDD_0033_E_0004497,-0.7858177242
CtrSVDD_0034_E_0004498,-5.5169557412
CtrSVDD_0035_E_0004499,-6.5358200328
CtrSVDD_0036_E_0004500,-4.2858930038
CtrSVDD_0037_E_0004501,-7.5262211647
CtrSVDD_0038_E_0004502,-2.6814950489
CtrSVDD_0039_E_0004503,-7.4649409206
CtrSVDD_0040_E_0004504,-4.2338224301
CtrSVDD_0041_E_0004505,-3.6997536632
CtrSVDD_0042_E_0004506,-4.2858304236
CtrSVDD_0043_E_0004507,-7.5393912477
CtrSVDD_0044_E_0004508,-5.1722880060
CtrSVDD_0045_E_0004509,-5.6078281613
CtrSVDD_0046_E_0004510,-5.4915613195
CtrSVDD_0047_E_0004511,-5.7128418997
CtrSVDD_0000_E_0004512,-5.5984112014
CtrSVDD_0001_E_0004513,-2.4377423499
CtrSVDD_0002_E_0004514,-6.0405976205
CtrSVDD_0003_E_0004515,-6.1612606186
CtrSVDD_0004_E_0004516,-7.0590787855
CtrSVDD_0005_E_0004517,2.1665662910
CtrSVDD_0006_E_0004518,-7.3504468831
CtrSVDD_0007_E_0004519,-6.5581702443
CtrSVDD_0008_E_0004520,-8.0634308976
CtrSVDD_0009_E_0004521,-6.8985193186
CtrSVDD_0010_E_0004522,0.6948246815
CtrSVDD_0011_E_0004523,1.1606040904
CtrSVDD_0012_E_0004524,-2.2557791191
CtrSVDD_0013_E_0004525,0.9456874299
CtrSVDD_0014_E_0004526,0.7779944432
CtrSVDD_0015_E_0004527,-6.3321835877
CtrSVDD_0016_E_0004528,-2.3943323999
CtrSVDD_0017_E_0004529,-2.2691101366
CtrSVDD_0018_E_0004530,-6.8566698810
CtrSVDD_0019_E_0004531,-7.3305364345
CtrSVDD_0020_E_0004532,-2.6431129956
CtrSVDD_0021_E_0004533,-6.7230872653
CtrSVDD_0022_E_0004534,-6.4112177312
CtrSVDD_0023_E_0004535,-3.9025299030
CtrSVDD_0024_E_0004536,-7.4850409089
CtrSVDD_0025_E_0004537,-8.8367859674
CtrSVDD_0026_E_0004538,-7.7468355539
CtrSVDD_0027_E_0004539,-6.9156070800
CtrSVDD_0028_E_0004540,-5.7799175504
CtrSVDD_0029_E_0004541,-5.5151094182
CtrSVDD_0030_E_0004542,-5.9784062708
CtrSVDD_0031_E_0004543,1.2742722027
CtrSVDD_0032_E_0004544,-7.2356505104
CtrSVDD_0033_E_0004545,-6.6115525873
CtrSVDD_0034_E_0004546,-5.5755170853
CtrSVDD_0035_E_0004547,-7.1847999648
CtrSVDD_0036_E_0004548,-4.7435139547
CtrSVDD_0037_E_0004549,-4.8449437271
CtrSVDD_0038_E_0004550,-5.9598558988
CtrSVDD_0039_E_0004551,-2.1132814234
CtrSVDD_0040_E_0004552,-5.9641884100
CtrSVDD_0041_E_0004553,-4.6916164982
CtrSVDD_0042_E_0004554,-8.0474543512
CtrSVDD_0043_E_0004555,-6.2500317498
CtrSVDD_0044_E_0004556,-5.4834198023
CtrSVDD_0045_E_0004557,-6.0137116535
CtrSVDD_0046_E_0004558,-5.4845758799
CtrSVDD_0047_E_0004559,-5.4927470736
CtrSVDD_0000_E_0004560,-6.6070819364
CtrSVDD_0001_E_0004561,-6.7002649740
CtrSVDD_0002_E_0004562,-3.8933857219
CtrSVDD_0003_E_0004563,-5.0364208759
CtrSVDD_0004_E_0004564,-5.6382068290
CtrSVDD_0005_E_0004565,-5.7629788840
CtrSVDD_0006_E_0004566,0.0577215216
CtrSVDD_0007_E_0004567,-7.1292592845
CtrSVDD_0008_E_0004568,-5.8735451288
CtrSVDD_0009_E_0004569,-3.5308567163
CtrSVDD_0010_E_0004570,-5.5688505530
CtrSVDD_0011_E_0004571,-0.7199753406
CtrSVDD_0012_E_0004572,-5.3411436783
CtrSVDD_0013_E_0004573,-0.4474143830
CtrSVDD_0014_E_0004574,-5.4050277505
CtrSVDD_0015_E_0004575,-8.1488339292
CtrSVDD_0016_E_0004576,-6.7677196539
CtrSVDD_0017_E_0004577,-6.3347133505
CtrSVDD_0018_E_0004578,-0.8635505819
CtrSVDD_0019_E_0004579,-3.0467156645
CtrSVDD_0020_E_0004580,-5.3526556722
CtrSVDD_0021_E_0004581,-8.1003428657
CtrSVDD_0022_E_0004582,-0.1269303366
CtrSVDD_0023_E_0004583,-3.5240078714
CtrSVDD_0024_E_0004584,0.1750388497
CtrSVDD_0025_E_0004585,-5.9954900930
CtrSVDD_0026_E_0004586,-1.7458107102
CtrSVDD_0027_E_0004587,-7.4881612367
CtrSVDD_0028_E_0004588,1.5939241568
CtrSVDD_0029_E_0004589,-5.9193091668
CtrSVDD_0030_E_0004590,-7.1716476416
CtrSVDD_0031_E_0004591,-5.3110480534
CtrSVDD_0032_E_0004592,-8.1241914102
CtrSVDD_0033_E_0004593,-5.3378670246
CtrSVDD_0034_E_0004594,-7.3713395678
CtrSVDD_0035_E_0004595,-3.6290408072
CtrSVDD_0036_E_0004596,0.2350446126
CtrSVDD_0037_E_0004597,-6.1087351364
CtrSVDD_0038_E_0004598,-7.7441886307
CtrSVDD_0039_E_0004599,-5.9472494350
CtrSVDD_0040_E_0004600,-5.7311373692
CtrSVDD_0041_E_0004601,-5.9673622774
CtrSVDD_0042_E_0004602,-5.2133383761
CtrSVDD_0043_E_0004603,-7.5054615771
CtrSVDD_0044_E_0004604,-7.1617233075
CtrSVDD_0045_E_0004605,-7.4455635682
CtrSVDD_0046_E_0004606,-7.9742653852
CtrSVDD_0047_E_0004607,-4.4404482323
CtrSVDD_0000_E_0004608,-6.4833452648
CtrSVDD_0001_E_0004609,-7.1580599692
CtrSVDD_0002_E_0004610,-8.6040460478
CtrSVDD_0003_E_0004611,-5.1459986366
CtrSVDD_0004_E_0004612,0.1523558843
CtrSVDD_0005_E_0004613,-0.7290684029
CtrSVDD_0006_E_0004614,-5.7524462086
CtrSVDD_0007_E_0004615,-7.3937271631
CtrSVDD_0008_E_0004616,-7.2850732413
CtrSVDD_0009_E_0004617,-5.1081548672
CtrSVDD_0010_E_0004618,-5.9941816527
CtrSVDD_0011_E_0004619,-3.3346241157
CtrSVDD_0012_E_0004620,-8.2666891001
CtrSVDD_0013_E_0004621,-5.4741293806
CtrSVDD_0014_E_0004622,-1.6962225050
CtrSVDD_0015_E_0004623,-3.5774056770
CtrSVDD_0016_E_0004624,-3.9226308862
CtrSVDD_0017_E_0004625,-6.1240823432
CtrSVDD_0018_E_0004626,-1.5984941976
CtrSVDD_0019_E_0004627,-5.3691086014
CtrSVDD_0020_E_0004628,-6.4338113615
CtrSVDD_0021_E_0004629,-6.0569748147
CtrSVDD_0022_E_0004630,-5.4386594295
CtrSVDD_0023_E_0004631,-4.5012482201
CtrSVDD_0024_E_0004632,-6.3303965108
CtrSVDD_0025_E_0004633,-4.6761776636
CtrSVDD_0026_E_0004634,-6.5002923846
CtrSVDD_0027_E_0004635,-1.9073616548
CtrSVDD_0028_E_0004636,-5.5348253335
CtrSVDD_0029_E_0004637,-6.5176075275
CtrSVDD_0030_E_0004638,-7.7110520069
CtrSVDD_0031_E_0004639,-5.3420667133
CtrSVDD_0032_E_0004640,-5.8592930534
CtrSVDD_0033_E_0004641,-5.6951649369
CtrSVDD_0034_E_0004642,-5.1376542894
CtrSVDD_0035_E_0004643,-1.9348118138
CtrSVDD_0036_E_0004644,-7.9928204088
CtrSVDD_0037_E_0004645,-6.0823874614
CtrSVDD_0038_E_0004646,-4.1734667766
CtrSVDD_0039_E_0004647,-5.6163692524
CtrSVDD_0040_E_0004648,1.5009421083
CtrSVDD_0041_E_0004649,-7.1752675129
CtrSVDD_0042_E_0004650,-6.3362133556
CtrSVDD_0043_E_0004651,-8.4411883778
CtrSVDD_0044_E_0004652,-7.5118121603
CtrSVDD_0045_E_0004653,-6.4601575258
CtrSVDD_0046_E_0004654,-4.0926614046
CtrSVDD_0047_E_0004655,-0.7310515452
CtrSVDD_0000_E_0004656,2.4943787497
CtrSVDD_0001_E_0004657,-1.0595568122
CtrSVDD_0002_E_0004658,-5.3581947238
CtrSVDD_0003_E_0004659,-3.1270053327
CtrSVDD_0004_E_0004660,-4.2384435118
CtrSVDD_0005_E_0004661,-0.1297510487
CtrSVDD_0006_E_0004662,-4.7871020042
CtrSVDD_0007_E_0004663,0.1072123277
CtrSVDD_0008_E_0004664,-7.8948530606
CtrSVDD_0009_E_0004665,-5.7726392766
CtrSVDD_0010_E_0004666,-7.9961214803
CtrSVDD_0011_E_0004667,-3.2315401076
CtrSVDD_0012_E_0004668,-5.3864869573
CtrSVDD_0013_E_0004669,-4.5618045015
CtrSVDD_0014_E_0004670,-6.1258856034
CtrSVDD_0015_E_0004671,-6.7619709348
CtrSVDD_0016_E_0004672,-6.5142790064
CtrSVDD_0017_E_0004673,-7.8137246394
CtrSVDD_0018_E_0004674,-6.3545039904
CtrSVDD_0019_E_0004675,-2.2109623366
CtrSVDD_0020_E_0004676,-6.0799315551
CtrSVDD_0021_E_0004677,1.0619105681
CtrSVDD_0022_E_0004678,-4.2725671792
CtrSVDD_0023_E_0004679,-5.4303521429
CtrSVDD_0024_E_0004680,-5.7222707238
CtrSVDD_0025_E_0004681,-6.2973177333
CtrSVDD_0026_E_0004682,-7.5729906145
CtrSVDD_0027_E_0004683,-6.0167526974
CtrSVDD_0028_E_0004684,-5.5374787742
CtrSVDD_0029_E_0004685,-5.2495262794
CtrSVDD_0030_E_0004686,-7.5619347446
CtrSVDD_0031_E_0004687,-5.0849173048
CtrSVDD_0032_E_0004688,-5.3218236168
CtrSVDD_0033_E_0004689,-4.9359988319
CtrSVDD_0034_E_0004690,-5.3649036666
CtrSVDD_0035_E_0004691,-7.0380077640
CtrSVDD_0036_E_0004692,-4.9343507885
CtrSVDD_0037_E_0004693,-2.1636009084
CtrSVDD_0038_E_0004694,-5.1356642201
CtrSVDD_0039_E_0004695,-6.6482612927
CtrSVDD_0040_E_0004696,-7.2639476023
CtrSVDD_0041_E_0004697,-6.6885701322
CtrSVDD_0042_E_0004698,-7.3913987384
CtrSVDD_0043_E_0004699,-5.5373444963
CtrSVDD_0044_E_0004700,-5.4988400227
CtrSVDD_0045_E_0004701,-5.3436091104
CtrSVDD_0046_E_0004702,-0.4567100527
CtrSVDD_0047_E_0004703,-5.4150373643
CtrSVDD_0000_E_0004704,-7.0762049949
CtrSVDD_0001_E_0004705,-5.8550800054
CtrSVDD_0002_E_0004706,-5.3925742055
CtrSVDD_0003_E_0004707,-4.4563156407
CtrSVDD_0004_E_0004708,-6.1611389022
CtrSVDD_0005_E_0004709,-4.1455375532
CtrSVDD_0006_E_0004710,-6.8956297518
CtrSVDD_0007_E_0004711,-7.2331374041
CtrSVDD_0008_E_0004712,-6.7465881223
CtrSVDD_0009_E_0004713,-6.6542790505
CtrSVDD_0010_E_0004714,-6.5557708159
CtrSVDD_0011_E_0004715,-6.4386643468
CtrSVDD_0012_E_0004716,0.4304715213
CtrSVDD_0013_E_0004717,-7.5134440743
CtrSVDD_0014_E_0004718,-0.8314986965
CtrSVDD_0015_E_0004719,-3.7817314717
CtrSVDD_0016_E_0004720,-5.2270657163
CtrSVDD_0017_E_0004721,-5.4618081617
CtrSVDD_0018_E_0004722,-7.2133744057
CtrSVDD_0019_E_0004723,-5.9004322959
CtrSVDD_0020_E_0004724,-5.4968132653
CtrSVDD_0021_E_0004725,0.7272449856
CtrSVDD_0022_E_0004726,-4.5076214648
CtrSVDD_0023_E_0004727,-5.7755510647
CtrSVDD_0024_E_0004728,0.0510779670
CtrSVDD_0025_E_0004729,-6.5911974039
CtrSVDD_0026_E_0004730,-6.4579225774
CtrSVDD_0027_E_0004731,-6.8783416304
CtrSVDD_0028_E_0004732,-5.2523657083
CtrSVDD_0029_E_0004733,-4.5507359072
CtrSVDD_0030_E_0004734,0.7492890010
CtrSVDD_0031_E_0004735,0.0973694111
CtrSVDD_0032_E_0004736,-7.7045206630
CtrSVDD_0033_E_0004737,-0.6269500708
CtrSVDD_0034_E_0004738,-8.0691899970
CtrSVDD_0035_E_0004739,-6.3984198719
CtrSVDD_0036_E_0004740,-7.8475870351
CtrSVDD_0037_E_0004741,-6.1688219290
CtrSVDD_0038_E_0004742,-0.7945121794
CtrSVDD_0039_E_0004743,-6.6935642194
CtrSVDD_0040_E_0004744,-3.1898244170
CtrSVDD_0041_E_0004745,-0.8157895069
CtrSVDD_0042_E_0004746,-5.6242386259
CtrSVDD_0043_E_0004747,-5.4063297004
CtrSVDD_0044_E_0004748,-6.6786577088
CtrSVDD_0045_E_0004749,-5.9965756193
CtrSVDD_0046_E_0004750,-5.4172042674
CtrSVDD_0047_E_0004751,-5.6003294171
CtrSVDD_0000_E_0004752,-6.8572272667
CtrSVDD_0001_E_0004753,-7.1668477843
CtrSVDD_0002_E_0004754,-0.4489609573
CtrSVDD_0003_E_0004755,-5.6864152766
CtrSVDD_0004_E_0004756,-0.4707282311
CtrSVDD_0005_E_0004757,-0.7773675288
CtrSVDD_0006_E_0004758,-7.7213151037
CtrSVDD_0007_E_0004759,-4.9843593518
CtrSVDD_0008_E_0004760,-3.2858567699
CtrSVDD_0009_E_0004761,-6.3554055253
CtrSVDD_0010_E_0004762,-5.6521279037
CtrSVDD_0011_E_0004763,-1.7921891094
CtrSVDD_0012_E_0004764,-5.3355709572
CtrSVDD_0013_E_0004765,-5.3551693618
CtrSVDD_0014_E_0004766,-4.0951760121
CtrSVDD_0015_E_0004767,-7.2089156299
CtrSVDD_0016_E_0004768,-0.4396974496
CtrSVDD_0017_E_0004769,-5.7206999613
CtrSVDD_0018_E_0004770,-5.1466158084
CtrSVDD_0019_E_0004771,-6.6055926815
CtrSVDD_0020_E_0004772,-4.2403928083
CtrSVDD_0021_E_0004773,0.2178230759
CtrSVDD_0022_E_0004774,-5.4322630733
CtrSVDD_0023_E_0004775,-6.0932009055
CtrSVDD_0024_E_0004776,1.5409625827
CtrSVDD_0025_E_0004777,-5.0691840972
CtrSVDD_0026_E_0004778,-5.0344924175
CtrSVDD_0027_E_0004779,-5.2654786176
CtrSVDD_0028_E_0004780,0.4206468217
CtrSVDD_0029_E_0004781,-4.9109880140
CtrSVDD_0030_E_0004782,-6.1447385537
CtrSVDD_0031_E_0004783,-8.3444587384
CtrSVDD_0032_E_0004784,-6.3290928055
CtrSVDD_0033_E_0004785,-6.0641057652
CtrSVDD_0034_E_0004786,-7.1502168572
CtrSVDD_0035_E_0004787,-6.6085716701
CtrSVDD_0036_E_0004788,-4.6334678559
CtrSVDD_0037_E_0004789,-6.9333318011
CtrSVDD_0038_E_0004790,-4.3020360187
CtrSVDD_0039_E_0004791,-5.1732231177
CtrSVDD_0040_E_0004792,-0.8923416778
CtrSVDD_0041_E_0004793,-2.7571264201
CtrSVDD_0042_E_0004794,-6.1839922218
CtrSVDD_0043_E_0004795,-4.3504058620
CtrSVDD_0044_E_0004796,-6.4850694181
CtrSVDD_0045_E_0004797,-0.2465866166
CtrSVDD_0046_E_0004798,-6.1233520521
CtrSVDD_0047_E_0004799,-6.2138239442
CtrSVDD_0000_E_0004800,-6.0509115604
CtrSVDD_0001_E_0004801,0.4427810558
CtrSVDD_0002_E_0004802,-5.6612914172
CtrSVDD_0003_E_0004803,-5.0129747533
CtrSVDD_0004_E_0004804,-6.1056078981
CtrSVDD_0005_E_0004805,-6.4643811247
CtrSVDD_0006_E_0004806,-7.2864863130
CtrSVDD_0007_E_0004807,-0.2552252796
CtrSVDD_0008_E_0004808,-2.9578307283
CtrSVDD_0009_E_0004809,-7.9448693088
CtrSVDD_0010_E_0004810,-6.0246097418
CtrSVDD_0011_E_0004811,-7.2297850934
CtrSVDD_0012_E_0004812,-8.0382669684
CtrSVDD_0013_E_0004813,-2.2919614104
CtrSVDD_0014_E_0004814,-1.3381818170
CtrSVDD_0015_E_0004815,-9.0811543623
CtrSVDD_0016_E_0004816,-1.1598896185
CtrSVDD_0017_E_0004817,-6.3302381901
CtrSVDD_0018_E_0004818,1.6687566719
CtrSVDD_0019_E_0004819,-7.0630569576
CtrSVDD_0020_E_0004820,-6.5507977566
CtrSVDD_0021_E_0004821,-6.2795117322
CtrSVDD_0022_E_0004822,-6.1478938868
CtrSVDD_0023_E_0004823,-4.5949787890
CtrSVDD_0024_E_0004824,-2.4404993999
CtrSVDD_0025_E_0004825,0.8099319508
CtrSVDD_0026_E_0004826,-7.5805787547
CtrSVDD_0027_E_0004827,-3.0072875306
CtrSVDD_0028_E_0004828,-8.4604061005
CtrSVDD_0029_E_0004829,0.7143856838
CtrSVDD_0030_E_0004830,-4.0139181723
CtrSVDD_0031_E_0004831,-8.1012970400
CtrSVDD_0032_E_0004832,-4.2037398008
CtrSVDD_0033_E_0004833,-5.5178089458
CtrSVDD_0034_E_0004834,-6.5491229759
CtrSVDD_0035_E_0004835,-2.6859351345
CtrSVDD_0036_E_0004836,-7.3299188043
CtrSVDD_0037_E_0004837,1.4940631617
CtrSVDD_0038_E_0004838,-7.5889137517
CtrSVDD_0039_E_0004839,-5.7782633409
CtrSVDD_0040_E_0004840,-3.9943854613
CtrSVDD_0041_E_0004841,-5.3048036124
CtrSVDD_0042_E_0004842,-0.3578920410
CtrSVDD_0043_E_0004843,-6.6254982326
CtrSVDD_0044_E_0004844,-4.5655974588
CtrSVDD_0045_E_0004845,-3.6639786296
CtrSVDD_0046_E_0004846,-0.5884333222
CtrSVDD_0047_E_0004847,-6.6474836553
CtrSVDD_0000_E_0004848,-4.6537466286
CtrSVDD_0001_E_0004849,-8.1319943241
CtrSVDD_0002_E_0004850,-6.5025079367
CtrSVDD_0003_E_0004851,-7.0011218205
CtrSVDD_0004_E_0004852,-3.2365111503
CtrSVDD_0005_E_0004853,-4.0587384161
CtrSVDD_0006_E_0004854,-4.8060158318
CtrSVDD_0007_E_0004855,-0.1935347696
CtrSVDD_0008_E_0004856,-5.4248896865
CtrSVDD_0009_E_0004857,-6.2053434052
CtrSVDD_0010_E_0004858,-7.7419520896
CtrSVDD_0011_E_0004859,-4.7220411358
CtrSVDD_0012_E_0004860,-3.1184045342
CtrSVDD_0013_E_0004861,-5.2569642690
CtrSVDD_0014_E_0004862,-5.3662096940
CtrSVDD_0015_E_0004863,-6.4869192845
CtrSVDD_0016_E_0004864,-5.0819382379
CtrSVDD_0017_E_0004865,-6.2924777112
CtrSVDD_0018_E_0004866,0.0448336442
CtrSVDD_0019_E_0004867,-7.6769367394
CtrSVDD_0020_E_0004868,-6.2448694833
CtrSVDD_0021_E_0004869,0.6526981539
CtrSVDD_0022_E_0004870,-4.1418448764
CtrSVDD_0023_E_0004871,-4.4978405217
CtrSVDD_0024_E_0004872,-3.9769095909
CtrSVDD_0025_E_0004873,-4.4204049759
CtrSVDD_0026_E_0004874,-4.5740236290
CtrSVDD_0027_E_0004875,-0.2451224673
CtrSVDD_0028_E_0004876,-6.5336018200
CtrSVDD_0029_E_0004877,-3.5640300111
CtrSVDD_0030_E_0004878,-6.3002254947
CtrSVDD_0031_E_0004879,-7.8259151650
CtrSVDD_0032_E_0004880,-4.8374079698
CtrSVDD_0033_E_0004881,1.4550792554
CtrSVDD_0034_E_0004882,-1.9257990969
CtrSVDD_0035_E_0004883,-5.2393215643
CtrSVDD_0036_E_0004884,-5.5784144798
CtrSVDD_0037_E_0004885,-8.2685135172
CtrSVDD_0038_E_0004886,-5.3918156588
CtrSVDD_0039_E_0004887,-7.6009896154
CtrSVDD_0040_E_0004888,-6.4854585490
CtrSVDD_0041_E_0004889,-8.1073364131
CtrSVDD_0042_E_0004890,-6.9886761818
CtrSVDD_0043_E_0004891,-0.8819752741
CtrSVDD_0044_E_0004892,-5.1825075914
CtrSVDD_0045_E_0004893,-6.5446898027
CtrSVDD_0046_E_0004894,-7.7657755946
CtrSVDD_0047_E_0004895,-7.0099959417
CtrSVDD_0000_E_0004896,-1.9231005873
CtrSVDD_0001_E_0004897,-7.2221814225
CtrSVDD_0002_E_0004898,-5.3157912032
CtrSVDD_0003_E_0004899,-0.6718579897
CtrSVDD_0004_E_0004900,-7.6837450559
CtrSVDD_0005_E_0004901,-0.9154926949
CtrSVDD_0006_E_0004902,-7.5081263564
CtrSVDD_0007_E_0004903,-6.3106362891
CtrSVDD_0008_E_0004904,-4.0253239692
CtrSVDD_0009_E_0004905,-6.0851975021
CtrSVDD_0010_E_0004906,-4.6009087675
CtrSVDD_0011_E_0004907,-7.9480309689
CtrSVDD_0012_E_0004908,-7.8798158067
CtrSVDD_0013_E_0004909,-6.4381743627
CtrSVDD_0014_E_0004910,-5.0627554089
CtrSVDD_0015_E_0004911,-0.0440760921
CtrSVDD_0016_E_0004912,-1.9178943769
CtrSVDD_0017_E_0004913,0.0678933459
CtrSVDD_0018_E_0004914,-4.9293734688
CtrSVDD_0019_E_0004915,-6.1196630775
CtrSVDD_0020_E_0004916,-7.7063081548
CtrSVDD_0021_E_0004917,-7.0591628001
CtrSVDD_0022_E_0004918,-6.5602015430
CtrSVDD_0023_E_0004919,-5.6191333168
CtrSVDD_0024_E_0004920,-7.0242994948
CtrSVDD_0025_E_0004921,-5.5426918941
CtrSVDD_0026_E_0004922,-2.2038508802
CtrSVDD_0027_E_0004923,-4.6191368700
CtrSVDD_0028_E_0004924,-2.1065540882
CtrSVDD_0029_E_0004925,-0.5667698816
CtrSVDD_0030_E_0004926,-4.7910657443
CtrSVDD_0031_E_0004927,-4.8921539142
CtrSVDD_0032_E_0004928,-5.6948622609
CtrSVDD_0033_E_0004929,-4.5191889307
CtrSVDD_0034_E_0004930,-7.1909107171
CtrSVDD_0035_E_0004931,-5.7564622307
CtrSVDD_0036_E_0004932,-6.1542161794
CtrSVDD_0037_E_0004933,-5.3756643751
CtrSVDD_0038_E_0004934,1.2455108566
CtrSVDD_0039_E_0004935,0.8554553602
CtrSVDD_0040_E_0004936,-5.1016452071
CtrSVDD_0041_E_0004937,-7.7917956856
CtrSVDD_0042_E_0004938,-5.8791641429
CtrSVDD_0043_E_0004939,-7.0335319836
CtrSVDD_0044_E_0004940,-4.9904731308
CtrSVDD_0045_E_0004941,-6.4076332229
CtrSVDD_0046_E_0004942,-5.0819199624
CtrSVDD_0047_E_0004943,-4.2264539784
CtrSVDD_0000_E_0004944,-7.8646977676
CtrSVDD_0001_E_0004945,-6.9654256530
CtrSVDD_0002_E_0004946,-1.0347594811
CtrSVDD_0003_E_0004947,-1.0467803551
CtrSVDD_0004_E_0004948,-6.2885913079
CtrSVDD_0005_E_0004949,-7.9009411282
CtrSVDD_0006_E_0004950,-3.7326600562
CtrSVDD_0007_E_0004951,-6.0731591940
CtrSVDD_0008_E_0004952,-5.0265662096
CtrSVDD_0009_E_0004953,-5.0422995711
CtrSVDD_0010_E_0004954,-6.7141876998
CtrSVDD_0011_E_0004955,-7.5266953101
CtrSVDD_0012_E_0004956,-3.9547333333
CtrSVDD_0013_E_0004957,-7.4499086024
CtrSVDD_0014_E_0004958,-6.9219023751
CtrSVDD_0015_E_0004959,-5.8883429865
CtrSVDD_0016_E_0004960,-3.1389993333
CtrSVDD_0017_E_0004961,-6.6175203123
CtrSVDD_0018_E_0004962,-7.3747312711
CtrSVDD_0019_E_0004963,-7.2308334530
CtrSVDD_0020_E_0004964,-8.3074279319
CtrSVDD_0021_E_0004965,-5.3388267456
CtrSVDD_0022_E_0004966,-6.3995481220
CtrSVDD_0023_E_0004967,-8.1700253626
CtrSVDD_0024_E_0004968,-6.9821069270
CtrSVDD_0025_E_0004969,-5.6122683040
CtrSVDD_0026_E_0004970,-3.4436144696
CtrSVDD_0027_E_0004971,-1.0737737290
CtrSVDD_0028_E_0004972,-7.0241170561
CtrSVDD_0029_E_0004973,-6.3519404649
CtrSVDD_0030_E_0004974,-4.7804238468
CtrSVDD_0031_E_0004975,-6.6119754647
CtrSVDD_0032_E_0004976,-8.0246288351
CtrSVDD_0033_E_0004977,-6.2038137700
CtrSVDD_0034_E_0004978,-7.3664165937
CtrSVDD_0035_E_0004979,-6.5696035256
CtrSVDD_0036_E_0004980,-5.3177491107
CtrSVDD_0037_E_0004981,0.0650895778
CtrSVDD_0038_E_0004982,-5.4272114176
CtrSVDD_0039_E_0004983,-0.7754766874
CtrSVDD_0040_E_0004984,-6.3407101119
CtrSVDD_0041_E_0004985,-8.5873421114
CtrSVDD_0042_E_0004986,1.8356715369
CtrSVDD_0043_E_0004987,1.9972288352
CtrSVDD_0044_E_0004988,-4.2679324241
CtrSVDD_0045_E_0004989,-7.2238233616
CtrSVDD_0046_E_0004990,-0.2063781519
CtrSVDD_0047_E_0004991,-1.5644249851
CtrSVDD_0000_E_0004992,-7.4286195484
CtrSVDD_0001_E_0004993,-0.2221222082
CtrSVDD_0002_E_0004994,-4.0551980124
CtrSVDD_0003_E_0004995,-5.8436974541
CtrSVDD_0004_E_0004996,-2.6385187061
CtrSVDD_0005_E_0004997,-6.0559880421
CtrSVDD_0006_E_0004998,-6.8395131276
CtrSVDD_0007_E_0004999,-5.4597412563
CtrSVDD_0008_E_0005000,-4.3324673734
CtrSVDD_0009_E_0005001,-2.7738436388
CtrSVDD_0010_E_0005002,-6.5670296391
CtrSVDD_0011_E_0005003,-3.6480819236
CtrSVDD_0012_E_0005004,-6.5513391688
CtrSVDD_0013_E_0005005,-7.1425971289
CtrSVDD_0014_E_0005006,0.3208475899
CtrSVDD_0015_E_0005007,-4.4412293150
CtrSVDD_0016_E_0005008,-5.1655817024
CtrSVDD_0017_E_0005009,-4.1942236509
CtrSVDD_0018_E_0005010,-6.9028976985
CtrSVDD_0019_E_0005011,-7.1349837896
CtrSVDD_0020_E_0005012,-4.8687729848
CtrSVDD_0021_E_0005013,-6.9095751806
CtrSVDD_0022_E_0005014,-6.9499796036
CtrSVDD_0023_E_0005015,1.7390199717
CtrSVDD_0024_E_0005016,0.6753680420
CtrSVDD_0025_E_0005017,-6.6997415404
CtrSVDD_0026_E_0005018,-7.4222064157
CtrSVDD_0027_E_0005019,-2.7359458901
CtrSVDD_0028_E_0005020,-6.4036110498
CtrSVDD_0029_E_0005021,-5.7198422068
CtrSVDD_0030_E_0005022,-3.1948590473
CtrSVDD_0031_E_0005023,-7.0172814878
CtrSVDD_0032_E_0005024,1.0167797877
CtrSVDD_0033_E_0005025,-7.1304993544
CtrSVDD_0034_E_0005026,-6.6991498654
CtrSVDD_0035_E_0005027,-0.5133580378
CtrSVDD_0036_E_0005028,-7.6258817308
CtrSVDD_0037_E_0005029,-4.7064962305
CtrSVDD_0038_E_0005030,-7.5866888698
CtrSVDD_0039_E_0005031,-5.5282167356
CtrSVDD_0040_E_0005032,-6.1748822877
CtrSVDD_0041_E_0005033,-7.6182844351
CtrSVDD_0042_E_0005034,-3.1441232357
CtrSVDD_0043_E_0005035,-6.5336991230
CtrSVDD_0044_E_0005036,-3.7988447578
CtrSVDD_0045_E_0005037,-0.6337749880
CtrSVDD_0046_E_0005038,-0.8986077914
CtrSVDD_0047_E_0005039,-7.9230829632
CtrSVDD_0000_E_0005040,-5.5469743146
CtrSVDD_0001_E_0005041,-3.5625089267
CtrSVDD_0002_E_0005042,-2.7779925490
CtrSVDD_0003_E_0005043,-1.4184495940
CtrSVDD_0004_E_0005044,-5.5623073716
CtrSVDD_0005_E_0005045,-0.4879884309
CtrSVDD_0006_E_0005046,-6.0932111453
CtrSVDD_0007_E_0005047,-6.5989233365
CtrSVDD_0008_E_0005048,-7.1137073278
CtrSVDD_0009_E_0005049,-5.8608260021
CtrSVDD_0010_E_0005050,-7.3816377242
CtrSVDD_0011_E_0005051,-3.9444173393
CtrSVDD_0012_E_0005052,-6.9076172731
CtrSVDD_0013_E_0005053,-7.1093723696
CtrSVDD_0014_E_0005054,-4.8483050415
CtrSVDD_0015_E_0005055,-7.8529306103
CtrSVDD_0016_E_0005056,-5.1550808426
CtrSVDD_0017_E_0005057,-5.0186302248
CtrSVDD_0018_E_0005058,-5.3372109444
CtrSVDD_0019_E_0005059,-6.0777649497
CtrSVDD_0020_E_0005060,-2.4514528828
CtrSVDD_0021_E_0005061,-4.6376010482
CtrSVDD_0022_E_0005062,-6.9511452962
CtrSVDD_0023_E_0005063,-6.2528054817
CtrSVDD_0024_E_0005064,-4.7416290830
CtrSVDD_0025_E_0005065,-7.0055915958
CtrSVDD_0026_E_0005066,0.2408003976
CtrSVDD_0027_E_0005067,-7.6755348854
CtrSVDD_0028_E_0005068,-6.7311442375
CtrSVDD_0029_E_0005069,-0.9500715601
CtrSVDD_0030_E_0005070,-5.8545948539
CtrSVDD_0031_E_0005071,-6.9315339735
CtrSVDD_0032_E_0005072,-5.8479981923
CtrSVDD_0033_E_0005073,0.2149592275
CtrSVDD_0034_E_0005074,-5.9388865343
CtrSVDD_0035_E_0005075,-5.9274910526
CtrSVDD_0036_E_0005076,-7.6884789009
CtrSVDD_0037_E_0005077,-7.6483645996
CtrSVDD_0038_E_0005078,-0.3459867419
CtrSVDD_0039_E_0005079,-6.1196131387
CtrSVDD_0040_E_0005080,1.2555934900
CtrSVDD_0041_E_0005081,-0.9304840170
CtrSVDD_0042_E_0005082,-4.0446100164
CtrSVDD_0043_E_0005083,-5.6628775188
CtrSVDD_0044_E_0005084,-6.9546448720
CtrSVDD_0045_E_0005085,-8.0848545514
CtrSVDD_0046_E_0005086,-7.4440418710
CtrSVDD_0047_E_0005087,-6.5287327630
CtrSVDD_0000_E_0005088,-1.5736040483
CtrSVDD_0001_E_0005089,-6.0711422818
CtrSVDD_0002_E_0005090,-1.8509683456
CtrSVDD_0003_E_0005091,-4.8285164432
CtrSVDD_0004_E_0005092,-4.7689910434
CtrSVDD_0005_E_0005093,-5.3383150524
CtrSVDD_0006_E_0005094,-5.4727801695
CtrSVDD_0007_E_0005095,-5.5355448886
CtrSVDD_0008_E_0005096,-7.5539126641
CtrSVDD_0009_E_0005097,-8.0432379648
CtrSVDD_0010_E_0005098,-6.8363611003
CtrSVDD_0011_E_0005099,-4.8181600443
CtrSVDD_0012_E_0005100,-8.2915697558
CtrSVDD_0013_E_0005101,-7.5646726586
CtrSVDD_0014_E_0005102,-7.6978242500
CtrSVDD_0015_E_0005103,-5.5299844968
CtrSVDD_0016_E_0005104,-9.6115885981
CtrSVDD_0017_E_0005105,1.0492027322
CtrSVDD_0018_E_0005106,-4.8637054444
CtrSVDD_0019_E_0005107,-5.1831128321
CtrSVDD_0020_E_0005108,-6.5933832990
CtrSVDD_0021_E_0005109,-4.5403118194
CtrSVDD_0022_E_0005110,-5.1896803589
CtrSVDD_0023_E_0005111,-5.4594648327
CtrSVDD_0024_E_0005112,1.1382351104
CtrSVDD_0025_E_0005113,-6.8944820493
CtrSVDD_0026_E_0005114,-4.1972285398
CtrSVDD_0027_E_0005115,-7.4927147404
CtrSVDD_0028_E_0005116,0.8594959304
CtrSVDD_0029_E_0005117,-6.0701437834
CtrSVDD_0030_E_0005118,-5.8901618971
CtrSVDD_0031_E_0005119,-3.5783356500
CtrSVDD_0032_E_0005120,-6.4825363741
CtrSVDD_0033_E_0005121,-7.8742979549
CtrSVDD_0034_E_0005122,-7.8504859425
CtrSVDD_0035_E_0005123,-3.2447807035
CtrSVDD_0036_E_0005124,-4.8962798082
CtrSVDD_0037_E_0005125,0.4695769233
CtrSVDD_0038_E_0005126,-3.0854512929
CtrSVDD_0039_E_0005127,-7.5458388454
CtrSVDD_0040_E_0005128,-5.7083720017
CtrSVDD_0041_E_0005129,0.4769881839
CtrSVDD_0042_E_0005130,-7.9254762241
CtrSVDD_0043_E_0005131,-7.3931701301
CtrSVDD_0044_E_0005132,-8.4305460315
CtrSVDD_0045_E_0005133,0.0608848778
CtrSVDD_0046_E_0005134,-7.3403384264
CtrSVDD_0047_E_0005135,-3.7209053402
CtrSVDD_0000_E_0005136,-6.7935068536
CtrSVDD_0001_E_0005137,-4.2287314393
CtrSVDD_0002_E_0005138,1.6601712470
CtrSVDD_0003_E_0005139,-6.0163003068
CtrSVDD_0004_E_0005140,-6.2652939001
CtrSVDD_0005_E_0005141,-5.7674368268
CtrSVDD_0006_E_0005142,-6.3873305666
CtrSVDD_0007_E_0005143,-6.7366921199
CtrSVDD_0008_E_0005144,-6.1465817795
CtrSVDD_0009_E_0005145,-2.4622895992
CtrSVDD_0010_E_0005146,-7.0203439647
CtrSVDD_0011_E_0005147,-7.3770193526
CtrSVDD_0012_E_0005148,-5.8058788567
CtrSVDD_0013_E_0005149,-7.5656003244
CtrSVDD_0014_E_0005150,-5.8220012067
CtrSVDD_0015_E_0005151,-4.8810123118
CtrSVDD_0016_E_0005152,-3.3427039492
CtrSVDD_0017_E_0005153,-4.2516705321
CtrSVDD_0018_E_0005154,-1.6845475769
CtrSVDD_0019_E_0005155,-5.7731822337
CtrSVDD_0020_E_0005156,-5.3308958040
CtrSVDD_0021_E_0005157,-5.2157536224
CtrSVDD_0022_E_0005158,-1.4955618426
CtrSVDD_0023_E_0005159,-5.9392088676
CtrSVDD_0024_E_0005160,-6.5757029670
CtrSVDD_0025_E_0005161,0.6912677074
CtrSVDD_0026_E_0005162,-1.0939075304
CtrSVDD_0027_E_0005163,1.2086579908
CtrSVDD_0028_E_0005164,-6.3095700523
CtrSVDD_0029_E_0005165,-4.5336601520
CtrSVDD_0030_E_0005166,1.5885360383
CtrSVDD_0031_E_0005167,-0.4990480477
CtrSVDD_0032_E_0005168,-6.5829519102
CtrSVDD_0033_E_0005169,-5.1025940472
CtrSVDD_0034_E_0005170,-3.4005444569
CtrSVDD_0035_E_0005171,1.5622636368
CtrSVDD_0036_E_0005172,-5.9757635010
CtrSVDD_0037_E_0005173,0.1513526443
CtrSVDD_0038_E_0005174,-7.0734171409
CtrSVDD_0039_E_0005175,-3.8201425739
CtrSVDD_0040_E_0005176,-4.9465934628
CtrSVDD_0041_E_0005177,0.2463750642
CtrSVDD_0042_E_0005178,-4.6675263430
CtrSVDD_0043_E_0005179,-6.8477955596
CtrSVDD_0044_E_0005180,-7.7013545521
CtrSVDD_0045_E_0005181,0.6457902880
CtrSVDD_0046_E_0005182,-6.1774035024
CtrSVDD_0047_E_0005183,-3.9734831483
CtrSVDD_0000_E_0005184,-5.4786586654
CtrSVDD_0001_E_0005185,-5.3810354827
CtrSVDD_0002_E_0005186,-7.4068477814
CtrSVDD_0003_E_0005187,0.5390624707
CtrSVDD_0004_E_0005188,-7.5213994032
CtrSVDD_0005_E_0005189,-6.1136473882
CtrSVDD_0006_E_0005190,-5.9236196189
CtrSVDD_0007_E_0005191,1.0134905810
CtrSVDD_0008_E_0005192,0.8580985090
CtrSVDD_0009_E_0005193,0.4381572148
CtrSVDD_0010_E_0005194,-5.7697268243
CtrSVDD_0011_E_0005195,-7.6376236982
CtrSVDD_0012_E_0005196,-3.1729817859
CtrSVDD_0013_E_0005197,-5.7347674678
CtrSVDD_0014_E_0005198,-7.4286106720
CtrSVDD_0015_E_0005199,-4.2544861400
CtrSVDD_0016_E_0005200,-4.9092677046
CtrSVDD_0017_E_0005201,-3.8037218875
CtrSVDD_0018_E_0005202,0.0118899790
CtrSVDD_0019_E_0005203,-8.5306841882
CtrSVDD_0020_E_0005204,-5.3600417965
CtrSVDD_0021_E_0005205,1.3263921989
CtrSVDD_0022_E_0005206,-3.4690459810
CtrSVDD_0023_E_0005207,-7.4122916497
CtrSVDD_0024_E_0005208,-6.6886408042
CtrSVDD_0025_E_0005209,-6.2742258421
CtrSVDD_0026_E_0005210,-0.5651350204
CtrSVDD_0027_E_0005211,-6.8699973272
CtrSVDD_0028_E_0005212,-3.8842133383
CtrSVDD_0029_E_0005213,-0.2163909299
CtrSVDD_0030_E_0005214,-4.7374316056
CtrSVDD_0031_E_0005215,-8.5417023905
CtrSVDD_0032_E_0005216,-5.4907091532
CtrSVDD_0033_E_0005217,-6.2813153577
CtrSVDD_0034_E_0005218,-7.3701691827
CtrSVDD_0035_E_0005219,-6.8058778107
CtrSVDD_0036_E_0005220,-0.9442065728
CtrSVDD_0037_E_0005221,-7.1915420736
CtrSVDD_0038_E_0005222,-3.0626413931
CtrSVDD_0039_E_0005223,-8.0734421627
CtrSVDD_0040_E_0005224,-7.2007797698
CtrSVDD_0041_E_0005225,-0.3564011362
CtrSVDD_0042_E_0005226,-4.8449740388
CtrSVDD_0043_E_0005227,-4.9544087671
CtrSVDD_0044_E_0005228,-5.7456032177
CtrSVDD_0045_E_0005229,-7.7475745945
CtrSVDD_0046_E_0005230,-4.8631161240
CtrSVDD_0047_E_0005231,-6.0030756751
CtrSVDD_0000_E_0005232,-6.3133047162
CtrSVDD_0001_E_0005233,-7.1056633596
CtrSVDD_0002_E_0005234,-4.4111920085
CtrSVDD_0003_E_0005235,-5.3318259484
CtrSVDD_0004_E_0005236,1.5314637079
CtrSVDD_0005_E_0005237,-7.5294462628
CtrSVDD_0006_E_0005238,0.9668103579
CtrSVDD_0007_E_0005239,-5.9475615580
CtrSVDD_0008_E_0005240,-5.9797261860
CtrSVDD_0009_E_0005241,-5.8067134717
CtrSVDD_0010_E_0005242,-4.1510900624
CtrSVDD_0011_E_0005243,-4.2287870528
CtrSVDD_0012_E_0005244,-6.8759855246
CtrSVDD_0013_E_0005245,-6.0819658379
CtrSVDD_0014_E_0005246,-6.4950761496
CtrSVDD_0015_E_0005247,-5.5329295368
CtrSVDD_0016_E_0005248,-8.0584852059
CtrSVDD_0017_E_0005249,0.2537804489
CtrSVDD_0018_E_0005250,-3.9874988297
CtrSVDD_0019_E_0005251,-0.7964315437
CtrSVDD_0020_E_0005252,-1.8857933624
CtrSVDD_0021_E_0005253,-0.2682531520
CtrSVDD_0022_E_0005254,-7.8564025956
CtrSVDD_0023_E_0005255,-6.2899452893
CtrSVDD_0024_E_0005256,-0.2408003976
CtrSVDD_0025_E_0005257,-6.8545131404
CtrSVDD_0026_E_0005258,-5.5861429224
CtrSVDD_0027_E_0005259,-4.8593969419
CtrSVDD_0028_E_0005260,-5.9077442904
CtrSVDD_0029_E_0005261,1.6618633406
CtrSVDD_0030_E_0005262,-6.8704226301
CtrSVDD_0031_E_0005263,-5.9671742634
CtrSVDD_0032_E_0005264,-3.9239390175
CtrSVDD_0033_E_0005265,-7.2595262794
CtrSVDD_0034_E_0005266,-7.0940096944
CtrSVDD_0035_E_0005267,1.6730978450
CtrSVDD_0036_E_0005268,-6.5037785040
CtrSVDD_0037_E_0005269,-7.2325084305
CtrSVDD_0038_E_0005270,-5.1399084411
CtrSVDD_0039_E_0005271,-7.2515429267
CtrSVDD_0040_E_0005272,-2.6246310997
CtrSVDD_0041_E_0005273,-6.1989308555
CtrSVDD_0042_E_0005274,-7.6573150719
CtrSVDD_0043_E_0005275,-5.1046336909
CtrSVDD_0044_E_0005276,-9.1136848463
CtrSVDD_0045_E_0005277,-0.1636868392
CtrSVDD_0046_E_0005278,-7.3862193001
CtrSVDD_0047_E_0005279,1.0712874999
CtrSVDD_0000_E_0005280,-5.7302902342
CtrSVDD_0001_E_0005281,0.1736186442
CtrSVDD_0002_E_0005282,-6.5655521077
CtrSVDD_0003_E_0005283,-5.3559204511
CtrSVDD_0004_E_0005284,-0.6893569079
CtrSVDD_0005_E_0005285,-4.8091981932
CtrSVDD_0006_E_0005286,-6.4061556915
CtrSVDD_0007_E_0005287,-0.9522704869
CtrSVDD_0008_E_0005288,-5.6881120894
CtrSVDD_0009_E_0005289,-4.3677465102
CtrSVDD_0010_E_0005290,-6.8613170218
CtrSVDD_0011_E_0005291,-2.9391836419
CtrSVDD_0012_E_0005292,-3.3313886094
CtrSVDD_0013_E_0005293,-4.6038636427
CtrSVDD_0014_E_0005294,0.1466978246
CtrSVDD_0015_E_0005295,-6.8013122261
CtrSVDD_0016_E_0005296,-3.0413816178
CtrSVDD_0017_E_0005297,-6.5744232594
CtrSVDD_0018_E_0005298,0.2230168364
CtrSVDD_0019_E_0005299,-3.4586235375
CtrSVDD_0020_E_0005300,-7.0775471211
CtrSVDD_0021_E_0005301,-7.1201489754
CtrSVDD_0022_E_0005302,-4.8037145072
CtrSVDD_0023_E_0005303,-7.1949219898
CtrSVDD_0024_E_0005304,-5.6300067667
CtrSVDD_0025_E_0005305,0.6032504628
CtrSVDD_0026_E_0005306,-6.0253329547
CtrSVDD_0027_E_0005307,-6.7093490012
CtrSVDD_0028_E_0005308,-7.4049327769
CtrSVDD_0029_E_0005309,1.8509683456
CtrSVDD_0030_E_0005310,-4.1809868870
CtrSVDD_0031_E_0005311,-5.8457083797
CtrSVDD_0032_E_0005312,-7.1849366809
CtrSVDD_0033_E_0005313,-5.9910784036
CtrSVDD_0034_E_0005314,-5.6745368604
CtrSVDD_0035_E_0005315,-5.7219232640
CtrSVDD_0036_E_0005316,-5.8075432527
CtrSVDD_0037_E_0005317,-0.2278607921
CtrSVDD_0038_E_0005318,-6.2879237378
CtrSVDD_0039_E_0005319,-6.1804184239
CtrSVDD_0040_E_0005320,-5.6466596764
CtrSVDD_0041_E_0005321,-0.4536071489
CtrSVDD_0042_E_0005322,-3.1407083774
CtrSVDD_0043_E_0005323,-1.3196797484
CtrSVDD_0044_E_0005324,-5.3365048946
CtrSVDD_0045_E_0005325,-0.8534403046
CtrSVDD_0046_E_0005326,-3.1830986870
CtrSVDD_0047_E_0005327,-7.7752662577
CtrSVDD_0000_E_0005328,0.2566706433
CtrSVDD_0001_E_0005329,-5.5172439728
CtrSVDD_0002_E_0005330,-4.3765370934
CtrSVDD_0003_E_0005331,-0.7849588792
CtrSVDD_0004_E_0005332,-3.6337928149
CtrSVDD_0005_E_0005333,-4.9746038208
CtrSVDD_0006_E_0005334,-7.2851288512
CtrSVDD_0007_E_0005335,-5.5507216775
CtrSVDD_0008_E_0005336,-6.3765183029
CtrSVDD_0009_E_0005337,1.3860337204
CtrSVDD_0010_E_0005338,-6.5732384801
CtrSVDD_0011_E_0005339,0.0216829145
CtrSVDD_0012_E_0005340,-0.3803534882
CtrSVDD_0013_E_0005341,-7.0519307167
CtrSVDD_0014_E_0005342,-4.8220423032
CtrSVDD_0015_E_0005343,-6.2734161889
CtrSVDD_0016_E_0005344,-5.6338253116
CtrSVDD_0017_E_0005345,-5.6331559795
CtrSVDD_0018_E_0005346,-6.5324925912
CtrSVDD_0019_E_0005347,-7.6270335525
CtrSVDD_0020_E_0005348,-8.4918145761
CtrSVDD_0021_E_0005349,-3.9700668847
CtrSVDD_0022_E_0005350,-5.7848806679
CtrSVDD_0023_E_0005351,-5.6524226539
CtrSVDD_0024_E_0005352,-6.1352953598
CtrSVDD_0025_E_0005353,-7.7187984662
CtrSVDD_0026_E_0005354,-3.4674581204
CtrSVDD_0027_E_0005355,-6.4003040396
CtrSVDD_0028_E_0005356,-8.0592445819
CtrSVDD_0029_E_0005357,-7.6113344321
CtrSVDD_0030_E_0005358,-4.3101956564
CtrSVDD_0031_E_0005359,0.9767699911
CtrSVDD_0032_E_0005360,1.6101026823
CtrSVDD_0033_E_0005361,1.1905839276
CtrSVDD_0034_E_0005362,-7.2824172546
CtrSVDD_0035_E_0005363,-6.2022848502
CtrSVDD_0036_E_0005364,-0.8737065351
CtrSVDD_0037_E_0005365,-3.8858743425
CtrSVDD_0038_E_0005366,-8.6961125834
CtrSVDD_0039_E_0005367,-9.4287657820
CtrSVDD_0040_E_0005368,-5.7391003376
CtrSVDD_0041_E_0005369,-3.5672566161
CtrSVDD_0042_E_0005370,-6.1046837399
CtrSVDD_0043_E_0005371,-7.5929950344
CtrSVDD_0044_E_0005372,-5.2765235722
CtrSVDD_0045_E_0005373,-6.4371059394
CtrSVDD_0046_E_0005374,-5.3188038658
CtrSVDD_0047_E_0005375,-6.7767714455
CtrSVDD_0000_E_0005376,0.5245610163
CtrSVDD_0001_E_0005377,-2.3632030480
CtrSVDD_0002_E_0005378,-6.1575076376
CtrSVDD_0003_E_0005379,-7.2702691749
CtrSVDD_0004_E_0005380,-6.9592881240
CtrSVDD_0005_E_0005381,-4.7353177766
CtrSVDD_0006_E_0005382,-5.2206085316
CtrSVDD_0007_E_0005383,-9.0080736611
CtrSVDD_0008_E_0005384,-4.0883941654
CtrSVDD_0009_E_0005385,-5.7714855079
CtrSVDD_0010_E_0005386,-6.9488143246
CtrSVDD_0011_E_0005387,-6.1589682209
CtrSVDD_0012_E_0005388,-7.2568725519
CtrSVDD_0013_E_0005389,1.0737737290
CtrSVDD_0014_E_0005390,-2.8936241644
CtrSVDD_0015_E_0005391,-6.6328136009
CtrSVDD_0016_E_0005392,-7.2428950965
CtrSVDD_0017_E_0005393,-6.1512545963
CtrSVDD_0018_E_0005394,-6.4411383987
CtrSVDD_0019_E_0005395,-4.6965414126
CtrSVDD_0020_E_0005396,-5.5988793625
CtrSVDD_0021_E_0005397,-6.6974347805
CtrSVDD_0022_E_0005398,-7.7053620238
CtrSVDD_0023_E_0005399,-7.3111151992
CtrSVDD_0024_E_0005400,-6.6487423003
CtrSVDD_0025_E_0005401,-7.0466991029
CtrSVDD_0026_E_0005402,0.2063781519
CtrSVDD_0027_E_0005403,-3.8929859682
CtrSVDD_0028_E_0005404,-5.3861870706
CtrSVDD_0029_E_0005405,-7.4634075565
CtrSVDD_0030_E_0005406,-6.5478513015
CtrSVDD_0031_E_0005407,-0.1311617906
CtrSVDD_0032_E_0005408,-5.5660248390
CtrSVDD_0033_E_0005409,-1.7659035097
CtrSVDD_0034_E_0005410,-6.7197490129
CtrSVDD_0035_E_0005411,-7.3210574270
CtrSVDD_0036_E_0005412,-1.5161275464
CtrSVDD_0037_E_0005413,-8.0373937495
CtrSVDD_0038_E_0005414,-6.2346774789
CtrSVDD_0039_E_0005415,0.3370899316
CtrSVDD_0040_E_0005416,-6.3772993235
CtrSVDD_0041_E_0005417,-5.7186277329
CtrSVDD_0042_E_0005418,0.1058055829
CtrSVDD_0043_E_0005419,-3.0270930803
CtrSVDD_0044_E_0005420,-0.1807232334
CtrSVDD_0045_E_0005421,-6.3882547378
CtrSVDD_0046_E_0005422,-6.7280648854
CtrSVDD_0047_E_0005423,-5.8220674460
CtrSVDD_0000_E_0005424,-5.2431306465
CtrSVDD_0001_E_0005425,1.5738877915
CtrSVDD_0002_E_0005426,-5.1514542173
CtrSVDD_0003_E_0005427,-6.3815253437
CtrSVDD_0004_E_0005428,-6.7957541918
CtrSVDD_0005_E_0005429,-4.8408711946
CtrSVDD_0006_E_0005430,-5.2221905305
CtrSVDD_0007_E_0005431,-4.2738963018
CtrSVDD_0008_E_0005432,-3.9925700029
CtrSVDD_0009_E_0005433,-5.9776408366
CtrSVDD_0010_E_0005434,-6.7008521460
CtrSVDD_0011_E_0005435,-6.7249885993
CtrSVDD_0012_E_0005436,-3.2989130588
CtrSVDD_0013_E_0005437,-7.4682777884
CtrSVDD_0014_E_0005438,-6.2389586428
CtrSVDD_0015_E_0005439,-7.7984815064
CtrSVDD_0016_E_0005440,-0.3863752869
CtrSVDD_0017_E_0005441,-7.3190410173
CtrSVDD_0018_E_0005442,-6.7543038216
CtrSVDD_0019_E_0005443,-6.2156122650
CtrSVDD_0020_E_0005444,-6.6962374131
CtrSVDD_0021_E_0005445,-4.6377621394
CtrSVDD_0022_E_0005446,1.3097211719
CtrSVDD_0023_E_0005447,0.6544299850
CtrSVDD_0024_E_0005448,-4.7037762551
CtrSVDD_0025_E_0005449,-5.0380160603
CtrSVDD_0026_E_0005450,-4.3606686162
CtrSVDD_0027_E_0005451,-6.7695887419
CtrSVDD_0028_E_0005452,0.3445020561
CtrSVDD_0029_E_0005453,-4.4322993286
CtrSVDD_0030_E_0005454,-2.2789762914
CtrSVDD_0031_E_0005455,-5.8134645088
CtrSVDD_0032_E_0005456,-8.3438318055
CtrSVDD_0033_E_0005457,-7.0686819736
CtrSVDD_0034_E_0005458,-5.3887170357
CtrSVDD_0035_E_0005459,-3.0018528956
CtrSVDD_0036_E_0005460,-7.6148040188
CtrSVDD_0037_E_0005461,-7.3587107357
CtrSVDD_0038_E_0005462,-7.0302816113
CtrSVDD_0039_E_0005463,-7.3616156311
CtrSVDD_0040_E_0005464,-6.7719775673
CtrSVDD_0041_E_0005465,-9.0645907829
CtrSVDD_0042_E_0005466,-5.3819250371
CtrSVDD_0043_E_0005467,-4.4608028181
CtrSVDD_0044_E_0005468,-7.5668556303
CtrSVDD_0045_E_0005469,-0.2784173997
CtrSVDD_0046_E_0005470,-5.1945928245
CtrSVDD_0047_E_0005471,1.0565070817
CtrSVDD_0000_E_0005472,1.8075939945
CtrSVDD_0001_E_0005473,-5.7915550222
CtrSVDD_0002_E_0005474,-4.4653715455
CtrSVDD_0003_E_0005475,0.7109414228
CtrSVDD_0004_E_0005476,-5.3388496784
CtrSVDD_0005_E_0005477,0.4030085097
CtrSVDD_0006_E_0005478,-8.0085156118
CtrSVDD_0007_E_0005479,-4.3199807754
CtrSVDD_0008_E_0005480,-6.1062377797
CtrSVDD_0009_E_0005481,-6.3319980894
CtrSVDD_0010_E_0005482,0.5767010881
CtrSVDD_0011_E_0005483,-6.3001647267
CtrSVDD_0012_E_0005484,-4.4585247594
CtrSVDD_0013_E_0005485,-6.8284885057
CtrSVDD_0014_E_0005486,-4.1923266156
CtrSVDD_0015_E_0005487,-0.6578995520
CtrSVDD_0016_E_0005488,-3.0109026145
CtrSVDD_0017_E_0005489,-8.0165573650
CtrSVDD_0018_E_0005490,-0.9858255004
CtrSVDD_0019_E_0005491,-6.4690908290
CtrSVDD_0020_E_0005492,-6.1343839968
CtrSVDD_0021_E_0005493,-6.9839596058
CtrSVDD_0022_E_0005494,-5.0186729981
CtrSVDD_0023_E_0005495,-7.4695518230
CtrSVDD_0024_E_0005496,-5.5385854872
CtrSVDD_0025_E_0005497,-0.1368073982
CtrSVDD_0026_E_0005498,-2.5451778034
CtrSVDD_0027_E_0005499,-5.2014317808
CtrSVDD_0028_E_0005500,-6.8641886455
CtrSVDD_0029_E_0005501,-7.1316657453
CtrSVDD_0030_E_0005502,-6.2793538623
CtrSVDD_0031_E_0005503,-3.9230335953
CtrSVDD_0032_E_0005504,-4.9236712429
CtrSVDD_0033_E_0005505,-6.6957934348
CtrSVDD_0034_E_0005506,-2.6339071069
CtrSVDD_0035_E_0005507,-5.0333481762
CtrSVDD_0036_E_0005508,-5.8153078947
CtrSVDD_0037_E_0005509,-0.2035211983
CtrSVDD_0038_E_0005510,-2.4967446480
CtrSVDD_0039_E_0005511,0.8717027939
CtrSVDD_0040_E_0005512,-4.9122560878
CtrSVDD_0041_E_0005513,-6.5408280392
CtrSVDD_0042_E_0005514,-5.7021151763
CtrSVDD_0043_E_0005515,-7.4602334058
CtrSVDD_0044_E_0005516,-6.9497209816
CtrSVDD_0045_E_0005517,-4.2990412563
CtrSVDD_0046_E_0005518,0.5634879274
CtrSVDD_0047_E_0005519,-5.5974104142
CtrSVDD_0000_E_0005520,-6.1011278801
CtrSVDD_0001_E_0005521,-6.6177798053
CtrSVDD_0002_E_0005522,0.5733521972
CtrSVDD_0003_E_0005523,-6.3950336873
CtrSVDD_0004_E_0005524,-6.6620326431
CtrSVDD_0005_E_0005525,-5.4513487769
CtrSVDD_0006_E_0005526,-3.2711192392
CtrSVDD_0007_E_0005527,-4.4173448707
CtrSVDD_0008_E_0005528,-5.1532647389
CtrSVDD_0009_E_0005529,-6.1225930884
CtrSVDD_0010_E_0005530,1.0505583578
CtrSVDD_0011_E_0005531,-6.0138972066
CtrSVDD_0012_E_0005532,-6.0215526138
CtrSVDD_0013_E_0005533,-5.2107151839
CtrSVDD_0014_E_0005534,-0.5424936678
CtrSVDD_0015_E_0005535,-5.7163455929
CtrSVDD_0016_E_0005536,-6.7175241278
CtrSVDD_0017_E_0005537,-5.9784380216
CtrSVDD_0018_E_0005538,2.1468147108
CtrSVDD_0019_E_0005539,-6.6933256249
CtrSVDD_0020_E_0005540,-7.4421250423
CtrSVDD_0021_E_0005541,-6.4956789494
CtrSVDD_0022_E_0005542,-8.0133682958
CtrSVDD_0023_E_0005543,-7.8857998325
CtrSVDD_0024_E_0005544,-6.3556650184
CtrSVDD_0025_E_0005545,-4.3942086826
CtrSVDD_0026_E_0005546,-6.6354725154
CtrSVDD_0027_E_0005547,-0.0020981837
CtrSVDD_0028_E_0005548,-4.9481821193
CtrSVDD_0029_E_0005549,-4.7211594130
CtrSVDD_0030_E_0005550,-6.1959790432
CtrSVDD_0031_E_0005551,-4.7495760703
CtrSVDD_0032_E_0005552,-6.4003950539
CtrSVDD_0033_E_0005553,-5.9456806907
CtrSVDD_0034_E_0005554,-4.0741386239
CtrSVDD_0035_E_0005555,-4.4679700155
CtrSVDD_0036_E_0005556,-2.5097020793
CtrSVDD_0037_E_0005557,-7.4562295894
CtrSVDD_0038_E_0005558,-3.6560274438
CtrSVDD_0039_E_0005559,-5.3834483715
CtrSVDD_0040_E_0005560,-1.0252493761
CtrSVDD_0041_E_0005561,-6.8550628932
CtrSVDD_0042_E_0005562,-5.0789644451
CtrSVDD_0043_E_0005563,-7.0120280077
CtrSVDD_0044_E_0005564,-4.3204068003
CtrSVDD_0045_E_0005565,-7.5933765431
CtrSVDD_0046_E_0005566,-6.5335563614
CtrSVDD_0047_E_0005567,-6.3211881969
CtrSVDD_0000_E_0005568,-6.1684994068
CtrSVDD_0001_E_0005569,-3.0941660714
CtrSVDD_0002_E_0005570,-3.1577404453
CtrSVDD_0003_E_0005571,-0.3046894591
CtrSVDD_0004_E_0005572,-3.5799185458
CtrSVDD_0005_E_0005573,-1.7081333224
CtrSVDD_0006_E_0005574,-6.9239359917
CtrSVDD_0007_E_0005575,-7.4262110160
CtrSVDD_0008_E_0005576,-7.6988866907
CtrSVDD_0009_E_0005577,-2.3838430843
CtrSVDD_0010_E_0005578,-7.2016892135
CtrSVDD_0011_E_0005579,-5.3482316221
CtrSVDD_0012_E_0005580,-5.4112505861
CtrSVDD_0013_E_0005581,-4.3899206687
CtrSVDD_0014_E_0005582,-3.4769824472
CtrSVDD_0015_E_0005583,-2.3925540184
CtrSVDD_0016_E_0005584,-7.0684753269
CtrSVDD_0017_E_0005585,-5.5808888611
CtrSVDD_0018_E_0005586,-6.1040541108
CtrSVDD_0019_E_0005587,-5.0416027785
CtrSVDD_0020_E_0005588,-5.7865820843
CtrSVDD_0021_E_0005589,-5.6152134195
CtrSVDD_0022_E_0005590,-3.8069762276
CtrSVDD_0023_E_0005591,-6.9616554197
CtrSVDD_0024_E_0005592,-6.8848792188
CtrSVDD_0025_E_0005593,-7.3903290071
CtrSVDD_0026_E_0005594,0.2336068896
CtrSVDD_0027_E_0005595,0.3489584066
CtrSVDD_0028_E_0005596,-6.5684343438
CtrSVDD_0029_E_0005597,1.2194953228
CtrSVDD_0030_E_0005598,-2.7380786035
CtrSVDD_0031_E_0005599,-6.7274729392
CtrSVDD_0032_E_0005600,-5.4347069198
CtrSVDD_0033_E_0005601,-1.8286112493
CtrSVDD_0034_E_0005602,-2.9982217043
CtrSVDD_0035_E_0005603,-4.8099715861
CtrSVDD_0036_E_0005604,-3.1746703350
CtrSVDD_0037_E_0005605,-5.9252016571
CtrSVDD_0038_E_0005606,-3.1628298871
CtrSVDD_0039_E_0005607,-5.4886679927
CtrSVDD_0040_E_0005608,-8.2970076670
CtrSVDD_0041_E_0005609,-6.8442940678
CtrSVDD_0042_E_0005610,-7.2066933857
CtrSVDD_0043_E_0005611,-5.8885570681
CtrSVDD_0044_E_0005612,-6.5713383696
CtrSVDD_0045_E_0005613,-0.9369732433
CtrSVDD_0046_E_0005614,-6.1703360654
CtrSVDD_0047_E_0005615,-5.9492885314
CtrSVDD_0000_E_0005616,-8.2735471238
CtrSVDD_0001_E_0005617,0.1142492917
CtrSVDD_0002_E_0005618,0.9677938789
CtrSVDD_0003_E_0005619,-6.1623778833
CtrSVDD_0004_E_0005620,-4.3985130351
CtrSVDD_0005_E_0005621,-7.3301817898
CtrSVDD_0006_E_0005622,-4.6355408485
CtrSVDD_0007_E_0005623,-5.4543397315
CtrSVDD_0008_E_0005624,-6.3655630403
CtrSVDD_0009_E_0005625,-5.8972863355
CtrSVDD_0010_E_0005626,-6.2197472053
CtrSVDD_0011_E_0005627,-5.6088200656
CtrSVDD_0012_E_0005628,-2.2396815046
CtrSVDD_0013_E_0005629,-4.9385963298
CtrSVDD_0014_E_0005630,-7.7015862183
CtrSVDD_0015_E_0005631,-6.0686351838
CtrSVDD_0016_E_0005632,-2.6223009325
CtrSVDD_0017_E_0005633,-7.6012229119
CtrSVDD_0018_E_0005634,-8.2427701506
CtrSVDD_0019_E_0005635,-5.0723641170
CtrSVDD_0020_E_0005636,-7.1939390875
CtrSVDD_0021_E_0005637,-3.9632414363
CtrSVDD_0022_E_0005638,-3.6632596645
CtrSVDD_0023_E_0005639,-6.4051858479
CtrSVDD_0024_E_0005640,-5.9498746080
CtrSVDD_0025_E_0005641,-6.3162100733
CtrSVDD_0026_E_0005642,-0.1563525874
CtrSVDD_0027_E_0005643,-4.9367529735
CtrSVDD_0028_E_0005644,-6.0184926242
CtrSVDD_0029_E_0005645,-6.6395500279
CtrSVDD_0030_E_0005646,-7.8720412852
CtrSVDD_0031_E_0005647,-7.4090900163
CtrSVDD_0032_E_0005648,-4.1381593116
CtrSVDD_0033_E_0005649,-5.3124762231
CtrSVDD_0034_E_0005650,-5.2259815932
CtrSVDD_0035_E_0005651,-5.6545147842
CtrSVDD_0036_E_0005652,-3.2629080704
CtrSVDD_0037_E_0005653,-3.4340618101
CtrSVDD_0038_E_0005654,-6.9993847906
CtrSVDD_0039_E_0005655,-4.7957885663
CtrSVDD_0040_E_0005656,-4.8679852805
CtrSVDD_0041_E_0005657,-6.9531623520
CtrSVDD_0042_E_0005658,-6.6685919239
CtrSVDD_0043_E_0005659,-7.4723186220
CtrSVDD_0044_E_0005660,-5.4752202028
CtrSVDD_0045_E_0005661,-7.9473251069
CtrSVDD_0046_E_0005662,-4.9196879695
CtrSVDD_0047_E_0005663,-6.6413047265
CtrSVDD_0000_E_0005664,-7.8726465319
CtrSVDD_0001_E_0005665,-9.1381196830
CtrSVDD_0002_E_0005666,-6.2841527469
CtrSVDD_0003_E_0005667,-6.0126857411
CtrSVDD_0004_E_0005668,-6.2361029357
CtrSVDD_0005_E_0005669,-6.1251714221
CtrSVDD_0006_E_0005670,-4.5933732796
CtrSVDD_0007_E_0005671,-4.0421017027
CtrSVDD_0008_E_0005672,-7.1130875315
CtrSVDD_0009_E_0005673,-6.1665686893
CtrSVDD_0010_E_0005674,0.4660453558
CtrSVDD_0011_E_0005675,-6.9198118239
CtrSVDD_0012_E_0005676,-8.0534973611
CtrSVDD_0013_E_0005677,-7.2603434309
CtrSVDD_0014_E_0005678,-5.6845492800
CtrSVDD_0015_E_0005679,1.4364759249
CtrSVDD_0016_E_0005680,-5.0512956007
CtrSVDD_0017_E_0005681,0.3459867419
CtrSVDD_0018_E_0005682,-8.0962071689
CtrSVDD_0019_E_0005683,-7.9989124054
CtrSVDD_0020_E_0005684,-6.7902785537
CtrSVDD_0021_E_0005685,-5.7578774656
CtrSVDD_0022_E_0005686,0.8850301257
CtrSVDD_0023_E_0005687,-4.0569675139
CtrSVDD_0024_E_0005688,-4.7991553677
CtrSVDD_0025_E_0005689,-3.5007672513
CtrSVDD_0026_E_0005690,-5.9204525838
CtrSVDD_0027_E_0005691,-6.8227911602
CtrSVDD_0028_E_0005692,-5.9069585954
CtrSVDD_0029_E_0005693,-7.2974119514
CtrSVDD_0030_E_0005694,-6.7164304811
CtrSVDD_0031_E_0005695,-6.4635178697
CtrSVDD_0032_E_0005696,-0.1707792806
CtrSVDD_0033_E_0005697,-5.5838927437
CtrSVDD_0034_E_0005698,-7.1039730231
CtrSVDD_0035_E_0005699,-5.7659839046
CtrSVDD_0036_E_0005700,-6.2827315921
CtrSVDD_0037_E_0005701,-5.0111686335
CtrSVDD_0038_E_0005702,-7.3656256628
CtrSVDD_0039_E_0005703,-6.6807076194
CtrSVDD_0040_E_0005704,-5.1701307099
CtrSVDD_0041_E_0005705,1.8696725349
CtrSVDD_0042_E_0005706,-6.8595379424
CtrSVDD_0043_E_0005707,-9.1656450136
CtrSVDD_0044_E_0005708,-6.2711743450
CtrSVDD_0045_E_0005709,-4.1236185549
CtrSVDD_0046_E_0005710,1.1462925919
CtrSVDD_0047_E_0005711,0.3151104336
CtrSVDD_0000_E_0005712,-5.5793860778
CtrSVDD_0001_E_0005713,-7.0068026943
CtrSVDD_0002_E_0005714,0.5180080643
CtrSVDD_0003_E_0005715,-7.1392715665
CtrSVDD_0004_E_0005716,-8.2867482707
CtrSVDD_0005_E_0005717,-5.1649456376
CtrSVDD_0006_E_0005718,-4.3570161759
CtrSVDD_0007_E_0005719,-6.1161985316
CtrSVDD_0008_E_0005720,-8.2424227113
CtrSVDD_0009_E_0005721,-4.5573919761
CtrSVDD_0010_E_0005722,-7.9424206721
CtrSVDD_0011_E_0005723,2.1353653312
CtrSVDD_0012_E_0005724,-6.6243811617
CtrSVDD_0013_E_0005725,-0.7163547607
CtrSVDD_0014_E_0005726,-1.0056524719
CtrSVDD_0015_E_0005727,-6.4523322535
CtrSVDD_0016_E_0005728,0.5750016537
CtrSVDD_0017_E_0005729,-5.2340748446
CtrSVDD_0018_E_0005730,-3.4467966325
CtrSVDD_0019_E_0005731,-0.5932506910
CtrSVDD_0020_E_0005732,-5.7594037164
CtrSVDD_0021_E_0005733,-4.4461768519
CtrSVDD_0022_E_0005734,-7.4358426145
CtrSVDD_0023_E_0005735,-5.5946477157
CtrSVDD_0024_E_0005736,-5.6003750990
CtrSVDD_0025_E_0005737,-5.8102941683
CtrSVDD_0026_E_0005738,-0.1778803231
CtrSVDD_0027_E_0005739,-6.9785483683
CtrSVDD_0028_E_0005740,-4.7194526214
CtrSVDD_0029_E_0005741,-7.4662620575
CtrSVDD_0030_E_0005742,-5.7342194590
CtrSVDD_0031_E_0005743,1.9169401488
CtrSVDD_0032_E_0005744,-5.8117628597
CtrSVDD_0033_E_0005745,-5.9908187813
CtrSVDD_0034_E_0005746,-0.1424573696
CtrSVDD_0035_E_0005747,0.1368073982
CtrSVDD_0036_E_0005748,-5.3091558678
CtrSVDD_0037_E_0005749,-5.6940710177
CtrSVDD_0038_E_0005750,-6.1478479218
CtrSVDD_0039_E_0005751,-7.3454034458
CtrSVDD_0040_E_0005752,-1.7141807469
CtrSVDD_0041_E_0005753,2.0349820557
CtrSVDD_0042_E_0005754,-5.6361168818
CtrSVDD_0043_E_0005755,-2.8388694415
CtrSVDD_0044_E_0005756,-5.9994098214
CtrSVDD_0045_E_0005757,-6.2405002572
CtrSVDD_0046_E_0005758,-3.1201269816
CtrSVDD_0047_E_0005759,-4.6611694349
CtrSVDD_0000_E_0005760,-5.1948250810
CtrSVDD_0001_E_0005761,-3.6591191648
CtrSVDD_0002_E_0005762,-2.1784676592
CtrSVDD_0003_E_0005763,-7.1007375726
CtrSVDD_0004_E_0005764,-6.2118635709
CtrSVDD_0005_E_0005765,-5.6686713748
CtrSVDD_0006_E_0005766,-6.6014838219
CtrSVDD_0007_E_0005767,0.4412387283
CtrSVDD_0008_E_0005768,-5.9849961301
CtrSVDD_0009_E_0005769,0.0791139796
CtrSVDD_0010_E_0005770,-5.2187677033
CtrSVDD_0011_E_0005771,-7.4334265689
CtrSVDD_0012_E_0005772,-5.9455066781
CtrSVDD_0013_E_0005773,-7.0088073133
CtrSVDD_0014_E_0005774,0.9133678526
CtrSVDD_0015_E_0005775,-6.6055817401
CtrSVDD_0016_E_0005776,-5.9659039249
CtrSVDD_0017_E_0005777,1.4794189075
CtrSVDD_0018_E_0005778,-3.8958576090
CtrSVDD_0019_E_0005779,-4.8848267615
CtrSVDD_0020_E_0005780,-5.7700385896
CtrSVDD_0021_E_0005781,-6.7740144288
CtrSVDD_0022_E_0005782,-6.3176207472
CtrSVDD_0023_E_0005783,1.0395498058
CtrSVDD_0024_E_0005784,-6.1621412354
CtrSVDD_0025_E_0005785,-6.6097616220
CtrSVDD_0026_E_0005786,0.9566822130
CtrSVDD_0027_E_0005787,1.7589986111
CtrSVDD_0028_E_0005788,-6.1957090358
CtrSVDD_0029_E_0005789,0.8958434492
CtrSVDD_0030_E_0005790,-7.8476050121
CtrSVDD_0031_E_0005791,-6.8310177828
CtrSVDD_0032_E_0005792,-7.7994261344
CtrSVDD_0033_E_0005793,-5.2084111649
CtrSVDD_0034_E_0005794,-7.9351171878
CtrSVDD_0035_E_0005795,-4.6293535251
CtrSVDD_0036_E_0005796,0.0566812540
CtrSVDD_0037_E_0005797,-5.7403235711
CtrSVDD_0038_E_0005798,-5.6098245377
CtrSVDD_0039_E_0005799,-5.2186605060
CtrSVDD_0040_E_0005800,-4.6100602224
CtrSVDD_0041_E_0005801,-5.2594014307
CtrSVDD_0042_E_0005802,-6.0072244095
CtrSVDD_0043_E_0005803,-8.0696755720
CtrSVDD_0044_E_0005804,-4.6468199996
CtrSVDD_0045_E_0005805,-2.4294254097
CtrSVDD_0046_E_0005806,-5.6840157160
CtrSVDD_0047_E_0005807,1.1489950162
CtrSVDD_0000_E_0005808,-4.1961227369
CtrSVDD_0001_E_0005809,-2.5401795872
CtrSVDD_0002_E_0005810,0.6235485520
CtrSVDD_0003_E_0005811,-5.3224686853
CtrSVDD_0004_E_0005812,-5.1837106793
CtrSVDD_0005_E_0005813,-0.6235485520
CtrSVDD_0006_E_0005814,-6.8832429737
CtrSVDD_0007_E_0005815,-3.9059276818
CtrSVDD_0008_E_0005816,0.8527282741
CtrSVDD_0009_E_0005817,-5.2367178416
CtrSVDD_0010_E_0005818,-6.4804253841
CtrSVDD_0011_E_0005819,-4.6381636954
CtrSVDD_0012_E_0005820,-7.0750155150
CtrSVDD_0013_E_0005821,0.2235561612
CtrSVDD_0014_E_0005822,-1.1764945189
CtrSVDD_0015_E_0005823,-5.0909319391
CtrSVDD_0016_E_0005824,-0.1622693499
CtrSVDD_0017_E_0005825,-7.9352165377
CtrSVDD_0018_E_0005826,-5.4945266654
CtrSVDD_0019_E_0005827,-6.7419465815
CtrSVDD_0020_E_0005828,-0.6457902880
CtrSVDD_0021_E_0005829,-4.7259778503
CtrSVDD_0022_E_0005830,-6.4062031108
CtrSVDD_0023_E_0005831,-5.4573286257
CtrSVDD_0024_E_0005832,-7.6156740468
CtrSVDD_0025_E_0005833,-5.9644462020
CtrSVDD_0026_E_0005834,-5.4122665387
CtrSVDD_0027_E_0005835,-1.4158888988
CtrSVDD_0028_E_0005836,-5.8901233859
CtrSVDD_0029_E_0005837,-6.5785972651
CtrSVDD_0030_E_0005838,-7.7597650935
CtrSVDD_0031_E_0005839,-7.7034723820
CtrSVDD_0032_E_0005840,-5.7950649463
CtrSVDD_0033_E_0005841,-6.2043209186
CtrSVDD_0034_E_0005842,-6.8146747933
CtrSVDD_0035_E_0005843,-8.0355203896
CtrSVDD_0036_E_0005844,-6.7234515959
CtrSVDD_0037_E_0005845,-5.9280486505
CtrSVDD_0038_E_0005846,-6.0839298585
CtrSVDD_0039_E_0005847,-6.5060382095
CtrSVDD_0040_E_0005848,-0.0566812540
CtrSVDD_0041_E_0005849,-6.5160892890
CtrSVDD_0042_E_0005850,-6.1042630292
CtrSVDD_0043_E_0005851,0.4533285651
CtrSVDD_0044_E_0005852,-5.9678114215
CtrSVDD_0045_E_0005853,-6.4238893711
CtrSVDD_0046_E_0005854,-6.6266048172
CtrSVDD_0047_E_0005855,-5.5643265428
CtrSVDD_0000_E_0005856,-5.4513519550
CtrSVDD_0001_E_0005857,-2.7402957116
CtrSVDD_0002_E_0005858,-0.6252484071
CtrSVDD_0003_E_0005859,-6.3769362845
CtrSVDD_0004_E_0005860,-6.4600095320
CtrSVDD_0005_E_0005861,-7.0115802442
CtrSVDD_0006_E_0005862,-5.8724893626
CtrSVDD_0007_E_0005863,-5.2137861396
CtrSVDD_0008_E_0005864,0.8118936149
CtrSVDD_0009_E_0005865,-7.3047651989
CtrSVDD_0010_E_0005866,-3.8925265366
CtrSVDD_0011_E_0005867,-5.4767080404
CtrSVDD_0012_E_0005868,-7.8112805102
CtrSVDD_0013_E_0005869,0.2871525250
CtrSVDD_0014_E_0005870,-6.5463786061
CtrSVDD_0015_E_0005871,-3.9476454266
CtrSVDD_0016_E_0005872,-5.6265646668
CtrSVDD_0017_E_0005873,-1.1435985132
CtrSVDD_0018_E_0005874,-3.5308520446
CtrSVDD_0019_E_0005875,-0.8022073322
CtrSVDD_0020_E_0005876,-4.2919265727
CtrSVDD_0021_E_0005877,-6.8539964026
CtrSVDD_0022_E_0005878,-6.3496612333
CtrSVDD_0023_E_0005879,-6.8556499908
CtrSVDD_0024_E_0005880,-1.3434402402
CtrSVDD_0025_E_0005881,-4.6395714187
CtrSVDD_0026_E_0005882,-5.6478581666
CtrSVDD_0027_E_0005883,-6.3049138000
CtrSVDD_0028_E_0005884,-6.3440766094
CtrSVDD_0029_E_0005885,-7.9135763421
CtrSVDD_0030_E_0005886,-6.0410255469
CtrSVDD_0031_E_0005887,-8.7117680358
CtrSVDD_0032_E_0005888,-1.1067196000
CtrSVDD_0033_E_0005889,-8.7707976556
CtrSVDD_0034_E_0005890,-5.4701487453
CtrSVDD_0035_E_0005891,-5.4866235743
CtrSVDD_0036_E_0005892,-3.7777686403
CtrSVDD_0037_E_0005893,-4.5927251880
CtrSVDD_0038_E_0005894,-5.5701650115
CtrSVDD_0039_E_0005895,-6.2161947186
CtrSVDD_0040_E_0005896,-0.2500920472
CtrSVDD_0041_E_0005897,2.3802881009
CtrSVDD_0042_E_0005898,-6.6118396359
CtrSVDD_0043_E_0005899,-8.1586810332
CtrSVDD_0044_E_0005900,-6.1315215475
CtrSVDD_0045_E_0005901,-5.7383941939
CtrSVDD_0046_E_0005902,-0.6016111041
CtrSVDD_0047_E_0005903,-4.7302031369
CtrSVDD_0000_E_0005904,-6.5402555144
CtrSVDD_0001_E_0005905,-5.8037385766
CtrSVDD_0002_E_0005906,-7.0147555330
CtrSVDD_0003_E_0005907,-5.1748819432
CtrSVDD_0004_E_0005908,-3.9979725576
CtrSVDD_0005_E_0005909,-4.0270707288
CtrSVDD_0006_E_0005910,-7.7110020266
CtrSVDD_0007_E_0005911,-7.4851329919
CtrSVDD_0008_E_0005912,-7.3932378084
CtrSVDD_0009_E_0005913,-8.0605942819
CtrSVDD_0010_E_0005914,-0.1906850892
CtrSVDD_0011_E_0005915,-7.2833300439
CtrSVDD_0012_E_0005916,-5.6775150823
CtrSVDD_0013_E_0005917,-6.4945627122
CtrSVDD_0014_E_0005918,-6.7733170128
CtrSVDD_0015_E_0005919,-6.2491862640
CtrSVDD_0016_E_0005920,-4.5186447216
CtrSVDD_0017_E_0005921,-7.5510077439
CtrSVDD_0018_E_0005922,-5.2543119298
CtrSVDD_0019_E_0005923,-8.0139647280
CtrSVDD_0020_E_0005924,-6.3937057257
CtrSVDD_0021_E_0005925,-5.3289983588
CtrSVDD_0022_E_0005926,-8.1186613648
CtrSVDD_0023_E_0005927,-5.5582907243
CtrSVDD_0024_E_0005928,0.6371985290
CtrSVDD_0025_E_0005929,-3.9760879694
CtrSVDD_0026_E_0005930,-7.1350174276
CtrSVDD_0027_E_0005931,-3.6179326282
CtrSVDD_0028_E_0005932,-6.6504920657
CtrSVDD_0029_E_0005933,-7.0648610450
CtrSVDD_0030_E_0005934,-3.6092113616
CtrSVDD_0031_E_0005935,0.1864134628
CtrSVDD_0032_E_0005936,0.5926382516
CtrSVDD_0033_E_0005937,-3.6199275634
CtrSVDD_0034_E_0005938,-5.3778391719
CtrSVDD_0035_E_0005939,1.8667109463
CtrSVDD_0036_E_0005940,-5.9137304893
CtrSVDD_0037_E_0005941,-6.6802790087
CtrSVDD_0038_E_0005942,-4.6150379493
CtrSVDD_0039_E_0005943,0.3207569319
CtrSVDD_0040_E_0005944,-0.1992388728
CtrSVDD_0041_E_0005945,-7.2107713775
CtrSVDD_0042_E_0005946,-6.4282790692
CtrSVDD_0043_E_0005947,-0.6806487851
CtrSVDD_0044_E_0005948,-7.6091359687
CtrSVDD_0045_E_0005949,-4.0396690388
CtrSVDD_0046_E_0005950,-2.1446231328
CtrSVDD_0047_E_0005951,-4.7739933102
CtrSVDD_0000_E_0005952,-6.0593431741
CtrSVDD_0001_E_0005953,-5.9731167884
CtrSVDD_0002_E_0005954,-5.8680879436
CtrSVDD_0003_E_0005955,-0.0244812369
CtrSVDD_0004_E_0005956,-2.7655096168
CtrSVDD_0005_E_0005957,-5.0130121496
CtrSVDD_0006_E_0005958,-5.4453605795
CtrSVDD_0007_E_0005959,-1.9779326003
CtrSVDD_0008_E_0005960,-5.7760778736
CtrSVDD_0009_E_0005961,-4.9364754143
CtrSVDD_0010_E_0005962,-3.3378575640
CtrSVDD_0011_E_0005963,0.5569421364
CtrSVDD_0012_E_0005964,-6.3661033943
CtrSVDD_0013_E_0005965,-6.1759293737
CtrSVDD_0014_E_0005966,-7.3823126314
CtrSVDD_0015_E_0005967,-8.1017478288
CtrSVDD_0016_E_0005968,0.1114338467
CtrSVDD_0017_E_0005969,-6.5111322798
CtrSVDD_0018_E_0005970,-7.1031940714
CtrSVDD_0019_E_0005971,0.7830568137
CtrSVDD_0020_E_0005972,-0.4927208810
CtrSVDD_0021_E_0005973,-6.1181224374
CtrSVDD_0022_E_0005974,-5.4639146842
CtrSVDD_0023_E_0005975,-7.5176315969
CtrSVDD_0024_E_0005976,-5.6293536556
CtrSVDD_0025_E_0005977,-6.1266687340
CtrSVDD_0026_E_0005978,1.8135017802
CtrSVDD_0027_E_0005979,-2.2353878677
CtrSVDD_0028_E_0005980,-5.7784622110
CtrSVDD_0029_E_0005981,1.5363932377
CtrSVDD_0030_E_0005982,-6.0749136069
CtrSVDD_0031_E_0005983,0.7726821063
CtrSVDD_0032_E_0005984,-6.6339735978
CtrSVDD_0033_E_0005985,-2.7057297399
CtrSVDD_0034_E_0005986,-4.4382067854
CtrSVDD_0035_E_0005987,-5.1094336834
CtrSVDD_0036_E_0005988,-7.1889455079
CtrSVDD_0037_E_0005989,-0.1867502548
CtrSVDD_0038_E_0005990,-8.1405274594
CtrSVDD_0039_E_0005991,0.2494491207
CtrSVDD_0040_E_0005992,-5.5328515382
CtrSVDD_0041_E_0005993,0.1721987889
CtrSVDD_0042_E_0005994,-3.8350656477
CtrSVDD_0043_E_0005995,-6.9082770826
CtrSVDD_0044_E_0005996,-7.0040578201
CtrSVDD_0045_E_0005997,-5.9387251727
CtrSVDD_0046_E_0005998,-7.7819357074
CtrSVDD_0047_E_0005999,-1.6089070718
CtrSVDD_0000_E_0006000,-7.0171384026
CtrSVDD_0001_E_0006001,0.6269500708
CtrSVDD_0002_E_0006002,-4.8192885498
CtrSVDD_0003_E_0006003,-7.1333057325
CtrSVDD_0004_E_0006004,-0.7344195904
CtrSVDD_0005_E_0006005,-8.2143905496
CtrSVDD_0006_E_0006006,-3.4563373610
CtrSVDD_0007_E_0006007,-5.0732382443
CtrSVDD_0008_E_0006008,-6.1587186457
CtrSVDD_0009_E_0006009,-5.9527874007
CtrSVDD_0010_E_0006010,-6.4681356904
CtrSVDD_0011_E_0006011,-6.1844792273
CtrSVDD_0012_E_0006012,-5.1109932239
CtrSVDD_0013_E_0006013,-4.2482133374
CtrSVDD_0014_E_0006014,-5.4534546366
CtrSVDD_0015_E_0006015,-6.8533765735
CtrSVDD_0016_E_0006016,-6.3655913525
CtrSVDD_0017_E_0006017,-7.2369279512
CtrSVDD_0018_E_0006018,-6.0150064230
CtrSVDD_0019_E_0006019,-3.7214361262
CtrSVDD_0020_E_0006020,-4.6785698461
CtrSVDD_0021_E_0006021,-4.0836821818
CtrSVDD_0022_E_0006022,-7.6044273325
CtrSVDD_0023_E_0006023,-5.3254028223
CtrSVDD_0024_E_0006024,1.0088261121
CtrSVDD_0025_E_0006025,-5.4960086953
CtrSVDD_0026_E_0006026,-5.7740952523
CtrSVDD_0027_E_0006027,-4.1513207416
CtrSVDD_0028_E_0006028,-0.4212820896
CtrSVDD_0029_E_0006029,-4.0711745530
CtrSVDD_0030_E_0006030,-5.9106089420
CtrSVDD_0031_E_0006031,-7.6200287374
CtrSVDD_0032_E_0006032,-8.5319560156
CtrSVDD_0033_E_0006033,-1.7525805384
CtrSVDD_0034_E_0006034,-6.4906489565
CtrSVDD_0035_E_0006035,-6.8268194387
CtrSVDD_0036_E_0006036,-7.7380369711
CtrSVDD_0037_E_0006037,-6.0356043821
CtrSVDD_0038_E_0006038,-7.0063432169
CtrSVDD_0039_E_0006039,-6.5862744788
CtrSVDD_0040_E_0006040,-6.2005434506
CtrSVDD_0041_E_0006041,-7.5033252480
CtrSVDD_0042_E_0006042,-6.2232953275
CtrSVDD_0043_E_0006043,-6.8955074396
CtrSVDD_0044_E_0006044,-6.3626609272
CtrSVDD_0045_E_0006045,-1.0065020892
CtrSVDD_0046_E_0006046,-0.7811575769
CtrSVDD_0047_E_0006047,1.3087199986
CtrSVDD_0000_E_0006048,-6.1780676085
CtrSVDD_0001_E_0006049,-4.4794756234
CtrSVDD_0002_E_0006050,0.6983904682
CtrSVDD_0003_E_0006051,-5.6105393411
CtrSVDD_0004_E_0006052,-7.7864048925
CtrSVDD_0005_E_0006053,-3.0342492000
CtrSVDD_0006_E_0006054,-5.2574971649
CtrSVDD_0007_E_0006055,-5.8569012249
CtrSVDD_0008_E_0006056,-8.4240909935
CtrSVDD_0009_E_0006057,-5.4818734307
CtrSVDD_0010_E_0006058,-3.5482663354
CtrSVDD_0011_E_0006059,-7.3412022458
CtrSVDD_0012_E_0006060,-1.7789493137
CtrSVDD_0013_E_0006061,-3.0976432291
CtrSVDD_0014_E_0006062,0.1269303366
CtrSVDD_0015_E_0006063,-1.3728729196
CtrSVDD_0016_E_0006064,-5.6272129066
CtrSVDD_0017_E_0006065,-5.1682606176
CtrSVDD_0018_E_0006066,-3.5514313763
CtrSVDD_0019_E_0006067,-0.2206887118
CtrSVDD_0020_E_0006068,-5.1368636055
CtrSVDD_0021_E_0006069,0.4151737799
CtrSVDD_0022_E_0006070,-2.0764421126
CtrSVDD_0023_E_0006071,-5.7609852591
CtrSVDD_0024_E_0006072,-2.4595911688
CtrSVDD_0025_E_0006073,-1.6346590772
CtrSVDD_0026_E_0006074,-8.8627225666
CtrSVDD_0027_E_0006075,-1.1962863813
CtrSVDD_0028_E_0006076,-6.2252955352
CtrSVDD_0029_E_0006077,-5.9251408891
CtrSVDD_0030_E_0006078,0.5038065543
CtrSVDD_0031_E_0006079,-6.5434342645
CtrSVDD_0032_E_0006080,-5.8488329173
CtrSVDD_0033_E_0006081,-0.5634879274
CtrSVDD_0034_E_0006082,-4.9025682854
CtrSVDD_0035_E_0006083,-5.9861820716
CtrSVDD_0036_E_0006084,-7.4988977043
CtrSVDD_0037_E_0006085,-5.7195280781
CtrSVDD_0038_E_0006086,-5.5019326005
CtrSVDD_0039_E_0006087,-6.0864171198
CtrSVDD_0040_E_0006088,-6.1071625305
CtrSVDD_0041_E_0006089,-6.4532439193
CtrSVDD_0042_E_0006090,-6.9045501468
CtrSVDD_0043_E_0006091,-8.1161568378
CtrSVDD_0044_E_0006092,1.2805982317
CtrSVDD_0045_E_0006093,-3.6242748217
CtrSVDD_0046_E_0006094,-5.2865502075
CtrSVDD_0047_E_0006095,-8.5957113591
CtrSVDD_0000_E_0006096,-6.2183577955
CtrSVDD_0001_E_0006097,-3.3037990345
CtrSVDD_0002_E_0006098,-7.7758767406
CtrSVDD_0003_E_0006099,-3.0163133924
CtrSVDD_0004_E_0006100,-6.1768144850
CtrSVDD_0005_E_0006101,2.4307654601
CtrSVDD_0006_E_0006102,0.0370763774
CtrSVDD_0007_E_0006103,-9.3526430593
CtrSVDD_0008_E_0006104,-4.1715916203
CtrSVDD_0009_E_0006105,-6.7326850734
CtrSVDD_0010_E_0006106,-5.0462047383
CtrSVDD_0011_E_0006107,-2.5351586690
CtrSVDD_0012_E_0006108,-6.7845257232
CtrSVDD_0013_E_0006109,-3.8610419286
CtrSVDD_0014_E_0006110,-7.5621808524
CtrSVDD_0015_E_0006111,-5.8664921457
CtrSVDD_0016_E_0006112,-7.1493315004
CtrSVDD_0017_E_0006113,-7.3137958471
CtrSVDD_0018_E_0006114,-8.6884527940
CtrSVDD_0019_E_0006115,-4.5336412606
CtrSVDD_0020_E_0006116,-4.8933220900
CtrSVDD_0021_E_0006117,-7.5402055067
CtrSVDD_0022_E_0006118,-4.6467981699
CtrSVDD_0023_E_0006119,-6.9446577776
CtrSVDD_0024_E_0006120,-5.5233553982
CtrSVDD_0025_E_0006121,0.4754214521
CtrSVDD_0026_E_0006122,-6.5022027615
CtrSVDD_0027_E_0006123,-4.3025695406
CtrSVDD_0028_E_0006124,-2.5963640543
CtrSVDD_0029_E_0006125,-3.5340224566
CtrSVDD_0030_E_0006126,-6.6409926695
CtrSVDD_0031_E_0006127,-7.1983078875
CtrSVDD_0032_E_0006128,-6.1502291350
CtrSVDD_0033_E_0006129,-3.1895484384
CtrSVDD_0034_E_0006130,-4.6604850277
CtrSVDD_0035_E_0006131,-4.0654008009
CtrSVDD_0036_E_0006132,-5.6774004532
CtrSVDD_0037_E_0006133,-6.8416637831
CtrSVDD_0038_E_0006134,-6.7052955978
CtrSVDD_0039_E_0006135,-5.2479289633
CtrSVDD_0040_E_0006136,-6.2053464357
CtrSVDD_0041_E_0006137,-4.7656308930
CtrSVDD_0042_E_0006138,-3.7616163649
CtrSVDD_0043_E_0006139,-5.0226040951
CtrSVDD_0044_E_0006140,1.3031536179
CtrSVDD_0045_E_0006141,-1.6137354486
CtrSVDD_0046_E_0006142,-3.8908622516
CtrSVDD_0047_E_0006143,-5.3451507249
CtrSVDD_0000_E_0006144,-2.5376719858
CtrSVDD_0001_E_0006145,-6.7923834975
CtrSVDD_0002_E_0006146,-5.5915697521
CtrSVDD_0003_E_0006147,-0.5204622378
CtrSVDD_0004_E_0006148,1.9824130007
CtrSVDD_0005_E_0006149,-7.9527992046
CtrSVDD_0006_E_0006150,-8.4436392740
CtrSVDD_0007_E_0006151,-6.9634669349
CtrSVDD_0008_E_0006152,-5.0539737795
CtrSVDD_0009_E_0006153,-7.0702855412
CtrSVDD_0010_E_0006154,0.6252484071
CtrSVDD_0011_E_0006155,0.5455439463
CtrSVDD_0012_E_0006156,-3.5577613804
CtrSVDD_0013_E_0006157,-5.6614654897
CtrSVDD_0014_E_0006158,-3.7915914499
CtrSVDD_0015_E_0006159,-3.8092058507
CtrSVDD_0016_E_0006160,-3.7810051879
CtrSVDD_0017_E_0006161,-7.6609341255
CtrSVDD_0018_E_0006162,-5.6047063250
CtrSVDD_0019_E_0006163,-3.7893900885
CtrSVDD_0020_E_0006164,-4.2364915528
CtrSVDD_0021_E_0006165,-7.8738720778
CtrSVDD_0022_E_0006166,-4.0890651183
CtrSVDD_0023_E_0006167,-6.5493243506
CtrSVDD_0024_E_0006168,-4.2916269831
CtrSVDD_0025_E_0006169,0.3773477668
CtrSVDD_0026_E_0006170,-6.8013762523
CtrSVDD_0027_E_0006171,-6.4880420678
CtrSVDD_0028_E_0006172,-7.4804382571
CtrSVDD_0029_E_0006173,-1.9584866667
CtrSVDD_0030_E_0006174,-0.2988336633
CtrSVDD_0031_E_0006175,-3.6417292811
CtrSVDD_0032_E_0006176,-3.4515680493
CtrSVDD_0033_E_0006177,-8.3402349020
CtrSVDD_0034_E_0006178,-6.2787979039
CtrSVDD_0035_E_0006179,-4.0530833352
CtrSVDD_0036_E_0006180,-4.4193574038
CtrSVDD_0037_E_0006181,-5.9351775667
CtrSVDD_0038_E_0006182,-3.5419360346
CtrSVDD_0039_E_0006183,-6.1060855664
CtrSVDD_0040_E_0006184,-6.2433213232
CtrSVDD_0041_E_0006185,-6.7553671130
CtrSVDD_0042_E_0006186,-5.5493685369
CtrSVDD_0043_E_0006187,-4.2168507720
CtrSVDD_0044_E_0006188,-4.5525255009
CtrSVDD_0045_E_0006189,-2.4266376278
CtrSVDD_0046_E_0006190,-3.8118622034
CtrSVDD_0047_E_0006191,-7.9308290999
CtrSVDD_0000_E_0006192,-3.8167536410
CtrSVDD_0001_E_0006193,-0.8041385478
CtrSVDD_0002_E_0006194,0.7461565985
CtrSVDD_0003_E_0006195,-2.6881494580
CtrSVDD_0004_E_0006196,-4.6657573988
CtrSVDD_0005_E_0006197,-6.9351590335
CtrSVDD_0006_E_0006198,-6.8910409500
CtrSVDD_0007_E_0006199,-9.5545985473
CtrSVDD_0008_E_0006200,-3.2099147137
CtrSVDD_0009_E_0006201,-5.4492066644
CtrSVDD_0010_E_0006202,-7.9776040403
CtrSVDD_0011_E_0006203,-1.0134905810
CtrSVDD_0012_E_0006204,-5.3264374733
CtrSVDD_0013_E_0006205,-1.4688537976
CtrSVDD_0014_E_0006206,-6.1813333887
CtrSVDD_0015_E_0006207,-6.6595312413
CtrSVDD_0016_E_0006208,-8.8489491263
CtrSVDD_0017_E_0006209,-2.5891901045
CtrSVDD_0018_E_0006210,-6.5354757585
CtrSVDD_0019_E_0006211,-7.3658372360
CtrSVDD_0020_E_0006212,-5.9155285377
CtrSVDD_0021_E_0006213,-1.8462924156
CtrSVDD_0022_E_0006214,-5.0531198293
CtrSVDD_0023_E_0006215,-6.4096918819
CtrSVDD_0024_E_0006216,-5.9493233119
CtrSVDD_0025_E_0006217,0.1029927185
CtrSVDD_0026_E_0006218,-6.1961762480
CtrSVDD_0027_E_0006219,-6.0201766750
CtrSVDD_0028_E_0006220,-2.9121907846
CtrSVDD_0029_E_0006221,-8.1668335076
CtrSVDD_0030_E_0006222,-6.4018039131
CtrSVDD_0031_E_0006223,-3.3005423185
CtrSVDD_0032_E_0006224,-5.9236871923
CtrSVDD_0033_E_0006225,-7.4677755759
CtrSVDD_0034_E_0006226,-0.6613770568
CtrSVDD_0035_E_0006227,-4.6114264890
CtrSVDD_0036_E_0006228,-6.9337025566
CtrSVDD_0037_E_0006229,-4.7933977800
CtrSVDD_0038_E_0006230,-3.7054338961
CtrSVDD_0039_E_0006231,-8.0865092287
CtrSVDD_0040_E_0006232,-3.5023517939
CtrSVDD_0041_E_0006233,-7.9395359602
CtrSVDD_0042_E_0006234,-2.9891148880
CtrSVDD_0043_E_0006235,-5.8382383519
CtrSVDD_0044_E_0006236,-8.7978753175
CtrSVDD_0045_E_0006237,-4.6000310004
CtrSVDD_0046_E_0006238,-6.9166408759
CtrSVDD_0047_E_0006239,-5.6963104545
CtrSVDD_0000_E_0006240,-0.7400603223
CtrSVDD_0001_E_0006241,-0.3969473992
CtrSVDD_0002_E_0006242,-6.0986976498
CtrSVDD_0003_E_0006243,-4.7550927897
CtrSVDD_0004_E_0006244,-2.8428428380
CtrSVDD_0005_E_0006245,-4.6209842774
CtrSVDD_0006_E_0006246,-7.6442007352
CtrSVDD_0007_E_0006247,-6.1508107109
CtrSVDD_0008_E_0006248,-6.5169943821
CtrSVDD_0009_E_0006249,0.5287151630
CtrSVDD_0010_E_0006250,-5.6759888372
CtrSVDD_0011_E_0006251,-9.3221017247
CtrSVDD_0012_E_0006252,-4.5254807375
CtrSVDD_0013_E_0006253,-6.0337642636
CtrSVDD_0014_E_0006254,-6.0229557530
CtrSVDD_0015_E_0006255,-2.1369037613
CtrSVDD_0016_E_0006256,-5.5229388657
CtrSVDD_0017_E_0006257,-0.3120239506
CtrSVDD_0018_E_0006258,-5.9716568403
CtrSVDD_0019_E_0006259,-6.6625490415
CtrSVDD_0020_E_0006260,-3.1906017113
CtrSVDD_0021_E_0006261,-5.9141065451
CtrSVDD_0022_E_0006262,-7.0025422383
CtrSVDD_0023_E_0006263,-4.8383640377
CtrSVDD_0024_E_0006264,-2.7122622270
CtrSVDD_0025_E_0006265,-6.4824724409
CtrSVDD_0026_E_0006266,-0.3164326907
CtrSVDD_0027_E_0006267,-5.8830219256
CtrSVDD_0028_E_0006268,-5.8798312222
CtrSVDD_0029_E_0006269,-5.1572350696
CtrSVDD_0030_E_0006270,-0.3017602678
CtrSVDD_0031_E_0006271,-6.0200814490
CtrSVDD_0032_E_0006272,-5.9191186630
CtrSVDD_0033_E_0006273,-3.3989447862
CtrSVDD_0034_E_0006274,-6.1876739012
CtrSVDD_0035_E_0006275,-0.5899181344
CtrSVDD_0036_E_0006276,-3.5609264001
CtrSVDD_0037_E_0006277,0.5816152139
CtrSVDD_0038_E_0006278,-4.5873524339
CtrSVDD_0039_E_0006279,-2.6058614707
CtrSVDD_0040_E_0006280,-4.5143643572
CtrSVDD_0041_E_0006281,-5.1997426112
CtrSVDD_0042_E_0006282,-7.2204659379
CtrSVDD_0043_E_0006283,-5.2092641042
CtrSVDD_0044_E_0006284,-6.6476350875
CtrSVDD_0045_E_0006285,-0.2973713219
CtrSVDD_0046_E_0006286,1.4867194090
CtrSVDD_0047_E_0006287,-6.7730321858
CtrSVDD_0000_E_0006288,-3.9142398182
CtrSVDD_0001_E_0006289,-6.4521841501
CtrSVDD_0002_E_0006290,-4.7124573663
CtrSVDD_0003_E_0006291,0.3564011362
CtrSVDD_0004_E_0006292,-4.9864005122
CtrSVDD_0005_E_0006293,-2.1673432568
CtrSVDD_0006_E_0006294,-5.9404961611
CtrSVDD_0007_E_0006295,-6.3432396213
CtrSVDD_0008_E_0006296,-7.9448090107
CtrSVDD_0009_E_0006297,-1.5363932377
CtrSVDD_0010_E_0006298,-7.2533230484
CtrSVDD_0011_E_0006299,-7.0168331250
CtrSVDD_0012_E_0006300,0.0132888781
CtrSVDD_0013_E_0006301,-7.1721477461
CtrSVDD_0014_E_0006302,-5.4285556250
CtrSVDD_0015_E_0006303,-8.1129739163
CtrSVDD_0016_E_0006304,-5.9731520583
CtrSVDD_0017_E_0006305,-2.9051259618
CtrSVDD_0018_E_0006306,-5.0248348187
CtrSVDD_0019_E_0006307,-5.3421234101
CtrSVDD_0020_E_0006308,-1.2679967613
CtrSVDD_0021_E_0006309,-6.2038786877
CtrSVDD_0022_E_0006310,0.4911560677
CtrSVDD_0023_E_0006311,-5.5463502770
CtrSVDD_0024_E_0006312,-6.9623554032
CtrSVDD_0025_E_0006313,-8.6232670701
CtrSVDD_0026_E_0006314,0.5072823611
CtrSVDD_0027_E_0006315,-5.9295027206
CtrSVDD_0028_E_0006316,-0.0903445830
CtrSVDD_0029_E_0006317,-7.3686974442
CtrSVDD_0030_E_0006318,-5.5325016104
CtrSVDD_0031_E_0006319,-1.5826366929
CtrSVDD_0032_E_0006320,-4.8312529915
CtrSVDD_0033_E_0006321,-7.5489792907
CtrSVDD_0034_E_0006322,-7.8276899691
CtrSVDD_0035_E_0006323,-6.3015682674
CtrSVDD_0036_E_0006324,-6.7856476590
CtrSVDD_0037_E_0006325,0.6456249513
CtrSVDD_0038_E_0006326,-5.7485558274
CtrSVDD_0039_E_0006327,-4.7967557118
CtrSVDD_0040_E_0006328,-6.5177934447
CtrSVDD_0041_E_0006329,-0.6526981539
CtrSVDD_0042_E_0006330,-6.4913822386
CtrSVDD_0043_E_0006331,-5.7423518776
CtrSVDD_0044_E_0006332,0.5766526762
CtrSVDD_0045_E_0006333,0.1311617906
CtrSVDD_0046_E_0006334,-6.2543402333
CtrSVDD_0047_E_0006335,-6.8963680250
CtrSVDD_0000_E_0006336,-5.8056734354
CtrSVDD_0001_E_0006337,0.7906822025
CtrSVDD_0002_E_0006338,-4.8368287662
CtrSVDD_0003_E_0006339,-6.5283805286
CtrSVDD_0004_E_0006340,-6.4150150863
CtrSVDD_0005_E_0006341,-6.4269113489
CtrSVDD_0006_E_0006342,-0.0258804687
CtrSVDD_0007_E_0006343,-4.5176113225
CtrSVDD_0008_E_0006344,-7.0540666676
CtrSVDD_0009_E_0006345,-7.1230961510
CtrSVDD_0010_E_0006346,-6.9861747234
CtrSVDD_0011_E_0006347,-6.3529186257
CtrSVDD_0012_E_0006348,-5.1589275960
CtrSVDD_0013_E_0006349,-6.8658605417
CtrSVDD_0014_E_0006350,-4.1641098994
CtrSVDD_0015_E_0006351,-4.5817888940
CtrSVDD_0016_E_0006352,-6.9079196908
CtrSVDD_0017_E_0006353,-5.4139942540
CtrSVDD_0018_E_0006354,-5.9244890652
CtrSVDD_0019_E_0006355,-7.0374779733
CtrSVDD_0020_E_0006356,-6.6953001099
CtrSVDD_0021_E_0006357,-0.4320066126
CtrSVDD_0022_E_0006358,1.0562284023
CtrSVDD_0023_E_0006359,-4.8651311100
CtrSVDD_0024_E_0006360,-7.1143731599
CtrSVDD_0025_E_0006361,-8.2175744964
CtrSVDD_0026_E_0006362,-4.8710996392
CtrSVDD_0027_E_0006363,-6.7995338471
CtrSVDD_0028_E_0006364,-1.9439844904
CtrSVDD_0029_E_0006365,-6.8979261702
CtrSVDD_0030_E_0006366,-0.7254239831
CtrSVDD_0031_E_0006367,-0.4551580530
CtrSVDD_0032_E_0006368,-6.1012840406
CtrSVDD_0033_E_0006369,-4.1548008383
CtrSVDD_0034_E_0006370,-8.0852657953
CtrSVDD_0035_E_0006371,-6.4795186269
CtrSVDD_0036_E_0006372,-5.4960889716
CtrSVDD_0037_E_0006373,-6.2521686436
CtrSVDD_0038_E_0006374,-6.3112598387
CtrSVDD_0039_E_0006375,-6.7792908421
CtrSVDD_0040_E_0006376,-6.0760368567
CtrSVDD_0041_E_0006377,-7.7572308038
CtrSVDD_0042_E_0006378,-6.7481369281
CtrSVDD_0043_E_0006379,-6.1576168510
CtrSVDD_0044_E_0006380,-6.5553621996
CtrSVDD_0045_E_0006381,-1.0228863013
CtrSVDD_0046_E_0006382,-3.9564328769
CtrSVDD_0047_E_0006383,-6.8947229662
CtrSVDD_0000_E_0006384,-7.6554362200
CtrSVDD_0001_E_0006385,-5.4756798301
CtrSVDD_0002_E_0006386,-7.3683378909
CtrSVDD_0003_E_0006387,-4.9279544324
CtrSVDD_0004_E_0006388,-5.5828017767
CtrSVDD_0005_E_0006389,-6.1718508348
CtrSVDD_0006_E_0006390,-3.0591120799
CtrSVDD_0007_E_0006391,-4.0345978334
CtrSVDD_0008_E_0006392,-3.3459323953
CtrSVDD_0009_E_0006393,-4.7587947810
CtrSVDD_0010_E_0006394,-0.7792611537
CtrSVDD_0011_E_0006395,-7.9941607413
CtrSVDD_0012_E_0006396,-6.3667270778
CtrSVDD_0013_E_0006397,-5.6985002583
CtrSVDD_0014_E_0006398,-5.9889384823
CtrSVDD_0015_E_0006399,-4.0789233928
CtrSVDD_0016_E_0006400,-5.9315667853
CtrSVDD_0017_E_0006401,-0.6475143547
CtrSVDD_0018_E_0006402,-6.8028923093
CtrSVDD_0019_E_0006403,0.7382221511
CtrSVDD_0020_E_0006404,-3.8640525772
CtrSVDD_0021_E_0006405,0.0244812369
CtrSVDD_0022_E_0006406,-5.4193109779
CtrSVDD_0023_E_0006407,-5.2559050639
CtrSVDD_0024_E_0006408,-6.1016917451
CtrSVDD_0025_E_0006409,-2.8625619248
CtrSVDD_0026_E_0006410,-7.3423215148
CtrSVDD_0027_E_0006411,-6.8388699230
CtrSVDD_0028_E_0006412,-7.9622134287
CtrSVDD_0029_E_0006413,0.6613770568
CtrSVDD_0030_E_0006414,-4.5092722400
CtrSVDD_0031_E_0006415,-6.4377766554
CtrSVDD_0032_E_0006416,-5.4213199675
CtrSVDD_0033_E_0006417,-6.2856813786
CtrSVDD_0034_E_0006418,-1.9333963317
CtrSVDD_0035_E_0006419,-5.7799540432
CtrSVDD_0036_E_0006420,-7.0628245685
CtrSVDD_0037_E_0006421,-4.7015371808
CtrSVDD_0038_E_0006422,-7.6915183659
CtrSVDD_0039_E_0006423,-3.4197140538
CtrSVDD_0040_E_0006424,-5.1426767647
CtrSVDD_0041_E_0006425,-6.3970022810
CtrSVDD_0042_E_0006426,-6.8734512548
CtrSVDD_0043_E_0006427,-4.9213329972
CtrSVDD_0044_E_0006428,-0.6066475734
CtrSVDD_0045_E_0006429,-6.0886846037
CtrSVDD_0046_E_0006430,-5.8167848641
CtrSVDD_0047_E_0006431,-2.6703270298
CtrSVDD_0000_E_0006432,-7.1842241630
CtrSVDD_0001_E_0006433,-5.1179480321
CtrSVDD_0002_E_0006434,-6.9957652413
CtrSVDD_0003_E_0006435,0.3893914348
CtrSVDD_0004_E_0006436,-5.3016760789
CtrSVDD_0005_E_0006437,-6.5479659306
CtrSVDD_0006_E_0006438,-7.1106502745
CtrSVDD_0007_E_0006439,0.5326035623
CtrSVDD_0008_E_0006440,-6.3382468666
CtrSVDD_0009_E_0006441,-5.7300955161
CtrSVDD_0010_E_0006442,-2.0061415712
CtrSVDD_0011_E_0006443,-5.3480652839
CtrSVDD_0012_E_0006444,-6.2877685578
CtrSVDD_0013_E_0006445,-3.6607974463
CtrSVDD_0014_E_0006446,0.3149624314
CtrSVDD_0015_E_0006447,-7.6422895266
CtrSVDD_0016_E_0006448,-3.6687522505
CtrSVDD_0017_E_0006449,-0.7236053830
CtrSVDD_0018_E_0006450,-5.9911360753
CtrSVDD_0019_E_0006451,-5.0055568611
CtrSVDD_0020_E_0006452,0.1566026223
CtrSVDD_0021_E_0006453,-5.2302875360
CtrSVDD_0022_E_0006454,-7.5564553968
CtrSVDD_0023_E_0006455,-4.6255504019
CtrSVDD_0024_E_0006456,-6.2828259453
CtrSVDD_0025_E_0006457,-6.3763556718
CtrSVDD_0026_E_0006458,-4.7069481005
CtrSVDD_0027_E_0006459,0.8259484964
CtrSVDD_0028_E_0006460,-5.8398795982
CtrSVDD_0029_E_0006461,-1.0964555527
CtrSVDD_0030_E_0006462,-6.5502311041
CtrSVDD_0031_E_0006463,-1.8587820645
CtrSVDD_0032_E_0006464,-3.4858017626
CtrSVDD_0033_E_0006465,-5.7548196547
CtrSVDD_0034_E_0006466,-6.3927750215
CtrSVDD_0035_E_0006467,-3.8731653305
CtrSVDD_0036_E_0006468,-2.3267269811
CtrSVDD_0037_E_0006469,-7.0859831875
CtrSVDD_0038_E_0006470,-7.1663778593
CtrSVDD_0039_E_0006471,1.4966413405
CtrSVDD_0040_E_0006472,-3.9293264221
CtrSVDD_0041_E_0006473,-5.5056436296
CtrSVDD_0042_E_0006474,-3.1573666242
CtrSVDD_0043_E_0006475,-1.9874594104
CtrSVDD_0044_E_0006476,0.2697034673
CtrSVDD_0045_E_0006477,-2.6408180010
CtrSVDD_0046_E_0006478,-7.0471040892
CtrSVDD_0047_E_0006479,-5.4864429674
CtrSVDD_0000_E_0006480,-6.3452471431
CtrSVDD_0001_E_0006481,0.7090947688
CtrSVDD_0002_E_0006482,-7.1155677564
CtrSVDD_0003_E_0006483,-2.7423341269
CtrSVDD_0004_E_0006484,1.2049137313
CtrSVDD_0005_E_0006485,-2.2228238742
CtrSVDD_0006_E_0006486,-6.0258356555
CtrSVDD_0007_E_0006487,-5.9571521124
CtrSVDD_0008_E_0006488,-6.2055105606
CtrSVDD_0009_E_0006489,-7.6143527238
CtrSVDD_0010_E_0006490,-7.8586200322
CtrSVDD_0011_E_0006491,-5.1979790279
CtrSVDD_0012_E_0006492,-5.6512935429
CtrSVDD_0013_E_0006493,-4.3956144638
CtrSVDD_0014_E_0006494,0.2973713219
CtrSVDD_0015_E_0006495,-6.9924536349
CtrSVDD_0016_E_0006496,-0.1194082724
CtrSVDD_0017_E_0006497,-6.3406144084
CtrSVDD_0018_E_0006498,-5.9986528392
CtrSVDD_0019_E_0006499,-4.1346529145
CtrSVDD_0020_E_0006500,-3.8528023091
CtrSVDD_0021_E_0006501,-4.7450386516
CtrSVDD_0022_E_0006502,-5.9613274870
CtrSVDD_0023_E_0006503,-3.9394829973
CtrSVDD_0024_E_0006504,-8.1660938765
CtrSVDD_0025_E_0006505,-0.3105557215
CtrSVDD_0026_E_0006506,-4.7099406819
CtrSVDD_0027_E_0006507,-3.7118304759
CtrSVDD_0028_E_0006508,-5.5249272783
CtrSVDD_0029_E_0006509,-9.0905143868
CtrSVDD_0030_E_0006510,-3.5815014963
CtrSVDD_0031_E_0006511,-5.2519746943
CtrSVDD_0032_E_0006512,-6.6190134899
CtrSVDD_0033_E_0006513,-7.4346054071
CtrSVDD_0034_E_0006514,-3.2774184688
CtrSVDD_0035_E_0006515,-5.6479828356
CtrSVDD_0036_E_0006516,-7.0486962654
CtrSVDD_0037_E_0006517,-4.7355341847
CtrSVDD_0038_E_0006518,-5.1147161093
CtrSVDD_0039_E_0006519,-5.9193268043
CtrSVDD_0040_E_0006520,-3.1458290614
CtrSVDD_0041_E_0006521,-8.1866965491
CtrSVDD_0042_E_0006522,0.7792611537
CtrSVDD_0043_E_0006523,-7.5788941325
CtrSVDD_0044_E_0006524,-4.3494510279
CtrSVDD_0045_E_0006525,-6.3989432134
CtrSVDD_0046_E_0006526,-7.1430383846
CtrSVDD_0047_E_0006527,-8.3903007361
CtrSVDD_0000_E_0006528,-6.3646136605
CtrSVDD_0001_E_0006529,-3.0538077482
CtrSVDD_0002_E_0006530,-5.0259922938
CtrSVDD_0003_E_0006531,0.8236186951
CtrSVDD_0004_E_0006532,-4.9128956264
CtrSVDD_0005_E_0006533,-5.9288507473
CtrSVDD_0006_E_0006534,-6.7407905038
CtrSVDD_0007_E_0006535,-5.2134118916
CtrSVDD_0008_E_0006536,-5.2011255041
CtrSVDD_0009_E_0006537,-7.0798170362
CtrSVDD_0010_E_0006538,-2.0637561931
CtrSVDD_0011_E_0006539,-7.3294084194
CtrSVDD_0012_E_0006540,1.6674542859
CtrSVDD_0013_E_0006541,-6.2781169488
CtrSVDD_0014_E_0006542,-6.7047541725
CtrSVDD_0015_E_0006543,-8.0255468761
CtrSVDD_0016_E_0006544,-6.8124999039
CtrSVDD_0017_E_0006545,-7.1581741095
CtrSVDD_0018_E_0006546,-7.7439154670
CtrSVDD_0019_E_0006547,-5.7558160860
CtrSVDD_0020_E_0006548,-6.7565381107
CtrSVDD_0021_E_0006549,-5.5484862975
CtrSVDD_0022_E_0006550,-3.3973447588
CtrSVDD_0023_E_0006551,-5.5492069080
CtrSVDD_0024_E_0006552,-5.5908726993
CtrSVDD_0025_E_0006553,-5.9061511563
CtrSVDD_0026_E_0006554,-0.5487932816
CtrSVDD_0027_E_0006555,-5.5776883991
CtrSVDD_0028_E_0006556,-3.8603962473
CtrSVDD_0029_E_0006557,-6.1356638930
CtrSVDD_0030_E_0006558,-5.6791490140
CtrSVDD_0031_E_0006559,-5.5524618177
CtrSVDD_0032_E_0006560,-5.3640493620
CtrSVDD_0033_E_0006561,-6.0061840126
CtrSVDD_0034_E_0006562,-6.2632177079
CtrSVDD_0035_E_0006563,-6.6535687950
CtrSVDD_0036_E_0006564,-5.2360306758
CtrSVDD_0037_E_0006565,-5.5588918187
CtrSVDD_0038_E_0006566,-6.8935200747
CtrSVDD_0039_E_0006567,-5.4335144419
CtrSVDD_0040_E_0006568,-1.7202915191
CtrSVDD_0041_E_0006569,-5.6494631860
CtrSVDD_0042_E_0006570,1.2579652968
CtrSVDD_0043_E_0006571,-6.5587483167
CtrSVDD_0044_E_0006572,-3.9889269830
CtrSVDD_0045_E_0006573,-7.2996354043
CtrSVDD_0046_E_0006574,0.4644866708
CtrSVDD_0047_E_0006575,-6.0368845132
CtrSVDD_0000_E_0006576,-6.2102429494
CtrSVDD_0001_E_0006577,-7.4652836754
CtrSVDD_0002_E_0006578,-1.2570169944
CtrSVDD_0003_E_0006579,-8.3487103560
CtrSVDD_0004_E_0006580,-5.4710259931
CtrSVDD_0005_E_0006581,-3.6369668484
CtrSVDD_0006_E_0006582,-6.5922104043
CtrSVDD_0007_E_0006583,-7.5473393610
CtrSVDD_0008_E_0006584,-6.5125110586
CtrSVDD_0009_E_0006585,-5.6316708893
CtrSVDD_0010_E_0006586,-5.9660042575
CtrSVDD_0011_E_0006587,-6.3916453217
CtrSVDD_0012_E_0006588,-6.1076736610
CtrSVDD_0013_E_0006589,-5.3219424610
CtrSVDD_0014_E_0006590,-7.5522659321
CtrSVDD_0015_E_0006591,-5.9110859711
CtrSVDD_0016_E_0006592,-6.6797666171
CtrSVDD_0017_E_0006593,-0.2106667507
CtrSVDD_0018_E_0006594,0.3223206095
CtrSVDD_0019_E_0006595,-4.5167976249
CtrSVDD_0020_E_0006596,-7.6513427547
CtrSVDD_0021_E_0006597,-6.6846904284
CtrSVDD_0022_E_0006598,-4.3641986916
CtrSVDD_0023_E_0006599,-6.5257963370
CtrSVDD_0024_E_0006600,-8.2816770654
CtrSVDD_0025_E_0006601,-5.8659722274
CtrSVDD_0026_E_0006602,-5.6745686272
CtrSVDD_0027_E_0006603,-1.3657094128
CtrSVDD_0028_E_0006604,-7.1448367321
CtrSVDD_0029_E_0006605,1.3399994132
CtrSVDD_0030_E_0006606,-5.0559196298
CtrSVDD_0031_E_0006607,-7.0278871606
CtrSVDD_0032_E_0006608,-7.6663858575
CtrSVDD_0033_E_0006609,-4.6729815046
CtrSVDD_0034_E_0006610,1.5934953657
CtrSVDD_0035_E_0006611,-5.7108217007
CtrSVDD_0036_E_0006612,-6.8190366834
CtrSVDD_0037_E_0006613,-5.0905629393
CtrSVDD_0038_E_0006614,-7.0921152342
CtrSVDD_0039_E_0006615,-5.8641565179
CtrSVDD_0040_E_0006616,-8.1419323391
CtrSVDD_0041_E_0006617,-6.7649043144
CtrSVDD_0042_E_0006618,-6.6063416336
CtrSVDD_0043_E_0006619,1.0252493761
CtrSVDD_0044_E_0006620,-4.7768758201
CtrSVDD_0045_E_0006621,-6.2690461792
CtrSVDD_0046_E_0006622,-0.7455899122
CtrSVDD_0047_E_0006623,-2.7100883038
CtrSVDD_0000_E_0006624,-7.7779097409
CtrSVDD_0001_E_0006625,-5.9761167431
CtrSVDD_0002_E_0006626,-6.1446789331
CtrSVDD_0003_E_0006627,-1.3468970466
CtrSVDD_0004_E_0006628,-1.0516312817
CtrSVDD_0005_E_0006629,-7.4993885334
CtrSVDD_0006_E_0006630,-7.0469100365
CtrSVDD_0007_E_0006631,-6.8613385449
CtrSVDD_0008_E_0006632,-3.7614532932
CtrSVDD_0009_E_0006633,-0.6389131017
CtrSVDD_0010_E_0006634,-8.0059209407
CtrSVDD_0011_E_0006635,-0.6753680420
CtrSVDD_0012_E_0006636,-5.8562237700
CtrSVDD_0013_E_0006637,-6.3691426138
CtrSVDD_0014_E_0006638,-6.1476884927
CtrSVDD_0015_E_0006639,-4.8888367289
CtrSVDD_0016_E_0006640,-7.3103078119
CtrSVDD_0017_E_0006641,-0.0286790869
CtrSVDD_0018_E_0006642,-0.3549110233
CtrSVDD_0019_E_0006643,-6.7443945661
CtrSVDD_0020_E_0006644,-2.9652377089
CtrSVDD_0021_E_0006645,-5.3065415409
CtrSVDD_0022_E_0006646,-5.7136590512
CtrSVDD_0023_E_0006647,-8.1571041685
CtrSVDD_0024_E_0006648,-6.6077946032
CtrSVDD_0025_E_0006649,-6.6399725340
CtrSVDD_0026_E_0006650,-7.6682093390
CtrSVDD_0027_E_0006651,-3.4595157812
CtrSVDD_0028_E_0006652,-6.6943874267
CtrSVDD_0029_E_0006653,-6.9029611478
CtrSVDD_0030_E_0006654,-7.4280240142
CtrSVDD_0031_E_0006655,-7.1836540302
CtrSVDD_0032_E_0006656,-6.5058433153
CtrSVDD_0033_E_0006657,-5.2034136073
CtrSVDD_0034_E_0006658,-6.3371588982
CtrSVDD_0035_E_0006659,-5.0555966504
CtrSVDD_0036_E_0006660,-7.8395231646
CtrSVDD_0037_E_0006661,-5.8869511454
CtrSVDD_0038_E_0006662,-6.7453730530
CtrSVDD_0039_E_0006663,-5.4523341980
CtrSVDD_0040_E_0006664,-4.3244512149
CtrSVDD_0041_E_0006665,-5.8844733300
CtrSVDD_0042_E_0006666,-5.9488172642
CtrSVDD_0043_E_0006667,-2.3451443691
CtrSVDD_0044_E_0006668,-6.1415870462
CtrSVDD_0045_E_0006669,1.5273495790
CtrSVDD_0046_E_0006670,-5.2941022679
CtrSVDD_0047_E_0006671,-9.1745939338
CtrSVDD_0000_E_0006672,-2.1610436950
CtrSVDD_0001_E_0006673,-5.5772952609
CtrSVDD_0002_E_0006674,-6.8120178698
CtrSVDD_0003_E_0006675,-6.9325428896
CtrSVDD_0004_E_0006676,-6.6729598359
CtrSVDD_0005_E_0006677,-7.5907385991
CtrSVDD_0006_E_0006678,-5.7259450653
CtrSVDD_0007_E_0006679,-8.3606962108
CtrSVDD_0008_E_0006680,-4.6757975533
CtrSVDD_0009_E_0006681,-5.9152027896
CtrSVDD_0010_E_0006682,-7.2359639408
CtrSVDD_0011_E_0006683,-6.6944915333
CtrSVDD_0012_E_0006684,-5.8707278603
CtrSVDD_0013_E_0006685,-5.2085332588
CtrSVDD_0014_E_0006686,-5.3681391171
CtrSVDD_0015_E_0006687,-6.9562237840
CtrSVDD_0016_E_0006688,-0.1537711546
CtrSVDD_0017_E_0006689,-6.1965352534
CtrSVDD_0018_E_0006690,-1.1299687830
CtrSVDD_0019_E_0006691,-2.8328903649
CtrSVDD_0020_E_0006692,-4.8883307793
CtrSVDD_0021_E_0006693,-5.4570188460
CtrSVDD_0022_E_0006694,-5.8446569756
CtrSVDD_0023_E_0006695,-5.3999748638
CtrSVDD_0024_E_0006696,1.3948847544
CtrSVDD_0025_E_0006697,-6.4194396796
CtrSVDD_0026_E_0006698,-4.9193726835
CtrSVDD_0027_E_0006699,-7.4553763848
CtrSVDD_0028_E_0006700,-4.0033308725
CtrSVDD_0029_E_0006701,-6.1611674608
CtrSVDD_0030_E_0006702,-3.9058712047
CtrSVDD_0031_E_0006703,-4.2702321700
CtrSVDD_0032_E_0006704,-7.4033093680
CtrSVDD_0033_E_0006705,-6.4898400658
CtrSVDD_0034_E_0006706,-1.4045462482
CtrSVDD_0035_E_0006707,-6.4927599465
CtrSVDD_0036_E_0006708,-6.9363750793
CtrSVDD_0037_E_0006709,-7.7677378730
CtrSVDD_0038_E_0006710,-5.8101387281
CtrSVDD_0039_E_0006711,-6.8397593521
CtrSVDD_0040_E_0006712,-4.8074482674
CtrSVDD_0041_E_0006713,-4.0294878721
CtrSVDD_0042_E_0006714,-4.8009022820
CtrSVDD_0043_E_0006715,-6.5316704487
CtrSVDD_0044_E_0006716,-0.1049334829
CtrSVDD_0045_E_0006717,0.6877194580
CtrSVDD_0046_E_0006718,-2.9596851997
CtrSVDD_0047_E_0006719,-7.2267863317
CtrSVDD_0000_E_0006720,-5.8001283246
CtrSVDD_0001_E_0006721,-5.1124058954
CtrSVDD_0002_E_0006722,-0.4644866708
CtrSVDD_0003_E_0006723,-8.4279603823
CtrSVDD_0004_E_0006724,-5.2490671670
CtrSVDD_0005_E_0006725,-5.0299990874
CtrSVDD_0006_E_0006726,-6.7297705144
CtrSVDD_0007_E_0006727,-4.8079020298
CtrSVDD_0008_E_0006728,-1.9126483146
CtrSVDD_0009_E_0006729,-6.4590401347
CtrSVDD_0010_E_0006730,-5.8300459868
CtrSVDD_0011_E_0006731,0.5006329560
CtrSVDD_0012_E_0006732,-6.4120634874
CtrSVDD_0013_E_0006733,-2.1291083283
CtrSVDD_0014_E_0006734,-7.7703825173
CtrSVDD_0015_E_0006735,-0.2321696494
CtrSVDD_0016_E_0006736,-7.7335589131
CtrSVDD_0017_E_0006737,-6.8182757646
CtrSVDD_0018_E_0006738,-7.6530738407
CtrSVDD_0019_E_0006739,-7.5113556085
CtrSVDD_0020_E_0006740,-5.1370134620
CtrSVDD_0021_E_0006741,-5.7906993817
CtrSVDD_0022_E_0006742,-8.3693216879
CtrSVDD_0023_E_0006743,-0.1466978246
CtrSVDD_0024_E_0006744,-5.1913190929
CtrSVDD_0025_E_0006745,-5.1943907887
CtrSVDD_0026_E_0006746,-5.4672715683
CtrSVDD_0027_E_0006747,-5.7063582835
CtrSVDD_0028_E_0006748,-4.6566023957
CtrSVDD_0029_E_0006749,-5.7940358714
CtrSVDD_0030_E_0006750,1.6774156031
CtrSVDD_0031_E_0006751,-5.6611996979
CtrSVDD_0032_E_0006752,-6.3510213363
CtrSVDD_0033_E_0006753,-3.9075431619
CtrSVDD_0034_E_0006754,-5.2493472926
CtrSVDD_0035_E_0006755,-5.9062513192
CtrSVDD_0036_E_0006756,-5.9018944699
CtrSVDD_0037_E_0006757,-3.2431283225
CtrSVDD_0038_E_0006758,-3.9518192600
CtrSVDD_0039_E_0006759,-0.6218504967
CtrSVDD_0040_E_0006760,-5.3909333301
CtrSVDD_0041_E_0006761,-6.6928647734
CtrSVDD_0042_E_0006762,2.3571626578
CtrSVDD_0043_E_0006763,-6.3074928171
CtrSVDD_0044_E_0006764,-0.5618492257
CtrSVDD_0045_E_0006765,-6.5280548324
CtrSVDD_0046_E_0006766,-6.7635366617
CtrSVDD_0047_E_0006767,-2.6903599988
CtrSVDD_0000_E_0006768,-5.5202709031
CtrSVDD_0001_E_0006769,-7.6001037049
CtrSVDD_0002_E_0006770,0.6894924976
CtrSVDD_0003_E_0006771,1.4923680786
CtrSVDD_0004_E_0006772,-6.7506681371
CtrSVDD_0005_E_0006773,-6.1419172235
CtrSVDD_0006_E_0006774,-6.0501717591
CtrSVDD_0007_E_0006775,-5.6832477327
CtrSVDD_0008_E_0006776,-6.6420996430
CtrSVDD_0009_E_0006777,-6.2317163913
CtrSVDD_0010_E_0006778,-0.4350798563
CtrSVDD_0011_E_0006779,3.0257847151
CtrSVDD_0012_E_0006780,-4.2945372839
CtrSVDD_0013_E_0006781,0.5423003608
CtrSVDD_0014_E_0006782,-5.6800413776
CtrSVDD_0015_E_0006783,-8.1900614874
CtrSVDD_0016_E_0006784,-2.3896591299
CtrSVDD_0017_E_0006785,-7.7930670552
CtrSVDD_0018_E_0006786,-6.2550402168
CtrSVDD_0019_E_0006787,-6.4847007006
CtrSVDD_0020_E_0006788,-6.8433240204
CtrSVDD_0021_E_0006789,-4.6996382069
CtrSVDD_0022_E_0006790,-6.4353995171
CtrSVDD_0023_E_0006791,-7.1317579612
CtrSVDD_0024_E_0006792,-5.9033466716
CtrSVDD_0025_E_0006793,-7.0755907098
CtrSVDD_0026_E_0006794,-9.0797996088
CtrSVDD_0027_E_0006795,-6.0407199149
CtrSVDD_0028_E_0006796,-7.0798671029
CtrSVDD_0029_E_0006797,-3.8801577264
CtrSVDD_0030_E_0006798,-7.4324558138
CtrSVDD_0031_E_0006799,-6.0702241828
CtrSVDD_0032_E_0006800,-7.5197306941
CtrSVDD_0033_E_0006801,-6.9745486394
CtrSVDD_0034_E_0006802,-4.5282428425
CtrSVDD_0035_E_0006803,0.1100264567
CtrSVDD_0036_E_0006804,-6.8704555007
CtrSVDD_0037_E_0006805,-8.2918582320
CtrSVDD_0038_E_0006806,-3.0520368460
CtrSVDD_0039_E_0006807,-6.6584685854
CtrSVDD_0040_E_0006808,-5.6018703171
CtrSVDD_0041_E_0006809,0.0735025060
CtrSVDD_0042_E_0006810,-6.0627209982
CtrSVDD_0043_E_0006811,-6.5247255926
CtrSVDD_0044_E_0006812,-7.5924407008
CtrSVDD_0045_E_0006813,-4.8052797631
CtrSVDD_0046_E_0006814,2.0768933054
CtrSVDD_0047_E_0006815,-5.3669127672
CtrSVDD_0000_E_0006816,-7.0353622478
CtrSVDD_0001_E_0006817,-7.7647741657
CtrSVDD_0002_E_0006818,-7.3119856328
CtrSVDD_0003_E_0006819,-6.3240008779
CtrSVDD_0004_E_0006820,-6.6250356496
CtrSVDD_0005_E_0006821,-4.8162349498
CtrSVDD_0006_E_0006822,-6.6526179006
CtrSVDD_0007_E_0006823,-4.2171510977
CtrSVDD_0008_E_0006824,0.7585819416
CtrSVDD_0009_E_0006825,-4.2628608982
CtrSVDD_0010_E_0006826,-5.5203011009
CtrSVDD_0011_E_0006827,-3.7535584045
CtrSVDD_0012_E_0006828,-5.4236813244
CtrSVDD_0013_E_0006829,-1.4839023761
CtrSVDD_0014_E_0006830,-2.4459909670
CtrSVDD_0015_E_0006831,-6.5390203303
CtrSVDD_0016_E_0006832,-4.7562895360
CtrSVDD_0017_E_0006833,-3.0906839376
CtrSVDD_0018_E_0006834,-5.7143972879
CtrSVDD_0019_E_0006835,0.6244501778
CtrSVDD_0020_E_0006836,-6.0085236551
CtrSVDD_0021_E_0006837,-6.1923961417
CtrSVDD_0022_E_0006838,-7.1094679212
CtrSVDD_0023_E_0006839,-7.9439295705
CtrSVDD_0024_E_0006840,-3.2661946192
CtrSVDD_0025_E_0006841,-6.6736931473
CtrSVDD_0026_E_0006842,-6.4735537301
CtrSVDD_0027_E_0006843,-6.1552226004
CtrSVDD_0028_E_0006844,-4.1585189835
CtrSVDD_0029_E_0006845,-0.0650895778
CtrSVDD_0030_E_0006846,2.1055201391
CtrSVDD_0031_E_0006847,-4.5648754562
CtrSVDD_0032_E_0006848,-6.6066881726
CtrSVDD_0033_E_0006849,0.3400525366
CtrSVDD_0034_E_0006850,-5.8636617369
CtrSVDD_0035_E_0006851,-8.3318688750
CtrSVDD_0036_E_0006852,-6.0874363521
CtrSVDD_0037_E_0006853,-4.9144983227
CtrSVDD_0038_E_0006854,-4.9329990662
CtrSVDD_0039_E_0006855,0.0482769358
CtrSVDD_0040_E_0006856,-6.0736572519
CtrSVDD_0041_E_0006857,-7.8018391068
CtrSVDD_0042_E_0006858,-0.6912677074
CtrSVDD_0043_E_0006859,0.4598173600
CtrSVDD_0044_E_0006860,-7.0527327469
CtrSVDD_0045_E_0006861,-7.5215901287
CtrSVDD_0046_E_0006862,0.9154926949
CtrSVDD_0047_E_0006863,-6.5213151317
CtrSVDD_0000_E_0006864,-7.9676284695
CtrSVDD_0001_E_0006865,-0.4974643919
CtrSVDD_0002_E_0006866,-5.4569305430
CtrSVDD_0003_E_0006867,-5.5730198153
CtrSVDD_0004_E_0006868,-7.4334264336
CtrSVDD_0005_E_0006869,-6.2330036279
CtrSVDD_0006_E_0006870,-0.7029888095
CtrSVDD_0007_E_0006871,-7.3180239341
CtrSVDD_0008_E_0006872,-5.0925042263
CtrSVDD_0009_E_0006873,-1.3970837332
CtrSVDD_0010_E_0006874,-7.5204438222
CtrSVDD_0011_E_0006875,-6.3030811482
CtrSVDD_0012_E_0006876,-4.8857689210
CtrSVDD_0013_E_0006877,-6.5640777359
CtrSVDD_0014_E_0006878,-7.1734229177
CtrSVDD_0015_E_0006879,0.2364828216
CtrSVDD_0016_E_0006880,-7.4072063395
CtrSVDD_0017_E_0006881,-6.4275285207
CtrSVDD_0018_E_0006882,-5.7053400280
CtrSVDD_0019_E_0006883,-6.9363831266
CtrSVDD_0020_E_0006884,-6.6382884879
CtrSVDD_0021_E_0006885,0.2049494660
CtrSVDD_0022_E_0006886,-7.1810625691
CtrSVDD_0023_E_0006887,1.8590092135
CtrSVDD_0024_E_0006888,-3.4356545843
CtrSVDD_0025_E_0006889,-5.0301512939
CtrSVDD_0026_E_0006890,-3.2563264838
CtrSVDD_0027_E_0006891,-6.2558742423
CtrSVDD_0028_E_0006892,-6.7710775253
CtrSVDD_0029_E_0006893,-2.8188486895
CtrSVDD_0030_E_0006894,-6.7096520462
CtrSVDD_0031_E_0006895,-5.0380513988
CtrSVDD_0032_E_0006896,-3.7648428668
CtrSVDD_0033_E_0006897,-2.1484548831
CtrSVDD_0034_E_0006898,-8.6588533699
CtrSVDD_0035_E_0006899,-5.4258386646
CtrSVDD_0036_E_0006900,-4.5877426856
CtrSVDD_0037_E_0006901,-8.0942167088
CtrSVDD_0038_E_0006902,-5.2718866258
CtrSVDD_0039_E_0006903,-3.5928449023
CtrSVDD_0040_E_0006904,-5.5288952550
CtrSVDD_0041_E_0006905,0.5865921165
CtrSVDD_0042_E_0006906,-5.2722625022
CtrSVDD_0043_E_0006907,-6.1528466973
CtrSVDD_0044_E_0006908,-6.6332447853
CtrSVDD_0045_E_0006909,-4.7624044822
CtrSVDD_0046_E_0006910,-5.2985449561
CtrSVDD_0047_E_0006911,0.7181638739
CtrSVDD_0000_E_0006912,-0.2665177615
CtrSVDD_0001_E_0006913,-6.0804829494
CtrSVDD_0002_E_0006914,-5.6411634077
CtrSVDD_0003_E_0006915,-5.1863991254
CtrSVDD_0004_E_0006916,-7.4743437589
CtrSVDD_0005_E_0006917,-7.3874260895
CtrSVDD_0006_E_0006918,-5.0505919620
CtrSVDD_0007_E_0006919,-5.4318554923
CtrSVDD_0008_E_0006920,-5.3826425044
CtrSVDD_0009_E_0006921,-7.1530854865
CtrSVDD_0010_E_0006922,-7.5702143335
CtrSVDD_0011_E_0006923,-6.5058888734
CtrSVDD_0012_E_0006924,-4.7355142834
CtrSVDD_0013_E_0006925,-6.9147358626
CtrSVDD_0014_E_0006926,-7.6392924306
CtrSVDD_0015_E_0006927,-4.1143716087
CtrSVDD_0016_E_0006928,-6.5302738831
CtrSVDD_0017_E_0006929,-2.3691461791
CtrSVDD_0018_E_0006930,-5.5593751693
CtrSVDD_0019_E_0006931,-4.8188138517
CtrSVDD_0020_E_0006932,-6.6787758675
CtrSVDD_0021_E_0006933,-4.0276883119
CtrSVDD_0022_E_0006934,-6.9183751070
CtrSVDD_0023_E_0006935,-7.9179638269
CtrSVDD_0024_E_0006936,-5.4841403038
CtrSVDD_0025_E_0006937,-7.8237758891
CtrSVDD_0026_E_0006938,-7.0878412070
CtrSVDD_0027_E_0006939,-6.9666961408
CtrSVDD_0028_E_0006940,-5.4107555141
CtrSVDD_0029_E_0006941,-7.0676816813
CtrSVDD_0030_E_0006942,-5.7285343998
CtrSVDD_0031_E_0006943,-6.0656772443
CtrSVDD_0032_E_0006944,-0.7887715581
CtrSVDD_0033_E_0006945,-6.2017155767
CtrSVDD_0034_E_0006946,-4.3095795550
CtrSVDD_0035_E_0006947,-2.9781311195
CtrSVDD_0036_E_0006948,-3.9243118513
CtrSVDD_0037_E_0006949,-3.3281510122
CtrSVDD_0038_E_0006950,-5.0954705952
CtrSVDD_0039_E_0006951,-6.7952429952
CtrSVDD_0040_E_0006952,-6.4657420348
CtrSVDD_0041_E_0006953,-5.0466702740
CtrSVDD_0042_E_0006954,-5.5706779671
CtrSVDD_0043_E_0006955,0.1665228078
CtrSVDD_0044_E_0006956,-7.6046107839
CtrSVDD_0045_E_0006957,-3.4988591503
CtrSVDD_0046_E_0006958,-5.8373485243
CtrSVDD_0047_E_0006959,-6.6746447063
CtrSVDD_0000_E_0006960,0.1651046575
CtrSVDD_0001_E_0006961,-5.9633525127
CtrSVDD_0002_E_0006962,0.0987749424
CtrSVDD_0003_E_0006963,-5.9125175139
CtrSVDD_0004_E_0006964,-4.1556090410
CtrSVDD_0005_E_0006965,-0.0426759874
CtrSVDD_0006_E_0006966,-7.2993710441
CtrSVDD_0007_E_0006967,-3.8265533699
CtrSVDD_0008_E_0006968,-5.6666180671
CtrSVDD_0009_E_0006969,-7.7682562433
CtrSVDD_0010_E_0006970,-4.5312199330
CtrSVDD_0011_E_0006971,-2.7252320434
CtrSVDD_0012_E_0006972,-9.2419891584
CtrSVDD_0013_E_0006973,-6.4467375817
CtrSVDD_0014_E_0006974,-5.6210811301
CtrSVDD_0015_E_0006975,-6.4947212470
CtrSVDD_0016_E_0006976,-4.3150988910
CtrSVDD_0017_E_0006977,-4.0191487904
CtrSVDD_0018_E_0006978,0.6596373073
CtrSVDD_0019_E_0006979,-3.2678368484
CtrSVDD_0020_E_0006980,-7.3166397797
CtrSVDD_0021_E_0006981,-4.0930812536
CtrSVDD_0022_E_0006982,-6.4891555893
CtrSVDD_0023_E_0006983,-5.5300605133
CtrSVDD_0024_E_0006984,-3.6353797419
CtrSVDD_0025_E_0006985,-6.7075179585
CtrSVDD_0026_E_0006986,-8.2210908214
CtrSVDD_0027_E_0006987,-7.3221836907
CtrSVDD_0028_E_0006988,-1.4849808593
CtrSVDD_0029_E_0006989,-6.5668903505
CtrSVDD_0030_E_0006990,-6.5902087350
CtrSVDD_0031_E_0006991,-7.0080871449
CtrSVDD_0032_E_0006992,-7.6919925790
CtrSVDD_0033_E_0006993,-1.6086134433
CtrSVDD_0034_E_0006994,-1.4755417059
CtrSVDD_0035_E_0006995,-6.7987304514
CtrSVDD_0036_E_0006996,-6.0550303184
CtrSVDD_0037_E_0006997,-4.7595724340
CtrSVDD_0038_E_0006998,-5.3207537033
CtrSVDD_0039_E_0006999,-6.4319397298
CtrSVDD_0040_E_0007000,-5.2552567283
CtrSVDD_0041_E_0007001,-4.7479169940
CtrSVDD_0042_E_0007002,-7.2430514504
CtrSVDD_0043_E_0007003,-5.8018010301
CtrSVDD_0044_E_0007004,-3.4785691982
CtrSVDD_0045_E_0007005,-5.7842826670
CtrSVDD_0046_E_0007006,-6.2114511923
CtrSVDD_0047_E_0007007,-6.2374162456
CtrSVDD_0000_E_0007008,-6.0535155490
CtrSVDD_0001_E_0007009,-5.0694079681
CtrSVDD_0002_E_0007010,1.5088841121
CtrSVDD_0003_E_0007011,-5.6257944028
CtrSVDD_0004_E_0007012,-8.1874398764
CtrSVDD_0005_E_0007013,-5.1632861350
CtrSVDD_0006_E_0007014,-5.7040512521
CtrSVDD_0007_E_0007015,-5.4463131192
CtrSVDD_0008_E_0007016,-3.0696836934
CtrSVDD_0009_E_0007017,-4.0592725073
CtrSVDD_0010_E_0007018,-5.5763788097
CtrSVDD_0011_E_0007019,-5.9359185748
CtrSVDD_0012_E_0007020,-4.0676141871
CtrSVDD_0013_E_0007021,-7.5330106036
CtrSVDD_0014_E_0007022,-1.0913665906
CtrSVDD_0015_E_0007023,-1.0371516685
CtrSVDD_0016_E_0007024,-6.5480147829
CtrSVDD_0017_E_0007025,-7.1431723028
CtrSVDD_0018_E_0007026,-5.9703247679
CtrSVDD_0019_E_0007027,-7.2618866724
CtrSVDD_0020_E_0007028,0.3296962808
CtrSVDD_0021_E_0007029,1.0762666132
CtrSVDD_0022_E_0007030,0.6032882259
CtrSVDD_0023_E_0007031,-6.7498371803
CtrSVDD_0024_E_0007032,-1.7980269409
CtrSVDD_0025_E_0007033,-3.8042886745
CtrSVDD_0026_E_0007034,-0.1283405650
CtrSVDD_0027_E_0007035,-4.1758470979
CtrSVDD_0028_E_0007036,-7.9572210298
CtrSVDD_0029_E_0007037,-8.4403382550
CtrSVDD_0030_E_0007038,-7.1713851241
CtrSVDD_0031_E_0007039,-3.6814934352
CtrSVDD_0032_E_0007040,-7.1697146433
CtrSVDD_0033_E_0007041,-6.6742228337
CtrSVDD_0034_E_0007042,1.7402582720
CtrSVDD_0035_E_0007043,-7.0040675445
CtrSVDD_0036_E_0007044,-6.2978817551
CtrSVDD_0037_E_0007045,-5.3956108403
CtrSVDD_0038_E_0007046,-0.4832668847
CtrSVDD_0039_E_0007047,-6.9486057866
CtrSVDD_0040_E_0007048,-5.3708303353
CtrSVDD_0041_E_0007049,-0.2886104937
CtrSVDD_0042_E_0007050,-5.6378015041
CtrSVDD_0043_E_0007051,-5.8060903305
CtrSVDD_0044_E_0007052,-6.6076870529
CtrSVDD_0045_E_0007053,-6.6731142983
CtrSVDD_0046_E_0007054,-5.7871920211
CtrSVDD_0047_E_0007055,-7.4136551860
CtrSVDD_0000_E_0007056,-3.9786230078
CtrSVDD_0001_E_0007057,-6.0352875980
CtrSVDD_0002_E_0007058,-7.7547081228
CtrSVDD_0003_E_0007059,-6.1995572339
CtrSVDD_0004_E_0007060,-4.6634316392
CtrSVDD_0005_E_0007061,-1.7853724398
CtrSVDD_0006_E_0007062,-5.6842943612
CtrSVDD_0007_E_0007063,-3.7817958365
CtrSVDD_0008_E_0007064,-6.8010752011
CtrSVDD_0009_E_0007065,0.1551867330
CtrSVDD_0010_E_0007066,-5.2153303078
CtrSVDD_0011_E_0007067,-5.5466596703
CtrSVDD_0012_E_0007068,-6.6160060762
CtrSVDD_0013_E_0007069,-5.1092590308
CtrSVDD_0014_E_0007070,-4.2719058206
CtrSVDD_0015_E_0007071,-5.1619048204
CtrSVDD_0016_E_0007072,-5.5961659780
CtrSVDD_0017_E_0007073,-5.7095064682
CtrSVDD_0018_E_0007074,-4.7213020952
CtrSVDD_0019_E_0007075,-7.1106100701
CtrSVDD_0020_E_0007076,-5.5949198498
CtrSVDD_0021_E_0007077,-6.5067386509
CtrSVDD_0022_E_0007078,-7.9894416329
CtrSVDD_0023_E_0007079,-6.8590521520
CtrSVDD_0024_E_0007080,-7.2783581170
CtrSVDD_0025_E_0007081,-7.7738480312
CtrSVDD_0026_E_0007082,-5.4659961624
CtrSVDD_0027_E_0007083,-7.8447332177
CtrSVDD_0028_E_0007084,-7.0495162582
CtrSVDD_0029_E_0007085,-0.7641892626
CtrSVDD_0030_E_0007086,0.4335427226
CtrSVDD_0031_E_0007087,0.2078072593
CtrSVDD_0032_E_0007088,-7.4352273192
CtrSVDD_0033_E_0007089,-5.5189531132
CtrSVDD_0034_E_0007090,-6.1639628897
CtrSVDD_0035_E_0007091,-6.7605046880
CtrSVDD_0036_E_0007092,-5.8278188208
CtrSVDD_0037_E_0007093,-4.7386714713
CtrSVDD_0038_E_0007094,-3.2199130105
CtrSVDD_0039_E_0007095,-3.7503812903
CtrSVDD_0040_E_0007096,-6.7890146652
CtrSVDD_0041_E_0007097,-5.5636217958
CtrSVDD_0042_E_0007098,-8.1951648544
CtrSVDD_0043_E_0007099,-6.9698540179
CtrSVDD_0044_E_0007100,-4.9945329308
CtrSVDD_0045_E_0007101,-4.6067740543
CtrSVDD_0046_E_0007102,-4.9064514978
CtrSVDD_0047_E_0007103,1.5096279205
CtrSVDD_0000_E_0007104,-4.7114192046
CtrSVDD_0001_E_0007105,-8.5538279268
CtrSVDD_0002_E_0007106,-7.2398835788
CtrSVDD_0003_E_0007107,-5.7010377947
CtrSVDD_0004_E_0007108,-5.4585786390
CtrSVDD_0005_E_0007109,-0.6841798459
CtrSVDD_0006_E_0007110,-6.1368285336
CtrSVDD_0007_E_0007111,-6.9855492426
CtrSVDD_0008_E_0007112,-4.4992675844
CtrSVDD_0009_E_0007113,-6.5102615882
CtrSVDD_0010_E_0007114,-3.6818079411
CtrSVDD_0011_E_0007115,0.2809784640
CtrSVDD_0012_E_0007116,-8.7178579151
CtrSVDD_0013_E_0007117,-8.6784959316
CtrSVDD_0014_E_0007118,-6.7576555018
CtrSVDD_0015_E_0007119,-7.7198636207
CtrSVDD_0016_E_0007120,-5.8754933907
CtrSVDD_0017_E_0007121,-5.2782937193
CtrSVDD_0018_E_0007122,-6.2428837397
CtrSVDD_0019_E_0007123,-6.9151273691
CtrSVDD_0020_E_0007124,-1.0576107825
CtrSVDD_0021_E_0007125,-5.7175525660
CtrSVDD_0022_E_0007126,-0.5245610163
CtrSVDD_0023_E_0007127,-3.6342008862
CtrSVDD_0024_E_0007128,-2.2490357657
CtrSVDD_0025_E_0007129,-5.1504176519
CtrSVDD_0026_E_0007130,-6.3287078080
CtrSVDD_0027_E_0007131,-4.7425093745
CtrSVDD_0028_E_0007132,-5.8293266618
CtrSVDD_0029_E_0007133,-3.8595004843
CtrSVDD_0030_E_0007134,-5.4633003389
CtrSVDD_0031_E_0007135,-7.6518955489
CtrSVDD_0032_E_0007136,-5.0922377218
CtrSVDD_0033_E_0007137,-4.2071105636
CtrSVDD_0034_E_0007138,-7.7038283594
CtrSVDD_0035_E_0007139,-0.3758461852
CtrSVDD_0036_E_0007140,-5.3794273568
CtrSVDD_0037_E_0007141,-7.9773740723
CtrSVDD_0038_E_0007142,-5.6861508808
CtrSVDD_0039_E_0007143,-4.7283510698
CtrSVDD_0040_E_0007144,-5.7725934451
CtrSVDD_0041_E_0007145,-8.5384724969
CtrSVDD_0042_E_0007146,-7.7077550613
CtrSVDD_0043_E_0007147,-6.1211929594
CtrSVDD_0044_E_0007148,-6.9059744388
CtrSVDD_0045_E_0007149,-5.4408188959
CtrSVDD_0046_E_0007150,-6.3746694618
CtrSVDD_0047_E_0007151,0.8881836646
CtrSVDD_0000_E_0007152,-6.0122196200
CtrSVDD_0001_E_0007153,-6.6429753018
CtrSVDD_0002_E_0007154,-5.6803443612
CtrSVDD_0003_E_0007155,0.6614954021
CtrSVDD_0004_E_0007156,-2.2284810159
CtrSVDD_0005_E_0007157,-6.8685015907
CtrSVDD_0006_E_0007158,-5.6461880801
CtrSVDD_0007_E_0007159,-6.3644553480
CtrSVDD_0008_E_0007160,-8.5920340357
CtrSVDD_0009_E_0007161,-0.1608521865
CtrSVDD_0010_E_0007162,-6.7386813963
CtrSVDD_0011_E_0007163,-6.5878775892
CtrSVDD_0012_E_0007164,-5.1516314608
CtrSVDD_0013_E_0007165,-5.3890596535
CtrSVDD_0014_E_0007166,-6.3953533560
CtrSVDD_0015_E_0007167,-7.9877025256
CtrSVDD_0016_E_0007168,-6.6520032615
CtrSVDD_0017_E_0007169,-5.8451324307
CtrSVDD_0018_E_0007170,-2.5940015058
CtrSVDD_0019_E_0007171,-6.6465279176
CtrSVDD_0020_E_0007172,-5.8256671547
CtrSVDD_0021_E_0007173,-5.8537130974
CtrSVDD_0022_E_0007174,-4.8016154101
CtrSVDD_0023_E_0007175,-5.4167299338
CtrSVDD_0024_E_0007176,0.5899181344
CtrSVDD_0025_E_0007177,-7.4928560958
CtrSVDD_0026_E_0007178,-0.1864134628
CtrSVDD_0027_E_0007179,0.9723250225
CtrSVDD_0028_E_0007180,-2.6362150838
CtrSVDD_0029_E_0007181,-6.7791765722
CtrSVDD_0030_E_0007182,-3.2414751813
CtrSVDD_0031_E_0007183,-7.4912892163
CtrSVDD_0032_E_0007184,-4.6685299716
CtrSVDD_0033_E_0007185,-0.1043990475
CtrSVDD_0034_E_0007186,-4.4385433677
CtrSVDD_0035_E_0007187,-6.3610159463
CtrSVDD_0036_E_0007188,-5.8351329634
CtrSVDD_0037_E_0007189,-1.6340322774
CtrSVDD_0038_E_0007190,-6.5698863928
CtrSVDD_0039_E_0007191,-6.6130437774
CtrSVDD_0040_E_0007192,-6.5640749666
CtrSVDD_0041_E_0007193,-6.1061789580
CtrSVDD_0042_E_0007194,-5.7790873904
CtrSVDD_0043_E_0007195,-7.2187295770
CtrSVDD_0044_E_0007196,-6.6365651199
CtrSVDD_0045_E_0007197,-6.2968838126
CtrSVDD_0046_E_0007198,-6.3601415533
CtrSVDD_0047_E_0007199,-5.8931229140
CtrSVDD_0000_E_0007200,0.8796325195
CtrSVDD_0001_E_0007201,-3.9666520264
CtrSVDD_0002_E_0007202,-3.9496408433
CtrSVDD_0003_E_0007203,-7.6537082193
CtrSVDD_0004_E_0007204,-6.7913616074
CtrSVDD_0005_E_0007205,-6.2609201818
CtrSVDD_0006_E_0007206,-5.4980071302
CtrSVDD_0007_E_0007207,-9.0182116032
CtrSVDD_0008_E_0007208,-6.8360955517
CtrSVDD_0009_E_0007209,-0.2422405838
CtrSVDD_0010_E_0007210,-6.5243285891
CtrSVDD_0011_E_0007211,-6.5096674610
CtrSVDD_0012_E_0007212,-6.4454123406
CtrSVDD_0013_E_0007213,-6.8090624136
CtrSVDD_0014_E_0007214,-5.0023050869
CtrSVDD_0015_E_0007215,-8.3021973138
CtrSVDD_0016_E_0007216,-4.5679355615
CtrSVDD_0017_E_0007217,-7.5338581185
CtrSVDD_0018_E_0007218,-6.6144332168
CtrSVDD_0019_E_0007219,-6.9581482310
CtrSVDD_0020_E_0007220,2.4883199322
CtrSVDD_0021_E_0007221,-6.1330079970
CtrSVDD_0022_E_0007222,-7.7598469545
CtrSVDD_0023_E_0007223,-6.3928398329
CtrSVDD_0024_E_0007224,-8.8097575248
CtrSVDD_0025_E_0007225,-7.7206066649
CtrSVDD_0026_E_0007226,0.8696593245
CtrSVDD_0027_E_0007227,-4.1294852863
CtrSVDD_0028_E_0007228,-6.9123577224
CtrSVDD_0029_E_0007229,0.3076212670
CtrSVDD_0030_E_0007230,-6.0639385916
CtrSVDD_0031_E_0007231,-2.3661792921
CtrSVDD_0032_E_0007232,-3.7022376710
CtrSVDD_0033_E_0007233,0.2668034008
CtrSVDD_0034_E_0007234,-3.4545687282
CtrSVDD_0035_E_0007235,-4.6298277382
CtrSVDD_0036_E_0007236,-5.2857585995
CtrSVDD_0037_E_0007237,-0.3237943289
CtrSVDD_0038_E_0007238,-6.8693148329
CtrSVDD_0039_E_0007239,-4.7067275398
CtrSVDD_0040_E_0007240,-5.6856336195
CtrSVDD_0041_E_0007241,-5.2294505479
CtrSVDD_0042_E_0007242,-6.6709588720
CtrSVDD_0043_E_0007243,-6.0774240700
CtrSVDD_0044_E_0007244,-6.2419482431
CtrSVDD_0045_E_0007245,1.1249678019
CtrSVDD_0046_E_0007246,-5.2120369519
CtrSVDD_0047_E_0007247,-1.8104355370
CtrSVDD_0000_E_0007248,-3.8670549499
CtrSVDD_0001_E_0007249,1.1844854064
CtrSVDD_0002_E_0007250,-7.5646864658
CtrSVDD_0003_E_0007251,-0.2944485424
CtrSVDD_0004_E_0007252,-6.1057532451
CtrSVDD_0005_E_0007253,-6.7019628533
CtrSVDD_0006_E_0007254,-6.3422079557
CtrSVDD_0007_E_0007255,0.3987062333
CtrSVDD_0008_E_0007256,-4.9683678770
CtrSVDD_0009_E_0007257,0.8216566788
CtrSVDD_0010_E_0007258,-0.3999761177
CtrSVDD_0011_E_0007259,-3.1005527492
CtrSVDD_0012_E_0007260,-2.2854927004
CtrSVDD_0013_E_0007261,-4.8788337882
CtrSVDD_0014_E_0007262,-1.2254011678
CtrSVDD_0015_E_0007263,-5.5211407893
CtrSVDD_0016_E_0007264,-4.9390334728
CtrSVDD_0017_E_0007265,-5.6139884715
CtrSVDD_0018_E_0007266,-5.1786672809
CtrSVDD_0019_E_0007267,-0.5982619239
CtrSVDD_0020_E_0007268,-6.7957818283
CtrSVDD_0021_E_0007269,3.1426765601
CtrSVDD_0022_E_0007270,-4.5959338058
CtrSVDD_0023_E_0007271,1.3644275699
CtrSVDD_0024_E_0007272,-8.1538967808
CtrSVDD_0025_E_0007273,-5.5775468852
CtrSVDD_0026_E_0007274,-5.7580699266
CtrSVDD_0027_E_0007275,-5.5552622014
CtrSVDD_0028_E_0007276,-6.6554904211
CtrSVDD_0029_E_0007277,-3.4723969779
CtrSVDD_0030_E_0007278,-7.7365487881
CtrSVDD_0031_E_0007279,-5.9270250873
CtrSVDD_0032_E_0007280,-5.1301864078
CtrSVDD_0033_E_0007281,-6.6439994870
CtrSVDD_0034_E_0007282,0.1241106340
CtrSVDD_0035_E_0007283,-7.1283895247
CtrSVDD_0036_E_0007284,-5.7747030288
CtrSVDD_0037_E_0007285,-6.5114000388
CtrSVDD_0038_E_0007286,-5.1715702721
CtrSVDD_0039_E_0007287,-6.5180646013
CtrSVDD_0040_E_0007288,-4.4662422823
CtrSVDD_0041_E_0007289,-4.9447071363
CtrSVDD_0042_E_0007290,-0.2379215198
CtrSVDD_0043_E_0007291,-7.0940515339
CtrSVDD_0044_E_0007292,-5.3938611747
CtrSVDD_0045_E_0007293,-6.3737845461
CtrSVDD_0046_E_0007294,-6.3526781580
CtrSVDD_0047_E_0007295,-8.3287761012
CtrSVDD_0000_E_0007296,-6.2710283270
CtrSVDD_0001_E_0007297,-0.5085764963
CtrSVDD_0002_E_0007298,-6.5214853223
CtrSVDD_0003_E_0007299,1.3297709502
CtrSVDD_0004_E_0007300,0.5999356728
CtrSVDD_0005_E_0007301,-6.3336723998
CtrSVDD_0006_E_0007302,-0.2827822652
CtrSVDD_0007_E_0007303,-5.4554581778
CtrSVDD_0008_E_0007304,-8.3342237751
CtrSVDD_0009_E_0007305,-3.4579266807
CtrSVDD_0010_E_0007306,-6.6580232391
CtrSVDD_0011_E_0007307,-6.9302247191
CtrSVDD_0012_E_0007308,-4.4204152633
CtrSVDD_0013_E_0007309,-5.8583522863
CtrSVDD_0014_E_0007310,-7.0451257447
CtrSVDD_0015_E_0007311,-6.6139211141
CtrSVDD_0016_E_0007312,-4.8574712675
CtrSVDD_0017_E_0007313,-5.8821267625
CtrSVDD_0018_E_0007314,-4.8799629379
CtrSVDD_0019_E_0007315,-5.6542018964
CtrSVDD_0020_E_0007316,-7.3729981824
CtrSVDD_0021_E_0007317,-4.7269321778
CtrSVDD_0022_E_0007318,-4.5731032763
CtrSVDD_0023_E_0007319,-6.3720575728
CtrSVDD_0024_E_0007320,-4.6702758622
CtrSVDD_0025_E_0007321,-5.0972601503
CtrSVDD_0026_E_0007322,-5.6756083571
CtrSVDD_0027_E_0007323,-6.0801061465
CtrSVDD_0028_E_0007324,-7.0362772126
CtrSVDD_0029_E_0007325,-7.5841796632
CtrSVDD_0030_E_0007326,2.4420658437
CtrSVDD_0031_E_0007327,-6.9371839043
CtrSVDD_0032_E_0007328,-4.2452674293
CtrSVDD_0033_E_0007329,-2.3205046723
CtrSVDD_0034_E_0007330,-7.4442900756
CtrSVDD_0035_E_0007331,-0.2339135217
CtrSVDD_0036_E_0007332,-0.3909008364
CtrSVDD_0037_E_0007333,-4.1980238842
CtrSVDD_0038_E_0007334,0.0524786315
CtrSVDD_0039_E_0007335,-5.8169211783
CtrSVDD_0040_E_0007336,-7.6323165318
CtrSVDD_0041_E_0007337,-3.5819832036
CtrSVDD_0042_E_0007338,2.2337171702
CtrSVDD_0043_E_0007339,-5.7680874787
CtrSVDD_0044_E_0007340,-5.9033809190
CtrSVDD_0045_E_0007341,-6.3771717650
CtrSVDD_0046_E_0007342,-5.6171644617
CtrSVDD_0047_E_0007343,-4.8429425452
CtrSVDD_0000_E_0007344,-6.3675148994
CtrSVDD_0001_E_0007345,-5.9815380966
CtrSVDD_0002_E_0007346,-6.1341633392
CtrSVDD_0003_E_0007347,-6.2623785676
CtrSVDD_0004_E_0007348,-5.7517547159
CtrSVDD_0005_E_0007349,-3.0889409885
CtrSVDD_0006_E_0007350,-3.9805321229
CtrSVDD_0007_E_0007351,-8.5709648139
CtrSVDD_0008_E_0007352,-4.7189911088
CtrSVDD_0009_E_0007353,-4.0765260621
CtrSVDD_0010_E_0007354,-6.0182649559
CtrSVDD_0011_E_0007355,-5.6365860569
CtrSVDD_0012_E_0007356,-3.2694783869
CtrSVDD_0013_E_0007357,-5.8529647306
CtrSVDD_0014_E_0007358,-7.4803746241
CtrSVDD_0015_E_0007359,-2.4069000437
CtrSVDD_0016_E_0007360,-7.4095635348
CtrSVDD_0017_E_0007361,-0.3773477668
CtrSVDD_0018_E_0007362,-5.7288701817
CtrSVDD_0019_E_0007363,-4.2094746553
CtrSVDD_0020_E_0007364,-8.5541119711
CtrSVDD_0021_E_0007365,-3.5118566823
CtrSVDD_0022_E_0007366,-7.1023547218
CtrSVDD_0023_E_0007367,-4.3861295665
CtrSVDD_0024_E_0007368,0.5667698816
CtrSVDD_0025_E_0007369,0.0272797511
CtrSVDD_0026_E_0007370,-3.6147623861
CtrSVDD_0027_E_0007371,-6.4700076369
CtrSVDD_0028_E_0007372,-7.8621026354
CtrSVDD_0029_E_0007373,-2.8368789603
CtrSVDD_0030_E_0007374,0.5165522584
CtrSVDD_0031_E_0007375,-6.6398857317
CtrSVDD_0032_E_0007376,0.5553094215
CtrSVDD_0033_E_0007377,-7.7917313208
CtrSVDD_0034_E_0007378,-7.3470731789
CtrSVDD_0035_E_0007379,0.6718579897
CtrSVDD_0036_E_0007380,-5.2357392856
CtrSVDD_0037_E_0007381,-5.8183733394
CtrSVDD_0038_E_0007382,-4.0207829074
CtrSVDD_0039_E_0007383,-5.7684375841
CtrSVDD_0040_E_0007384,0.1978122464
CtrSVDD_0041_E_0007385,-6.3972821328
CtrSVDD_0042_E_0007386,-6.7030736636
CtrSVDD_0043_E_0007387,-6.2339140086
CtrSVDD_0044_E_0007388,-6.5379197690
CtrSVDD_0045_E_0007389,-6.6434368379
CtrSVDD_0046_E_0007390,-5.7886464894
CtrSVDD_0047_E_0007391,-5.1929565795
CtrSVDD_0000_E_0007392,-4.4029493246
CtrSVDD_0001_E_0007393,-6.0625947406
CtrSVDD_0002_E_0007394,-5.4113859219
CtrSVDD_0003_E_0007395,-7.4246231484
CtrSVDD_0004_E_0007396,-5.9836332889
CtrSVDD_0005_E_0007397,-2.7338098503
CtrSVDD_0006_E_0007398,-0.2929880969
CtrSVDD_0007_E_0007399,0.3267438821
CtrSVDD_0008_E_0007400,-5.9704661048
CtrSVDD_0009_E_0007401,-6.8567871260
CtrSVDD_0010_E_0007402,-7.0504844406
CtrSVDD_0011_E_0007403,-1.0990107135
CtrSVDD_0012_E_0007404,-8.2647464084
CtrSVDD_0013_E_0007405,-5.8651551556
CtrSVDD_0014_E_0007406,0.0959640721
CtrSVDD_0015_E_0007407,-6.0532260564
CtrSVDD_0016_E_0007408,1.1302508567
CtrSVDD_0017_E_0007409,-2.6969691501
CtrSVDD_0018_E_0007410,-6.4439936461
CtrSVDD_0019_E_0007411,-3.2874910060
CtrSVDD_0020_E_0007412,-2.3779915104
CtrSVDD_0021_E_0007413,-5.2342052177
CtrSVDD_0022_E_0007414,-4.2959622542
CtrSVDD_0023_E_0007415,-5.4680741762
CtrSVDD_0024_E_0007416,0.6440681386
CtrSVDD_0025_E_0007417,-2.9447975780
CtrSVDD_0026_E_0007418,-7.0526814365
CtrSVDD_0027_E_0007419,-6.5461757997
CtrSVDD_0028_E_0007420,-6.2068737596
CtrSVDD_0029_E_0007421,-6.3164716863
CtrSVDD_0030_E_0007422,-6.3496009016
CtrSVDD_0031_E_0007423,-5.7127690053
CtrSVDD_0032_E_0007424,-0.5783052720
CtrSVDD_0033_E_0007425,-3.8495115204
CtrSVDD_0034_E_0007426,-6.5952277446
CtrSVDD_0035_E_0007427,-5.8992731641
CtrSVDD_0036_E_0007428,-4.2899127369
CtrSVDD_0037_E_0007429,-4.3893029944
CtrSVDD_0038_E_0007430,-6.0317589556
CtrSVDD_0039_E_0007431,-5.7654911903
CtrSVDD_0040_E_0007432,0.6389131017
CtrSVDD_0041_E_0007433,-5.7595276885
CtrSVDD_0042_E_0007434,-7.6793529203
CtrSVDD_0043_E_0007435,-0.0011383465
CtrSVDD_0044_E_0007436,-7.3990732466
CtrSVDD_0045_E_0007437,-6.0686242804
CtrSVDD_0046_E_0007438,-6.7824255897
CtrSVDD_0047_E_0007439,-6.5262811578
CtrSVDD_0000_E_0007440,-6.5847915904
CtrSVDD_0001_E_0007441,1.1041426793
CtrSVDD_0002_E_0007442,-4.1866477099
CtrSVDD_0003_E_0007443,-7.6200911774
CtrSVDD_0004_E_0007444,-5.3054795868
CtrSVDD_0005_E_0007445,-7.7441922197
CtrSVDD_0006_E_0007446,-6.7015089138
CtrSVDD_0007_E_0007447,-4.3603016229
CtrSVDD_0008_E_0007448,-5.6969649424
CtrSVDD_0009_E_0007449,-6.5533481520
CtrSVDD_0010_E_0007450,-6.4444525677
CtrSVDD_0011_E_0007451,0.1128414574
CtrSVDD_0012_E_0007452,0.0594835540
CtrSVDD_0013_E_0007453,-1.0837857127
CtrSVDD_0014_E_0007454,-0.6561637812
CtrSVDD_0015_E_0007455,-5.5629874172
CtrSVDD_0016_E_0007456,-5.9753346340
CtrSVDD_0017_E_0007457,-5.8205430970
CtrSVDD_0018_E_0007458,-7.2409321356
CtrSVDD_0019_E_0007459,-3.8659945586
CtrSVDD_0020_E_0007460,-1.0614081289
CtrSVDD_0021_E_0007461,-4.6444092294
CtrSVDD_0022_E_0007462,-5.2812580181
CtrSVDD_0023_E_0007463,-6.0291901358
CtrSVDD_0024_E_0007464,-5.2472653529
CtrSVDD_0025_E_0007465,-5.1110826953
CtrSVDD_0026_E_0007466,-6.6773216674
CtrSVDD_0027_E_0007467,-1.4966413405
CtrSVDD_0028_E_0007468,-8.8574265241
CtrSVDD_0029_E_0007469,-6.4052665397
CtrSVDD_0030_E_0007470,-5.3074936588
CtrSVDD_0031_E_0007471,-5.9135144901
CtrSVDD_0032_E_0007472,1.2373428625
CtrSVDD_0033_E_0007473,-5.8452922607
CtrSVDD_0034_E_0007474,-6.9938598664
CtrSVDD_0035_E_0007475,-4.7271978765
CtrSVDD_0036_E_0007476,-7.5482956441
CtrSVDD_0037_E_0007477,-5.0385381792
CtrSVDD_0038_E_0007478,-5.4601375610
CtrSVDD_0039_E_0007479,-5.1035195204
CtrSVDD_0040_E_0007480,0.4879884309
CtrSVDD_0041_E_0007481,-4.2345518366
CtrSVDD_0042_E_0007482,-5.6600126672
CtrSVDD_0043_E_0007483,-7.9144079925
CtrSVDD_0044_E_0007484,-3.1045828219
CtrSVDD_0045_E_0007485,-4.9150585719
CtrSVDD_0046_E_0007486,-6.9476494573
CtrSVDD_0047_E_0007487,-6.9814894184
CtrSVDD_0000_E_0007488,-6.7574471246
CtrSVDD_0001_E_0007489,-7.2475563716
CtrSVDD_0002_E_0007490,-1.9921756347
CtrSVDD_0003_E_0007491,-6.3278280637
CtrSVDD_0004_E_0007492,-8.4452936446
CtrSVDD_0005_E_0007493,-6.9395067749
CtrSVDD_0006_E_0007494,-6.3012646551
CtrSVDD_0007_E_0007495,-5.4978971704
CtrSVDD_0008_E_0007496,-3.2348549215
CtrSVDD_0009_E_0007497,-6.4302621776
CtrSVDD_0010_E_0007498,-5.2383226706
CtrSVDD_0011_E_0007499,-5.0595914681
CtrSVDD_0012_E_0007500,-2.4541728664
CtrSVDD_0013_E_0007501,3.4102301795
CtrSVDD_0014_E_0007502,-5.8249129671
CtrSVDD_0015_E_0007503,-5.9315200585
CtrSVDD_0016_E_0007504,-6.0685726501
CtrSVDD_0017_E_0007505,-4.3348556737
CtrSVDD_0018_E_0007506,2.1202823753
CtrSVDD_0019_E_0007507,-7.5020575543
CtrSVDD_0020_E_0007508,-7.4094172579
CtrSVDD_0021_E_0007509,-5.9324112535
CtrSVDD_0022_E_0007510,-7.4480080600
CtrSVDD_0023_E_0007511,-6.4556395595
CtrSVDD_0024_E_0007512,-4.9052843653
CtrSVDD_0025_E_0007513,-4.4355462716
CtrSVDD_0026_E_0007514,-5.9077037705
CtrSVDD_0027_E_0007515,-6.1860701608
CtrSVDD_0028_E_0007516,-6.0811841875
CtrSVDD_0029_E_0007517,-7.3785277335
CtrSVDD_0030_E_0007518,-5.9353203283
CtrSVDD_0031_E_0007519,-1.3521315608
CtrSVDD_0032_E_0007520,-7.1251182704
CtrSVDD_0033_E_0007521,-1.1382351104
CtrSVDD_0034_E_0007522,-2.9980361895
CtrSVDD_0035_E_0007523,-4.5357954014
CtrSVDD_0036_E_0007524,-7.1743260397
CtrSVDD_0037_E_0007525,-6.3675926491
CtrSVDD_0038_E_0007526,-7.4388742428
CtrSVDD_0039_E_0007527,0.7773675288
CtrSVDD_0040_E_0007528,1.7141807469
CtrSVDD_0041_E_0007529,-6.3825987324
CtrSVDD_0042_E_0007530,-7.9053236233
CtrSVDD_0043_E_0007531,1.4430885239
CtrSVDD_0044_E_0007532,-7.3430466915
CtrSVDD_0045_E_0007533,-6.1121547125
CtrSVDD_0046_E_0007534,1.0336186357
CtrSVDD_0047_E_0007535,-3.3957443707
CtrSVDD_0000_E_0007536,0.9858255004
CtrSVDD_0001_E_0007537,-6.0821913694
CtrSVDD_0002_E_0007538,-6.9244360028
CtrSVDD_0003_E_0007539,-6.5466430753
CtrSVDD_0004_E_0007540,-5.9611570253
CtrSVDD_0005_E_0007541,-3.6440608644
CtrSVDD_0006_E_0007542,-5.7959168538
CtrSVDD_0007_E_0007543,-8.3795444615
CtrSVDD_0008_E_0007544,-4.3797467363
CtrSVDD_0009_E_0007545,-0.4075640663
CtrSVDD_0010_E_0007546,1.7583790479
CtrSVDD_0011_E_0007547,-5.9448278012
CtrSVDD_0012_E_0007548,-5.4047052283
CtrSVDD_0013_E_0007549,-5.2304835113
CtrSVDD_0014_E_0007550,-5.8467434527
CtrSVDD_0015_E_0007551,-4.6551520503
CtrSVDD_0016_E_0007552,-5.5167139550
CtrSVDD_0017_E_0007553,-4.3473567913
CtrSVDD_0018_E_0007554,1.4591230250
CtrSVDD_0019_E_0007555,-1.6241083858
CtrSVDD_0020_E_0007556,0.6859485777
CtrSVDD_0021_E_0007557,-4.7633588830
CtrSVDD_0022_E_0007558,-7.6675994755
CtrSVDD_0023_E_0007559,0.9028048733
CtrSVDD_0024_E_0007560,-6.8625237957
CtrSVDD_0025_E_0007561,-6.9785225454
CtrSVDD_0026_E_0007562,-6.6321380631
CtrSVDD_0027_E_0007563,-5.5476915018
CtrSVDD_0028_E_0007564,0.7345532687
CtrSVDD_0029_E_0007565,-5.6936910852
CtrSVDD_0030_E_0007566,-6.6232851184
CtrSVDD_0031_E_0007567,-1.6962142512
CtrSVDD_0032_E_0007568,-0.7717032953
CtrSVDD_0033_E_0007569,-7.3601333115
CtrSVDD_0034_E_0007570,-6.7909674235
CtrSVDD_0035_E_0007571,-6.3287960054
CtrSVDD_0036_E_0007572,-6.1637292532
CtrSVDD_0037_E_0007573,-5.4973014984
CtrSVDD_0038_E_0007574,-2.9726159505
CtrSVDD_0039_E_0007575,-5.1196462814
CtrSVDD_0040_E_0007576,-5.8695547821
CtrSVDD_0041_E_0007577,-5.8014495610
CtrSVDD_0042_E_0007578,-2.8645205830
CtrSVDD_0043_E_0007579,-5.0537187422
CtrSVDD_0044_E_0007580,-7.2492044345
CtrSVDD_0045_E_0007581,-5.2173730811
CtrSVDD_0046_E_0007582,-4.5120296475
CtrSVDD_0047_E_0007583,-2.6199662421
CtrSVDD_0000_E_0007584,-5.9824602833
CtrSVDD_0001_E_0007585,-4.7246228706
CtrSVDD_0002_E_0007586,0.9903837048
CtrSVDD_0003_E_0007587,-8.1733934897
CtrSVDD_0004_E_0007588,-5.7274077504
CtrSVDD_0005_E_0007589,-5.5683310369
CtrSVDD_0006_E_0007590,-6.6269336945
CtrSVDD_0007_E_0007591,-5.5737166091
CtrSVDD_0008_E_0007592,-6.8134961912
CtrSVDD_0009_E_0007593,-3.9216316085
CtrSVDD_0010_E_0007594,0.3415349575
CtrSVDD_0011_E_0007595,-0.8227141811
CtrSVDD_0012_E_0007596,-5.2351119189
CtrSVDD_0013_E_0007597,-7.1484623294
CtrSVDD_0014_E_0007598,-3.8742641118
CtrSVDD_0015_E_0007599,-5.0154133370
CtrSVDD_0016_E_0007600,-7.3347296708
CtrSVDD_0017_E_0007601,-3.4085375911
CtrSVDD_0018_E_0007602,-6.9025231043
CtrSVDD_0019_E_0007603,0.6648625781
CtrSVDD_0020_E_0007604,-7.1655797105
CtrSVDD_0021_E_0007605,-6.1326633341
CtrSVDD_0022_E_0007606,-7.0042004666
CtrSVDD_0023_E_0007607,-5.6650365300
CtrSVDD_0024_E_0007608,-2.1710683628
CtrSVDD_0025_E_0007609,-8.4811614518
CtrSVDD_0026_E_0007610,0.0328774424
CtrSVDD_0027_E_0007611,-6.1514437122
CtrSVDD_0028_E_0007612,-7.2087275421
CtrSVDD_0029_E_0007613,-5.7881617601
CtrSVDD_0030_E_0007614,0.3728455586
CtrSVDD_0031_E_0007615,-5.2621833040
CtrSVDD_0032_E_0007616,-5.8532104138
CtrSVDD_0033_E_0007617,-6.6279381875
CtrSVDD_0034_E_0007618,-8.3115332666
CtrSVDD_0035_E_0007619,-3.8115985681
CtrSVDD_0036_E_0007620,-6.3527617990
CtrSVDD_0037_E_0007621,-6.6455727249
CtrSVDD_0038_E_0007622,-7.5822658392
CtrSVDD_0039_E_0007623,-7.1481229864
CtrSVDD_0040_E_0007624,-5.6257259976
CtrSVDD_0041_E_0007625,-5.3712423071
CtrSVDD_0042_E_0007626,-6.9348626136
CtrSVDD_0043_E_0007627,-1.6174036711
CtrSVDD_0044_E_0007628,-2.7966006018
CtrSVDD_0045_E_0007629,-6.8909939612
CtrSVDD_0046_E_0007630,-6.7224760802
CtrSVDD_0047_E_0007631,-4.9248374045
CtrSVDD_0000_E_0007632,-5.7951042062
CtrSVDD_0001_E_0007633,-7.3723443068
CtrSVDD_0002_E_0007634,-5.6919565939
CtrSVDD_0003_E_0007635,-1.7518528889
CtrSVDD_0004_E_0007636,-2.0198433230
CtrSVDD_0005_E_0007637,-0.5423003608
CtrSVDD_0006_E_0007638,-7.1670551946
CtrSVDD_0007_E_0007639,-5.9967975990
CtrSVDD_0008_E_0007640,-7.2307831649
CtrSVDD_0009_E_0007641,1.6563238653
CtrSVDD_0010_E_0007642,-5.2638553364
CtrSVDD_0011_E_0007643,-4.0498978396
CtrSVDD_0012_E_0007644,-7.4331064749
CtrSVDD_0013_E_0007645,-3.5213580676
CtrSVDD_0014_E_0007646,-6.8327518667
CtrSVDD_0015_E_0007647,-5.8871811038
CtrSVDD_0016_E_0007648,-7.5506214777
CtrSVDD_0017_E_0007649,-0.9486994764
CtrSVDD_0018_E_0007650,-6.2526999401
CtrSVDD_0019_E_0007651,-4.9653252353
CtrSVDD_0020_E_0007652,-6.7195575077
CtrSVDD_0021_E_0007653,-7.9663161417
CtrSVDD_0022_E_0007654,-6.3292799709
CtrSVDD_0023_E_0007655,0.1994065447
CtrSVDD_0024_E_0007656,-7.1747744218
CtrSVDD_0025_E_0007657,-5.3125219508
CtrSVDD_0026_E_0007658,-6.5887574490
CtrSVDD_0027_E_0007659,-2.6499724440
CtrSVDD_0028_E_0007660,-7.9643299282
CtrSVDD_0029_E_0007661,-6.7208616392
CtrSVDD_0030_E_0007662,-6.1331607822
CtrSVDD_0031_E_0007663,-5.9675614508
CtrSVDD_0032_E_0007664,0.4121280969
CtrSVDD_0033_E_0007665,-4.1772229149
CtrSVDD_0034_E_0007666,-5.7303323622
CtrSVDD_0035_E_0007667,-4.1180126621
CtrSVDD_0036_E_0007668,-0.8655832398
CtrSVDD_0037_E_0007669,-6.6366467708
CtrSVDD_0038_E_0007670,-3.8188190346
CtrSVDD_0039_E_0007671,-1.7389661654
CtrSVDD_0040_E_0007672,1.6346590772
CtrSVDD_0041_E_0007673,-3.8646701729
CtrSVDD_0042_E_0007674,-5.2958196836
CtrSVDD_0043_E_0007675,-6.4352991433
CtrSVDD_0044_E_0007676,-6.3593941564
CtrSVDD_0045_E_0007677,-0.8177421023
CtrSVDD_0046_E_0007678,-6.0751709640
CtrSVDD_0047_E_0007679,-4.3242078022
CtrSVDD_0000_E_0007680,-6.1429289419
CtrSVDD_0001_E_0007681,-6.1285472669
CtrSVDD_0002_E_0007682,-6.4231887830
CtrSVDD_0003_E_0007683,-4.2133085582
CtrSVDD_0004_E_0007684,-6.0547201148
CtrSVDD_0005_E_0007685,-6.5877578012
CtrSVDD_0006_E_0007686,-5.2329127489
CtrSVDD_0007_E_0007687,-5.7504335790
CtrSVDD_0008_E_0007688,-5.1341686074
CtrSVDD_0009_E_0007689,-7.2585906952
CtrSVDD_0010_E_0007690,-5.0285428973
CtrSVDD_0011_E_0007691,-7.0942803879
CtrSVDD_0012_E_0007692,-5.0106467095
CtrSVDD_0013_E_0007693,1.0847652160
CtrSVDD_0014_E_0007694,-5.7177979322
CtrSVDD_0015_E_0007695,-6.1526341412
CtrSVDD_0016_E_0007696,-6.4312227182
CtrSVDD_0017_E_0007697,-5.5141839832
CtrSVDD_0018_E_0007698,-6.2066996948
CtrSVDD_0019_E_0007699,-5.5505714043
CtrSVDD_0020_E_0007700,-2.3143720728
CtrSVDD_0021_E_0007701,-6.8588444159
CtrSVDD_0022_E_0007702,-6.7487209160
CtrSVDD_0023_E_0007703,-6.8238558036
CtrSVDD_0024_E_0007704,-7.6998856463
CtrSVDD_0025_E_0007705,-5.3519151290
CtrSVDD_0026_E_0007706,-7.3801942398
CtrSVDD_0027_E_0007707,-6.3452020510
CtrSVDD_0028_E_0007708,-5.3265987951
CtrSVDD_0029_E_0007709,-5.3318463091
CtrSVDD_0030_E_0007710,-6.3621824961
CtrSVDD_0031_E_0007711,-6.9052548939
CtrSVDD_0032_E_0007712,-7.0086517011
CtrSVDD_0033_E_0007713,-6.4105871178
CtrSVDD_0034_E_0007714,-8.4052238098
CtrSVDD_0035_E_0007715,-5.2447311519
CtrSVDD_0036_E_0007716,-8.7705187846
CtrSVDD_0037_E_0007717,-6.8894906119
CtrSVDD_0038_E_0007718,-3.7510187746
CtrSVDD_0039_E_0007719,-6.5213955267
CtrSVDD_0040_E_0007720,-7.2973864697
CtrSVDD_0041_E_0007721,0.7887715581
CtrSVDD_0042_E_0007722,-0.0468765635
CtrSVDD_0043_E_0007723,-8.4676825676
CtrSVDD_0044_E_0007724,-4.8460542181
CtrSVDD_0045_E_0007725,-6.0534513940
CtrSVDD_0046_E_0007726,0.6562059672
CtrSVDD_0047_E_0007727,-2.7209226781
CtrSVDD_0000_E_0007728,-6.2191429550
CtrSVDD_0001_E_0007729,-7.0358968657
CtrSVDD_0002_E_0007730,-4.5781356656
CtrSVDD_0003_E_0007731,-1.5261287257
CtrSVDD_0004_E_0007732,-4.5862028687
CtrSVDD_0005_E_0007733,-6.2696654927
CtrSVDD_0006_E_0007734,-6.5611729192
CtrSVDD_0007_E_0007735,-5.9107589863
CtrSVDD_0008_E_0007736,-5.1599630733
CtrSVDD_0009_E_0007737,-1.0888326775
CtrSVDD_0010_E_0007738,-7.7307550794
CtrSVDD_0011_E_0007739,-0.1100264567
CtrSVDD_0012_E_0007740,-0.3653585875
CtrSVDD_0013_E_0007741,-7.0958022445
CtrSVDD_0014_E_0007742,-5.7955217916
CtrSVDD_0015_E_0007743,-4.5860739532
CtrSVDD_0016_E_0007744,-4.1308092317
CtrSVDD_0017_E_0007745,-4.7475722141
CtrSVDD_0018_E_0007746,-4.8201624101
CtrSVDD_0019_E_0007747,-7.0718198247
CtrSVDD_0020_E_0007748,-2.6792692409
CtrSVDD_0021_E_0007749,-5.2936126733
CtrSVDD_0022_E_0007750,-6.0911789462
CtrSVDD_0023_E_0007751,-2.1330156723
CtrSVDD_0024_E_0007752,-6.1803506741
CtrSVDD_0025_E_0007753,-2.9466650782
CtrSVDD_0026_E_0007754,-5.4182141301
CtrSVDD_0027_E_0007755,-4.7678934509
CtrSVDD_0028_E_0007756,-6.3196825491
CtrSVDD_0029_E_0007757,-6.1001949617
CtrSVDD_0030_E_0007758,-7.1180507648
CtrSVDD_0031_E_0007759,-5.9981041740
CtrSVDD_0032_E_0007760,-5.9055804373
CtrSVDD_0033_E_0007761,-6.5449062614
CtrSVDD_0034_E_0007762,-6.6231683099
CtrSVDD_0035_E_0007763,1.9724519057
CtrSVDD_0036_E_0007764,-6.5015144123
CtrSVDD_0037_E_0007765,-6.9062655261
CtrSVDD_0038_E_0007766,-5.9014388030
CtrSVDD_0039_E_0007767,-6.4489759826
CtrSVDD_0040_E_0007768,-6.9211851879
CtrSVDD_0041_E_0007769,-4.2267958236
CtrSVDD_0042_E_0007770,-6.1550838509
CtrSVDD_0043_E_0007771,-7.4363890791
CtrSVDD_0044_E_0007772,-6.6986310352
CtrSVDD_0045_E_0007773,-4.6175177448
CtrSVDD_0046_E_0007774,-4.1271445753
CtrSVDD_0047_E_0007775,-4.7813245128
CtrSVDD_0000_E_0007776,-4.0481338690
CtrSVDD_0001_E_0007777,-2.4238420071
CtrSVDD_0002_E_0007778,0.7163547607
CtrSVDD_0003_E_0007779,-6.8047520899
CtrSVDD_0004_E_0007780,-3.6751206778
CtrSVDD_0005_E_0007781,-5.8946345725
CtrSVDD_0006_E_0007782,-3.1321522543
CtrSVDD_0007_E_0007783,-0.7109414228
CtrSVDD_0008_E_0007784,-5.6277818848
CtrSVDD_0009_E_0007785,-6.8624771263
CtrSVDD_0010_E_0007786,-6.7024275181
CtrSVDD_0011_E_0007787,-3.7134305034
CtrSVDD_0012_E_0007788,-2.8974667039
CtrSVDD_0013_E_0007789,-7.8828027365
CtrSVDD_0014_E_0007790,-0.5006329560
CtrSVDD_0015_E_0007791,-3.6783065005
CtrSVDD_0016_E_0007792,-4.9991211401
CtrSVDD_0017_E_0007793,-6.4672964572
CtrSVDD_0018_E_0007794,-5.8475820920
CtrSVDD_0019_E_0007795,-5.9362487521
CtrSVDD_0020_E_0007796,-6.9734961569
CtrSVDD_0021_E_0007797,-6.8060554059
CtrSVDD_0022_E_0007798,-6.3384152384
CtrSVDD_0023_E_0007799,-4.4430278029
CtrSVDD_0024_E_0007800,-3.8075403170
CtrSVDD_0025_E_0007801,-5.3928110333
CtrSVDD_0026_E_0007802,-6.3728183945
CtrSVDD_0027_E_0007803,-7.8081967717
CtrSVDD_0028_E_0007804,-5.9615300544
CtrSVDD_0029_E_0007805,0.2422405838
CtrSVDD_0030_E_0007806,-7.2726630832
CtrSVDD_0031_E_0007807,-6.4752266972
CtrSVDD_0032_E_0007808,-4.9405842819
CtrSVDD_0033_E_0007809,-5.8402711752
CtrSVDD_0034_E_0007810,-5.1873586198
CtrSVDD_0035_E_0007811,-6.4527271072
CtrSVDD_0036_E_0007812,-6.3803345362
CtrSVDD_0037_E_0007813,-8.3529901921
CtrSVDD_0038_E_0007814,0.3061550341
CtrSVDD_0039_E_0007815,-7.5009654417
CtrSVDD_0040_E_0007816,-3.1509401939
CtrSVDD_0041_E_0007817,-6.2922596337
CtrSVDD_0042_E_0007818,0.9229904982
CtrSVDD_0043_E_0007819,-3.0661652457
CtrSVDD_0044_E_0007820,0.1283405650
CtrSVDD_0045_E_0007821,0.4990480477
CtrSVDD_0046_E_0007822,-1.7716607253
CtrSVDD_0047_E_0007823,-6.1416801215
CtrSVDD_0000_E_0007824,-3.1847815163
CtrSVDD_0001_E_0007825,-6.1940998005
CtrSVDD_0002_E_0007826,-6.9885504379
CtrSVDD_0003_E_0007827,-5.1153985965
CtrSVDD_0004_E_0007828,-0.1396318267
CtrSVDD_0005_E_0007829,-8.2098264476
CtrSVDD_0006_E_0007830,-8.0410231928
CtrSVDD_0007_E_0007831,-6.6324752187
CtrSVDD_0008_E_0007832,-4.3074025569
CtrSVDD_0009_E_0007833,-7.7458827529
CtrSVDD_0010_E_0007834,-0.3400525366
CtrSVDD_0011_E_0007835,-0.9722721429
CtrSVDD_0012_E_0007836,-6.9485755888
CtrSVDD_0013_E_0007837,-6.4708378692
CtrSVDD_0014_E_0007838,-4.1922327716
CtrSVDD_0015_E_0007839,-6.4192760533
CtrSVDD_0016_E_0007840,-3.4880862114
CtrSVDD_0017_E_0007841,-4.7974064420
CtrSVDD_0018_E_0007842,-7.7520194134
CtrSVDD_0019_E_0007843,-3.4753955202
CtrSVDD_0020_E_0007844,-8.5025270696
CtrSVDD_0021_E_0007845,-6.7070054629
CtrSVDD_0022_E_0007846,-5.0203861260
CtrSVDD_0023_E_0007847,-0.7698207150
CtrSVDD_0024_E_0007848,-5.9013655059
CtrSVDD_0025_E_0007849,-4.1123924675
CtrSVDD_0026_E_0007850,0.3252687518
CtrSVDD_0027_E_0007851,-6.2395974464
CtrSVDD_0028_E_0007852,-8.1963095105
CtrSVDD_0029_E_0007853,-5.0628057261
CtrSVDD_0030_E_0007854,-6.8796034677
CtrSVDD_0031_E_0007855,-2.2319414739
CtrSVDD_0032_E_0007856,-2.3750522080
CtrSVDD_0033_E_0007857,-6.5623585238
CtrSVDD_0034_E_0007858,0.3593837417
CtrSVDD_0035_E_0007859,-6.1635568267
CtrSVDD_0036_E_0007860,-5.2739546999
CtrSVDD_0037_E_0007861,1.6348377422
CtrSVDD_0038_E_0007862,-6.1464720749
CtrSVDD_0039_E_0007863,-5.2222245342
CtrSVDD_0040_E_0007864,-5.5658351424
CtrSVDD_0041_E_0007865,1.2768173084
CtrSVDD_0042_E_0007866,-7.0056238799
CtrSVDD_0043_E_0007867,-3.5735872559
CtrSVDD_0044_E_0007868,-3.7246410067
CtrSVDD_0045_E_0007869,-4.9503588474
CtrSVDD_0046_E_0007870,-7.0991555737
CtrSVDD_0047_E_0007871,-6.2536278229
CtrSVDD_0000_E_0007872,-5.1838034484
CtrSVDD_0001_E_0007873,-5.7892444903
CtrSVDD_0002_E_0007874,-5.7282348966
CtrSVDD_0003_E_0007875,-4.4066793730
CtrSVDD_0004_E_0007876,-5.3058582310
CtrSVDD_0005_E_0007877,-1.9633985679
CtrSVDD_0006_E_0007878,-5.3719624188
CtrSVDD_0007_E_0007879,-7.5983601748
CtrSVDD_0008_E_0007880,-3.2182487256
CtrSVDD_0009_E_0007881,-5.8508584005
CtrSVDD_0010_E_0007882,-6.4716709183
CtrSVDD_0011_E_0007883,-7.1044283786
CtrSVDD_0012_E_0007884,-2.0153046669
CtrSVDD_0013_E_0007885,-0.6354858275
CtrSVDD_0014_E_0007886,-3.3588270599
CtrSVDD_0015_E_0007887,-5.4526542649
CtrSVDD_0016_E_0007888,-5.6916672608
CtrSVDD_0017_E_0007889,-5.8728631240
CtrSVDD_0018_E_0007890,-6.3481940458
CtrSVDD_0019_E_0007891,-5.5461754551
CtrSVDD_0020_E_0007892,-5.7180770005
CtrSVDD_0021_E_0007893,-6.8640174785
CtrSVDD_0022_E_0007894,-4.7782841621
CtrSVDD_0023_E_0007895,-7.6847642115
CtrSVDD_0024_E_0007896,-5.3778181215
CtrSVDD_0025_E_0007897,-5.6483862682
CtrSVDD_0026_E_0007898,-7.1798111233
CtrSVDD_0027_E_0007899,-5.6495258694
CtrSVDD_0028_E_0007900,-2.7187628106
CtrSVDD_0029_E_0007901,-5.6388634870
CtrSVDD_0030_E_0007902,-5.9047989538
CtrSVDD_0031_E_0007903,-7.7131309100
CtrSVDD_0032_E_0007904,-6.8940023716
CtrSVDD_0033_E_0007905,-3.0597213701
CtrSVDD_0034_E_0007906,-6.8284408987
CtrSVDD_0035_E_0007907,-8.7393629006
CtrSVDD_0036_E_0007908,-6.2702868652
CtrSVDD_0037_E_0007909,0.8474158143
CtrSVDD_0038_E_0007910,-7.0889729309
CtrSVDD_0039_E_0007911,-7.2535463819
CtrSVDD_0040_E_0007912,-7.9265150567
CtrSVDD_0041_E_0007913,-5.0674889478
CtrSVDD_0042_E_0007914,-0.0805172304
CtrSVDD_0043_E_0007915,-8.1411730144
CtrSVDD_0044_E_0007916,-6.0440715347
CtrSVDD_0045_E_0007917,-2.3390460665
CtrSVDD_0046_E_0007918,-5.7959721236
CtrSVDD_0047_E_0007919,-6.0111194448
CtrSVDD_0000_E_0007920,-3.5166077649
CtrSVDD_0001_E_0007921,-6.1175740666
CtrSVDD_0002_E_0007922,-7.2099530467
CtrSVDD_0003_E_0007923,-7.7901993043
CtrSVDD_0004_E_0007924,-5.8650776045
CtrSVDD_0005_E_0007925,-6.6032691037
CtrSVDD_0006_E_0007926,-7.4906604393
CtrSVDD_0007_E_0007927,-3.6942528884
CtrSVDD_0008_E_0007928,0.3432308474
CtrSVDD_0009_E_0007929,-7.5345259012
CtrSVDD_0010_E_0007930,-7.0855168943
CtrSVDD_0011_E_0007931,-6.2906929096
CtrSVDD_0012_E_0007932,-5.8234094986
CtrSVDD_0013_E_0007933,-5.8438268948
CtrSVDD_0014_E_0007934,-6.0927030497
CtrSVDD_0015_E_0007935,-6.3511839669
CtrSVDD_0016_E_0007936,-5.5563504760
CtrSVDD_0017_E_0007937,-6.1046136366
CtrSVDD_0018_E_0007938,-2.2754413992
CtrSVDD_0019_E_0007939,0.4816954322
CtrSVDD_0020_E_0007940,-6.2970035851
CtrSVDD_0021_E_0007941,-7.0199189262
CtrSVDD_0022_E_0007942,-0.7529983711
CtrSVDD_0023_E_0007943,-5.7595653692
CtrSVDD_0024_E_0007944,-4.9299473658
CtrSVDD_0025_E_0007945,-6.8352288727
CtrSVDD_0026_E_0007946,1.2648776829
CtrSVDD_0027_E_0007947,-7.3603891267
CtrSVDD_0028_E_0007948,-8.7445324095
CtrSVDD_0029_E_0007949,-6.9615875460
CtrSVDD_0030_E_0007950,-3.1097748346
CtrSVDD_0031_E_0007951,-6.9593168660
CtrSVDD_0032_E_0007952,-4.1473865813
CtrSVDD_0033_E_0007953,-6.9976494650
CtrSVDD_0034_E_0007954,-2.4097440634
CtrSVDD_0035_E_0007955,-7.3888768157
CtrSVDD_0036_E_0007956,-5.6878166894
CtrSVDD_0037_E_0007957,-0.4677856855
CtrSVDD_0038_E_0007958,-0.2748271071
CtrSVDD_0039_E_0007959,-8.6054388204
CtrSVDD_0040_E_0007960,-5.5748230159
CtrSVDD_0041_E_0007961,-5.8393840762
CtrSVDD_0042_E_0007962,-4.7675279864
CtrSVDD_0043_E_0007963,-6.6344936845
CtrSVDD_0044_E_0007964,0.8473630158
CtrSVDD_0045_E_0007965,-5.4224740745
CtrSVDD_0046_E_0007966,-5.4077316159
CtrSVDD_0047_E_0007967,-2.2215172947
CtrSVDD_0000_E_0007968,0.6133869154
CtrSVDD_0001_E_0007969,-6.6959107612
CtrSVDD_0002_E_0007970,-6.7119639996
CtrSVDD_0003_E_0007971,0.7925957377
CtrSVDD_0004_E_0007972,-5.2050224191
CtrSVDD_0005_E_0007973,-2.6635787766
CtrSVDD_0006_E_0007974,-7.3083600690
CtrSVDD_0007_E_0007975,-5.5029117366
CtrSVDD_0008_E_0007976,-6.2593621263
CtrSVDD_0009_E_0007977,-5.7463989989
CtrSVDD_0010_E_0007978,-6.9094289354
CtrSVDD_0011_E_0007979,-4.8418669192
CtrSVDD_0012_E_0007980,-4.9006225912
CtrSVDD_0013_E_0007981,-5.9220365960
CtrSVDD_0014_E_0007982,-2.7821295695
CtrSVDD_0015_E_0007983,-5.2511225426
CtrSVDD_0016_E_0007984,-7.1856818840
CtrSVDD_0017_E_0007985,-8.0082844716
CtrSVDD_0018_E_0007986,-4.7457175630
CtrSVDD_0019_E_0007987,-6.6498495573
CtrSVDD_0020_E_0007988,-4.6192581505
CtrSVDD_0021_E_0007989,-6.0612434667
CtrSVDD_0022_E_0007990,1.9251456555
CtrSVDD_0023_E_0007991,-3.3636549585
CtrSVDD_0024_E_0007992,-2.9573721351
CtrSVDD_0025_E_0007993,-0.5096618997
CtrSVDD_0026_E_0007994,-5.7239808961
CtrSVDD_0027_E_0007995,-7.5738549248
CtrSVDD_0028_E_0007996,-4.9533406259
CtrSVDD_0029_E_0007997,-5.3457805387
CtrSVDD_0030_E_0007998,-4.3603533368
CtrSVDD_0031_E_0007999,-6.4040215118
CtrSVDD_0032_E_0008000,-3.3443184173
CtrSVDD_0033_E_0008001,-4.8530683157
CtrSVDD_0034_E_0008002,-5.6153044978
CtrSVDD_0035_E_0008003,-7.5324012754
CtrSVDD_0036_E_0008004,-6.8259655713
CtrSVDD_0037_E_0008005,-6.6913393374
CtrSVDD_0038_E_0008006,0.4274043749
CtrSVDD_0039_E_0008007,0.1227011540
CtrSVDD_0040_E_0008008,-6.2806725742
CtrSVDD_0041_E_0008009,-5.3241335900
CtrSVDD_0042_E_0008010,-5.8114620231
CtrSVDD_0043_E_0008011,-3.8314618973
CtrSVDD_0044_E_0008012,-5.5019147878
CtrSVDD_0045_E_0008013,-0.6701060655
CtrSVDD_0046_E_0008014,-5.6119971029
CtrSVDD_0047_E_0008015,-7.1559584157
CtrSVDD_0000_E_0008016,-4.8245127499
CtrSVDD_0001_E_0008017,-4.3283492302
CtrSVDD_0002_E_0008018,0.3863752869
CtrSVDD_0003_E_0008019,-1.3503700232
CtrSVDD_0004_E_0008020,-6.8744876808
CtrSVDD_0005_E_0008021,-3.7950969164
CtrSVDD_0006_E_0008022,-4.9856639254
CtrSVDD_0007_E_0008023,-7.5992746711
CtrSVDD_0008_E_0008024,-6.2126806427
CtrSVDD_0009_E_0008025,-1.4923680786
CtrSVDD_0010_E_0008026,-4.7846746162
CtrSVDD_0011_E_0008027,-3.9257359674
CtrSVDD_0012_E_0008028,-0.4884676583
CtrSVDD_0013_E_0008029,-3.7566058150
CtrSVDD_0014_E_0008030,-8.0495192859
CtrSVDD_0015_E_0008031,-5.5308748505
CtrSVDD_0016_E_0008032,-5.5842637092
CtrSVDD_0017_E_0008033,0.8138400168
CtrSVDD_0018_E_0008034,-3.8775773532
CtrSVDD_0019_E_0008035,0.9745186026
CtrSVDD_0020_E_0008036,0.2508923729
CtrSVDD_0021_E_0008037,-5.1043063320
CtrSVDD_0022_E_0008038,-6.8911882905
CtrSVDD_0023_E_0008039,-6.5117187848
CtrSVDD_0024_E_0008040,0.3743454506
CtrSVDD_0025_E_0008041,-6.8149749121
CtrSVDD_0026_E_0008042,-5.5931700398
CtrSVDD_0027_E_0008043,-2.0814974982
CtrSVDD_0028_E_0008044,-5.3358892168
CtrSVDD_0029_E_0008045,-5.0201790053
CtrSVDD_0030_E_0008046,-0.2006659048
CtrSVDD_0031_E_0008047,-0.8696593245
CtrSVDD_0032_E_0008048,-6.2090764476
CtrSVDD_0033_E_0008049,2.0462009173
CtrSVDD_0034_E_0008050,1.1197159605
CtrSVDD_0035_E_0008051,-7.5366542589
CtrSVDD_0036_E_0008052,-2.9670849408
CtrSVDD_0037_E_0008053,0.4857699121
CtrSVDD_0038_E_0008054,-8.2960399617
CtrSVDD_0039_E_0008055,-6.5375496944
CtrSVDD_0040_E_0008056,-1.0088261121
CtrSVDD_0041_E_0008057,-3.1797302034
CtrSVDD_0042_E_0008058,-6.4355345407
CtrSVDD_0043_E_0008059,-4.2778848973
CtrSVDD_0044_E_0008060,0.3120239506
CtrSVDD_0045_E_0008061,-4.6847396209
CtrSVDD_0046_E_0008062,-6.4835866397
CtrSVDD_0047_E_0008063,0.3341302823
CtrSVDD_0000_E_0008064,-5.4922416735
CtrSVDD_0001_E_0008065,-5.3775708242
CtrSVDD_0002_E_0008066,-7.1647115432
CtrSVDD_0003_E_0008067,-7.8005634534
CtrSVDD_0004_E_0008068,-8.7617836749
CtrSVDD_0005_E_0008069,-5.2054741615
CtrSVDD_0006_E_0008070,-7.2905654011
CtrSVDD_0007_E_0008071,-7.5591910767
CtrSVDD_0008_E_0008072,-4.1401005885
CtrSVDD_0009_E_0008073,-6.9313836110
CtrSVDD_0010_E_0008074,-3.2760377238
CtrSVDD_0011_E_0008075,-6.6264838433
CtrSVDD_0012_E_0008076,-6.2577359542
CtrSVDD_0013_E_0008077,-4.1071092095
CtrSVDD_0014_E_0008078,-5.6936959351
CtrSVDD_0015_E_0008079,-5.6952148668
CtrSVDD_0016_E_0008080,-8.1530229205
CtrSVDD_0017_E_0008081,-8.0026344074
CtrSVDD_0018_E_0008082,-7.3975522938
CtrSVDD_0019_E_0008083,-6.6842030453
CtrSVDD_0020_E_0008084,-7.8737734941
CtrSVDD_0021_E_0008085,-6.0942025093
CtrSVDD_0022_E_0008086,-6.3854867856
CtrSVDD_0023_E_0008087,-5.9302093235
CtrSVDD_0024_E_0008088,-7.4462725945
CtrSVDD_0025_E_0008089,-6.6201865314
CtrSVDD_0026_E_0008090,-5.1482890981
CtrSVDD_0027_E_0008091,-4.2521377800
CtrSVDD_0028_E_0008092,-4.6925482684
CtrSVDD_0029_E_0008093,-7.3168085448
CtrSVDD_0030_E_0008094,-5.7464006095
CtrSVDD_0031_E_0008095,-0.0454762832
CtrSVDD_0032_E_0008096,1.6903562409
CtrSVDD_0033_E_0008097,0.6354858275
CtrSVDD_0034_E_0008098,-8.6128319938
CtrSVDD_0035_E_0008099,-5.8161597807
CtrSVDD_0036_E_0008100,-3.3684788782
CtrSVDD_0037_E_0008101,-7.2016998228
CtrSVDD_0038_E_0008102,-5.5319314250
CtrSVDD_0039_E_0008103,-5.5612594165
CtrSVDD_0040_E_0008104,-5.0552215037
CtrSVDD_0041_E_0008105,-6.6908602072
CtrSVDD_0042_E_0008106,-0.1921097344
CtrSVDD_0043_E_0008107,-4.8329174232
CtrSVDD_0044_E_0008108,-5.2686646676
CtrSVDD_0045_E_0008109,2.9500190302
CtrSVDD_0046_E_0008110,-4.5979615919
CtrSVDD_0047_E_0008111,0.5713830644
CtrSVDD_0000_E_0008112,-3.3394735266
CtrSVDD_0001_E_0008113,-5.0520418350
CtrSVDD_0002_E_0008114,-3.0378183416
CtrSVDD_0003_E_0008115,-4.9955812904
CtrSVDD_0004_E_0008116,-6.1818237233
CtrSVDD_0005_E_0008117,-5.4648091451
CtrSVDD_0006_E_0008118,-7.8248799777
CtrSVDD_0007_E_0008119,-3.3491588972
CtrSVDD_0008_E_0008120,-4.4768681552
CtrSVDD_0009_E_0008121,-6.7108067631
CtrSVDD_0010_E_0008122,-6.1431623241
CtrSVDD_0011_E_0008123,-5.7011595728
CtrSVDD_0012_E_0008124,-7.3812943857
CtrSVDD_0013_E_0008125,-6.7577243083
CtrSVDD_0014_E_0008126,-7.9672360781
CtrSVDD_0015_E_0008127,-5.8475874621
CtrSVDD_0016_E_0008128,-7.0412826379
CtrSVDD_0017_E_0008129,-3.9359034591
CtrSVDD_0018_E_0008130,-5.1314917629
CtrSVDD_0019_E_0008131,-6.5131757986
CtrSVDD_0020_E_0008132,-6.5679533362
CtrSVDD_0021_E_0008133,1.8380753872
CtrSVDD_0022_E_0008134,-0.9290925809
CtrSVDD_0023_E_0008135,-5.9255443217
CtrSVDD_0024_E_0008136,-4.2364965252
CtrSVDD_0025_E_0008137,-3.9644156460
CtrSVDD_0026_E_0008138,-5.7895684622
CtrSVDD_0027_E_0008139,-6.1073232669
CtrSVDD_0028_E_0008140,-5.3940928504
CtrSVDD_0029_E_0008141,-4.7011388167
CtrSVDD_0030_E_0008142,-6.3096718209
CtrSVDD_0031_E_0008143,-5.7054392137
CtrSVDD_0032_E_0008144,-6.7672052771
CtrSVDD_0033_E_0008145,-6.6897504610
CtrSVDD_0034_E_0008146,-2.9165516113
CtrSVDD_0035_E_0008147,-8.2002532667
CtrSVDD_0036_E_0008148,-3.0360345077
CtrSVDD_0037_E_0008149,-6.5253739806
CtrSVDD_0038_E_0008150,-0.0216829145
CtrSVDD_0039_E_0008151,-5.9441110267
CtrSVDD_0040_E_0008152,-3.3877368874
CtrSVDD_0041_E_0008153,-2.9354313906
CtrSVDD_0042_E_0008154,-5.6872493737
CtrSVDD_0043_E_0008155,-6.4032989378
CtrSVDD_0044_E_0008156,-6.3394416044
CtrSVDD_0045_E_0008157,-8.7361490244
CtrSVDD_0046_E_0008158,-6.5277364972
CtrSVDD_0047_E_0008159,-5.3404871650
CtrSVDD_0000_E_0008160,-5.4772294557
CtrSVDD_0001_E_0008161,-4.6439967120
CtrSVDD_0002_E_0008162,-7.9393262711
CtrSVDD_0003_E_0008163,-6.1211033546
CtrSVDD_0004_E_0008164,-2.8684308352
CtrSVDD_0005_E_0008165,-6.4400455592
CtrSVDD_0006_E_0008166,-6.5897010535
CtrSVDD_0007_E_0008167,-7.0603995965
CtrSVDD_0008_E_0008168,1.7202915191
CtrSVDD_0009_E_0008169,-6.8658946384
CtrSVDD_0010_E_0008170,-5.4140456213
CtrSVDD_0011_E_0008171,0.4582631533
CtrSVDD_0012_E_0008172,-6.7621267408
CtrSVDD_0013_E_0008173,-4.9646697189
CtrSVDD_0014_E_0008174,-2.5071231397
CtrSVDD_0015_E_0008175,-5.7093706394
CtrSVDD_0016_E_0008176,-8.5298555170
CtrSVDD_0017_E_0008177,-4.6060865930
CtrSVDD_0018_E_0008178,-6.0474500668
CtrSVDD_0019_E_0008179,-5.4092438744
CtrSVDD_0020_E_0008180,-6.9379863088
CtrSVDD_0021_E_0008181,0.2981000670
CtrSVDD_0022_E_0008182,-5.4911396959
CtrSVDD_0023_E_0008183,1.2642261759
CtrSVDD_0024_E_0008184,-5.6310481959
CtrSVDD_0025_E_0008185,-7.5188701533
CtrSVDD_0026_E_0008186,-7.5139471792
CtrSVDD_0027_E_0008187,-8.3274545080
CtrSVDD_0028_E_0008188,-5.9097113579
CtrSVDD_0029_E_0008189,0.3969473992
CtrSVDD_0030_E_0008190,-3.9361049272
CtrSVDD_0031_E_0008191,-5.6003165889
CtrSVDD_0032_E_0008192,-5.4264963323
CtrSVDD_0033_E_0008193,-6.1973193857
CtrSVDD_0034_E_0008194,-5.7200917299
CtrSVDD_0035_E_0008195,-5.9374023344
CtrSVDD_0036_E_0008196,-5.5111211011
CtrSVDD_0037_E_0008197,-5.6221962388
CtrSVDD_0038_E_0008198,-6.9112320019
CtrSVDD_0039_E_0008199,-6.1573832145
CtrSVDD_0040_E_0008200,-5.5152375854
CtrSVDD_0041_E_0008201,-4.6823388668
CtrSVDD_0042_E_0008202,-7.5038789648
CtrSVDD_0043_E_0008203,0.5277739351
CtrSVDD_0044_E_0008204,-6.4332916516
CtrSVDD_0045_E_0008205,-4.6297917186
CtrSVDD_0046_E_0008206,-1.2194953228
CtrSVDD_0047_E_0008207,-2.4649809558
CtrSVDD_0000_E_0008208,-7.0212351358
CtrSVDD_0001_E_0008209,-6.6477124097
CtrSVDD_0002_E_0008210,-7.9850606547
CtrSVDD_0003_E_0008211,-6.5867709412
CtrSVDD_0004_E_0008212,-5.8073521729
CtrSVDD_0005_E_0008213,-6.3950708100
CtrSVDD_0006_E_0008214,-6.2258640997
CtrSVDD_0007_E_0008215,-6.8059991709
CtrSVDD_0008_E_0008216,-0.9098554994
CtrSVDD_0009_E_0008217,-6.4517913221
CtrSVDD_0010_E_0008218,-3.7455118935
CtrSVDD_0011_E_0008219,0.1835676051
CtrSVDD_0012_E_0008220,-4.9172175832
CtrSVDD_0013_E_0008221,-5.4350878301
CtrSVDD_0014_E_0008222,-7.0713308575
CtrSVDD_0015_E_0008223,-4.6126011582
CtrSVDD_0016_E_0008224,-4.2793830250
CtrSVDD_0017_E_0008225,-5.5049075422
CtrSVDD_0018_E_0008226,-6.4473889936
CtrSVDD_0019_E_0008227,-0.2711543501
CtrSVDD_0020_E_0008228,-8.4283601359
CtrSVDD_0021_E_0008229,-4.9820886419
CtrSVDD_0022_E_0008230,-5.8465660084
CtrSVDD_0023_E_0008231,-0.0819206398
CtrSVDD_0024_E_0008232,-3.9906482805
CtrSVDD_0025_E_0008233,-6.0908723936
CtrSVDD_0026_E_0008234,-8.0806739797
CtrSVDD_0027_E_0008235,-5.6075596679
CtrSVDD_0028_E_0008236,-3.7583917749
CtrSVDD_0029_E_0008237,-4.0893322281
CtrSVDD_0030_E_0008238,-6.8996619969
CtrSVDD_0031_E_0008239,-8.0521462998
CtrSVDD_0032_E_0008240,-3.4552703828
CtrSVDD_0033_E_0008241,-5.2469367393
CtrSVDD_0034_E_0008242,-5.3997562205
CtrSVDD_0035_E_0008243,-5.7032515622
CtrSVDD_0036_E_0008244,-6.3800741231
CtrSVDD_0037_E_0008245,-5.2644372271
CtrSVDD_0038_E_0008246,-6.0425482003
CtrSVDD_0039_E_0008247,-5.1389226035
CtrSVDD_0040_E_0008248,-5.5461653496
CtrSVDD_0041_E_0008249,-7.1468119752
CtrSVDD_0042_E_0008250,-3.6512594809
CtrSVDD_0043_E_0008251,-5.5710971474
CtrSVDD_0044_E_0008252,-6.5510031230
CtrSVDD_0045_E_0008253,-6.6780795778
CtrSVDD_0046_E_0008254,-6.9516327169
CtrSVDD_0047_E_0008255,-5.6192831000
CtrSVDD_0000_E_0008256,-1.4631771543
CtrSVDD_0001_E_0008257,-4.1069555545
CtrSVDD_0002_E_0008258,-4.9409271537
CtrSVDD_0003_E_0008259,-4.5239863383
CtrSVDD_0004_E_0008260,-1.4352085477
CtrSVDD_0005_E_0008261,2.3941732400
CtrSVDD_0006_E_0008262,0.7833095470
CtrSVDD_0007_E_0008263,-7.0923529932
CtrSVDD_0008_E_0008264,-5.5823910820
CtrSVDD_0009_E_0008265,-6.4713225835
CtrSVDD_0010_E_0008266,-5.3003444477
CtrSVDD_0011_E_0008267,-5.1748746504
CtrSVDD_0012_E_0008268,-6.0735233337
CtrSVDD_0013_E_0008269,-6.7834039849
CtrSVDD_0014_E_0008270,-6.0986448717
CtrSVDD_0015_E_0008271,-6.1647649198
CtrSVDD_0016_E_0008272,-5.8200998441
CtrSVDD_0017_E_0008273,-9.1959127292
CtrSVDD_0018_E_0008274,-8.5364531457
CtrSVDD_0019_E_0008275,-5.9124594112
CtrSVDD_0020_E_0008276,-5.3437584193
CtrSVDD_0021_E_0008277,-6.7064132706
CtrSVDD_0022_E_0008278,-6.3257016753
CtrSVDD_0023_E_0008279,-0.0945589226
CtrSVDD_0024_E_0008280,-6.0861873768
CtrSVDD_0025_E_0008281,-5.4177279550
CtrSVDD_0026_E_0008282,-4.4706582610
CtrSVDD_0027_E_0008283,-5.6078460715
CtrSVDD_0028_E_0008284,-6.7458577673
CtrSVDD_0029_E_0008285,-1.3331649506
CtrSVDD_0030_E_0008286,-5.2102859944
CtrSVDD_0031_E_0008287,-4.4743715836
CtrSVDD_0032_E_0008288,-6.2327360308
CtrSVDD_0033_E_0008289,-4.8238393931
CtrSVDD_0034_E_0008290,-4.2462546791
CtrSVDD_0035_E_0008291,-7.2273375737
CtrSVDD_0036_E_0008292,-0.5455439463
CtrSVDD_0037_E_0008293,-5.5421695320
CtrSVDD_0038_E_0008294,-7.5230045513
CtrSVDD_0039_E_0008295,1.1435985132
CtrSVDD_0040_E_0008296,-6.2097478546
CtrSVDD_0041_E_0008297,-6.8300132027
CtrSVDD_0042_E_0008298,-0.2249905740
CtrSVDD_0043_E_0008299,-5.2924716900
CtrSVDD_0044_E_0008300,-4.6694505553
CtrSVDD_0045_E_0008301,-7.9137258989
CtrSVDD_0046_E_0008302,0.3608762425
CtrSVDD_0047_E_0008303,-6.8865396382
CtrSVDD_0000_E_0008304,-7.1406984827
CtrSVDD_0001_E_0008305,-7.0415629354
CtrSVDD_0002_E_0008306,-6.8420261747
CtrSVDD_0003_E_0008307,-8.5244593504
CtrSVDD_0004_E_0008308,-1.2938540838
CtrSVDD_0005_E_0008309,1.3412758765
CtrSVDD_0006_E_0008310,-5.8307783183
CtrSVDD_0007_E_0008311,-2.5275840213
CtrSVDD_0008_E_0008312,-0.7925957377
CtrSVDD_0009_E_0008313,-6.2803205572
CtrSVDD_0010_E_0008314,-6.5072716032
CtrSVDD_0011_E_0008315,-7.6435774898
CtrSVDD_0012_E_0008316,-4.1998195077
CtrSVDD_0013_E_0008317,-6.0303857315
CtrSVDD_0014_E_0008318,-0.2393607108
CtrSVDD_0015_E_0008319,-3.5102727982
CtrSVDD_0016_E_0008320,-5.0808681072
CtrSVDD_0017_E_0008321,-5.8154572307
CtrSVDD_0018_E_0008322,-6.7297672232
CtrSVDD_0019_E_0008323,-1.4470623406
CtrSVDD_0020_E_0008324,-4.2270159578
CtrSVDD_0021_E_0008325,-6.3033297878
CtrSVDD_0022_E_0008326,-7.8971881262
CtrSVDD_0023_E_0008327,-5.8578282345
CtrSVDD_0024_E_0008328,-6.3226932649
CtrSVDD_0025_E_0008329,-0.0174857423
CtrSVDD_0026_E_0008330,2.5940015058
CtrSVDD_0027_E_0008331,-5.7819721351
CtrSVDD_0028_E_0008332,-4.6579200773
CtrSVDD_0029_E_0008333,-8.0258488867
CtrSVDD_0030_E_0008334,-4.3992011176
CtrSVDD_0031_E_0008335,-5.1728837747
CtrSVDD_0032_E_0008336,-7.8679679222
CtrSVDD_0033_E_0008337,-5.3558526762
CtrSVDD_0034_E_0008338,-5.9220410073
CtrSVDD_0035_E_0008339,1.1571530850
CtrSVDD_0036_E_0008340,-5.7475680978
CtrSVDD_0037_E_0008341,0.2379215198
CtrSVDD_0038_E_0008342,-7.4034656150
CtrSVDD_0039_E_0008343,-6.6343515347
CtrSVDD_0040_E_0008344,-6.0516985558
CtrSVDD_0041_E_0008345,-4.4359692838
CtrSVDD_0042_E_0008346,-7.2957848774
CtrSVDD_0043_E_0008347,-0.1142492917
CtrSVDD_0044_E_0008348,-4.9974938387
CtrSVDD_0045_E_0008349,-3.2743989032
CtrSVDD_0046_E_0008350,-4.8391470837
CtrSVDD_0047_E_0008351,-7.3804226567
CtrSVDD_0000_E_0008352,-5.5227269977
CtrSVDD_0001_E_0008353,-8.0894437469
CtrSVDD_0002_E_0008354,-6.5951810346
CtrSVDD_0003_E_0008355,0.5700579520
CtrSVDD_0004_E_0008356,-6.3939044763
CtrSVDD_0005_E_0008357,1.1681518079
CtrSVDD_0006_E_0008358,-1.3789368058
CtrSVDD_0007_E_0008359,-6.1085602839
CtrSVDD_0008_E_0008360,-7.3376024064
CtrSVDD_0009_E_0008361,-0.4060446121
CtrSVDD_0010_E_0008362,-7.8261652662
CtrSVDD_0011_E_0008363,-4.3370236409
CtrSVDD_0012_E_0008364,-6.7840016079
CtrSVDD_0013_E_0008365,-4.8490274821
CtrSVDD_0014_E_0008366,-7.5555616842
CtrSVDD_0015_E_0008367,0.5607376411
CtrSVDD_0016_E_0008368,-7.1630466025
CtrSVDD_0017_E_0008369,-6.6852615928
CtrSVDD_0018_E_0008370,-6.9312199899
CtrSVDD_0019_E_0008371,-7.0410835732
CtrSVDD_0020_E_0008372,-3.5656740312
CtrSVDD_0021_E_0008373,-6.1720014436
CtrSVDD_0022_E_0008374,1.4313017591
CtrSVDD_0023_E_0008375,-6.6869024682
CtrSVDD_0024_E_0008376,-5.4450221973
CtrSVDD_0025_E_0008377,-6.4352655616
CtrSVDD_0026_E_0008378,-3.8310442514
CtrSVDD_0027_E_0008379,-5.6556535907
CtrSVDD_0028_E_0008380,-4.9956048151
CtrSVDD_0029_E_0008381,-5.9584881149
CtrSVDD_0030_E_0008382,-7.7537914306
CtrSVDD_0031_E_0008383,-0.9091304899
CtrSVDD_0032_E_0008384,-6.5889842148
CtrSVDD_0033_E_0008385,0.4911421764
CtrSVDD_0034_E_0008386,-6.8223746197
CtrSVDD_0035_E_0008387,-3.3265314193
CtrSVDD_0036_E_0008388,-5.9507763690
CtrSVDD_0037_E_0008389,-5.5913927860
CtrSVDD_0038_E_0008390,-0.1835676051
CtrSVDD_0039_E_0008391,-6.8887485421
CtrSVDD_0040_E_0008392,-7.3747526414
CtrSVDD_0041_E_0008393,-8.2353369522
CtrSVDD_0042_E_0008394,-4.5745105502
CtrSVDD_0043_E_0008395,-5.0941240483
CtrSVDD_0044_E_0008396,1.2136317090
CtrSVDD_0045_E_0008397,0.7514573812
CtrSVDD_0046_E_0008398,-0.0624592578
CtrSVDD_0047_E_0008399,-6.2860881307
CtrSVDD_0000_E_0008400,-6.6904144787
CtrSVDD_0001_E_0008401,-4.5756165931
CtrSVDD_0002_E_0008402,-5.0309257617
CtrSVDD_0003_E_0008403,-6.8545360485
CtrSVDD_0004_E_0008404,-0.2726058039
CtrSVDD_0005_E_0008405,-2.5205022172
CtrSVDD_0006_E_0008406,-7.8451867080
CtrSVDD_0007_E_0008407,-4.2635848099
CtrSVDD_0008_E_0008408,-6.7035377823
CtrSVDD_0009_E_0008409,-5.7022876688
CtrSVDD_0010_E_0008410,-4.8028447164
CtrSVDD_0011_E_0008411,-5.2172792389
CtrSVDD_0012_E_0008412,1.9924932571
CtrSVDD_0013_E_0008413,-6.5916599869
CtrSVDD_0014_E_0008414,-5.7901185179
CtrSVDD_0015_E_0008415,-7.6601766692
CtrSVDD_0016_E_0008416,-7.1464019387
CtrSVDD_0017_E_0008417,-6.4253340292
CtrSVDD_0018_E_0008418,0.8737499097
CtrSVDD_0019_E_0008419,-6.9912915392
CtrSVDD_0020_E_0008420,1.0299927843
CtrSVDD_0021_E_0008421,-6.0046232005
CtrSVDD_0022_E_0008422,-5.7850864443
CtrSVDD_0023_E_0008423,-6.0302123429
CtrSVDD_0024_E_0008424,-7.0958497132
CtrSVDD_0025_E_0008425,-6.2638363294
CtrSVDD_0026_E_0008426,-7.5326799205
CtrSVDD_0027_E_0008427,-4.7095882323
CtrSVDD_0028_E_0008428,-7.6940759709
CtrSVDD_0029_E_0008429,-6.4254352883
CtrSVDD_0030_E_0008430,-4.7945057544
CtrSVDD_0031_E_0008431,-4.9072579656
CtrSVDD_0032_E_0008432,-0.3638636612
CtrSVDD_0033_E_0008433,-0.3326515560
CtrSVDD_0034_E_0008434,-3.8004698893
CtrSVDD_0035_E_0008435,-4.5951031956
CtrSVDD_0036_E_0008436,-0.1944753570
CtrSVDD_0037_E_0008437,-3.0217101438
CtrSVDD_0038_E_0008438,-4.4851742355
CtrSVDD_0039_E_0008439,-6.8556112640
CtrSVDD_0040_E_0008440,-0.2149592275
CtrSVDD_0041_E_0008441,-2.5476684967
CtrSVDD_0042_E_0008442,-7.4166663633
CtrSVDD_0043_E_0008443,-8.9373126115
CtrSVDD_0044_E_0008444,-0.4691661305
CtrSVDD_0045_E_0008445,-6.5690605490
CtrSVDD_0046_E_0008446,-6.7531777668
CtrSVDD_0047_E_0008447,-6.4433786237
CtrSVDD_0000_E_0008448,-7.2119124207
CtrSVDD_0001_E_0008449,0.2740578323
CtrSVDD_0002_E_0008450,-4.9470433140
CtrSVDD_0003_E_0008451,-6.3699162270
CtrSVDD_0004_E_0008452,-6.9564927911
CtrSVDD_0005_E_0008453,-7.1068990168
CtrSVDD_0006_E_0008454,-6.6100618860
CtrSVDD_0007_E_0008455,1.7716607253
CtrSVDD_0008_E_0008456,-5.0802863202
CtrSVDD_0009_E_0008457,-6.3003480516
CtrSVDD_0010_E_0008458,-6.4091075947
CtrSVDD_0011_E_0008459,-8.1103112234
CtrSVDD_0012_E_0008460,-7.2316995064
CtrSVDD_0013_E_0008461,-2.6925667797
CtrSVDD_0014_E_0008462,-8.5137110345
CtrSVDD_0015_E_0008463,-6.5136219729
CtrSVDD_0016_E_0008464,-6.0597870903
CtrSVDD_0017_E_0008465,-4.2883611469
CtrSVDD_0018_E_0008466,-4.8146283966
CtrSVDD_0019_E_0008467,-7.9806822550
CtrSVDD_0020_E_0008468,-6.8888614892
CtrSVDD_0021_E_0008469,-0.3668543308
CtrSVDD_0022_E_0008470,-2.2144954539
CtrSVDD_0023_E_0008471,-8.0138849627
CtrSVDD_0024_E_0008472,-5.0884540329
CtrSVDD_0025_E_0008473,1.0392537032
CtrSVDD_0026_E_0008474,-6.4606830852
CtrSVDD_0027_E_0008475,-7.5869982600
CtrSVDD_0028_E_0008476,-7.6429596415
CtrSVDD_0029_E_0008477,-4.7407904907
CtrSVDD_0030_E_0008478,-6.7228920446
CtrSVDD_0031_E_0008479,-5.7347174273
CtrSVDD_0032_E_0008480,-7.2410070320
CtrSVDD_0033_E_0008481,-8.3037347753
CtrSVDD_0034_E_0008482,-6.0432727188
CtrSVDD_0035_E_0008483,-5.1441758976
CtrSVDD_0036_E_0008484,-4.6245117216
CtrSVDD_0037_E_0008485,-4.7857454542
CtrSVDD_0038_E_0008486,-2.7717646837
CtrSVDD_0039_E_0008487,-7.0135648696
CtrSVDD_0040_E_0008488,-5.3595058421
CtrSVDD_0041_E_0008489,-3.3909410047
CtrSVDD_0042_E_0008490,-5.0121408494
CtrSVDD_0043_E_0008491,-4.9694881562
CtrSVDD_0044_E_0008492,-6.2273275633
CtrSVDD_0045_E_0008493,-1.3896982195
CtrSVDD_0046_E_0008494,-7.5440662329
CtrSVDD_0047_E_0008495,-6.4625339334
CtrSVDD_0000_E_0008496,-1.6887870163
CtrSVDD_0001_E_0008497,-6.0572551785
CtrSVDD_0002_E_0008498,-5.5984326892
CtrSVDD_0003_E_0008499,-3.9649462007
CtrSVDD_0004_E_0008500,-6.6156662759
CtrSVDD_0005_E_0008501,-6.8160195013
CtrSVDD_0006_E_0008502,-5.4856253940
CtrSVDD_0007_E_0008503,-4.7755072587
CtrSVDD_0008_E_0008504,-6.4985519218
CtrSVDD_0009_E_0008505,-6.0228054798
CtrSVDD_0010_E_0008506,-3.7070930148
CtrSVDD_0011_E_0008507,-2.1468147108
CtrSVDD_0012_E_0008508,-5.4436612129
CtrSVDD_0013_E_0008509,-6.3450991640
CtrSVDD_0014_E_0008510,-6.9684021148
CtrSVDD_0015_E_0008511,-4.6389615555
CtrSVDD_0016_E_0008512,-6.4134649515
CtrSVDD_0017_E_0008513,-1.5096279205
CtrSVDD_0018_E_0008514,-7.2720257579
CtrSVDD_0019_E_0008515,-6.0033212308
CtrSVDD_0020_E_0008516,-6.6220013638
CtrSVDD_0021_E_0008517,-8.6945143392
CtrSVDD_0022_E_0008518,0.0861318474
CtrSVDD_0023_E_0008519,-2.0971259217
CtrSVDD_0024_E_0008520,1.1078332881
CtrSVDD_0025_E_0008521,-2.8468062356
CtrSVDD_0026_E_0008522,-7.0689803959
CtrSVDD_0027_E_0008523,-4.8777337225
CtrSVDD_0028_E_0008524,-1.2451724406
CtrSVDD_0029_E_0008525,-6.9808225747
CtrSVDD_0030_E_0008526,-5.2463305891
CtrSVDD_0031_E_0008527,-0.8216566788
CtrSVDD_0032_E_0008528,-6.3080485397
CtrSVDD_0033_E_0008529,-6.1025011642
CtrSVDD_0034_E_0008530,-3.6671607925
CtrSVDD_0035_E_0008531,-7.5974391879
CtrSVDD_0036_E_0008532,1.7454005008
CtrSVDD_0037_E_0008533,-6.6250497949
CtrSVDD_0038_E_0008534,-7.2481113314
CtrSVDD_0039_E_0008535,-5.7551538179
CtrSVDD_0040_E_0008536,-7.0118578437
CtrSVDD_0041_E_0008537,-1.6657740800
CtrSVDD_0042_E_0008538,-7.6903412351
CtrSVDD_0043_E_0008539,-5.0183809569
CtrSVDD_0044_E_0008540,-6.2404872739
CtrSVDD_0045_E_0008541,-7.5218333756
CtrSVDD_0046_E_0008542,-8.4020672399
CtrSVDD_0047_E_0008543,-6.7081224110
CtrSVDD_0000_E_0008544,-4.1614487578
CtrSVDD_0001_E_0008545,-6.6612710695
CtrSVDD_0002_E_0008546,-7.5495040062
CtrSVDD_0003_E_0008547,-6.0936704249
CtrSVDD_0004_E_0008548,-7.8440133682
CtrSVDD_0005_E_0008549,-7.3845290102
CtrSVDD_0006_E_0008550,-7.4557674294
CtrSVDD_0007_E_0008551,-4.9777508011
CtrSVDD_0008_E_0008552,-0.0300784789
CtrSVDD_0009_E_0008553,-4.6985236325
CtrSVDD_0010_E_0008554,-4.5020605801
CtrSVDD_0011_E_0008555,-3.0924256298
CtrSVDD_0012_E_0008556,-7.9647209422
CtrSVDD_0013_E_0008557,-6.3720227923
CtrSVDD_0014_E_0008558,1.0962715625
CtrSVDD_0015_E_0008559,-8.8701745404
CtrSVDD_0016_E_0008560,-6.0836947187
CtrSVDD_0017_E_0008561,-0.0608848778
CtrSVDD_0018_E_0008562,-3.3700859856
CtrSVDD_0019_E_0008563,-8.8169582456
CtrSVDD_0020_E_0008564,-6.6520642084
CtrSVDD_0021_E_0008565,-7.7129557511
CtrSVDD_0022_E_0008566,-3.3009092427
CtrSVDD_0023_E_0008567,-4.8345181046
CtrSVDD_0024_E_0008568,1.4797091119
CtrSVDD_0025_E_0008569,-4.8767444144
CtrSVDD_0026_E_0008570,-7.6596940402
CtrSVDD_0027_E_0008571,-5.6484845386
CtrSVDD_0028_E_0008572,-7.3056096655
CtrSVDD_0029_E_0008573,-6.1907597409
CtrSVDD_0030_E_0008574,-6.4796132416
CtrSVDD_0031_E_0008575,-4.4487259803
CtrSVDD_0032_E_0008576,-7.6114054222
CtrSVDD_0033_E_0008577,0.2206887118
CtrSVDD_0034_E_0008578,-4.9658401044
CtrSVDD_0035_E_0008579,-6.3080848118
CtrSVDD_0036_E_0008580,-7.9876390202
CtrSVDD_0037_E_0008581,-6.5228611472
CtrSVDD_0038_E_0008582,-6.4572789051
CtrSVDD_0039_E_0008583,-4.9258147477
CtrSVDD_0040_E_0008584,-6.9731144821
CtrSVDD_0041_E_0008585,-6.2955104486
CtrSVDD_0042_E_0008586,-6.3279470944
CtrSVDD_0043_E_0008587,-5.8292695470
CtrSVDD_0044_E_0008588,-6.4745882335
CtrSVDD_0045_E_0008589,-7.9320431098
CtrSVDD_0046_E_0008590,-5.7994319050
CtrSVDD_0047_E_0008591,-5.4588223084
CtrSVDD_0000_E_0008592,-4.9322224308
CtrSVDD_0001_E_0008593,-6.3545357750
CtrSVDD_0002_E_0008594,-4.7307626193
CtrSVDD_0003_E_0008595,-9.1348351230
CtrSVDD_0004_E_0008596,1.2901844981
CtrSVDD_0005_E_0008597,-0.0763079424
CtrSVDD_0006_E_0008598,-3.4801557769
CtrSVDD_0007_E_0008599,-7.7186885063
CtrSVDD_0008_E_0008600,-6.2727004417
CtrSVDD_0009_E_0008601,-9.1914582209
CtrSVDD_0010_E_0008602,-4.4722565560
CtrSVDD_0011_E_0008603,-6.2737015640
CtrSVDD_0012_E_0008604,0.9121113029
CtrSVDD_0013_E_0008605,-7.1654281136
CtrSVDD_0014_E_0008606,-4.6744157812
CtrSVDD_0015_E_0008607,-6.6845940227
CtrSVDD_0016_E_0008608,-5.5718636022
CtrSVDD_0017_E_0008609,-0.3370899316
CtrSVDD_0018_E_0008610,-1.2494636636
CtrSVDD_0019_E_0008611,-6.4561909485
CtrSVDD_0020_E_0008612,-7.2678453027
CtrSVDD_0021_E_0008613,-5.2501246328
CtrSVDD_0022_E_0008614,-4.0729569206
CtrSVDD_0023_E_0008615,-5.5104918800
CtrSVDD_0024_E_0008616,-5.6076232324
CtrSVDD_0025_E_0008617,-9.0684738211
CtrSVDD_0026_E_0008618,-6.3658883810
CtrSVDD_0027_E_0008619,-5.7745705942
CtrSVDD_0028_E_0008620,-7.0576261036
CtrSVDD_0029_E_0008621,-4.5649977324
CtrSVDD_0030_E_0008622,-0.4582631533
CtrSVDD_0031_E_0008623,-6.2945724705
CtrSVDD_0032_E_0008624,-0.5181513452
CtrSVDD_0033_E_0008625,1.7685124083
CtrSVDD_0034_E_0008626,-3.5751700086
CtrSVDD_0035_E_0008627,-3.4053413660
CtrSVDD_0036_E_0008628,0.6218504967
CtrSVDD_0037_E_0008629,-7.8888071884
CtrSVDD_0038_E_0008630,-6.4094156665
CtrSVDD_0039_E_0008631,-5.8198316918
CtrSVDD_0040_E_0008632,-6.3136540893
CtrSVDD_0041_E_0008633,-4.7809529637
CtrSVDD_0042_E_0008634,-4.9509341520
CtrSVDD_0043_E_0008635,-6.9360230623
CtrSVDD_0044_E_0008636,-0.2595629833
CtrSVDD_0045_E_0008637,1.4224698930
CtrSVDD_0046_E_0008638,-5.2556511553
CtrSVDD_0047_E_0008639,-7.9294662929
CtrSVDD_0000_E_0008640,-6.1404906416
CtrSVDD_0001_E_0008641,-2.1858003850
CtrSVDD_0002_E_0008642,-6.4768993324
CtrSVDD_0003_E_0008643,0.5504201225
CtrSVDD_0004_E_0008644,-5.8133539723
CtrSVDD_0005_E_0008645,-7.4406917676
CtrSVDD_0006_E_0008646,-4.4805466121
CtrSVDD_0007_E_0008647,-6.8267132557
CtrSVDD_0008_E_0008648,0.6771261906
CtrSVDD_0009_E_0008649,-0.1665228078
CtrSVDD_0010_E_0008650,-3.0181138575
CtrSVDD_0011_E_0008651,-6.7888353121
CtrSVDD_0012_E_0008652,-8.8355443416
CtrSVDD_0013_E_0008653,-7.1168089115
CtrSVDD_0014_E_0008654,-7.6244576163
CtrSVDD_0015_E_0008655,-0.2871525250
CtrSVDD_0016_E_0008656,-6.6664645324
CtrSVDD_0017_E_0008657,-5.9823630945
CtrSVDD_0018_E_0008658,0.3326515560
CtrSVDD_0019_E_0008659,-5.6032475648
CtrSVDD_0020_E_0008660,-5.0903825942
CtrSVDD_0021_E_0008661,-4.8888902904
CtrSVDD_0022_E_0008662,0.5229565873
CtrSVDD_0023_E_0008663,-8.2876715548
CtrSVDD_0024_E_0008664,-3.3021709756
CtrSVDD_0025_E_0008665,1.6432135432
CtrSVDD_0026_E_0008666,-5.8084737874
CtrSVDD_0027_E_0008667,-6.8647551716
CtrSVDD_0028_E_0008668,-6.6105244034
CtrSVDD_0029_E_0008669,-6.3371037253
CtrSVDD_0030_E_0008670,-6.0445478905
CtrSVDD_0031_E_0008671,-8.1743394058
CtrSVDD_0032_E_0008672,1.1369937987
CtrSVDD_0033_E_0008673,-7.1162380768
CtrSVDD_0034_E_0008674,-3.6463897358
CtrSVDD_0035_E_0008675,0.4587511246
CtrSVDD_0036_E_0008676,-6.9760190912
CtrSVDD_0037_E_0008677,-6.0619533288
CtrSVDD_0038_E_0008678,-4.2639690265
CtrSVDD_0039_E_0008679,-5.9807316957
CtrSVDD_0040_E_0008680,-6.0636101500
CtrSVDD_0041_E_0008681,-6.0031697862
CtrSVDD_0042_E_0008682,1.4197105540
CtrSVDD_0043_E_0008683,-6.7981549662
CtrSVDD_0044_E_0008684,-6.4658386953
CtrSVDD_0045_E_0008685,-8.5789766480
CtrSVDD_0046_E_0008686,-5.5930302568
CtrSVDD_0047_E_0008687,-7.2342353533
CtrSVDD_0000_E_0008688,-7.0386792856
CtrSVDD_0001_E_0008689,-6.7683475378
CtrSVDD_0002_E_0008690,-5.5565189673
CtrSVDD_0003_E_0008691,-6.3475455641
CtrSVDD_0004_E_0008692,-6.7390090527
CtrSVDD_0005_E_0008693,-4.7696869977
CtrSVDD_0006_E_0008694,-6.5648838735
CtrSVDD_0007_E_0008695,-5.6520229780
CtrSVDD_0008_E_0008696,-5.2367673901
CtrSVDD_0009_E_0008697,-6.9546927065
CtrSVDD_0010_E_0008698,-5.4849653708
CtrSVDD_0011_E_0008699,-5.0661131424
CtrSVDD_0012_E_0008700,-3.5767528055
CtrSVDD_0013_E_0008701,-6.5184606289
CtrSVDD_0014_E_0008702,-5.5349209510
CtrSVDD_0015_E_0008703,-4.2091742317
CtrSVDD_0016_E_0008704,-5.9314699064
CtrSVDD_0017_E_0008705,-6.7552176385
CtrSVDD_0018_E_0008706,-8.2241722617
CtrSVDD_0019_E_0008707,-9.4600898216
CtrSVDD_0020_E_0008708,-8.8224869539
CtrSVDD_0021_E_0008709,-0.2192556688
CtrSVDD_0022_E_0008710,-0.9995624115
CtrSVDD_0023_E_0008711,-4.0166091907
CtrSVDD_0024_E_0008712,0.4958819829
CtrSVDD_0025_E_0008713,0.4167007285
CtrSVDD_0026_E_0008714,-5.1666037964
CtrSVDD_0027_E_0008715,-0.3179036343
CtrSVDD_0028_E_0008716,-3.2032321002
CtrSVDD_0029_E_0008717,-9.5186166025
CtrSVDD_0030_E_0008718,-5.5505133793
CtrSVDD_0031_E_0008719,1.0223818983
CtrSVDD_0032_E_0008720,-3.9175935147
CtrSVDD_0033_E_0008721,-5.1084875630
CtrSVDD_0034_E_0008722,-6.8250503148
CtrSVDD_0035_E_0008723,-1.4430885239
CtrSVDD_0036_E_0008724,0.5342161970
CtrSVDD_0037_E_0008725,-5.7566119707
CtrSVDD_0038_E_0008726,-0.7830568137
CtrSVDD_0039_E_0008727,-6.0368102513
CtrSVDD_0040_E_0008728,1.9348118138
CtrSVDD_0041_E_0008729,-3.0090958678
CtrSVDD_0042_E_0008730,-1.8773044638
CtrSVDD_0043_E_0008731,-3.7340039927
CtrSVDD_0044_E_0008732,-6.3986525069
CtrSVDD_0045_E_0008733,-3.2956527144
CtrSVDD_0046_E_0008734,-8.1572362048
CtrSVDD_0047_E_0008735,-4.0962638933
CtrSVDD_0000_E_0008736,-6.9339557386
CtrSVDD_0001_E_0008737,-6.5047316370
CtrSVDD_0002_E_0008738,-6.5524471710
CtrSVDD_0003_E_0008739,-8.0223048478
CtrSVDD_0004_E_0008740,-7.0303821079
CtrSVDD_0005_E_0008741,-0.6184597510
CtrSVDD_0006_E_0008742,-7.8195121408
CtrSVDD_0007_E_0008743,-3.6544379011
CtrSVDD_0008_E_0008744,-5.3946171168
CtrSVDD_0009_E_0008745,0.3655359218
CtrSVDD_0010_E_0008746,0.4749805094
CtrSVDD_0011_E_0008747,-6.2421469971
CtrSVDD_0012_E_0008748,-5.3486560896
CtrSVDD_0013_E_0008749,-8.0659273651
CtrSVDD_0014_E_0008750,-6.5426013956
CtrSVDD_0015_E_0008751,-5.6630078600
CtrSVDD_0016_E_0008752,-5.2424302513
CtrSVDD_0017_E_0008753,-5.6823956536
CtrSVDD_0018_E_0008754,-5.7016959819
CtrSVDD_0019_E_0008755,-5.6167947137
CtrSVDD_0020_E_0008756,-5.4737318960
CtrSVDD_0021_E_0008757,-3.7086314876
CtrSVDD_0022_E_0008758,-4.7909878926
CtrSVDD_0023_E_0008759,-0.4278310530
CtrSVDD_0024_E_0008760,-7.0811904862
CtrSVDD_0025_E_0008761,0.7437441897
CtrSVDD_0026_E_0008762,1.2679967613
CtrSVDD_0027_E_0008763,-5.5901090166
CtrSVDD_0028_E_0008764,-5.9902506931
CtrSVDD_0029_E_0008765,-2.0243539673
CtrSVDD_0030_E_0008766,-5.6716326875
CtrSVDD_0031_E_0008767,-8.2610001293
CtrSVDD_0032_E_0008768,-6.6044836421
CtrSVDD_0033_E_0008769,-7.1747302957
CtrSVDD_0034_E_0008770,-7.6507166453
CtrSVDD_0035_E_0008771,-4.4979364475
CtrSVDD_0036_E_0008772,1.9628364706
CtrSVDD_0037_E_0008773,-5.9120616676
CtrSVDD_0038_E_0008774,-8.1301903717
CtrSVDD_0039_E_0008775,-6.0547542647
CtrSVDD_0040_E_0008776,-6.2024106308
CtrSVDD_0041_E_0008777,0.4629291134
CtrSVDD_0042_E_0008778,1.4086080187
CtrSVDD_0043_E_0008779,-5.4609170385
CtrSVDD_0044_E_0008780,-1.0688078753
CtrSVDD_0045_E_0008781,-7.5071891683
CtrSVDD_0046_E_0008782,2.4676109108
CtrSVDD_0047_E_0008783,-4.9397068993
CtrSVDD_0000_E_0008784,-5.5356329261
CtrSVDD_0001_E_0008785,-7.5839553973
CtrSVDD_0002_E_0008786,-5.4438622005
CtrSVDD_0003_E_0008787,-6.0610831008
CtrSVDD_0004_E_0008788,-6.1147352008
CtrSVDD_0005_E_0008789,-6.8454284193
CtrSVDD_0006_E_0008790,-5.2067787365
CtrSVDD_0007_E_0008791,0.5717042991
CtrSVDD_0008_E_0008792,-8.2329519388
CtrSVDD_0009_E_0008793,-7.7340937344
CtrSVDD_0010_E_0008794,-3.2149176531
CtrSVDD_0011_E_0008795,-1.2648776829
CtrSVDD_0012_E_0008796,-6.7319949359
CtrSVDD_0013_E_0008797,-5.2796808320
CtrSVDD_0014_E_0008798,-0.9133678526
CtrSVDD_0015_E_0008799,0.9049093884
CtrSVDD_0016_E_0008800,-6.2216120283
CtrSVDD_0017_E_0008801,-4.0747407544
CtrSVDD_0018_E_0008802,-5.8656075860
CtrSVDD_0019_E_0008803,-2.8781658281
CtrSVDD_0020_E_0008804,-0.3252687518
CtrSVDD_0021_E_0008805,-3.9615377273
CtrSVDD_0022_E_0008806,-9.3639739690
CtrSVDD_0023_E_0008807,-4.9215238958
CtrSVDD_0024_E_0008808,-8.3508467190
CtrSVDD_0025_E_0008809,-3.8281888938
CtrSVDD_0026_E_0008810,-4.6383681238
CtrSVDD_0027_E_0008811,-2.3772576015
CtrSVDD_0028_E_0008812,-6.7605572387
CtrSVDD_0029_E_0008813,-3.2165966992
CtrSVDD_0030_E_0008814,-3.7182327646
CtrSVDD_0031_E_0008815,-5.5725611444
CtrSVDD_0032_E_0008816,-1.2343409229
CtrSVDD_0033_E_0008817,-5.2969780377
CtrSVDD_0034_E_0008818,-2.8993847294
CtrSVDD_0035_E_0008819,-4.1971546939
CtrSVDD_0036_E_0008820,-6.3542185102
CtrSVDD_0037_E_0008821,-3.8544487783
CtrSVDD_0038_E_0008822,0.4567100527
CtrSVDD_0039_E_0008823,-5.1318410852
CtrSVDD_0040_E_0008824,-6.3724015688
CtrSVDD_0041_E_0008825,0.6085532539
CtrSVDD_0042_E_0008826,-6.7950015506
CtrSVDD_0043_E_0008827,-1.3064303511
CtrSVDD_0044_E_0008828,-4.8685362018
CtrSVDD_0045_E_0008829,-3.6703439643
CtrSVDD_0046_E_0008830,-7.9722894610
CtrSVDD_0047_E_0008831,-4.1125535579
CtrSVDD_0000_E_0008832,-2.0240136237
CtrSVDD_0001_E_0008833,-3.2809501940
CtrSVDD_0002_E_0008834,-5.8974567330
CtrSVDD_0003_E_0008835,-7.1597208218
CtrSVDD_0004_E_0008836,-6.9898565010
CtrSVDD_0005_E_0008837,-6.2640388968
CtrSVDD_0006_E_0008838,-6.2900460555
CtrSVDD_0007_E_0008839,1.5836154758
CtrSVDD_0008_E_0008840,2.1757241556
CtrSVDD_0009_E_0008841,-6.0897024908
CtrSVDD_0010_E_0008842,-6.1607918779
CtrSVDD_0011_E_0008843,-7.8224170592
CtrSVDD_0012_E_0008844,-1.3608879341
CtrSVDD_0013_E_0008845,-6.2711223265
CtrSVDD_0014_E_0008846,-4.8347843479
CtrSVDD_0015_E_0008847,-6.9013733547
CtrSVDD_0016_E_0008848,-4.1436903213
CtrSVDD_0017_E_0008849,-6.4640934739
CtrSVDD_0018_E_0008850,0.3534216980
CtrSVDD_0019_E_0008851,-4.0079255141
CtrSVDD_0020_E_0008852,-7.1444982766
CtrSVDD_0021_E_0008853,-7.1713843005
CtrSVDD_0022_E_0008854,-6.2512699835
CtrSVDD_0023_E_0008855,-5.2594746068
CtrSVDD_0024_E_0008856,-8.5550435725
CtrSVDD_0025_E_0008857,-7.4664760814
CtrSVDD_0026_E_0008858,-6.2268355966
CtrSVDD_0027_E_0008859,-5.6182844474
CtrSVDD_0028_E_0008860,-6.6090733462
CtrSVDD_0029_E_0008861,-8.1042897412
CtrSVDD_0030_E_0008862,-8.4953935414
CtrSVDD_0031_E_0008863,-5.3993080306
CtrSVDD_0032_E_0008864,-5.6352971901
CtrSVDD_0033_E_0008865,-6.9465209483
CtrSVDD_0034_E_0008866,-7.8478924123
CtrSVDD_0035_E_0008867,-6.5613090902
CtrSVDD_0036_E_0008868,-6.0391256236
CtrSVDD_0037_E_0008869,-5.9422652850
CtrSVDD_0038_E_0008870,-6.2141835737
CtrSVDD_0039_E_0008871,-6.5568150221
CtrSVDD_0040_E_0008872,-4.7038752184
CtrSVDD_0041_E_0008873,-7.1255978685
CtrSVDD_0042_E_0008874,1.1665482432
CtrSVDD_0043_E_0008875,-2.7965173791
CtrSVDD_0044_E_0008876,-2.8664768823
CtrSVDD_0045_E_0008877,-6.0288311304
CtrSVDD_0046_E_0008878,-6.3026557135
CtrSVDD_0047_E_0008879,-0.4816954322
CtrSVDD_0000_E_0008880,-6.7745955062
CtrSVDD_0001_E_0008881,-6.7004848889
CtrSVDD_0002_E_0008882,0.6826494433
CtrSVDD_0003_E_0008883,-4.5936408691
CtrSVDD_0004_E_0008884,-5.7664491716
CtrSVDD_0005_E_0008885,-7.4618759818
CtrSVDD_0006_E_0008886,-4.8510494665
CtrSVDD_0007_E_0008887,-7.6340831926
CtrSVDD_0008_E_0008888,-0.2120971412
CtrSVDD_0009_E_0008889,-7.0290743039
CtrSVDD_0010_E_0008890,-6.7867697937
CtrSVDD_0011_E_0008891,-6.4709331101
CtrSVDD_0012_E_0008892,-4.4018795157
CtrSVDD_0013_E_0008893,-5.6134369479
CtrSVDD_0014_E_0008894,0.7717032953
CtrSVDD_0015_E_0008895,-5.0963463798
CtrSVDD_0016_E_0008896,-6.4074393193
CtrSVDD_0017_E_0008897,1.9725302450
CtrSVDD_0018_E_0008898,-3.4133294327
CtrSVDD_0019_E_0008899,-5.8801192406
CtrSVDD_0020_E_0008900,-4.1835359455
CtrSVDD_0021_E_0008901,-5.3742980159
CtrSVDD_0022_E_0008902,-3.6464934593
CtrSVDD_0023_E_0008903,-5.9722279002
CtrSVDD_0024_E_0008904,-3.7256347450
CtrSVDD_0025_E_0008905,-6.3633190630
CtrSVDD_0026_E_0008906,-5.2543868645
CtrSVDD_0027_E_0008907,-4.0546570040
CtrSVDD_0028_E_0008908,-6.1448758118
CtrSVDD_0029_E_0008909,1.4649441180
CtrSVDD_0030_E_0008910,-5.3434557246
CtrSVDD_0031_E_0008911,-4.9631266721
CtrSVDD_0032_E_0008912,-7.6645655055
CtrSVDD_0033_E_0008913,-5.8960120750
CtrSVDD_0034_E_0008914,-7.1055924817
CtrSVDD_0035_E_0008915,-6.7643633830
CtrSVDD_0036_E_0008916,0.0258804687
CtrSVDD_0037_E_0008917,-4.0785759536
CtrSVDD_0038_E_0008918,-0.5915835914
CtrSVDD_0039_E_0008919,-7.3365296549
CtrSVDD_0040_E_0008920,-0.4090844621
CtrSVDD_0041_E_0008921,2.3499176557
CtrSVDD_0042_E_0008922,-4.4314829401
CtrSVDD_0043_E_0008923,-4.6869875191
CtrSVDD_0044_E_0008924,-0.4258723100
CtrSVDD_0045_E_0008925,-6.5967300702
CtrSVDD_0046_E_0008926,1.7518528889
CtrSVDD_0047_E_0008927,0.0230820531
CtrSVDD_0000_E_0008928,-5.0864212948
CtrSVDD_0001_E_0008929,0.4106058040
CtrSVDD_0002_E_0008930,-7.7613071477
CtrSVDD_0003_E_0008931,-7.7112858818
CtrSVDD_0004_E_0008932,0.7236053830
CtrSVDD_0005_E_0008933,-6.2409722207
CtrSVDD_0006_E_0008934,-5.6259570374
CtrSVDD_0007_E_0008935,-5.5857253966
CtrSVDD_0008_E_0008936,-6.3462401358
CtrSVDD_0009_E_0008937,-2.5915863314
CtrSVDD_0010_E_0008938,-7.7225284771
CtrSVDD_0011_E_0008939,-3.0431610750
CtrSVDD_0012_E_0008940,-7.7263673152
CtrSVDD_0013_E_0008941,-8.3254438226
CtrSVDD_0014_E_0008942,-7.6030277722
CtrSVDD_0015_E_0008943,-7.0111850759
CtrSVDD_0016_E_0008944,-2.3954402494
CtrSVDD_0017_E_0008945,-7.9257316403
CtrSVDD_0018_E_0008946,-5.7039723752
CtrSVDD_0019_E_0008947,1.2020280035
CtrSVDD_0020_E_0008948,-2.7924209558
CtrSVDD_0021_E_0008949,-4.8368350374
CtrSVDD_0022_E_0008950,-6.7305846121
CtrSVDD_0023_E_0008951,-6.0402906368
CtrSVDD_0024_E_0008952,-5.4529276754
CtrSVDD_0025_E_0008953,-5.7050174037
CtrSVDD_0026_E_0008954,-2.1522683146
CtrSVDD_0027_E_0008955,-6.0521818768
CtrSVDD_0028_E_0008956,-7.8995104098
CtrSVDD_0029_E_0008957,-6.7520701816
CtrSVDD_0030_E_0008958,-6.9863169572
CtrSVDD_0031_E_0008959,0.4090844621
CtrSVDD_0032_E_0008960,-8.0983162063
CtrSVDD_0033_E_0008961,-6.9453209515
CtrSVDD_0034_E_0008962,-8.2837959613
CtrSVDD_0035_E_0008963,-5.4343989603
CtrSVDD_0036_E_0008964,-6.6044753046
CtrSVDD_0037_E_0008965,-6.9761953793
CtrSVDD_0038_E_0008966,-6.8592721088
CtrSVDD_0039_E_0008967,-7.1032319775
CtrSVDD_0040_E_0008968,1.5238894117
CtrSVDD_0041_E_0008969,-5.7320255597
CtrSVDD_0042_E_0008970,-4.7449204801
CtrSVDD_0043_E_0008971,-6.9267503472
CtrSVDD_0044_E_0008972,-6.1862407602
CtrSVDD_0045_E_0008973,-0.4092663484
CtrSVDD_0046_E_0008974,-7.9809563509
CtrSVDD_0047_E_0008975,-5.8151253615
CtrSVDD_0000_E_0008976,-6.1779163170
CtrSVDD_0001_E_0008977,-4.4094185165
CtrSVDD_0002_E_0008978,-4.6905164400
CtrSVDD_0003_E_0008979,1.0323732006
CtrSVDD_0004_E_0008980,-0.4167007285
CtrSVDD_0005_E_0008981,-2.6367465081
CtrSVDD_0006_E_0008982,-5.1221344063
CtrSVDD_0007_E_0008983,1.2208602231
CtrSVDD_0008_E_0008984,0.1268671111
CtrSVDD_0009_E_0008985,-7.2555386112
CtrSVDD_0010_E_0008986,1.1118956117
CtrSVDD_0011_E_0008987,-3.3813240190
CtrSVDD_0012_E_0008988,-3.4101352007
CtrSVDD_0013_E_0008989,-6.0335775464
CtrSVDD_0014_E_0008990,1.2966417965
CtrSVDD_0015_E_0008991,-7.6252781807
CtrSVDD_0016_E_0008992,-5.1813793806
CtrSVDD_0017_E_0008993,-5.3602930409
CtrSVDD_0018_E_0008994,-5.3108167205
CtrSVDD_0019_E_0008995,-0.8295238696
CtrSVDD_0020_E_0008996,-7.4466570470
CtrSVDD_0021_E_0008997,-5.6420572510
CtrSVDD_0022_E_0008998,-6.1655469019
CtrSVDD_0023_E_0008999,0.8295238696
CtrSVDD_0024_E_0009000,-1.1343681146
CtrSVDD_0025_E_0009001,0.6701060655
CtrSVDD_0026_E_0009002,-4.3635741106
CtrSVDD_0027_E_0009003,-3.0087868681
CtrSVDD_0028_E_0009004,-6.6387788282
CtrSVDD_0029_E_0009005,-5.3713699812
CtrSVDD_0030_E_0009006,-5.6432665264
CtrSVDD_0031_E_0009007,-0.5374456446
CtrSVDD_0032_E_0009008,-5.6425702366
CtrSVDD_0033_E_0009009,-7.4344210230
CtrSVDD_0034_E_0009010,-6.3437958204
CtrSVDD_0035_E_0009011,-0.8840409509
CtrSVDD_0036_E_0009012,-6.9649917262
CtrSVDD_0037_E_0009013,-5.1053914669
CtrSVDD_0038_E_0009014,-6.7811610958
CtrSVDD_0039_E_0009015,-6.4223875740
CtrSVDD_0040_E_0009016,-3.5466837929
CtrSVDD_0041_E_0009017,-6.5590939432
CtrSVDD_0042_E_0009018,-6.1256370684
CtrSVDD_0043_E_0009019,-6.2494716955
CtrSVDD_0044_E_0009020,-6.0503177772
CtrSVDD_0045_E_0009021,-6.0137300330
CtrSVDD_0046_E_0009022,0.0286790869
CtrSVDD_0047_E_0009023,-4.6511840933
CtrSVDD_0000_E_0009024,-5.4029709971
CtrSVDD_0001_E_0009025,-7.1818778339
CtrSVDD_0002_E_0009026,-3.3732989254
CtrSVDD_0003_E_0009027,-8.4502895574
CtrSVDD_0004_E_0009028,-1.2224429156
CtrSVDD_0005_E_0009029,-7.0254948514
CtrSVDD_0006_E_0009030,-7.5734291102
CtrSVDD_0007_E_0009031,-6.0882013847
CtrSVDD_0008_E_0009032,-0.1721987889
CtrSVDD_0009_E_0009033,-7.1887897198
CtrSVDD_0010_E_0009034,-2.4568856097
CtrSVDD_0011_E_0009035,-5.1111396575
CtrSVDD_0012_E_0009036,-7.0945725871
CtrSVDD_0013_E_0009037,-0.9760135743
CtrSVDD_0014_E_0009038,-4.1289760455
CtrSVDD_0015_E_0009039,-5.7670087122
CtrSVDD_0016_E_0009040,-6.4285860528
CtrSVDD_0017_E_0009041,-7.1708733908
CtrSVDD_0018_E_0009042,-6.8475482623
CtrSVDD_0019_E_0009043,-7.0555567343
CtrSVDD_0020_E_0009044,-7.2471501334
CtrSVDD_0021_E_0009045,-6.5107717484
CtrSVDD_0022_E_0009046,-7.1142836885
CtrSVDD_0023_E_0009047,-5.6820649077
CtrSVDD_0024_E_0009048,-7.0275046399
CtrSVDD_0025_E_0009049,-4.4140858736
CtrSVDD_0026_E_0009050,-4.8141569359
CtrSVDD_0027_E_0009051,-5.7032907533
CtrSVDD_0028_E_0009052,-6.7530150672
CtrSVDD_0029_E_0009053,-2.9945839548
CtrSVDD_0030_E_0009054,-5.9316223953
CtrSVDD_0031_E_0009055,-6.5199271701
CtrSVDD_0032_E_0009056,-6.5900908193
CtrSVDD_0033_E_0009057,-5.6138137964
CtrSVDD_0034_E_0009058,-7.3487902711
CtrSVDD_0035_E_0009059,-3.1304377296
CtrSVDD_0036_E_0009060,0.4722914813
CtrSVDD_0037_E_0009061,-7.7494240683
CtrSVDD_0038_E_0009062,-4.8866246891
CtrSVDD_0039_E_0009063,-3.7006400614
CtrSVDD_0040_E_0009064,-6.1255711224
CtrSVDD_0041_E_0009065,-6.2945048088
CtrSVDD_0042_E_0009066,-5.3448717524
CtrSVDD_0043_E_0009067,-7.2797100672
CtrSVDD_0044_E_0009068,-1.2107154884
CtrSVDD_0045_E_0009069,-6.7803441865
CtrSVDD_0046_E_0009070,0.1935347696
CtrSVDD_0047_E_0009071,-0.6753757451
CtrSVDD_0000_E_0009072,-6.4297510661
CtrSVDD_0001_E_0009073,-7.0982635330
CtrSVDD_0002_E_0009074,-4.9541146216
CtrSVDD_0003_E_0009075,-5.7122727580
CtrSVDD_0004_E_0009076,-7.6483145932
CtrSVDD_0005_E_0009077,0.8615214857
CtrSVDD_0006_E_0009078,-5.3788763098
CtrSVDD_0007_E_0009079,-5.2238752277
CtrSVDD_0008_E_0009080,-5.5034510366
CtrSVDD_0009_E_0009081,-6.1102743475
CtrSVDD_0010_E_0009082,-0.1594353462
CtrSVDD_0011_E_0009083,-6.3072667012
CtrSVDD_0012_E_0009084,-6.6731305700
CtrSVDD_0013_E_0009085,-5.1331945109
CtrSVDD_0014_E_0009086,0.5293824378
CtrSVDD_0015_E_0009087,-6.4933408241
CtrSVDD_0016_E_0009088,-5.6394836756
CtrSVDD_0017_E_0009089,-5.3604201051
CtrSVDD_0018_E_0009090,0.0636878869
CtrSVDD_0019_E_0009091,-5.9881333075
CtrSVDD_0020_E_0009092,-6.7434929531
CtrSVDD_0021_E_0009093,-6.1983650238
CtrSVDD_0022_E_0009094,0.3848685318
CtrSVDD_0023_E_0009095,-4.8844883168
CtrSVDD_0024_E_0009096,-4.0351606856
CtrSVDD_0025_E_0009097,-5.9563522056
CtrSVDD_0026_E_0009098,-6.4541832489
CtrSVDD_0027_E_0009099,-7.9577719936
CtrSVDD_0028_E_0009100,-3.3495878362
CtrSVDD_0029_E_0009101,-7.8333358411
CtrSVDD_0030_E_0009102,-5.8917656375
CtrSVDD_0031_E_0009103,-6.1206826439
CtrSVDD_0032_E_0009104,-0.8060727672
CtrSVDD_0033_E_0009105,-4.5705956749
CtrSVDD_0034_E_0009106,-6.0745556729
CtrSVDD_0035_E_0009107,-6.2594624589
CtrSVDD_0036_E_0009108,-0.5733521972
CtrSVDD_0037_E_0009109,-6.9934003090
CtrSVDD_0038_E_0009110,-5.6366556758
CtrSVDD_0039_E_0009111,-6.5156726688
CtrSVDD_0040_E_0009112,-4.8224483998
CtrSVDD_0041_E_0009113,-5.3787303181
CtrSVDD_0042_E_0009114,-4.7525886098
CtrSVDD_0043_E_0009115,1.6293610596
CtrSVDD_0044_E_0009116,-5.6848750818
CtrSVDD_0045_E_0009117,-7.0028716923
CtrSVDD_0046_E_0009118,-4.4562508693
CtrSVDD_0047_E_0009119,-4.4250648279
CtrSVDD_0000_E_0009120,-7.1823722224
CtrSVDD_0001_E_0009121,-5.2875572446
CtrSVDD_0002_E_0009122,-5.8721371454
CtrSVDD_0003_E_0009123,-5.6758936234
CtrSVDD_0004_E_0009124,-2.4809835435
CtrSVDD_0005_E_0009125,-6.9128901607
CtrSVDD_0006_E_0009126,-7.2568397377
CtrSVDD_0007_E_0009127,-5.7944630353
CtrSVDD_0008_E_0009128,-6.5080663345
CtrSVDD_0009_E_0009129,-7.2027622887
CtrSVDD_0010_E_0009130,-5.1974568775
CtrSVDD_0011_E_0009131,-7.8120738641
CtrSVDD_0012_E_0009132,-4.6730329122
CtrSVDD_0013_E_0009133,-7.6078755709
CtrSVDD_0014_E_0009134,-9.1542663800
CtrSVDD_0015_E_0009135,-5.8534354274
CtrSVDD_0016_E_0009136,-7.1594412837
CtrSVDD_0017_E_0009137,-6.3893851813
CtrSVDD_0018_E_0009138,-6.5233700116
CtrSVDD_0019_E_0009139,-6.9018884140
CtrSVDD_0020_E_0009140,1.7495814869
CtrSVDD_0021_E_0009141,-4.8550840466
CtrSVDD_0022_E_0009142,-6.6753314412
CtrSVDD_0023_E_0009143,-6.4791290037
CtrSVDD_0024_E_0009144,-1.1821021320
CtrSVDD_0025_E_0009145,-6.7253955192
CtrSVDD_0026_E_0009146,-6.9151935719
CtrSVDD_0027_E_0009147,-7.3544510988
CtrSVDD_0028_E_0009148,-0.5406807072
CtrSVDD_0029_E_0009149,-6.2620029300
CtrSVDD_0030_E_0009150,-4.9575210811
CtrSVDD_0031_E_0009151,-0.5342161970
CtrSVDD_0032_E_0009152,-5.6061648799
CtrSVDD_0033_E_0009153,0.7254239831
CtrSVDD_0034_E_0009154,-3.7390825954
CtrSVDD_0035_E_0009155,-5.5754883368
CtrSVDD_0036_E_0009156,-7.6773742596
CtrSVDD_0037_E_0009157,-5.2840767249
CtrSVDD_0038_E_0009158,-1.8404516750
CtrSVDD_0039_E_0009159,-5.8008878807
CtrSVDD_0040_E_0009160,0.8366467767
CtrSVDD_0041_E_0009161,-4.0079268329
CtrSVDD_0042_E_0009162,-5.8636892002
CtrSVDD_0043_E_0009163,-6.2620507645
CtrSVDD_0044_E_0009164,-6.8565540832
CtrSVDD_0045_E_0009165,-7.8388564646
CtrSVDD_0046_E_0009166,-2.6292779791
CtrSVDD_0047_E_0009167,-6.4831782011
CtrSVDD_0000_E_0009168,-4.4116104783
CtrSVDD_0001_E_0009169,-7.1952285894
CtrSVDD_0002_E_0009170,-2.3236211386
CtrSVDD_0003_E_0009171,0.2521773470
CtrSVDD_0004_E_0009172,-0.3341302823
CtrSVDD_0005_E_0009173,-6.6670802841
CtrSVDD_0006_E_0009174,-1.8747445864
CtrSVDD_0007_E_0009175,-5.1213430072
CtrSVDD_0008_E_0009176,-5.8699608584
CtrSVDD_0009_E_0009177,-0.1001806688
CtrSVDD_0010_E_0009178,-6.3147574418
CtrSVDD_0011_E_0009179,-8.3837782133
CtrSVDD_0012_E_0009180,-5.8548994244
CtrSVDD_0013_E_0009181,-5.6294761312
CtrSVDD_0014_E_0009182,-5.2189913823
CtrSVDD_0015_E_0009183,-8.6923052970
CtrSVDD_0016_E_0009184,-7.1464714537
CtrSVDD_0017_E_0009185,-5.5659789912
CtrSVDD_0018_E_0009186,1.2393164969
CtrSVDD_0019_E_0009187,-1.1171015851
CtrSVDD_0020_E_0009188,-7.2501089864
CtrSVDD_0021_E_0009189,-5.6561730604
CtrSVDD_0022_E_0009190,-7.3235727225
CtrSVDD_0023_E_0009191,-7.2264464384
CtrSVDD_0024_E_0009192,-5.8415195854
CtrSVDD_0025_E_0009193,-2.6567941400
CtrSVDD_0026_E_0009194,-5.2814790988
CtrSVDD_0027_E_0009195,-5.5094404740
CtrSVDD_0028_E_0009196,-7.2946546292
CtrSVDD_0029_E_0009197,-0.2135279657
CtrSVDD_0030_E_0009198,-5.9207801526
CtrSVDD_0031_E_0009199,-3.8511565580
CtrSVDD_0032_E_0009200,-7.8432112659
CtrSVDD_0033_E_0009201,-2.6545243929
CtrSVDD_0034_E_0009202,2.3087101115
CtrSVDD_0035_E_0009203,-5.6338421522
CtrSVDD_0036_E_0009204,0.7355604574
CtrSVDD_0037_E_0009205,-6.5734889832
CtrSVDD_0038_E_0009206,-7.2939947465
CtrSVDD_0039_E_0009207,-6.3000547606
CtrSVDD_0040_E_0009208,-5.8191433427
CtrSVDD_0041_E_0009209,-4.3916493235
CtrSVDD_0042_E_0009210,-5.7973705506
CtrSVDD_0043_E_0009211,-4.5128125322
CtrSVDD_0044_E_0009212,-6.1781837801
CtrSVDD_0045_E_0009213,-5.7151748711
CtrSVDD_0046_E_0009214,-4.9597304730
CtrSVDD_0047_E_0009215,-8.1934424604
CtrSVDD_0000_E_0009216,-7.5655044371
CtrSVDD_0001_E_0009217,-6.1992291414
CtrSVDD_0002_E_0009218,-6.2203970498
CtrSVDD_0003_E_0009219,-6.1319369337
CtrSVDD_0004_E_0009220,-7.2003953297
CtrSVDD_0005_E_0009221,0.2653542101
CtrSVDD_0006_E_0009222,-3.9734860573
CtrSVDD_0007_E_0009223,-5.3833597954
CtrSVDD_0008_E_0009224,0.2092367911
CtrSVDD_0009_E_0009225,-2.5698391522
CtrSVDD_0010_E_0009226,-6.7341592624
CtrSVDD_0011_E_0009227,2.1610436950
CtrSVDD_0012_E_0009228,-3.5181912811
CtrSVDD_0013_E_0009229,-6.2562097081
CtrSVDD_0014_E_0009230,-7.1072131033
CtrSVDD_0015_E_0009231,-6.0790004919
CtrSVDD_0016_E_0009232,-4.7675221376
CtrSVDD_0017_E_0009233,-6.1401688817
CtrSVDD_0018_E_0009234,-7.1237211767
CtrSVDD_0019_E_0009235,1.2433804294
CtrSVDD_0020_E_0009236,0.7145479891
CtrSVDD_0021_E_0009237,-6.4971381288
CtrSVDD_0022_E_0009238,-5.8875544335
CtrSVDD_0023_E_0009239,-7.4778047978
CtrSVDD_0024_E_0009240,-8.3034032242
CtrSVDD_0025_E_0009241,-6.2848844678
CtrSVDD_0026_E_0009242,-5.4662832109
CtrSVDD_0027_E_0009243,-6.9163475849
CtrSVDD_0028_E_0009244,-5.4883795982
CtrSVDD_0029_E_0009245,-6.3379901073
CtrSVDD_0030_E_0009246,-6.2463297599
CtrSVDD_0031_E_0009247,-3.3833214591
CtrSVDD_0032_E_0009248,-5.4319401111
CtrSVDD_0033_E_0009249,-6.0961590600
CtrSVDD_0034_E_0009250,-7.5588666296
CtrSVDD_0035_E_0009251,2.2754413992
CtrSVDD_0036_E_0009252,-5.2238393956
CtrSVDD_0037_E_0009253,-5.8692123076
CtrSVDD_0038_E_0009254,-4.5562456696
CtrSVDD_0039_E_0009255,-5.5826124439
CtrSVDD_0040_E_0009256,-6.1764702924
CtrSVDD_0041_E_0009257,-8.2007863844
CtrSVDD_0042_E_0009258,-5.2518702269
CtrSVDD_0043_E_0009259,1.3745482730
CtrSVDD_0044_E_0009260,-7.9095126146
CtrSVDD_0045_E_0009261,-6.2222177201
CtrSVDD_0046_E_0009262,-4.7327837517
CtrSVDD_0047_E_0009263,-6.6563095741
CtrSVDD_0000_E_0009264,0.3179036343
CtrSVDD_0001_E_0009265,-4.4675113609
CtrSVDD_0002_E_0009266,-6.6831392751
CtrSVDD_0003_E_0009267,1.4045462482
CtrSVDD_0004_E_0009268,-0.1227011540
CtrSVDD_0005_E_0009269,-0.2769636266
CtrSVDD_0006_E_0009270,-8.2376710472
CtrSVDD_0007_E_0009271,-1.1653889030
CtrSVDD_0008_E_0009272,-7.5455912789
CtrSVDD_0009_E_0009273,-6.7698126501
CtrSVDD_0010_E_0009274,-6.1221783804
CtrSVDD_0011_E_0009275,-5.4928575984
CtrSVDD_0012_E_0009276,-5.6736336945
CtrSVDD_0013_E_0009277,-7.1500728239
CtrSVDD_0014_E_0009278,-7.8490487455
CtrSVDD_0015_E_0009279,-9.4215987201
CtrSVDD_0016_E_0009280,-6.3473808036
CtrSVDD_0017_E_0009281,-8.2761113546
CtrSVDD_0018_E_0009282,-7.2136199614
CtrSVDD_0019_E_0009283,-7.5958525490
CtrSVDD_0020_E_0009284,0.9304840170
CtrSVDD_0021_E_0009285,-6.1491941406
CtrSVDD_0022_E_0009286,-1.7784204807
CtrSVDD_0023_E_0009287,-5.2828342477
CtrSVDD_0024_E_0009288,1.0111555966
CtrSVDD_0025_E_0009289,-5.8805656907
CtrSVDD_0026_E_0009290,-4.5509635868
CtrSVDD_0027_E_0009291,-6.8671206143
CtrSVDD_0028_E_0009292,1.8281814675
CtrSVDD_0029_E_0009293,-6.4058175665
CtrSVDD_0030_E_0009294,-7.5070461941
CtrSVDD_0031_E_0009295,-7.0616117856
CtrSVDD_0032_E_0009296,-7.3014928469
CtrSVDD_0033_E_0009297,-5.7646832986
CtrSVDD_0034_E_0009298,-7.8765603838
CtrSVDD_0035_E_0009299,-7.3319329198
CtrSVDD_0036_E_0009300,2.1507868402
CtrSVDD_0037_E_0009301,-4.9704777520
CtrSVDD_0038_E_0009302,-7.8375211105
CtrSVDD_0039_E_0009303,-6.2157382061
CtrSVDD_0040_E_0009304,-0.0749051505
CtrSVDD_0041_E_0009305,-8.4542911543
CtrSVDD_0042_E_0009306,-2.9316713454
CtrSVDD_0043_E_0009307,-0.8196978204
CtrSVDD_0044_E_0009308,-7.1810912544
CtrSVDD_0045_E_0009309,-6.5430104648
CtrSVDD_0046_E_0009310,-6.9810840347
CtrSVDD_0047_E_0009311,-2.4011870298
CtrSVDD_0000_E_0009312,-5.9440325533
CtrSVDD_0001_E_0009313,-0.1790765351
CtrSVDD_0002_E_0009314,-5.3633195479
CtrSVDD_0003_E_0009315,-6.0993977767
CtrSVDD_0004_E_0009316,-6.3735449444
CtrSVDD_0005_E_0009317,-2.9633886808
CtrSVDD_0006_E_0009318,-3.5071047239
CtrSVDD_0007_E_0009319,-6.5892415608
CtrSVDD_0008_E_0009320,-6.7699580549
CtrSVDD_0009_E_0009321,-8.8398358825
CtrSVDD_0010_E_0009322,-7.0494189995
CtrSVDD_0011_E_0009323,0.6966064677
CtrSVDD_0012_E_0009324,-8.9545941143
CtrSVDD_0013_E_0009325,-5.0578544885
CtrSVDD_0014_E_0009326,-6.8795919112
CtrSVDD_0015_E_0009327,-3.7439039216
CtrSVDD_0016_E_0009328,-3.9496603615
CtrSVDD_0017_E_0009329,-5.8772167028
CtrSVDD_0018_E_0009330,-7.6718657553
CtrSVDD_0019_E_0009331,-4.0693936443
CtrSVDD_0020_E_0009332,-3.6592072128
CtrSVDD_0021_E_0009333,-3.9276765751
CtrSVDD_0022_E_0009334,-7.8811026793
CtrSVDD_0023_E_0009335,-0.6423478973
CtrSVDD_0024_E_0009336,-5.0827692549
CtrSVDD_0025_E_0009337,1.8484782934
CtrSVDD_0026_E_0009338,-1.8432660285
CtrSVDD_0027_E_0009339,-2.3359817458
CtrSVDD_0028_E_0009340,-5.0465896237
CtrSVDD_0029_E_0009341,0.1330190778
CtrSVDD_0030_E_0009342,-6.7388562435
CtrSVDD_0031_E_0009343,-6.5945623995
CtrSVDD_0032_E_0009344,-5.5004075566
CtrSVDD_0033_E_0009345,-5.7572683682
CtrSVDD_0034_E_0009346,-5.3605247099
CtrSVDD_0035_E_0009347,0.2711543501
CtrSVDD_0036_E_0009348,-3.0036660526
CtrSVDD_0037_E_0009349,-4.7996847397
CtrSVDD_0038_E_0009350,-4.7402333919
CtrSVDD_0039_E_0009351,0.5117628915
CtrSVDD_0040_E_0009352,-4.0358239105
CtrSVDD_0041_E_0009353,-2.4040477223
CtrSVDD_0042_E_0009354,-6.8318337387
CtrSVDD_0043_E_0009355,-4.4234543334
CtrSVDD_0044_E_0009356,-7.7943313440
CtrSVDD_0045_E_0009357,-7.1597990621
CtrSVDD_0046_E_0009358,-7.4741790984
CtrSVDD_0047_E_0009359,-5.1712997162
CtrSVDD_0000_E_0009360,-5.9582226595
CtrSVDD_0001_E_0009361,-7.2512620666
CtrSVDD_0002_E_0009362,-7.2662391595
CtrSVDD_0003_E_0009363,-6.2376379405
CtrSVDD_0004_E_0009364,-5.5790705363
CtrSVDD_0005_E_0009365,-6.5727902768
CtrSVDD_0006_E_0009366,-6.4692208253
CtrSVDD_0007_E_0009367,-4.9428183707
CtrSVDD_0008_E_0009368,-6.8816079645
CtrSVDD_0009_E_0009369,-5.0642737292
CtrSVDD_0010_E_0009370,-0.2523361478
CtrSVDD_0011_E_0009371,-5.1295166706
CtrSVDD_0012_E_0009372,-5.7442004955
CtrSVDD_0013_E_0009373,-5.6779092662
CtrSVDD_0014_E_0009374,-6.5845575734
CtrSVDD_0015_E_0009375,-6.1344939902
CtrSVDD_0016_E_0009376,0.3017602678
CtrSVDD_0017_E_0009377,-6.7151812242
CtrSVDD_0018_E_0009378,-5.0343331495
CtrSVDD_0019_E_0009379,-5.7484178481
CtrSVDD_0020_E_0009380,-6.5989158312
CtrSVDD_0021_E_0009381,-7.0798710222
CtrSVDD_0022_E_0009382,-7.4142935119
CtrSVDD_0023_E_0009383,-5.0164423698
CtrSVDD_0024_E_0009384,-8.0619385780
CtrSVDD_0025_E_0009385,-4.7825597338
CtrSVDD_0026_E_0009386,-3.4388393245
CtrSVDD_0027_E_0009387,-2.8566716727
CtrSVDD_0028_E_0009388,-5.6390919050
CtrSVDD_0029_E_0009389,-6.7934262727
CtrSVDD_0030_E_0009390,-5.0095787072
CtrSVDD_0031_E_0009391,-7.2699337684
CtrSVDD_0032_E_0009392,-5.5285114476
CtrSVDD_0033_E_0009393,-6.9005456527
CtrSVDD_0034_E_0009394,-8.5081605056
CtrSVDD_0035_E_0009395,-6.0276640391
CtrSVDD_0036_E_0009396,-5.7025052365
CtrSVDD_0037_E_0009397,-5.8081703055
CtrSVDD_0038_E_0009398,-6.6035481720
CtrSVDD_0039_E_0009399,-4.3537176346
CtrSVDD_0040_E_0009400,-7.6885328039
CtrSVDD_0041_E_0009401,-6.2151083245
CtrSVDD_0042_E_0009402,-4.1506983767
CtrSVDD_0043_E_0009403,0.1764594083
CtrSVDD_0044_E_0009404,-5.8490450337
CtrSVDD_0045_E_0009405,-5.9702795925
CtrSVDD_0046_E_0009406,-8.7282479620
CtrSVDD_0047_E_0009407,-5.1617435587
CtrSVDD_0000_E_0009408,-6.5973652080
CtrSVDD_0001_E_0009409,-5.7254064203
CtrSVDD_0002_E_0009410,-6.9000261366
CtrSVDD_0003_E_0009411,-7.1594404580
CtrSVDD_0004_E_0009412,-5.7074249901
CtrSVDD_0005_E_0009413,-3.3668713405
CtrSVDD_0006_E_0009414,-3.9304041927
CtrSVDD_0007_E_0009415,-5.2622673186
CtrSVDD_0008_E_0009416,-6.6883008628
CtrSVDD_0009_E_0009417,-7.0830234335
CtrSVDD_0010_E_0009418,-0.4335427226
CtrSVDD_0011_E_0009419,-6.6930799725
CtrSVDD_0012_E_0009420,-6.2453779127
CtrSVDD_0013_E_0009421,-6.9510677439
CtrSVDD_0014_E_0009422,-6.6606315309
CtrSVDD_0015_E_0009423,-6.8604627172
CtrSVDD_0016_E_0009424,-0.5816152139
CtrSVDD_0017_E_0009425,-3.5130955091
CtrSVDD_0018_E_0009426,-0.5204333547
CtrSVDD_0019_E_0009427,-5.8736489450
CtrSVDD_0020_E_0009428,-4.4845542264
CtrSVDD_0021_E_0009429,-5.6934079167
CtrSVDD_0022_E_0009430,-1.2464162809
CtrSVDD_0023_E_0009431,-3.8897821014
CtrSVDD_0024_E_0009432,-7.2691340785
CtrSVDD_0025_E_0009433,-7.6305527142
CtrSVDD_0026_E_0009434,-4.4969243891
CtrSVDD_0027_E_0009435,-6.9534779286
CtrSVDD_0028_E_0009436,-5.8565623251
CtrSVDD_0029_E_0009437,-5.5446514542
CtrSVDD_0030_E_0009438,-7.0742595729
CtrSVDD_0031_E_0009439,-1.5787329597
CtrSVDD_0032_E_0009440,-1.5885360383
CtrSVDD_0033_E_0009441,-8.8249635152
CtrSVDD_0034_E_0009442,-4.0783128511
CtrSVDD_0035_E_0009443,-6.5657387770
CtrSVDD_0036_E_0009444,-6.2084048372
CtrSVDD_0037_E_0009445,-4.5458254141
CtrSVDD_0038_E_0009446,-0.1058055829
CtrSVDD_0039_E_0009447,0.7673723835
CtrSVDD_0040_E_0009448,-8.1701060129
CtrSVDD_0041_E_0009449,-5.3148567218
CtrSVDD_0042_E_0009450,-8.1976780719
CtrSVDD_0043_E_0009451,0.3094522773
CtrSVDD_0044_E_0009452,-4.9559889349
CtrSVDD_0045_E_0009453,-5.8886520755
CtrSVDD_0046_E_0009454,-7.4226719514
CtrSVDD_0047_E_0009455,-5.6846993333
CtrSVDD_0000_E_0009456,-6.5597203792
CtrSVDD_0001_E_0009457,-3.2727594098
CtrSVDD_0002_E_0009458,-5.4605747311
CtrSVDD_0003_E_0009459,1.5052708191
CtrSVDD_0004_E_0009460,-0.3001606119
CtrSVDD_0005_E_0009461,-6.4898752542
CtrSVDD_0006_E_0009462,-7.7717535499
CtrSVDD_0007_E_0009463,1.5228742124
CtrSVDD_0008_E_0009464,-4.5556678804
CtrSVDD_0009_E_0009465,-6.7404010130
CtrSVDD_0010_E_0009466,-4.7008164457
CtrSVDD_0011_E_0009467,1.5390871702
CtrSVDD_0012_E_0009468,-7.0433433807
CtrSVDD_0013_E_0009469,-0.8334767716
CtrSVDD_0014_E_0009470,-4.3365625536
CtrSVDD_0015_E_0009471,1.2998908171
CtrSVDD_0016_E_0009472,-7.1928787732
CtrSVDD_0017_E_0009473,-8.6580864396
CtrSVDD_0018_E_0009474,-7.4025073635
CtrSVDD_0019_E_0009475,-4.9522379298
CtrSVDD_0020_E_0009476,-7.3106662591
CtrSVDD_0021_E_0009477,-5.7238813955
CtrSVDD_0022_E_0009478,-6.8329651933
CtrSVDD_0023_E_0009479,-5.5681683373
CtrSVDD_0024_E_0009480,-4.1205597198
CtrSVDD_0025_E_0009481,-3.8412968752
CtrSVDD_0026_E_0009482,-5.6227384475
CtrSVDD_0027_E_0009483,0.4895646950
CtrSVDD_0028_E_0009484,-7.7162880799
CtrSVDD_0029_E_0009485,-0.6049670462
CtrSVDD_0030_E_0009486,-6.8830107173
CtrSVDD_0031_E_0009487,0.3766293726
CtrSVDD_0032_E_0009488,-4.0854749719
CtrSVDD_0033_E_0009489,-0.1114338467
CtrSVDD_0034_E_0009490,-7.8675450665
CtrSVDD_0035_E_0009491,-2.9260164887
CtrSVDD_0036_E_0009492,-5.5869660305
CtrSVDD_0037_E_0009493,-5.3804010178
CtrSVDD_0038_E_0009494,-6.2360923720
CtrSVDD_0039_E_0009495,-1.2586761719
CtrSVDD_0040_E_0009496,-5.4072240542
CtrSVDD_0041_E_0009497,-7.1199143234
CtrSVDD_0042_E_0009498,-4.0027299032
CtrSVDD_0043_E_0009499,-6.1051227903
CtrSVDD_0044_E_0009500,-5.1802406391
CtrSVDD_0045_E_0009501,-8.1475037380
CtrSVDD_0046_E_0009502,1.2525226939
CtrSVDD_0047_E_0009503,0.4424632490
CtrSVDD_0000_E_0009504,-7.9326966568
CtrSVDD_0001_E_0009505,-7.1260531310
CtrSVDD_0002_E_0009506,-3.8759203406
CtrSVDD_0003_E_0009507,-6.8408926303
CtrSVDD_0004_E_0009508,-5.4825584147
CtrSVDD_0005_E_0009509,-5.5597971243
CtrSVDD_0006_E_0009510,-6.0486456624
CtrSVDD_0007_E_0009511,-6.4268067246
CtrSVDD_0008_E_0009512,-5.8496457618
CtrSVDD_0009_E_0009513,-6.9839113189
CtrSVDD_0010_E_0009514,-6.5568785809
CtrSVDD_0011_E_0009515,-5.6033650200
CtrSVDD_0012_E_0009516,-7.8653054398
CtrSVDD_0013_E_0009517,-6.4534506609
CtrSVDD_0014_E_0009518,-6.8357207102
CtrSVDD_0015_E_0009519,-7.7360851861
CtrSVDD_0016_E_0009520,-5.7337591889
CtrSVDD_0017_E_0009521,-7.4196895221
CtrSVDD_0018_E_0009522,-6.0214670471
CtrSVDD_0019_E_0009523,1.3896982195
CtrSVDD_0020_E_0009524,-4.9782162504
CtrSVDD_0021_E_0009525,-5.2080848960
CtrSVDD_0022_E_0009526,-6.2343290872
CtrSVDD_0023_E_0009527,-4.7919399502
CtrSVDD_0024_E_0009528,-6.3015020646
CtrSVDD_0025_E_0009529,-4.5240676789
CtrSVDD_0026_E_0009530,-6.8729903689
CtrSVDD_0027_E_0009531,-8.0111504477
CtrSVDD_0028_E_0009532,-7.3152568335
CtrSVDD_0029_E_0009533,-6.4731294732
CtrSVDD_0030_E_0009534,-5.1801182754
CtrSVDD_0031_E_0009535,0.8196978204
CtrSVDD_0032_E_0009536,-4.3557524547
CtrSVDD_0033_E_0009537,1.3970837332
CtrSVDD_0034_E_0009538,-7.1905829704
CtrSVDD_0035_E_0009539,-6.7815872071
CtrSVDD_0036_E_0009540,-6.5788643138
CtrSVDD_0037_E_0009541,-7.4627978490
CtrSVDD_0038_E_0009542,-7.8766529478
CtrSVDD_0039_E_0009543,-7.2466861592
CtrSVDD_0040_E_0009544,-0.9435021675
CtrSVDD_0041_E_0009545,-6.8804822809
CtrSVDD_0042_E_0009546,-4.3142578830
CtrSVDD_0043_E_0009547,-5.8119014323
CtrSVDD_0044_E_0009548,-6.3859930975
CtrSVDD_0045_E_0009549,-4.1250365937
CtrSVDD_0046_E_0009550,-0.8138400168
CtrSVDD_0047_E_0009551,0.3090881616
CtrSVDD_0000_E_0009552,-6.1885561325
CtrSVDD_0001_E_0009553,-4.8429949589
CtrSVDD_0002_E_0009554,-5.3405235294
CtrSVDD_0003_E_0009555,-3.5498488620
CtrSVDD_0004_E_0009556,-7.5359222137
CtrSVDD_0005_E_0009557,-7.2435788481
CtrSVDD_0006_E_0009558,-6.0761692120
CtrSVDD_0007_E_0009559,-6.2114691771
CtrSVDD_0008_E_0009560,-4.5882703330
CtrSVDD_0009_E_0009561,-6.6700525612
CtrSVDD_0010_E_0009562,-7.4960469043
CtrSVDD_0011_E_0009563,-5.4698600826
CtrSVDD_0012_E_0009564,-4.0044605720
CtrSVDD_0013_E_0009565,-5.7763618441
CtrSVDD_0014_E_0009566,-7.0243680665
CtrSVDD_0015_E_0009567,-4.9823149334
CtrSVDD_0016_E_0009568,-6.5714646063
CtrSVDD_0017_E_0009569,0.5979455124
CtrSVDD_0018_E_0009570,-7.0847587028
CtrSVDD_0019_E_0009571,-5.7765711432
CtrSVDD_0020_E_0009572,-5.5095885657
CtrSVDD_0021_E_0009573,-5.5466082120
CtrSVDD_0022_E_0009574,-4.4791805142
CtrSVDD_0023_E_0009575,-4.2018324055
CtrSVDD_0024_E_0009576,-5.2815784487
CtrSVDD_0025_E_0009577,-8.9896796787
CtrSVDD_0026_E_0009578,-1.3715585885
CtrSVDD_0027_E_0009579,-6.8491586122
CtrSVDD_0028_E_0009580,-7.0594548414
CtrSVDD_0029_E_0009581,-6.1432784957
CtrSVDD_0030_E_0009582,-5.0630312350
CtrSVDD_0031_E_0009583,1.0812725529
CtrSVDD_0032_E_0009584,-6.8580457652
CtrSVDD_0033_E_0009585,-5.3697551197
CtrSVDD_0034_E_0009586,-6.0436386304
CtrSVDD_0035_E_0009587,-4.8483470312
CtrSVDD_0036_E_0009588,-5.8783622204
CtrSVDD_0037_E_0009589,-5.4589258254
CtrSVDD_0038_E_0009590,-3.5595624293
CtrSVDD_0039_E_0009591,-5.2790223485
CtrSVDD_0040_E_0009592,-5.4137769518
CtrSVDD_0041_E_0009593,-5.9437344566
CtrSVDD_0042_E_0009594,-5.8046373059
CtrSVDD_0043_E_0009595,-5.8423897882
CtrSVDD_0044_E_0009596,-6.4839975798
CtrSVDD_0045_E_0009597,-0.6631188104
CtrSVDD_0046_E_0009598,-6.3272050246
CtrSVDD_0047_E_0009599,-4.7931829708
CtrSVDD_0000_E_0009600,-6.1702930213
CtrSVDD_0001_E_0009601,-5.0991646816
CtrSVDD_0002_E_0009602,-5.1398494895
CtrSVDD_0003_E_0009603,-6.2206799583
CtrSVDD_0004_E_0009604,-5.9093363914
CtrSVDD_0005_E_0009605,-6.6565158308
CtrSVDD_0006_E_0009606,-2.1757241556
CtrSVDD_0007_E_0009607,-5.4193672129
CtrSVDD_0008_E_0009608,-8.2884457097
CtrSVDD_0009_E_0009609,-3.7406892765
CtrSVDD_0010_E_0009610,-6.1118315408
CtrSVDD_0011_E_0009611,-5.5756330368
CtrSVDD_0012_E_0009612,-6.0504840961
CtrSVDD_0013_E_0009613,-6.8865167054
CtrSVDD_0014_E_0009614,-4.3286456927
CtrSVDD_0015_E_0009615,-9.5390733134
CtrSVDD_0016_E_0009616,-3.9871223290
CtrSVDD_0017_E_0009617,-6.1097966198
CtrSVDD_0018_E_0009618,-5.3931453699
CtrSVDD_0019_E_0009619,1.2464162809
CtrSVDD_0020_E_0009620,-5.3727705154
CtrSVDD_0021_E_0009621,1.1934303035
CtrSVDD_0022_E_0009622,-2.9089428566
CtrSVDD_0023_E_0009623,-7.0369365786
CtrSVDD_0024_E_0009624,0.5406807072
CtrSVDD_0025_E_0009625,-6.0808458469
CtrSVDD_0026_E_0009626,-5.5034125389
CtrSVDD_0027_E_0009627,-4.1999271035
CtrSVDD_0028_E_0009628,-6.7483262888
CtrSVDD_0029_E_0009629,-6.0915773661
CtrSVDD_0030_E_0009630,-4.1828718359
CtrSVDD_0031_E_0009631,-6.4420353944
CtrSVDD_0032_E_0009632,-6.8842227055
CtrSVDD_0033_E_0009633,-4.9661521293
CtrSVDD_0034_E_0009634,-6.8431506921
CtrSVDD_0035_E_0009635,-4.4080990437
CtrSVDD_0036_E_0009636,-5.6948592026
CtrSVDD_0037_E_0009637,-6.9388161763
CtrSVDD_0038_E_0009638,-5.3101808685
CtrSVDD_0039_E_0009639,-3.1372892048
CtrSVDD_0040_E_0009640,0.2581165434
CtrSVDD_0041_E_0009641,-6.2635332845
CtrSVDD_0042_E_0009642,-6.4921104017
CtrSVDD_0043_E_0009643,-2.4182269937
CtrSVDD_0044_E_0009644,-4.3101727755
CtrSVDD_0045_E_0009645,-2.2002722016
CtrSVDD_0046_E_0009646,-4.6593223793
CtrSVDD_0047_E_0009647,1.0888326775
CtrSVDD_0000_E_0009648,-2.3481785340
CtrSVDD_0001_E_0009649,1.8176371191
CtrSVDD_0002_E_0009650,-5.7724055609
CtrSVDD_0003_E_0009651,-7.2463708686
CtrSVDD_0004_E_0009652,-4.7699899990
CtrSVDD_0005_E_0009653,-8.0877253947
CtrSVDD_0006_E_0009654,-7.1675118953
CtrSVDD_0007_E_0009655,-5.8889484158
CtrSVDD_0008_E_0009656,0.0705068570
CtrSVDD_0009_E_0009657,-5.6968992880
CtrSVDD_0010_E_0009658,-7.3597483827
CtrSVDD_0011_E_0009659,-2.1560636506
CtrSVDD_0012_E_0009660,-6.4047509868
CtrSVDD_0013_E_0009661,-7.0543177532
CtrSVDD_0014_E_0009662,0.2552252796
CtrSVDD_0015_E_0009663,-1.5273495790
CtrSVDD_0016_E_0009664,-7.3375314936
CtrSVDD_0017_E_0009665,-7.6358527106
CtrSVDD_0018_E_0009666,-6.0885617865
CtrSVDD_0019_E_0009667,0.7679408591
CtrSVDD_0020_E_0009668,-6.5002837701
CtrSVDD_0021_E_0009669,-5.8029275569
CtrSVDD_0022_E_0009670,-7.6215201576
CtrSVDD_0023_E_0009671,-7.1019604357
CtrSVDD_0024_E_0009672,-6.2833638354
CtrSVDD_0025_E_0009673,-5.1432649797
CtrSVDD_0026_E_0009674,-0.2100843855
CtrSVDD_0027_E_0009675,-4.7819548565
CtrSVDD_0028_E_0009676,0.0777108845
CtrSVDD_0029_E_0009677,-6.8834828399
CtrSVDD_0030_E_0009678,-4.8039384154
CtrSVDD_0031_E_0009679,-5.1243059622
CtrSVDD_0032_E_0009680,1.4352085477
CtrSVDD_0033_E_0009681,-6.2915006620
CtrSVDD_0034_E_0009682,-6.6391763688
CtrSVDD_0035_E_0009683,0.4350798563
CtrSVDD_0036_E_0009684,-5.1060170281
CtrSVDD_0037_E_0009685,-3.7150308914
CtrSVDD_0038_E_0009686,-6.2188449399
CtrSVDD_0039_E_0009687,-2.0349820557
CtrSVDD_0040_E_0009688,-5.3295095094
CtrSVDD_0041_E_0009689,-0.4676051739
CtrSVDD_0042_E_0009690,-7.2892045839
CtrSVDD_0043_E_0009691,-0.9544740278
CtrSVDD_0044_E_0009692,-7.5409222573
CtrSVDD_0045_E_0009693,-6.3405322074
CtrSVDD_0046_E_0009694,-6.6243916668
CtrSVDD_0047_E_0009695,-5.5537493205
CtrSVDD_0000_E_0009696,-5.1909062258
CtrSVDD_0001_E_0009697,-8.2140758125
CtrSVDD_0002_E_0009698,-3.0679251417
CtrSVDD_0003_E_0009699,-5.1348628105
CtrSVDD_0004_E_0009700,-6.0968191169
CtrSVDD_0005_E_0009701,-2.9013006068
CtrSVDD_0006_E_0009702,1.0347594811
CtrSVDD_0007_E_0009703,-5.5517573622
CtrSVDD_0008_E_0009704,-6.1029883087
CtrSVDD_0009_E_0009705,1.3544950677
CtrSVDD_0010_E_0009706,-4.6126495887
CtrSVDD_0011_E_0009707,-5.2416243084
CtrSVDD_0012_E_0009708,-4.9042040311
CtrSVDD_0013_E_0009709,-6.2665918394
CtrSVDD_0014_E_0009710,-6.6194125357
CtrSVDD_0015_E_0009711,-7.4803277322
CtrSVDD_0016_E_0009712,-6.5088042060
CtrSVDD_0017_E_0009713,-5.5373427162
CtrSVDD_0018_E_0009714,-3.0502645362
CtrSVDD_0019_E_0009715,-5.2718307786
CtrSVDD_0020_E_0009716,-6.8312681071
CtrSVDD_0021_E_0009717,-6.4400180064
CtrSVDD_0022_E_0009718,-5.1499609800
CtrSVDD_0023_E_0009719,-5.8945119458
CtrSVDD_0024_E_0009720,-4.3700807370
CtrSVDD_0025_E_0009721,0.3164326907
CtrSVDD_0026_E_0009722,-3.9836190895
CtrSVDD_0027_E_0009723,-0.4376526987
CtrSVDD_0028_E_0009724,-6.9733743133
CtrSVDD_0029_E_0009725,0.0889401633
CtrSVDD_0030_E_0009726,-5.9149674123
CtrSVDD_0031_E_0009727,-4.0010004275
CtrSVDD_0032_E_0009728,-7.8151300610
CtrSVDD_0033_E_0009729,-4.2051892664
CtrSVDD_0034_E_0009730,-7.9101540956
CtrSVDD_0035_E_0009731,1.9533237077
CtrSVDD_0036_E_0009732,-6.9255929857
CtrSVDD_0037_E_0009733,-6.9209673089
CtrSVDD_0038_E_0009734,-5.3201114899
CtrSVDD_0039_E_0009735,-7.4148946064
CtrSVDD_0040_E_0009736,-7.5671697671
CtrSVDD_0041_E_0009737,-6.9171193274
CtrSVDD_0042_E_0009738,-0.2668034008
CtrSVDD_0043_E_0009739,-6.8853123869
CtrSVDD_0044_E_0009740,-5.0597866733
CtrSVDD_0045_E_0009741,-4.5268280544
CtrSVDD_0046_E_0009742,-5.3535428434
CtrSVDD_0047_E_0009743,-3.1931817474
CtrSVDD_0000_E_0009744,-6.7517132248
CtrSVDD_0001_E_0009745,0.1807232334
CtrSVDD_0002_E_0009746,-7.1988001742
CtrSVDD_0003_E_0009747,-5.9664825710
CtrSVDD_0004_E_0009748,-0.8394306710
CtrSVDD_0005_E_0009749,0.9500715601
CtrSVDD_0006_E_0009750,0.6509158663
CtrSVDD_0007_E_0009751,-5.8859247794
CtrSVDD_0008_E_0009752,0.3504453938
CtrSVDD_0009_E_0009753,-5.1766701184
CtrSVDD_0010_E_0009754,-4.9443938995
CtrSVDD_0011_E_0009755,0.1992388728
CtrSVDD_0012_E_0009756,-6.9441573095
CtrSVDD_0013_E_0009757,-5.9939059398
CtrSVDD_0014_E_0009758,-7.4168348547
CtrSVDD_0015_E_0009759,-3.8527216675
CtrSVDD_0016_E_0009760,-5.4498525187
CtrSVDD_0017_E_0009761,-5.1185996274
CtrSVDD_0018_E_0009762,-5.6454785068
CtrSVDD_0019_E_0009763,0.1495262561
CtrSVDD_0020_E_0009764,-9.0037284665
CtrSVDD_0021_E_0009765,1.1709236590
CtrSVDD_0022_E_0009766,-3.6211034305
CtrSVDD_0023_E_0009767,-7.4725605919
CtrSVDD_0024_E_0009768,-5.9542440573
CtrSVDD_0025_E_0009769,-6.9140399230
CtrSVDD_0026_E_0009770,-6.6468092437
CtrSVDD_0027_E_0009771,-3.4611046659
CtrSVDD_0028_E_0009772,-2.7675976896
CtrSVDD_0029_E_0009773,-8.0426751127
CtrSVDD_0030_E_0009774,-8.1436520658
CtrSVDD_0031_E_0009775,-5.2586702430
CtrSVDD_0032_E_0009776,-1.9384872562
CtrSVDD_0033_E_0009777,-7.9019887003
CtrSVDD_0034_E_0009778,-7.0326891695
CtrSVDD_0035_E_0009779,-6.1151395654
CtrSVDD_0036_E_0009780,-7.4710924188
CtrSVDD_0037_E_0009781,-6.7632449756
CtrSVDD_0038_E_0009782,-3.7038356146
CtrSVDD_0039_E_0009783,-1.1041426793
CtrSVDD_0040_E_0009784,-5.4258325367
CtrSVDD_0041_E_0009785,-5.0442535413
CtrSVDD_0042_E_0009786,-6.6061712331
CtrSVDD_0043_E_0009787,-7.3249629851
CtrSVDD_0044_E_0009788,0.0383500604
CtrSVDD_0045_E_0009789,-0.8881836646
CtrSVDD_0046_E_0009790,-0.2179707433
CtrSVDD_0047_E_0009791,-7.0087391286
CtrSVDD_0000_E_0009792,-2.3572221564
CtrSVDD_0001_E_0009793,-7.3247007921
CtrSVDD_0002_E_0009794,-3.8298250681
CtrSVDD_0003_E_0009795,-7.4396209296
CtrSVDD_0004_E_0009796,-8.5661919183
CtrSVDD_0005_E_0009797,-4.3599691800
CtrSVDD_0006_E_0009798,-4.8986804049
CtrSVDD_0007_E_0009799,-3.9047115095
CtrSVDD_0008_E_0009800,-5.5388154680
CtrSVDD_0009_E_0009801,-2.8055985918
CtrSVDD_0010_E_0009802,-6.3480740361
CtrSVDD_0011_E_0009803,0.0957844592
CtrSVDD_0012_E_0009804,-6.0773547685
CtrSVDD_0013_E_0009805,-5.7711831349
CtrSVDD_0014_E_0009806,-4.8317989707
CtrSVDD_0015_E_0009807,-7.6366064833
CtrSVDD_0016_E_0009808,-5.5698759627
CtrSVDD_0017_E_0009809,-5.8104488009
CtrSVDD_0018_E_0009810,-5.1276744439
CtrSVDD_0019_E_0009811,-5.9503841826
CtrSVDD_0020_E_0009812,-8.1194354862
CtrSVDD_0021_E_0009813,0.9611126384
CtrSVDD_0022_E_0009814,-4.8642659058
CtrSVDD_0023_E_0009815,-4.7248810604
CtrSVDD_0024_E_0009816,-5.2942241699
CtrSVDD_0025_E_0009817,-5.1483053529
CtrSVDD_0026_E_0009818,-4.7445959700
CtrSVDD_0027_E_0009819,-5.3008311325
CtrSVDD_0028_E_0009820,-7.3228780531
CtrSVDD_0029_E_0009821,-7.4285338764
CtrSVDD_0030_E_0009822,-7.2703875308
CtrSVDD_0031_E_0009823,-5.1605053388
CtrSVDD_0032_E_0009824,-3.5925839810
CtrSVDD_0033_E_0009825,-7.7087939813
CtrSVDD_0034_E_0009826,-7.1274769509
CtrSVDD_0035_E_0009827,-2.3329071880
CtrSVDD_0036_E_0009828,-1.3644275699
CtrSVDD_0037_E_0009829,-6.1384801789
CtrSVDD_0038_E_0009830,-7.7578550228
CtrSVDD_0039_E_0009831,-5.9768867440
CtrSVDD_0040_E_0009832,-6.7744370325
CtrSVDD_0041_E_0009833,-7.0757285976
CtrSVDD_0042_E_0009834,1.1144948228
CtrSVDD_0043_E_0009835,-6.6011559679
CtrSVDD_0044_E_0009836,-6.3313832496
CtrSVDD_0045_E_0009837,-7.0150803893
CtrSVDD_0046_E_0009838,-7.0231046676
CtrSVDD_0047_E_0009839,-4.8205120901
CtrSVDD_0000_E_0009840,-6.3530796351
CtrSVDD_0001_E_0009841,-2.2250063411
CtrSVDD_0002_E_0009842,-5.9029617690
CtrSVDD_0003_E_0009843,-6.4883797891
CtrSVDD_0004_E_0009844,-6.2031307669
CtrSVDD_0005_E_0009845,-8.4347407801
CtrSVDD_0006_E_0009846,-7.2542056959
CtrSVDD_0007_E_0009847,-4.5806605344
CtrSVDD_0008_E_0009848,-4.4988377214
CtrSVDD_0009_E_0009849,-5.4077579582
CtrSVDD_0010_E_0009850,-6.9910372941
CtrSVDD_0011_E_0009851,-3.8979118758
CtrSVDD_0012_E_0009852,-6.6925148456
CtrSVDD_0013_E_0009853,0.6930450984
CtrSVDD_0014_E_0009854,-6.0519840933
CtrSVDD_0015_E_0009855,-5.3195075103
CtrSVDD_0016_E_0009856,-2.6011223499
CtrSVDD_0017_E_0009857,-5.1582104306
CtrSVDD_0018_E_0009858,-7.3448933670
CtrSVDD_0019_E_0009859,-4.4093680446
CtrSVDD_0020_E_0009860,-7.8497828693
CtrSVDD_0021_E_0009861,0.5965898493
CtrSVDD_0022_E_0009862,-4.8243514015
CtrSVDD_0023_E_0009863,-3.3135550631
CtrSVDD_0024_E_0009864,1.4274166951
CtrSVDD_0025_E_0009865,-5.9686679461
CtrSVDD_0026_E_0009866,-5.9048557825
CtrSVDD_0027_E_0009867,-6.5175457712
CtrSVDD_0028_E_0009868,-6.1946508475
CtrSVDD_0029_E_0009869,-7.7698033828
CtrSVDD_0030_E_0009870,-6.2726960248
CtrSVDD_0031_E_0009871,-5.4002483432
CtrSVDD_0032_E_0009872,-6.5812373240
CtrSVDD_0033_E_0009873,-4.7122101355
CtrSVDD_0034_E_0009874,-6.4456181112
CtrSVDD_0035_E_0009875,-0.6286535519
CtrSVDD_0036_E_0009876,-4.3876961798
CtrSVDD_0037_E_0009877,-6.3685047382
CtrSVDD_0038_E_0009878,0.9558069603
CtrSVDD_0039_E_0009879,-7.2919273450
CtrSVDD_0040_E_0009880,-5.7449409997
CtrSVDD_0041_E_0009881,-5.0617161980
CtrSVDD_0042_E_0009882,2.6912104161
CtrSVDD_0043_E_0009883,-6.6640588465
CtrSVDD_0044_E_0009884,-1.2805982317
CtrSVDD_0045_E_0009885,-3.7729176981
CtrSVDD_0046_E_0009886,-4.5635811482
CtrSVDD_0047_E_0009887,-6.8134444489
CtrSVDD_0000_E_0009888,-5.3130086614
CtrSVDD_0001_E_0009889,-3.4975977960
CtrSVDD_0002_E_0009890,-7.0603778248
CtrSVDD_0003_E_0009891,-6.2725789831
CtrSVDD_0004_E_0009892,-4.4708601617
CtrSVDD_0005_E_0009893,-3.5941674972
CtrSVDD_0006_E_0009894,-5.9378230828
CtrSVDD_0007_E_0009895,0.2053337646
CtrSVDD_0008_E_0009896,-7.7677873936
CtrSVDD_0009_E_0009897,-5.8464320510
CtrSVDD_0010_E_0009898,-5.6701804857
CtrSVDD_0011_E_0009899,-4.1931045006
CtrSVDD_0012_E_0009900,-5.5109454477
CtrSVDD_0013_E_0009901,1.5595696761
CtrSVDD_0014_E_0009902,-8.2809490445
CtrSVDD_0015_E_0009903,0.1452840503
CtrSVDD_0016_E_0009904,-5.0219750600
CtrSVDD_0017_E_0009905,-5.6476529568
CtrSVDD_0018_E_0009906,0.1391504120
CtrSVDD_0019_E_0009907,-6.3786229311
CtrSVDD_0020_E_0009908,-3.3103053728
CtrSVDD_0021_E_0009909,-8.0483479262
CtrSVDD_0022_E_0009910,-3.2513827213
CtrSVDD_0023_E_0009911,-6.7590387326
CtrSVDD_0024_E_0009912,-4.6620496599
CtrSVDD_0025_E_0009913,-4.0595799781
CtrSVDD_0026_E_0009914,-7.3502034908
CtrSVDD_0027_E_0009915,1.6035332955
CtrSVDD_0028_E_0009916,-5.2688735927
CtrSVDD_0029_E_0009917,-6.7677171169
CtrSVDD_0030_E_0009918,-5.5416234360
CtrSVDD_0031_E_0009919,0.6788864349
CtrSVDD_0032_E_0009920,-3.6528485814
CtrSVDD_0033_E_0009921,-6.3354336325
CtrSVDD_0034_E_0009922,-1.6787952007
CtrSVDD_0035_E_0009923,-7.9700389683
CtrSVDD_0036_E_0009924,-4.9579214749
CtrSVDD_0037_E_0009925,0.7217891729
CtrSVDD_0038_E_0009926,-6.8208938541
CtrSVDD_0039_E_0009927,-2.3512028281
CtrSVDD_0040_E_0009928,-1.0812725529
CtrSVDD_0041_E_0009929,1.3538593641
CtrSVDD_0042_E_0009930,-5.6885325032
CtrSVDD_0043_E_0009931,0.1793015971
CtrSVDD_0044_E_0009932,0.8206056900
CtrSVDD_0045_E_0009933,-5.7730616249
CtrSVDD_0046_E_0009934,-6.1448834344
CtrSVDD_0047_E_0009935,-5.5984540596
CtrSVDD_0000_E_0009936,-5.8662487534
CtrSVDD_0001_E_0009937,-5.5054097548
CtrSVDD_0002_E_0009938,-5.8888278240
CtrSVDD_0003_E_0009939,-5.8480670602
CtrSVDD_0004_E_0009940,-6.7050652829
CtrSVDD_0005_E_0009941,-6.7387428094
CtrSVDD_0006_E_0009942,-8.5170574296
CtrSVDD_0007_E_0009943,-5.3310271409
CtrSVDD_0008_E_0009944,-4.7422044082
CtrSVDD_0009_E_0009945,-6.3987620712
CtrSVDD_0010_E_0009946,-6.5410395467
CtrSVDD_0011_E_0009947,-6.3151620915
CtrSVDD_0012_E_0009948,-5.3753284461
CtrSVDD_0013_E_0009949,-3.3070533746
CtrSVDD_0014_E_0009950,-6.7648271368
CtrSVDD_0015_E_0009951,-7.8331516695
CtrSVDD_0016_E_0009952,-0.9283296332
CtrSVDD_0017_E_0009953,-7.0666671647
CtrSVDD_0018_E_0009954,-3.8826709439
CtrSVDD_0019_E_0009955,-0.2465641713
CtrSVDD_0020_E_0009956,-8.0907134692
CtrSVDD_0021_E_0009957,-7.2068736374
CtrSVDD_0022_E_0009958,-7.1293584359
CtrSVDD_0023_E_0009959,-5.7492868123
CtrSVDD_0024_E_0009960,-4.8110728719
CtrSVDD_0025_E_0009961,-6.2544262996
CtrSVDD_0026_E_0009962,-2.8027295017
CtrSVDD_0027_E_0009963,-5.8861592020
CtrSVDD_0028_E_0009964,-9.2207933550
CtrSVDD_0029_E_0009965,1.6962225050
CtrSVDD_0030_E_0009966,-6.2655503403
CtrSVDD_0031_E_0009967,-3.8347375383
CtrSVDD_0032_E_0009968,-8.7733658229
CtrSVDD_0033_E_0009969,-5.2750962686
CtrSVDD_0034_E_0009970,-5.9450809944
CtrSVDD_0035_E_0009971,-4.7664060791
CtrSVDD_0036_E_0009972,0.7849588792
CtrSVDD_0037_E_0009973,-4.0817143180
CtrSVDD_0038_E_0009974,-6.3616327433
CtrSVDD_0039_E_0009975,-7.2876967337
CtrSVDD_0040_E_0009976,-6.0624060562
CtrSVDD_0041_E_0009977,-4.2227319764
CtrSVDD_0042_E_0009978,-6.5742421172
CtrSVDD_0043_E_0009979,0.7660637131
CtrSVDD_0044_E_0009980,-4.2939430736
CtrSVDD_0045_E_0009981,-1.5318557475
CtrSVDD_0046_E_0009982,-6.2810554673
CtrSVDD_0047_E_0009983,-4.4325389157
CtrSVDD_0000_E_0009984,-6.1281665778
CtrSVDD_0001_E_0009985,0.4691661305
CtrSVDD_0002_E_0009986,-5.9892634481
CtrSVDD_0003_E_0009987,-4.7883355006
CtrSVDD_0004_E_0009988,-4.8416651255
CtrSVDD_0005_E_0009989,-6.6420932977
CtrSVDD_0006_E_0009990,-5.7112340594
CtrSVDD_0007_E_0009991,-1.8042612706
CtrSVDD_0008_E_0009992,-6.2580041064
CtrSVDD_0009_E_0009993,-0.0694438963
CtrSVDD_0010_E_0009994,-5.5944905334
CtrSVDD_0011_E_0009995,-7.0385118565
CtrSVDD_0012_E_0009996,-7.5007435132
CtrSVDD_0013_E_0009997,-2.7230790823
CtrSVDD_0014_E_0009998,-7.0823116397
CtrSVDD_0015_E_0009999,-4.9838261038
CtrSVDD_0016_E_0010000,-6.4781513091
CtrSVDD_0017_E_0010001,-6.4238609800
CtrSVDD_0018_E_0010002,1.2837805526
CtrSVDD_0019_E_0010003,0.5309923114
CtrSVDD_0020_E_0010004,-5.9876253205
CtrSVDD_0021_E_0010005,-6.8070037546
CtrSVDD_0022_E_0010006,-5.5226156527
CtrSVDD_0023_E_0010007,-7.4588181709
CtrSVDD_0024_E_0010008,0.8840409509
CtrSVDD_0025_E_0010009,-3.4276879333
CtrSVDD_0026_E_0010010,-3.7907276070
CtrSVDD_0027_E_0010011,-7.4865617563
CtrSVDD_0028_E_0010012,0.0692954288
CtrSVDD_0029_E_0010013,-7.1733245488
CtrSVDD_0030_E_0010014,-5.4871100375
CtrSVDD_0031_E_0010015,-5.0873854981
CtrSVDD_0032_E_0010016,-6.1196305274
CtrSVDD_0033_E_0010017,-6.6163287004
CtrSVDD_0034_E_0010018,-7.2846528274
CtrSVDD_0035_E_0010019,-5.0784510077
CtrSVDD_0036_E_0010020,-6.3061144923
CtrSVDD_0037_E_0010021,2.4176214176
CtrSVDD_0038_E_0010022,-7.1969900639
CtrSVDD_0039_E_0010023,-5.7382920776
CtrSVDD_0040_E_0010024,-5.7253325385
CtrSVDD_0041_E_0010025,0.0641267737
CtrSVDD_0042_E_0010026,-6.7242002676
CtrSVDD_0043_E_0010027,-7.7544176273
CtrSVDD_0044_E_0010028,-6.1258081025
CtrSVDD_0045_E_0010029,-4.3446852795
CtrSVDD_0046_E_0010030,-5.2286771861
CtrSVDD_0047_E_0010031,-4.8932481486
CtrSVDD_0000_E_0010032,-4.2659494821
CtrSVDD_0001_E_0010033,-6.5750591062
CtrSVDD_0002_E_0010034,-5.3649645519
CtrSVDD_0003_E_0010035,-6.0394422767
CtrSVDD_0004_E_0010036,-5.7527193927
CtrSVDD_0005_E_0010037,-8.1912304742
CtrSVDD_0006_E_0010038,-3.9751972761
CtrSVDD_0007_E_0010039,-6.8461259014
CtrSVDD_0008_E_0010040,-7.9194665884
CtrSVDD_0009_E_0010041,-5.1145469346
CtrSVDD_0010_E_0010042,-6.1384393272
CtrSVDD_0011_E_0010043,-6.9046126805
CtrSVDD_0012_E_0010044,-7.1153338462
CtrSVDD_0013_E_0010045,-3.3716926667
CtrSVDD_0014_E_0010046,-6.8025013120
CtrSVDD_0015_E_0010047,-6.3689976971
CtrSVDD_0016_E_0010048,-7.3431785639
CtrSVDD_0017_E_0010049,-7.6098657828
CtrSVDD_0018_E_0010050,-6.6964103212
CtrSVDD_0019_E_0010051,-8.0964409162
CtrSVDD_0020_E_0010052,-6.3568566302
CtrSVDD_0021_E_0010053,-7.9497881218
CtrSVDD_0022_E_0010054,-5.6660741588
CtrSVDD_0023_E_0010055,1.3715585885
CtrSVDD_0024_E_0010056,-6.8386913404
CtrSVDD_0025_E_0010057,-5.9969899513
CtrSVDD_0026_E_0010058,-7.1365894900
CtrSVDD_0027_E_0010059,-6.3883937402
CtrSVDD_0028_E_0010060,-6.4178231311
CtrSVDD_0029_E_0010061,-6.1931261396
CtrSVDD_0030_E_0010062,1.0837857127
CtrSVDD_0031_E_0010063,-5.5813395962
CtrSVDD_0032_E_0010064,-2.4676652930
CtrSVDD_0033_E_0010065,-3.7663025316
CtrSVDD_0034_E_0010066,-1.2869759279
CtrSVDD_0035_E_0010067,-6.4293512597
CtrSVDD_0036_E_0010068,-6.0112197857
CtrSVDD_0037_E_0010069,-0.7168826702
CtrSVDD_0038_E_0010070,-1.6674542859
CtrSVDD_0039_E_0010071,-2.0889194246
CtrSVDD_0040_E_0010072,-7.5813696718
CtrSVDD_0041_E_0010073,-5.8938175835
CtrSVDD_0042_E_0010074,-0.2832029081
CtrSVDD_0043_E_0010075,-6.1870341565
CtrSVDD_0044_E_0010076,-5.1063844131
CtrSVDD_0045_E_0010077,-7.3518579479
CtrSVDD_0046_E_0010078,-5.8051397734
CtrSVDD_0047_E_0010079,-4.6878424050
CtrSVDD_0000_E_0010080,-7.8898631640
CtrSVDD_0001_E_0010081,-5.3191008577
CtrSVDD_0002_E_0010082,-6.7448957936
CtrSVDD_0003_E_0010083,0.2866984235
CtrSVDD_0004_E_0010084,-7.0896604816
CtrSVDD_0005_E_0010085,-6.5596458547
CtrSVDD_0006_E_0010086,-5.0645063664
CtrSVDD_0007_E_0010087,-6.8239206150
CtrSVDD_0008_E_0010088,-5.2619596102
CtrSVDD_0009_E_0010089,-7.2959929149
CtrSVDD_0010_E_0010090,-4.2553274155
CtrSVDD_0011_E_0010091,-7.7999657027
CtrSVDD_0012_E_0010092,-0.7091416044
CtrSVDD_0013_E_0010093,0.8255838870
CtrSVDD_0014_E_0010094,-4.9400517185
CtrSVDD_0015_E_0010095,-6.1908846529
CtrSVDD_0016_E_0010096,-5.1839122658
CtrSVDD_0017_E_0010097,-1.2373428625
CtrSVDD_0018_E_0010098,-6.1290185341
CtrSVDD_0019_E_0010099,0.4289374437
CtrSVDD_0020_E_0010100,0.4366180187
CtrSVDD_0021_E_0010101,-5.6327402392
CtrSVDD_0022_E_0010102,-8.3928562434
CtrSVDD_0023_E_0010103,-5.0136493404
CtrSVDD_0024_E_0010104,-6.4153193842
CtrSVDD_0025_E_0010105,-4.6088287296
CtrSVDD_0026_E_0010106,-5.4784129581
CtrSVDD_0027_E_0010107,-6.0243202493
CtrSVDD_0028_E_0010108,-7.3965086997
CtrSVDD_0029_E_0010109,-3.6258607470
CtrSVDD_0030_E_0010110,0.5133580378
CtrSVDD_0031_E_0010111,-5.9557008911
CtrSVDD_0032_E_0010112,-7.5523550608
CtrSVDD_0033_E_0010113,-4.5195069973
CtrSVDD_0034_E_0010114,-0.4895646950
CtrSVDD_0035_E_0010115,-6.5685075639
CtrSVDD_0036_E_0010116,-6.6744136544
CtrSVDD_0037_E_0010117,-6.1828182988
CtrSVDD_0038_E_0010118,1.2711282247
CtrSVDD_0039_E_0010119,-1.1223380117
CtrSVDD_0040_E_0010120,-5.5358731859
CtrSVDD_0041_E_0010121,-4.4028644471
CtrSVDD_0042_E_0010122,-7.2277571542
CtrSVDD_0043_E_0010123,-6.6221785863
CtrSVDD_0044_E_0010124,-7.1898543412
CtrSVDD_0045_E_0010125,-8.1800140394
CtrSVDD_0046_E_0010126,-7.9197823525
CtrSVDD_0047_E_0010127,-5.7930090924
CtrSVDD_0000_E_0010128,-2.5247881871
CtrSVDD_0001_E_0010129,-8.0112214750
CtrSVDD_0002_E_0010130,-0.1340525266
CtrSVDD_0003_E_0010131,-6.8366493480
CtrSVDD_0004_E_0010132,-10.2704529009
CtrSVDD_0005_E_0010133,-6.4369810179
CtrSVDD_0006_E_0010134,-5.8248772027
CtrSVDD_0007_E_0010135,-4.1161913073
CtrSVDD_0008_E_0010136,-5.1000376975
CtrSVDD_0009_E_0010137,-6.8123934527
CtrSVDD_0010_E_0010138,-6.8685716940
CtrSVDD_0011_E_0010139,-3.5973347930
CtrSVDD_0012_E_0010140,-6.3986452141
CtrSVDD_0013_E_0010141,-5.6757733792
CtrSVDD_0014_E_0010142,-7.9979279332
CtrSVDD_0015_E_0010143,-6.6018180260
CtrSVDD_0016_E_0010144,-5.5870778959
CtrSVDD_0017_E_0010145,-6.3325279857
CtrSVDD_0018_E_0010146,-5.8336129906
CtrSVDD_0019_E_0010147,-6.2844091443
CtrSVDD_0020_E_0010148,-5.8819659657
CtrSVDD_0021_E_0010149,-2.6034942915
CtrSVDD_0022_E_0010150,-5.6876023779
CtrSVDD_0023_E_0010151,-6.7707746999
CtrSVDD_0024_E_0010152,-5.3617799084
CtrSVDD_0025_E_0010153,-6.4679106768
CtrSVDD_0026_E_0010154,1.8587820645
CtrSVDD_0027_E_0010155,-6.4620530508
CtrSVDD_0028_E_0010156,-1.8966634531
CtrSVDD_0029_E_0010157,-6.6192309279
CtrSVDD_0030_E_0010158,-1.2136317090
CtrSVDD_0031_E_0010159,-6.4299258428
CtrSVDD_0032_E_0010160,-6.0413741620
CtrSVDD_0033_E_0010161,-2.0377220253
CtrSVDD_0034_E_0010162,-5.0061010809
CtrSVDD_0035_E_0010163,-4.7141685669
CtrSVDD_0036_E_0010164,-6.3561540762
CtrSVDD_0037_E_0010165,-7.1561822866
CtrSVDD_0038_E_0010166,-7.0052444442
CtrSVDD_0039_E_0010167,-4.2190756342
CtrSVDD_0040_E_0010168,-5.6149120558
CtrSVDD_0041_E_0010169,-4.6516247822
CtrSVDD_0042_E_0010170,-6.1135015651
CtrSVDD_0043_E_0010171,-6.0347116894
CtrSVDD_0044_E_0010172,-6.1626453856
CtrSVDD_0045_E_0010173,-3.5593438858
CtrSVDD_0046_E_0010174,-5.5871868417
CtrSVDD_0047_E_0010175,-5.4129729311
CtrSVDD_0000_E_0010176,0.0875359191
CtrSVDD_0001_E_0010177,-5.2391916604
CtrSVDD_0002_E_0010178,0.8394306710
CtrSVDD_0003_E_0010179,-0.9835540622
CtrSVDD_0004_E_0010180,-2.8955465193
CtrSVDD_0005_E_0010181,-1.8281814675
CtrSVDD_0006_E_0010182,-3.2579729530
CtrSVDD_0007_E_0010183,-3.1426765601
CtrSVDD_0008_E_0010184,-2.7486929337
CtrSVDD_0009_E_0010185,-6.3268010553
CtrSVDD_0010_E_0010186,-5.0801863332
CtrSVDD_0011_E_0010187,-6.1009490543
CtrSVDD_0012_E_0010188,-6.5699858853
CtrSVDD_0013_E_0010189,-6.6853123572
CtrSVDD_0014_E_0010190,-6.8491029874
CtrSVDD_0015_E_0010191,-0.5022191229
CtrSVDD_0016_E_0010192,-6.9424697944
CtrSVDD_0017_E_0010193,-7.1480713562
CtrSVDD_0018_E_0010194,-4.7822415665
CtrSVDD_0019_E_0010195,-4.5985004255
CtrSVDD_0020_E_0010196,-4.2946893990
CtrSVDD_0021_E_0010197,-2.4756767209
CtrSVDD_0022_E_0010198,-7.5911429672
CtrSVDD_0023_E_0010199,-7.4711657121
CtrSVDD_0024_E_0010200,-7.1199749169
CtrSVDD_0025_E_0010201,-5.3157222243
CtrSVDD_0026_E_0010202,-6.6631405243
CtrSVDD_0027_E_0010203,-6.8967777916
CtrSVDD_0028_E_0010204,-3.0127077789
CtrSVDD_0029_E_0010205,-5.2938324103
CtrSVDD_0030_E_0010206,-4.9929934541
CtrSVDD_0031_E_0010207,-7.6700359662
CtrSVDD_0032_E_0010208,-6.3437052676
CtrSVDD_0033_E_0010209,-6.6000495083
CtrSVDD_0034_E_0010210,-5.8176223899
CtrSVDD_0035_E_0010211,-3.2082453591
CtrSVDD_0036_E_0010212,-8.5044610436
CtrSVDD_0037_E_0010213,-2.3602173641
CtrSVDD_0038_E_0010214,-5.1765093721
CtrSVDD_0039_E_0010215,0.6167670433
CtrSVDD_0040_E_0010216,-0.1523558843
CtrSVDD_0041_E_0010217,-1.6035332955
CtrSVDD_0042_E_0010218,-4.7076666156
CtrSVDD_0043_E_0010219,-7.4886094507
CtrSVDD_0044_E_0010220,-6.5372542944
CtrSVDD_0045_E_0010221,-7.4542322174
CtrSVDD_0046_E_0010222,-7.4702735941
CtrSVDD_0047_E_0010223,-4.6984941724
CtrSVDD_0000_E_0010224,-0.5504201225
CtrSVDD_0001_E_0010225,-0.7735886145
CtrSVDD_0002_E_0010226,1.5779813784
CtrSVDD_0003_E_0010227,-7.3773115603
CtrSVDD_0004_E_0010228,-5.5207472280
CtrSVDD_0005_E_0010229,1.3216605747
CtrSVDD_0006_E_0010230,-8.8680755586
CtrSVDD_0007_E_0010231,-5.4663646269
CtrSVDD_0008_E_0010232,-6.5082029189
CtrSVDD_0009_E_0010233,-3.2298815129
CtrSVDD_0010_E_0010234,-6.9048236447
CtrSVDD_0011_E_0010235,-7.5288249712
CtrSVDD_0012_E_0010236,-7.1619755217
CtrSVDD_0013_E_0010237,-0.0692954288
CtrSVDD_0014_E_0010238,-6.2330399923
CtrSVDD_0015_E_0010239,-2.1821422464
CtrSVDD_0016_E_0010240,-6.7108523212
CtrSVDD_0017_E_0010241,-7.9597134777
CtrSVDD_0018_E_0010242,-7.9522584094
CtrSVDD_0019_E_0010243,-6.8081299230
CtrSVDD_0020_E_0010244,-6.8446380638
CtrSVDD_0021_E_0010245,-2.8586374821
CtrSVDD_0022_E_0010246,-5.8986717024
CtrSVDD_0023_E_0010247,-6.2655995651
CtrSVDD_0024_E_0010248,-4.5205830531
CtrSVDD_0025_E_0010249,-7.7167739811
CtrSVDD_0026_E_0010250,-5.6774407444
CtrSVDD_0027_E_0010251,-6.6279832796
CtrSVDD_0028_E_0010252,-2.7027324297
CtrSVDD_0029_E_0010253,-6.4743624757
CtrSVDD_0030_E_0010254,-5.7079195713
CtrSVDD_0031_E_0010255,-5.8034706873
CtrSVDD_0032_E_0010256,-5.7064741595
CtrSVDD_0033_E_0010257,-7.3009599781
CtrSVDD_0034_E_0010258,-6.0059242590
CtrSVDD_0035_E_0010259,-6.2650629196
CtrSVDD_0036_E_0010260,0.3311735569
CtrSVDD_0037_E_0010261,-6.5331843440
CtrSVDD_0038_E_0010262,-6.3216902397
CtrSVDD_0039_E_0010263,-5.8017049845
CtrSVDD_0040_E_0010264,-7.3880085825
CtrSVDD_0041_E_0010265,-4.8203806625
CtrSVDD_0042_E_0010266,1.3163457089
CtrSVDD_0043_E_0010267,-6.0623158725
CtrSVDD_0044_E_0010268,-7.3445584911
CtrSVDD_0045_E_0010269,-0.4738558864
CtrSVDD_0046_E_0010270,0.5069852349
CtrSVDD_0047_E_0010271,-6.1490139552
CtrSVDD_0000_E_0010272,-7.1267635023
CtrSVDD_0001_E_0010273,-6.3649938985
CtrSVDD_0002_E_0010274,-7.1514299967
CtrSVDD_0003_E_0010275,-6.6337437263
CtrSVDD_0004_E_0010276,-5.5431414259
CtrSVDD_0005_E_0010277,-9.7825836193
CtrSVDD_0006_E_0010278,-3.8396560229
CtrSVDD_0007_E_0010279,-5.5079016552
CtrSVDD_0008_E_0010280,-7.0606678168
CtrSVDD_0009_E_0010281,-5.2527177577
CtrSVDD_0010_E_0010282,-6.0784623645
CtrSVDD_0011_E_0010283,-5.6178262662
CtrSVDD_0012_E_0010284,-5.1272518896
CtrSVDD_0013_E_0010285,-8.6395381631
CtrSVDD_0014_E_0010286,-5.5608414162
CtrSVDD_0015_E_0010287,-6.7878921287
CtrSVDD_0016_E_0010288,0.0160867570
CtrSVDD_0017_E_0010289,-4.6371440307
CtrSVDD_0018_E_0010290,-6.3724016532
CtrSVDD_0019_E_0010291,-4.4494539554
CtrSVDD_0020_E_0010292,-5.8579849008
CtrSVDD_0021_E_0010293,-5.3470247534
CtrSVDD_0022_E_0010294,-7.4502464649
CtrSVDD_0023_E_0010295,-6.0007145445
CtrSVDD_0024_E_0010296,-0.2508923729
CtrSVDD_0025_E_0010297,-8.6479607068
CtrSVDD_0026_E_0010298,-5.1695056455
CtrSVDD_0027_E_0010299,-6.5000558574
CtrSVDD_0028_E_0010300,-6.3553570917
CtrSVDD_0029_E_0010301,-7.3978287156
CtrSVDD_0030_E_0010302,-6.2456686322
CtrSVDD_0031_E_0010303,-6.1744090840
CtrSVDD_0032_E_0010304,-5.7532880800
CtrSVDD_0033_E_0010305,-6.8253374089
CtrSVDD_0034_E_0010306,-6.3496877617
CtrSVDD_0035_E_0010307,-6.8347051517
CtrSVDD_0036_E_0010308,0.0188847618
CtrSVDD_0037_E_0010309,-2.3079305457
CtrSVDD_0038_E_0010310,-5.8169151866
CtrSVDD_0039_E_0010311,-3.1998855478
CtrSVDD_0040_E_0010312,-1.2774288271
CtrSVDD_0041_E_0010313,-5.3575112838
CtrSVDD_0042_E_0010314,-0.7660637131
CtrSVDD_0043_E_0010315,-5.4057390242
CtrSVDD_0044_E_0010316,-4.8732621833
CtrSVDD_0045_E_0010317,-7.6228224716
CtrSVDD_0046_E_0010318,-2.7316704651
CtrSVDD_0047_E_0010319,-3.9008605484
CtrSVDD_0000_E_0010320,-6.7931033105
CtrSVDD_0001_E_0010321,-0.9700305792
CtrSVDD_0002_E_0010322,-4.9893330200
CtrSVDD_0003_E_0010323,-2.8087392434
CtrSVDD_0004_E_0010324,1.7021477290
CtrSVDD_0005_E_0010325,-6.3153222818
CtrSVDD_0006_E_0010326,0.7548569455
CtrSVDD_0007_E_0010327,0.5340621387
CtrSVDD_0008_E_0010328,-1.0820552086
CtrSVDD_0009_E_0010329,-8.2520259177
CtrSVDD_0010_E_0010330,-6.5102889123
CtrSVDD_0011_E_0010331,-6.9328946938
CtrSVDD_0012_E_0010332,-8.9250686535
CtrSVDD_0013_E_0010333,-7.1120819999
CtrSVDD_0014_E_0010334,2.0938614812
CtrSVDD_0015_E_0010335,-6.5729437299
CtrSVDD_0016_E_0010336,-6.3464614411
CtrSVDD_0017_E_0010337,-7.7619285892
CtrSVDD_0018_E_0010338,-6.0648415471
CtrSVDD_0019_E_0010339,-5.6627681710
CtrSVDD_0020_E_0010340,-5.0730532368
CtrSVDD_0021_E_0010341,-5.3513094372
CtrSVDD_0022_E_0010342,-7.6027071650
CtrSVDD_0023_E_0010343,-5.4167959573
CtrSVDD_0024_E_0010344,0.9478772177
CtrSVDD_0025_E_0010345,-0.9218921745
CtrSVDD_0026_E_0010346,-4.4471964855
CtrSVDD_0027_E_0010347,-5.0539820833
CtrSVDD_0028_E_0010348,0.6806487851
CtrSVDD_0029_E_0010349,-5.3096234483
CtrSVDD_0030_E_0010350,-0.8554553602
CtrSVDD_0031_E_0010351,-3.5229413451
CtrSVDD_0032_E_0010352,-3.5378231927
CtrSVDD_0033_E_0010353,-5.6677163458
CtrSVDD_0034_E_0010354,-2.8268881839
CtrSVDD_0035_E_0010355,-3.7745341671
CtrSVDD_0036_E_0010356,-0.0132888781
CtrSVDD_0037_E_0010357,-2.8288915010
CtrSVDD_0038_E_0010358,-6.6011277579
CtrSVDD_0039_E_0010359,0.0552802723
CtrSVDD_0040_E_0010360,-2.8856349124
CtrSVDD_0041_E_0010361,-4.4773327359
CtrSVDD_0042_E_0010362,-3.6735281743
CtrSVDD_0043_E_0010363,-7.8131530604
CtrSVDD_0044_E_0010364,-4.9471743537
CtrSVDD_0045_E_0010365,1.4083070176
CtrSVDD_0046_E_0010366,0.6824132519
CtrSVDD_0047_E_0010367,-6.6791909287
CtrSVDD_0000_E_0010368,0.3710873993
CtrSVDD_0001_E_0010369,-5.0774823537
CtrSVDD_0002_E_0010370,-6.4891877508
CtrSVDD_0003_E_0010371,-7.4110222011
CtrSVDD_0004_E_0010372,-6.5611218432
CtrSVDD_0005_E_0010373,-6.7943080625
CtrSVDD_0006_E_0010374,-5.5263544014
CtrSVDD_0007_E_0010375,-7.7137838999
CtrSVDD_0008_E_0010376,-2.6454037166
CtrSVDD_0009_E_0010377,-7.3994687216
CtrSVDD_0010_E_0010378,-3.3249112913
CtrSVDD_0011_E_0010379,-0.2419726189
CtrSVDD_0012_E_0010380,-4.2738917530
CtrSVDD_0013_E_0010381,-3.2612637417
CtrSVDD_0014_E_0010382,-5.1729064870
CtrSVDD_0015_E_0010383,-6.5191750073
CtrSVDD_0016_E_0010384,-5.3734843706
CtrSVDD_0017_E_0010385,-4.3487134360
CtrSVDD_0018_E_0010386,-6.4179651851
CtrSVDD_0019_E_0010387,-8.3564842222
CtrSVDD_0020_E_0010388,-5.6987549792
CtrSVDD_0021_E_0010389,0.8758006938
CtrSVDD_0022_E_0010390,-6.2141465981
CtrSVDD_0023_E_0010391,-5.0177416194
CtrSVDD_0024_E_0010392,-3.6868938868
CtrSVDD_0025_E_0010393,-6.9651664852
CtrSVDD_0026_E_0010394,-7.8562755315
CtrSVDD_0027_E_0010395,-5.7917476676
CtrSVDD_0028_E_0010396,-6.5659769003
CtrSVDD_0029_E_0010397,-2.8448257800
CtrSVDD_0030_E_0010398,-6.1864140253
CtrSVDD_0031_E_0010399,-6.7173110883
CtrSVDD_0032_E_0010400,-8.7794774893
CtrSVDD_0033_E_0010401,-4.4337357036
CtrSVDD_0034_E_0010402,-7.9512653672
CtrSVDD_0035_E_0010403,-3.4213094303
CtrSVDD_0036_E_0010404,-7.6742258956
CtrSVDD_0037_E_0010405,-5.2705688021
CtrSVDD_0038_E_0010406,-2.5939776373
CtrSVDD_0039_E_0010407,-6.9577555886
CtrSVDD_0040_E_0010408,-6.5497580267
CtrSVDD_0041_E_0010409,-7.9754743531
CtrSVDD_0042_E_0010410,-0.8354581133
CtrSVDD_0043_E_0010411,-7.0238620188
CtrSVDD_0044_E_0010412,3.2373150989
CtrSVDD_0045_E_0010413,-5.6070919692
CtrSVDD_0046_E_0010414,-5.9197155390
CtrSVDD_0047_E_0010415,-7.7577698112
CtrSVDD_0000_E_0010416,-6.3255981940
CtrSVDD_0001_E_0010417,-5.2654423455
CtrSVDD_0002_E_0010418,-5.4275940518
CtrSVDD_0003_E_0010419,-7.7274299362
CtrSVDD_0004_E_0010420,-0.8717027939
CtrSVDD_0005_E_0010421,-7.9493696924
CtrSVDD_0006_E_0010422,-3.3216694133
CtrSVDD_0007_E_0010423,-0.3989879760
CtrSVDD_0008_E_0010424,-6.1567312948
CtrSVDD_0009_E_0010425,-5.9851327486
CtrSVDD_0010_E_0010426,-1.7327094646
CtrSVDD_0011_E_0010427,-4.3158537692
CtrSVDD_0012_E_0010428,-6.0661032259
CtrSVDD_0013_E_0010429,-8.2107808484
CtrSVDD_0014_E_0010430,-6.4105599601
CtrSVDD_0015_E_0010431,-3.5704218689
CtrSVDD_0016_E_0010432,0.8060727672
CtrSVDD_0017_E_0010433,-6.2769479176
CtrSVDD_0018_E_0010434,-5.7604660471
CtrSVDD_0019_E_0010435,-5.5652384198
CtrSVDD_0020_E_0010436,-6.7487849597
CtrSVDD_0021_E_0010437,-9.0427811379
CtrSVDD_0022_E_0010438,-5.9877284433
CtrSVDD_0023_E_0010439,-3.3232906240
CtrSVDD_0024_E_0010440,-5.1226993882
CtrSVDD_0025_E_0010441,-3.6163474389
CtrSVDD_0026_E_0010442,-5.9775765723
CtrSVDD_0027_E_0010443,-5.2415391160
CtrSVDD_0028_E_0010444,-4.7167353203
CtrSVDD_0029_E_0010445,-5.5004522500
CtrSVDD_0030_E_0010446,-6.5588826851
CtrSVDD_0031_E_0010447,-7.5246118021
CtrSVDD_0032_E_0010448,-6.7800399423
CtrSVDD_0033_E_0010449,1.9847402495
CtrSVDD_0034_E_0010450,-3.7422963839
CtrSVDD_0035_E_0010451,1.4294545314
CtrSVDD_0036_E_0010452,-6.5213940086
CtrSVDD_0037_E_0010453,-7.1556437653
CtrSVDD_0038_E_0010454,0.4474143830
CtrSVDD_0039_E_0010455,-5.8044039868
CtrSVDD_0040_E_0010456,-6.1685531815
CtrSVDD_0041_E_0010457,-7.8076036283
CtrSVDD_0042_E_0010458,0.6841798459
CtrSVDD_0043_E_0010459,-5.2701973695
CtrSVDD_0044_E_0010460,-3.7310554482
CtrSVDD_0045_E_0010461,-5.1645493367
CtrSVDD_0046_E_0010462,-7.2167230999
CtrSVDD_0047_E_0010463,1.4577681199
CtrSVDD_0000_E_0010464,-6.5331397714
CtrSVDD_0001_E_0010465,-4.9790245893
CtrSVDD_0002_E_0010466,-6.2134853608
CtrSVDD_0003_E_0010467,-4.0463712636
CtrSVDD_0004_E_0010468,-0.1963860225
CtrSVDD_0005_E_0010469,-7.8345223582
CtrSVDD_0006_E_0010470,-7.3329153181
CtrSVDD_0007_E_0010471,-8.1657370632
CtrSVDD_0008_E_0010472,-5.3469053010
CtrSVDD_0009_E_0010473,-6.4385759127
CtrSVDD_0010_E_0010474,-2.8820438228
CtrSVDD_0011_E_0010475,-6.0453105124
CtrSVDD_0012_E_0010476,-7.6086652753
CtrSVDD_0013_E_0010477,-6.2185427449
CtrSVDD_0014_E_0010478,-5.3010643528
CtrSVDD_0015_E_0010479,-2.3047594303
CtrSVDD_0016_E_0010480,-6.3915041543
CtrSVDD_0017_E_0010481,-7.5596089850
CtrSVDD_0018_E_0010482,-6.0123639364
CtrSVDD_0019_E_0010483,-6.6047201718
CtrSVDD_0020_E_0010484,-0.4181151277
CtrSVDD_0021_E_0010485,-6.6919700440
CtrSVDD_0022_E_0010486,-6.7473212309
CtrSVDD_0023_E_0010487,-6.8856847523
CtrSVDD_0024_E_0010488,-0.4443244374
CtrSVDD_0025_E_0010489,-4.9777595898
CtrSVDD_0026_E_0010490,-4.7500782235
CtrSVDD_0027_E_0010491,-3.6878707593
CtrSVDD_0028_E_0010492,-4.1603808432
CtrSVDD_0029_E_0010493,-6.8610306182
CtrSVDD_0030_E_0010494,-6.1718731045
CtrSVDD_0031_E_0010495,-4.5055027631
CtrSVDD_0032_E_0010496,-5.0066368068
CtrSVDD_0033_E_0010497,-5.6411722465
CtrSVDD_0034_E_0010498,-4.3398076580
CtrSVDD_0035_E_0010499,0.2249905740
CtrSVDD_0036_E_0010500,-4.9948204499
CtrSVDD_0037_E_0010501,-6.9981321060
CtrSVDD_0038_E_0010502,-5.9083242857
CtrSVDD_0039_E_0010503,-5.4767429848
CtrSVDD_0040_E_0010504,-5.3549437537
CtrSVDD_0041_E_0010505,-5.6995700468
CtrSVDD_0042_E_0010506,-5.8329663150
CtrSVDD_0043_E_0010507,-3.2842218922
CtrSVDD_0044_E_0010508,-6.1732788141
CtrSVDD_0045_E_0010509,-6.2345476025
CtrSVDD_0046_E_0010510,-7.5321833427
CtrSVDD_0047_E_0010511,-3.6139227076
CtrSVDD_0000_E_0010512,-4.0496979543
CtrSVDD_0001_E_0010513,-7.7627369072
CtrSVDD_0002_E_0010514,-5.3986531281
CtrSVDD_0003_E_0010515,-6.9696809311
CtrSVDD_0004_E_0010516,-5.6627829724
CtrSVDD_0005_E_0010517,-5.9866327536
CtrSVDD_0006_E_0010518,-3.7716880505
CtrSVDD_0007_E_0010519,-5.8358875552
CtrSVDD_0008_E_0010520,-7.1026669956
CtrSVDD_0009_E_0010521,0.7983538465
CtrSVDD_0010_E_0010522,-4.9141856125
CtrSVDD_0011_E_0010523,0.3821620437
CtrSVDD_0012_E_0010524,2.0629994447
CtrSVDD_0013_E_0010525,-7.0326782195
CtrSVDD_0014_E_0010526,-6.6837429478
CtrSVDD_0015_E_0010527,-5.9528413660
CtrSVDD_0016_E_0010528,-8.6215924409
CtrSVDD_0017_E_0010529,-0.5553094215
CtrSVDD_0018_E_0010530,-5.5340235863
CtrSVDD_0019_E_0010531,-6.3205674300
CtrSVDD_0020_E_0010532,-6.9632888636
CtrSVDD_0021_E_0010533,-6.6349308275
CtrSVDD_0022_E_0010534,-4.8087000205
CtrSVDD_0023_E_0010535,-6.0319037213
CtrSVDD_0024_E_0010536,-7.2744859010
CtrSVDD_0025_E_0010537,-6.9823665493
CtrSVDD_0026_E_0010538,-5.9876360880
CtrSVDD_0027_E_0010539,-6.3539544028
CtrSVDD_0028_E_0010540,-7.7557785980
CtrSVDD_0029_E_0010541,-6.8670063726
CtrSVDD_0030_E_0010542,-6.9267071577
CtrSVDD_0031_E_0010543,-1.1571530850
CtrSVDD_0032_E_0010544,-6.3705697351
CtrSVDD_0033_E_0010545,-6.9379273571
CtrSVDD_0034_E_0010546,-5.0486830209
CtrSVDD_0035_E_0010547,-5.7269713706
CtrSVDD_0036_E_0010548,-4.9020210594
CtrSVDD_0037_E_0010549,-5.1247319167
CtrSVDD_0038_E_0010550,-8.2389448354
CtrSVDD_0039_E_0010551,-4.7490130689
CtrSVDD_0040_E_0010552,-8.4157933545
CtrSVDD_0041_E_0010553,-5.5637730385
CtrSVDD_0042_E_0010554,0.4641671859
CtrSVDD_0043_E_0010555,-0.5651281436
CtrSVDD_0044_E_0010556,-5.7215554588
CtrSVDD_0045_E_0010557,-4.1160542244
CtrSVDD_0046_E_0010558,-0.2624574964
CtrSVDD_0047_E_0010559,-4.1641101839
CtrSVDD_0000_E_0010560,-5.1840837459
CtrSVDD_0001_E_0010561,-5.3758248127
CtrSVDD_0002_E_0010562,-6.4252380592
CtrSVDD_0003_E_0010563,-5.0853821633
CtrSVDD_0004_E_0010564,-4.5693266907
CtrSVDD_0005_E_0010565,-6.0188854296
CtrSVDD_0006_E_0010566,1.9367095375
CtrSVDD_0007_E_0010567,1.1653889030
CtrSVDD_0008_E_0010568,-6.1824722556
CtrSVDD_0009_E_0010569,-5.8315060383
CtrSVDD_0010_E_0010570,-1.8165510922
CtrSVDD_0011_E_0010571,-5.1094012078
CtrSVDD_0012_E_0010572,-5.7189419241
CtrSVDD_0013_E_0010573,-4.4766128864
CtrSVDD_0014_E_0010574,-8.0835860092
CtrSVDD_0015_E_0010575,-5.9954483369
CtrSVDD_0016_E_0010576,-5.8625350561
CtrSVDD_0017_E_0010577,0.5554099322
CtrSVDD_0018_E_0010578,-5.4448384572
CtrSVDD_0019_E_0010579,-5.5673431447
CtrSVDD_0020_E_0010580,-4.0516631823
CtrSVDD_0021_E_0010581,-1.8578204796
CtrSVDD_0022_E_0010582,-4.5049276007
CtrSVDD_0023_E_0010583,0.1849903467
CtrSVDD_0024_E_0010584,-7.2932904196
CtrSVDD_0025_E_0010585,-6.5098840810
CtrSVDD_0026_E_0010586,-6.2760268296
CtrSVDD_0027_E_0010587,-7.5978568845
CtrSVDD_0028_E_0010588,-8.1478861308
CtrSVDD_0029_E_0010589,-6.6133267717
CtrSVDD_0030_E_0010590,-5.8394871795
CtrSVDD_0031_E_0010591,0.4315698163
CtrSVDD_0032_E_0010592,-6.7510787575
CtrSVDD_0033_E_0010593,0.2465641713
CtrSVDD_0034_E_0010594,-6.4780142402
CtrSVDD_0035_E_0010595,-6.5422819821
CtrSVDD_0036_E_0010596,-7.0181058121
CtrSVDD_0037_E_0010597,-7.5165964833
CtrSVDD_0038_E_0010598,-7.1830668127
CtrSVDD_0039_E_0010599,-6.1935956335
CtrSVDD_0040_E_0010600,0.9944747133
CtrSVDD_0041_E_0010601,-6.1522071898
CtrSVDD_0042_E_0010602,0.1212919178
CtrSVDD_0043_E_0010603,-3.1475338259
CtrSVDD_0044_E_0010604,-5.6105455063
CtrSVDD_0045_E_0010605,0.8688545674
CtrSVDD_0046_E_0010606,-6.0062234288
CtrSVDD_0047_E_0010607,-5.8827701914
CtrSVDD_0000_E_0010608,-8.0032837449
CtrSVDD_0001_E_0010609,0.5439214382
CtrSVDD_0002_E_0010610,-6.4964689014
CtrSVDD_0003_E_0010611,0.7302647993
CtrSVDD_0004_E_0010612,-4.8265737316
CtrSVDD_0005_E_0010613,-7.0579769908
CtrSVDD_0006_E_0010614,0.6016111041
CtrSVDD_0007_E_0010615,-0.4505086063
CtrSVDD_0008_E_0010616,-2.2944721524
CtrSVDD_0009_E_0010617,-7.6790830627
CtrSVDD_0010_E_0010618,-2.1330075465
CtrSVDD_0011_E_0010619,-1.5915281531
CtrSVDD_0012_E_0010620,-7.8948720197
CtrSVDD_0013_E_0010621,-5.9299878765
CtrSVDD_0014_E_0010622,-7.9483505120
CtrSVDD_0015_E_0010623,-0.0034969774
CtrSVDD_0016_E_0010624,-5.7394224903
CtrSVDD_0017_E_0010625,-8.2067751674
CtrSVDD_0018_E_0010626,-6.9429940725
CtrSVDD_0019_E_0010627,0.8334767716
CtrSVDD_0020_E_0010628,-6.3046535646
CtrSVDD_0021_E_0010629,2.8055985918
CtrSVDD_0022_E_0010630,-5.9821343713
CtrSVDD_0023_E_0010631,-6.5069548807
CtrSVDD_0024_E_0010632,-7.8312756414
CtrSVDD_0025_E_0010633,-6.0288683930
CtrSVDD_0026_E_0010634,-6.3233609540
CtrSVDD_0027_E_0010635,-6.4503241834
CtrSVDD_0028_E_0010636,1.7921891094
CtrSVDD_0029_E_0010637,-4.5045467614
CtrSVDD_0030_E_0010638,-5.8919948445
CtrSVDD_0031_E_0010639,-4.7718420979
CtrSVDD_0032_E_0010640,-7.5440392852
CtrSVDD_0033_E_0010641,-2.9070354613
CtrSVDD_0034_E_0010642,-8.2617661261
CtrSVDD_0035_E_0010643,-7.2227517516
CtrSVDD_0036_E_0010644,-3.4308754352
CtrSVDD_0037_E_0010645,-5.6036277582
CtrSVDD_0038_E_0010646,-4.4006869583
CtrSVDD_0039_E_0010647,-7.2797433257
CtrSVDD_0040_E_0010648,0.5949194409
CtrSVDD_0041_E_0010649,-6.1599290665
CtrSVDD_0042_E_0010650,-4.4103914837
CtrSVDD_0043_E_0010651,-3.6767134520
CtrSVDD_0044_E_0010652,-4.5432440640
CtrSVDD_0045_E_0010653,-5.4933715910
CtrSVDD_0046_E_0010654,-5.8235194227
CtrSVDD_0047_E_0010655,-6.4149175829
CtrSVDD_0000_E_0010656,-6.7166397791
CtrSVDD_0001_E_0010657,-0.0678933459
CtrSVDD_0002_E_0010658,-5.5080552954
CtrSVDD_0003_E_0010659,-4.3035690698
CtrSVDD_0004_E_0010660,-5.0383832531
CtrSVDD_0005_E_0010661,-7.0749855357
CtrSVDD_0006_E_0010662,-5.9685843051
CtrSVDD_0007_E_0010663,-5.1279986227
CtrSVDD_0008_E_0010664,-5.8431947951
CtrSVDD_0009_E_0010665,-2.6725684767
CtrSVDD_0010_E_0010666,0.2624574964
CtrSVDD_0011_E_0010667,-7.1060157964
CtrSVDD_0012_E_0010668,-6.5306467224
CtrSVDD_0013_E_0010669,-5.4366602805
CtrSVDD_0014_E_0010670,0.8655832398
CtrSVDD_0015_E_0010671,-0.1736186442
CtrSVDD_0016_E_0010672,-1.8996605653
CtrSVDD_0017_E_0010673,-5.8829724560
CtrSVDD_0018_E_0010674,-6.2929551303
CtrSVDD_0019_E_0010675,-6.9418312389
CtrSVDD_0020_E_0010676,-5.1162482522
CtrSVDD_0021_E_0010677,-6.7845823285
CtrSVDD_0022_E_0010678,-6.3165628883
CtrSVDD_0023_E_0010679,-7.3830826459
CtrSVDD_0024_E_0010680,-5.9790366239
CtrSVDD_0025_E_0010681,-5.1446916694
CtrSVDD_0026_E_0010682,-5.5823370515
CtrSVDD_0027_E_0010683,-5.3312476760
CtrSVDD_0028_E_0010684,0.3356097395
CtrSVDD_0029_E_0010685,2.2516466494
CtrSVDD_0030_E_0010686,-7.7546216411
CtrSVDD_0031_E_0010687,-6.2671611130
CtrSVDD_0032_E_0010688,-6.1715047804
CtrSVDD_0033_E_0010689,-5.6542003530
CtrSVDD_0034_E_0010690,-0.5537352875
CtrSVDD_0035_E_0010691,-0.6032882259
CtrSVDD_0036_E_0010692,-6.4810749290
CtrSVDD_0037_E_0010693,-8.1722830486
CtrSVDD_0038_E_0010694,-7.0290841172
CtrSVDD_0039_E_0010695,-2.6176269995
CtrSVDD_0040_E_0010696,-4.9935069731
CtrSVDD_0041_E_0010697,-4.3452656453
CtrSVDD_0042_E_0010698,-6.3822080644
CtrSVDD_0043_E_0010699,-5.7776103035
CtrSVDD_0044_E_0010700,-7.3530338997
CtrSVDD_0045_E_0010701,-5.7075729391
CtrSVDD_0046_E_0010702,-0.1878369565
CtrSVDD_0047_E_0010703,-5.9878017607
CtrSVDD_0000_E_0010704,-5.3567946898
CtrSVDD_0001_E_0010705,-6.3871240437
CtrSVDD_0002_E_0010706,-6.8209385475
CtrSVDD_0003_E_0010707,-6.5773835482
CtrSVDD_0004_E_0010708,-5.9744406393
CtrSVDD_0005_E_0010709,-5.2081288105
CtrSVDD_0006_E_0010710,-7.0430523849
CtrSVDD_0007_E_0010711,-6.3031327694
CtrSVDD_0008_E_0010712,-4.6270062090
CtrSVDD_0009_E_0010713,-7.5102214771
CtrSVDD_0010_E_0010714,-6.6768042016
CtrSVDD_0011_E_0010715,-6.8644974221
CtrSVDD_0012_E_0010716,-4.6540190045
CtrSVDD_0013_E_0010717,-2.6082239182
CtrSVDD_0014_E_0010718,1.3230285222
CtrSVDD_0015_E_0010719,-6.5953109069
CtrSVDD_0016_E_0010720,-7.9709402421
CtrSVDD_0017_E_0010721,-5.8594061248
CtrSVDD_0018_E_0010722,-6.8060050197
CtrSVDD_0019_E_0010723,-0.3032245382
CtrSVDD_0020_E_0010724,-5.6301386392
CtrSVDD_0021_E_0010725,-5.4119544158
CtrSVDD_0022_E_0010726,-6.6489875741
CtrSVDD_0023_E_0010727,-7.7651004346
CtrSVDD_0024_E_0010728,-0.1255203605
CtrSVDD_0025_E_0010729,-5.9418562680
CtrSVDD_0026_E_0010730,-3.2923899080
CtrSVDD_0027_E_0010731,-5.9612045509
CtrSVDD_0028_E_0010732,-0.8916360143
CtrSVDD_0029_E_0010733,0.0202838183
CtrSVDD_0030_E_0010734,-3.9138331172
CtrSVDD_0031_E_0010735,-7.7064722074
CtrSVDD_0032_E_0010736,-4.7588523640
CtrSVDD_0033_E_0010737,-3.5878339170
CtrSVDD_0034_E_0010738,-7.3393600191
CtrSVDD_0035_E_0010739,-5.0266341491
CtrSVDD_0036_E_0010740,2.2228238742
CtrSVDD_0037_E_0010741,-5.5181899435
CtrSVDD_0038_E_0010742,-5.5065212865
CtrSVDD_0039_E_0010743,-5.5209474827
CtrSVDD_0040_E_0010744,-6.0169615466
CtrSVDD_0041_E_0010745,-6.7901374046
CtrSVDD_0042_E_0010746,-1.1910597231
CtrSVDD_0043_E_0010747,-7.9163511888
CtrSVDD_0044_E_0010748,-5.2160404709
CtrSVDD_0045_E_0010749,-5.0843781422
CtrSVDD_0046_E_0010750,-0.4864133783
CtrSVDD_0047_E_0010751,-8.4209070702
CtrSVDD_0000_E_0010752,-8.5975587665
CtrSVDD_0001_E_0010753,-5.5651701364
CtrSVDD_0002_E_0010754,-5.1202832380
CtrSVDD_0003_E_0010755,-0.1495262561
CtrSVDD_0004_E_0010756,-6.2793807634
CtrSVDD_0005_E_0010757,0.1921097344
CtrSVDD_0006_E_0010758,-3.7826242499
CtrSVDD_0007_E_0010759,-5.4243330167
CtrSVDD_0008_E_0010760,-2.0027801363
CtrSVDD_0009_E_0010761,-7.2622186424
CtrSVDD_0010_E_0010762,-5.3034485761
CtrSVDD_0011_E_0010763,-6.1122672579
CtrSVDD_0012_E_0010764,-3.4292818269
CtrSVDD_0013_E_0010765,-5.9047100038
CtrSVDD_0014_E_0010766,-6.2173793689
CtrSVDD_0015_E_0010767,-5.9691392649
CtrSVDD_0016_E_0010768,-5.5218286015
CtrSVDD_0017_E_0010769,2.2572007159
CtrSVDD_0018_E_0010770,-6.4623918149
CtrSVDD_0019_E_0010771,-8.4744912283
CtrSVDD_0020_E_0010772,0.3876856126
CtrSVDD_0021_E_0010773,-5.5535072092
CtrSVDD_0022_E_0010774,-6.8411992557
CtrSVDD_0023_E_0010775,-6.9710270043
CtrSVDD_0024_E_0010776,-0.9566822130
CtrSVDD_0025_E_0010777,-5.9859124717
CtrSVDD_0026_E_0010778,-6.6729045661
CtrSVDD_0027_E_0010779,-6.7789189811
CtrSVDD_0028_E_0010780,-6.4958339973
CtrSVDD_0029_E_0010781,-4.3963426566
CtrSVDD_0030_E_0010782,-6.2219483275
CtrSVDD_0031_E_0010783,-0.1638787766
CtrSVDD_0032_E_0010784,-7.2569985067
CtrSVDD_0033_E_0010785,-6.4926590501
CtrSVDD_0034_E_0010786,-7.9545123325
CtrSVDD_0035_E_0010787,-4.8930866599
CtrSVDD_0036_E_0010788,-6.7137864363
CtrSVDD_0037_E_0010789,-6.3392117329
CtrSVDD_0038_E_0010790,-6.9916472340
CtrSVDD_0039_E_0010791,-5.6775224175
CtrSVDD_0040_E_0010792,-3.2825863684
CtrSVDD_0041_E_0010793,-6.2185635305
CtrSVDD_0042_E_0010794,-6.6326000036
CtrSVDD_0043_E_0010795,-6.2970258549
CtrSVDD_0044_E_0010796,-5.3971281788
CtrSVDD_0045_E_0010797,-3.7102308053
CtrSVDD_0046_E_0010798,-8.4813778599
CtrSVDD_0047_E_0010799,-5.2264700542
CtrSVDD_0000_E_0010800,-6.1938944885
CtrSVDD_0001_E_0010801,-7.2290595485
CtrSVDD_0002_E_0010802,-4.6771453689
CtrSVDD_0003_E_0010803,0.0917491809
CtrSVDD_0004_E_0010804,-6.7385443274
CtrSVDD_0005_E_0010805,-1.9731209727
CtrSVDD_0006_E_0010806,-6.4403326464
CtrSVDD_0007_E_0010807,-6.7442574043
CtrSVDD_0008_E_0010808,-6.5489405433
CtrSVDD_0009_E_0010809,-5.6804601224
CtrSVDD_0010_E_0010810,-3.4738084137
CtrSVDD_0011_E_0010811,-0.2078072593
CtrSVDD_0012_E_0010812,-6.9558122356
CtrSVDD_0013_E_0010813,-1.8520816605
CtrSVDD_0014_E_0010814,-6.0469809932
CtrSVDD_0015_E_0010815,0.4151755544
CtrSVDD_0016_E_0010816,-5.3094882605
CtrSVDD_0017_E_0010817,-3.5468704522
CtrSVDD_0018_E_0010818,-8.4759051458
CtrSVDD_0019_E_0010819,-6.0154297421
CtrSVDD_0020_E_0010820,-4.5159010537
CtrSVDD_0021_E_0010821,-6.9348531034
CtrSVDD_0022_E_0010822,-6.9409450864
CtrSVDD_0023_E_0010823,-2.2591311339
CtrSVDD_0024_E_0010824,-6.5815004132
CtrSVDD_0025_E_0010825,-2.4307654601
CtrSVDD_0026_E_0010826,-1.7021477290
CtrSVDD_0027_E_0010827,-2.3542173398
CtrSVDD_0028_E_0010828,-5.9863112043
CtrSVDD_0029_E_0010829,-0.0384761641
CtrSVDD_0030_E_0010830,-6.6076222903
CtrSVDD_0031_E_0010831,-8.8872340869
CtrSVDD_0032_E_0010832,-6.5230787150
CtrSVDD_0033_E_0010833,-6.4265582319
CtrSVDD_0034_E_0010834,-8.2282648505
CtrSVDD_0035_E_0010835,-5.6208827417
CtrSVDD_0036_E_0010836,-5.7285532043
CtrSVDD_0037_E_0010837,-4.5319969528
CtrSVDD_0038_E_0010838,-0.8474158143
CtrSVDD_0039_E_0010839,-5.7180947806
CtrSVDD_0040_E_0010840,0.8986077914
CtrSVDD_0041_E_0010841,-8.5848035644
CtrSVDD_0042_E_0010842,-5.2791509712
CtrSVDD_0043_E_0010843,-6.4164903217
CtrSVDD_0044_E_0010844,-5.5696328793
CtrSVDD_0045_E_0010845,0.4243412441
CtrSVDD_0046_E_0010846,-5.4787782615
CtrSVDD_0047_E_0010847,-5.1415874275
CtrSVDD_0000_E_0010848,-5.9138316826
CtrSVDD_0001_E_0010849,-0.7602717402
CtrSVDD_0002_E_0010850,2.0493675430
CtrSVDD_0003_E_0010851,0.4478993322
CtrSVDD_0004_E_0010852,-5.4221775867
CtrSVDD_0005_E_0010853,-7.0338773377
CtrSVDD_0006_E_0010854,-6.2667512823
CtrSVDD_0007_E_0010855,0.4832668847
CtrSVDD_0008_E_0010856,-5.0957288713
CtrSVDD_0009_E_0010857,-6.2150095776
CtrSVDD_0010_E_0010858,-7.2656123915
CtrSVDD_0011_E_0010859,0.8152668941
CtrSVDD_0012_E_0010860,-8.2174395509
CtrSVDD_0013_E_0010861,-4.8947689856
CtrSVDD_0014_E_0010862,-2.6748059783
CtrSVDD_0015_E_0010863,-2.9909395806
CtrSVDD_0016_E_0010864,-5.7209791680
CtrSVDD_0017_E_0010865,0.2006659048
CtrSVDD_0018_E_0010866,-5.1944463382
CtrSVDD_0019_E_0010867,-4.9428271152
CtrSVDD_0020_E_0010868,-3.1287220910
CtrSVDD_0021_E_0010869,-7.6452968825
CtrSVDD_0022_E_0010870,-6.2574075125
CtrSVDD_0023_E_0010871,-4.0235784864
CtrSVDD_0024_E_0010872,-7.0134185119
CtrSVDD_0025_E_0010873,-5.3240554618
CtrSVDD_0026_E_0010874,-6.0435426605
CtrSVDD_0027_E_0010875,-6.6708974390
CtrSVDD_0028_E_0010876,0.0412759663
CtrSVDD_0029_E_0010877,-5.9531378708
CtrSVDD_0030_E_0010878,-7.6287917257
CtrSVDD_0031_E_0010879,-5.9411401924
CtrSVDD_0032_E_0010880,-4.5831912408
CtrSVDD_0033_E_0010881,-4.7946507941
CtrSVDD_0034_E_0010882,-7.2886360506
CtrSVDD_0035_E_0010883,-4.2680903053
CtrSVDD_0036_E_0010884,-7.2779704638
CtrSVDD_0037_E_0010885,-0.6100137811
CtrSVDD_0038_E_0010886,-3.5055205266
CtrSVDD_0039_E_0010887,-6.0419653408
CtrSVDD_0040_E_0010888,0.0538793990
CtrSVDD_0041_E_0010889,-6.5291916845
CtrSVDD_0042_E_0010890,-5.5270380417
CtrSVDD_0043_E_0010891,-6.6401896357
CtrSVDD_0044_E_0010892,-5.8666214024
CtrSVDD_0045_E_0010893,-7.5856474407
CtrSVDD_0046_E_0010894,-7.2451779271
CtrSVDD_0047_E_0010895,-5.7601731850
CtrSVDD_0000_E_0010896,-4.2860401126
CtrSVDD_0001_E_0010897,-5.9951126776
CtrSVDD_0002_E_0010898,-5.5269127361
CtrSVDD_0003_E_0010899,-4.6770707397
CtrSVDD_0004_E_0010900,-8.4686244366
CtrSVDD_0005_E_0010901,-3.9854878135
CtrSVDD_0006_E_0010902,-5.5279316033
CtrSVDD_0007_E_0010903,-2.2624702206
CtrSVDD_0008_E_0010904,-6.1392705622
CtrSVDD_0009_E_0010905,-3.9663496201
CtrSVDD_0010_E_0010906,-3.1543423852
CtrSVDD_0011_E_0010907,-6.5424728028
CtrSVDD_0012_E_0010908,-4.9679112480
CtrSVDD_0013_E_0010909,-1.1276053953
CtrSVDD_0014_E_0010910,-7.3265256542
CtrSVDD_0015_E_0010911,0.2769636266
CtrSVDD_0016_E_0010912,-4.0836750569
CtrSVDD_0017_E_0010913,-5.6511911994
CtrSVDD_0018_E_0010914,-6.4031994453
CtrSVDD_0019_E_0010915,-5.6251086911
CtrSVDD_0020_E_0010916,-4.7523034245
CtrSVDD_0021_E_0010917,-1.4550792554
CtrSVDD_0022_E_0010918,-6.2693620109
CtrSVDD_0023_E_0010919,-3.9803375325
CtrSVDD_0024_E_0010920,-5.6264430473
CtrSVDD_0025_E_0010921,-8.4257077439
CtrSVDD_0026_E_0010922,-4.0145855354
CtrSVDD_0027_E_0010923,-7.6939686388
CtrSVDD_0028_E_0010924,-6.8636160014
CtrSVDD_0029_E_0010925,-3.8020955978
CtrSVDD_0030_E_0010926,-7.1694467540
CtrSVDD_0031_E_0010927,0.3803534882
CtrSVDD_0032_E_0010928,-7.6959484085
CtrSVDD_0033_E_0010929,-6.2303786793
CtrSVDD_0034_E_0010930,-0.6372182001
CtrSVDD_0035_E_0010931,-7.0770610309
CtrSVDD_0036_E_0010932,-6.1816186351
CtrSVDD_0037_E_0010933,-5.6702201834
CtrSVDD_0038_E_0010934,-5.5485621822
CtrSVDD_0039_E_0010935,0.2924055437
CtrSVDD_0040_E_0010936,-2.7903684618
CtrSVDD_0041_E_0010937,-6.2696475483
CtrSVDD_0042_E_0010938,-6.5769690897
CtrSVDD_0043_E_0010939,-7.6495881398
CtrSVDD_0044_E_0010940,-4.9727526525
CtrSVDD_0045_E_0010941,-4.1492374146
CtrSVDD_0046_E_0010942,1.3880734414
CtrSVDD_0047_E_0010943,-7.2303844322
CtrSVDD_0000_E_0010944,-6.1716846420
CtrSVDD_0001_E_0010945,-7.2348932530
CtrSVDD_0002_E_0010946,-6.8727107116
CtrSVDD_0003_E_0010947,-1.5009421083
CtrSVDD_0004_E_0010948,-5.0846679011
CtrSVDD_0005_E_0010949,-7.1746989086
CtrSVDD_0006_E_0010950,-6.5321016138
CtrSVDD_0007_E_0010951,0.9261795494
CtrSVDD_0008_E_0010952,2.2700960885
CtrSVDD_0009_E_0010953,-5.6648139798
CtrSVDD_0010_E_0010954,-5.8837359978
CtrSVDD_0011_E_0010955,-7.5638414691
CtrSVDD_0012_E_0010956,-7.9271374215
CtrSVDD_0013_E_0010957,-3.0837045333
CtrSVDD_0014_E_0010958,-3.7166316439
CtrSVDD_0015_E_0010959,-6.3599085105
CtrSVDD_0016_E_0010960,-4.7747935163
CtrSVDD_0017_E_0010961,-4.8769781618
CtrSVDD_0018_E_0010962,-0.6150761009
CtrSVDD_0019_E_0010963,-7.6297296060
CtrSVDD_0020_E_0010964,-0.2307328886
CtrSVDD_0021_E_0010965,-5.1811752469
CtrSVDD_0022_E_0010966,-4.2248624469
CtrSVDD_0023_E_0010967,-6.2922691392
CtrSVDD_0024_E_0010968,-5.4880541150
CtrSVDD_0025_E_0010969,-8.0745049257
CtrSVDD_0026_E_0010970,-5.2762169286
CtrSVDD_0027_E_0010971,-0.0118899790
CtrSVDD_0028_E_0010972,-5.7925483474
CtrSVDD_0029_E_0010973,-6.0352579735
CtrSVDD_0030_E_0010974,-7.0631376655
CtrSVDD_0031_E_0010975,-5.1759473843
CtrSVDD_0032_E_0010976,-6.3701325938
CtrSVDD_0033_E_0010977,-3.7680713129
CtrSVDD_0034_E_0010978,1.2831484089
CtrSVDD_0035_E_0010979,-7.1409882416
CtrSVDD_0036_E_0010980,-5.7354913401
CtrSVDD_0037_E_0010981,-1.1409127093
CtrSVDD_0038_E_0010982,-2.9335523472
CtrSVDD_0039_E_0010983,-5.6807734229
CtrSVDD_0040_E_0010984,-5.4407840553
CtrSVDD_0041_E_0010985,-7.1143272973
CtrSVDD_0042_E_0010986,0.7945121794
CtrSVDD_0043_E_0010987,-5.4865101403
CtrSVDD_0044_E_0010988,-3.7374763367
CtrSVDD_0045_E_0010989,-4.9220713965
CtrSVDD_0046_E_0010990,-7.4841949292
CtrSVDD_0047_E_0010991,-1.7390199717
CtrSVDD_0000_E_0010992,-5.0680029803
CtrSVDD_0001_E_0010993,-5.3306434176
CtrSVDD_0002_E_0010994,-3.9055527496
CtrSVDD_0003_E_0010995,0.0187347586
CtrSVDD_0004_E_0010996,-5.9731977402
CtrSVDD_0005_E_0010997,-5.7940236852
CtrSVDD_0006_E_0010998,-4.2326094340
CtrSVDD_0007_E_0010999,-5.9267827154
CtrSVDD_0008_E_0011000,-5.6539017775
CtrSVDD_0009_E_0011001,-6.9429729878
CtrSVDD_0010_E_0011002,-4.8892579674
CtrSVDD_0011_E_0011003,-7.3564462154
CtrSVDD_0012_E_0011004,-4.8183095188
CtrSVDD_0013_E_0011005,-4.9742729252
CtrSVDD_0014_E_0011006,0.9070179191
CtrSVDD_0015_E_0011007,-5.4194576902
CtrSVDD_0016_E_0011008,-7.3629825391
CtrSVDD_0017_E_0011009,0.2579652618
CtrSVDD_0018_E_0011010,-4.7142550485
CtrSVDD_0019_E_0011011,-0.6544299850
CtrSVDD_0020_E_0011012,-5.2568972507
CtrSVDD_0021_E_0011013,-0.3174049680
CtrSVDD_0022_E_0011014,-6.6363898418
CtrSVDD_0023_E_0011015,-3.8330993859
CtrSVDD_0024_E_0011016,-2.9429281783
CtrSVDD_0025_E_0011017,-1.5059412391
CtrSVDD_0026_E_0011018,-6.8655116697
CtrSVDD_0027_E_0011019,-6.0261372424
CtrSVDD_0028_E_0011020,-5.9567324436
CtrSVDD_0029_E_0011021,-5.8563636925
CtrSVDD_0030_E_0011022,-7.6071775372
CtrSVDD_0031_E_0011023,-5.6760420331
CtrSVDD_0032_E_0011024,-2.7402080095
CtrSVDD_0033_E_0011025,-6.1133895963
CtrSVDD_0034_E_0011026,-3.4181183695
CtrSVDD_0035_E_0011027,-5.4686031519
CtrSVDD_0036_E_0011028,-7.5690426797
CtrSVDD_0037_E_0011029,-8.2462178845
CtrSVDD_0038_E_0011030,-5.0423562307
CtrSVDD_0039_E_0011031,-5.7361786330
CtrSVDD_0040_E_0011032,-6.5269451755
CtrSVDD_0041_E_0011033,-5.6720182318
CtrSVDD_0042_E_0011034,0.2827822652
CtrSVDD_0043_E_0011035,-6.4185589125
CtrSVDD_0044_E_0011036,-0.2959096162
CtrSVDD_0045_E_0011037,-1.7592775341
CtrSVDD_0046_E_0011038,0.8314986965
CtrSVDD_0047_E_0011039,-6.5858547641
CtrSVDD_0000_E_0011040,-5.5251772706
CtrSVDD_0001_E_0011041,-6.5966670277
CtrSVDD_0002_E_0011042,-2.6590597695
CtrSVDD_0003_E_0011043,-4.1508614581
CtrSVDD_0004_E_0011044,-7.3976121431
CtrSVDD_0005_E_0011045,-3.6910612083
CtrSVDD_0006_E_0011046,-5.9544769941
CtrSVDD_0007_E_0011047,1.3933814760
CtrSVDD_0008_E_0011048,-7.4391121664
CtrSVDD_0009_E_0011049,-6.5537456510
CtrSVDD_0010_E_0011050,-4.6776702830
CtrSVDD_0011_E_0011051,-5.7910592131
CtrSVDD_0012_E_0011052,-0.2178230759
CtrSVDD_0013_E_0011053,0.5053952563
CtrSVDD_0014_E_0011054,-6.1796659826
CtrSVDD_0015_E_0011055,-4.5360677096
CtrSVDD_0016_E_0011056,-6.2589400480
CtrSVDD_0017_E_0011057,-5.9971483476
CtrSVDD_0018_E_0011058,-7.7823385808
CtrSVDD_0019_E_0011059,-7.0458988580
CtrSVDD_0020_E_0011060,-6.5787067074
CtrSVDD_0021_E_0011061,-5.2670283509
CtrSVDD_0022_E_0011062,-9.6722760879
CtrSVDD_0023_E_0011063,-0.7492890010
CtrSVDD_0024_E_0011064,0.1695102101
CtrSVDD_0025_E_0011065,0.2120971412
CtrSVDD_0026_E_0011066,-5.6966336208
CtrSVDD_0027_E_0011067,-5.1022702328
CtrSVDD_0028_E_0011068,-6.4236354453
CtrSVDD_0029_E_0011069,-6.4198174598
CtrSVDD_0030_E_0011070,-0.6771261906
CtrSVDD_0031_E_0011071,1.1194524894
CtrSVDD_0032_E_0011072,-4.4879203387
CtrSVDD_0033_E_0011073,-6.6453572670
CtrSVDD_0034_E_0011074,-7.0322164092
CtrSVDD_0035_E_0011075,-6.3481496810
CtrSVDD_0036_E_0011076,-0.4613726783
CtrSVDD_0037_E_0011077,-7.0495657118
CtrSVDD_0038_E_0011078,-5.8350579123
CtrSVDD_0039_E_0011079,-4.8620055909
CtrSVDD_0040_E_0011080,1.3573652672
CtrSVDD_0041_E_0011081,-6.6555227173
CtrSVDD_0042_E_0011082,-0.8080100070
CtrSVDD_0043_E_0011083,-5.8675928489
CtrSVDD_0044_E_0011084,-5.2494595584
CtrSVDD_0045_E_0011085,-8.2448342609
CtrSVDD_0046_E_0011086,-3.4833284318
CtrSVDD_0047_E_0011087,-0.5314044529
CtrSVDD_0000_E_0011088,-6.1756120634
CtrSVDD_0001_E_0011089,-3.5451012309
CtrSVDD_0002_E_0011090,0.6138540366
CtrSVDD_0003_E_0011091,-5.0691918985
CtrSVDD_0004_E_0011092,-7.7840347445
CtrSVDD_0005_E_0011093,-0.0538793990
CtrSVDD_0006_E_0011094,-5.5003777845
CtrSVDD_0007_E_0011095,2.5836074161
CtrSVDD_0008_E_0011096,-6.0038942780
CtrSVDD_0009_E_0011097,1.2078095279
CtrSVDD_0010_E_0011098,-7.1521281395
CtrSVDD_0011_E_0011099,1.0467803551
CtrSVDD_0012_E_0011100,-0.8676194803
CtrSVDD_0013_E_0011101,1.0905115955
CtrSVDD_0014_E_0011102,-7.1926504526
CtrSVDD_0015_E_0011103,-7.8928990104
CtrSVDD_0016_E_0011104,-6.0479628814
CtrSVDD_0017_E_0011105,-5.3773509093
CtrSVDD_0018_E_0011106,-4.8617394964
CtrSVDD_0019_E_0011107,-4.3390105785
CtrSVDD_0020_E_0011108,-7.1557644018
CtrSVDD_0021_E_0011109,-6.1463658919
CtrSVDD_0022_E_0011110,-5.6527470047
CtrSVDD_0023_E_0011111,1.3678331905
CtrSVDD_0024_E_0011112,-7.0737666946
CtrSVDD_0025_E_0011113,-7.1540419880
CtrSVDD_0026_E_0011114,-4.0148699931
CtrSVDD_0027_E_0011115,-5.5740248733
CtrSVDD_0028_E_0011116,-4.7631981378
CtrSVDD_0029_E_0011117,0.4785560875
CtrSVDD_0030_E_0011118,-4.2619910444
CtrSVDD_0031_E_0011119,-5.4448720495
CtrSVDD_0032_E_0011120,-4.7901390646
CtrSVDD_0033_E_0011121,-3.9872068294
CtrSVDD_0034_E_0011122,-3.8134920700
CtrSVDD_0035_E_0011123,-5.9019064245
CtrSVDD_0036_E_0011124,-5.2190231669
CtrSVDD_0037_E_0011125,-5.8271265478
CtrSVDD_0038_E_0011126,-5.7296861172
CtrSVDD_0039_E_0011127,2.1908890624
CtrSVDD_0040_E_0011128,-0.3924111291
CtrSVDD_0041_E_0011129,-7.1780811244
CtrSVDD_0042_E_0011130,-2.6129347404
CtrSVDD_0043_E_0011131,-5.8125418982
CtrSVDD_0044_E_0011132,-6.6541544738
CtrSVDD_0045_E_0011133,-8.0586870079
CtrSVDD_0046_E_0011134,-6.5125244841
CtrSVDD_0047_E_0011135,-5.8813005449
CtrSVDD_0000_E_0011136,-7.6980890620
CtrSVDD_0001_E_0011137,-8.6809002352
CtrSVDD_0002_E_0011138,1.4672829233
CtrSVDD_0003_E_0011139,-6.4646254549
CtrSVDD_0004_E_0011140,-6.6975206292
CtrSVDD_0005_E_0011141,-7.0722789372
CtrSVDD_0006_E_0011142,-6.9128472393
CtrSVDD_0007_E_0011143,-8.0300558274
CtrSVDD_0008_E_0011144,-4.3470807189
CtrSVDD_0009_E_0011145,-6.7600866876
CtrSVDD_0010_E_0011146,1.0790321711
CtrSVDD_0011_E_0011147,-0.5849315401
CtrSVDD_0012_E_0011148,-6.8964564176
CtrSVDD_0013_E_0011149,-9.0983454730
CtrSVDD_0014_E_0011150,-6.6540702660
CtrSVDD_0015_E_0011151,-0.5117628915
CtrSVDD_0016_E_0011152,-5.7668136856
CtrSVDD_0017_E_0011153,-6.6613334369
CtrSVDD_0018_E_0011154,-3.5862507120
CtrSVDD_0019_E_0011155,-4.3987527355
CtrSVDD_0020_E_0011156,-6.0458222457
CtrSVDD_0021_E_0011157,-5.6888629880
CtrSVDD_0022_E_0011158,-4.7116458858
CtrSVDD_0023_E_0011159,-5.9151904126
CtrSVDD_0024_E_0011160,-7.9041736857
CtrSVDD_0025_E_0011161,-5.6730848114
CtrSVDD_0026_E_0011162,-6.4323572914
CtrSVDD_0027_E_0011163,-4.9989199454
CtrSVDD_0028_E_0011164,-6.5803454977
CtrSVDD_0029_E_0011165,-7.5918985279
CtrSVDD_0030_E_0011166,-1.3573652672
CtrSVDD_0031_E_0011167,-5.7536954655
CtrSVDD_0032_E_0011168,-7.0385859457
CtrSVDD_0033_E_0011169,-0.2813267155
CtrSVDD_0034_E_0011170,-2.9410568695
CtrSVDD_0035_E_0011171,-7.3370356045
CtrSVDD_0036_E_0011172,-5.9330972445
CtrSVDD_0037_E_0011173,-5.3224052360
CtrSVDD_0038_E_0011174,-1.0589544258
CtrSVDD_0039_E_0011175,-0.8099502840
CtrSVDD_0040_E_0011176,-7.2153290761
CtrSVDD_0041_E_0011177,-2.7985613396
CtrSVDD_0042_E_0011178,-5.1894695181
CtrSVDD_0043_E_0011179,-4.8649772571
CtrSVDD_0044_E_0011180,-6.6432066534
CtrSVDD_0045_E_0011181,-7.4423104801
CtrSVDD_0046_E_0011182,0.6406295548
CtrSVDD_0047_E_0011183,-6.2379562001
CtrSVDD_0000_E_0011184,-1.2020280035
CtrSVDD_0001_E_0011185,-5.2254531212
CtrSVDD_0002_E_0011186,-5.0592481510
CtrSVDD_0003_E_0011187,-6.6376719581
CtrSVDD_0004_E_0011188,-7.1764049997
CtrSVDD_0005_E_0011189,-6.7346572306
CtrSVDD_0006_E_0011190,-4.5757782440
CtrSVDD_0007_E_0011191,-5.5556812963
CtrSVDD_0008_E_0011192,-4.5241081578
CtrSVDD_0009_E_0011193,-4.9085578390
CtrSVDD_0010_E_0011194,-8.2378675541
CtrSVDD_0011_E_0011195,-4.8728424649
CtrSVDD_0012_E_0011196,-7.8390167233
CtrSVDD_0013_E_0011197,-5.6568588198
CtrSVDD_0014_E_0011198,-8.1902056982
CtrSVDD_0015_E_0011199,-5.8551383923
CtrSVDD_0016_E_0011200,-5.9586151015
CtrSVDD_0017_E_0011201,-2.8507597396
CtrSVDD_0018_E_0011202,-6.0716517856
CtrSVDD_0019_E_0011203,-3.3551918434
CtrSVDD_0020_E_0011204,-5.8388097301
CtrSVDD_0021_E_0011205,-6.0175933079
CtrSVDD_0022_E_0011206,-0.5999356728
CtrSVDD_0023_E_0011207,-1.5456051257
CtrSVDD_0024_E_0011208,-1.3090702777
CtrSVDD_0025_E_0011209,-0.7474381782
CtrSVDD_0026_E_0011210,-6.7020630041
CtrSVDD_0027_E_0011211,-4.7140339905
CtrSVDD_0028_E_0011212,-5.5813668968
CtrSVDD_0029_E_0011213,-8.7852126964
CtrSVDD_0030_E_0011214,-6.7937243417
CtrSVDD_0031_E_0011215,-6.8727377497
CtrSVDD_0032_E_0011216,-5.8578514844
CtrSVDD_0033_E_0011217,-6.4366556942
CtrSVDD_0034_E_0011218,-4.8120754577
CtrSVDD_0035_E_0011219,-6.6941899940
CtrSVDD_0036_E_0011220,-7.4376082461
CtrSVDD_0037_E_0011221,-5.6629182154
CtrSVDD_0038_E_0011222,-4.4259402494
CtrSVDD_0039_E_0011223,-3.6115926756
CtrSVDD_0040_E_0011224,-6.9816041128
CtrSVDD_0041_E_0011225,-0.6124412706
CtrSVDD_0042_E_0011226,-0.9049093884
CtrSVDD_0043_E_0011227,-5.7936096069
CtrSVDD_0044_E_0011228,-5.8805164126
CtrSVDD_0045_E_0011229,-7.3333306637
CtrSVDD_0046_E_0011230,-6.3670140975
CtrSVDD_0047_E_0011231,-3.8478671917
CtrSVDD_0000_E_0011232,2.4585253458
CtrSVDD_0001_E_0011233,-5.0865640583
CtrSVDD_0002_E_0011234,-6.1970256112
CtrSVDD_0003_E_0011235,-4.8998340100
CtrSVDD_0004_E_0011236,-6.8344330537
CtrSVDD_0005_E_0011237,-0.5569421364
CtrSVDD_0006_E_0011238,-5.3729837067
CtrSVDD_0007_E_0011239,-1.5140138711
CtrSVDD_0008_E_0011240,-7.8280594177
CtrSVDD_0009_E_0011241,-7.9910966888
CtrSVDD_0010_E_0011242,-4.2657619341
CtrSVDD_0011_E_0011243,-6.3063502904
CtrSVDD_0012_E_0011244,-5.4999216554
CtrSVDD_0013_E_0011245,-4.4592434688
CtrSVDD_0014_E_0011246,-7.1129349392
CtrSVDD_0015_E_0011247,-3.7278474371
CtrSVDD_0016_E_0011248,-5.7862022000
CtrSVDD_0017_E_0011249,-6.9874532041
CtrSVDD_0018_E_0011250,-0.3878829198
CtrSVDD_0019_E_0011251,-5.4098585378
CtrSVDD_0020_E_0011252,0.7567601723
CtrSVDD_0021_E_0011253,-2.1908890624
CtrSVDD_0022_E_0011254,-5.0159092522
CtrSVDD_0023_E_0011255,-6.0227565490
CtrSVDD_0024_E_0011256,-6.5625982128
CtrSVDD_0025_E_0011257,-6.8374935885
CtrSVDD_0026_E_0011258,-6.6307087866
CtrSVDD_0027_E_0011259,2.3289639096
CtrSVDD_0028_E_0011260,-3.8676469397
CtrSVDD_0029_E_0011261,-5.6607145733
CtrSVDD_0030_E_0011262,-4.4445071533
CtrSVDD_0031_E_0011263,1.4235530574
CtrSVDD_0032_E_0011264,1.7781257629
CtrSVDD_0033_E_0011265,-5.5153410844
CtrSVDD_0034_E_0011266,-6.8540745359
CtrSVDD_0035_E_0011267,-4.3130616326
CtrSVDD_0036_E_0011268,-3.2015592654
CtrSVDD_0037_E_0011269,0.2915282760
CtrSVDD_0038_E_0011270,1.5544859921
CtrSVDD_0039_E_0011271,-8.3114112712
CtrSVDD_0040_E_0011272,-0.4576264840
CtrSVDD_0041_E_0011273,-3.8383839218
CtrSVDD_0042_E_0011274,-2.8228737101
CtrSVDD_0043_E_0011275,-6.7375666328
CtrSVDD_0044_E_0011276,-5.9650981857
CtrSVDD_0045_E_0011277,-6.3974914370
CtrSVDD_0046_E_0011278,-5.8773356174
CtrSVDD_0047_E_0011279,-7.3885903694
CtrSVDD_0000_E_0011280,-3.0802071574
CtrSVDD_0001_E_0011281,-7.5238292030
CtrSVDD_0002_E_0011282,-0.1551867330
CtrSVDD_0003_E_0011283,-5.7775834701
CtrSVDD_0004_E_0011284,-5.7770067167
CtrSVDD_0005_E_0011285,-6.1336722030
CtrSVDD_0006_E_0011286,-6.4723010704
CtrSVDD_0007_E_0011287,0.0721000060
CtrSVDD_0008_E_0011288,-6.1656000581
CtrSVDD_0009_E_0011289,-5.5069232731
CtrSVDD_0010_E_0011290,-0.3728455586
CtrSVDD_0011_E_0011291,-6.7973864999
CtrSVDD_0012_E_0011292,-4.6800070826
CtrSVDD_0013_E_0011293,-5.7389499774
CtrSVDD_0014_E_0011294,-6.7854729183
CtrSVDD_0015_E_0011295,-4.4248401276
CtrSVDD_0016_E_0011296,-4.3539730699
CtrSVDD_0017_E_0011297,-6.9493836854
CtrSVDD_0018_E_0011298,0.6736119784
CtrSVDD_0019_E_0011299,-5.6040771562
CtrSVDD_0020_E_0011300,-5.4549311677
CtrSVDD_0021_E_0011301,-4.8597407210
CtrSVDD_0022_E_0011302,-1.5052708191
CtrSVDD_0023_E_0011303,-6.9755655654
CtrSVDD_0024_E_0011304,-5.3401352527
CtrSVDD_0025_E_0011305,-7.4947723725
CtrSVDD_0026_E_0011306,-4.0323187343
CtrSVDD_0027_E_0011307,-3.5039362178
CtrSVDD_0028_E_0011308,1.5548672921
CtrSVDD_0029_E_0011309,-6.2244770737
CtrSVDD_0030_E_0011310,-0.7604483910
CtrSVDD_0031_E_0011311,-6.8016850594
CtrSVDD_0032_E_0011312,-7.9815384461
CtrSVDD_0033_E_0011313,-5.6367520814
CtrSVDD_0034_E_0011314,-6.1048471800
CtrSVDD_0035_E_0011315,-6.8155684796
CtrSVDD_0036_E_0011316,-7.4129570599
CtrSVDD_0037_E_0011317,-0.9790263415
CtrSVDD_0038_E_0011318,-7.7533845834
CtrSVDD_0039_E_0011319,-0.5471678918
CtrSVDD_0040_E_0011320,-9.9440885026
CtrSVDD_0041_E_0011321,0.6720728664
CtrSVDD_0042_E_0011322,-7.3032949873
CtrSVDD_0043_E_0011323,-7.3701296281
CtrSVDD_0044_E_0011324,-4.5144112078
CtrSVDD_0045_E_0011325,-7.2081719814
CtrSVDD_0046_E_0011326,-3.5276907569
CtrSVDD_0047_E_0011327,-7.2553873985
CtrSVDD_0000_E_0011328,-5.7544557536
CtrSVDD_0001_E_0011329,-5.7639719369
CtrSVDD_0002_E_0011330,-5.7704230420
CtrSVDD_0003_E_0011331,1.0065020892
CtrSVDD_0004_E_0011332,-4.5578422666
CtrSVDD_0005_E_0011333,0.7019651572
CtrSVDD_0006_E_0011334,-5.4410019879
CtrSVDD_0007_E_0011335,-0.7308942474
CtrSVDD_0008_E_0011336,-0.6966064677
CtrSVDD_0009_E_0011337,-4.9752573974
CtrSVDD_0010_E_0011338,-4.1678470838
CtrSVDD_0011_E_0011339,-5.3171852267
CtrSVDD_0012_E_0011340,-3.2891246048
CtrSVDD_0013_E_0011341,-6.6308408724
CtrSVDD_0014_E_0011342,-0.2915282760
CtrSVDD_0015_E_0011343,-5.0933695240
CtrSVDD_0016_E_0011344,-6.9117337107
CtrSVDD_0017_E_0011345,-7.5712338313
CtrSVDD_0018_E_0011346,0.9926705409
CtrSVDD_0019_E_0011347,-3.0145113689
CtrSVDD_0020_E_0011348,-3.4444581256
CtrSVDD_0021_E_0011349,-7.2904203424
CtrSVDD_0022_E_0011350,-5.7630783564
CtrSVDD_0023_E_0011351,-6.2007566420
CtrSVDD_0024_E_0011352,-5.3574559493
CtrSVDD_0025_E_0011353,-5.2839989797
CtrSVDD_0026_E_0011354,0.3623695476
CtrSVDD_0027_E_0011355,-4.5822356181
CtrSVDD_0028_E_0011356,0.7641892626
CtrSVDD_0029_E_0011357,-4.3941758022
CtrSVDD_0030_E_0011358,-4.6241434719
CtrSVDD_0031_E_0011359,-7.5242275671
CtrSVDD_0032_E_0011360,-7.0591879989
CtrSVDD_0033_E_0011361,-7.1081353526
CtrSVDD_0034_E_0011362,-5.3681837521
CtrSVDD_0035_E_0011363,-4.3855432187
CtrSVDD_0036_E_0011364,-3.7503384540
CtrSVDD_0037_E_0011365,1.1991522510
CtrSVDD_0038_E_0011366,1.0787662039
CtrSVDD_0039_E_0011367,0.1144997785
CtrSVDD_0040_E_0011368,-7.3291412030
CtrSVDD_0041_E_0011369,-0.7868637889
CtrSVDD_0042_E_0011370,-4.2403146877
CtrSVDD_0043_E_0011371,-5.6657205290
CtrSVDD_0044_E_0011372,-0.1072123277
CtrSVDD_0045_E_0011373,1.4008052395
CtrSVDD_0046_E_0011374,-1.6002833821
CtrSVDD_0047_E_0011375,-5.3545930011
CtrSVDD_0000_E_0011376,-4.3403897532
CtrSVDD_0001_E_0011377,-6.0334223663
CtrSVDD_0002_E_0011378,2.6170276295
CtrSVDD_0003_E_0011379,-5.6208430875
CtrSVDD_0004_E_0011380,-4.9300903194
CtrSVDD_0005_E_0011381,-0.3349511434
CtrSVDD_0006_E_0011382,-4.8602114144
CtrSVDD_0007_E_0011383,-6.4760472019
CtrSVDD_0008_E_0011384,-7.5543783669
CtrSVDD_0009_E_0011385,-5.2693705296
CtrSVDD_0010_E_0011386,-5.2195249529
CtrSVDD_0011_E_0011387,-4.3031396265
CtrSVDD_0012_E_0011388,-7.8806811043
CtrSVDD_0013_E_0011389,-3.2331979089
CtrSVDD_0014_E_0011390,-4.5697094418
CtrSVDD_0015_E_0011391,-5.6644297044
CtrSVDD_0016_E_0011392,-5.9738005401
CtrSVDD_0017_E_0011393,-6.9196697816
CtrSVDD_0018_E_0011394,-3.9923707279
CtrSVDD_0019_E_0011395,-6.9470480882
CtrSVDD_0020_E_0011396,-3.2497333335
CtrSVDD_0021_E_0011397,-4.5606216301
CtrSVDD_0022_E_0011398,-6.7265263611
CtrSVDD_0023_E_0011399,-4.5847973161
CtrSVDD_0024_E_0011400,-6.5351439042
CtrSVDD_0025_E_0011401,-6.5002889130
CtrSVDD_0026_E_0011402,-6.3166694999
CtrSVDD_0027_E_0011403,-5.6048592112
CtrSVDD_0028_E_0011404,-6.3809749263
CtrSVDD_0029_E_0011405,-7.2067991695
CtrSVDD_0030_E_0011406,-6.5360793913
CtrSVDD_0031_E_0011407,1.0516312817
CtrSVDD_0032_E_0011408,0.6423478973
CtrSVDD_0033_E_0011409,-7.6096036673
CtrSVDD_0034_E_0011410,-5.5157143376
CtrSVDD_0035_E_0011411,-5.8017309385
CtrSVDD_0036_E_0011412,1.1877471651
CtrSVDD_0037_E_0011413,-4.3437420639
CtrSVDD_0038_E_0011414,-3.3781152059
CtrSVDD_0039_E_0011415,-6.3251164055
CtrSVDD_0040_E_0011416,-0.0062945880
CtrSVDD_0041_E_0011417,-5.3864964608
CtrSVDD_0042_E_0011418,-6.9735294662
CtrSVDD_0043_E_0011419,-5.8522864352
CtrSVDD_0044_E_0011420,-6.6222820646
CtrSVDD_0045_E_0011421,0.0664913965
CtrSVDD_0046_E_0011422,-6.0762256589
CtrSVDD_0047_E_0011423,-6.0212913435
CtrSVDD_0000_E_0011424,-5.3647115861
CtrSVDD_0001_E_0011425,-4.5001935975
CtrSVDD_0002_E_0011426,-5.3776789133
CtrSVDD_0003_E_0011427,-5.5886480474
CtrSVDD_0004_E_0011428,1.0964555527
CtrSVDD_0005_E_0011429,1.0205289246
CtrSVDD_0006_E_0011430,-7.4603461890
CtrSVDD_0007_E_0011431,-2.4862635405
CtrSVDD_0008_E_0011432,-6.4568048527
CtrSVDD_0009_E_0011433,-7.1607075945
CtrSVDD_0010_E_0011434,-6.4495438346
CtrSVDD_0011_E_0011435,-0.3984613015
CtrSVDD_0012_E_0011436,-5.8693172686
CtrSVDD_0013_E_0011437,-6.9947473091
CtrSVDD_0014_E_0011438,-3.5919887112
CtrSVDD_0015_E_0011439,-7.4361059952
CtrSVDD_0016_E_0011440,2.6367465081
CtrSVDD_0017_E_0011441,-7.4496869243
CtrSVDD_0018_E_0011442,-4.3799096691
CtrSVDD_0019_E_0011443,-6.3597410177
CtrSVDD_0020_E_0011444,-5.1962136065
CtrSVDD_0021_E_0011445,-7.0272438363
CtrSVDD_0022_E_0011446,-2.5526332477
CtrSVDD_0023_E_0011447,-8.3660035454
CtrSVDD_0024_E_0011448,-4.4549119616
CtrSVDD_0025_E_0011449,-6.6294800630
CtrSVDD_0026_E_0011450,-8.0273376763
CtrSVDD_0027_E_0011451,-4.2446841288
CtrSVDD_0028_E_0011452,-6.2643712895
CtrSVDD_0029_E_0011453,-7.5537276405
CtrSVDD_0030_E_0011454,-7.0574907677
CtrSVDD_0031_E_0011455,-7.8879603271
CtrSVDD_0032_E_0011456,-5.3141650310
CtrSVDD_0033_E_0011457,-5.4692641281
CtrSVDD_0034_E_0011458,-3.4608030285
CtrSVDD_0035_E_0011459,-5.8419429951
CtrSVDD_0036_E_0011460,-6.4017207244
CtrSVDD_0037_E_0011461,-6.1243204929
CtrSVDD_0038_E_0011462,-0.0706976479
CtrSVDD_0039_E_0011463,-6.4668584562
CtrSVDD_0040_E_0011464,-5.4747435469
CtrSVDD_0041_E_0011465,-6.0217736467
CtrSVDD_0042_E_0011466,-6.8401773336
CtrSVDD_0043_E_0011467,-5.0237691307
CtrSVDD_0044_E_0011468,-4.6411867206
CtrSVDD_0045_E_0011469,-6.4310479775
CtrSVDD_0046_E_0011470,-6.8164540358
CtrSVDD_0047_E_0011471,-5.7685245096
CtrSVDD_0000_E_0011472,-5.7835891616
CtrSVDD_0001_E_0011473,-6.7251801261
CtrSVDD_0002_E_0011474,-5.9344352523
CtrSVDD_0003_E_0011475,-0.5750016537
CtrSVDD_0004_E_0011476,-4.2770158718
CtrSVDD_0005_E_0011477,-6.2859699127
CtrSVDD_0006_E_0011478,-8.2189846590
CtrSVDD_0007_E_0011479,-6.1855128542
CtrSVDD_0008_E_0011480,-6.7714697539
CtrSVDD_0009_E_0011481,-7.7498291394
CtrSVDD_0010_E_0011482,-7.3099423474
CtrSVDD_0011_E_0011483,-6.7509536018
CtrSVDD_0012_E_0011484,-2.2887329590
CtrSVDD_0013_E_0011485,-8.9717582679
CtrSVDD_0014_E_0011486,-0.0417187612
CtrSVDD_0015_E_0011487,-0.7327225318
CtrSVDD_0016_E_0011488,-6.2461751401
CtrSVDD_0017_E_0011489,-5.5137608316
CtrSVDD_0018_E_0011490,1.1544251897
CtrSVDD_0019_E_0011491,-5.9469624905
CtrSVDD_0020_E_0011492,-5.8981698156
CtrSVDD_0021_E_0011493,-5.6153018648
CtrSVDD_0022_E_0011494,-6.9287718987
CtrSVDD_0023_E_0011495,-3.2480832044
CtrSVDD_0024_E_0011496,-7.2187520569
CtrSVDD_0025_E_0011497,-8.7110838084
CtrSVDD_0026_E_0011498,-7.4572919201
CtrSVDD_0027_E_0011499,-5.5244887174
CtrSVDD_0028_E_0011500,-5.8184430229
CtrSVDD_0029_E_0011501,-4.1770184576
CtrSVDD_0030_E_0011502,-6.0455955540
CtrSVDD_0031_E_0011503,-0.5293824378
CtrSVDD_0032_E_0011504,-6.2229363739
CtrSVDD_0033_E_0011505,-7.4930384822
CtrSVDD_0034_E_0011506,-6.5677891768
CtrSVDD_0035_E_0011507,-3.5561788802
CtrSVDD_0036_E_0011508,-7.1025784009
CtrSVDD_0037_E_0011509,-5.8264231704
CtrSVDD_0038_E_0011510,-6.6277114217
CtrSVDD_0039_E_0011511,-5.7000991533
CtrSVDD_0040_E_0011512,1.1764945189
CtrSVDD_0041_E_0011513,-4.2501743668
CtrSVDD_0042_E_0011514,-6.7887061033
CtrSVDD_0043_E_0011515,-6.3905153754
CtrSVDD_0044_E_0011516,-5.7420211190
CtrSVDD_0045_E_0011517,-5.7979760926
CtrSVDD_0046_E_0011518,-6.4664466798
CtrSVDD_0047_E_0011519,-6.6293895102
CtrSVDD_0000_E_0011520,-5.7048834762
CtrSVDD_0001_E_0011521,-3.5115885793
CtrSVDD_0002_E_0011522,-7.0256237726
CtrSVDD_0003_E_0011523,-5.9298419499
CtrSVDD_0004_E_0011524,-8.5785319411
CtrSVDD_0005_E_0011525,-5.2703235871
CtrSVDD_0006_E_0011526,0.2694990396
CtrSVDD_0007_E_0011527,-6.5932599183
CtrSVDD_0008_E_0011528,-4.6538896524
CtrSVDD_0009_E_0011529,-6.8038401596
CtrSVDD_0010_E_0011530,-7.2396102596
CtrSVDD_0011_E_0011531,-1.0787662039
CtrSVDD_0012_E_0011532,-5.9078066283
CtrSVDD_0013_E_0011533,-1.4519342755
CtrSVDD_0014_E_0011534,-5.0786675598
CtrSVDD_0015_E_0011535,-3.1712922648
CtrSVDD_0016_E_0011536,-6.9669619018
CtrSVDD_0017_E_0011537,-5.7425165381
CtrSVDD_0018_E_0011538,-7.4757251975
CtrSVDD_0019_E_0011539,-7.3633607929
CtrSVDD_0020_E_0011540,-1.1302508567
CtrSVDD_0021_E_0011541,-7.9547360263
CtrSVDD_0022_E_0011542,-5.5808429259
CtrSVDD_0023_E_0011543,-7.7858985558
CtrSVDD_0024_E_0011544,-6.5978365606
CtrSVDD_0025_E_0011545,-6.7636707673
CtrSVDD_0026_E_0011546,-5.2668771758
CtrSVDD_0027_E_0011547,-8.4145761337
CtrSVDD_0028_E_0011548,-7.1305082597
CtrSVDD_0029_E_0011549,0.7474381782
CtrSVDD_0030_E_0011550,-0.7567181311
CtrSVDD_0031_E_0011551,-8.5723286190
CtrSVDD_0032_E_0011552,-5.1876746748
CtrSVDD_0033_E_0011553,-7.1636501858
CtrSVDD_0034_E_0011554,-6.0330416063
CtrSVDD_0035_E_0011555,0.5500786843
CtrSVDD_0036_E_0011556,-4.5709849190
CtrSVDD_0037_E_0011557,0.2112443551
CtrSVDD_0038_E_0011558,-6.2296923775
CtrSVDD_0039_E_0011559,-8.6239704485
CtrSVDD_0040_E_0011560,-7.0016051214
CtrSVDD_0041_E_0011561,0.3984613015
CtrSVDD_0042_E_0011562,-6.8476979395
CtrSVDD_0043_E_0011563,-6.1671299247
CtrSVDD_0044_E_0011564,-1.9533237077
CtrSVDD_0045_E_0011565,-2.3867555101
CtrSVDD_0046_E_0011566,-5.7842398227
CtrSVDD_0047_E_0011567,-1.0443641049
CtrSVDD_0000_E_0011568,-2.5019465325
CtrSVDD_0001_E_0011569,-5.7069057549
CtrSVDD_0002_E_0011570,-4.4449430580
CtrSVDD_0003_E_0011571,-6.0786781835
CtrSVDD_0004_E_0011572,-0.0777108845
CtrSVDD_0005_E_0011573,-2.2724112244
CtrSVDD_0006_E_0011574,-6.7824614130
CtrSVDD_0007_E_0011575,-7.1850235705
CtrSVDD_0008_E_0011576,0.2886104937
CtrSVDD_0009_E_0011577,-0.0078225554
CtrSVDD_0010_E_0011578,-5.9172815720
CtrSVDD_0011_E_0011579,-5.4001947161
CtrSVDD_0012_E_0011580,-5.4383353869
CtrSVDD_0013_E_0011581,-4.9371373155
CtrSVDD_0014_E_0011582,-1.4287103544
CtrSVDD_0015_E_0011583,-3.1338656712
CtrSVDD_0016_E_0011584,-0.0496774027
CtrSVDD_0017_E_0011585,-4.9885183665
CtrSVDD_0018_E_0011586,-7.0872083107
CtrSVDD_0019_E_0011587,-6.9889981246
CtrSVDD_0020_E_0011588,-5.8594780028
CtrSVDD_0021_E_0011589,-4.0243384372
CtrSVDD_0022_E_0011590,-6.8256101633
CtrSVDD_0023_E_0011591,-4.1104627640
CtrSVDD_0024_E_0011592,-1.5548672921
CtrSVDD_0025_E_0011593,-3.0690661137
CtrSVDD_0026_E_0011594,-2.0508932032
CtrSVDD_0027_E_0011595,-6.0349416701
CtrSVDD_0028_E_0011596,-7.1913626818
CtrSVDD_0029_E_0011597,-6.8076384287
CtrSVDD_0030_E_0011598,1.1792936900
CtrSVDD_0031_E_0011599,-5.3453921985
CtrSVDD_0032_E_0011600,-5.9558150733
CtrSVDD_0033_E_0011601,-5.0965323829
CtrSVDD_0034_E_0011602,-2.8612562826
CtrSVDD_0035_E_0011603,-5.7900672405
CtrSVDD_0036_E_0011604,-7.3338465436
CtrSVDD_0037_E_0011605,-6.1270351549
CtrSVDD_0038_E_0011606,-6.9581895169
CtrSVDD_0039_E_0011607,-6.4425386082
CtrSVDD_0040_E_0011608,-7.8192855241
CtrSVDD_0041_E_0011609,0.8514287083
CtrSVDD_0042_E_0011610,-10.0269425950
CtrSVDD_0043_E_0011611,-3.1298878833
CtrSVDD_0044_E_0011612,-3.7632293749
CtrSVDD_0045_E_0011613,-0.3311735569
CtrSVDD_0046_E_0011614,-4.8954475795
CtrSVDD_0047_E_0011615,-0.2755104387
CtrSVDD_0000_E_0011616,-6.5319243788
CtrSVDD_0001_E_0011617,1.2403559942
CtrSVDD_0002_E_0011618,1.0041834899
CtrSVDD_0003_E_0011619,-1.5184291412
CtrSVDD_0004_E_0011620,-5.5122836906
CtrSVDD_0005_E_0011621,0.3549110233
CtrSVDD_0006_E_0011622,-5.9009913415
CtrSVDD_0007_E_0011623,-7.0305413028
CtrSVDD_0008_E_0011624,-6.3961626560
CtrSVDD_0009_E_0011625,-5.2108882473
CtrSVDD_0010_E_0011626,-4.2818837612
CtrSVDD_0011_E_0011627,-6.1110322770
CtrSVDD_0012_E_0011628,-7.2208073054
CtrSVDD_0013_E_0011629,-5.4413720498
CtrSVDD_0014_E_0011630,-5.3975567895
CtrSVDD_0015_E_0011631,-6.7142452827
CtrSVDD_0016_E_0011632,-6.9121022298
CtrSVDD_0017_E_0011633,2.3143720728
CtrSVDD_0018_E_0011634,-6.9075691524
CtrSVDD_0019_E_0011635,-6.0376539714
CtrSVDD_0020_E_0011636,1.7081333224
CtrSVDD_0021_E_0011637,-4.9802672390
CtrSVDD_0022_E_0011638,-5.1473766942
CtrSVDD_0023_E_0011639,-4.8155970918
CtrSVDD_0024_E_0011640,-8.4354226297
CtrSVDD_0025_E_0011641,-2.7613242342
CtrSVDD_0026_E_0011642,0.0805172304
CtrSVDD_0027_E_0011643,-5.9227008900
CtrSVDD_0028_E_0011644,-5.2606782874
CtrSVDD_0029_E_0011645,-1.5253929382
CtrSVDD_0030_E_0011646,-5.0021072007
CtrSVDD_0031_E_0011647,-6.2853120255
CtrSVDD_0032_E_0011648,0.8275522725
CtrSVDD_0033_E_0011649,-7.8686615666
CtrSVDD_0034_E_0011650,0.1353955945
CtrSVDD_0035_E_0011651,-5.3665219679
CtrSVDD_0036_E_0011652,-6.6041039023
CtrSVDD_0037_E_0011653,1.6241083858
CtrSVDD_0038_E_0011654,-5.2380935248
CtrSVDD_0039_E_0011655,-7.1937804210
CtrSVDD_0040_E_0011656,1.2107154884
CtrSVDD_0041_E_0011657,-4.4501001261
CtrSVDD_0042_E_0011658,-5.4900779970
CtrSVDD_0043_E_0011659,-5.2315065174
CtrSVDD_0044_E_0011660,-5.9980388205
CtrSVDD_0045_E_0011661,-5.7376396022
CtrSVDD_0046_E_0011662,-5.7035662989
CtrSVDD_0047_E_0011663,-3.4626933386
CtrSVDD_0000_E_0011664,-0.1488734770
CtrSVDD_0001_E_0011665,0.2595629833
CtrSVDD_0002_E_0011666,-5.9638218342
CtrSVDD_0003_E_0011667,-5.9830869025
CtrSVDD_0004_E_0011668,-5.8400566686
CtrSVDD_0005_E_0011669,-7.1007274690
CtrSVDD_0006_E_0011670,-4.7357230541
CtrSVDD_0007_E_0011671,-6.3317116906
CtrSVDD_0008_E_0011672,-5.5853938498
CtrSVDD_0009_E_0011673,1.9137459226
CtrSVDD_0010_E_0011674,-4.2210032384
CtrSVDD_0011_E_0011675,0.8312954721
CtrSVDD_0012_E_0011676,-0.6824132519
CtrSVDD_0013_E_0011677,1.1626348657
CtrSVDD_0014_E_0011678,0.9972598582
CtrSVDD_0015_E_0011679,-5.2686133573
CtrSVDD_0016_E_0011680,-5.1568910569
CtrSVDD_0017_E_0011681,-6.5202853154
CtrSVDD_0018_E_0011682,-5.8139994688
CtrSVDD_0019_E_0011683,2.3352330401
CtrSVDD_0020_E_0011684,-6.0489674053
CtrSVDD_0021_E_0011685,-6.3256546865
CtrSVDD_0022_E_0011686,-6.1494729996
CtrSVDD_0023_E_0011687,-8.7838335506
CtrSVDD_0024_E_0011688,-6.5160353237
CtrSVDD_0025_E_0011689,-5.1847566142
CtrSVDD_0026_E_0011690,-6.8921876499
CtrSVDD_0027_E_0011691,-4.2075609148
CtrSVDD_0028_E_0011692,-5.6578290069
CtrSVDD_0029_E_0011693,-7.7518082854
CtrSVDD_0030_E_0011694,-6.1337247716
CtrSVDD_0031_E_0011695,1.0276181900
CtrSVDD_0032_E_0011696,-0.8861104068
CtrSVDD_0033_E_0011697,-4.9366079695
CtrSVDD_0034_E_0011698,-7.1811128425
CtrSVDD_0035_E_0011699,-6.1891909966
CtrSVDD_0036_E_0011700,-0.4754214521
CtrSVDD_0037_E_0011701,-4.1566589851
CtrSVDD_0038_E_0011702,0.7529983711
CtrSVDD_0039_E_0011703,-5.3632842079
CtrSVDD_0040_E_0011704,-5.5401047910
CtrSVDD_0041_E_0011705,-4.3515483723
CtrSVDD_0042_E_0011706,-6.0849376753
CtrSVDD_0043_E_0011707,-5.3580756043
CtrSVDD_0044_E_0011708,-6.6155396686
CtrSVDD_0045_E_0011709,-4.8710198052
CtrSVDD_0046_E_0011710,-7.1569085462
CtrSVDD_0047_E_0011711,-4.8516441282
CtrSVDD_0000_E_0011712,-2.7592268898
CtrSVDD_0001_E_0011713,-5.1365461394
CtrSVDD_0002_E_0011714,-6.0156185291
CtrSVDD_0003_E_0011715,0.6320660016
CtrSVDD_0004_E_0011716,-4.3829441869
CtrSVDD_0005_E_0011717,-1.5455643299
CtrSVDD_0006_E_0011718,-4.3536488420
CtrSVDD_0007_E_0011719,0.9995624115
CtrSVDD_0008_E_0011720,-6.2009197627
CtrSVDD_0009_E_0011721,-0.7548569455
CtrSVDD_0010_E_0011722,-6.9060593474
CtrSVDD_0011_E_0011723,0.0146878031
CtrSVDD_0012_E_0011724,-5.5448298812
CtrSVDD_0013_E_0011725,-7.4727777740
CtrSVDD_0014_E_0011726,-5.0336493705
CtrSVDD_0015_E_0011727,0.3939223175
CtrSVDD_0016_E_0011728,-6.3107211977
CtrSVDD_0017_E_0011729,-7.6411785512
CtrSVDD_0018_E_0011730,-5.1622287183
CtrSVDD_0019_E_0011731,-6.8084788270
CtrSVDD_0020_E_0011732,-4.6167011085
CtrSVDD_0021_E_0011733,-7.3859768229
CtrSVDD_0022_E_0011734,-4.1355412742
CtrSVDD_0023_E_0011735,-4.4936561351
CtrSVDD_0024_E_0011736,-0.4911421764
CtrSVDD_0025_E_0011737,-6.0854730423
CtrSVDD_0026_E_0011738,-6.5628804478
CtrSVDD_0027_E_0011739,-6.3423446687
CtrSVDD_0028_E_0011740,-6.0595708423
CtrSVDD_0029_E_0011741,-6.8427238794
CtrSVDD_0030_E_0011742,-5.7529117603
CtrSVDD_0031_E_0011743,1.6400033795
CtrSVDD_0032_E_0011744,-5.9995022841
CtrSVDD_0033_E_0011745,1.6453949376
CtrSVDD_0034_E_0011746,-3.5846675759
CtrSVDD_0035_E_0011747,-3.3168024793
CtrSVDD_0036_E_0011748,-5.2289931109
CtrSVDD_0037_E_0011749,-4.9549295104
CtrSVDD_0038_E_0011750,-7.0146511999
CtrSVDD_0039_E_0011751,-9.5226339541
CtrSVDD_0040_E_0011752,-4.4777800009
CtrSVDD_0041_E_0011753,-6.1078607434
CtrSVDD_0042_E_0011754,-4.3668337717
CtrSVDD_0043_E_0011755,-5.3428235587
CtrSVDD_0044_E_0011756,-4.6444093647
CtrSVDD_0045_E_0011757,-1.1905839276
CtrSVDD_0046_E_0011758,-5.2225058210
CtrSVDD_0047_E_0011759,-7.6394003756
CtrSVDD_0000_E_0011760,-3.1965354439
CtrSVDD_0001_E_0011761,-0.1241106340
CtrSVDD_0002_E_0011762,-6.9245352513
CtrSVDD_0003_E_0011763,-7.9112160498
CtrSVDD_0004_E_0011764,-6.3869108518
CtrSVDD_0005_E_0011765,-3.3523834872
CtrSVDD_0006_E_0011766,-6.8520819760
CtrSVDD_0007_E_0011767,-7.2127192836
CtrSVDD_0008_E_0011768,-8.0006551656
CtrSVDD_0009_E_0011769,-7.5778321495
CtrSVDD_0010_E_0011770,-6.4326940287
CtrSVDD_0011_E_0011771,-0.1693601163
CtrSVDD_0012_E_0011772,-7.2620979532
CtrSVDD_0013_E_0011773,-5.9425404384
CtrSVDD_0014_E_0011774,-1.2235967810
CtrSVDD_0015_E_0011775,-6.1321551076
CtrSVDD_0016_E_0011776,0.1509409192
CtrSVDD_0017_E_0011777,-4.9884307860
CtrSVDD_0018_E_0011778,-3.6036705382
CtrSVDD_0019_E_0011779,-5.4329798240
CtrSVDD_0020_E_0011780,-3.8200176915
CtrSVDD_0021_E_0011781,-5.9101283730
CtrSVDD_0022_E_0011782,-4.7346572343
CtrSVDD_0023_E_0011783,-6.2167324675
CtrSVDD_0024_E_0011784,-7.3069718692
CtrSVDD_0025_E_0011785,-7.5111113352
CtrSVDD_0026_E_0011786,-6.7531464948
CtrSVDD_0027_E_0011787,1.2705100400
CtrSVDD_0028_E_0011788,-5.6553804985
CtrSVDD_0029_E_0011789,-1.0299927843
CtrSVDD_0030_E_0011790,-2.0594796614
CtrSVDD_0031_E_0011791,-1.6293610596
CtrSVDD_0032_E_0011792,-5.1405240396
CtrSVDD_0033_E_0011793,-5.0636727160
CtrSVDD_0034_E_0011794,-6.6288180473
CtrSVDD_0035_E_0011795,0.7363864709
CtrSVDD_0036_E_0011796,-7.3691081744
CtrSVDD_0037_E_0011797,0.6492403483
CtrSVDD_0038_E_0011798,-5.5896620840
CtrSVDD_0039_E_0011799,-0.9745186026
CtrSVDD_0040_E_0011800,-5.1183794302
CtrSVDD_0041_E_0011801,-5.3730816258
CtrSVDD_0042_E_0011802,0.3193752661
CtrSVDD_0043_E_0011803,-6.4766891286
CtrSVDD_0044_E_0011804,-3.8875361595
CtrSVDD_0045_E_0011805,-0.0412759663
CtrSVDD_0046_E_0011806,-3.7262440263
CtrSVDD_0047_E_0011807,-7.0911977764
CtrSVDD_0000_E_0011808,-6.7590017569
CtrSVDD_0001_E_0011809,-7.6235255967
CtrSVDD_0002_E_0011810,-6.9827816279
CtrSVDD_0003_E_0011811,-6.9851380483
CtrSVDD_0004_E_0011812,-5.4515952019
CtrSVDD_0005_E_0011813,-7.5134048832
CtrSVDD_0006_E_0011814,-6.2126280920
CtrSVDD_0007_E_0011815,0.8574738954
CtrSVDD_0008_E_0011816,-3.7523919757
CtrSVDD_0009_E_0011817,-6.9036732004
CtrSVDD_0010_E_0011818,-5.3922617374
CtrSVDD_0011_E_0011819,-1.1076823279
CtrSVDD_0012_E_0011820,0.1892608309
CtrSVDD_0013_E_0011821,-7.0028605628
CtrSVDD_0014_E_0011822,-6.6384719801
CtrSVDD_0015_E_0011823,-5.9338657218
CtrSVDD_0016_E_0011824,-8.2183353139
CtrSVDD_0017_E_0011825,-7.3189834342
CtrSVDD_0018_E_0011826,-1.6257774024
CtrSVDD_0019_E_0011827,-5.8023440224
CtrSVDD_0020_E_0011828,-0.9456874299
CtrSVDD_0021_E_0011829,0.8923416778
CtrSVDD_0022_E_0011830,0.6083298156
CtrSVDD_0023_E_0011831,-4.5586091969
CtrSVDD_0024_E_0011832,-5.2316349818
CtrSVDD_0025_E_0011833,-3.7551690646
CtrSVDD_0026_E_0011834,-5.2792166918
CtrSVDD_0027_E_0011835,-8.0281378439
CtrSVDD_0028_E_0011836,-6.1876115193
CtrSVDD_0029_E_0011837,-2.9964036535
CtrSVDD_0030_E_0011838,-4.4811741641
CtrSVDD_0031_E_0011839,-3.8102329436
CtrSVDD_0032_E_0011840,0.1537711546
CtrSVDD_0033_E_0011841,-4.2113905327
CtrSVDD_0034_E_0011842,-3.9369206741
CtrSVDD_0035_E_0011843,-5.8754251675
CtrSVDD_0036_E_0011844,-7.0462498355
CtrSVDD_0037_E_0011845,-5.9841872060
CtrSVDD_0038_E_0011846,-7.2256172329
CtrSVDD_0039_E_0011847,-4.7965357957
CtrSVDD_0040_E_0011848,-5.2907012120
CtrSVDD_0041_E_0011849,-7.8149749001
CtrSVDD_0042_E_0011850,-6.2842261914
CtrSVDD_0043_E_0011851,-5.2087416313
CtrSVDD_0044_E_0011852,-1.6400033795
CtrSVDD_0045_E_0011853,-7.9018389147
CtrSVDD_0046_E_0011854,-5.2484107518
CtrSVDD_0047_E_0011855,-6.4366635518
CtrSVDD_0000_E_0011856,-7.3138750910
CtrSVDD_0001_E_0011857,-1.1626348657
CtrSVDD_0002_E_0011858,-8.4609498568
CtrSVDD_0003_E_0011859,-5.1677402802
CtrSVDD_0004_E_0011860,-6.1221230494
CtrSVDD_0005_E_0011861,-5.7715509590
CtrSVDD_0006_E_0011862,-4.3705672527
CtrSVDD_0007_E_0011863,-6.8489042867
CtrSVDD_0008_E_0011864,-3.1218482791
CtrSVDD_0009_E_0011865,-4.5304747724
CtrSVDD_0010_E_0011866,0.1382194746
CtrSVDD_0011_E_0011867,-6.8092563173
CtrSVDD_0012_E_0011868,-1.8802917508
CtrSVDD_0013_E_0011869,-7.2923673176
CtrSVDD_0014_E_0011870,-6.2478227705
CtrSVDD_0015_E_0011871,-3.5444195486
CtrSVDD_0016_E_0011872,-6.4276809713
CtrSVDD_0017_E_0011873,-4.5482779940
CtrSVDD_0018_E_0011874,-6.9836261372
CtrSVDD_0019_E_0011875,-0.3261393354
CtrSVDD_0020_E_0011876,-9.2183339811
CtrSVDD_0021_E_0011877,-4.1984840333
CtrSVDD_0022_E_0011878,-6.4789657743
CtrSVDD_0023_E_0011879,-0.7753546961
CtrSVDD_0024_E_0011880,0.0580823470
CtrSVDD_0025_E_0011881,-6.2864709174
CtrSVDD_0026_E_0011882,-4.3833936810
CtrSVDD_0027_E_0011883,-5.1394682703
CtrSVDD_0028_E_0011884,-5.0255612267
CtrSVDD_0029_E_0011885,-6.2497337347
CtrSVDD_0030_E_0011886,-7.2094712271
CtrSVDD_0031_E_0011887,-5.6585476702
CtrSVDD_0032_E_0011888,0.6403330736
CtrSVDD_0033_E_0011889,-8.7530517478
CtrSVDD_0034_E_0011890,-7.1369086446
CtrSVDD_0035_E_0011891,-6.1923275700
CtrSVDD_0036_E_0011892,-6.8103290195
CtrSVDD_0037_E_0011893,-3.4865004405
CtrSVDD_0038_E_0011894,-4.6183907472
CtrSVDD_0039_E_0011895,-7.7088569844
CtrSVDD_0040_E_0011896,-4.8015495900
CtrSVDD_0041_E_0011897,-4.7895237693
CtrSVDD_0042_E_0011898,-6.0582895719
CtrSVDD_0043_E_0011899,-5.5938731649
CtrSVDD_0044_E_0011900,1.2958838614
CtrSVDD_0045_E_0011901,-7.0957471564
CtrSVDD_0046_E_0011902,-7.2608805632
CtrSVDD_0047_E_0011903,-0.3296962808
CtrSVDD_0000_E_0011904,0.3474721907
CtrSVDD_0001_E_0011905,-0.8778551678
CtrSVDD_0002_E_0011906,-5.4528445135
CtrSVDD_0003_E_0011907,-7.6390072374
CtrSVDD_0004_E_0011908,-6.6188590759
CtrSVDD_0005_E_0011909,-6.2469283622
CtrSVDD_0006_E_0011910,-7.8361718687
CtrSVDD_0007_E_0011911,-6.6100074640
CtrSVDD_0008_E_0011912,2.2162736869
CtrSVDD_0009_E_0011913,0.8778551678
CtrSVDD_0010_E_0011914,-7.3844951892
CtrSVDD_0011_E_0011915,-4.3620823285
CtrSVDD_0012_E_0011916,-7.2251336804
CtrSVDD_0013_E_0011917,-6.8235238684
CtrSVDD_0014_E_0011918,-6.0686350890
CtrSVDD_0015_E_0011919,-4.7501122728
CtrSVDD_0016_E_0011920,-5.1470200645
CtrSVDD_0017_E_0011921,-3.8462235674
CtrSVDD_0018_E_0011922,-8.1225019550
CtrSVDD_0019_E_0011923,-6.3838467984
CtrSVDD_0020_E_0011924,-3.9958190968
CtrSVDD_0021_E_0011925,-6.1924916746
CtrSVDD_0022_E_0011926,-9.8691638541
CtrSVDD_0023_E_0011927,-3.8626920578
CtrSVDD_0024_E_0011928,-6.2244003709
CtrSVDD_0025_E_0011929,-0.8414219247
CtrSVDD_0026_E_0011930,-5.7883853659
CtrSVDD_0027_E_0011931,-0.0482769358
CtrSVDD_0028_E_0011932,-3.3317798630
CtrSVDD_0029_E_0011933,-6.8297847847
CtrSVDD_0030_E_0011934,-7.9065147680
CtrSVDD_0031_E_0011935,0.3758461852
CtrSVDD_0032_E_0011936,-0.4427810558
CtrSVDD_0033_E_0011937,-7.3144769152
CtrSVDD_0034_E_0011938,-5.6309316255
CtrSVDD_0035_E_0011939,-6.3614902054
CtrSVDD_0036_E_0011940,-6.4504889407
CtrSVDD_0037_E_0011941,-4.6224594134
CtrSVDD_0038_E_0011942,-8.2071305158
CtrSVDD_0039_E_0011943,-2.8408573963
CtrSVDD_0040_E_0011944,-7.2198980376
CtrSVDD_0041_E_0011945,-7.3560208689
CtrSVDD_0042_E_0011946,-6.1950656068
CtrSVDD_0043_E_0011947,-7.5926615628
CtrSVDD_0044_E_0011948,-7.1497758320
CtrSVDD_0045_E_0011949,-1.5900083951
CtrSVDD_0046_E_0011950,-7.9159431317
CtrSVDD_0047_E_0011951,-7.4001655153
CtrSVDD_0000_E_0011952,1.1020453733
CtrSVDD_0001_E_0011953,-0.0555106543
CtrSVDD_0002_E_0011954,-5.1091283070
CtrSVDD_0003_E_0011955,-7.2616008485
CtrSVDD_0004_E_0011956,-7.2931439530
CtrSVDD_0005_E_0011957,-6.0185525063
CtrSVDD_0006_E_0011958,-5.3190441146
CtrSVDD_0007_E_0011959,-5.1072610585
CtrSVDD_0008_E_0011960,-7.8047412207
CtrSVDD_0009_E_0011961,-5.3273520172
CtrSVDD_0010_E_0011962,-6.4415148819
CtrSVDD_0011_E_0011963,-5.5958863208
CtrSVDD_0012_E_0011964,-7.7405256199
CtrSVDD_0013_E_0011965,-4.2847687430
CtrSVDD_0014_E_0011966,-5.7171634648
CtrSVDD_0015_E_0011967,-7.1683271179
CtrSVDD_0016_E_0011968,1.4713997696
CtrSVDD_0017_E_0011969,-3.9717759288
CtrSVDD_0018_E_0011970,-5.5966668991
CtrSVDD_0019_E_0011971,-5.3374347853
CtrSVDD_0020_E_0011972,-6.0761722432
CtrSVDD_0021_E_0011973,-2.6991647838
CtrSVDD_0022_E_0011974,-3.9992721387
CtrSVDD_0023_E_0011975,-6.7353375337
CtrSVDD_0024_E_0011976,-6.7268555707
CtrSVDD_0025_E_0011977,-7.7208196224
CtrSVDD_0026_E_0011978,-7.8917192162
CtrSVDD_0027_E_0011979,-0.8434165203
CtrSVDD_0028_E_0011980,-5.5943890088
CtrSVDD_0029_E_0011981,-1.0842568333
CtrSVDD_0030_E_0011982,-4.2979841288
CtrSVDD_0031_E_0011983,-7.2502130655
CtrSVDD_0032_E_0011984,-8.0329849572
CtrSVDD_0033_E_0011985,-5.2671768669
CtrSVDD_0034_E_0011986,-5.7984550349
CtrSVDD_0035_E_0011987,-4.4737410921
CtrSVDD_0036_E_0011988,-7.1705778327
CtrSVDD_0037_E_0011989,-5.3126944031
CtrSVDD_0038_E_0011990,-6.4202585913
CtrSVDD_0039_E_0011991,-3.8399682442
CtrSVDD_0040_E_0011992,-5.3842484272
CtrSVDD_0041_E_0011993,-5.2185636895
CtrSVDD_0042_E_0011994,-5.2983791704
CtrSVDD_0043_E_0011995,-6.3365385598
CtrSVDD_0044_E_0011996,-3.8012753903
CtrSVDD_0045_E_0011997,-6.9195362967
CtrSVDD_0046_E_0011998,-8.1364093163
CtrSVDD_0047_E_0011999,-2.1747764302
CtrSVDD_0000_E_0012000,-7.4093434636
CtrSVDD_0001_E_0012001,-6.9962985867
CtrSVDD_0002_E_0012002,-0.6440681386
CtrSVDD_0003_E_0012003,-6.3045862312
CtrSVDD_0004_E_0012004,-5.8810134578
CtrSVDD_0005_E_0012005,-5.0978894329
CtrSVDD_0006_E_0012006,-7.4522378479
CtrSVDD_0007_E_0012007,-5.6990640396
CtrSVDD_0008_E_0012008,-7.4642494279
CtrSVDD_0009_E_0012009,-8.1149036198
CtrSVDD_0010_E_0012010,-6.8307025391
CtrSVDD_0011_E_0012011,-6.0030929342
CtrSVDD_0012_E_0012012,-6.6898214952
CtrSVDD_0013_E_0012013,-5.3497709129
CtrSVDD_0014_E_0012014,-6.9100955181
CtrSVDD_0015_E_0012015,-5.9597133609
CtrSVDD_0016_E_0012016,-4.8611126983
CtrSVDD_0017_E_0012017,-4.4721632270
CtrSVDD_0018_E_0012018,-5.6301853492
CtrSVDD_0019_E_0012019,-3.4021437745
CtrSVDD_0020_E_0012020,-3.5894171945
CtrSVDD_0021_E_0012021,-7.7922630727
CtrSVDD_0022_E_0012022,1.5690792921
CtrSVDD_0023_E_0012023,-5.0126471002
CtrSVDD_0024_E_0012024,-5.5582860997
CtrSVDD_0025_E_0012025,-6.0962977016
CtrSVDD_0026_E_0012026,-3.9192717231
CtrSVDD_0027_E_0012027,-4.4630850715
CtrSVDD_0028_E_0012028,0.0819206398
CtrSVDD_0029_E_0012029,-7.2198095227
CtrSVDD_0030_E_0012030,-4.9668120924
CtrSVDD_0031_E_0012031,0.7199753406
CtrSVDD_0032_E_0012032,-3.5545963819
CtrSVDD_0033_E_0012033,1.0371516685
CtrSVDD_0034_E_0012034,-0.5038065543
CtrSVDD_0035_E_0012035,-6.5292736161
CtrSVDD_0036_E_0012036,-1.5501990408
CtrSVDD_0037_E_0012037,-1.9169401488
CtrSVDD_0038_E_0012038,-5.4062187350
CtrSVDD_0039_E_0012039,-7.3516180320
CtrSVDD_0040_E_0012040,-5.9261302354
CtrSVDD_0041_E_0012041,-6.2783504952
CtrSVDD_0042_E_0012042,-6.2798597057
CtrSVDD_0043_E_0012043,-7.8551038218
CtrSVDD_0044_E_0012044,-5.2669075147
CtrSVDD_0045_E_0012045,-5.0379687929
CtrSVDD_0046_E_0012046,-5.9410381530
CtrSVDD_0047_E_0012047,-7.0866714839
CtrSVDD_0000_E_0012048,-8.0493506132
CtrSVDD_0001_E_0012049,-7.4304934366
CtrSVDD_0002_E_0012050,-6.5137404840
CtrSVDD_0003_E_0012051,-7.4529144276
CtrSVDD_0004_E_0012052,-6.4585526982
CtrSVDD_0005_E_0012053,-6.0304754591
CtrSVDD_0006_E_0012054,-5.5679517172
CtrSVDD_0007_E_0012055,-1.5228742124
CtrSVDD_0008_E_0012056,-6.2660334985
CtrSVDD_0009_E_0012057,-4.7686750186
CtrSVDD_0010_E_0012058,-2.8348859393
CtrSVDD_0011_E_0012059,-6.9464850002
CtrSVDD_0012_E_0012060,-7.2837724998
CtrSVDD_0013_E_0012061,-5.4378632643
CtrSVDD_0014_E_0012062,-3.9591744335
CtrSVDD_0015_E_0012063,0.2292966039
CtrSVDD_0016_E_0012064,-6.0669198045
CtrSVDD_0017_E_0012065,-6.4471030429
CtrSVDD_0018_E_0012066,-0.6983904682
CtrSVDD_0019_E_0012067,-4.8927615431
CtrSVDD_0020_E_0012068,-3.6862759872
CtrSVDD_0021_E_0012069,-6.7825306362
CtrSVDD_0022_E_0012070,-5.3234954075
CtrSVDD_0023_E_0012071,-2.4915171117
CtrSVDD_0024_E_0012072,-3.3993398666
CtrSVDD_0025_E_0012073,-5.3986448696
CtrSVDD_0026_E_0012074,-3.1011154622
CtrSVDD_0027_E_0012075,-1.0663348048
CtrSVDD_0028_E_0012076,-6.8031561606
CtrSVDD_0029_E_0012077,-6.9290662122
CtrSVDD_0030_E_0012078,-1.7917311476
CtrSVDD_0031_E_0012079,1.3434402402
CtrSVDD_0032_E_0012080,-6.5669822198
CtrSVDD_0033_E_0012081,-5.4363621582
CtrSVDD_0034_E_0012082,-6.4006761352
CtrSVDD_0035_E_0012083,-7.9708802437
CtrSVDD_0036_E_0012084,-7.1088348931
CtrSVDD_0037_E_0012085,-6.5810225330
CtrSVDD_0038_E_0012086,-1.3860337204
CtrSVDD_0039_E_0012087,-7.7722517670
CtrSVDD_0040_E_0012088,-6.8511042841
CtrSVDD_0041_E_0012089,-5.4468584233
CtrSVDD_0042_E_0012090,-4.6492251263
CtrSVDD_0043_E_0012091,-6.7512370032
CtrSVDD_0044_E_0012092,2.5225135470
CtrSVDD_0045_E_0012093,-4.7723989463
CtrSVDD_0046_E_0012094,-5.6255526693
CtrSVDD_0047_E_0012095,-0.0356766635
CtrSVDD_0000_E_0012096,-7.3065672635
CtrSVDD_0001_E_0012097,-5.9656810858
CtrSVDD_0002_E_0012098,-5.1649885589
CtrSVDD_0003_E_0012099,-7.6604909276
CtrSVDD_0004_E_0012100,-7.1355114490
CtrSVDD_0005_E_0012101,-6.7561076844
CtrSVDD_0006_E_0012102,-5.4382317975
CtrSVDD_0007_E_0012103,-7.9040012335
CtrSVDD_0008_E_0012104,-5.4333582756
CtrSVDD_0009_E_0012105,-6.0553126057
CtrSVDD_0010_E_0012106,-1.7264672134
CtrSVDD_0011_E_0012107,-6.9383451413
CtrSVDD_0012_E_0012108,-4.2442983798
CtrSVDD_0013_E_0012109,-3.3572168577
CtrSVDD_0014_E_0012110,-5.6052902143
CtrSVDD_0015_E_0012111,-2.8839794385
CtrSVDD_0016_E_0012112,-2.0107375646
CtrSVDD_0017_E_0012113,-5.9367750759
CtrSVDD_0018_E_0012114,-7.2128585411
CtrSVDD_0019_E_0012115,2.4047612230
CtrSVDD_0020_E_0012116,-5.3929197474
CtrSVDD_0021_E_0012117,1.4631907961
CtrSVDD_0022_E_0012118,0.7754766874
CtrSVDD_0023_E_0012119,-6.3712672172
CtrSVDD_0024_E_0012120,-5.9484184662
CtrSVDD_0025_E_0012121,-6.6111138964
CtrSVDD_0026_E_0012122,-4.8910445402
CtrSVDD_0027_E_0012123,-6.7041845780
CtrSVDD_0028_E_0012124,-4.4281014277
CtrSVDD_0029_E_0012125,-6.3199795437
CtrSVDD_0030_E_0012126,-6.8075852725
CtrSVDD_0031_E_0012127,-3.1049027207
CtrSVDD_0032_E_0012128,-6.2480141619
CtrSVDD_0033_E_0012129,-4.2699178659
CtrSVDD_0034_E_0012130,-5.0686504911
CtrSVDD_0035_E_0012131,-2.6269567724
CtrSVDD_0036_E_0012132,-5.4492456685
CtrSVDD_0037_E_0012133,2.5205022172
CtrSVDD_0038_E_0012134,-8.3679101243
CtrSVDD_0039_E_0012135,-7.7003618268
CtrSVDD_0040_E_0012136,-7.7148630693
CtrSVDD_0041_E_0012137,-3.1982109423
CtrSVDD_0042_E_0012138,-5.5611855083
CtrSVDD_0043_E_0012139,-6.0398535296
CtrSVDD_0044_E_0012140,-2.7444569744
CtrSVDD_0045_E_0012141,-4.5295401542
CtrSVDD_0046_E_0012142,-0.0104911032
CtrSVDD_0047_E_0012143,-4.8714375018
CtrSVDD_0000_E_0012144,-6.7761207153
CtrSVDD_0001_E_0012145,-5.1449411045
CtrSVDD_0002_E_0012146,-1.1015730699
CtrSVDD_0003_E_0012147,-6.2434089786
CtrSVDD_0004_E_0012148,-5.2255989478
CtrSVDD_0005_E_0012149,-3.2528722831
CtrSVDD_0006_E_0012150,-3.5640914693
CtrSVDD_0007_E_0012151,-3.4991825865
CtrSVDD_0008_E_0012152,-6.8670344032
CtrSVDD_0009_E_0012153,-4.2554187391
CtrSVDD_0010_E_0012154,-6.0718744086
CtrSVDD_0011_E_0012155,-7.0252154768
CtrSVDD_0012_E_0012156,-7.0846282625
CtrSVDD_0013_E_0012157,-6.7871345863
CtrSVDD_0014_E_0012158,-5.3950540784
CtrSVDD_0015_E_0012159,-4.1683231836
CtrSVDD_0016_E_0012160,-4.5511404882
CtrSVDD_0017_E_0012161,-2.8742787369
CtrSVDD_0018_E_0012162,-6.1227562797
CtrSVDD_0019_E_0012163,-6.0285275530
CtrSVDD_0020_E_0012164,-4.6212716776
CtrSVDD_0021_E_0012165,-6.4756377244
CtrSVDD_0022_E_0012166,-0.5069852349
CtrSVDD_0023_E_0012167,-4.1089223665
CtrSVDD_0024_E_0012168,-5.0568341418
CtrSVDD_0025_E_0012169,-6.9175019635
CtrSVDD_0026_E_0012170,-3.6084234683
CtrSVDD_0027_E_0012171,-7.3038424880
CtrSVDD_0028_E_0012172,-7.1966141875
CtrSVDD_0029_E_0012173,-7.0885027783
CtrSVDD_0030_E_0012174,-6.8864856077
CtrSVDD_0031_E_0012175,-6.7972559569
CtrSVDD_0032_E_0012176,-6.7064340483
CtrSVDD_0033_E_0012177,0.0048957779
CtrSVDD_0034_E_0012178,-0.0272797511
CtrSVDD_0035_E_0012179,-4.9700024260
CtrSVDD_0036_E_0012180,-7.6866351232
CtrSVDD_0037_E_0012181,-5.5593805646
CtrSVDD_0038_E_0012182,-6.6610398410
CtrSVDD_0039_E_0012183,-4.4621617514
CtrSVDD_0040_E_0012184,-4.7413061434
CtrSVDD_0041_E_0012185,0.5602120314
CtrSVDD_0042_E_0012186,-6.3128488699
CtrSVDD_0043_E_0012187,-5.4618297221
CtrSVDD_0044_E_0012188,-6.0553372138
CtrSVDD_0045_E_0012189,-5.1616252823
CtrSVDD_0046_E_0012190,-8.1360341557
CtrSVDD_0047_E_0012191,-6.4119018750
CtrSVDD_0000_E_0012192,-4.1561763867
CtrSVDD_0001_E_0012193,-6.3632411629
CtrSVDD_0002_E_0012194,-6.0318956717
CtrSVDD_0003_E_0012195,-3.1611344188
CtrSVDD_0004_E_0012196,-5.9936499925
CtrSVDD_0005_E_0012197,0.0512906365
CtrSVDD_0006_E_0012198,-6.6787581717
CtrSVDD_0007_E_0012199,-5.2399264110
CtrSVDD_0008_E_0012200,-7.0640379473
CtrSVDD_0009_E_0012201,-6.8803441162
CtrSVDD_0010_E_0012202,-5.9109274643
CtrSVDD_0011_E_0012203,-4.0980674832
CtrSVDD_0012_E_0012204,-4.4823293809
CtrSVDD_0013_E_0012205,-6.5800488657
CtrSVDD_0014_E_0012206,0.4396974496
CtrSVDD_0015_E_0012207,-5.1921510459
CtrSVDD_0016_E_0012208,-5.9907253806
CtrSVDD_0017_E_0012209,-5.6981019898
CtrSVDD_0018_E_0012210,-3.8380158523
CtrSVDD_0019_E_0012211,-5.3805237679
CtrSVDD_0020_E_0012212,2.7402957116
CtrSVDD_0021_E_0012213,-0.9070179191
CtrSVDD_0022_E_0012214,-5.4460755416
CtrSVDD_0023_E_0012215,-5.7717962188
CtrSVDD_0024_E_0012216,0.0749051505
CtrSVDD_0025_E_0012217,-3.7600038329
CtrSVDD_0026_E_0012218,-5.5965463628
CtrSVDD_0027_E_0012219,-5.4393638182
CtrSVDD_0028_E_0012220,-7.9945051060
CtrSVDD_0029_E_0012221,-7.0511487346
CtrSVDD_0030_E_0012222,-4.6443670175
CtrSVDD_0031_E_0012223,-0.6083298156
CtrSVDD_0032_E_0012224,-6.3713673046
CtrSVDD_0033_E_0012225,-5.4804705902
CtrSVDD_0034_E_0012226,-5.8777613177
CtrSVDD_0035_E_0012227,-0.9240337388
CtrSVDD_0036_E_0012228,-3.7939727828
CtrSVDD_0037_E_0012229,-7.0567665700
CtrSVDD_0038_E_0012230,-5.1264241144
CtrSVDD_0039_E_0012231,-0.0348741193
CtrSVDD_0040_E_0012232,-7.8541906138
CtrSVDD_0041_E_0012233,-3.9651116695
CtrSVDD_0042_E_0012234,-6.6199655663
CtrSVDD_0043_E_0012235,-6.9145496633
CtrSVDD_0044_E_0012236,-8.2602547143
CtrSVDD_0045_E_0012237,-6.4588110480
CtrSVDD_0046_E_0012238,-5.7920724881
CtrSVDD_0047_E_0012239,-4.6647842952
CtrSVDD_0000_E_0012240,-6.3577735349
CtrSVDD_0001_E_0012241,-4.9251258807
CtrSVDD_0002_E_0012242,-5.5491030353
CtrSVDD_0003_E_0012243,-5.2891296950
CtrSVDD_0004_E_0012244,0.8414219247
CtrSVDD_0005_E_0012245,-3.9042001201
CtrSVDD_0006_E_0012246,-6.0953317452
CtrSVDD_0007_E_0012247,-6.1111031548
CtrSVDD_0008_E_0012248,-5.4476415539
CtrSVDD_0009_E_0012249,-0.7907762051
CtrSVDD_0010_E_0012250,1.0018702764
CtrSVDD_0011_E_0012251,-3.4415328332
CtrSVDD_0012_E_0012252,-3.6401416144
CtrSVDD_0013_E_0012253,-6.3359602681
CtrSVDD_0014_E_0012254,-6.5509230622
CtrSVDD_0015_E_0012255,-3.5530138817
CtrSVDD_0016_E_0012256,-1.0341626049
CtrSVDD_0017_E_0012257,-5.6977616751
CtrSVDD_0018_E_0012258,-6.5818271030
CtrSVDD_0019_E_0012259,-5.8901699823
CtrSVDD_0020_E_0012260,-6.0899321342
CtrSVDD_0021_E_0012261,-6.2934162398
CtrSVDD_0022_E_0012262,0.1396318267
CtrSVDD_0023_E_0012263,-8.3621716706
CtrSVDD_0024_E_0012264,0.9812876872
CtrSVDD_0025_E_0012265,-6.8234148845
CtrSVDD_0026_E_0012266,-5.9717919448
CtrSVDD_0027_E_0012267,-6.3707715299
CtrSVDD_0028_E_0012268,-8.5422798553
CtrSVDD_0029_E_0012269,-6.2176067062
CtrSVDD_0030_E_0012270,-7.0025120628
CtrSVDD_0031_E_0012271,-7.4256364234
CtrSVDD_0032_E_0012272,-2.5225049291
CtrSVDD_0033_E_0012273,-5.9846348927
CtrSVDD_0034_E_0012274,-8.0810314164
CtrSVDD_0035_E_0012275,-6.1538710680
CtrSVDD_0036_E_0012276,-5.9004423459
CtrSVDD_0037_E_0012277,-6.5313832793
CtrSVDD_0038_E_0012278,-5.2318967713
CtrSVDD_0039_E_0012279,-6.4869284133
CtrSVDD_0040_E_0012280,1.3281712446
CtrSVDD_0041_E_0012281,-7.3588446894
CtrSVDD_0042_E_0012282,-8.0886970139
CtrSVDD_0043_E_0012283,-3.3330066219
CtrSVDD_0044_E_0012284,-7.4900931126
CtrSVDD_0045_E_0012285,-8.0438118618
CtrSVDD_0046_E_0012286,-6.8773010999
CtrSVDD_0047_E_0012287,1.1598896185
CtrSVDD_0000_E_0012288,-6.7004391055
CtrSVDD_0001_E_0012289,-3.3086796643
CtrSVDD_0002_E_0012290,-6.7224776908
CtrSVDD_0003_E_0012291,-5.4616956165
CtrSVDD_0004_E_0012292,0.0398760261
CtrSVDD_0005_E_0012293,-5.7250739992
CtrSVDD_0006_E_0012294,-4.4142739160
CtrSVDD_0007_E_0012295,-6.8697509022
CtrSVDD_0008_E_0012296,-6.0450157097
CtrSVDD_0009_E_0012297,1.0614081289
CtrSVDD_0010_E_0012298,-4.0818909034
CtrSVDD_0011_E_0012299,-7.1623351488
CtrSVDD_0012_E_0012300,-6.1463157397
CtrSVDD_0013_E_0012301,0.7001766943
CtrSVDD_0014_E_0012302,-2.9184486465
CtrSVDD_0015_E_0012303,-7.2389658716
CtrSVDD_0016_E_0012304,-5.5169921227
CtrSVDD_0017_E_0012305,-8.8914710126
CtrSVDD_0018_E_0012306,-5.9299419115
CtrSVDD_0019_E_0012307,-5.2060122579
CtrSVDD_0020_E_0012308,-7.2528738023
CtrSVDD_0021_E_0012309,-4.9237938103
CtrSVDD_0022_E_0012310,0.6049670462
CtrSVDD_0023_E_0012311,-6.3897237089
CtrSVDD_0024_E_0012312,-3.2308317174
CtrSVDD_0025_E_0012313,-5.2418678048
CtrSVDD_0026_E_0012314,-6.5996403862
CtrSVDD_0027_E_0012315,-6.2199843139
CtrSVDD_0028_E_0012316,-4.8549961430
CtrSVDD_0029_E_0012317,-6.7312370875
CtrSVDD_0030_E_0012318,-4.3486200779
CtrSVDD_0031_E_0012319,1.6845475769
CtrSVDD_0032_E_0012320,-7.8072246257
CtrSVDD_0033_E_0012321,-2.1407728361
CtrSVDD_0034_E_0012322,-8.6192122607
CtrSVDD_0035_E_0012323,-5.9028205455
CtrSVDD_0036_E_0012324,-3.9462509116
CtrSVDD_0037_E_0012325,-5.1432534739
CtrSVDD_0038_E_0012326,-4.3578592280
CtrSVDD_0039_E_0012327,-7.0856068186
CtrSVDD_0040_E_0012328,-1.3787600432
CtrSVDD_0041_E_0012329,-5.5898938684
CtrSVDD_0042_E_0012330,-3.9299496675
CtrSVDD_0043_E_0012331,-4.2131380306
CtrSVDD_0044_E_0012332,-4.4908375382
CtrSVDD_0045_E_0012333,-6.0303007770
CtrSVDD_0046_E_0012334,-6.6122203319
CtrSVDD_0047_E_0012335,-8.4337749339
CtrSVDD_0000_E_0012336,-4.1634278058
CtrSVDD_0001_E_0012337,-8.0746680070
CtrSVDD_0002_E_0012338,-5.6236525493
CtrSVDD_0003_E_0012339,2.9899557576
CtrSVDD_0004_E_0012340,-5.8710219208
CtrSVDD_0005_E_0012341,-5.7486825902
CtrSVDD_0006_E_0012342,-4.4372181472
CtrSVDD_0007_E_0012343,-0.3474721907
CtrSVDD_0008_E_0012344,-6.6444775226
CtrSVDD_0009_E_0012345,-6.0013665604
CtrSVDD_0010_E_0012346,-7.2783230698
CtrSVDD_0011_E_0012347,-3.9108897143
CtrSVDD_0012_E_0012348,-5.6120848526
CtrSVDD_0013_E_0012349,-3.6958491994
CtrSVDD_0014_E_0012350,-6.3626389100
CtrSVDD_0015_E_0012351,-4.0801011290
CtrSVDD_0016_E_0012352,-6.1744548792
CtrSVDD_0017_E_0012353,-7.5956145064
CtrSVDD_0018_E_0012354,-7.3016951408
CtrSVDD_0019_E_0012355,-5.9600724837
CtrSVDD_0020_E_0012356,-4.8252991999
CtrSVDD_0021_E_0012357,-6.0001579072
CtrSVDD_0022_E_0012358,1.7992027972
CtrSVDD_0023_E_0012359,-4.1382998381
CtrSVDD_0024_E_0012360,-1.7580152804
CtrSVDD_0025_E_0012361,-6.2232409443
CtrSVDD_0026_E_0012362,-2.8812218603
CtrSVDD_0027_E_0012363,-5.7805180649
CtrSVDD_0028_E_0012364,-6.1537145982
CtrSVDD_0029_E_0012365,-0.0622863212
CtrSVDD_0030_E_0012366,-1.7724602098
CtrSVDD_0031_E_0012367,-3.0396007091
CtrSVDD_0032_E_0012368,0.7868637889
CtrSVDD_0033_E_0012369,-6.9870032590
CtrSVDD_0034_E_0012370,-5.6890538273
CtrSVDD_0035_E_0012371,-7.5516591065
CtrSVDD_0036_E_0012372,-6.5912122239
CtrSVDD_0037_E_0012373,-7.7810342847
CtrSVDD_0038_E_0012374,-4.7988459249
CtrSVDD_0039_E_0012375,-3.8445806429
CtrSVDD_0040_E_0012376,-6.1683857479
CtrSVDD_0041_E_0012377,-6.3148569143
CtrSVDD_0042_E_0012378,-0.0847279455
CtrSVDD_0043_E_0012379,-6.8819106591
CtrSVDD_0044_E_0012380,-4.7368778093
CtrSVDD_0045_E_0012381,-7.5572130025
CtrSVDD_0046_E_0012382,-5.1699161075
CtrSVDD_0047_E_0012383,0.3544036342
CtrSVDD_0000_E_0012384,-6.1750303644
CtrSVDD_0001_E_0012385,-4.5368335799
CtrSVDD_0002_E_0012386,-5.5387643077
CtrSVDD_0003_E_0012387,-6.3118518937
CtrSVDD_0004_E_0012388,-5.7493191819
CtrSVDD_0005_E_0012389,-6.4726469910
CtrSVDD_0006_E_0012390,-6.7782306276
CtrSVDD_0007_E_0012391,-6.8194135037
CtrSVDD_0008_E_0012392,-8.0465649266
CtrSVDD_0009_E_0012393,-4.9764527372
CtrSVDD_0010_E_0012394,-3.6537448048
CtrSVDD_0011_E_0012395,-5.4694730465
CtrSVDD_0012_E_0012396,-4.4571101405
CtrSVDD_0013_E_0012397,-3.7713017355
CtrSVDD_0014_E_0012398,-0.1339840606
CtrSVDD_0015_E_0012399,-0.2292966039
CtrSVDD_0016_E_0012400,-6.4403491367
CtrSVDD_0017_E_0012401,-4.3646115274
CtrSVDD_0018_E_0012402,-3.3307570067
CtrSVDD_0019_E_0012403,-6.5118109593
CtrSVDD_0020_E_0012404,-9.5876548293
CtrSVDD_0021_E_0012405,-4.4160054394
CtrSVDD_0022_E_0012406,-6.3130224361
CtrSVDD_0023_E_0012407,-5.8768935365
CtrSVDD_0024_E_0012408,-4.8959579644
CtrSVDD_0025_E_0012409,-0.1438705663
CtrSVDD_0026_E_0012410,-6.5390714906
CtrSVDD_0027_E_0012411,-1.5738877915
CtrSVDD_0028_E_0012412,-2.5600393549
CtrSVDD_0029_E_0012413,-5.5628173423
CtrSVDD_0030_E_0012414,-4.4861441624
CtrSVDD_0031_E_0012415,-6.4388974257
CtrSVDD_0032_E_0012416,-3.7923499170
CtrSVDD_0033_E_0012417,-7.0548824357
CtrSVDD_0034_E_0012418,-1.1489950162
CtrSVDD_0035_E_0012419,-6.0866997229
CtrSVDD_0036_E_0012420,-6.2909603727
CtrSVDD_0037_E_0012421,-5.5196655539
CtrSVDD_0038_E_0012422,-5.7514597113
CtrSVDD_0039_E_0012423,-5.3034640087
CtrSVDD_0040_E_0012424,-5.1454953616
CtrSVDD_0041_E_0012425,-7.4620075007
CtrSVDD_0042_E_0012426,-7.9673730342
CtrSVDD_0043_E_0012427,-3.3893391359
CtrSVDD_0044_E_0012428,-6.1557992023
CtrSVDD_0045_E_0012429,-5.7260351972
CtrSVDD_0046_E_0012430,-5.5226196656
CtrSVDD_0047_E_0012431,-0.4030085097
CtrSVDD_0000_E_0012432,-5.8494289879
CtrSVDD_0001_E_0012433,-1.1934303035
CtrSVDD_0002_E_0012434,-7.4944249127
CtrSVDD_0003_E_0012435,-5.1522885954
CtrSVDD_0004_E_0012436,-6.1180689796
CtrSVDD_0005_E_0012437,-6.4483596671
CtrSVDD_0006_E_0012438,0.4613726783
CtrSVDD_0007_E_0012439,-3.8249184922
CtrSVDD_0008_E_0012440,-6.4818852133
CtrSVDD_0009_E_0012441,-5.3910549017
CtrSVDD_0010_E_0012442,-6.3302677005
CtrSVDD_0011_E_0012443,-4.6743586399
CtrSVDD_0012_E_0012444,-1.9535401926
CtrSVDD_0013_E_0012445,-5.4429049708
CtrSVDD_0014_E_0012446,-5.5048920683
CtrSVDD_0015_E_0012447,-5.6730948614
CtrSVDD_0016_E_0012448,-7.2673723246
CtrSVDD_0017_E_0012449,-8.3180152316
CtrSVDD_0018_E_0012450,-2.6105816646
CtrSVDD_0019_E_0012451,-2.9485306887
CtrSVDD_0020_E_0012452,-4.8192508018
CtrSVDD_0021_E_0012453,-7.0344601580
CtrSVDD_0022_E_0012454,-2.9799660304
CtrSVDD_0023_E_0012455,-8.0662779846
CtrSVDD_0024_E_0012456,-6.8331046464
CtrSVDD_0025_E_0012457,-6.9002239503
CtrSVDD_0026_E_0012458,-5.0599225724
CtrSVDD_0027_E_0012459,1.0419539366
CtrSVDD_0028_E_0012460,-6.3814667638
CtrSVDD_0029_E_0012461,-5.0218558375
CtrSVDD_0030_E_0012462,-5.4489577635
CtrSVDD_0031_E_0012463,-3.4244992749
CtrSVDD_0032_E_0012464,-7.2975769735
CtrSVDD_0033_E_0012465,-6.4746690786
CtrSVDD_0034_E_0012466,-7.2674449089
CtrSVDD_0035_E_0012467,0.5820161919
CtrSVDD_0036_E_0012468,-4.7297662036
CtrSVDD_0037_E_0012469,-3.3132724430
CtrSVDD_0038_E_0012470,2.1195954258
CtrSVDD_0039_E_0012471,-4.5072809706
CtrSVDD_0040_E_0012472,-9.1204636631
CtrSVDD_0041_E_0012473,-4.5614991496
CtrSVDD_0042_E_0012474,-0.2336068896
CtrSVDD_0043_E_0012475,-4.7952965297
CtrSVDD_0044_E_0012476,-6.4478568717
CtrSVDD_0045_E_0012477,-3.3829278250
CtrSVDD_0046_E_0012478,-7.3277472207
CtrSVDD_0047_E_0012479,-6.1288544295
CtrSVDD_0000_E_0012480,-7.0185876473
CtrSVDD_0001_E_0012481,-5.2938414642
CtrSVDD_0002_E_0012482,-5.9478011597
CtrSVDD_0003_E_0012483,-2.7336912748
CtrSVDD_0004_E_0012484,-5.7191272448
CtrSVDD_0005_E_0012485,-5.4803262518
CtrSVDD_0006_E_0012486,-6.4108178258
CtrSVDD_0007_E_0012487,-6.6866020761
CtrSVDD_0008_E_0012488,-2.0694437537
CtrSVDD_0009_E_0012489,-5.1033553887
CtrSVDD_0010_E_0012490,-5.0433756403
CtrSVDD_0011_E_0012491,-5.5008667086
CtrSVDD_0012_E_0012492,-4.6753284347
CtrSVDD_0013_E_0012493,-6.3610456457
CtrSVDD_0014_E_0012494,-4.0200913245
CtrSVDD_0015_E_0012495,-6.3416744100
CtrSVDD_0016_E_0012496,-7.5860283276
CtrSVDD_0017_E_0012497,-6.8103829387
CtrSVDD_0018_E_0012498,-6.3350869592
CtrSVDD_0019_E_0012499,-6.2784038932
CtrSVDD_0020_E_0012500,-6.0047832158
CtrSVDD_0021_E_0012501,-3.4547478183
CtrSVDD_0022_E_0012502,-7.6933694310
CtrSVDD_0023_E_0012503,-6.2894423828
CtrSVDD_0024_E_0012504,-5.1756724437
CtrSVDD_0025_E_0012505,-5.2107746958
CtrSVDD_0026_E_0012506,0.1594353462
CtrSVDD_0027_E_0012507,-6.2702106363
CtrSVDD_0028_E_0012508,-8.1848498301
CtrSVDD_0029_E_0012509,-3.3749047655
CtrSVDD_0030_E_0012510,-2.5987456146
CtrSVDD_0031_E_0012511,-7.6635618823
CtrSVDD_0032_E_0012512,-0.1509409192
CtrSVDD_0033_E_0012513,-7.0400880861
CtrSVDD_0034_E_0012514,-2.6947698227
CtrSVDD_0035_E_0012515,-6.2086234907
CtrSVDD_0036_E_0012516,-6.1544377701
CtrSVDD_0037_E_0012517,-5.5128672772
CtrSVDD_0038_E_0012518,-6.2346410032
CtrSVDD_0039_E_0012519,-6.2515846963
CtrSVDD_0040_E_0012520,-0.9176216787
CtrSVDD_0041_E_0012521,-4.0405165537
CtrSVDD_0042_E_0012522,-4.4315060212
CtrSVDD_0043_E_0012523,-7.8054450504
CtrSVDD_0044_E_0012524,0.0121397515
CtrSVDD_0045_E_0012525,-8.0764087356
CtrSVDD_0046_E_0012526,-4.4908090200
CtrSVDD_0047_E_0012527,-6.3848618978
CtrSVDD_0000_E_0012528,-4.5394103967
CtrSVDD_0001_E_0012529,-5.2954102085
CtrSVDD_0002_E_0012530,-6.7624542854
CtrSVDD_0003_E_0012531,-7.7918059500
CtrSVDD_0004_E_0012532,-7.0559037586
CtrSVDD_0005_E_0012533,-6.7436577050
CtrSVDD_0006_E_0012534,-8.3974448347
CtrSVDD_0007_E_0012535,-6.4775063812
CtrSVDD_0008_E_0012536,-5.0324876106
CtrSVDD_0009_E_0012537,-5.7443770145
CtrSVDD_0010_E_0012538,-6.6478194986
CtrSVDD_0011_E_0012539,-5.0783322700
CtrSVDD_0012_E_0012540,-6.8159363494
CtrSVDD_0013_E_0012541,-3.3604368081
CtrSVDD_0014_E_0012542,-5.8365013967
CtrSVDD_0015_E_0012543,-6.5529085200
CtrSVDD_0016_E_0012544,-5.3685745468
CtrSVDD_0017_E_0012545,0.2523361478
CtrSVDD_0018_E_0012546,-4.5215851577
CtrSVDD_0019_E_0012547,-7.0926689181
CtrSVDD_0020_E_0012548,-5.1978616130
CtrSVDD_0021_E_0012549,-5.7813727377
CtrSVDD_0022_E_0012550,-5.8656028215
CtrSVDD_0023_E_0012551,-4.5409361099
CtrSVDD_0024_E_0012552,-4.4539811222
CtrSVDD_0025_E_0012553,-5.4974903006
CtrSVDD_0026_E_0012554,-6.4330031177
CtrSVDD_0027_E_0012555,-4.0011941221
CtrSVDD_0028_E_0012556,-6.1356065799
CtrSVDD_0029_E_0012557,-5.1280633584
CtrSVDD_0030_E_0012558,-7.6376251002
CtrSVDD_0031_E_0012559,-6.8278095943
CtrSVDD_0032_E_0012560,-5.6411159038
CtrSVDD_0033_E_0012561,-6.0793050110
CtrSVDD_0034_E_0012562,-5.9956444288
CtrSVDD_0035_E_0012563,-6.7777248299
CtrSVDD_0036_E_0012564,-8.9895662411
CtrSVDD_0037_E_0012565,-6.3121454897
CtrSVDD_0038_E_0012566,1.5643068011
CtrSVDD_0039_E_0012567,-0.2653542101
CtrSVDD_0040_E_0012568,-5.5973831042
CtrSVDD_0041_E_0012569,-4.6635422863
CtrSVDD_0042_E_0012570,-4.5431450494
CtrSVDD_0043_E_0012571,-6.2281349588
CtrSVDD_0044_E_0012572,-7.2288083162
CtrSVDD_0045_E_0012573,-6.3307318113
CtrSVDD_0046_E_0012574,-4.6327048210
CtrSVDD_0047_E_0012575,-8.2961086885
CtrSVDD_0000_E_0012576,-2.9541162771
CtrSVDD_0001_E_0012577,-5.3423976817
CtrSVDD_0002_E_0012578,-5.8917326514
CtrSVDD_0003_E_0012579,-1.1329042518
CtrSVDD_0004_E_0012580,-6.5981534772
CtrSVDD_0005_E_0012581,-7.3885313464
CtrSVDD_0006_E_0012582,-6.0496404419
CtrSVDD_0007_E_0012583,-3.6990427822
CtrSVDD_0008_E_0012584,-6.1562960401
CtrSVDD_0009_E_0012585,-6.0097541188
CtrSVDD_0010_E_0012586,-6.3844278816
CtrSVDD_0011_E_0012587,-5.2141330009
CtrSVDD_0012_E_0012588,-7.1269553154
CtrSVDD_0013_E_0012589,-4.9083890443
CtrSVDD_0014_E_0012590,-6.6627984340
CtrSVDD_0015_E_0012591,-7.0266907393
CtrSVDD_0016_E_0012592,-5.6286993561
CtrSVDD_0017_E_0012593,-4.3801796758
CtrSVDD_0018_E_0012594,-5.6575772070
CtrSVDD_0019_E_0012595,1.2774288271
CtrSVDD_0020_E_0012596,-5.1424987819
CtrSVDD_0021_E_0012597,-2.7841936619
CtrSVDD_0022_E_0012598,-8.2994352613
CtrSVDD_0023_E_0012599,0.4370201369
CtrSVDD_0024_E_0012600,-1.3933814760
CtrSVDD_0025_E_0012601,-6.9463440353
CtrSVDD_0026_E_0012602,-3.0871967757
CtrSVDD_0027_E_0012603,-5.8324868479
CtrSVDD_0028_E_0012604,-4.3685338240
CtrSVDD_0029_E_0012605,-5.7703429811
CtrSVDD_0030_E_0012606,-7.9278762263
CtrSVDD_0031_E_0012607,-5.0411422208
CtrSVDD_0032_E_0012608,-4.0468318472
CtrSVDD_0033_E_0012609,-3.2940216211
CtrSVDD_0034_E_0012610,-3.8363763589
CtrSVDD_0035_E_0012611,-5.1298040306
CtrSVDD_0036_E_0012612,0.5536781855
CtrSVDD_0037_E_0012613,-4.1470066984
CtrSVDD_0038_E_0012614,-1.3365743780
CtrSVDD_0039_E_0012615,-2.2065752165
CtrSVDD_0040_E_0012616,-7.2832947054
CtrSVDD_0041_E_0012617,-5.3620579802
CtrSVDD_0042_E_0012618,-8.1520998309
CtrSVDD_0043_E_0012619,-4.4884743296
CtrSVDD_0044_E_0012620,1.5700950206
CtrSVDD_0045_E_0012621,0.1755252287
CtrSVDD_0046_E_0012622,-5.9804969005
CtrSVDD_0047_E_0012623,-4.2758893228
CtrSVDD_0000_E_0012624,-6.2160712080
CtrSVDD_0001_E_0012625,-2.4783335107
CtrSVDD_0002_E_0012626,1.9603556855
CtrSVDD_0003_E_0012627,1.1171015851
CtrSVDD_0004_E_0012628,-3.3855305013
CtrSVDD_0005_E_0012629,-4.8755001466
CtrSVDD_0006_E_0012630,-4.8099904956
CtrSVDD_0007_E_0012631,-4.8449787507
CtrSVDD_0008_E_0012632,-7.0102980507
CtrSVDD_0009_E_0012633,-6.0279059167
CtrSVDD_0010_E_0012634,-6.0343234141
CtrSVDD_0011_E_0012635,-5.5800152005
CtrSVDD_0012_E_0012636,2.1827248162
CtrSVDD_0013_E_0012637,-5.6658233868
CtrSVDD_0014_E_0012638,-7.1873975908
CtrSVDD_0015_E_0012639,0.8157895069
CtrSVDD_0016_E_0012640,-3.0959052690
CtrSVDD_0017_E_0012641,-7.7283160383
CtrSVDD_0018_E_0012642,-4.7610272535
CtrSVDD_0019_E_0012643,-7.7637679611
CtrSVDD_0020_E_0012644,-6.7980023738
CtrSVDD_0021_E_0012645,-4.0288187718
CtrSVDD_0022_E_0012646,-4.8134404697
CtrSVDD_0023_E_0012647,-3.6719359376
CtrSVDD_0024_E_0012648,-3.3507714292
CtrSVDD_0025_E_0012649,0.3653585875
CtrSVDD_0026_E_0012650,-5.6448326806
CtrSVDD_0027_E_0012651,-7.3389343189
CtrSVDD_0028_E_0012652,-6.6715060979
CtrSVDD_0029_E_0012653,-4.9741239052
CtrSVDD_0030_E_0012654,-7.8888038302
CtrSVDD_0031_E_0012655,-1.7454005008
CtrSVDD_0032_E_0012656,-8.1443315195
CtrSVDD_0033_E_0012657,-4.3234181709
CtrSVDD_0034_E_0012658,-7.2247674826
CtrSVDD_0035_E_0012659,-4.8298694523
CtrSVDD_0036_E_0012660,-6.2412399576
CtrSVDD_0037_E_0012661,-5.9247682916
CtrSVDD_0038_E_0012662,-1.6581209972
CtrSVDD_0039_E_0012663,-0.3438424740
CtrSVDD_0040_E_0012664,-4.6587912947
CtrSVDD_0041_E_0012665,-0.3430181294
CtrSVDD_0042_E_0012666,-4.8889697766
CtrSVDD_0043_E_0012667,-6.1374646205
CtrSVDD_0044_E_0012668,0.5471678918
CtrSVDD_0045_E_0012669,0.7408576739
CtrSVDD_0046_E_0012670,-0.7455095040
CtrSVDD_0047_E_0012671,-6.5091776780
CtrSVDD_0000_E_0012672,-0.7437441897
CtrSVDD_0001_E_0012673,-0.2697034673
CtrSVDD_0002_E_0012674,-5.1331096273
CtrSVDD_0003_E_0012675,0.1634766645
CtrSVDD_0004_E_0012676,-5.8118022998
CtrSVDD_0005_E_0012677,-5.6007374396
CtrSVDD_0006_E_0012678,1.2283701829
CtrSVDD_0007_E_0012679,-7.4182067905
CtrSVDD_0008_E_0012680,0.3999761177
CtrSVDD_0009_E_0012681,-3.8991920512
CtrSVDD_0010_E_0012682,-6.8876028310
CtrSVDD_0011_E_0012683,-4.8275376682
CtrSVDD_0012_E_0012684,-6.2314604440
CtrSVDD_0013_E_0012685,-5.3821732783
CtrSVDD_0014_E_0012686,-5.4489082429
CtrSVDD_0015_E_0012687,-6.5073466353
CtrSVDD_0016_E_0012688,-0.0212841861
CtrSVDD_0017_E_0012689,-6.6846368669
CtrSVDD_0018_E_0012690,-5.9701621373
CtrSVDD_0019_E_0012691,-7.3181084182
CtrSVDD_0020_E_0012692,-1.4008052395
CtrSVDD_0021_E_0012693,-5.9383375195
CtrSVDD_0022_E_0012694,-3.6498754160
CtrSVDD_0023_E_0012695,-5.0002886772
CtrSVDD_0024_E_0012696,-6.0020183465
CtrSVDD_0025_E_0012697,1.3503700232
CtrSVDD_0026_E_0012698,-2.0551786117
CtrSVDD_0027_E_0012699,-4.2954972174
CtrSVDD_0028_E_0012700,-7.1814376630
CtrSVDD_0029_E_0012701,-5.2742749644
CtrSVDD_0030_E_0012702,-6.8212237328
CtrSVDD_0031_E_0012703,-7.0814196931
CtrSVDD_0032_E_0012704,-4.1692462732
CtrSVDD_0033_E_0012705,-0.8255838870
CtrSVDD_0034_E_0012706,-8.8470000203
CtrSVDD_0035_E_0012707,-2.9502600872
CtrSVDD_0036_E_0012708,-5.8031841762
CtrSVDD_0037_E_0012709,-0.5261667968
CtrSVDD_0038_E_0012710,-6.3597587978
CtrSVDD_0039_E_0012711,-5.5324935631
CtrSVDD_0040_E_0012712,-5.0843815005
CtrSVDD_0041_E_0012713,-5.0095651207
CtrSVDD_0042_E_0012714,-4.9786802246
CtrSVDD_0043_E_0012715,-7.0664665015
CtrSVDD_0044_E_0012716,-5.8903411536
CtrSVDD_0045_E_0012717,-6.4421704679
CtrSVDD_0046_E_0012718,1.5140138711
CtrSVDD_0047_E_0012719,-5.7441257821
CtrSVDD_0000_E_0012720,-7.7894746513
CtrSVDD_0001_E_0012721,-9.1639794799
CtrSVDD_0002_E_0012722,-6.7342231956
CtrSVDD_0003_E_0012723,-6.2438282872
CtrSVDD_0004_E_0012724,-6.1072439464
CtrSVDD_0005_E_0012725,-4.9801438583
CtrSVDD_0006_E_0012726,-5.6322273416
CtrSVDD_0007_E_0012727,-8.5249716815
CtrSVDD_0008_E_0012728,-5.8958997515
CtrSVDD_0009_E_0012729,-7.3156081237
CtrSVDD_0010_E_0012730,1.3331649506
CtrSVDD_0011_E_0012731,-5.5753566150
CtrSVDD_0012_E_0012732,-6.6264870213
CtrSVDD_0013_E_0012733,-0.5165522584
CtrSVDD_0014_E_0012734,0.5233638584
CtrSVDD_0015_E_0012735,-6.6989594885
CtrSVDD_0016_E_0012736,2.6527627355
CtrSVDD_0017_E_0012737,-6.2676970702
CtrSVDD_0018_E_0012738,0.9338985295
CtrSVDD_0019_E_0012739,-7.3192389035
CtrSVDD_0020_E_0012740,-7.2743087925
CtrSVDD_0021_E_0012741,0.0833242105
CtrSVDD_0022_E_0012742,-8.0381667595
CtrSVDD_0023_E_0012743,-3.3200476551
CtrSVDD_0024_E_0012744,-3.1696017661
CtrSVDD_0025_E_0012745,-0.5213535034
CtrSVDD_0026_E_0012746,-4.5531991904
CtrSVDD_0027_E_0012747,-2.0938614812
CtrSVDD_0028_E_0012748,-3.6385541380
CtrSVDD_0029_E_0012749,-5.0755226221
CtrSVDD_0030_E_0012750,-8.2590167637
CtrSVDD_0031_E_0012751,-7.2000030969
CtrSVDD_0032_E_0012752,-6.1434005459
CtrSVDD_0033_E_0012753,-4.8829861070
CtrSVDD_0034_E_0012754,-1.6502005310
CtrSVDD_0035_E_0012755,-4.5263925055
CtrSVDD_0036_E_0012756,-7.2815899149
CtrSVDD_0037_E_0012757,-0.5965898493
CtrSVDD_0038_E_0012758,-4.0375784706
CtrSVDD_0039_E_0012759,-7.2995516361
CtrSVDD_0040_E_0012760,-0.0875359191
CtrSVDD_0041_E_0012761,1.6787952007
CtrSVDD_0042_E_0012762,0.7038046679
CtrSVDD_0043_E_0012763,-7.1685322419
CtrSVDD_0044_E_0012764,-6.6175382224
CtrSVDD_0045_E_0012765,0.3818576368
CtrSVDD_0046_E_0012766,-6.7869445704
CtrSVDD_0047_E_0012767,-5.1511068109
CtrSVDD_0000_E_0012768,-1.3297709502
CtrSVDD_0001_E_0012769,-7.6217078973
CtrSVDD_0002_E_0012770,-7.6917062318
CtrSVDD_0003_E_0012771,-6.5140627598
CtrSVDD_0004_E_0012772,0.9435021675
CtrSVDD_0005_E_0012773,-0.4121280969
CtrSVDD_0006_E_0012774,-5.7110873774
CtrSVDD_0007_E_0012775,-0.9633349402
CtrSVDD_0008_E_0012776,-5.1241365851
CtrSVDD_0009_E_0012777,-3.7567801868
CtrSVDD_0010_E_0012778,-8.0953471229
CtrSVDD_0011_E_0012779,1.6137354486
CtrSVDD_0012_E_0012780,-7.2746758302
CtrSVDD_0013_E_0012781,0.3668543308
CtrSVDD_0014_E_0012782,-4.9895403728
CtrSVDD_0015_E_0012783,-2.0502195444
CtrSVDD_0016_E_0012784,-8.2572744046
CtrSVDD_0017_E_0012785,-5.2941463939
CtrSVDD_0018_E_0012786,-8.4536783333
CtrSVDD_0019_E_0012787,-6.1732055447
CtrSVDD_0020_E_0012788,0.8374427401
CtrSVDD_0021_E_0012789,-5.1962278338
CtrSVDD_0022_E_0012790,-7.9070721882
CtrSVDD_0023_E_0012791,-7.0306448922
CtrSVDD_0024_E_0012792,-6.1829067770
CtrSVDD_0025_E_0012793,0.1325727936
CtrSVDD_0026_E_0012794,-5.5049865348
CtrSVDD_0027_E_0012795,-5.0504484423
CtrSVDD_0028_E_0012796,-6.9408223363
CtrSVDD_0029_E_0012797,-5.8974851242
CtrSVDD_0030_E_0012798,-7.1455533547
CtrSVDD_0031_E_0012799,-6.5934105181
CtrSVDD_0032_E_0012800,-6.1149485183
CtrSVDD_0033_E_0012801,-4.7749080508
CtrSVDD_0034_E_0012802,-4.4954920867
CtrSVDD_0035_E_0012803,-0.8594959304
CtrSVDD_0036_E_0012804,-4.4226258042
CtrSVDD_0037_E_0012805,-2.6837170058
CtrSVDD_0038_E_0012806,-5.9356325247
CtrSVDD_0039_E_0012807,-6.6310313668
CtrSVDD_0040_E_0012808,-5.0198559803
CtrSVDD_0041_E_0012809,-5.3890056674
CtrSVDD_0042_E_0012810,-5.9582052708
CtrSVDD_0043_E_0012811,-8.3073951117
CtrSVDD_0044_E_0012812,-3.4483873448
CtrSVDD_0045_E_0012813,-6.0641989230
CtrSVDD_0046_E_0012814,-6.2112143958
CtrSVDD_0047_E_0012815,-6.1832964187
CtrSVDD_0000_E_0012816,-4.8371511750
CtrSVDD_0001_E_0012817,-6.2032771246
CtrSVDD_0002_E_0012818,-0.3710156822
CtrSVDD_0003_E_0012819,1.5014510818
CtrSVDD_0004_E_0012820,-6.0775184620
CtrSVDD_0005_E_0012821,-2.4703426642
CtrSVDD_0006_E_0012822,-8.3572986946
CtrSVDD_0007_E_0012823,-4.5188941764
CtrSVDD_0008_E_0012824,-5.2311824886
CtrSVDD_0009_E_0012825,-6.3222135872
CtrSVDD_0010_E_0012826,-4.7511672725
CtrSVDD_0011_E_0012827,-5.8263666294
CtrSVDD_0012_E_0012828,-2.0132834216
CtrSVDD_0013_E_0012829,-5.4542254898
CtrSVDD_0014_E_0012830,-5.2717803924
CtrSVDD_0015_E_0012831,-6.9964348723
CtrSVDD_0016_E_0012832,-4.8530220770
CtrSVDD_0017_E_0012833,-0.7055488387
CtrSVDD_0018_E_0012834,-4.4102363228
CtrSVDD_0019_E_0012835,-8.1011301794
CtrSVDD_0020_E_0012836,-6.0578128197
CtrSVDD_0021_E_0012837,0.8099502840
CtrSVDD_0022_E_0012838,-7.5941453467
CtrSVDD_0023_E_0012839,-6.5236156640
CtrSVDD_0024_E_0012840,-5.2028028133
CtrSVDD_0025_E_0012841,-4.9257076587
CtrSVDD_0026_E_0012842,-7.1968234865
CtrSVDD_0027_E_0012843,-4.3763176383
CtrSVDD_0028_E_0012844,-6.8776848913
CtrSVDD_0029_E_0012845,-7.2422549972
CtrSVDD_0030_E_0012846,-6.3141725323
CtrSVDD_0031_E_0012847,-8.2317478422
CtrSVDD_0032_E_0012848,-6.7206086646
CtrSVDD_0033_E_0012849,-6.7572922075
CtrSVDD_0034_E_0012850,-2.7529160341
CtrSVDD_0035_E_0012851,-3.6274468303
CtrSVDD_0036_E_0012852,-5.0219199634
CtrSVDD_0037_E_0012853,-4.7650483303
CtrSVDD_0038_E_0012854,-7.9748278317
CtrSVDD_0039_E_0012855,-5.9477708618
CtrSVDD_0040_E_0012856,-5.2043845435
CtrSVDD_0041_E_0012857,-6.3920593841
CtrSVDD_0042_E_0012858,-0.9812876872
CtrSVDD_0043_E_0012859,-8.1506898180
CtrSVDD_0044_E_0012860,-1.7852624904
CtrSVDD_0045_E_0012861,-7.7966759586
CtrSVDD_0046_E_0012862,-5.2922718002
CtrSVDD_0047_E_0012863,-8.0437891496
CtrSVDD_0000_E_0012864,-5.3849710248
CtrSVDD_0001_E_0012865,-2.6862930704
CtrSVDD_0002_E_0012866,-4.8506920911
CtrSVDD_0003_E_0012867,-5.6671961395
CtrSVDD_0004_E_0012868,0.3134928526
CtrSVDD_0005_E_0012869,-4.9473364439
CtrSVDD_0006_E_0012870,-6.5036198445
CtrSVDD_0007_E_0012871,-7.4016581346
CtrSVDD_0008_E_0012872,-4.0666853505
CtrSVDD_0009_E_0012873,-4.5111046961
CtrSVDD_0010_E_0012874,-4.9407135564
CtrSVDD_0011_E_0012875,-3.6798998270
CtrSVDD_0012_E_0012876,-4.3081344268
CtrSVDD_0013_E_0012877,-6.0170853676
CtrSVDD_0014_E_0012878,-1.8829302476
CtrSVDD_0015_E_0012879,-0.4629291134
CtrSVDD_0016_E_0012880,-4.9183945146
CtrSVDD_0017_E_0012881,-1.0018702764
CtrSVDD_0018_E_0012882,-5.0344556667
CtrSVDD_0019_E_0012883,-6.1320673740
CtrSVDD_0020_E_0012884,-6.2995724574
CtrSVDD_0021_E_0012885,-4.6922362861
CtrSVDD_0022_E_0012886,-4.5384445506
CtrSVDD_0023_E_0012887,-1.4083070176
CtrSVDD_0024_E_0012888,-4.6495911656
CtrSVDD_0025_E_0012889,0.4927208810
CtrSVDD_0026_E_0012890,-5.7215878798
CtrSVDD_0027_E_0012891,-6.0671559653
CtrSVDD_0028_E_0012892,-6.5451894974
CtrSVDD_0029_E_0012893,-0.7073440802
CtrSVDD_0030_E_0012894,-7.3028639539
CtrSVDD_0031_E_0012895,-0.5882543120
CtrSVDD_0032_E_0012896,-6.4202266104
CtrSVDD_0033_E_0012897,-6.7598907838
CtrSVDD_0034_E_0012898,-4.3224621700
CtrSVDD_0035_E_0012899,-6.2221131020
CtrSVDD_0036_E_0012900,-6.2818425331
CtrSVDD_0037_E_0012901,-3.2215764679
CtrSVDD_0038_E_0012902,0.2405581457
CtrSVDD_0039_E_0012903,-4.8123919097
CtrSVDD_0040_E_0012904,-5.6405747934
CtrSVDD_0041_E_0012905,-1.1737045358
CtrSVDD_0042_E_0012906,-5.5126529057
CtrSVDD_0043_E_0012907,-7.7692384828
CtrSVDD_0044_E_0012908,0.6303588592
CtrSVDD_0045_E_0012909,-5.2323731733
CtrSVDD_0046_E_0012910,-5.1820230030
CtrSVDD_0047_E_0012911,-0.9972598582
CtrSVDD_0000_E_0012912,-7.3143783698
CtrSVDD_0001_E_0012913,-6.2760355917
CtrSVDD_0002_E_0012914,-6.8514860215
CtrSVDD_0003_E_0012915,-4.1847587735
CtrSVDD_0004_E_0012916,-7.6436758212
CtrSVDD_0005_E_0012917,-5.7507781503
CtrSVDD_0006_E_0012918,-6.3931364649
CtrSVDD_0007_E_0012919,-6.4576569039
CtrSVDD_0008_E_0012920,0.8904337118
CtrSVDD_0009_E_0012921,-4.6322722301
CtrSVDD_0010_E_0012922,-1.0205289246
CtrSVDD_0011_E_0012923,-4.9616875214
CtrSVDD_0012_E_0012924,0.3833626499
CtrSVDD_0013_E_0012925,-7.1772132071
CtrSVDD_0014_E_0012926,-6.3780692979
CtrSVDD_0015_E_0012927,-3.2776758762
CtrSVDD_0016_E_0012928,-5.9513309185
CtrSVDD_0017_E_0012929,-6.9934576561
CtrSVDD_0018_E_0012930,-0.0280628062
CtrSVDD_0019_E_0012931,-9.0474493633
CtrSVDD_0020_E_0012932,-7.4064014682
CtrSVDD_0021_E_0012933,-8.3780821350
CtrSVDD_0022_E_0012934,-4.4295212051
CtrSVDD_0023_E_0012935,-6.6670756595
CtrSVDD_0024_E_0012936,-5.7156989228
CtrSVDD_0025_E_0012937,-4.5025513439
CtrSVDD_0026_E_0012938,-4.6564078299
CtrSVDD_0027_E_0012939,-7.2462295317
CtrSVDD_0028_E_0012940,-6.9609259991
CtrSVDD_0029_E_0012941,-4.2449373686
CtrSVDD_0030_E_0012942,-7.8833826269
CtrSVDD_0031_E_0012943,-6.4019568852
CtrSVDD_0032_E_0012944,-5.6233190934
CtrSVDD_0033_E_0012945,-5.1328426618
CtrSVDD_0034_E_0012946,-6.3508009981
CtrSVDD_0035_E_0012947,-6.8046321491
CtrSVDD_0036_E_0012948,-6.2958636632
CtrSVDD_0037_E_0012949,-7.3124945477
CtrSVDD_0038_E_0012950,-8.1635758072
CtrSVDD_0039_E_0012951,-1.0158311043
CtrSVDD_0040_E_0012952,-6.4812894355
CtrSVDD_0041_E_0012953,-4.6864370599
CtrSVDD_0042_E_0012954,-4.8844083948
CtrSVDD_0043_E_0012955,-7.5181953782
CtrSVDD_0044_E_0012956,-5.5544075118
CtrSVDD_0045_E_0012957,-6.5552201455
CtrSVDD_0046_E_0012958,-7.7391104860
CtrSVDD_0047_E_0012959,-2.8006024866
CtrSVDD_0000_E_0012960,0.0426759874
CtrSVDD_0001_E_0012961,-3.8560446959
CtrSVDD_0002_E_0012962,-5.4279798839
CtrSVDD_0003_E_0012963,-3.5387707182
CtrSVDD_0004_E_0012964,-6.8924978799
CtrSVDD_0005_E_0012965,-6.5759031978
CtrSVDD_0006_E_0012966,-5.2159545268
CtrSVDD_0007_E_0012967,-7.3233453244
CtrSVDD_0008_E_0012968,-3.0608774226
CtrSVDD_0009_E_0012969,-7.5030365853
CtrSVDD_0010_E_0012970,-4.1216603741
CtrSVDD_0011_E_0012971,1.3812948212
CtrSVDD_0012_E_0012972,-4.5994458368
CtrSVDD_0013_E_0012973,-5.8989585301
CtrSVDD_0014_E_0012974,-6.9455212915
CtrSVDD_0015_E_0012975,0.4060446121
CtrSVDD_0016_E_0012976,-7.4308606294
CtrSVDD_0017_E_0012977,-7.1217805399
CtrSVDD_0018_E_0012978,-6.7587730591
CtrSVDD_0019_E_0012979,-5.1979190730
CtrSVDD_0020_E_0012980,-6.7183299562
CtrSVDD_0021_E_0012981,-4.2021875895
CtrSVDD_0022_E_0012982,-0.1212919178
CtrSVDD_0023_E_0012983,-5.0563628886
CtrSVDD_0024_E_0012984,-3.3620461063
CtrSVDD_0025_E_0012985,-7.1991023286
CtrSVDD_0026_E_0012986,-6.9523114040
CtrSVDD_0027_E_0012987,-5.3281492446
CtrSVDD_0028_E_0012988,-6.5023474614
CtrSVDD_0029_E_0012989,-5.6344297973
CtrSVDD_0030_E_0012990,-4.4777917893
CtrSVDD_0031_E_0012991,-4.9147001247
CtrSVDD_0032_E_0012992,-4.3336471676
CtrSVDD_0033_E_0012993,-8.4220448424
CtrSVDD_0034_E_0012994,-6.2687235449
CtrSVDD_0035_E_0012995,-4.3060822484
CtrSVDD_0036_E_0012996,-0.0861318474
CtrSVDD_0037_E_0012997,-4.3055840313
CtrSVDD_0038_E_0012998,-4.0211720965
CtrSVDD_0039_E_0012999,-6.5579862896
CtrSVDD_0040_E_0013000,-6.7320728822
CtrSVDD_0041_E_0013001,-5.0722442024
CtrSVDD_0042_E_0013002,-7.5559810632
CtrSVDD_0043_E_0013003,-0.0636878869
CtrSVDD_0044_E_0013004,-7.6853712101
CtrSVDD_0045_E_0013005,-7.2446321264
CtrSVDD_0046_E_0013006,-0.0721000060
CtrSVDD_0047_E_0013007,-7.2810631118
CtrSVDD_0000_E_0013008,-3.5830845052
CtrSVDD_0001_E_0013009,-5.9092826167
CtrSVDD_0002_E_0013010,-7.1415246725
CtrSVDD_0003_E_0013011,-6.6535027816
CtrSVDD_0004_E_0013012,-7.6697213219
CtrSVDD_0005_E_0013013,-6.6285901298
CtrSVDD_0006_E_0013014,0.9544740278
CtrSVDD_0007_E_0013015,-5.7921544196
CtrSVDD_0008_E_0013016,-2.7759195884
CtrSVDD_0009_E_0013017,-3.0324624110
CtrSVDD_0010_E_0013018,-6.4737586420
CtrSVDD_0011_E_0013019,-5.2881660199
CtrSVDD_0012_E_0013020,-5.3007525048
CtrSVDD_0013_E_0013021,-7.4622398829
CtrSVDD_0014_E_0013022,-6.3571576941
CtrSVDD_0015_E_0013023,0.7400603223
CtrSVDD_0016_E_0013024,-5.6684201317
CtrSVDD_0017_E_0013025,-3.9327307238
CtrSVDD_0018_E_0013026,-7.2762203882
CtrSVDD_0019_E_0013027,-3.8993012617
CtrSVDD_0020_E_0013028,-6.8465630427
CtrSVDD_0021_E_0013029,-8.0327833707
CtrSVDD_0022_E_0013030,-5.8598033435
CtrSVDD_0023_E_0013031,-5.6898906253
CtrSVDD_0024_E_0013032,-5.1893579602
CtrSVDD_0025_E_0013033,-7.2922065713
CtrSVDD_0026_E_0013034,-8.0231787943
CtrSVDD_0027_E_0013035,-5.7332120421
CtrSVDD_0028_E_0013036,-7.0848423441
CtrSVDD_0029_E_0013037,-3.4960128761
CtrSVDD_0030_E_0013038,-6.5301515170
CtrSVDD_0031_E_0013039,-7.3899122446
CtrSVDD_0032_E_0013040,-3.4944278232
CtrSVDD_0033_E_0013041,-5.9000558568
CtrSVDD_0034_E_0013042,1.8432660285
CtrSVDD_0035_E_0013043,-6.5535551122
CtrSVDD_0036_E_0013044,-4.3040660634
CtrSVDD_0037_E_0013045,-6.3388858209
CtrSVDD_0038_E_0013046,-3.4341120172
CtrSVDD_0039_E_0013047,-8.6971886392
CtrSVDD_0040_E_0013048,-7.2002120220
CtrSVDD_0041_E_0013049,-4.9512450928
CtrSVDD_0042_E_0013050,-6.7020109856
CtrSVDD_0043_E_0013051,1.2165582875
CtrSVDD_0044_E_0013052,0.2784173997
CtrSVDD_0045_E_0013053,-7.0219103677
CtrSVDD_0046_E_0013054,-5.2049290873
CtrSVDD_0047_E_0013055,-6.4004353451
CtrSVDD_0000_E_0013056,-7.3842087886
CtrSVDD_0001_E_0013057,-6.1844675038
CtrSVDD_0002_E_0013058,-6.5404913020
CtrSVDD_0003_E_0013059,-8.5182733690
CtrSVDD_0004_E_0013060,-4.8252825617
CtrSVDD_0005_E_0013061,-6.6212892276
CtrSVDD_0006_E_0013062,-6.4902689792
CtrSVDD_0007_E_0013063,-4.5857278264
CtrSVDD_0008_E_0013064,-3.0819564904
CtrSVDD_0009_E_0013065,-2.9203436415
CtrSVDD_0010_E_0013066,-1.2711282247
CtrSVDD_0011_E_0013067,-6.6609248207
CtrSVDD_0012_E_0013068,-0.8562630518
CtrSVDD_0013_E_0013069,-6.8620821758
CtrSVDD_0014_E_0013070,-2.7144326055
CtrSVDD_0015_E_0013071,-7.0714665772
CtrSVDD_0016_E_0013072,-5.4287886036
CtrSVDD_0017_E_0013073,-7.2328617595
CtrSVDD_0018_E_0013074,-5.5539473697
CtrSVDD_0019_E_0013075,2.8854035733
CtrSVDD_0020_E_0013076,0.5197517581
CtrSVDD_0021_E_0013077,-3.8216506573
CtrSVDD_0022_E_0013078,-6.3794898362
CtrSVDD_0023_E_0013079,-6.2740354653
CtrSVDD_0024_E_0013080,-6.5195533778
CtrSVDD_0025_E_0013081,1.6265283966
CtrSVDD_0026_E_0013082,-6.4367198944
CtrSVDD_0027_E_0013083,-5.9863403156
CtrSVDD_0028_E_0013084,-6.0981051598
CtrSVDD_0029_E_0013085,2.2396815046
CtrSVDD_0030_E_0013086,-7.4968333543
CtrSVDD_0031_E_0013087,-6.2560804643
CtrSVDD_0032_E_0013088,-7.7478539694
CtrSVDD_0033_E_0013089,-5.8699533532
CtrSVDD_0034_E_0013090,-6.3968570389
CtrSVDD_0035_E_0013091,-3.6623879174
CtrSVDD_0036_E_0013092,-6.2987716762
CtrSVDD_0037_E_0013093,-5.5417564070
CtrSVDD_0038_E_0013094,-5.4014277139
CtrSVDD_0039_E_0013095,-6.5413641953
CtrSVDD_0040_E_0013096,-8.6871452180
CtrSVDD_0041_E_0013097,-4.3920124515
CtrSVDD_0042_E_0013098,-0.8615214857
CtrSVDD_0043_E_0013099,-6.2876294243
CtrSVDD_0044_E_0013100,-7.9102674928
CtrSVDD_0045_E_0013101,-3.9411734960
CtrSVDD_0046_E_0013102,2.2944721524
CtrSVDD_0047_E_0013103,-4.4394678280
CtrSVDD_0000_E_0013104,-8.8267749679
CtrSVDD_0001_E_0013105,-5.4429407941
CtrSVDD_0002_E_0013106,-5.9761440531
CtrSVDD_0003_E_0013107,-4.1326441427
CtrSVDD_0004_E_0013108,-0.2798717615
CtrSVDD_0005_E_0013109,-7.6303617719
CtrSVDD_0006_E_0013110,-4.2786709914
CtrSVDD_0007_E_0013111,-7.9399791423
CtrSVDD_0008_E_0013112,-5.3842715789
CtrSVDD_0009_E_0013113,-4.2170809419
CtrSVDD_0010_E_0013114,-3.5324396121
CtrSVDD_0011_E_0013115,-6.1102268184
CtrSVDD_0012_E_0013116,-6.6249912848
CtrSVDD_0013_E_0013117,-3.7583970963
CtrSVDD_0014_E_0013118,-0.6247296143
CtrSVDD_0015_E_0013119,-6.7693066429
CtrSVDD_0016_E_0013120,-7.3387416947
CtrSVDD_0017_E_0013121,-6.2130024474
CtrSVDD_0018_E_0013122,-7.4819281687
CtrSVDD_0019_E_0013123,-7.4052336134
CtrSVDD_0020_E_0013124,-7.1448212279
CtrSVDD_0021_E_0013125,-1.9827119037
CtrSVDD_0022_E_0013126,-5.3491505700
CtrSVDD_0023_E_0013127,1.2617708616
CtrSVDD_0024_E_0013128,-6.7450401320
CtrSVDD_0025_E_0013129,-7.0350770014
CtrSVDD_0026_E_0013130,-7.3409579890
CtrSVDD_0027_E_0013131,-6.4076553125
CtrSVDD_0028_E_0013132,-6.9752417510
CtrSVDD_0029_E_0013133,-6.6686808537
CtrSVDD_0030_E_0013134,-7.4897242659
CtrSVDD_0031_E_0013135,-5.9329231367
CtrSVDD_0032_E_0013136,-7.1695998491
CtrSVDD_0033_E_0013137,-8.7197712475
CtrSVDD_0034_E_0013138,-3.7968867538
CtrSVDD_0035_E_0013139,-7.0910585681
CtrSVDD_0036_E_0013140,-8.2686299475
CtrSVDD_0037_E_0013141,-0.1452840503
CtrSVDD_0038_E_0013142,-7.2533431238
CtrSVDD_0039_E_0013143,-6.6830938166
CtrSVDD_0040_E_0013144,-4.8750735096
CtrSVDD_0041_E_0013145,0.5126476193
CtrSVDD_0042_E_0013146,-1.1715663946
CtrSVDD_0043_E_0013147,-7.6792168623
CtrSVDD_0044_E_0013148,-2.5174019825
CtrSVDD_0045_E_0013149,-5.5309789570
CtrSVDD_0046_E_0013150,-1.2837805526
CtrSVDD_0047_E_0013151,-5.9571579049
CtrSVDD_0000_E_0013152,-6.3678625255
CtrSVDD_0001_E_0013153,-6.0698836614
CtrSVDD_0002_E_0013154,-3.8577438895
CtrSVDD_0003_E_0013155,-0.2264254499
CtrSVDD_0004_E_0013156,-2.7165994599
CtrSVDD_0005_E_0013157,0.7735886145
CtrSVDD_0006_E_0013158,-7.3194093010
CtrSVDD_0007_E_0013159,-1.0863057363
CtrSVDD_0008_E_0013160,-7.2376942010
CtrSVDD_0009_E_0013161,-3.2249009196
CtrSVDD_0010_E_0013162,1.7264672134
CtrSVDD_0011_E_0013163,-5.8833649728
CtrSVDD_0012_E_0013164,-6.9105905900
CtrSVDD_0013_E_0013165,-0.4475833594
CtrSVDD_0014_E_0013166,-8.0187765636
CtrSVDD_0015_E_0013167,-6.7614516996
CtrSVDD_0016_E_0013168,-6.1971722943
CtrSVDD_0017_E_0013169,-5.3126069755
CtrSVDD_0018_E_0013170,-8.1133402478
CtrSVDD_0019_E_0013171,-7.2638542706
CtrSVDD_0020_E_0013172,-5.7372213898
CtrSVDD_0021_E_0013173,-0.2049494660
CtrSVDD_0022_E_0013174,-5.0880223924
CtrSVDD_0023_E_0013175,-4.8132197477
CtrSVDD_0024_E_0013176,-6.5050270876
CtrSVDD_0025_E_0013177,-7.9183164661
CtrSVDD_0026_E_0013178,-4.7625967281
CtrSVDD_0027_E_0013179,-4.7168572763
CtrSVDD_0028_E_0013180,-5.5432263803
CtrSVDD_0029_E_0013181,-5.3528471990
CtrSVDD_0030_E_0013182,-1.0181772056
CtrSVDD_0031_E_0013183,-6.7186365096
CtrSVDD_0032_E_0013184,-6.0520001427
CtrSVDD_0033_E_0013185,-6.5044309175
CtrSVDD_0034_E_0013186,-8.3913964366
CtrSVDD_0035_E_0013187,-6.2985836684
CtrSVDD_0036_E_0013188,-8.7769265555
CtrSVDD_0037_E_0013189,-5.1163527708
CtrSVDD_0038_E_0013190,-7.3408780670
CtrSVDD_0039_E_0013191,-3.8330015374
CtrSVDD_0040_E_0013192,-0.2436812725
CtrSVDD_0041_E_0013193,-3.7487291558
CtrSVDD_0042_E_0013194,-6.9709795193
CtrSVDD_0043_E_0013195,-2.8148130079
CtrSVDD_0044_E_0013196,-7.0970325590
CtrSVDD_0045_E_0013197,-1.3163457089
CtrSVDD_0046_E_0013198,-5.6571067204
CtrSVDD_0047_E_0013199,-7.1470341138
CtrSVDD_0000_E_0013200,-3.4817421869
CtrSVDD_0001_E_0013201,-7.9596044497
CtrSVDD_0002_E_0013202,-5.9522646758
CtrSVDD_0003_E_0013203,-6.7459894891
CtrSVDD_0004_E_0013204,-6.1623481549
CtrSVDD_0005_E_0013205,0.5799594487
CtrSVDD_0006_E_0013206,-6.5266114046
CtrSVDD_0007_E_0013207,-6.5873061263
CtrSVDD_0008_E_0013208,0.5261667968
CtrSVDD_0009_E_0013209,-6.1780163509
CtrSVDD_0010_E_0013210,-2.9222366066
CtrSVDD_0011_E_0013211,1.1409127093
CtrSVDD_0012_E_0013212,-6.8194042528
CtrSVDD_0013_E_0013213,-5.4849978597
CtrSVDD_0014_E_0013214,-6.0486500793
CtrSVDD_0015_E_0013215,-5.2415290679
CtrSVDD_0016_E_0013216,-6.9436671909
CtrSVDD_0017_E_0013217,-5.6245918789
CtrSVDD_0018_E_0013218,-6.3541718408
CtrSVDD_0019_E_0013219,-5.7406769001
CtrSVDD_0020_E_0013220,-7.6805411891
CtrSVDD_0021_E_0013221,-5.1561013546
CtrSVDD_0022_E_0013222,-2.9373084855
CtrSVDD_0023_E_0013223,-0.6894924976
CtrSVDD_0024_E_0013224,-6.1480672901
CtrSVDD_0025_E_0013225,-6.7285531185
CtrSVDD_0026_E_0013226,-6.2248710677
CtrSVDD_0027_E_0013227,-6.7044189011
CtrSVDD_0028_E_0013228,-5.3063660443
CtrSVDD_0029_E_0013229,-6.4589802227
CtrSVDD_0030_E_0013230,-5.5575725707
CtrSVDD_0031_E_0013231,-6.0523863680
CtrSVDD_0032_E_0013232,-5.7984888460
CtrSVDD_0033_E_0013233,-7.2365035164
CtrSVDD_0034_E_0013234,-6.0268412953
CtrSVDD_0035_E_0013235,-6.5408171038
CtrSVDD_0036_E_0013236,-5.8917310810
CtrSVDD_0037_E_0013237,-6.0597663257
CtrSVDD_0038_E_0013238,-6.0635790969
CtrSVDD_0039_E_0013239,-5.7478600026
CtrSVDD_0040_E_0013240,-6.3789343328
CtrSVDD_0041_E_0013241,-6.1172004676
CtrSVDD_0042_E_0013242,-7.1104578568
CtrSVDD_0043_E_0013243,-4.6025476380
CtrSVDD_0044_E_0013244,-5.9628872799
CtrSVDD_0045_E_0013245,-0.0764652898
CtrSVDD_0046_E_0013246,-6.1143409147
CtrSVDD_0047_E_0013247,-5.2589236429
CtrSVDD_0000_E_0013248,-7.6366804360
CtrSVDD_0001_E_0013249,-6.2991936730
CtrSVDD_0002_E_0013250,-5.5846539842
CtrSVDD_0003_E_0013251,-8.1446688874
CtrSVDD_0004_E_0013252,-3.7793866527
CtrSVDD_0005_E_0013253,-6.0291911138
CtrSVDD_0006_E_0013254,-3.8643429329
CtrSVDD_0007_E_0013255,-4.9699789853
CtrSVDD_0008_E_0013256,-5.8326187764
CtrSVDD_0009_E_0013257,-7.6447436612
CtrSVDD_0010_E_0013258,0.0384761641
CtrSVDD_0011_E_0013259,-1.0041834899
CtrSVDD_0012_E_0013260,-6.8499685587
CtrSVDD_0013_E_0013261,-6.4662660988
CtrSVDD_0014_E_0013262,-4.5581420144
CtrSVDD_0015_E_0013263,-5.6469324498
CtrSVDD_0016_E_0013264,-3.2132508557
CtrSVDD_0017_E_0013265,-5.6123226064
CtrSVDD_0018_E_0013266,0.3032245382
CtrSVDD_0019_E_0013267,-4.5924431226
CtrSVDD_0020_E_0013268,-4.4022205167
CtrSVDD_0021_E_0013269,-6.7469534257
CtrSVDD_0022_E_0013270,-4.7861496050
CtrSVDD_0023_E_0013271,-6.5582677477
CtrSVDD_0024_E_0013272,-0.5684131487
CtrSVDD_0025_E_0013273,0.3878829198
CtrSVDD_0026_E_0013274,-0.4243412441
CtrSVDD_0027_E_0013275,-6.0997952614
CtrSVDD_0028_E_0013276,-7.7972379463
CtrSVDD_0029_E_0013277,-6.1935909690
CtrSVDD_0030_E_0013278,-6.1641229171
CtrSVDD_0031_E_0013279,-6.0395035710
CtrSVDD_0032_E_0013280,-8.8946093771
CtrSVDD_0033_E_0013281,-3.6131774662
CtrSVDD_0034_E_0013282,-5.5541408270
CtrSVDD_0035_E_0013283,1.7784204807
CtrSVDD_0036_E_0013284,-4.9295276703
CtrSVDD_0037_E_0013285,-3.5910005480
CtrSVDD_0038_E_0013286,-7.3804189505
CtrSVDD_0039_E_0013287,-2.8897728985
CtrSVDD_0040_E_0013288,-6.6148776105
CtrSVDD_0041_E_0013289,-4.1344807871
CtrSVDD_0042_E_0013290,-3.7555853176
CtrSVDD_0043_E_0013291,1.8207925786
CtrSVDD_0044_E_0013292,-8.3195178361
CtrSVDD_0045_E_0013293,-6.8443309011
CtrSVDD_0046_E_0013294,-5.7748774431
CtrSVDD_0047_E_0013295,-6.1236746387
CtrSVDD_0000_E_0013296,-5.8417328626
CtrSVDD_0001_E_0013297,-6.8807353684
CtrSVDD_0002_E_0013298,-6.9105811442
CtrSVDD_0003_E_0013299,-6.3245079866
CtrSVDD_0004_E_0013300,-1.9485585459
CtrSVDD_0005_E_0013301,-4.3307127248
CtrSVDD_0006_E_0013302,-5.9225840329
CtrSVDD_0007_E_0013303,-6.6775488776
CtrSVDD_0008_E_0013304,0.7073440802
CtrSVDD_0009_E_0013305,-6.7810600003
CtrSVDD_0010_E_0013306,-4.4336350630
CtrSVDD_0011_E_0013307,-8.3277258599
CtrSVDD_0012_E_0013308,0.2755104387
CtrSVDD_0013_E_0013309,-8.9064999801
CtrSVDD_0014_E_0013310,-6.2550867913
CtrSVDD_0015_E_0013311,-6.9792793909
CtrSVDD_0016_E_0013312,1.8829302476
CtrSVDD_0017_E_0013313,-6.6100645190
CtrSVDD_0018_E_0013314,-6.3958017824
CtrSVDD_0019_E_0013315,-6.2829930799
CtrSVDD_0020_E_0013316,-8.0219292227
CtrSVDD_0021_E_0013317,-4.9738715008
CtrSVDD_0022_E_0013318,1.7852624904
CtrSVDD_0023_E_0013319,-6.5668460793
CtrSVDD_0024_E_0013320,-5.4708128837
CtrSVDD_0025_E_0013321,-3.7171395874
CtrSVDD_0026_E_0013322,-2.5722759477
CtrSVDD_0027_E_0013323,-0.3618724467
CtrSVDD_0028_E_0013324,-7.1417820296
CtrSVDD_0029_E_0013325,-5.8853441236
CtrSVDD_0030_E_0013326,-6.4120124114
CtrSVDD_0031_E_0013327,1.4881218960
CtrSVDD_0032_E_0013328,-5.2277169188
CtrSVDD_0033_E_0013329,-5.2001382715
CtrSVDD_0034_E_0013330,-8.1290690317
CtrSVDD_0035_E_0013331,-8.5790945883
CtrSVDD_0036_E_0013332,-8.3360384199
CtrSVDD_0037_E_0013333,-4.8326578712
CtrSVDD_0038_E_0013334,1.6516574684
CtrSVDD_0039_E_0013335,1.8914150880
CtrSVDD_0040_E_0013336,-4.0218342737
CtrSVDD_0041_E_0013337,-6.7244996752
CtrSVDD_0042_E_0013338,-7.6343585850
CtrSVDD_0043_E_0013339,-8.1323141360
CtrSVDD_0044_E_0013340,-8.4743476092
CtrSVDD_0045_E_0013341,-7.3059937003
CtrSVDD_0046_E_0013342,-7.1900757719
CtrSVDD_0047_E_0013343,-5.6557628582
CtrSVDD_0000_E_0013344,-4.7761406574
CtrSVDD_0001_E_0013345,-4.6124891198
CtrSVDD_0002_E_0013346,-6.0009660129
CtrSVDD_0003_E_0013347,-3.4706336477
CtrSVDD_0004_E_0013348,-2.9522562786
CtrSVDD_0005_E_0013349,-7.1933474815
CtrSVDD_0006_E_0013350,-6.5608800571
CtrSVDD_0007_E_0013351,-6.4629237424
CtrSVDD_0008_E_0013352,-4.6931830411
CtrSVDD_0009_E_0013353,-6.8507700820
CtrSVDD_0010_E_0013354,-6.4221822076
CtrSVDD_0011_E_0013355,-6.3061050465
CtrSVDD_0012_E_0013356,-6.7364520123
CtrSVDD_0013_E_0013357,-4.9484773624
CtrSVDD_0014_E_0013358,-7.6556569420
CtrSVDD_0015_E_0013359,-5.6323869649
CtrSVDD_0016_E_0013360,-0.1198829224
CtrSVDD_0017_E_0013361,-3.3861342554
CtrSVDD_0018_E_0013362,-5.5018325672
CtrSVDD_0019_E_0013363,-7.4527236996
CtrSVDD_0020_E_0013364,-6.5302014469
CtrSVDD_0021_E_0013365,-7.3069842786
CtrSVDD_0022_E_0013366,-0.5602120314
CtrSVDD_0023_E_0013367,-7.2878448892
CtrSVDD_0024_E_0013368,-5.3880143031
CtrSVDD_0025_E_0013369,-5.6892869925
CtrSVDD_0026_E_0013370,-6.9295304453
CtrSVDD_0027_E_0013371,-4.3410925559
CtrSVDD_0028_E_0013372,-6.0610518712
CtrSVDD_0029_E_0013373,-6.7326980567
CtrSVDD_0030_E_0013374,1.1517058579
CtrSVDD_0031_E_0013375,-6.0244241220
CtrSVDD_0032_E_0013376,-5.8505082349
CtrSVDD_0033_E_0013377,-5.6225502898
CtrSVDD_0034_E_0013378,-6.3416303860
CtrSVDD_0035_E_0013379,-5.5037398854
CtrSVDD_0036_E_0013380,0.6773611918
CtrSVDD_0037_E_0013381,-7.5457016784
CtrSVDD_0038_E_0013382,-6.3234719139
CtrSVDD_0039_E_0013383,-5.4646762231
CtrSVDD_0040_E_0013384,-3.8151225477
CtrSVDD_0041_E_0013385,-6.2110717566
CtrSVDD_0042_E_0013386,-4.4918074707
CtrSVDD_0043_E_0013387,-8.3704008457
CtrSVDD_0044_E_0013388,-6.5745959935
CtrSVDD_0045_E_0013389,-4.8321962536
CtrSVDD_0046_E_0013390,-0.1566026223
CtrSVDD_0047_E_0013391,-6.3496892639
CtrSVDD_0000_E_0013392,-6.8618812715
CtrSVDD_0001_E_0013393,-6.5936954945
CtrSVDD_0002_E_0013394,0.9197548299
CtrSVDD_0003_E_0013395,-5.9720635102
CtrSVDD_0004_E_0013396,-8.1380280767
CtrSVDD_0005_E_0013397,-4.1030107902
CtrSVDD_0006_E_0013398,-7.1779126935
CtrSVDD_0007_E_0013399,-6.1792176632
CtrSVDD_0008_E_0013400,-0.5520484215
CtrSVDD_0009_E_0013401,-5.6143406412
CtrSVDD_0010_E_0013402,0.2480063880
CtrSVDD_0011_E_0013403,-4.4561279010
CtrSVDD_0012_E_0013404,-5.9644457722
CtrSVDD_0013_E_0013405,-4.6915082653
CtrSVDD_0014_E_0013406,0.6297458358
CtrSVDD_0015_E_0013407,-7.2394261418
CtrSVDD_0016_E_0013408,1.3022891135
CtrSVDD_0017_E_0013409,-7.9954235684
CtrSVDD_0018_E_0013410,0.5374456446
CtrSVDD_0019_E_0013411,-5.0817990737
CtrSVDD_0020_E_0013412,-1.8912503093
CtrSVDD_0021_E_0013413,-5.2907955652
CtrSVDD_0022_E_0013414,-5.3970568650
CtrSVDD_0023_E_0013415,-8.9204691740
CtrSVDD_0024_E_0013416,-6.7297763520
CtrSVDD_0025_E_0013417,-6.2391843122
CtrSVDD_0026_E_0013418,-7.2290703160
CtrSVDD_0027_E_0013419,1.2895037781
CtrSVDD_0028_E_0013420,-5.9234052169
CtrSVDD_0029_E_0013421,-4.2249051879
CtrSVDD_0030_E_0013422,-5.4811687705
CtrSVDD_0031_E_0013423,-0.4366180187
CtrSVDD_0032_E_0013424,-7.2343325420
CtrSVDD_0033_E_0013425,-0.9949625801
CtrSVDD_0034_E_0013426,0.9700305792
CtrSVDD_0035_E_0013427,-1.0111555966
CtrSVDD_0036_E_0013428,-7.0309200456
CtrSVDD_0037_E_0013429,-0.3489584066
CtrSVDD_0038_E_0013430,-2.9836306868
CtrSVDD_0039_E_0013431,-6.8137641796
CtrSVDD_0040_E_0013432,0.7811575769
CtrSVDD_0041_E_0013433,-7.5538181177
CtrSVDD_0042_E_0013434,-6.7342266879
CtrSVDD_0043_E_0013435,-5.6992128672
CtrSVDD_0044_E_0013436,-4.7902705898
CtrSVDD_0045_E_0013437,0.2035211983
CtrSVDD_0046_E_0013438,-6.2748643977
CtrSVDD_0047_E_0013439,-6.3758030062
CtrSVDD_0000_E_0013440,-7.3054368520
CtrSVDD_0001_E_0013441,-5.8789049427
CtrSVDD_0002_E_0013442,-4.8327366535
CtrSVDD_0003_E_0013443,-6.7751807546
CtrSVDD_0004_E_0013444,-7.4207235129
CtrSVDD_0005_E_0013445,-2.2074142015
CtrSVDD_0006_E_0013446,-4.2879015520
CtrSVDD_0007_E_0013447,-5.6375031519
CtrSVDD_0008_E_0013448,-5.4781954121
CtrSVDD_0009_E_0013449,-5.3341780933
CtrSVDD_0010_E_0013450,1.3064303511
CtrSVDD_0011_E_0013451,-5.9346734742
CtrSVDD_0012_E_0013452,0.6191529613
CtrSVDD_0013_E_0013453,1.1962863813
CtrSVDD_0014_E_0013454,-5.6090813852
CtrSVDD_0015_E_0013455,-6.7078914306
CtrSVDD_0016_E_0013456,-7.8780162906
CtrSVDD_0017_E_0013457,-6.4046777667
CtrSVDD_0018_E_0013458,0.5618492257
CtrSVDD_0019_E_0013459,-7.2264449434
CtrSVDD_0020_E_0013460,-5.0509585733
CtrSVDD_0021_E_0013461,-7.5042069708
CtrSVDD_0022_E_0013462,-5.7113036240
CtrSVDD_0023_E_0013463,-5.7644577886
CtrSVDD_0024_E_0013464,0.3599747356
CtrSVDD_0025_E_0013465,-0.0160867570
CtrSVDD_0026_E_0013466,-0.9478772177
CtrSVDD_0027_E_0013467,-5.0015012351
CtrSVDD_0028_E_0013468,-5.7616257250
CtrSVDD_0029_E_0013469,-5.8513384672
CtrSVDD_0030_E_0013470,-7.4078716952
CtrSVDD_0031_E_0013471,-6.2099366417
CtrSVDD_0032_E_0013472,-6.4775192094
CtrSVDD_0033_E_0013473,-4.5456524555
CtrSVDD_0034_E_0013474,-5.0026146322
CtrSVDD_0035_E_0013475,-9.4611103190
CtrSVDD_0036_E_0013476,-1.9628364706
CtrSVDD_0037_E_0013477,-6.9993162676
CtrSVDD_0038_E_0013478,-5.6190247502
CtrSVDD_0039_E_0013479,-5.8242079754
CtrSVDD_0040_E_0013480,-6.7157778181
CtrSVDD_0041_E_0013481,-4.6565754148
CtrSVDD_0042_E_0013482,-6.1977023447
CtrSVDD_0043_E_0013483,-0.6406295548
CtrSVDD_0044_E_0013484,-8.0152638557
CtrSVDD_0045_E_0013485,-4.9637655353
CtrSVDD_0046_E_0013486,-7.8026500153
CtrSVDD_0047_E_0013487,-4.2441187379
CtrSVDD_0000_E_0013488,-5.6376085826
CtrSVDD_0001_E_0013489,-4.8545239659
CtrSVDD_0002_E_0013490,0.7939486683
CtrSVDD_0003_E_0013491,-7.0483098886
CtrSVDD_0004_E_0013492,-3.5197747141
CtrSVDD_0005_E_0013493,0.9112471260
CtrSVDD_0006_E_0013494,-0.6320660016
CtrSVDD_0007_E_0013495,-4.0340706673
CtrSVDD_0008_E_0013496,-6.2887875477
CtrSVDD_0009_E_0013497,-5.4688416671
CtrSVDD_0010_E_0013498,-6.4085657135
CtrSVDD_0011_E_0013499,-6.4022274411
CtrSVDD_0012_E_0013500,-6.2234987769
CtrSVDD_0013_E_0013501,0.3105557215
CtrSVDD_0014_E_0013502,-7.1518540894
CtrSVDD_0015_E_0013503,-9.1162184410
CtrSVDD_0016_E_0013504,-5.4041426510
CtrSVDD_0017_E_0013505,-5.5521301311
CtrSVDD_0018_E_0013506,-5.4106915905
CtrSVDD_0019_E_0013507,-9.6788724438
CtrSVDD_0020_E_0013508,-4.9352386694
CtrSVDD_0021_E_0013509,-5.3954595488
CtrSVDD_0022_E_0013510,-5.0522120256
CtrSVDD_0023_E_0013511,-6.7428414924
CtrSVDD_0024_E_0013512,-6.2420410931
CtrSVDD_0025_E_0013513,-5.6059538481
CtrSVDD_0026_E_0013514,-7.2716146421
CtrSVDD_0027_E_0013515,0.0847279455
CtrSVDD_0028_E_0013516,-7.4611346898
CtrSVDD_0029_E_0013517,-4.2114016557
CtrSVDD_0030_E_0013518,-4.4415302975
CtrSVDD_0031_E_0013519,-3.1492375348
CtrSVDD_0032_E_0013520,-6.1560278197
CtrSVDD_0033_E_0013521,-7.3816097408
CtrSVDD_0034_E_0013522,0.2163909299
CtrSVDD_0035_E_0013523,-4.0872692816
CtrSVDD_0036_E_0013524,-6.8879878285
CtrSVDD_0037_E_0013525,-7.5375239788
CtrSVDD_0038_E_0013526,-5.6927559743
CtrSVDD_0039_E_0013527,-0.9261795494
CtrSVDD_0040_E_0013528,-6.5469609477
CtrSVDD_0041_E_0013529,-6.1208026536
CtrSVDD_0042_E_0013530,-5.0732347727
CtrSVDD_0043_E_0013531,-3.6655695868
CtrSVDD_0044_E_0013532,-6.0983069546
CtrSVDD_0045_E_0013533,-7.1881680835
CtrSVDD_0046_E_0013534,-4.0183496323
CtrSVDD_0047_E_0013535,-5.8739571105
CtrSVDD_0000_E_0013536,1.8804728729
CtrSVDD_0001_E_0013537,-2.4047612230
CtrSVDD_0002_E_0013538,0.1438705663
CtrSVDD_0003_E_0013539,-5.3589907009
CtrSVDD_0004_E_0013540,-6.5273224190
CtrSVDD_0005_E_0013541,-6.9959158359
CtrSVDD_0006_E_0013542,-0.1325727936
CtrSVDD_0007_E_0013543,-5.0836519031
CtrSVDD_0008_E_0013544,-6.1582404005
CtrSVDD_0009_E_0013545,1.9025043029
CtrSVDD_0010_E_0013546,-4.9874995606
CtrSVDD_0011_E_0013547,-4.3268409981
CtrSVDD_0012_E_0013548,-2.7465765705
CtrSVDD_0013_E_0013549,-7.0686283464
CtrSVDD_0014_E_0013550,-7.1290200040
CtrSVDD_0015_E_0013551,-0.1949601979
CtrSVDD_0016_E_0013552,-5.9209107591
CtrSVDD_0017_E_0013553,-4.6551700990
CtrSVDD_0018_E_0013554,-6.5805337032
CtrSVDD_0019_E_0013555,-4.8671138867
CtrSVDD_0020_E_0013556,-8.4864642733
CtrSVDD_0021_E_0013557,-0.7181638739
CtrSVDD_0022_E_0013558,-0.2581165434
CtrSVDD_0023_E_0013559,-5.7325886551
CtrSVDD_0024_E_0013560,-7.5975623197
CtrSVDD_0025_E_0013561,-5.7096494424
CtrSVDD_0026_E_0013562,-6.2667160329
CtrSVDD_0027_E_0013563,-5.2398171412
CtrSVDD_0028_E_0013564,1.8912292378
CtrSVDD_0029_E_0013565,-5.7064684936
CtrSVDD_0030_E_0013566,-8.1282416036
CtrSVDD_0031_E_0013567,-4.0086458012
CtrSVDD_0032_E_0013568,-6.7840033880
CtrSVDD_0033_E_0013569,-7.8925620465
CtrSVDD_0034_E_0013570,-4.6824717971
CtrSVDD_0035_E_0013571,-4.7505578980
CtrSVDD_0036_E_0013572,1.0449002015
CtrSVDD_0037_E_0013573,1.1067196000
CtrSVDD_0038_E_0013574,-7.5800399607
CtrSVDD_0039_E_0013575,1.7038531091
CtrSVDD_0040_E_0013576,-6.5219141991
CtrSVDD_0041_E_0013577,-4.4640592361
CtrSVDD_0042_E_0013578,-7.6745261046
CtrSVDD_0043_E_0013579,-8.3522010533
CtrSVDD_0044_E_0013580,-6.2597156151
CtrSVDD_0045_E_0013581,-5.2544822078
CtrSVDD_0046_E_0013582,-0.0987749424
CtrSVDD_0047_E_0013583,-1.2433804294
CtrSVDD_0000_E_0013584,-0.5766526762
CtrSVDD_0001_E_0013585,-6.0016101394
CtrSVDD_0002_E_0013586,-3.2480833347
CtrSVDD_0003_E_0013587,-5.5397588971
CtrSVDD_0004_E_0013588,-6.1912007852
CtrSVDD_0005_E_0013589,-5.7901008222
CtrSVDD_0006_E_0013590,-5.3718090968
CtrSVDD_0007_E_0013591,-1.0762666132
CtrSVDD_0008_E_0013592,-6.1300346386
CtrSVDD_0009_E_0013593,-0.3223206095
CtrSVDD_0010_E_0013594,-6.9046161703
CtrSVDD_0011_E_0013595,-2.8026408354
CtrSVDD_0012_E_0013596,-5.1981269476
CtrSVDD_0013_E_0013597,-6.4476971591
CtrSVDD_0014_E_0013598,-6.8488331110
CtrSVDD_0015_E_0013599,-6.1670768119
CtrSVDD_0016_E_0013600,-1.5836154758
CtrSVDD_0017_E_0013601,-5.6672758382
CtrSVDD_0018_E_0013602,-6.6531716049
CtrSVDD_0019_E_0013603,-5.8989902969
CtrSVDD_0020_E_0013604,0.9176216787
CtrSVDD_0021_E_0013605,-6.4942195563
CtrSVDD_0022_E_0013606,0.7327225318
CtrSVDD_0023_E_0013607,-0.0230820531
CtrSVDD_0024_E_0013608,-5.8519716985
CtrSVDD_0025_E_0013609,-4.4517154926
CtrSVDD_0026_E_0013610,-6.4294495300
CtrSVDD_0027_E_0013611,-5.9737816875
CtrSVDD_0028_E_0013612,-5.5879039108
CtrSVDD_0029_E_0013613,-6.3492825940
CtrSVDD_0030_E_0013614,-3.6620970892
CtrSVDD_0031_E_0013615,-7.6274047919
CtrSVDD_0032_E_0013616,-5.4208930161
CtrSVDD_0033_E_0013617,-5.6280204792
CtrSVDD_0034_E_0013618,-5.3141343819
CtrSVDD_0035_E_0013619,-7.0446941929
CtrSVDD_0036_E_0013620,-6.1461834247
CtrSVDD_0037_E_0013621,-3.9975450305
CtrSVDD_0038_E_0013622,-5.4827019663
CtrSVDD_0039_E_0013623,-7.9610444812
CtrSVDD_0040_E_0013624,0.3376287368
CtrSVDD_0041_E_0013625,-7.6890738741
CtrSVDD_0042_E_0013626,1.1965339706
CtrSVDD_0043_E_0013627,-6.7464888536
CtrSVDD_0044_E_0013628,-6.5522715224
CtrSVDD_0045_E_0013629,-5.0245866140
CtrSVDD_0046_E_0013630,-7.4784035589
CtrSVDD_0047_E_0013631,-5.3712991243
CtrSVDD_0000_E_0013632,-4.4188203190
CtrSVDD_0001_E_0013633,0.3909008364
CtrSVDD_0002_E_0013634,-5.8068074713
CtrSVDD_0003_E_0013635,-5.5621631295
CtrSVDD_0004_E_0013636,-7.0196700253
CtrSVDD_0005_E_0013637,0.1198829224
CtrSVDD_0006_E_0013638,-0.3208475899
CtrSVDD_0007_E_0013639,-2.3721037908
CtrSVDD_0008_E_0013640,-5.6440244367
CtrSVDD_0009_E_0013641,-4.2406118392
CtrSVDD_0010_E_0013642,-5.1926772143
CtrSVDD_0011_E_0013643,-6.2565455515
CtrSVDD_0012_E_0013644,-7.4512044462
CtrSVDD_0013_E_0013645,-7.1869831307
CtrSVDD_0014_E_0013646,-5.7803065575
CtrSVDD_0015_E_0013647,-7.4834835944
CtrSVDD_0016_E_0013648,0.4536071489
CtrSVDD_0017_E_0013649,-4.9350185711
CtrSVDD_0018_E_0013650,-4.7613688620
CtrSVDD_0019_E_0013651,-6.8379093873
CtrSVDD_0020_E_0013652,-7.0774250743
CtrSVDD_0021_E_0013653,-4.7302313632
CtrSVDD_0022_E_0013654,-5.7332559821
CtrSVDD_0023_E_0013655,-1.2966417965
CtrSVDD_0024_E_0013656,-2.4125798500
CtrSVDD_0025_E_0013657,-0.3713465049
CtrSVDD_0026_E_0013658,-0.0006993941
CtrSVDD_0027_E_0013659,-7.3558696344
CtrSVDD_0028_E_0013660,-6.3176626133
CtrSVDD_0029_E_0013661,-8.1599655829
CtrSVDD_0030_E_0013662,-0.1086192847
CtrSVDD_0031_E_0013663,-4.1482218154
